artist_mbid,artist_name,avg_collaborators_per_song,avg_diversity,listeners,playcount
c8b03190-306c-4120-bb0b-6f2ebfc06ea9,The Weeknd,0.2,0.2,0.5716687098616584,0.29991663636394067
a74b1b7f-71a5-4011-9441-d0b5e4122711,Radiohead,0.4727272727272728,0.2,0.8993005021799942,0.37133369950431555
f6beac20-5dfe-4d1f-ae02-0b0a740aafd6,"Tyler, The Creator",0.018181818181818184,0.018181818181818184,0.463000921792442,0.28237339154334345
20244d07-534f-4eff-b4d4-930878889970,Taylor Swift,0.36363636363636365,0.16363636363636364,0.6432219545245279,0.9999999999999999
381086ea-f511-4aba-bdf9-71c753dc5077,Kendrick Lamar,0.34545454545454546,0.34545454545454546,0.5492912706380566,0.27960171135446793
f4fdbb4c-e4b7-47a0-b83b-d91bbfcfa387,Ariana Grande,0.12727272727272726,0.10909090909090909,0.4749767339042931,0.2912993491519764
650e7db6-b795-4eb5-a702-5ea2fc46c848,Lady Gaga,0.14545454545454548,0.14545454545454548,0.8423131214197986,0.28036039270581214
1882fe91-cdd9-49c9-9956-8e06a3810bd4,Sabrina Carpenter,0.2363636363636364,0.18181818181818182,0.33714612469855637,0.15927185341308975
9fff2f8a-21e6-47de-a2b8-7f449929d43f,Drake,0.43636363636363634,0.41818181818181815,0.7339013426758579,0.30615788522950527
63aa26c3-d59b-4da4-84ac-716b54f1ef4d,Tame Impala,0.18181818181818182,0.18181818181818182,0.44951867182906746,0.10574005979592734
73e5e69d-3554-40d8-8516-00cb38737a1c,Rihanna,0.18181818181818182,0.16363636363636364,0.9067846896891222,0.1613908102710243
f4abc0b5-3f7a-4eff-8f78-ac078dbce533,Billie Eilish,0.16363636363636364,0.16363636363636364,0.4512117831469379,0.2234772639591592
260b6184-8828-48eb-945c-bc4cb6fc34ca,Charli xcx,0.29090909090909095,0.29090909090909095,0.4007390226639745,0.18712388179550463
b7539c32-53e7-4908-bda3-81449c367da6,Lana Del Rey,0.29090909090909095,0.21818181818181817,0.5676022922366873,0.42258942580457337
e21857d5-3256-4547-afb3-4b6ded592596,Gorillaz,0.2,0.12727272727272726,0.7464468209281722,0.13784234517412153
ada7a83c-e3e1-40f1-93f9-3e73dbc9298a,Arctic Monkeys,0.32727272727272727,0.32727272727272727,0.7740371592542548,0.2567093159526506
5df62a88-cac9-490a-b62c-c7c88f4020f4,Doja Cat,0.49090909090909096,0.49090909090909096,0.38436600073602684,0.12366528882681932
e520459c-dff4-491d-a6e4-c97be35e0044,Frank Ocean,0.3090909090909091,0.2545454545454545,0.45810962305690794,0.20947160816234198
44cf61b8-5197-448a-b82b-cef6ee89fac5,Paramore,0.2363636363636364,0.2363636363636364,0.6083844869696813,0.1572919303086122
56a55378-f155-48de-80a5-d80104221267,Chappell Roan,0.12727272727272726,0.12727272727272726,0.2665001471259265,0.08648797237414606
7a3970c9-ecd8-4eee-a267-4d8c77d97ff3,The Marías,0.18181818181818182,0.09090909090909091,,
7441014f-f8f5-494f-81db-ff166fbc078d,PinkPantheress,0.0,0.0,0.30278799375273696,0.075265606974859
7527f6c2-d762-4b88-b5e2-9244f1e34c46,Deftones,0.18181818181818182,0.18181818181818182,0.4519008295224144,0.14807491636845563
e0140a67-e4d1-4f13-8a01-364355bee46e,Justin Bieber,0.2,0.2,0.508621760860736,0.08299162813172638
40f5d9e4-2de7-4f2d-ad41-e31a9a9fea27,The Smiths,0.18181818181818182,0.03636363636363637,0.5459123106782102,0.14480249936925413
f59c5520-5f46-4d2c-b2c4-822eabf53419,Linkin Park,0.41818181818181815,0.32727272727272727,0.7562195456991965,0.1995825411892856
bd13909f-1c29-4c27-a874-d4aaf27c5b1a,Fleetwood Mac,0.10909090909090909,0.05454545454545454,0.5233901853332756,0.07759336526581835
2baf3276-ed6a-4349-8d2e-f4601e7b2167,Playboi Carti,0.34545454545454546,0.3090909090909091,0.2625290521220688,0.20722139694615013
272989c8-5535-492d-a25c-9f58803e027f,SZA,0.32727272727272727,0.29090909090909095,0.37483952606954535,0.15905506002037187
cc197bad-dc9c-440d-a5b5-d52ba2e14234,Coldplay,0.4,0.18181818181818182,1.0,0.21920421458291622
f27ec8db-af05-4f36-916e-3d57f91ecf5e,Michael Jackson,0.2363636363636364,0.2363636363636364,0.7405769900951853,0.09355920823725108
d786f59b-1836-4ddb-8393-ab753edbe984,Clairo,0.14545454545454548,0.14545454545454548,0.3095389914344681,0.09103523343626058
6925db17-f35e-42f3-a4eb-84ee6bf5d4b0,Olivia Rodrigo,0.2545454545454545,0.18181818181818182,0.32790368874713055,0.14920280188976162
fa58cf24-0e44-421d-8519-8bf461dcfaa5,Mitski,0.18181818181818182,0.18181818181818182,0.3438557024318276,0.17460106747160994
7fb57fba-a6ef-44c2-abab-2fa3bdee607e,Childish Gambino,0.2545454545454545,0.2545454545454545,0.40611056584302246,0.08760608777997658
48262e82-db9f-4a92-b650-dfef979b73ec,Future,0.34545454545454546,0.3090909090909091,0.34462906393526505,0.122529894922773
122d63fc-8671-43e4-9752-34e846d62a9c,Katy Perry,0.14545454545454548,0.12727272727272726,0.7786101485228568,0.12044971349233054
afb680f2-b6eb-4cd7-a70b-a63b25c763d5,Bruno Mars,0.2727272727272727,0.14545454545454548,0.5580971516806456,0.07630937802183163
25b7b584-d952-4662-a8b9-dd8cdfbfeb64,A$AP Rocky,0.36363636363636365,0.36363636363636365,0.3614557761479879,0.09107839944006639
8e494408-8620-4c6a-82c2-c2ca4a1e4f12,Lorde,0.2545454545454545,0.2545454545454545,0.4020781920113062,0.11932589548420264
f2492c31-54a8-4347-a1fc-f81f72873bbf,Mac DeMarco,0.12727272727272726,0.12727272727272726,0.3453926662179695,0.09164129289979694
25f3abd9-63b5-471a-bd25-feb9672dfa11,ROSALÍA,0.18181818181818182,0.14545454545454548,0.18589216129177583,0.0455188560476388
38f0c7ac-46eb-49ca-b3ab-c785ccd05a60,TV Girl,0.05454545454545454,0.018181818181818184,0.2961551280335999,0.07510804870560199
859d0860-d480-4efd-970c-c05d5f1776b8,Beyoncé,0.12727272727272726,0.10909090909090909,0.7004090588718181,0.19195327235277912
5b11f4ce-a62d-471e-81fc-a69a8278c7da,Nirvana,0.2363636363636364,0.2,0.8255364535831602,0.160145866849916
f9133869-f87c-459c-9aa7-2f176cda7e06,Tate McRae,0.21818181818181817,0.21818181818181817,0.23356209627607427,0.0645981762252021
88d17133-abbc-42db-9526-4e2c1db60336,beabadoobee,0.16363636363636364,0.16363636363636364,0.27298253927887756,0.08226054846885647
a0723a3c-4135-438e-85c5-012712144ede,Don Toliver,0.36363636363636365,0.3090909090909091,0.25609954132797347,0.06283269463707805
502cf908-9921-48bc-bf0e-265c881c0156,sombr,0.07272727272727274,0.07272727272727274,0.1654101669972886,0.01650783648534098
45a663b5-b1cb-4a91-bff6-2bef7bbfdd76,Britney Spears,0.16363636363636364,0.10909090909090909,0.7002716354263797,0.13680822792826414
abbf7d85-9a7f-4a6c-80bd-bf71f2c7d520,KATSEYE,0.03636363636363637,0.03636363636363637,,
b10bbbfc-cf9e-42e0-be17-e2c3e1d2600d,The Beatles,0.14545454545454548,0.05454545454545454,0.7133167630843631,0.30466061728648036
21a89505-10a9-4ac0-8388-833bc07b9f86,Laufey,0.21818181818181817,0.2,0.23022569105779625,0.06242470864233431
d0c7656d-8169-4f77-9dbe-b8f24e40105d,Kali Uchis,0.16363636363636364,0.16363636363636364,0.32452926795971804,0.08326551849917774
a0e8a1b1-5f8f-475a-a253-17415c17d0ff,Mac Miller,0.5818181818181819,0.5636363636363637,0.3772785368976277,0.11598340577102358
0ab49580-c84f-44d4-875f-d83760ea2cfe,Maroon 5,0.14545454545454548,0.14545454545454548,0.7227321415055231,0.07798182556890619
ca9766a0-1c30-43e6-a213-bac1334efc4a,Steve Lacy,0.07272727272727274,0.07272727272727274,0.3310826981612607,0.07749848240801263
8837b875-3689-4646-b3fd-d8b53815c7a8,Lil Uzi Vert,0.2363636363636364,0.2363636363636364,0.2880550883044931,0.11352196273324944
c07f0676-9143-4217-8a9f-4c26bd636f13,My Chemical Romance,0.29090909090909095,0.29090909090909095,0.5252785945451176,0.1435964729883715
1ee37742-1e3d-4e61-84d2-bc85f4c1459a,LE SSERAFIM,0.8363636363636363,0.6181818181818182,0.16532301488655643,0.07164390144124434
b46e298d-d3a5-4695-a03e-63e8c523b23e,Daniel Caesar,0.3090909090909091,0.29090909090909095,0.242554764264321,0.05863281600779802
34557d8f-ee4a-44ab-ae6e-49bb8ac604d0,Cigarettes After Sex,0.09090909090909091,0.03636363636363637,0.3020625205184779,0.07999721524811253
89aa5ecb-59ad-46f5-b3eb-2d424e941f19,Bad Bunny,0.4,0.4,0.23367092293517866,0.09380708373488794
a6c6897a-7415-4f8d-b5a5-3a5e05f3be67,twenty one pilots,0.10909090909090909,0.10909090909090909,0.3512445673198422,0.11063885774903873
8da127cc-c432-418f-b356-ef36210d82ac,TWICE,0.21818181818181817,0.18181818181818182,0.19664341816025296,0.13269365396000876
f181961b-20f7-459e-89de-920ef03c7ed0,The Strokes,0.09090909090909091,0.018181818181818184,0.6251015781681238,0.13172752420243547
8bfac288-ccc5-448d-9573-c33ea2aa5c30,Red Hot Chili Peppers,0.38181818181818183,0.2363636363636364,0.7958847635755015,0.15589861599877744
69ee3720-a7cb-4402-b48d-a02c366f2bcf,The Cure,0.2727272727272727,0.12727272727272726,0.5910605084168171,0.10784002019254514
b95ce3ff-3d05-4e87-9e01-c97b66af13d4,Eminem,0.34545454545454546,0.32727272727272727,0.8581457548694823,0.15827641708930673
cc0b7089-c08d-4c10-b6b0-873582c17fd6,System of a Down,0.2363636363636364,0.05454545454545454,0.6371091644870127,0.14042206886641018
084308bd-1654-436f-ba03-df6697104e19,Green Day,0.21818181818181817,0.2,0.7204414481367207,0.12263416115080635
0383dadf-2a4e-4d10-a46a-e9e041da8eb3,Queen,0.14545454545454548,0.10909090909090909,0.7918643050714244,0.11831437840932855
59db3d82-86ea-451f-881f-dffc8ec387c9,Metro Boomin,0.2,0.10909090909090909,0.2631989204940118,0.06600704118343106
15e0d608-0869-429b-898d-3d8db3ecedd5,Olivia Dean,0.21818181818181817,0.21818181818181817,0.09865607586954372,0.00910972877290281
b1e26560-60e5-4236-bbdb-9aa5a8d5ee19,Post Malone,0.16363636363636364,0.16363636363636364,0.3790974967712299,0.09089508888066315
b4691384-50c3-4afd-9988-51d3ec5db65d,Hozier,0.2,0.2,0.3593794451973797,0.07552559748547405
8be564c3-dfba-440b-af8c-4ffbceeef45e,RAYE,0.2,0.2,0.1706433788964114,0.013056156666473098
056e4f3e-d505-4dad-8ec1-d04f521cbb56,Daft Punk,0.18181818181818182,0.03636363636363637,0.6913567007660647,0.11275019310851762
7eb1ce54-a355-41f9-8d68-e018b096d427,Harry Styles,0.38181818181818183,0.2545454545454545,0.3431997920151191,0.11082436984849568
8ed919fb-eaee-45a1-ba99-b3ede9ca5f1d,Pierce the Veil,0.2727272727272727,0.2727272727272727,0.21574970276931504,0.0664281954176851
ba0d6274-db14-4ef5-b28d-657ebde1a396,The Smashing Pumpkins,0.34545454545454546,0.34545454545454546,0.49538020051567266,0.0702875306077277
b9472588-93f3-4922-a1a2-74082cdf9ce8,Panic! at the Disco,0.2363636363636364,0.2363636363636364,0.4774600016636067,0.08541363042386776
67930b3e-e00b-469f-8c74-fd69f20522ec,Sade,0.36363636363636365,0.07272727272727274,0.3544774794066258,0.0338856200574737
596ffa74-3d08-44ef-b113-765d43d12738,Justin Timberlake,0.21818181818181817,0.21818181818181817,0.6003304063614685,0.04502022103780259
8dd98bdc-80ec-4e93-8509-2f46bafc09a7,Calvin Harris,0.18181818181818182,0.18181818181818182,0.5414194378030677,0.05630844828044009
610b71d9-fa78-47d6-9073-083922e73840,Addison Rae,0.2727272727272727,0.2,0.1398800455596737,0.024523679587583756
83d91898-7763-47d7-b03b-b92132375c47,Pink Floyd,0.09090909090909091,0.05454545454545454,0.6055958463848725,0.16984026574786207
850a8b03-98a7-4fd3-afbd-5e5520b4ef5f,Conan Gray,0.18181818181818182,0.18181818181818182,0.25628065430808883,0.06517155455215189
6f1a58bf-9b1b-49cf-a44a-6cefad7ae04f,Dua Lipa,0.21818181818181817,0.21818181818181817,0.3503838267470509,0.08746524010407142
e6e879c0-3d56-4f12-b3c5-3ce459661a8e,Jeff Buckley,0.2363636363636364,0.18181818181818182,0.3554292303867182,0.041756259220233884
875203e1-8e58-4b86-8dcb-7190faf411c5,J. Cole,0.38181818181818183,0.36363636363636365,0.4162043235844392,0.07969437772582466
0d79fe8e-ba27-4859-bb8c-2f255f346853,BTS,0.3090909090909091,0.2727272727272727,0.2477481449253357,0.7422905128567463
5fee3020-513b-48c2-b1f7-4681b01db0c6,Florence + the Machine,0.12727272727272726,0.12727272727272726,0.0,0.0
d5be5333-4171-427e-8e12-732087c6b78e,Black Eyed Peas,0.4,0.3090909090909091,0.6214650201726496,0.04122809810083299
49204a7a-ed85-407a-828f-6fd46f1d8126,NewJeans,0.4545454545454546,0.2545454545454545,0.18678853436817386,0.08765780521554829
61af87f4-16ee-4431-8504-cc06187079fb,XXXTENTACION,0.09090909090909091,0.03636363636363637,0.3009714169446626,0.09294067812958004
c98d40fd-f6cf-4b26-883e-eaa515ee2851,The Cranberries,0.18181818181818182,0.03636363636363637,0.5115454418254554,0.04271006634369594
92da4329-77a4-425c-8e92-4280110cace9,Lil Peep,0.38181818181818183,0.34545454545454546,0.2295072535408098,0.09761901500740885
516cef4d-0718-4007-9939-f9b38af3f784,Fall Out Boy,0.12727272727272726,0.12727272727272726,0.5498039701644735,0.11456014836464264
494e8d09-f85b-4543-892f-a5096aed1cd4,Mariah Carey,0.10909090909090909,0.09090909090909091,0.5433897790773428,0.06939409325431078
1036b808-f58c-4a3e-b461-a2c4492ecf1b,Nicki Minaj,0.36363636363636365,0.36363636363636365,0.5191488960902859,0.08593794386423144
f7441bc7-d7de-4813-a2fc-31a4033d396d,Gracie Abrams,0.10909090909090909,0.10909090909090909,0.18945904299038863,0.07585459701524214
6fe07aa5-fec0-4eca-a456-f29bff451b04,Weezer,0.14545454545454548,0.09090909090909091,0.5877424868468967,0.08016330052311979
7e9bd05a-117f-4cce-87bc-e011527a8b18,Miley Cyrus,0.16363636363636364,0.16363636363636364,0.5271895861398185,0.0832010835422417
d87e52c5-bb8d-4da8-b941-9f4928627dc8,ABBA,0.21818181818181817,0.05454545454545454,0.4701833678140219,0.05108515100015885
65f4f0c5-ef9e-490c-aee3-909e7ae6b2ab,Metallica,0.34545454545454546,0.34545454545454546,0.5646913209547831,0.14932754671484727
e0e1db18-f7ba-4dee-95ff-7ae8cf545460,Kid Cudi,0.41818181818181815,0.2727272727272727,0.5124944693020874,0.07608325708977906
302bd7b9-d012-4360-897a-93b00c855680,David Guetta,0.2545454545454545,0.2545454545454545,0.5663752404484748,0.05157396646091648
7df4c4de-3181-4a69-bd36-9d663970cebb,Alex G,0.07272727272727274,0.07272727272727274,0.21707400632692547,0.06658054309438861
201412c6-7ced-472b-87a9-9259ec3c07d3,Brent Faiyaz,0.18181818181818182,0.16363636363636364,0.21568910481732156,0.06091836410820695
95e1ead9-4d31-4808-a7ac-32c3614c116b,The Killers,0.2545454545454545,0.2545454545454545,0.7612659706526614,0.1067488760513563
37b2cb82-ef79-4d46-a184-a549450aa231,21 Savage,0.4727272727272728,0.4727272727272728,0.2455798957329396,0.05923312430779161
5441c29d-3602-4898-b1a1-b77fa23b8e50,David Bowie,0.14545454545454548,0.09090909090909091,0.6104171283856126,0.11220445078277838
13655113-cd16-4b43-9dca-cadbbf26ee05,Nelly Furtado,0.18181818181818182,0.18181818181818182,0.5236136260963378,0.03186631058432678
68c261d5-48c8-4ea9-9466-9fc908dc79bb,Magdalena Bay,0.2,0.16363636363636364,0.145757139068555,0.027842568244709497
9e6a6a2f-f696-4cc0-87f1-e4f712e46802,Yeat,0.24242424242424243,0.24242424242424243,0.1668539642692233,0.09672840351137432
64b94289-9474-4d43-8c93-918ccc1920d1,Billy Joel,0.16363636363636364,0.14545454545454548,0.4372138831950645,0.03450120857497391
cc2c9c3c-b7bc-4b8b-84d8-4fbd8779e493,Adele,0.21818181818181817,0.21818181818181817,0.6151851885895644,0.08901054326080829
a466c2a2-6517-42fb-a160-1087c3bafd9f,Slipknot,0.6363636363636364,0.16363636363636364,0.45915930668226324,0.09923043211887203
96855c21-b832-4366-ba12-0d2330c36a86,Phoebe Bridgers,0.2545454545454545,0.2545454545454545,0.22867329408537887,0.07832085982931933
b8a7c51f-362c-4dcb-a259-bc6e0095f0a6,Ed Sheeran,0.12727272727272726,0.12727272727272726,0.4554035954103974,0.07090549804468102
f23ef341-33bd-47c1-b83c-846a78581f05,PARTYNEXTDOOR,0.41818181818181815,0.4,0.20759258294685115,0.04194082044979575
100b8734-f4f0-4536-9960-47f7c59d1b4c,Gunna,0.2727272727272727,0.18181818181818182,0.190898528048511,0.047386209532690356
d262ea27-3ffe-40f7-b922-85c42d625e67,Pitbull,0.2363636363636364,0.18181818181818182,0.4716725568102963,0.028400946962546778
9c9f1380-2516-4fc9-a3e6-f9f61941d090,Muse,0.14545454545454548,0.09090909090909091,0.7000500103322912,0.16064919369025896
5b6ebfe0-f72b-4902-bba9-74c8af0f1af0,The 1975,0.2727272727272727,0.2,0.2846563829445589,0.0813601808150697
1a425bbd-cca4-4b2c-aeb7-71cb176c828a,One Direction,0.18181818181818182,0.18181818181818182,0.3507154132933523,0.08618393157980135
8f9d6bb2-dba4-4cca-9967-cc02b9f4820c,Limp Bizkit,0.34545454545454546,0.2727272727272727,0.4458536305265701,0.04758486166542524
4e4ebde4-0c56-4dec-844b-6c73adcdd92d,Juice WRLD,0.12727272727272726,0.07272727272727274,0.2640733920634159,0.1406608750425921
197450cd-0124-4164-b723-3c22dd16494d,Frank Sinatra,0.21818181818181817,0.2,0.5307750784454105,0.04891194977717604
67f66c07-6e61-4026-ade5-7e782fad3a5d,Foo Fighters,0.32727272727272727,0.32727272727272727,0.7002854799023033,0.10217655215246596
faf4cefb-036c-4c88-b93a-5b03dd0a0e6b,Demi Lovato,0.16363636363636364,0.16363636363636364,0.3613056430197344,0.054357650000984324
d5cc67b8-1cc4-453b-96e8-44487acdebea,Beach House,0.09090909090909091,0.09090909090909091,0.37795805101099283,0.06669034355968287
39ab1aed-75e0-4140-bd47-540276886b60,Oasis,0.16363636363636364,0.12727272727272726,0.6433715202562271,0.08974643804740684
5b8ec72b-9e39-4a06-a2bf-964166b92a71,Tory Lanez,0.5454545454545454,0.5454545454545454,0.20649115275574859,0.0380610717987426
ca1dcba2-792c-4550-abf2-7b45396e81ca,bôa,0.09090909090909091,0.03636363636363637,0.2153897463953013,0.021129411955365645
79239441-bfd5-4981-a70c-55c3f15c1287,Madonna,0.10909090909090909,0.05454545454545454,0.6070185365049893,0.09942737152265219
ce4a1c08-6912-423f-bf6c-97ce69f5e89f,Faye Webster,0.03636363636363637,0.03636363636363637,0.1873804424535634,0.03517559196608141
8032cf05-d916-4b2a-9c53-6e75d4a24bd8,Trippie Redd,0.38181818181818183,0.36363636363636365,0.19833323857810875,0.05053394538891845
bf24ca37-25f4-4e34-9aec-460b94364cfc,Shakira,0.21818181818181817,0.21818181818181817,0.5258357779613873,0.04903121416039239
e4bc69e2-a064-4f93-ada1-f7f209cc1cc3,Selena Gomez,0.18181818181818182,0.18181818181818182,0.3413170567688196,0.0563972420814865
6e0c7c0e-cba5-4c2c-a652-38f71ef5785d,Lily Allen,0.2,0.2,0.40756525712879865,0.03495515037345416
80609a00-b394-4a49-975b-2db6b543fa97,The Kid LAROI,0.36363636363636365,0.2727272727272727,0.2627764370197201,0.041963435160074114
c48d4327-8122-4286-af66-05e1ee6ac4d8,Mazzy Star,0.18181818181818182,0.10909090909090909,0.2874488818259366,0.028786926280330388
800760de-bdf8-43a2-8fe0-44a2401a5515,Young Thug,0.4,0.4,0.20058410070880311,0.051586267576871084
c234fa42-e6a6-443e-937e-2f4b073538a3,Chris Brown,0.32727272727272727,0.32727272727272727,0.5208925057014843,0.04279903403471093
3377f3bb-60fc-4403-aea9-7e800612e060,Halsey,0.29090909090909095,0.29090909090909095,0.2980193661522309,0.060551291108110895
e6fdf3f9-8077-4126-b0cf-94da9a8b627e,Lil Tecca,0.13636363636363635,0.11363636363636365,0.187297942994576,0.042005021905653576
9f75277c-b283-4846-ac8c-f932255cd0ac,Doechii,0.32727272727272727,0.32727272727272727,0.2081505607182968,0.024238970821485142
94c64122-dbd4-4927-b2fa-f204b0b4b0c2,Ravyn Lenae,0.18181818181818182,0.18181818181818182,0.1628568825031811,0.010866058456376136
000fc734-b7e1-4a01-92d1-f544261b43f5,Cocteau Twins,0.2545454545454545,0.05454545454545454,0.24095357118823843,0.04391819975921456
f4a31f0a-51dd-4fa7-986d-3095c40c5ed9,Evanescence,0.2727272727272727,0.2363636363636364,0.4831231866715372,0.05976043138900233
074e3847-f67f-49f9-81f1-8c8cea147e8e,Bring Me the Horizon,0.2363636363636364,0.2,0.30424608941783865,0.0875063360030506
b83bc61f-8451-4a5d-8b8e-7e9ed295e822,Elton John,0.14545454545454548,0.10909090909090909,0.5689272766701629,0.045020385622622346
48646387-1664-4c9a-9139-9bfd091b823c,BLACKPINK,0.14545454545454548,0.09090909090909091,0.2080251660798084,0.0847219342218082
0103c1cc-4a09-4a5d-a344-56ad99a77193,Avril Lavigne,0.21818181818181817,0.21818181818181817,0.5597505452397188,0.07453955500021109
9f81247f-7f57-42f3-a8ba-75bef554e591,Big Thief,0.10909090909090909,0.07272727272727274,0.17279642186115374,0.031578885877916234
012151a8-0f9a-44c9-997f-ebd68b5389f9,Imagine Dragons,0.29090909090909095,0.2363636363636364,0.44218983749649204,0.06993255866288661
134e6410-6954-45d1-bd4a-0f2d2ad5471d,Zara Larsson,0.21818181818181817,0.21818181818181817,0.20478158693780504,0.017068567661114406
b51c672b-85e0-48fe-8648-470a2422229f,aespa,0.32727272727272727,0.2727272727272727,0.13639373417176387,0.07073000526421638
830e5c4e-6b7d-431d-86ab-00c751281dc5,5 Seconds of Summer,0.2545454545454545,0.2545454545454545,0.2395402998509222,0.05389489564499939
9e0e2b01-41db-4008-bd8b-988977d6019a,The Police,0.12727272727272726,0.05454545454545454,0.4888161032589102,0.029808066623800117
8e68819d-71be-4e7d-b41d-f1df81b01d3f,50 Cent,0.29090909090909095,0.29090909090909095,0.5336764039858927,0.03201448286628306
a16371b9-7d36-497a-a9d4-42b0a0440c5e,Slowdive,0.10909090909090909,0.05454545454545454,0.2318310828683802,0.03927258327406891
c485632c-b784-4ee9-8ea1-c5fb365681fc,MGMT,0.21818181818181817,0.10909090909090909,0.575587263944593,0.06137497154103834
749ef494-8518-4b49-b685-63d8e728d25c,Madison Beer,0.29090909090909095,0.21818181818181817,0.16837560834840054,0.025338577413954292
4bd95eea-b9f6-4d70-a36c-cfea77431553,Alice in Chains,0.18181818181818182,0.07272727272727274,0.37327702943846236,0.05895004946766867
81d12ca7-5b89-4d21-8736-860b7400b4eb,Baby Keem,0.32727272727272727,0.2727272727272727,0.21343381699350408,0.05265560219394042
25ab7547-a4d2-480b-b028-c7f3497bc858,Men I Trust,0.21818181818181817,0.07272727272727274,0.23013990069879423,0.03357703893207647
ac865b2e-bba8-4f5a-8756-dd40d5e39f46,Korn,0.2545454545454545,0.2545454545454545,0.36966112467756274,0.06811293448477955
fabb37f8-eb2a-4cc1-a72a-b56935bbb72d,Three Days Grace,0.2545454545454545,0.16363636363636364,0.42013365820190446,0.050183498072691256
73fdb566-a9b1-494c-9f32-51768ec9fd27,OutKast,0.3090909090909091,0.12727272727272726,0.5414290835444899,0.04068273117969147
ee0b11de-0c8a-4267-9886-198f4579e1db,Lizzy McAlpine,0.2727272727272727,0.2727272727272727,0.14379496830466107,0.02711929967270247
3414d446-735a-443c-931f-10634f57e5b9,Usher,0.18181818181818182,0.18181818181818182,0.5455076434557219,0.028046545539642732
b41b38d4-ef3e-4f37-8c75-cfe9af999696,Cage the Elephant,0.2,0.2,0.3677418490931698,0.04020969318033055
4ae429fe-735c-4968-8253-a591421b1bd0,girl in red,0.21818181818181817,0.21818181818181817,0.2638067156829202,0.03123133508004527
7e5a2a59-6d9f-4a17-b7c2-e1eedb7bd222,Grimes,0.018181818181818184,0.018181818181818184,0.2851764586261809,0.05430763773393393
e337c918-098f-418e-97a2-81dc224b1bf9,Dominic Fike,0.2363636363636364,0.2363636363636364,0.2434093769543265,0.03767295898480603
5ec1ecc6-4535-4911-a27a-e26343f4a189,Kodak Black,0.34545454545454546,0.32727272727272727,0.19029867641136203,0.027921872247888647
285e1285-aecc-478f-a8da-0c8cf69e1217,Miguel,0.21818181818181817,0.21818181818181817,0.2874274342361861,0.020689559606128904
e5712ceb-c37a-4c49-a11c-ccf4e21852d4,Troye Sivan,0.14545454545454548,0.14545454545454548,0.26149945433473376,0.04635142464240508
a2a3f910-b188-43e7-81d0-f1ac2a2f3e12,Noah Kahan,0.07272727272727274,0.07272727272727274,0.1631644114355825,0.04377982725289561
87c5dedd-371d-4a53-9f7f-80522fb7f3cb,Björk,0.018181818181818184,0.018181818181818184,0.3748152414970236,0.07083905288481389
9118f524-be76-4eaf-875c-ccf15e2a2ad6,Chief Keef,0.43636363636363634,0.34545454545454546,0.18321926960403323,0.03706011839406683
a668565b-41b8-44a8-9d5c-8e609dbf69fc,Lil Yachty,0.3090909090909091,0.3090909090909091,0.19365391919524103,0.035842569331085615
b071f9fa-14b0-4217-8e97-eb41da73f598,The Rolling Stones,0.18181818181818182,0.03636363636363637,0.6422498907477934,0.07690674444086848
b6b2bb8d-54a9-491f-9607-7b546023b433,Pixies,0.10909090909090909,0.05454545454545454,0.4670039044826484,0.06037925199178811
e2c00c56-8365-4160-9f40-a64682917633,Goo Goo Dolls,0.21818181818181817,0.21818181818181817,0.20721980341071145,0.01007653053669249
01d3c51b-9b98-418a-8d8e-37f6fab59d8c,Sufjan Stevens,0.18181818181818182,0.18181818181818182,0.4215032400045437,0.0827451498603421
6b128dd7-e998-4edb-a4f5-400fef190445,ILLIT,1.0,1.0,0.10645800544904954,0.01856764749108618
7c7f9c94-dee8-4903-892b-6cf44652e2de,Tears for Fears,0.2727272727272727,0.2727272727272727,0.4219639660065916,0.02433595722449607
ee27b2d8-648c-4a9d-a68c-e55066959975,Megan Thee Stallion,0.49090909090909096,0.49090909090909096,0.24489402677816688,0.04977394038015458
3e55d51d-687f-4a9d-af96-2fabccf802e5,The Cardigans,0.2545454545454545,0.2,0.390998072099988,0.02450985010093541
3b997560-44d4-4b50-befe-b3450f928404,Lucky Twice,0.29090909090909095,0.07272727272727274,,
ef326b3d-61f0-4379-aca0-21237d696d63,$uicideboy$,0.16363636363636364,0.05454545454545454,0.16815636631983982,0.12466564234018208
d42a5768-ada1-4fb6-85fd-f61aba6264e0,Lil Baby,0.12727272727272726,0.10909090909090909,0.1702820607706675,0.04454583030243191
188711ed-c99b-439c-844a-ca831f63a727,MF DOOM,0.18181818181818182,0.10909090909090909,0.24771761899071726,0.044633001808938665
b7d92248-97e3-4450-8057-6fe06738f735,Shawn Mendes,0.16363636363636364,0.16363636363636364,0.2884148177198852,0.038463736702290606
d8fd8d9b-473b-4f06-83c8-869b1bb9de89,Bryson Tiller,0.34545454545454546,0.34545454545454546,0.17960676922245902,0.02764737442869087
d8e07579-ff5a-41f2-b7a7-c71880b8287a,d4vd,0.2363636363636364,0.2,0.24565059334359865,0.030801655584756383
678d88b2-87b0-403b-b63d-5da7465aecc3,Led Zeppelin,0.2545454545454545,0.10909090909090909,0.5431669057108349,0.09616263127122747
763cb144-afdb-471e-bd86-d4f5b9b58641,Adrianne Lenker,0.07272727272727274,0.07272727272727274,0.13711920740602293,0.02881463352408659
5182c1d9-c7d2-4dad-afa0-ccfeada921a8,Black Sabbath,0.36363636363636365,0.07272727272727274,0.48191928466273776,0.0583356674208702
27638856-79a1-4495-b7da-1912899560c7,bbno$,0.10909090909090909,0.10909090909090909,0.1523265698529274,0.016992626015304307
dfe9a7c4-8cf2-47f4-9dcb-d233c2b86ec3,Amy Winehouse,0.21818181818181817,0.21818181818181817,0.5049193848649692,0.05670803637837347
677e31f1-4035-463c-8ca4-41175440c919,Ethel Cain,0.16363636363636364,0.14545454545454548,0.12945685737886167,0.0366133238222383
4b585938-f271-45e2-b19a-91c634b5e396,Kate Bush,0.09090909090909091,0.05454545454545454,0.361953950322616,0.03876521218341989
328d146c-79f1-4eb6-9e40-8ee5710c14e5,Imogen Heap,0.10909090909090909,0.10909090909090909,0.3240865851680952,0.024467657357539023
23c8056b-ee13-4cfc-a772-2f5292e35bb5,Jung Kook,0.4545454545454546,0.4318181818181818,0.15036417213041176,0.2137212228120668
2e41ae9c-afd2-4f20-8f1e-17281ce9b472,Gwen Stefani,0.10909090909090909,0.05454545454545454,0.4798919767744164,0.024226491744559348
95663592-1447-4579-90f7-c94733476667,ENHYPEN,0.29090909090909095,0.2727272727272727,0.11412421377277969,0.081886836535863
8f64d6ea-3f6c-408c-b2e0-e5334b28dae9,Panchiko,0.018181818181818184,0.018181818181818184,0.11263695392478977,0.01946741874299075
b1570544-93ab-4b2b-8398-131735394202,Crystal Castles,0.21818181818181817,0.14545454545454548,0.34228242526621394,0.06594198656174077
83b9cbe7-9857-49e2-ab8e-b57b01038103,Pearl Jam,0.36363636363636365,0.16363636363636364,0.4766704126187178,0.07081625817806303
525f1f1c-03f0-4bc8-8dfd-e7521f87631b,Charlie Puth,0.18181818181818182,0.18181818181818182,0.2552752276139647,0.036786898288116446
ac7e838c-3d95-47c2-92a9-81767ad7c217,Empire of the Sun,0.34545454545454546,0.10909090909090909,0.32123258050023723,0.020819585684741897
a94a7155-c79d-4409-9fcf-220cb0e4dc3a,Talking Heads,0.2545454545454545,0.07272727272727274,0.35323181701143386,0.03929024502810174
4f0cb3b7-6c06-4317-ae35-ddf3106a17ee,Red Velvet,0.36363636363636365,0.32727272727272727,0.14565977381984635,0.06706972930716956
47c8f88b-987a-4b64-9175-2b1b57809727,Billy Idol,0.2,0.2,0.3229331814526237,0.015108465686767788
72c536dc-7137-4477-a521-567eeb840fa8,Bob Dylan,0.09090909090909091,0.09090909090909091,0.4710331008936609,0.08223720155968031
bca46a0c-25c9-42ca-98c2-e64c8a5e337e,Fred again..,0.2363636363636364,0.2,0.1268996011088744,0.016441387254471244
91a81925-92f9-4fc9-b897-93cf01226282,The Chainsmokers,0.2727272727272727,0.21818181818181817,0.29558239795174385,0.023858219252623165
382f1005-e9ab-4684-afd4-0bdae4ee37f2,2Pac,0.2,0.2,0.4514696081411873,0.03986064745214442
8ab64ebd-200e-47af-a3fc-92540e186214,Gigi Perez,0.045454545454545456,0.045454545454545456,0.13696725860879583,0.011749859165045977
33ca19f4-18c8-4411-98df-ac23890ce9f5,Ellie Goulding,0.18181818181818182,0.18181818181818182,0.42297234316279775,0.042306633765370256
d5d97b2b-b83b-4976-814a-056d9076c8c3,The Notorious B.I.G.,0.4727272727272728,0.4727272727272728,0.3329197012452879,0.025579082942939525
142b343d-bf5a-428c-a64f-6d1a7566bbe9,Stray Kids,0.03636363636363637,0.03636363636363637,0.13919780794284817,0.1278533926626249
f22942a1-6f70-4f48-866e-238cb2308fbd,Aphex Twin,0.09090909090909091,0.018181818181818184,0.3280885465445039,0.06088746868783618
2f3c4d70-0462-40da-bba3-0aec5772c556,Cardi B,0.8,0.7454545454545454,0.2554016435662508,0.020776091092868366
8538e728-ca0b-4321-b7e5-cff6565dd4c0,Depeche Mode,0.10909090909090909,0.05454545454545454,0.4853554381952523,0.08279934159314231
3260ce89-5eb0-4c6a-89c7-379c0dfc2ab9,Kehlani,0.36363636363636365,0.36363636363636365,0.17307705619688385,0.01791116662473723
2f548675-008d-4332-876c-108b0c7ab9c5,Sia,0.2,0.2,0.47320815884470796,0.04558823058466893
51c76d97-0635-433c-b26d-66beb81657f8,Lord Huron,0.09090909090909091,0.05454545454545454,,
23a03e33-a603-404e-bcbf-2c00159d7067,The Offspring,0.21818181818181817,0.18181818181818182,0.5019444112517459,0.06006512703319526
9d027d72-790e-40ec-bbb7-61aa613457de,TOMORROW X TOGETHER,0.2363636363636364,0.21818181818181817,0.12840785462937146,0.1169926113887735
66c662b6-6e2f-4930-8610-912e24c63ed1,AC/DC,0.2363636363636364,0.05454545454545454,0.49702383485401286,0.05967028921373468
03ad1736-b7c9-412a-b442-82536d63a5c4,Elliott Smith,0.10909090909090909,0.07272727272727274,0.3221725296320013,0.07839051235767047
9fae44ec-b95c-4b0f-a0a6-f0008613eabf,Wallows,0.2,0.09090909090909091,,
b7ffd2af-418f-4be2-bdd1-22f8b48613da,Nine Inch Nails,0.09090909090909091,0.018181818181818184,0.3930012088950985,0.08877164286999457
4593d49a-7f67-46ba-9ec0-126bd676286f,Flo Rida,0.32727272727272727,0.29090909090909095,0.44999097272082195,0.02065899335539765
20395131-fbde-43ce-b141-b700cfdae99c,Glass Animals,0.32727272727272727,0.3090909090909091,,
c33c2065-b1c3-4406-b066-d33a9e2ea71a,OneRepublic,0.16363636363636364,0.16363636363636364,0.47166858503441655,0.03775067878639852
1a1cd7f3-e5df-4eca-bae2-2757c9e656b5,Duran Duran,0.29090909090909095,0.29090909090909095,0.33961577494056805,0.02044036568521857
127d8614-0876-4408-886c-6f110b047a78,YoungBoy Never Broke Again,0.3090909090909091,0.3090909090909091,0.11689152024714886,0.04425192194279487
e4378b7a-6138-441a-aa34-50e11a562066,Reneé Rapp,0.43636363636363634,0.36363636363636365,0.1040766421108786,0.021024373690766106
5a85c140-dcf9-4dd2-b2c8-aff0471549f3,Sam Smith,0.12727272727272726,0.12727272727272726,0.33361249243802243,0.031367684879639396
69681b02-05b8-4685-80cb-e98983b7a96f,Mother Mother,0.29090909090909095,0.29090909090909095,0.2053124431539577,0.028121659317993722
8389ff77-a7a4-4ba4-bf1b-17ded47d41a1,Suki Waterhouse,0.2,0.2,0.18197723854678846,0.014346980577769676
ba853904-ae25-4ebb-89d6-c44cfbd71bd2,Blur,0.36363636363636365,0.07272727272727274,0.5231348568838649,0.05416405230877429
01b8b5bf-06cb-45da-85fb-61ada72fcd69,Camila Cabello,0.2545454545454545,0.2545454545454545,0.25517593321697163,0.03533518573664287
a9ee533f-8871-4f62-a6bb-91eb264abc90,Fiona Apple,0.10909090909090909,0.10909090909090909,0.29772091556469743,0.048728290856263845
9757ae7d-44b1-4d63-81ce-b463fe27b9ae,Joey Bada$$,0.3090909090909091,0.29090909090909095,0.18916740116150613,0.03152736588597105
f46bd570-5768-462e-b84c-c7c993bbf47e,Eagles,0.2727272727272727,0.10909090909090909,0.4106951300013311,0.021405527998100464
46f70f03-d259-4314-b926-2db36c28d86f,Leon Thomas,0.12727272727272726,0.12727272727272726,0.08461176287953297,0.004755273011419087
56756959-1e78-429c-b897-e1d056cb0225,Tove Lo,0.49090909090909096,0.38181818181818183,0.25991097094146637,0.034214425923831955
5f95440d-7737-4a36-9bcf-c05337f7129b,Denzel Curry,0.2,0.2,0.17357863475083743,0.0424305129208297
d616b606-cf6a-4b6e-ab0f-e253b8db6610,JID,0.6,0.509090909090909,0.14808210318923387,0.02822167367458797
987d3d86-0d7a-4292-ae96-a8d59e456436,Destroy Lonely,0.07272727272727274,0.03636363636363637,,
de5d7601-f6fa-4efa-ae3f-7005a2b89a1b,Ayesha Erotica,0.12727272727272726,0.12727272727272726,0.11896932642879814,0.014749089207889764
d339efbb-77b9-4147-ba9e-59f2f24550b2,Kelly Clarkson,0.29090909090909095,0.2,0.48702335710611416,0.03689648328105833
d570bb31-b9ca-45a4-a2d9-11b186d9c159,Wham!,0.09090909090909091,0.018181818181818184,0.344309960113157,0.011323309979977433
b4b5b5a7-feff-47d0-9458-83d0d135a692,Hayley Williams,0.2363636363636364,0.21818181818181817,0.07720859959835133,0.011373729347288709
4c76d2ab-cc32-47b9-8bfe-d382bed617f6,ROLE MODEL,0.2363636363636364,0.2,0.10455745395094675,0.012594290079842809
58daf317-be5f-439f-a04d-0d6727f1a3b2,¥$,0.9272727272727272,0.5636363636363637,,
cd689e77-dfdd-4f81-b50c-5e5a3f5e38a4,Bladee,0.09090909090909091,0.07272727272727274,0.10154423780996731,0.10871878652491727
33243fef-ce1a-4ba7-a81e-ec72e4c5029a,Snow Strippers,0.5454545454545454,0.5454545454545454,0.07744565787871535,0.012273744277778014
fd87acc7-e0a0-4a45-bc2a-d2ab5c10be68,Fontaines D.C.,0.21818181818181817,0.21818181818181817,,
10adbe5e-a2c0-4bf3-8249-2b4cbf6e6ca8,Massive Attack,0.5818181818181819,0.32727272727272727,0.4189451893793805,0.0524266705253723
e56aee57-d90e-40cf-a70d-beb70f6f3c69,KAYTRANADA,0.21818181818181817,0.21818181818181817,0.16537385361781687,0.020263621943809398
b27d089c-6b08-4067-9293-406cebde0374,Matt Maltese,0.10909090909090909,0.10909090909090909,0.18452394124086674,0.01813339655065339
2bf761c6-4bcf-4cfc-a388-8fcb2eea8cc8,Tyla,0.03636363636363637,0.03636363636363637,0.14401455077115433,0.012001202575333813
c42e60f4-4520-4954-b6e4-82bbdf532c11,JPEGMAFIA,0.38181818181818183,0.38181818181818183,0.13171214520267913,0.0634371425651531
6ffb8ea9-2370-44d8-b678-e9237bbd347b,Kings of Leon,0.2,0.09090909090909091,0.5659375507465293,0.0756607219132829
197b70c7-8910-4030-ad03-632d82aa40e3,Rauw Alejandro,0.34545454545454546,0.34545454545454546,0.10455336869575618,0.022856380695665854
0b619a94-481c-40ac-abae-85f33f2b1588,Eyedress,0.0,0.0,0.2350327881446802,0.020258347087571862
680a0350-cee3-49d4-a85d-7c9f4657fb97,Current Joys,0.12727272727272726,0.12727272727272726,0.1839874110591716,0.01765267104443735
883cbf1f-dcaa-4d17-b9ed-394e1fdabc87,Rex Orange County,0.10909090909090909,0.10909090909090909,0.22031077671027788,0.034487872551998935
301b45a4-b8b9-410e-8344-4b4eaf96691a,Marshmello,0.29090909090909095,0.21818181818181817,0.2741823560324864,0.01865509204555364
24e1b53c-3085-4581-8472-0b0088d2508c,Avenged Sevenfold,0.2,0.18181818181818182,0.31279425894548896,0.062072072871418936
044fd265-79dd-43eb-afc4-8b20becf7e17,Thundercat,0.09090909090909091,0.07272727272727274,0.21667013345961308,0.020809649239731266
9df32318-47d5-4df7-bc68-3ed9e15eb0f6,The Sundays,0.14545454545454548,0.07272727272727274,,
1ee18fb3-18a6-4c7f-8ba0-bc41cdd0462e,Stevie Wonder,0.2545454545454545,0.2545454545454545,0.430931214629208,0.03058214828722788
153c9281-268f-4cf3-8938-f5a4593e5df4,Soundgarden,0.2363636363636364,0.14545454545454548,0.35886027735024445,0.028362669651302456
437a0e49-c6ae-42f6-a6c1-84f25ed366bc,Bon Iver,0.10909090909090909,0.10909090909090909,0.3918148961794807,0.06719215511469763
daa09819-5da5-4c7a-8bef-eb372bb27ff1,Timbaland,0.16363636363636364,0.10909090909090909,0.38288952142256755,0.017606591947478968
3f6ee55e-d523-4dd8-a027-7a6af9909ae1,The Living Tombstone,0.12727272727272726,0.12727272727272726,0.1325664174547521,0.012907594731409965
c7740223-c657-4b0a-a0a4-b8349169e760,Dave,0.21818181818181817,0.21818181818181817,0.1298852417773175,0.01960671071432751
afdb7919-059d-43c1-b668-ba1d265e7e42,Marvin Gaye,0.16363636363636364,0.16363636363636364,0.40412229483763323,0.024074692490064435
1e4e9db7-5068-4a9c-bdd0-5777e47172c8,FKA twigs,0.14545454545454548,0.14545454545454548,0.17539021846923444,0.0374629074631944
9167f739-da47-4495-9d63-9c13b40114ac,Summer Walker,0.2363636363636364,0.21818181818181817,0.18253215237684117,0.028579352836163984
aa7a2827-f74b-473c-bd79-03d065835cf7,Franz Ferdinand,0.14545454545454548,0.10909090909090909,0.535546429549377,0.05099969222260683
0211be88-dc0f-4002-a1de-4001bb359d51,Artemas,0.13636363636363635,0.13636363636363635,0.1666773904615419,0.0126426128808105
614e3804-7d34-41ba-857f-811bad7c2b7a,Dire Straits,0.12727272727272726,0.05454545454545454,0.38270784104589795,0.03155865793831029
bc710bcf-8815-42cf-bad2-3f1d12246aeb,Nickelback,0.2545454545454545,0.2,0.478258328615431,0.04234272204035459
757ed661-fbad-4e45-b1cd-a6b09f06f54a,Yung Lean,0.14545454545454548,0.07272727272727274,0.13822948898337176,0.04348627917698947
7dc8f5bd-9d0b-4087-9f73-dc164950bbd8,Queens of the Stone Age,0.10909090909090909,0.09090909090909091,0.40994389696350925,0.07126738807688414
8ef1df30-ae4f-4dbd-9351-1a32b208a01e,Alicia Keys,0.2,0.2,0.4591371782166477,0.02849827096798834
b2f2216a-d7a9-4ce0-8b8f-f494d9a8c196,IVE,0.4,0.34545454545454546,0.10783212642412279,0.04156604162333284
43b896c5-5652-4b04-bde1-2e4224bc99b3,Lola Young,0.2,0.2,0.11880239836253893,0.00629758165495121
01809552-4f87-45b0-afff-2c6f0730a3be,Elvis Presley,0.12727272727272726,0.09090909090909091,0.48805227401758405,0.04208917534529763
b2d122f9-eadb-4930-a196-8f221eeb0c66,Rammstein,0.49090909090909096,0.16363636363636364,0.34000444158022664,0.09021518375608847
5bdeb32d-56a5-4b6d-a768-264101fa0a0a,J Balvin,0.49090909090909096,0.49090909090909096,0.18447605297168837,0.016857850821362128
09887aa7-226e-4ecc-9a0c-02d2ae5777e1,Carly Rae Jepsen,0.16363636363636364,0.16363636363636364,0.3230039925425936,0.04340353314110448
8b22acd6-20e6-4463-a75c-c14b5cfdb666,Earl Sweatshirt,0.32727272727272727,0.2545454545454545,0.1707777384004569,0.04196725695916617
a56bd8f9-8ef8-4d63-89a4-794ed1360dd2,Diplo,0.2,0.18181818181818182,0.2231727249298953,0.009722690912148474
c85cfd6b-b1e9-4a50-bd55-eb725f04f7d5,Avicii,0.38181818181818183,0.36363636363636365,0.36286711833701973,0.0310582930431512
3862342a-43c4-4cdb-8250-bfdbfb5e1419,Måneskin,0.2545454545454545,0.2545454545454545,0.1975520470022227,0.027561806315640217
0fabbc1d-8d94-4a61-bd1d-1099ad1e4559,Car Seat Headrest,0.21818181818181817,0.2,0.14578165059969841,0.04628650407301499
51e90731-08c0-4f60-89b6-5b78e5844de8,Zach Bryan,0.10909090909090909,0.10909090909090909,0.12496046664508291,0.03418648227113854
44f42386-a733-4b51-8298-fe5c807d03aa,Mindless Self Indulgence,0.2545454545454545,0.2545454545454545,0.1611073719678186,0.035303891067230524
62b914a7-d775-4bb4-bb5e-d46e7df115b5,Benson Boone,0.2363636363636364,0.18181818181818182,0.15307088065278746,0.011656711717495246
e0e1a584-dd0a-4bd1-88d1-c4c62895039d,Foster the People,0.10909090909090909,0.03636363636363637,0.40727792751372843,0.03340519406073531
21645c31-fe1c-45a4-955c-3e172b12c3f9,Freddie Gibbs,0.3090909090909091,0.3090909090909091,0.13808843419998615,0.02928147516669086
1154d345-8061-4d04-a52a-6214288523ac,Title Fight,0.0,0.0,,
5dcdb5eb-cb72-4e6e-9e63-b7bace604965,Bon Jovi,0.16363636363636364,0.14545454545454548,0.46255029544905973,0.03482716735657904
2d623e82-73e2-4179-9c44-e963980f2d58,NMIXX,0.6909090909090909,0.6363636363636364,0.07365488149979704,0.020974492568156908
609a2ea3-f446-4e31-8eef-9f7591afb55a,Alex Warren,0.2363636363636364,0.10909090909090909,0.08757050895130478,0.006133595563360641
56c4b861-0922-4c3a-a9b9-3bfcb00f8274,Zedd,0.3090909090909091,0.3090909090909091,0.2755775841593776,0.016610801737254887
f4857fb9-e255-4dc6-bd01-e4ca7cc68544,Jamiroquai,0.16363636363636364,0.14545454545454548,0.3082571291391153,0.028235619184810674
cfbc0924-0035-4d6c-8197-f024653af823,Nas,0.18181818181818182,0.18181818181818182,0.3708582179277112,0.0389399599704071
99075985-0d80-4692-a15e-b16f78831792,Swedish House Mafia,0.34545454545454546,0.29090909090909095,0.2917595069278552,0.014544431764734939
62162215-b023-4f0e-84bd-1e9412d5b32c,All Time Low,0.18181818181818182,0.18181818181818182,0.2785485859967211,0.040557627815590344
95f5b748-d370-47fe-85bd-0af2dc450bc0,Sublime,0.38181818181818183,0.2727272727272727,0.3373234928614137,0.03379217542673252
4d2956d1-a3f7-44bb-9a41-67563e1a0c94,Blondie,0.18181818181818182,0.10909090909090909,0.3686496835799636,0.020254650907988878
535afeda-2538-435d-9dd1-5e10be586774,"Earth, Wind & Fire",0.2,0.16363636363636364,0.31649413839641705,0.013201731648764899
775ad383-ac2d-479a-af9d-b561442cb749,Sleep Token,0.10909090909090909,0.10909090909090909,0.084089417611694,0.038762742829551694
36494952-f434-45d8-a958-8b4acdbcf8a8,Gucci Mane,0.21818181818181817,0.21818181818181817,0.2988144022040406,0.017963185605287906
09d4a85c-4916-4b4e-bc96-c4cfcf371046,米津玄師,0.018181818181818184,0.018181818181818184,0.004039069111056414,0.001377199246007397
109958eb-a335-4c5e-907e-597ff4c6af46,Creedence Clearwater Revival,0.09090909090909091,0.018181818181818184,0.44624524762831075,0.03410340851954354
0221734a-35a8-40f7-b5c5-2f61a200bc7c,Migos,0.43636363636363634,0.32727272727272727,0.19998243340268052,0.019476318536265615
1c26f82c-b35d-4c8e-a1f4-9c20747495c9,Toby Fox,0.018181818181818184,0.018181818181818184,0.1247114930370797,0.03925805851833214
70248960-cb53-4ea4-943a-edb18f7d336f,Bruce Springsteen,0.09090909090909091,0.09090909090909091,0.3881394147803852,0.04185491037252595
bf0f7e29-dfe1-416c-b5c6-f9ebc19ea810,Bee Gees,0.18181818181818182,0.03636363636363637,0.3724183314932663,0.01888815461862619
9efff43b-3b29-4082-824e-bc82f646f93d,The Doors,0.2545454545454545,0.10909090909090909,0.5236129452204726,0.06444397915017054
ebfc1398-8d96-47e3-82c3-f782abcdb13d,The Beach Boys,0.2363636363636364,0.18181818181818182,0.4490141428130318,0.04512928494241053
4d5447d7-c61c-4120-ba1b-d7f471d385b9,John Lennon,0.09090909090909091,0.018181818181818184,0.43705058646675243,0.02339507815139039
2bcf2e02-5bc3-4c76-bf76-41126cb11444,Ghost,0.12727272727272726,0.12727272727272726,0.1737244556652787,0.042448690238264364
0b30341b-b59d-4979-8130-b66c0e475321,Lil Nas X,0.36363636363636365,0.21818181818181817,0.2855967859935664,0.03242421299485882
f90e8b26-9e52-4669-a5c9-e28529c47894,Snoop Dogg,0.2,0.16363636363636364,0.4765327622146577,0.022750337184207818
f4d5cc07-3bc9-4836-9b15-88a08359bc63,P!nk,0.2545454545454545,0.2363636363636364,0.4117659207785044,0.03454696489958258
32b87bbc-2363-457a-97b4-3103a569f3a7,Thee Sacred Souls,0.20454545454545456,0.06818181818181818,,
541f16f5-ad7a-428e-af89-9fa1b16d3c9c,Pantera,0.2545454545454545,0.14545454545454548,0.28375342806813164,0.03631061860753523
8f92558c-2baa-4758-8c38-615519e9deda,The Clash,0.14545454545454548,0.10909090909090909,0.44683238958264465,0.04295242127100922
f1106b17-dcbb-45f6-b938-199ccfab50cc,New Order,0.36363636363636365,0.09090909090909091,0.3459555235997816,0.03265596674059261
3ac96b4c-4f42-48c8-b793-84dbf54d7ac6,BROCKHAMPTON,0.43636363636363634,0.18181818181818182,,
8dfe067c-ae90-472e-80f2-fcee9be4e158,XG,0.9090909090909092,0.9090909090909092,,
34cf95c7-4be9-4efd-a48a-c2ea4a0bb114,America,0.09090909090909091,0.07272727272727274,0.22386279261916942,0.01030440287222459
91faf71d-89f3-4bd6-8a54-3701a0dd753f,Cafuné,0.0,0.0,0.15249338443987576,0.008559522883588805
ceb3f5b7-9f1a-430f-afbe-976fdcf30482,Jhené Aiko,0.3090909090909091,0.3090909090909091,0.1463978432576097,0.018542464268947498
ba550d0e-adac-4864-b88b-407cab5e76af,Paul McCartney,0.09090909090909091,0.018181818181818184,0.3501636768840034,0.023382736034623795
9a58fda3-f4ed-4080-a3a5-f457aac9fcdd,Joy Division,0.36363636363636365,0.14545454545454548,0.3713380084539817,0.05175052497170694
6f1de078-6684-4792-820d-2ffad64c15ed,Two Door Cinema Club,0.2,0.09090909090909091,0.34237071217005466,0.036215855262734666
6dee6b6f-aa72-424c-9c8c-0d31ba5ff673,Ashnikko,0.18181818181818182,0.14545454545454548,0.15365802260712133,0.016199072164826356
879d43c6-13a8-42f6-b8df-a9b7d50aa9e2,Duster,0.09090909090909091,0.05454545454545454,0.17025130787742734,0.03246329781854921
c3da3346-2643-48a7-93cd-011f6834b3d7,Sean Paul,0.2,0.18181818181818182,0.3360213177694189,0.01304245076383252
89e95aa3-bd49-4af3-9c87-0d88b2093bb0,wave to earth,0.12727272727272726,0.05454545454545454,0.08517632245100785,0.022764518521795934
35214d53-009b-45d9-8a00-6664325b9e2a,OsamaSon,0.2272727272727273,0.18181818181818182,0.039155468811970344,0.02452440451683404
4c671d5a-7027-4398-8055-03e61d1a3967,Cults,0.18181818181818182,0.03636363636363637,0.2650195825572767,0.015103786360054754
3ceeddbd-fba5-4bdb-99f7-2d028ed5afda,boygenius,0.2545454545454545,0.09090909090909091,0.12114778875917069,0.02725477507909338
dacc2d64-7e59-42a8-87a9-10c53919aff2,Clean Bandit,0.14545454545454548,0.14545454545454548,0.26663927276102767,0.013672092382338668
7999a8a1-6cbd-4453-8dd4-ebd03a10e44f,Cavetown,0.14545454545454548,0.10909090909090909,0.17224638764146755,0.023296521213730128
e56ab1ae-1cfa-4d0e-b33b-af31bff677c7,Falling in Reverse,0.3090909090909091,0.29090909090909095,0.14366333230407596,0.01843856850215156
3267d5a3-c72c-4c3b-bafe-ec8a569c0b74,Sleeping With Sirens,0.29090909090909095,0.21818181818181817,,
611700cf-27f0-4dc9-ae80-c513a767853e,Michael Bublé,0.18181818181818182,0.18181818181818182,0.3779069853211107,0.02454234135432887
fbd2a255-1d57-4d31-ac11-65b671c19958,No Doubt,0.2,0.14545454545454548,0.3907000754296979,0.02339662716788308
cf0dbc16-4e24-4957-b5b4-955c8978f690,ATEEZ,0.38181818181818183,0.16363636363636364,0.08238439096618441,0.055811447487365454
66fc5bf8-daa4-4241-b378-9bc9077939d2,Tool,0.2363636363636364,0.09090909090909091,0.28422947377714414,0.06361392236401395
2ddd167f-5b8a-4372-b350-6ad50493bac0,The Fray,0.2727272727272727,0.2727272727272727,0.3939325335992381,0.027430099494521548
de22adae-f8ac-414f-b653-b0162611bd60,KAROL G,0.2727272727272727,0.2727272727272727,,
9f42ba3d-3cfc-499c-ba16-7226f56b622f,Westside Gunn,0.2,0.2,0.11211528953281588,0.02262327944806852
89ea85c2-c90a-46ea-93db-9bed95d5c8f8,Surf Curse,0.09090909090909091,0.09090909090909091,0.21205050419425206,0.01233136466713264
ea4dfa26-f633-4da6-a52a-f49ea4897b58,R.E.M.,0.32727272727272727,0.10909090909090909,0.48003677637506004,0.0439982743450304
e3513b4f-2a13-45f5-8ead-e79b1af0bf68,Modern Baseball,0.018181818181818184,0.018181818181818184,0.09530979795122183,0.021193612829651664
f29e031f-c6b6-4d52-8edd-dc8e14378e74,JVKE,0.2545454545454545,0.21818181818181817,0.16540347171794853,0.011955473293813895
0c502791-4ee9-4c5f-9696-0602b721ff3b,Electric Light Orchestra,0.16363636363636364,0.09090909090909091,0.32070081644959775,0.021039095599343506
8aa5b65a-5b3c-4029-92bf-47a544356934,Ozzy Osbourne,0.2727272727272727,0.05454545454545454,0.3396778481236026,0.026368895832805793
d606b860-cc03-4959-a3fd-3a24bccf2560,Anitta,0.41818181818181815,0.41818181818181815,0.12690606942959282,0.041294373732520054
3d2b98e5-556f-4451-a3ff-c50ea18d57cb,Aerosmith,0.29090909090909095,0.12727272727272726,0.519095333855565,0.03693807206213909
11ae9fbb-f3d7-4a47-936f-4c0a04d3b3b5,The White Stripes,0.16363636363636364,0.16363636363636364,0.5349563371329611,0.05665361696021304
c7020c6d-cae9-4db3-92a7-e5c561cbad50,Keane,0.2727272727272727,0.2545454545454545,0.440926245370186,0.03303924582050292
2f522f5c-111c-4ce8-8bd0-d82e97c227ad,Daddy Yankee,0.03636363636363637,0.03636363636363637,0.23424932698257717,0.013519542027862411
2b1e7c27-2663-43df-9c23-8601e173e6ef,Marina Sena,0.06818181818181818,0.022727272727272728,0.045449825746844225,0.021082501501517345
253c9ae7-850b-46be-8fbb-65e9fa621058,Pop Smoke,0.38181818181818183,0.38181818181818183,0.16920990824176402,0.03756743219989342
dfe78af2-779e-4137-826a-3073a16e3278,Phantogram,0.12727272727272726,0.12727272727272726,0.20199464854265894,0.01269733180844858
2873b450-13c6-4ca1-8ca3-646c25af3202,NLE Choppa,0.2545454545454545,0.2363636363636364,0.15695380223211533,0.015672049181440554
bfcb6630-9b31-4e63-b11f-7b0363be72b5,The Lumineers,0.16363636363636364,0.16363636363636364,0.28090498388650526,0.025307078322053797
f5dfa020-ad69-41cd-b3d4-fd7af0414e94,Wiz Khalifa,0.32727272727272727,0.3090909090909091,0.4240627658607479,0.024772163118538835
29e686ca-134e-46d5-8a5b-7193f618ff35,Sonder,0.09090909090909091,0.018181818181818184,,
ee74db56-c264-4c23-9504-29e2d8078f36,keshi,0.2727272727272727,0.18181818181818182,0.11640140310359107,0.034622545389304094
3798b104-01cb-484c-a3b0-56adc6399b80,Rage Against the Machine,0.36363636363636365,0.07272727272727274,0.4690313258502806,0.045828708488993605
4449ccf6-c948-4d33-aa97-b6ad98ce4b5b,Metric,0.10909090909090909,0.09090909090909091,0.30572983140719223,0.031155750228535256
37d0a847-32d3-480f-bd1e-101f50a3d332,Selena Gomez & the Scene,0.2727272727272727,0.21818181818181817,0.26502820698490126,0.015190358847606205
396a9525-0994-4542-b480-c4587feeb476,Tinashe,0.14545454545454548,0.12727272727272726,0.17007223752490727,0.02333403317648397
479497d4-e7c2-4e78-972e-56e78fac3995,Chris Isaak,0.0,0.0,0.21178155822753938,0.008396282076261566
081a2d60-9791-4e05-a075-f1890355eeee,DJ Khaled,0.2727272727272727,0.2727272727272727,0.31185476373096827,0.016828194148928066
4b1a830b-0a1f-42e5-b8d5-1d6743912e99,Creed,0.29090909090909095,0.10909090909090909,,
134cb0bc-06fa-42f7-8078-b0c858349975,Jack Harlow,0.14545454545454548,0.14545454545454548,0.19881178083195994,0.021470917895934184
42a8f507-8412-4611-854f-926571049fa0,George Harrison,0.03636363636363637,0.03636363636363637,0.26742216652657647,0.018627303090959356
8f6bd1e4-fbe1-4f50-aa9b-94c450ec0f11,Portishead,0.2545454545454545,0.16363636363636364,0.35774647791425934,0.03966290286220541
c78c3026-426b-4580-ab23-08490bb8b515,Rae Sremmurd,0.3090909090909091,0.16363636363636364,,
2244c1f9-773f-4541-a4fe-ee6dc4f2ce60,Royel Otis,0.21818181818181817,0.09090909090909091,0.09933842696568011,0.005817665987468443
13e2db47-3010-48b8-a8b9-667551f37119,Oklou,0.3090909090909091,0.3090909090909091,0.05419749190296747,0.007171319717529541
bce6d667-cde8-485e-b078-c0a05adea36d,ScHoolboy Q,0.4,0.36363636363636365,0.21515734076668208,0.022156541325244875
d25f6294-686a-4569-b1b9-fe64bfef2519,BigXthaPlug,0.48484848484848486,0.48484848484848486,0.09353702415713526,0.008117413454191327
c3c82bdc-d9e7-4836-9746-c24ead47ca19,Mark Ronson,0.43636363636363634,0.43636363636363634,0.33178014200574,0.013931639735241147
393e5448-896f-43e9-b80b-4ee58e1e71a4,The Ronettes,0.2,0.2,0.24457832733538434,0.005452736079460072
94c338ff-1985-4429-9dc8-997b61bb5932,B.o.B,0.3090909090909091,0.29090909090909095,0.34240225941847074,0.012819791347141122
4c98aa1b-34eb-4336-987f-5e50aa059c00,The Script,0.2727272727272727,0.2727272727272727,,
ccb8f30e-4d71-40c4-8b1d-846dafe73e2c,George Michael,0.09090909090909091,0.09090909090909091,0.34769379968337005,0.0156766875073416
94b0fb9d-a066-4823-b2ec-af1d324bcfcf,The Velvet Underground,0.09090909090909091,0.018181818181818184,0.35203426984404196,0.03649962391801652
c1f1cf38-1fee-4106-871d-ac392a28b91a,Ricky Montgomery,0.07272727272727274,0.07272727272727274,0.1392940383984483,0.013379541120499902
2fddb92d-24b2-46a5-bf28-3aed46f4684c,Kylie Minogue,0.21818181818181817,0.21818181818181817,0.387034693689268,0.04922015695190505
6ab10aaf-8812-41eb-b59f-f07b42468f22,Exo,0.0,0.0,0.10806578032516134,0.045726430945734704
1138a764-2212-4d0a-b02d-0dc14df91e08,Akon,0.14545454545454548,0.14545454545454548,0.4053136006429284,0.016877559126563635
3547f34a-db02-4ab7-b4a0-380e1ef951a9,Wolf Alice,0.18181818181818182,0.18181818181818182,0.1322637681327172,0.015101426050899291
a63df8c3-28e4-41db-bac2-c6c6e8ff8f28,Type O Negative,0.21818181818181817,0.18181818181818182,0.13719024545461456,0.019730823370865166
dc99e6fd-c710-4f79-b74b-127b4d0b7849,Labrinth,0.16363636363636364,0.16363636363636364,0.2737694048203061,0.02040190546964275
b202beb7-99bd-47e7-8b72-195c8d72ebdd,Christina Aguilera,0.18181818181818182,0.18181818181818182,0.48777073184736713,0.05918608125557262
fee6a7fb-80d9-4290-a171-e48f1f20e381,Tom Odell,0.12727272727272726,0.10909090909090909,0.21747606352526427,0.01354478398875302
2077273e-eaa1-4f49-903c-f286ededecb9,Morgan Wallen,0.21818181818181817,0.16363636363636364,0.10089014306223239,0.023307104075797874
d24fb461-dee8-41fc-bb15-2f13bb2644a6,Jessie J,0.14545454545454548,0.14545454545454548,0.33276514242391125,0.016656564459153377
fac55e3c-d459-45ed-9f9f-f5078d3b3423,C418,0.09090909090909091,0.07272727272727274,0.1473465302963092,0.03371612997035589
c296e10c-110a-4103-9e77-47bfebb7fb2e,Bob Marley & The Wailers,0.10909090909090909,0.03636363636363637,0.3786655945141378,0.035041363158846525
6d7b7cd4-254b-4c25-83f6-dd20f98ceacd,M83,0.16363636363636364,0.05454545454545454,0.3853794844612212,0.03960909147736322
8b477559-946e-4ef2-9fe1-446cff8fdd79,Natasha Bedingfield,0.3090909090909091,0.3090909090909091,0.32282583002456033,0.011886232809083953
f434ae2b-b203-490d-a8ac-aa9cd51c0e73,She Wants Revenge,0.14545454545454548,0.07272727272727274,0.1483855468664447,0.013393559036411862
8456e9f7-debf-4579-a86c-33a325a35d2d,Chevelle,0.09090909090909091,0.07272727272727274,0.19286421667104128,0.015798261021394904
860b2707-6153-4e3a-aa57-74d2b42c55b5,Justice,0.14545454545454548,0.14545454545454548,0.30622845949906374,0.029016631148608297
4ad8190b-d2fd-46f8-a3d9-c0f55c034976,Poppy,0.21818181818181817,0.21818181818181817,0.11763219970906175,0.019026872578595092
75be165a-ad83-4d12-bd28-f589a15c479f,Major Lazer,0.21818181818181817,0.10909090909090909,0.3144255240389466,0.01903264148007781
020bfbb4-05c3-4c86-b372-17825c262094,Audioslave,0.2,0.09090909090909091,0.3598223549476242,0.026339281033541422
38f59974-2f4d-4bfa-b2e3-d2696de1b675,Little Mix,0.14545454545454548,0.14545454545454548,0.19759664437138644,0.03163450944049119
9b2f64a8-98ea-433b-bfe0-2675c02b08db,Disco Lines,0.0,0.0,0.06989304234514528,0.002138015256648146
5f6ab597-f57a-40da-be9e-adad48708203,Dr. Dre,0.2727272727272727,0.21818181818181817,0.4352649895105399,0.024985492088036527
75167b8b-44e4-407b-9d35-effe87b223cf,Neil Young,0.10909090909090909,0.07272727272727274,0.29549876369964795,0.031093152747705344
6838ca8e-da88-436c-a0fd-6d3a7e832f1f,Labi Siffre,0.10909090909090909,0.10909090909090909,0.08591178186462167,0.0033135556437080766
df36f6db-5987-46ed-9d02-0cf36ed4e060,Vance Joy,0.29090909090909095,0.29090909090909095,0.26108831879152705,0.013704790675293385
61cdb045-7f89-4eb1-b3ed-35db94d9ab99,The Walters,0.0,0.0,0.19737604059109556,0.00966366370060657
79c9b9a6-4b78-4738-8b81-95b066321ea9,Young Nudy,0.32727272727272727,0.3090909090909091,0.1077947917308534,0.013563400974469439
d2582c77-6b0f-4b2f-802f-8f3cad1a5fec,Jimin,0.4090909090909091,0.36363636363636365,0.08947628049770665,0.2126615120451649
1fda852b-92e9-4562-82fa-c52820a77b23,The Pussycat Dolls,0.29090909090909095,0.29090909090909095,,
f6af669a-56ea-448a-a044-de76181ada33,mgk,0.29090909090909095,0.29090909090909095,0.10339996498028467,0.00907610112820966
14b22b4b-06d5-4b82-8284-29d29b58945f,Air,0.10909090909090909,0.07272727272727274,0.3494313948910933,0.03845532862797372
e01c3376-15fa-40d7-b747-5f219bdefdd7,Steely Dan,0.14545454545454548,0.03636363636363637,0.18904348175405877,0.01942472555705937
aab5c954-cabe-432e-899e-1c4f99757327,Toto,0.12727272727272726,0.12727272727272726,0.33157224790826423,0.015209874361755589
ff294730-0315-440d-a543-54005779c15b,The Mamas & the Papas,0.12727272727272726,0.07272727272727274,0.28908809047115364,0.011385688499024167
1d11e2a1-4531-4d61-a8c7-7b5c6a608fd2,Ice Cube,0.14545454545454548,0.10909090909090909,0.349248012324761,0.01716689982127348
ae002c5d-aac6-490b-a39a-30aa9e2edf2b,Skrillex,0.2,0.16363636363636364,0.32319259515722504,0.02956832266308865
c995a379-60b9-404b-bd97-a7e2de0751d3,Rob Zombie,0.14545454545454548,0.14545454545454548,0.24944704368805945,0.018756229417296145
1dcc8968-f2cd-441c-beda-6270f70f2863,Hole,0.2545454545454545,0.21818181818181817,0.2262010338192177,0.019464746129778006
7bd66c18-cb33-49aa-9279-140acedbdb49,Ty Dolla $ign,0.49090909090909096,0.4545454545454546,0.17186645890874436,0.007545170936969425
2f0c90b1-84d5-47f1-ad75-ad8d30f53f70,The Last Dinner Party,0.10909090909090909,0.10909090909090909,,
20634ec0-4bdb-47dc-9bf4-07ed76f8154a,Montell Fish,0.09090909090909091,0.018181818181818184,,
923e649b-21d3-4b45-b109-50e4978002b6,Aurora,0.2545454545454545,0.21818181818181817,0.19261444870786212,0.02417607150489037
16a43d5e-c52d-4eaa-9c3b-00b2c1d8e816,Skillet,0.14545454545454548,0.05454545454545454,0.23826717546250478,0.022960530900124853
8c32bb01-58a3-453b-8050-8c0620edb0e5,Stone Temple Pilots,0.2363636363636364,0.21818181818181817,0.27072997495852047,0.01971808811156091
6ea37194-8483-470c-8b3d-ca545903a853,V,0.30303030303030304,0.30303030303030304,,
1595addf-f76b-450a-a097-af852ff35f27,Nujabes,0.14545454545454548,0.10909090909090909,0.12208138304952725,0.024724261666341167
8c529495-91f5-4e2f-b71b-adcb66878d04,Japanese Breakfast,0.12727272727272726,0.12727272727272726,,
ab2528d9-719f-4261-8098-21849222a0f2,Stromae,0.03636363636363637,0.03636363636363637,0.2154817781164,0.01642651355565371
149f91ef-1287-46da-9a8e-87fee02f1471,Pharrell Williams,0.12727272727272726,0.03636363636363637,0.2953859652646638,0.01319997675585456
bce172fc-51bb-43f7-9a25-b406a0a581d5,ITZY,0.6,0.6,0.10457663195448028,0.036984393092966805
c2c70ed6-5f10-445c-969f-2c16bc9a4c2e,Sixpence None the Richer,0.16363636363636364,0.16363636363636364,,
4e024037-14b7-4aea-99ad-c6ace63b9620,Madvillain,0.2,0.05454545454545454,0.20808099790074622,0.03184068711233454
37547347-ea75-45fa-9766-ff36b44d8147,Isaiah Rashad,0.07272727272727274,0.07272727272727274,0.1371617621475914,0.022129977451649973
f40856e6-079f-4a0a-916e-9e6a5e04f646,ADÉLA,0.2727272727272727,0.2363636363636364,0.023316480520879115,0.002030744628689425
f9133036-ab3d-4e97-bd11-7a2c98ad148a,Death Grips,0.2727272727272727,0.05454545454545454,0.12867487144779968,0.04409107168635676
d614b0ad-fe3a-4927-b413-48cb831a814b,Frou Frou,0.18181818181818182,0.07272727272727274,,
7e1e5648-1d6a-4248-975a-98603e781848,Polo G,0.2,0.18181818181818182,0.1295064478377028,0.028966723273696236
9058d01e-8afc-47a4-8664-621fb5f159c0,Slayyyter,0.2363636363636364,0.2363636363636364,0.07834974754825112,0.011885841992833497
fcc7e9c8-3474-4221-b83a-27890982e0fa,Wonder Girls,0.12727272727272726,0.12727272727272726,,
7b46472b-adda-4a9e-a6e7-824dedff9200,The Backseat Lovers,0.36363636363636365,0.07272727272727274,0.11036101286639774,0.011006467627143138
a3cb23fc-acd3-4ce0-8f36-1e5aa6a18432,U2,0.36363636363636365,0.07272727272727274,0.556804508850762,0.06563790563894178
9689aa5a-4471-4fb4-9721-07cecda0fa9f,A Tribe Called Quest,0.3090909090909091,0.09090909090909091,0.2695834934810108,0.030824567478225196
871fe26f-544d-4275-a5dd-af5442d15b92,Pinegrove,0.09090909090909091,0.018181818181818184,0.14139783134228207,0.014469324965245566
6fb92cac-6739-48dc-87b6-8ad634fc5740,Jordana,0.0,0.0,0.12674560968405202,0.007017888281774357
36bfa85f-737b-41db-a8fc-b8825850ffc3,Pavement,0.18181818181818182,0.18181818181818182,0.23520164535922383,0.028312210737108694
0307edfc-437c-4b48-8700-80680e66a228,Whitney Houston,0.16363636363636364,0.16363636363636364,0.3499826773831989,0.01725399950366278
8bff8d1d-2e87-4b97-9909-2bd3404e92b9,Lamp,0.14545454545454548,0.05454545454545454,,
abd506e1-6f2b-4d6f-b937-92c267f6f88b,Journey,0.14545454545454548,0.09090909090909091,0.3542154556778749,0.01745004968415878
59eda569-b380-4958-b98c-051d1667b3e1,Waka Flocka Flame,0.21818181818181817,0.21818181818181817,0.18673326994379028,0.0052995352369240925
0b966a38-5ad9-43c1-b86b-c07079523165,Omar Apollo,0.14545454545454548,0.10909090909090909,0.15521337004162078,0.017483178921818242
a9044915-8be3-4c7e-b11f-9e2d2ea0a91e,Megadeth,0.18181818181818182,0.10909090909090909,0.25295616441745,0.05340600341676399
321531fc-db73-4ffa-a959-61a61a2908c1,Erykah Badu,0.16363636363636364,0.14545454545454548,0.22312767364348815,0.01828875531535799
2ddf7a90-4f47-46b4-8ecc-a9743a1ab37b,Steven Universe,0.10909090909090909,0.05454545454545454,0.10027383692501025,0.014566992388835784
f0602f55-1770-483d-89bd-4bae0d0ac086,Jennifer Lopez,0.38181818181818183,0.34545454545454546,0.4096168495896418,0.020161996924111525
f4b6e451-5dce-4842-a555-f793892299b3,Jane Remover,0.05454545454545454,0.05454545454545454,0.04464151261566521,0.011171148697036228
fd1a2d9d-9bb6-44de-83a3-41560658aba9,Bill Withers,0.29090909090909095,0.2545454545454545,0.29271454880796227,0.011129329904308061
faf916e0-ffc5-4345-a10b-b79ed8c9b8f6,Ski Mask the Slump God,0.29090909090909095,0.29090909090909095,0.14095163069202293,0.020055020280698346
9854d99f-d954-4c0f-9ae5-58a0cdd885f5,Crowded House,0.10909090909090909,0.07272727272727274,0.2046531283579237,0.008348433256311912
d4d17620-fd97-4574-92a8-a2cb7e72ce42,The Verve,0.14545454545454548,0.09090909090909091,0.3626948567431506,0.016750609853565274
584c04d2-4acc-491b-8a0a-e63133f4bfc4,Yeah Yeah Yeahs,0.2,0.14545454545454548,0.4425786176154615,0.03847281823675337
afbdfac9-2955-4404-ae22-c08bf1c1b51e,Don Omar,0.16363636363636364,0.16363636363636364,0.18877056401146639,0.008850687387467438
c0ef2ba5-a7b7-40ea-bd27-30acccfcac11,Lauv,0.12727272727272726,0.10909090909090909,0.18723484849774386,0.021519587604481333
54fc0558-12b5-4854-9d57-9441bcd73a72,Kim Petras,0.2727272727272727,0.21818181818181817,0.12856366172316744,0.025843584996802938
e6424fa5-08d3-41c6-96f3-8549f733708c,Clipse,0.2363636363636364,0.18181818181818182,0.1257071605104708,0.009030203772439174
e3492ea0-5997-4241-a7bf-2fd7fb1bfad1,Fetty Wap,0.29090909090909095,0.2545454545454545,0.17332330630142667,0.008224853610330119
d8f43dc5-4613-48ac-8c23-a62b82f8c67a,Caroline Polachek,0.21818181818181817,0.21818181818181817,0.11679075061911474,0.026008807800828912
16f7e748-59b4-4705-959c-9276be0ebf6a,Superheaven,0.0,0.0,0.09371654842689872,0.006774875305967942
aabb1d9f-be12-45b3-a84d-a1fc3e8181fd,Tiësto,0.2,0.18181818181818182,0.2997440247185174,0.019188407054257398
35feae82-8b2c-4f8f-ae7a-af5662848947,Teddy Swims,0.2363636363636364,0.21818181818181817,0.11643578733477837,0.0052307123207474635
c5eb9407-caeb-4303-b383-6929aa94021c,Papa Roach,0.14545454545454548,0.07272727272727274,0.4060733446290639,0.03601371893333835
c44e9c22-ef82-4a77-9bcd-af6c958446d6,Mumford & Sons,0.14545454545454548,0.12727272727272726,0.2930788173957883,0.038631804846354305
1c009a08-74d1-4682-bc56-8bfbe9e66b62,Jeremih,0.38181818181818183,0.36363636363636365,0.23651618969610125,0.008552109878623891
469d6414-1f06-43de-80d5-17762d4a356a,Weyes Blood,0.09090909090909091,0.07272727272727274,0.1183619851571331,0.01661086861801203
cc7d4686-ea02-45fd-956e-94c1a322558c,Lykke Li,0.12727272727272726,0.12727272727272726,0.34023991115023877,0.027446627474327797
29eead4d-3793-4625-8727-c03edbb38b8b,Soulja Boy,0.34545454545454546,0.2727272727272727,0.266378610784007,0.006779784353542479
29b550f2-04a3-4733-b6f5-4e347fac7e11,Charlie Brown Jr.,0.018181818181818184,0.018181818181818184,0.08022249661519586,0.01961670706123367
fbe054ec-a143-4101-9e9e-64abc5ff5ac9,Nat King Cole,0.2363636363636364,0.2363636363636364,0.32337257334423186,0.01211687866053632
c544ed4d-2390-4442-a83e-1ea2883b09c8,Lynyrd Skynyrd,0.2,0.07272727272727274,0.3581879124334628,0.01771802314010399
e3e0abcd-7671-4482-a9d8-462f5acc9be5,Incubus,0.38181818181818183,0.10909090909090909,0.4084927235363694,0.04825787545494076
a506f761-2c22-4b2f-8a94-bd748c2c8f75,Neutral Milk Hotel,0.09090909090909091,0.018181818181818184,,
d43d12a1-2dc9-4257-a2fd-0a3bb1081b86,Johnny Cash,0.10909090909090909,0.10909090909090909,0.45484005715272013,0.048396847852572714
0c3505e7-d884-43cf-9028-d318607190a4,Azealia Banks,0.2,0.2,0.1851008700572242,0.022606781709995933
811900b2-68fc-4d41-8bad-69b7a1f4d628,Nelly,0.32727272727272727,0.2727272727272727,0.3760529603404561,0.011556134690183266
ab4e7869-86f5-455e-b52c-c89d7664c07b,Rainbow Kitten Surprise,0.09090909090909091,0.045454545454545456,,
401c3991-b76b-499d-8082-9f2df958ef78,Phil Collins,0.12727272727272726,0.05454545454545454,0.35027613488105497,0.018023665292403488
ca891d65-d9b0-4258-89f7-e6ba29d83767,Iron Maiden,0.29090909090909095,0.21818181818181817,0.3522789312382329,0.0758137985902393
a96ac800-bfcb-412a-8a63-0a98df600700,Modest Mouse,0.38181818181818183,0.18181818181818182,0.37750379332966344,0.05761677168723694
e9403d9c-329b-4108-a26f-564159d441d9,"Black Country, New Road",0.18181818181818182,0.14545454545454548,,
741a2892-1c5d-402f-a769-2096356c77d7,Wheatus,0.14545454545454548,0.10909090909090909,0.19236797164469763,0.004746108893760544
c0b630b0-7ada-4350-8cb4-ed9b95ae4d03,Kiss of Life,0.18181818181818182,0.18181818181818182,,
4f9675d2-f6d5-486c-9b26-33dcca998500,Fergie,0.07272727272727274,0.07272727272727274,0.3779510152937202,0.01432825105790971
06fb1c8b-566e-4cb2-985b-b467c90781d4,Jimi Hendrix,0.2,0.16363636363636364,0.45015188638360615,0.03942302194133475
1ac10f5e-2079-4435-b78f-dda6ecdeba15,Eve,0.16363636363636364,0.16363636363636364,0.18884353120834244,0.01362360703205252
070d193a-845c-479f-980e-bef15710653e,Prince,0.2363636363636364,0.2363636363636364,0.3387146357331144,0.027618610178185857
6e019bc6-5c23-4935-94f0-4a896631d846,Jonas Brothers,0.16363636363636364,0.16363636363636364,0.23245453820218584,0.020846234177033882
4bb4e4e4-5f66-4509-98af-62dbb90c45c5,Disturbed,0.32727272727272727,0.2727272727272727,0.39146878428139054,0.049506216709298015
bbc5b66b-d037-4f26-aecf-0b129e7f876a,Jimmy Eat World,0.38181818181818183,0.2363636363636364,0.36999452689283774,0.033290622380383425
6f6fd596-76e0-4b82-aa37-f558ac2d337b,Gotye,0.09090909090909091,0.09090909090909091,0.33210503327270136,0.01488849429494187
3599a39e-4e10-4cb5-90d4-c8a015ebc73b,Portugal. The Man,0.16363636363636364,0.16363636363636364,0.2181006536521784,0.017418436313399337
854a1807-025b-42a8-ba8c-2a39717f1d25,Breaking Benjamin,0.14545454545454548,0.12727272727272726,0.3160158231011876,0.0377451858407355
93a4d03b-4f0e-42da-ae0b-a62876e46071,Joey Valence & Brae,0.3181818181818182,0.2272727272727273,,
9d17d14a-e81c-410e-a90b-b02b0a9de6f8,NCT 127,0.4727272727272728,0.41818181818181815,0.08428743900912589,0.038677576291829815
7cf0ea9d-86b9-4dad-ba9e-2355a64899ea,M.I.A.,0.32727272727272727,0.2363636363636364,0.3677282315758679,0.029031954984000012
3c714102-94d8-42f4-9005-fb8a75c2766d,Frankie Valli,0.2,0.2,0.1636974237586413,0.0036636194133323327
5e6c760b-42e0-4df4-a221-0269355da00a,Dean Martin,0.16363636363636364,0.16363636363636364,0.31203179145589305,0.01157473161167254
d75d1f08-bbb8-4eae-9877-399ca9121197,Mobb Deep,0.32727272727272727,0.32727272727272727,0.18506591842948264,0.010730627540228023
a96d82a0-cdca-40bf-b4c8-3d7ec178d85b,The Stranglers,0.2363636363636364,0.16363636363636364,0.17303574972773475,0.006587078210903794
4cc51547-88ae-49a2-bf7e-0ef65ee7a94c,HIM,0.14545454545454548,0.14545454545454548,0.1720480258061031,0.026735283741319955
be540c02-7898-4b79-9acc-c8122c7d9e83,Pet Shop Boys,0.21818181818181817,0.21818181818181817,0.2516407122460858,0.019229585245646462
2aaf7396-6ab8-40f3-9776-a41c42c8e26b,LCD Soundsystem,0.2363636363636364,0.2363636363636364,0.2672148398256549,0.026590007396148106
7e61db63-b2e4-496a-a3a3-d4383c63b698,Leith Ross,0.13636363636363635,0.13636363636363635,0.08294600007557722,0.0071249614661065466
fa22eeda-8db9-4ae5-97c9-6d0b9ceb7cf3,Isabel LaRosa,0.18181818181818182,0.07272727272727274,0.11560353006901017,0.008194959947387037
7b748dac-f5ce-45a7-9b95-c1d8b5b013ed,Turnstile,0.0,0.0,,
b0337af1-8d93-4671-b6c9-ba306bf942bf,Central Cee,0.16363636363636364,0.16363636363636364,0.13800445950995774,0.01516427738782046
144ef525-85e9-40c3-8335-02c32d0861f3,John Mayer,0.2,0.18181818181818182,0.41570524157532435,0.05757378858776263
9011971a-df29-4b57-8889-2e5e9a645cbe,Flyleaf,0.2363636363636364,0.16363636363636364,0.20831964489146212,0.018104598278198002
45dc5f07-6609-4760-a933-8c9e0f858d05,French Montana,0.34545454545454546,0.32727272727272727,0.20778209339596934,0.007940719437171164
8ab5d936-49d1-415e-92c8-151e0e7dd912,A$AP Ferg,0.36363636363636365,0.34545454545454546,0.1745825862139205,0.011588247921905903
27e2997f-f7a1-4353-bcc4-57b9274fa9a4,BABYMETAL,0.14545454545454548,0.12727272727272726,0.09861000326933894,0.01539327942657653
6ca4886a-8f77-4133-b404-46fb3908e24a,Brenda Lee,0.16363636363636364,0.16363636363636364,0.2356958477579722,0.00450493019541534
3dd6a140-4526-4792-94dd-ba271e6ed041,Jungle,0.13636363636363635,0.13636363636363635,,
5bddb0fa-66f7-47c8-bf00-afecab627d59,Lô Borges,0.16363636363636364,0.09090909090909091,0.045761326455125345,0.0027829804197601078
2d67239c-aa40-4ad5-a807-9052b66857a6,Le Tigre,0.2545454545454545,0.16363636363636364,0.19662866584984257,0.008747630247208931
526aab94-697f-44a9-b630-41d1c0505953,Lewis Capaldi,0.32727272727272727,0.32727272727272727,0.16359733500647228,0.01423723856044145
4a8ac23a-e27a-44db-814a-f8c31beb68e6,Cassie,0.2363636363636364,0.21818181818181817,0.17957454109817786,0.005413949311317837
f2eef649-a6d5-4114-afba-e50ab26254d2,Sum 41,0.21818181818181817,0.16363636363636364,0.37788826123482055,0.04417641647583573
6143403a-df6c-429e-8ee6-ef869896b0da,Quavo,0.509090909090909,0.509090909090909,0.1355025811436649,0.008214212009510445
2f569e60-0a1b-4fb9-95a4-3dc1525d1aad,Backstreet Boys,0.2,0.09090909090909091,0.3304653707102409,0.01911640264954191
831dcf03-b745-436b-922f-6a2baaf45e57,Dove Cameron,0.2363636363636364,0.16363636363636364,0.13450770802544976,0.007861932742109242
f4d4b515-0b74-423f-a161-db184330c37c,Gym Class Heroes,0.2727272727272727,0.2727272727272727,,
942a9807-9c1a-4a0e-a285-1fde2c5be9d1,Big Sean,0.29090909090909095,0.2,0.3049935776384025,0.015968028518261918
751e517d-9663-4692-8c20-942e16d484c5,Djavan,0.07272727272727274,0.07272727272727274,0.08112420321920379,0.009635573782605133
56393a36-155f-4f50-adbe-45f4a26c40bf,Clara La San,0.09090909090909091,0.09090909090909091,0.05274790718617949,0.002810178788190196
97529a9e-4b5a-4a9c-9c08-c42401d1c268,YUNGBLUD,0.12727272727272726,0.10909090909090909,0.12226170167446666,0.01172899760296255
9c14317c-87b9-4f7c-a5a5-80add17a1709,Alice Phoebe Lou,0.018181818181818184,0.018181818181818184,0.10153096073059796,0.006600762013815923
da0c8f4f-f4f4-4e91-86ca-e31108bb5706,Nessa Barrett,0.4,0.2545454545454545,0.11398327246870496,0.012868986796596623
70923a5d-d3ba-4ef7-9064-ea5f709aa076,Have a Nice Life,0.09090909090909091,0.09090909090909091,,
9f93c34a-2dc2-400e-ada5-937c3efc3437,Liana Flores,0.12121212121212122,0.12121212121212122,0.1321770699392284,0.007892361451109496
df6c619f-4334-43e2-8b6a-4a32af1e4f85,YOASOBI,0.05454545454545454,0.018181818181818184,0.09111242520153075,0.014279131503574276
9e103f85-7af7-41d7-b83b-49ba8f0c5abf,Of Monsters and Men,0.14545454545454548,0.14545454545454548,0.2528736649584626,0.020539942409032366
31bcadcc-e1da-4cad-bec8-2f4f1d41b095,Meek Mill,0.18181818181818182,0.18181818181818182,0.19242130692079676,0.013155931415485225
e6de1f3b-6484-491c-88dd-6d619f142abc,Hans Zimmer,0.09090909090909091,0.09090909090909091,0.29467774088565385,0.040375807533927874
ddb0a21a-af9f-4333-aa31-214bdaafad37,Beach Weather,0.5454545454545454,0.4545454545454546,,
28d7452b-c83b-4f43-98af-e233a146f59d,BK,0.14545454545454548,0.09090909090909091,0.044216532596534866,0.012616440986609656
49302df8-9e4f-42ed-8a9c-5d6f8d6cb83c,Black Box Recorder,0.2,0.16363636363636364,0.07123663738560009,0.0029375834319089536
7808accb-6395-4b25-858c-678bbb73896b,Bastille,0.2,0.2,0.26018729306338423,0.025605326952043723
8339c0c3-7a04-4b19-8ca3-b149e0d09222,Yves,0.4,0.38181818181818183,0.042319725915690096,0.006544530708708634
e07d9474-00ea-4460-ac27-88b46b3d976e,blackbear,0.21818181818181817,0.2,0.18604615271659822,0.019181511066623816
3b6abaef-febf-4cfe-943f-6a20cf0afdad,Bizarrap,0.18181818181818182,0.18181818181818182,0.09645264809078435,0.01240597160565882
65e60a4a-4e52-48b3-ade4-bdfed2c94b3e,Mom Jeans.,0.045454545454545456,0.045454545454545456,0.07239231068728857,0.010443162996149084
752bebd2-b44c-41bb-8a21-bdf3cd1b5518,Cynthia Erivo,0.14545454545454548,0.10909090909090909,0.06441437469665562,0.0035425728033309806
03f3deb7-0419-4bf9-a1e7-511946385717,The Alchemist,0.41818181818181815,0.2,0.14806984742366217,0.013101103733920306
21a14ee3-cede-420a-9d6d-a33517d2f952,Alec Benjamin,0.14545454545454548,0.14545454545454548,0.14476986906416675,0.014415319626207646
78e854b8-9713-4ff2-9218-6b3784893bff,Vince Staples,0.14545454545454548,0.14545454545454548,0.1523685571979416,0.024438108857459995
5660a8c7-d0d9-4181-89b4-8e125328e31e,NF,0.10909090909090909,0.03636363636363637,0.13552482308859135,0.02525676916259886
f7eb3be3-1065-4a53-94d4-e2d0c15c0b33,Sean Kingston,0.34545454545454546,0.29090909090909095,0.29555243941367965,0.0076057867118865035
bfd5aec5-62a2-4560-a316-7c46c17babda,Train,0.2363636363636364,0.2,0.3691737310374653,0.016135320845542717
05f3353e-e2d9-4344-a3c9-8009dd8e0427,Sky Ferreira,0.2,0.18181818181818182,0.14925196140477853,0.013381148294172716
c3cceeed-3332-4cf0-8c4c-bbde425147b6,Scorpions,0.12727272727272726,0.10909090909090909,0.30765114961918044,0.02459746970851505
add5f522-25df-41c4-815e-0ca9f60b83e4,Ava Max,0.2363636363636364,0.21818181818181817,0.16677986227923874,0.01828242810494605
66ab36ce-8f58-46fb-9284-396c2c90ecbd,Ecco2K,0.07272727272727274,0.05454545454545454,0.06793087158125136,0.02146989287563444
5721c227-4caf-48b1-bbfc-1a4ed3276963,Roddy Ricch,0.2727272727272727,0.2727272727272727,0.16022291421905976,0.013690599450984645
1c5b9bd6-76e8-4fe7-a6df-3bc0b5a452cc,Motionless in White,0.32727272727272727,0.32727272727272727,0.09296656366149621,0.01575635644682605
92a42e82-b36f-4308-82c1-68bad2e03c89,Third Eye Blind,0.2,0.18181818181818182,0.22293339706331428,0.014558923952450837
90270118-8ed0-4446-bf97-8a09b3f9e8f3,Luis Miguel,0.16363636363636364,0.16363636363636364,0.08997456815164558,0.010041913056793575
58e235fc-f6ea-4614-9ed4-9855a5665ae1,Bleachers,0.12727272727272726,0.12727272727272726,0.12689755848127912,0.01141944961444571
fc63a914-272d-4b95-9221-61adcce6f793,Gal Costa,0.12727272727272726,0.09090909090909091,0.09554492708330141,0.011643203258481201
1239d1bc-cc09-43e0-bcd0-374f60346138,Kelis,0.18181818181818182,0.14545454545454548,0.24381132067335443,0.00762042487412452
970ec984-5b9d-49a8-a1b3-3c0d6c7d5c34,Jade,0.12727272727272726,0.12727272727272726,0.06256591020223261,0.006132838938447186
f81f19b9-c76e-43ac-8656-bb56071785fb,Marisa Monte,0.16363636363636364,0.16363636363636364,0.08677002589257436,0.010452782193742124
87ae83df-6173-40cc-a0f2-bad543faa6aa,DaBaby,0.09090909090909091,0.09090909090909091,0.15753776676574544,0.014931651865956564
7e92584c-ca97-48bf-8a12-0327db0f6ac8,Tainy,0.34545454545454546,0.34545454545454546,0.07835893937242991,0.009263232614347252
1bfa27e3-0376-4206-a772-4586e25a64f5,Milton Nascimento,0.16363636363636364,0.05454545454545454,0.06925438078368586,0.006667689878278107
a8c7ff7a-ebc0-42c7-8828-475decf0ccdd,Basement,0.09090909090909091,0.09090909090909091,0.10666816913274231,0.00918814878694403
16243662-8538-4746-a0fb-0d15b5828b8e,Neon Trees,0.2363636363636364,0.18181818181818182,0.22395221431611861,0.009565572601959126
9beb62b2-88db-4cea-801e-162cd344ee53,Beastie Boys,0.38181818181818183,0.16363636363636364,0.38218061616769244,0.035585512559422085
9d67c199-1d6c-4647-966c-f45a4badb43b,Niki,0.10909090909090909,0.07272727272727274,0.09985384999555728,0.02026529163645085
309c62ba-7a22-4277-9f67-4a162526d18a,Beck,0.2545454545454545,0.18181818181818182,0.4618198291251233,0.04504536413148698
796bc8a9-efd1-43e8-bacf-5eba68835928,PEDRO SAMPAIO,0.13636363636363635,0.13636363636363635,0.05246886156080125,0.00599955082360086
4ebb5ad3-9018-407d-8c24-c03011ab9ac6,American Football,0.10909090909090909,0.05454545454545454,0.1210442956276762,0.013053939423980749
29fab96f-c3a2-4251-80f6-7ccda50da706,Amaarae,0.38181818181818183,0.38181818181818183,0.10475910668632582,0.008824959232550965
bdb2e504-7372-4f5b-a6c7-d578021c53b5,Beach Bunny,0.34545454545454546,0.14545454545454548,,
ff1cafa3-7ed4-4ed2-afbb-d1f263d607a8,Cuco,0.0,0.0,0.12919313146044809,0.01116348212676596
3478a5d1-bd96-4584-aa54-4d6e0a329658,Sam Fender,0.2,0.2,0.07960880050212325,0.01150936904771348
b2029169-2574-4305-820f-252a5fde3697,Meghan Trainor,0.12727272727272726,0.10909090909090909,0.22582802732445628,0.012146417273894726
97e69730-3791-423b-9770-287261588854,Alessia Cara,0.21818181818181817,0.21818181818181817,0.18515568056436438,0.010190885290762505
f906154a-7011-49c3-8f6a-44ca83311b08,JISOO,0.4545454545454546,0.4,0.06227506272852605,0.01184538465969211
5d02f264-e225-41ff-83f7-d9b1f0b1874a,Simon & Garfunkel,0.12727272727272726,0.09090909090909091,0.3873031857387373,0.03149411335508972
e665ce26-6ce9-4c42-8f6a-7a361a0ba328,Fuerza Regida,0.2272727272727273,0.2272727272727273,,
99790314-885a-4975-8614-9c5bc890364d,TLC,0.43636363636363634,0.41818181818181815,0.2854806966585677,0.009096634683797171
4c7a5854-6b75-4623-a684-6a3d785d9015,Estelle,0.29090909090909095,0.2727272727272727,0.23672669381772657,0.006301344133719539
410e7fd3-b865-4fa0-bb18-1b7fd53382ca,Solange,0.3090909090909091,0.2727272727272727,0.17334543476704228,0.017379797264494627
b23e8a63-8f47-4882-b55b-df2c92ef400e,Interpol,0.32727272727272727,0.07272727272727274,0.35319141837677154,0.057101592122798146
f37c537b-3557-4031-bfd6-ab63ced32854,10cc,0.14545454545454548,0.12727272727272726,0.16793769168783337,0.0050152254290811524
4dbf5678-7a31-406a-abbe-232f8ac2cd63,Bryan Adams,0.16363636363636364,0.12727272727272726,0.32679715198703974,0.01486541519958019
9a3bf45c-347d-4630-894d-7cf3e8e0b632,Santana,0.2545454545454545,0.2545454545454545,0.3106566491670221,0.014692396134772266
5cbef01b-cc35-4f52-af7b-d0df0c4f61b9,Sonic Youth,0.2727272727272727,0.12727272727272726,0.29395135981690795,0.037704719202445294
37177491-dc86-4536-8ac2-51887ccfa0bb,The Rare Occasions,0.05454545454545454,0.05454545454545454,,
155cfd40-dcde-471e-acc0-32179916165c,xaviersobased,0.12727272727272726,0.12727272727272726,0.025316780333218377,0.00970652641471802
d6d45dda-2377-4faa-947b-e071efa085c0,100 gecs,0.16363636363636364,0.16363636363636364,0.12208399307367677,0.022789756120898036
dbe7fdf7-81b2-418b-b3f6-81ae71532f40,Lucy Dacus,0.2,0.18181818181818182,0.10791519327966442,0.015608204810668715
b03bbf4e-4c7a-4acc-8d30-71c360d95b4b,Sports,0.18181818181818182,0.18181818181818182,,
d15721d8-56b4-453d-b506-fc915b14cba2,The Black Keys,0.21818181818181817,0.14545454545454548,0.36583902800885004,0.05608131570423921
622b6000-ff0d-4ab3-9e98-c4916f3692c3,The Front Bottoms,0.0,0.0,0.09737829882938147,0.017730238474217907
78ea5ea1-3c4d-4b7e-ac5d-68900319ebe2,Siouxsie and the Banshees,0.2,0.16363636363636364,0.18407127226988917,0.01586936806082103
12398bf3-1b99-47b7-930c-f3956773f35a,Aminé,0.29090909090909095,0.29090909090909095,0.16134352241369584,0.017650719871044083
c7423e0c-ab3e-4ab4-be10-cdff5a9d3062,Blue Öyster Cult,0.2727272727272727,0.10909090909090909,0.21169644874440247,0.0104299572452576
446ac261-09ae-43f4-a7e1-2c753c0813ce,Tim Maia,0.16363636363636364,0.16363636363636364,0.08822017800591658,0.009501718635252567
8b4a0e08-3e96-4123-afaf-34163355b527,Sophie,0.36363636363636365,0.36363636363636365,,
395cc503-63b5-4a0b-a20a-604e3fcacea2,Men at Work,0.10909090909090909,0.03636363636363637,0.21791080276512764,0.007145527008143127
a9c38fd2-04be-4bc6-a3bc-96508b226508,Stephen Sanchez,0.0,0.0,0.16024141134672817,0.008027451856967965
3e1f2ee4-16be-4406-bf18-6173840cf2b1,Martin Garrix,0.21818181818181817,0.21818181818181817,0.2236554659182479,0.014127666652865094
04bac789-bf59-4383-8ad7-799d20d969f7,Modjo,0.18181818181818182,0.09090909090909091,0.1656683324294706,0.00444445108987156
d574c9bd-46f6-440a-8d6a-8412a283eeb1,will.i.am,0.21818181818181817,0.21818181818181817,0.27062137525803776,0.008036963463777767
52074ba6-e495-4ef3-9bb4-0703888a9f68,Arcade Fire,0.14545454545454548,0.12727272727272726,0.34443955348614685,0.06445710086393674
5c61efe6-3cdf-4160-b43c-9274944369e6,Gregory Alan Isakov,0.05454545454545454,0.05454545454545454,0.12317668535784396,0.01053736396101782
e4356a15-5acc-400d-a707-592d66922e28,Sevdaliza,0.10909090909090909,0.03636363636363637,0.11424325356986052,0.008447158849794544
00505f51-68a8-45fc-b6d6-51be64751378,Slow Pulp,0.09090909090909091,0.09090909090909091,,
21dab5d7-3bda-4f72-a054-6379729dcb62,Flo Milli,0.2363636363636364,0.2363636363636364,0.1366057135244302,0.009485505285790804
99ea432a-e3d8-42cb-9d5e-db316a6a8458,Nick Drake,0.0,0.0,0.24628414833606987,0.026094384055884785
7c20f558-d664-42bd-b6f1-81acf9dbb72d,t.A.T.u.,0.3090909090909091,0.14545454545454548,0.22538977022595658,0.013097037093099912
407d7ae0-c297-491c-bd19-4185e2b12ef2,Tally Hall,0.2,0.2,0.11808872697660816,0.012093252306109643
99450990-b24e-4132-bb68-235f8c3e2564,Alvvays,0.18181818181818182,0.03636363636363637,,
160629ab-ec18-4931-8c95-02cb92d06186,Foreigner,0.18181818181818182,0.07272727272727274,,
b665b768-0d83-4363-950c-31ed39317c15,Van Halen,0.3090909090909091,0.09090909090909091,0.3307485015908097,0.022675953278467425
de0748c9-ed32-4a7c-aaaa-cfac23ec5299,PASTEL GHOST,0.09090909090909091,0.03636363636363637,0.0955259760383896,0.007265706203802882
02452937-d06b-4e9f-966d-8477bae38ddc,Susannah Joffe,0.09090909090909091,0.09090909090909091,0.04071274539475424,0.0017715043456980172
c9cd225b-4883-428e-82c2-73e0b6282fb6,Lil Durk,0.2545454545454545,0.2545454545454545,0.11550809396858597,0.017478109360426552
683c2192-bbd4-4a6c-9d37-91eb6b412cbf,Furacão 2000,0.18181818181818182,0.18181818181818182,,
ab1a3f85-e0ea-470a-af5c-175447ae774c,underscores,0.21818181818181817,0.21818181818181817,0.042975409373776904,0.007026886069897737
b9545342-1e6d-4dae-84ac-013374ad8d7c,IU,0.07272727272727274,0.07272727272727274,0.11275417805289702,0.02540976296557359
70e5098b-c4ae-4cd7-9799-3c1b9b57c753,SHINee,0.2363636363636364,0.2363636363636364,0.0883783681652404,0.02887063307283107
c5f259d0-abd8-418e-81ee-3965fd4e4e9a,Icona Pop,0.5818181818181819,0.4,0.22435256932479467,0.007542844649764337
3f962bf0-42a0-45a0-830f-07b66301d35f,Rita Lee,0.14545454545454548,0.07272727272727274,0.08051867761651232,0.010297697349355922
07cc14fb-4784-4a25-804b-2686ed5ef52c,The Game,0.4,0.4,0.34186130354365246,0.015165713870169602
7fe96b15-5608-430e-ad25-77a01353c5d9,Young the Giant,0.2545454545454545,0.16363636363636364,0.2086375004411508,0.012235991835084342
0ef3f425-9bd2-4216-9dd2-219d2fe90f1f,Lenny Kravitz,0.16363636363636364,0.14545454545454548,0.3226368869719964,0.01499601645270464
26f07661-e115-471d-a930-206f5c89d17c,Mötley Crüe,0.2,0.14545454545454548,0.21007857420962509,0.016495063423869645
7df45a14-19d1-4273-b073-c7292790a6a6,Yot Club,0.18181818181818182,0.18181818181818182,0.1583053408243296,0.008968587112452107
52494f9b-789d-4467-bcaf-9915e70cc8f6,Rina Sawayama,0.16363636363636364,0.16363636363636364,0.121986741304279,0.02730239679525464
e5e045da-59a3-4b65-8bb4-3c7f3ac9a529,Creepy Nuts,0.14545454545454548,0.07272727272727274,0.06008332331878415,0.005276799559711065
2386cd66-e923-4e8e-bf14-2eebe2e9b973,3 Doors Down,0.2363636363636364,0.10909090909090909,0.39147865698143447,0.0252935916719823
936addc3-91aa-49de-8ec0-0dc186de151f,Misfits,0.09090909090909091,0.018181818181818184,0.17425281533659268,0.0256403387376239
fbcd7b29-455f-49e6-9c4f-8249d20a055e,Seether,0.29090909090909095,0.2545454545454545,0.26289411506507077,0.021410156437280888
c5460e21-d5e7-4e26-ab4c-ba9c627809f8,Key Glock,0.09090909090909091,0.09090909090909091,0.10546869281706601,0.011233525180581657
592da4c4-9618-4a1a-a944-e60c05c39037,Patrick Watson,0.2,0.09090909090909091,0.18112001583263343,0.010012653307113878
5b64e344-b2fb-47bd-bd7b-4c793b17d472,Mike Posner,0.21818181818181817,0.21818181818181817,0.2700383185588945,0.009099788547675468
e107bde8-78f0-4646-8925-68007a15880e,NAYEON,0.34545454545454546,0.34545454545454546,0.08016882090116417,0.010838570465189016
9947e874-ddd0-4e1a-b0d4-a76f6532fe45,Tyler Childers,0.09090909090909091,0.07272727272727274,0.0614636856559541,0.01041181075112841
6be2828f-6c0d-4059-99d4-fa18acf1a296,Janet Jackson,0.2,0.12727272727272726,0.24674237779327904,0.017945384855594573
db008806-16f6-48fc-8521-3d953709689d,A Day to Remember,0.07272727272727274,0.07272727272727274,0.21102170076209298,0.044092877757585615
cc3e537d-ff34-423f-8cd6-635a80f4dba7,Gesaffelstein,0.03636363636363637,0.03636363636363637,0.16344220878854138,0.007427990325517029
cb525a30-b590-448f-b94d-fab86e0e8756,Loona,0.2363636363636364,0.2363636363636364,0.12240173514405461,0.031520438493460194
aea4c9b9-9f8d-49dc-b2ca-57d6f26e8634,Khruangbin,0.12727272727272726,0.05454545454545454,0.112244655947184,0.012511318394098933
4d8afa16-4018-4ca8-8b5e-ede8f9314562,The Animals,0.14545454545454548,0.14545454545454548,,
e565610b-9a8f-451d-b594-ea658d76f725,Fifth Harmony,0.2,0.2,0.1776927136863652,0.013878282267189844
7bd9e20e-74b9-446a-a2ed-a223f82a36e7,Cyndi Lauper,0.09090909090909091,0.09090909090909091,0.3251664542901364,0.010535346197653306
d03d8ba8-065c-41d9-a804-d6c05a949194,P1Harmony,0.6545454545454545,0.38181818181818183,,
6bd5655c-b7fe-48ee-8925-c2d2d8798618,Far East Movement,0.6727272727272727,0.43636363636363634,0.23662853421384197,0.006775070423307269
ff6e677f-91dd-4986-a174-8db0474b1799,Jack Johnson,0.14545454545454548,0.12727272727272726,0.40678667557706216,0.05310124205495752
cf71e106-1003-4390-8477-cf268229df66,LUDMILLA,0.16363636363636364,0.14545454545454548,0.05567385773711587,0.012775847200265209
d6cb8700-8c8b-490a-800e-cfc1ae69d454,Chris Grey,0.36363636363636365,0.3181818181818182,0.03875987993434995,0.0032645207080697278
59d6cea7-3771-4ce6-8c02-395ac5ba927a,YNW Melly,0.21212121212121213,0.21212121212121213,0.11524607023983512,0.010180946810250568
d8e41375-bd8d-4e39-9da7-f0c171e97086,Grouplove,0.2,0.2,0.24484454979863662,0.011155300574665664
db76c5ca-d555-4f09-b1db-baa1b713d875,Mary J. Blige,0.3090909090909091,0.3090909090909091,0.2576489878383088,0.009634554287237503
29542149-a818-4167-aa91-439adc9d61f5,Glee Cast,0.29090909090909095,0.2545454545454545,,
3ff72a59-f39d-411d-9f93-2d4a86413013,The Magnetic Fields,0.09090909090909091,0.018181818181818184,,
54799c0e-eb45-4eea-996d-c4d71a63c499,Ella Fitzgerald,0.16363636363636364,0.10909090909090909,0.3186022435540631,0.016102786555835958
09095919-c549-4f33-9555-70df9dd941e1,Mareux,0.4545454545454546,0.4545454545454546,,
e8979f75-9110-4df8-ac70-898898d080d1,Maluma,0.38181818181818183,0.29090909090909095,0.10439949075024463,0.008292172000256857
ef73e6ed-9096-4ddb-9799-b94874d0ce33,Keyshia Cole,0.29090909090909095,0.29090909090909095,0.1745381023240676,0.005777422381964023
889db25c-d1df-457a-b0d1-c405f34a01f3,Bo Burnham,0.0,0.0,0.12246505659950847,0.020243904333459073
79c6b6f4-cb92-4f03-a1ef-82e7aa4eddbb,Cameron Winter,0.12727272727272726,0.12727272727272726,0.020903342975670376,0.0024146535508605066
31da7b06-bc30-4a1f-9f4a-c2ac1a84167f,yeule,0.21818181818181817,0.21818181818181817,0.0726671575781654,0.009998998292005911
fa97dd36-1b82-43d7-a6e4-2adeafd59cef,Fleet Foxes,0.2,0.2,,
ba0e7638-0cd6-4ff4-8987-c3e224d22c23,Kygo,0.2545454545454545,0.2545454545454545,0.21366474739108227,0.016405848855625016
3fb49f5a-fdc0-4789-9c84-22b38b3f3cb5,N*E*R*D,0.16363636363636364,0.05454545454545454,0.10475899320701497,0.0034171379433031307
fb7272ba-f130-4f0a-934d-6eeea4c18c9a,Al Green,0.21818181818181817,0.21818181818181817,0.2481441877201995,0.010505399902462208
fd36f43e-5bd1-488e-b844-0e059250ef78,glaive,0.16363636363636364,0.14545454545454548,0.05798452346462776,0.025263226645094287
6f2c949d-9540-4421-bf02-27ae27e00e33,Ice Spice,0.2,0.18181818181818182,0.1548796273884132,0.013295232982756705
14ecd19f-7121-4192-8549-e5056241a42f,Pusha T,0.38181818181818183,0.2727272727272727,0.16754346456194316,0.018137445162747946
ad279295-653f-42e1-9aaa-b731df2e78ba,Owl City,0.21818181818181817,0.21818181818181817,0.3022564566607192,0.02503009021240297
55e6074f-ef78-4ec3-8fff-bd1b8cc8c14a,Niall Horan,0.509090909090909,0.2727272727272727,0.14160175366387812,0.01973428634015584
b2befbb4-c585-4b05-8efa-3deebc8e1385,BØRNS,0.14545454545454548,0.10909090909090909,0.18502608719137456,0.008918701628054398
606bf117-494f-4864-891f-09d63ff6aa4b,Rise Against,0.10909090909090909,0.10909090909090909,0.320005188274092,0.06127495514894279
44727d86-a37c-449f-aa91-4a8554127336,Julie Doiron,0.16363636363636364,0.16363636363636364,0.06907621826565256,0.00316864074541072
04af2581-6692-4f14-a7fe-151a36f20368,Cascada,0.18181818181818182,0.18181818181818182,0.2480990229544815,0.011939767656534643
f82f3a3e-29c2-42ca-b589-bc5dc210fa9e,The Kooks,0.21818181818181817,0.21818181818181817,0.40978547984556374,0.04741913027685906
af1b83bb-3edc-4443-b771-67a1d235e82b,Junior H,0.09090909090909091,0.09090909090909091,0.03741242659732627,0.012684596839930227
1ba1d493-7114-45e2-b163-a36d49a0c065,Chet Baker,0.18181818181818182,0.18181818181818182,0.20062472630208714,0.014263162414269049
d9550ac2-7bcf-4655-a3fe-24922e254a74,Pabllo Vittar,0.29090909090909095,0.29090909090909095,0.06485683052965674,0.02759980679870713
3a5d1cc7-627e-48ea-aba3-fdd20d782c33,Chico Buarque,0.12727272727272726,0.12727272727272726,0.10419545494933773,0.014664083474770941
35f866dc-c061-48ba-8157-cf2e0eac4857,Enrique Iglesias,0.12727272727272726,0.10909090909090909,0.2928888530294267,0.014985603118816965
c0daae21-ec2a-4dd0-a323-4f53f5945d04,King Krule,0.09090909090909091,0.018181818181818184,0.1187700567589469,0.02304239730866041
5f606b3d-fab7-4d39-bcdb-f5d42edae945,Del Water Gap,0.09090909090909091,0.09090909090909091,0.0698610411794858,0.005374047088460764
2a7ef045-ca10-4cb5-8fe9-1f5d38e84bc2,GloRilla,0.1590909090909091,0.1590909090909091,0.09505719300527145,0.005601753676029502
d44b92db-dd49-4636-abe8-7c381f90b7aa,Lil Tjay,0.41818181818181815,0.41818181818181815,0.10047469530521339,0.01700530660685924
daf84e36-f78e-4c94-a032-6aed138c0d34,Plan B,0.2,0.16363636363636364,0.13755269837346698,0.008098944478498332
172053e5-a7fb-4548-a64d-c53858b5e775,Father John Misty,0.12727272727272726,0.12727272727272726,0.15525354171766143,0.016316947463795372
b6d7ec94-830c-44dd-b699-ce66556b7e55,Macklemore,0.09090909090909091,0.018181818181818184,0.1589626129927683,0.00562326456302905
f9ad56b5-6f41-4cdc-b859-3370c8bff3e2,Balu Brigada,0.18181818181818182,0.18181818181818182,,
8560d4e8-05e2-4c20-980b-ad2db445dd5d,Fitz and the Tantrums,0.21818181818181817,0.21818181818181817,0.1993412752963824,0.007177384639059106
2fa0d3ac-b64c-401a-b0a1-4915ba6cc157,Hoobastank,0.2,0.12727272727272726,0.31646054852040567,0.013621609042129251
fcfa9543-e113-4ef9-9ef6-455ba4cbe7af,Jim Croce,0.10909090909090909,0.10909090909090909,0.16734646447830892,0.007162202416401
eaee97f6-f2e4-414a-966c-f31a1fb4696a,Feid,0.4090909090909091,0.4090909090909091,0.06592762130683001,0.015522384586242208
35f343df-3b87-4475-b0e4-d2ba5cc26eea,Romeo Santos,0.018181818181818184,0.018181818181818184,0.08045308657484147,0.005952370229650866
262cf0ce-2af2-4686-a8cc-d6b33e97336d,Mk.gee,0.14545454545454548,0.07272727272727274,0.07283419912373545,0.00791213343842324
bb7959ac-84cc-45c4-8138-d80ee5f2bd9a,Lucy Bedroque,0.09090909090909091,0.09090909090909091,0.016593739187549413,0.004221802723044386
603ba565-3967-4be1-931e-9cb945394e86,*NSYNC,0.2363636363636364,0.21818181818181817,0.21881262284844644,0.008424733441137495
26ecbba4-a425-4d98-8a96-16eed147ff09,Baby Monster,0.18181818181818182,0.12121212121212122,0.0025678098458962306,1.613251098138487e-05
61a57a2a-4c7f-4b41-8109-1070a9c32242,Novo Amor,0.2363636363636364,0.2,0.13388504704682008,0.011054905579327482
6b014cfd-4927-4187-a741-715998e6d785,Lemon Demon,0.09090909090909091,0.09090909090909091,0.08777647390049612,0.01377476830228144
2944824d-4c26-476f-a981-be849081942f,Nina Simone,0.2,0.16363636363636364,0.3254494716913944,0.020838865080739965
e9296a90-9c59-4657-9165-1f1b5319de00,Lloyd,0.32727272727272727,0.3090909090909091,0.16882918515386489,0.004612791409538253
6e61b52a-9001-4638-9f10-f684c180a749,Homixide Gang,0.09090909090909091,0.09090909090909091,0.05019496313000451,0.014609181352015459
b345af35-205e-4eca-8006-029e5c20127e,Simple Plan,0.14545454545454548,0.14545454545454548,0.3072413758277039,0.022687089796889985
17b53d9f-5c63-4a09-a593-dde4608e0db9,The Kinks,0.09090909090909091,0.018181818181818184,0.36092560080770036,0.025739312953051575
cf15719f-51f9-4db8-a15d-5eed9664ce69,Lupe Fiasco,0.38181818181818183,0.34545454545454546,0.3220361275003606,0.02070053473837661
656d0024-7b5f-4089-9d3e-ce383f15f1b7,BOYNEXTDOOR,0.2727272727272727,0.16363636363636364,,
75e4f8ef-34c3-44fd-8467-88a7d9599f77,Peso Pluma,0.05454545454545454,0.03636363636363637,0.06998688973521759,0.013084978201800537
8d455809-96b3-4bb6-8829-ea4beb580d35,Phoenix,0.36363636363636365,0.12727272727272726,0.341968541492405,0.035280129206574154
90744b3e-363a-458e-8da1-e3e392a489c4,Wet Leg,0.21818181818181817,0.16363636363636364,0.08663521247128547,0.006466054863774493
aef06569-098f-4218-a577-b413944d9493,HAIM,0.3090909090909091,0.2545454545454545,0.16861153183565605,0.01953774996563398
af37c51c-0790-4a29-b995-456f98a6b8c9,Vampire Weekend,0.2,0.2,0.3821747152435283,0.05119843537132862
1c5efd53-d6b6-4d63-9d22-a15025cf5f07,Gojira,0.05454545454545454,0.05454545454545454,0.10862194242763339,0.02315919989844198
d530dbf9-69b1-404f-98f2-0431104f5a1e,Bullet for My Valentine,0.2545454545454545,0.2,0.2778681640488692,0.03923401401378035
4b3392b5-704e-461e-95a3-da8e94c9d4e0,Julie,0.18181818181818182,0.18181818181818182,0.07539361150062884,0.007948789036699714
e9aed5e5-ed35-4244-872e-194862290295,Dr. Dog,0.2,0.12727272727272726,0.19256054603520875,0.010323666565784023
b7f2cca2-72c6-41fb-ae33-53370fc62fe7,Stevie Nicks,0.10909090909090909,0.10909090909090909,0.1656904608950862,0.006673653024742449
5fc55ebf-21bd-4eda-954c-dd250132331e,Mariah the Scientist,0.18181818181818182,0.18181818181818182,0.05236151013273788,0.0049839418095330296
2bee95a7-1c0e-4b3c-99a5-4857d9d776dd,Dayglow,0.03636363636363637,0.03636363636363637,0.15069961697328207,0.010336737682803512
8b98035f-fbd2-4fb3-9c2f-263c7506680d,Declan McKenna,0.18181818181818182,0.18181818181818182,0.15399880097760155,0.013125230240096075
777a21a8-0d0f-4cf3-86b4-65bc0eba5649,Staind,0.32727272727272727,0.2545454545454545,0.23910283710759844,0.014303425793214714
45074d7c-5307-44a8-854f-ae072e1622ae,KMFDM,0.21818181818181817,0.16363636363636364,0.07890057612311326,0.010405282316873233
38474d18-9204-4f60-a137-1fcc6750b869,Skepta,0.36363636363636365,0.36363636363636365,0.11067909537470812,0.010494886538224713
bb2b7bbf-75e5-43f8-8a9f-7769ae7d832a,Rachel Chinouriri,0.2363636363636364,0.2363636363636364,0.07729654606425948,0.004724918162037596
b4d32cff-f19e-455f-86c4-f347d824ca61,Eurythmics,0.21818181818181817,0.14545454545454548,0.31008380560585524,0.009171148280049246
4ae36ade-1798-48c4-b06b-cc68b7d3d83f,Porter Robinson,0.14545454545454548,0.12727272727272726,0.14430403649313067,0.017920541271387834
2eb55bd9-cfbf-44fd-a5da-92dd825284c7,AJR,0.2545454545454545,0.09090909090909091,0.13152479086046706,0.014909646642925933
d62614aa-ef2c-44cd-8a7b-91292755a1d0,Jorja Smith,0.2545454545454545,0.2545454545454545,0.14458955043922733,0.012021146707900734
ed5d9086-e8cd-473a-b96c-d81ad6c98f0d,LMFAO,0.36363636363636365,0.21818181818181817,0.27956025405294194,0.010138458919165039
e22d2f66-881e-41ca-9356-544697ee5f90,Etta James,0.2545454545454545,0.2545454545454545,0.246278020453284,0.00888143130838398
373a4c98-a46b-48e4-86ec-f6ca65b4f438,Chance the Rapper,0.509090909090909,0.509090909090909,0.15168688697767033,0.01698157993129685
e34e41f2-f480-45d3-8190-a3ce5ab34fab,Wale,0.2545454545454545,0.2545454545454545,0.2409225913363766,0.008436855432977309
03172286-f7ed-4864-a4db-459cd5ca9790,Ciara,0.3090909090909091,0.3090909090909091,0.30415666772088945,0.01278191968222819
c20ee61f-071f-4e65-9c81-45ee931a54ce,Luke Combs,0.2,0.2,0.08249117499769353,0.010863102908482072
f5db63f8-94e0-4cf9-bdc8-69744e4fd4b4,Sydney Rose,0.18181818181818182,0.18181818181818182,,
91ae77d8-3bb5-4e59-98a7-532ac0f2825d,I DONT KNOW HOW BUT THEY FOUND ME,0.18181818181818182,0.16363636363636364,,
0039c7ae-e1a7-4a7d-9b49-0cbc716821a6,Death Cab for Cutie,0.2,0.2,0.42104818796803833,0.07139734407609508
2282c539-05a2-477c-82b7-fe40798d37f3,6ix9ine,0.2545454545454545,0.2545454545454545,0.12179768477240419,0.008529919424974556
f2651b63-a44d-4d1d-ba64-d981d971ecd1,Ozuna,0.5272727272727272,0.5272727272727272,0.09585438516398725,0.007202138951994349
8970d868-0723-483b-a75b-51088913d3d4,Moby,0.018181818181818184,0.018181818181818184,0.3987944411932622,0.039482751110040785
c1d4f2ba-cf39-460c-9528-6b827d3417a1,Yes,0.2727272727272727,0.14545454545454548,0.2148712594240312,0.013410323134369429
16456fed-c9f2-4adf-b6ea-97b648c474d2,Dance Gavin Dance,0.43636363636363634,0.2545454545454545,0.08258763241191537,0.02432379045162756
daeec599-bf5d-4428-994a-e76ba5f86e2f,Passion Pit,0.10909090909090909,0.07272727272727274,0.27084753952456025,0.020641214996218665
facf743e-1231-410d-bdf1-9ba11a6a4f3c,高中正義,0.2,0.18181818181818182,0.0007034582479543371,0.00012851864450409472
b02dc689-7859-461d-b70e-9fe1f64fddce,DNCE,0.2,0.2,,
4a4ee089-93b1-4470-af9a-6ff575d32704,The Prodigy,0.2727272727272727,0.16363636363636364,0.328763634964746,0.04018733639714605
0c41b966-12e8-4c9b-87ea-af47798987b6,Kevin Gates,0.2727272727272727,0.2727272727272727,0.08648712197062725,0.004744572671847484
3c3a1ea4-922a-4a90-b1aa-b7763d6dbf20,Sir Chloe,0.18181818181818182,0.14545454545454548,0.11116013417339797,0.00711894161639158
705f04e2-fc5b-41ab-b837-1d850d44084a,fromis_9,0.41818181818181815,0.38181818181818183,0.05872951514035291,0.014252407697734027
ab966c0f-e526-46ae-b492-82c27b87f81f,Mon Laferte,0.10909090909090909,0.10909090909090909,0.04561595945792749,0.00585028169722738
23987750-a64d-4241-a147-2213890464a2,きくお,0.12727272727272726,0.12727272727272726,0.000508500791915371,0.00019418188108441274
60c05c03-e33e-44a7-bef8-6fb245aaea51,LEE HI,0.18181818181818182,0.12727272727272726,0.009136559754403535,0.0006438590135459422
5dfdca28-9ddc-4853-933c-8bc97d87beec,Marilyn Manson,0.2545454545454545,0.09090909090909091,0.3510728731225274,0.05601148725041818
9fdaa16b-a6c4-4831-b87c-bc9ca8ce7eaa,The Who,0.09090909090909091,0.03636363636363637,0.4333865664780527,0.03377500393772816
913b4704-05bf-4e53-b30a-f3bd244ea2ea,SYML,0.09090909090909091,0.09090909090909091,0.133501260017528,0.006589649049051316
75a72702-a5ef-4513-bca5-c5b944903546,John Legend,0.16363636363636364,0.16363636363636364,0.34738229897508893,0.015757085156293045
7cb6e306-a75b-48b4-be00-2c4aa6bbe3a8,GoldLink,0.2545454545454545,0.2545454545454545,0.13439683873875008,0.008109533737855893
a66999a7-ae5c-460e-ba94-1a01143ae847,Snow Patrol,0.14545454545454548,0.14545454545454548,0.4580455072462781,0.03874508078473296
c68ea4b4-85ae-481e-8345-959f6cfc1fdc,The Crystals,0.2,0.2,,
7a1eb805-2242-4daa-bd90-c1ed350e2e48,Insane Clown Posse,0.05454545454545454,0.05454545454545454,0.09124667122626537,0.011145852359182199
1db78dcc-efdc-4b32-aab1-37b9c2210d02,Void,0.18181818181818182,0.18181818181818182,0.0488587442447549,0.0016781911501839233
bca63b5d-a28c-4937-a8f4-e3f2d95426e1,Masego,0.2,0.2,0.11068011668850576,0.005540207967802189
6d230d98-fb8d-4421-a6e8-daca4e55d53e,Milky Chance,0.2363636363636364,0.2363636363636364,,
2547c5e3-314c-4332-981d-f18c902a4086,John Summit,0.32727272727272727,0.21818181818181817,0.05771160572203538,0.003482754072567546
dc7c8277-d4b6-4bca-bdfe-50eee42536ac,NCT DREAM,0.4,0.2363636363636364,0.07186849018840856,0.031412990486102084
edc4f886-8d54-4908-b013-260bfcb50481,Sidewalks and Skeletons,0.18181818181818182,0.14545454545454548,0.08422831628817344,0.004069688838204984
5db88fae-df24-490e-971a-1b3fe8d373ea,The Japanese House,0.05454545454545454,0.05454545454545454,0.11913364447090782,0.00985681968903354
a0327dc2-dc76-44d5-aec6-47cd2dff1469,Counting Crows,0.29090909090909095,0.2545454545454545,0.33548195060495256,0.017013628026977742
b675f327-4738-4af4-bb83-1adb0003f2d3,Yves Tumor,0.0,0.0,0.11178075252443238,0.013234333400800605
a6de8ef9-b1a1-4756-97aa-481bbb8a4069,Joni Mitchell,0.09090909090909091,0.09090909090909091,0.1876586937237657,0.015432985078164775
53b106e7-0cc6-42cc-ac95-ed8d30a3a98e,John Williams,0.03636363636363637,0.03636363636363637,0.24553200746376122,0.019609681673874307
4bdcee62-4902-4773-8cd1-e252e2e31225,Alanis Morissette,0.14545454545454548,0.09090909090909091,0.3087648355758547,0.02274419665834409
47685be0-926f-4be9-b1ae-e32da47a3b99,Legião Urbana,0.12727272727272726,0.12727272727272726,,
11bcbbf4-1252-496a-b747-06942f3d76db,Molchat Doma,0.18181818181818182,0.10909090909090909,0.11565164529681024,0.009145296541125003
233fc3f3-6de2-465c-985e-e721dbabbace,Fugazi,0.29090909090909095,0.07272727272727274,0.166897086407346,0.017649005978945736
eb3c021d-e056-42d6-8fad-064205a90527,femtanyl,0.0,0.0,,
9f6a8346-15f3-4ec4-a632-f5270b0945a3,GOT7,0.2363636363636364,0.2363636363636364,0.06413986824371135,0.014258301055582217
0a7920d5-135b-4bca-885c-ebd79f0d5d9f,Vansire,0.03636363636363637,0.03636363636363637,0.1785865902179245,0.010834860909454602
167a6f86-2c26-43fe-82f0-e4c8a39ea490,Armand Hammer,0.12121212121212122,0.12121212121212122,,
c3ecef5d-84f3-4942-8c24-0a626343c3f4,The Drums,0.14545454545454548,0.03636363636363637,,
e664d1cd-23ab-48d5-b8fa-e98485daa5be,The Radio Dept.,0.12727272727272726,0.07272727272727274,0.12245030428909807,0.010733892193534465
d6ed7887-a401-47a8-893c-34b967444d26,Ramones,0.2363636363636364,0.2363636363636364,0.30288127374625506,0.028241064732371885
a9d1d9b5-968c-486d-8a97-6077885f2ab8,The Paper Kites,0.12727272727272726,0.07272727272727274,0.12621248388168238,0.007198925767792321
bdacc37b-8633-4bf8-9dd5-4662ee651aec,Slayer,0.2,0.07272727272727274,0.2597671926546204,0.03916770145228391
adab38f4-297d-4af8-9450-4e84697240e7,Good Kid,0.07272727272727274,0.07272727272727274,0.056583507892883245,0.007460966319006853
2ba1af4b-9d6b-4a0a-af47-f00769700da2,Paris Paloma,0.03636363636363637,0.03636363636363637,0.07300861682451071,0.004617074976640522
4be3b2fa-0b31-445c-babf-475944be8971,Mr.Kitty,0.12727272727272726,0.12727272727272726,0.11487487941404731,0.008808106444893705
72f8d4f4-a167-4b66-8b65-46fe0a07f63b,Internet Money,0.0,0.0,,
5c2593bc-1621-4c4d-821b-b7bb6ff213b5,Saint Motel,0.09090909090909091,0.09090909090909091,0.13248312364058876,0.007413135236997138
8328b279-1863-487b-976a-58a62b85220a,Lil Skies,0.12121212121212122,0.12121212121212122,0.08884930730526468,0.010900276396447578
c0eee88b-47f2-4cd2-ac48-a045e902a432,Ween,0.2545454545454545,0.2545454545454545,0.136465112658288,0.017937617964188586
2ce02909-598b-44ef-a456-151ba0a3bd70,Ray Charles,0.14545454545454548,0.09090909090909091,0.3079103363651601,0.012460962999685797
