source_id,source,target_id,target,weight,example_songs
18690715-59fa-4e4d-bcf3-8025cf1c23e0,Guy Berryman,98d1ec5a-dd97-4c0b-9c83-7928aac89bca,Chris Martin,13,A Sky Full of Stars; Clocks; Don't Panic; Fix You; In My Place; Shiver; Speed of Sound; Talk; The Scientist; Trouble; Violet Hill; Viva la Vida; Yellow
18690715-59fa-4e4d-bcf3-8025cf1c23e0,Guy Berryman,d156ceb2-fd90-4e82-baea-829bbdf1c127,Jonny Buckland,13,A Sky Full of Stars; Clocks; Don't Panic; Fix You; In My Place; Shiver; Speed of Sound; Talk; The Scientist; Trouble; Violet Hill; Viva la Vida; Yellow
18690715-59fa-4e4d-bcf3-8025cf1c23e0,Guy Berryman,6953c4db-7214-4724-a140-e87550bde420,Will Champion,13,A Sky Full of Stars; Clocks; Don't Panic; Fix You; In My Place; Shiver; Speed of Sound; Talk; The Scientist; Trouble; Violet Hill; Viva la Vida; Yellow
d156ceb2-fd90-4e82-baea-829bbdf1c127,Jonny Buckland,98d1ec5a-dd97-4c0b-9c83-7928aac89bca,Chris Martin,13,A Sky Full of Stars; Clocks; Don't Panic; Fix You; In My Place; Shiver; Speed of Sound; Talk; The Scientist; Trouble; Violet Hill; Viva la Vida; Yellow
d156ceb2-fd90-4e82-baea-829bbdf1c127,Jonny Buckland,6953c4db-7214-4724-a140-e87550bde420,Will Champion,13,A Sky Full of Stars; Clocks; Don't Panic; Fix You; In My Place; Shiver; Speed of Sound; Talk; The Scientist; Trouble; Violet Hill; Viva la Vida; Yellow
7b98b4c7-37e2-4dd0-9290-7312c55aa8da,Kid Harpoon,7eb1ce54-a355-41f9-8d68-e018b096d427,Harry Styles,13,Adore You; As It Was; Cherry; Falling; Fine Line; Golden; Late Night Talking; Lights Up; Matilda; Music for a Sushi Restaurant; Satellite; Sweet Creature; Watermelon Sugar
6953c4db-7214-4724-a140-e87550bde420,Will Champion,98d1ec5a-dd97-4c0b-9c83-7928aac89bca,Chris Martin,13,A Sky Full of Stars; Clocks; Don't Panic; Fix You; In My Place; Shiver; Speed of Sound; Talk; The Scientist; Trouble; Violet Hill; Viva la Vida; Yellow
8df62446-21d3-4449-8901-9e2914362639,Anthony Kiedis,da8f13f1-2a7f-44f7-93a8-3f5f9d7fa52d,Chad Smith,12,Around the World; By the Way; Californication; Can't Stop; Give It Away; Otherside; Parallel Universe; Road Trippin'; Scar Tissue; Snow (Hey Oh); Suck My Kiss; Tell Me Baby
2d4a1dd1-2cd8-4553-bf0b-74b8c9179633,Brad Delson,d07bca29-d980-4100-8cad-065a05f2b343,Joseph “Joe” Hahn,12,Breaking the Habit; Crawling; Faint; In the End; Lying from You; Numb; One Step Closer; Papercut; Points of Authority; Runaway; Somewhere I Belong; What I've Done
2d4a1dd1-2cd8-4553-bf0b-74b8c9179633,Brad Delson,c262b6bf-be56-4b26-bceb-42d7a27342f3,Mike Shinoda,12,Breaking the Habit; Crawling; Faint; In the End; Lying from You; Numb; One Step Closer; Papercut; Points of Authority; Runaway; Somewhere I Belong; What I've Done
415e30a0-116b-4a4f-8cbf-8d0f6406bbab,Chester Bennington,2d4a1dd1-2cd8-4553-bf0b-74b8c9179633,Brad Delson,12,Breaking the Habit; Crawling; Faint; In the End; Lying from You; Numb; One Step Closer; Papercut; Points of Authority; Runaway; Somewhere I Belong; What I've Done
415e30a0-116b-4a4f-8cbf-8d0f6406bbab,Chester Bennington,d07bca29-d980-4100-8cad-065a05f2b343,Joseph “Joe” Hahn,12,Breaking the Habit; Crawling; Faint; In the End; Lying from You; Numb; One Step Closer; Papercut; Points of Authority; Runaway; Somewhere I Belong; What I've Done
415e30a0-116b-4a4f-8cbf-8d0f6406bbab,Chester Bennington,c262b6bf-be56-4b26-bceb-42d7a27342f3,Mike Shinoda,12,Breaking the Habit; Crawling; Faint; In the End; Lying from You; Numb; One Step Closer; Papercut; Points of Authority; Runaway; Somewhere I Belong; What I've Done
415e30a0-116b-4a4f-8cbf-8d0f6406bbab,Chester Bennington,f1dd0051-5578-45a7-a733-03113626407f,Rob Bourdon,12,Breaking the Habit; Crawling; Faint; In the End; Lying from You; Numb; One Step Closer; Papercut; Points of Authority; Runaway; Somewhere I Belong; What I've Done
2dc7a305-7a8c-4fcc-add4-5e9def0a9a0d,Flea,8df62446-21d3-4449-8901-9e2914362639,Anthony Kiedis,12,Around the World; By the Way; Californication; Can't Stop; Give It Away; Otherside; Parallel Universe; Road Trippin'; Scar Tissue; Snow (Hey Oh); Suck My Kiss; Tell Me Baby
2dc7a305-7a8c-4fcc-add4-5e9def0a9a0d,Flea,da8f13f1-2a7f-44f7-93a8-3f5f9d7fa52d,Chad Smith,12,Around the World; By the Way; Californication; Can't Stop; Give It Away; Otherside; Parallel Universe; Road Trippin'; Scar Tissue; Snow (Hey Oh); Suck My Kiss; Tell Me Baby
2dc7a305-7a8c-4fcc-add4-5e9def0a9a0d,Flea,f1571db1-c672-4a54-a2cf-aaa329f26f0b,John Frusciante,12,Around the World; By the Way; Californication; Can't Stop; Give It Away; Otherside; Parallel Universe; Road Trippin'; Scar Tissue; Snow (Hey Oh); Suck My Kiss; Tell Me Baby
f1571db1-c672-4a54-a2cf-aaa329f26f0b,John Frusciante,8df62446-21d3-4449-8901-9e2914362639,Anthony Kiedis,12,Around the World; By the Way; Californication; Can't Stop; Give It Away; Otherside; Parallel Universe; Road Trippin'; Scar Tissue; Snow (Hey Oh); Suck My Kiss; Tell Me Baby
f1571db1-c672-4a54-a2cf-aaa329f26f0b,John Frusciante,da8f13f1-2a7f-44f7-93a8-3f5f9d7fa52d,Chad Smith,12,Around the World; By the Way; Californication; Can't Stop; Give It Away; Otherside; Parallel Universe; Road Trippin'; Scar Tissue; Snow (Hey Oh); Suck My Kiss; Tell Me Baby
d07bca29-d980-4100-8cad-065a05f2b343,Joseph “Joe” Hahn,c262b6bf-be56-4b26-bceb-42d7a27342f3,Mike Shinoda,12,Breaking the Habit; Crawling; Faint; In the End; Lying from You; Numb; One Step Closer; Papercut; Points of Authority; Runaway; Somewhere I Belong; What I've Done
f1dd0051-5578-45a7-a733-03113626407f,Rob Bourdon,2d4a1dd1-2cd8-4553-bf0b-74b8c9179633,Brad Delson,12,Breaking the Habit; Crawling; Faint; In the End; Lying from You; Numb; One Step Closer; Papercut; Points of Authority; Runaway; Somewhere I Belong; What I've Done
f1dd0051-5578-45a7-a733-03113626407f,Rob Bourdon,d07bca29-d980-4100-8cad-065a05f2b343,Joseph “Joe” Hahn,12,Breaking the Habit; Crawling; Faint; In the End; Lying from You; Numb; One Step Closer; Papercut; Points of Authority; Runaway; Somewhere I Belong; What I've Done
f1dd0051-5578-45a7-a733-03113626407f,Rob Bourdon,c262b6bf-be56-4b26-bceb-42d7a27342f3,Mike Shinoda,12,Breaking the Habit; Crawling; Faint; In the End; Lying from You; Numb; One Step Closer; Papercut; Points of Authority; Runaway; Somewhere I Belong; What I've Done
3efdb042-6e1c-45f3-b66b-d56ce59f9025,Spencer Smith,fa9b664a-cfd0-4088-8ed4-a4d7045d351f,Brendon Urie,12,"Build God, Then We'll Talk; But It's Better If You Do; Camisado; I Constantly Thank God for Esteban; I Write Sins Not Tragedies; London Beckoned Songs About Money Written by Machines; Lying Is the Most Fun a Girl Can Have Without Taking Her Clothes Off; The Ballad of Mona Lisa; The Only Difference Between Martyrdom and Suicide Is Press Coverage; There's a Good Reason These Tables Are Numbered Honey, You Just Haven't Thought of It Yet; Time to Dance; Tonight"
ea9aa6dd-35a0-4558-8fe1-e1f3f3132920,Tyler Johnson,7eb1ce54-a355-41f9-8d68-e018b096d427,Harry Styles,12,Adore You; As It Was; Cherry; Fine Line; Golden; Kiwi; Lights Up; Matilda; Music for a Sushi Restaurant; Satellite; Sign of the Times; Watermelon Sugar
358db9a2-3c78-4afb-93b5-d18b34b86eab,Frank Iero,53dc88bd-cdcb-440d-81aa-51a40ef07848,Gerard Way,11,Cancer; Dead!; Disenchanted; Helena; I Don't Love You; I'm Not Okay (I Promise); Teenagers; Thank You for the Venom; The Sharpest Lives; This Is How I Disappear; You Know What They Do to Guys Like Us in Prison
358db9a2-3c78-4afb-93b5-d18b34b86eab,Frank Iero,146c09f6-acfb-4a2b-9de6-fbff103927be,Mikey Way,11,Cancer; Dead!; Disenchanted; Helena; I Don't Love You; I'm Not Okay (I Promise); Teenagers; Thank You for the Venom; The Sharpest Lives; This Is How I Disappear; You Know What They Do to Guys Like Us in Prison
358db9a2-3c78-4afb-93b5-d18b34b86eab,Frank Iero,5438228e-9eb8-4564-9b05-b86aa3e5519d,Ray Toro,11,Cancer; Dead!; Disenchanted; Helena; I Don't Love You; I'm Not Okay (I Promise); Teenagers; Thank You for the Venom; The Sharpest Lives; This Is How I Disappear; You Know What They Do to Guys Like Us in Prison
53dc88bd-cdcb-440d-81aa-51a40ef07848,Gerard Way,146c09f6-acfb-4a2b-9de6-fbff103927be,Mikey Way,11,Cancer; Dead!; Disenchanted; Helena; I Don't Love You; I'm Not Okay (I Promise); Teenagers; Thank You for the Venom; The Sharpest Lives; This Is How I Disappear; You Know What They Do to Guys Like Us in Prison
5438228e-9eb8-4564-9b05-b86aa3e5519d,Ray Toro,53dc88bd-cdcb-440d-81aa-51a40ef07848,Gerard Way,11,Cancer; Dead!; Disenchanted; Helena; I Don't Love You; I'm Not Okay (I Promise); Teenagers; Thank You for the Venom; The Sharpest Lives; This Is How I Disappear; You Know What They Do to Guys Like Us in Prison
5438228e-9eb8-4564-9b05-b86aa3e5519d,Ray Toro,146c09f6-acfb-4a2b-9de6-fbff103927be,Mikey Way,11,Cancer; Dead!; Disenchanted; Helena; I Don't Love You; I'm Not Okay (I Promise); Teenagers; Thank You for the Venom; The Sharpest Lives; This Is How I Disappear; You Know What They Do to Guys Like Us in Prison
f10f8200-9dec-4670-a1dd-eeba14f02def,Ryan Ross,fa9b664a-cfd0-4088-8ed4-a4d7045d351f,Brendon Urie,11,"Build God, Then We'll Talk; But It's Better If You Do; Camisado; I Constantly Thank God for Esteban; I Write Sins Not Tragedies; London Beckoned Songs About Money Written by Machines; Lying Is the Most Fun a Girl Can Have Without Taking Her Clothes Off; The Only Difference Between Martyrdom and Suicide Is Press Coverage; There's a Good Reason These Tables Are Numbered Honey, You Just Haven't Thought of It Yet; Time to Dance; Tonight"
f10f8200-9dec-4670-a1dd-eeba14f02def,Ryan Ross,3efdb042-6e1c-45f3-b66b-d56ce59f9025,Spencer Smith,11,"Build God, Then We'll Talk; But It's Better If You Do; Camisado; I Constantly Thank God for Esteban; I Write Sins Not Tragedies; London Beckoned Songs About Money Written by Machines; Lying Is the Most Fun a Girl Can Have Without Taking Her Clothes Off; The Only Difference Between Martyrdom and Suicide Is Press Coverage; There's a Good Reason These Tables Are Numbered Honey, You Just Haven't Thought of It Yet; Time to Dance; Tonight"
f4abc0b5-3f7a-4eff-8f78-ac078dbce533,Billie Eilish,151cd917-1ee2-4702-859f-90899ad897f8,FINNEAS,10,BIRDS OF A FEATHER; Happier Than Ever; LUNCH; WILDFLOWER; bad guy; bellyache; everything i wanted; i love you; idontwannabeyouanymore; you should see me in a crown
f23074f4-2c06-477a-bf1d-12fa66e087ee,Colin Greenwood,309d9809-cf74-493a-b56b-1378258f20fd,Ed O’Brien,10,Airbag; Everything in Its Right Place; Fake Plastic Trees; High and Dry; Just; Karma Police; Let Down; No Surprises; Nude; Paranoid Android
f23074f4-2c06-477a-bf1d-12fa66e087ee,Colin Greenwood,e9fcfbbf-1743-4f73-8744-ada8da7394ea,Jonny Greenwood,10,Airbag; Everything in Its Right Place; Fake Plastic Trees; High and Dry; Just; Karma Police; Let Down; No Surprises; Nude; Paranoid Android
f23074f4-2c06-477a-bf1d-12fa66e087ee,Colin Greenwood,4ab74d13-d1eb-4895-b874-6da5d8b1aac3,Philip Selway,10,Airbag; Everything in Its Right Place; Fake Plastic Trees; High and Dry; Just; Karma Police; Let Down; No Surprises; Nude; Paranoid Android
f23074f4-2c06-477a-bf1d-12fa66e087ee,Colin Greenwood,8ed2e0b3-aa4c-4e13-bec3-dc7393ed4d6b,Thom Yorke,10,Airbag; Everything in Its Right Place; Fake Plastic Trees; High and Dry; Just; Karma Police; Let Down; No Surprises; Nude; Paranoid Android
309d9809-cf74-493a-b56b-1378258f20fd,Ed O’Brien,4ab74d13-d1eb-4895-b874-6da5d8b1aac3,Philip Selway,10,Airbag; Everything in Its Right Place; Fake Plastic Trees; High and Dry; Just; Karma Police; Let Down; No Surprises; Nude; Paranoid Android
309d9809-cf74-493a-b56b-1378258f20fd,Ed O’Brien,8ed2e0b3-aa4c-4e13-bec3-dc7393ed4d6b,Thom Yorke,10,Airbag; Everything in Its Right Place; Fake Plastic Trees; High and Dry; Just; Karma Police; Let Down; No Surprises; Nude; Paranoid Android
e9fcfbbf-1743-4f73-8744-ada8da7394ea,Jonny Greenwood,309d9809-cf74-493a-b56b-1378258f20fd,Ed O’Brien,10,Airbag; Everything in Its Right Place; Fake Plastic Trees; High and Dry; Just; Karma Police; Let Down; No Surprises; Nude; Paranoid Android
e9fcfbbf-1743-4f73-8744-ada8da7394ea,Jonny Greenwood,4ab74d13-d1eb-4895-b874-6da5d8b1aac3,Philip Selway,10,Airbag; Everything in Its Right Place; Fake Plastic Trees; High and Dry; Just; Karma Police; Let Down; No Surprises; Nude; Paranoid Android
e9fcfbbf-1743-4f73-8744-ada8da7394ea,Jonny Greenwood,8ed2e0b3-aa4c-4e13-bec3-dc7393ed4d6b,Thom Yorke,10,Airbag; Everything in Its Right Place; Fake Plastic Trees; High and Dry; Just; Karma Police; Let Down; No Surprises; Nude; Paranoid Android
6622a50e-5206-44d0-9ad5-96047a726dcf,Max Martin,122d63fc-8671-43e4-9752-34e846d62a9c,Katy Perry,10,California Gurls; Dark Horse; E.T.; I Kissed a Girl; Part of Me; Roar; Teenage Dream; The One That Got Away; Unconditionally; Wide Awake
6622a50e-5206-44d0-9ad5-96047a726dcf,Max Martin,b67bf15d-03c3-40a4-9d17-769a964d5005,Łukasz Gottwald,10,California Gurls; Dark Horse; E.T.; I Kissed a Girl; Part of Me; Roar; Teenage Dream; The One That Got Away; Unconditionally; Wide Awake
4ab74d13-d1eb-4895-b874-6da5d8b1aac3,Philip Selway,8ed2e0b3-aa4c-4e13-bec3-dc7393ed4d6b,Thom Yorke,10,Airbag; Everything in Its Right Place; Fake Plastic Trees; High and Dry; Just; Karma Police; Let Down; No Surprises; Nude; Paranoid Android
ea9aa6dd-35a0-4558-8fe1-e1f3f3132920,Tyler Johnson,7b98b4c7-37e2-4dd0-9290-7312c55aa8da,Kid Harpoon,10,Adore You; As It Was; Cherry; Fine Line; Golden; Lights Up; Matilda; Music for a Sushi Restaurant; Satellite; Watermelon Sugar
b67bf15d-03c3-40a4-9d17-769a964d5005,Łukasz Gottwald,122d63fc-8671-43e4-9752-34e846d62a9c,Katy Perry,10,California Gurls; Dark Horse; E.T.; I Kissed a Girl; Part of Me; Roar; Teenage Dream; The One That Got Away; Unconditionally; Wide Awake
4d41868f-8901-4e77-bbd9-ead5bb7831ee,Amy Allen,1882fe91-cdd9-49c9-9956-8e06a3810bd4,Sabrina Carpenter,9,Bed Chem; Coincidence; Don’t Smile; Espresso; Feather; Good Graces; Juno; Please Please Please; Sharpest Tool
4d5447d7-c61c-4120-ba1b-d7f471d385b9,John Lennon,ba550d0e-adac-4864-b88b-407cab5e76af,Paul McCartney,9,All You Need Is Love; Come Together; Help!; Hey Jude; Let It Be; Penny Lane; White Ferrari; Yellow Submarine; Yesterday
7365489a-815a-43f3-b361-26a091227f98,Josh Farro,b4b5b5a7-feff-47d0-9458-83d0d135a692,Hayley Williams,9,Brick by Boring Brick; Decode; Fences; Ignorance; Misery Business; That's What You Get; The Only Exception; When It Rains; crushcrushcrush
f9133869-f87c-459c-9aa7-2f176cda7e06,Tate McRae,0bc6d6e7-0858-4b73-a079-7aa681095f98,Ryan Tedder,9,2 hands; Dear god; It's ok I'm ok; Just Keep Watching (From F1® The Movie); Revolving door; Sports car; exes; greedy; run for the hills
24d311f8-da82-4068-896b-ca061deaccb6,Carter Lang,272989c8-5535-492d-a25c-9f58803e027f,SZA,8,Blind; Drew Barrymore; Good Days; I Hate U; Kill Bill; Nobody Gets Me; Normal Girl; Saturn
6622a50e-5206-44d0-9ad5-96047a726dcf,Max Martin,c8af4490-e48a-4f91-aef9-2b1e39369576,Savan Kotecha,8,Beauty and a Beat; Break Free; Can't Feel My Face; God is a woman; Into You; Love Me Harder; One More Night; Side to Side
6622a50e-5206-44d0-9ad5-96047a726dcf,Max Martin,ed58ed4e-fd99-4903-878b-7518f4d7465a,Shellback,8,Bad Blood; Blank Space; Criminal; One More Night; Shake It Off; Style; We Are Never Ever Getting Back Together; Wildest Dreams
8be564c3-dfba-440b-af8c-4ffbceeef45e,RAYE,b61e2b15-53e4-45d6-9b9e-62c65f36c2ca,Mike Sabath,8,Escapism.; Hard Out Here.; Ice Cream Man.; Mary Jane.; Oscar Winning Tears.; The Thrill Is Gone.; WHERE IS MY HUSBAND!; Worth It.
122a2714-24f8-4046-a532-64064b5076d2,Thomas Bangalter,83886397-adf2-431a-b841-dc4af744a6cc,Guy‐Manuel de Homem‐Christo,8,"Around the World; Da Funk; Digital Love; Harder, Better, Faster, Stronger; I Feel It Coming; One More Time; Something About Us; Starboy"
4d41868f-8901-4e77-bbd9-ead5bb7831ee,Amy Allen,4d84fa33-3927-429e-9bf5-1d2eb2f9307e,John Ryan,7,Bed Chem; Coincidence; Don’t Smile; Feather; Good Graces; Juno; So Easy (To Fall In Love)
11166a83-38ff-42c9-8b6b-90620e0874ac,Bob Bryar,358db9a2-3c78-4afb-93b5-d18b34b86eab,Frank Iero,7,Cancer; Dead!; Disenchanted; I Don't Love You; Teenagers; The Sharpest Lives; This Is How I Disappear
11166a83-38ff-42c9-8b6b-90620e0874ac,Bob Bryar,53dc88bd-cdcb-440d-81aa-51a40ef07848,Gerard Way,7,Cancer; Dead!; Disenchanted; I Don't Love You; Teenagers; The Sharpest Lives; This Is How I Disappear
11166a83-38ff-42c9-8b6b-90620e0874ac,Bob Bryar,146c09f6-acfb-4a2b-9de6-fbff103927be,Mikey Way,7,Cancer; Dead!; Disenchanted; I Don't Love You; Teenagers; The Sharpest Lives; This Is How I Disappear
11166a83-38ff-42c9-8b6b-90620e0874ac,Bob Bryar,5438228e-9eb8-4564-9b05-b86aa3e5519d,Ray Toro,7,Cancer; Dead!; Disenchanted; I Don't Love You; Teenagers; The Sharpest Lives; This Is How I Disappear
796db252-ea1d-4964-a89e-88f0521931eb,Brandon Fried,822bb256-c7be-40ab-9744-9f66ccedb6e2,Jesse,7,Daddy Issues; Devil's Advocate; Nervous; Pretty Boy; Reflections; The Beach; You Get Me So High
796db252-ea1d-4964-a89e-88f0521931eb,Brandon Fried,80060c96-caa9-448c-826c-c204d9da28b0,Mikey Margott,7,Daddy Issues; Devil's Advocate; Nervous; Pretty Boy; Reflections; The Beach; You Get Me So High
7d7a5fdd-0d04-4c36-8bee-906feeae239c,Damon Albarn,e5b438b9-a9f1-4eb8-af51-4540c769821d,Jamie Hewlett,7,DARE; Dirty Harry; Every Planet We Reach Is Dead; Feel Good Inc; Last Living Souls; November Has Come; O Green World
4a8fd8c3-19a2-4bf3-b1bb-6491a136e55f,Jeremy Freedman,796db252-ea1d-4964-a89e-88f0521931eb,Brandon Fried,7,Daddy Issues; Devil's Advocate; Nervous; Pretty Boy; Reflections; The Beach; You Get Me So High
4a8fd8c3-19a2-4bf3-b1bb-6491a136e55f,Jeremy Freedman,822bb256-c7be-40ab-9744-9f66ccedb6e2,Jesse,7,Daddy Issues; Devil's Advocate; Nervous; Pretty Boy; Reflections; The Beach; You Get Me So High
4a8fd8c3-19a2-4bf3-b1bb-6491a136e55f,Jeremy Freedman,80060c96-caa9-448c-826c-c204d9da28b0,Mikey Margott,7,Daddy Issues; Devil's Advocate; Nervous; Pretty Boy; Reflections; The Beach; You Get Me So High
822bb256-c7be-40ab-9744-9f66ccedb6e2,Jesse,80060c96-caa9-448c-826c-c204d9da28b0,Mikey Margott,7,Daddy Issues; Devil's Advocate; Nervous; Pretty Boy; Reflections; The Beach; You Get Me So High
15e0d608-0869-429b-898d-3d8db3ecedd5,Olivia Dean,983ce56b-ad71-44fb-ac1a-b99eb63e2f6b,Max Wolfgang,7,Baby Steps; Close Up; Dive; I've Seen It; Let Alone The One You Love; So Easy (To Fall In Love); The Hardest Part
1882fe91-cdd9-49c9-9956-8e06a3810bd4,Sabrina Carpenter,4d84fa33-3927-429e-9bf5-1d2eb2f9307e,John Ryan,7,Bed Chem; Coincidence; Don’t Smile; Feather; Good Graces; Juno; because i liked a boy
edbaeeb7-725e-4079-b797-ec41ea423527,Zachary Abels,796db252-ea1d-4964-a89e-88f0521931eb,Brandon Fried,7,Daddy Issues; Devil's Advocate; Nervous; Pretty Boy; Reflections; The Beach; You Get Me So High
edbaeeb7-725e-4079-b797-ec41ea423527,Zachary Abels,4a8fd8c3-19a2-4bf3-b1bb-6491a136e55f,Jeremy Freedman,7,Daddy Issues; Devil's Advocate; Nervous; Pretty Boy; Reflections; The Beach; You Get Me So High
edbaeeb7-725e-4079-b797-ec41ea423527,Zachary Abels,822bb256-c7be-40ab-9744-9f66ccedb6e2,Jesse,7,Daddy Issues; Devil's Advocate; Nervous; Pretty Boy; Reflections; The Beach; You Get Me So High
edbaeeb7-725e-4079-b797-ec41ea423527,Zachary Abels,80060c96-caa9-448c-826c-c204d9da28b0,Mikey Margott,7,Daddy Issues; Devil's Advocate; Nervous; Pretty Boy; Reflections; The Beach; You Get Me So High
7e302507-6b78-4f3b-9c4c-e3b85580fad0,Belly,c8b03190-306c-4120-bb0b-6f2ebfc06ea9,The Weeknd,6,After Hours; Blinding Lights; Love Me Harder; Often; Save Your Tears; The Hills
2d4a1dd1-2cd8-4553-bf0b-74b8c9179633,Brad Delson,c8975bbf-2778-47ae-accf-c584e644450d,David Michael Farrell,6,Breaking the Habit; Faint; Lying from You; Numb; Somewhere I Belong; What I've Done
afb680f2-b6eb-4cd7-a70b-a63b25c763d5,Bruno Mars,82ad1c73-2704-45a2-b437-679c3e74f8d9,Ari Levine,6,Grenade; Just the Way You Are; Marry You; Runaway Baby; Talking to the Moon; The Lazy Song
afb680f2-b6eb-4cd7-a70b-a63b25c763d5,Bruno Mars,3d2ee04c-c21d-424d-91da-afd66258438e,Philip Lawrence,6,Grenade; Just the Way You Are; Marry You; Runaway Baby; Talking to the Moon; The Lazy Song
2b0bd2c8-ba51-4963-b7f1-c4f80785fe56,Carassius Gold,983ce56b-ad71-44fb-ac1a-b99eb63e2f6b,Max Wolfgang,6,Baby Steps; Close Up; Dive; I've Seen It; Let Alone The One You Love; The Hardest Part
2b0bd2c8-ba51-4963-b7f1-c4f80785fe56,Carassius Gold,15e0d608-0869-429b-898d-3d8db3ecedd5,Olivia Dean,6,Baby Steps; Close Up; Dive; I've Seen It; Let Alone The One You Love; The Hardest Part
415e30a0-116b-4a4f-8cbf-8d0f6406bbab,Chester Bennington,c8975bbf-2778-47ae-accf-c584e644450d,David Michael Farrell,6,Breaking the Habit; Faint; Lying from You; Numb; Somewhere I Belong; What I've Done
6df08c91-b91d-4b59-95fe-b51a2e1b06d3,Christopher Breaux,c4e05d64-c679-4f04-b153-257d12eba7dc,Malay,6,Godspeed; Ivy; Pink Matter; Pyramids; Super Rich Kids; White Ferrari
0eb93ee5-2e6a-4ab4-a988-99c9139a664a,Cirkut,b67bf15d-03c3-40a4-9d17-769a964d5005,Łukasz Gottwald,6,Dark Horse; Roar; Sugar; Unconditionally; Where Have You Been; Wide Awake
d44ab93a-98c0-483f-ae58-8f9255f816d3,DaHeala,c8b03190-306c-4120-bb0b-6f2ebfc06ea9,The Weeknd,6,After Hours; Blinding Lights; Often; Reminder; Save Your Tears; Starboy
7eb1ce54-a355-41f9-8d68-e018b096d427,Harry Styles,6f57f751-8bd2-4446-adbc-c56f460c3a55,Mitch Rowland,6,Fine Line; Golden; Kiwi; Music for a Sushi Restaurant; Sign of the Times; Watermelon Sugar
b4b5b5a7-feff-47d0-9458-83d0d135a692,Hayley Williams,ebeb8932-3dd0-4179-9a06-055258ad0913,Taylor York,6,Ain't It Fun; All I Wanted; Decode; Hard Times; Still Into You; That's What You Get
e6188c4f-b79f-463a-b6a8-521e6a732edd,Joel Little,8e494408-8620-4c6a-82c2-c2ca4a1e4f12,Lorde,6,400 Lux; A World Alone; Glory and Gore; Royals; Team; Tennis Court
d07bca29-d980-4100-8cad-065a05f2b343,Joseph “Joe” Hahn,c8975bbf-2778-47ae-accf-c584e644450d,David Michael Farrell,6,Breaking the Habit; Faint; Lying from You; Numb; Somewhere I Belong; What I've Done
650e7db6-b795-4eb5-a702-5ea2fc46c848,Lady Gaga,8c84402d-f282-4afc-8d64-049bdaabb92d,RedOne,6,Bad Romance; Judas; Just Dance; LoveGame; Monster; Poker Face
6622a50e-5206-44d0-9ad5-96047a726dcf,Max Martin,20244d07-534f-4eff-b4d4-930878889970,Taylor Swift,6,Bad Blood; Blank Space; Shake It Off; Style; We Are Never Ever Getting Back Together; Wildest Dreams
c262b6bf-be56-4b26-bceb-42d7a27342f3,Mike Shinoda,c8975bbf-2778-47ae-accf-c584e644450d,David Michael Farrell,6,Breaking the Habit; Faint; Lying from You; Numb; Somewhere I Belong; What I've Done
3d2ee04c-c21d-424d-91da-afd66258438e,Philip Lawrence,82ad1c73-2704-45a2-b437-679c3e74f8d9,Ari Levine,6,Grenade; Just the Way You Are; Marry You; Runaway Baby; Talking to the Moon; The Lazy Song
e01c14e7-ed28-401a-a2ae-8333e76a6a4b,Rob Bisel,272989c8-5535-492d-a25c-9f58803e027f,SZA,6,Blind; I Hate U; Kill Bill; Low; Nobody Gets Me; Saturn
f1dd0051-5578-45a7-a733-03113626407f,Rob Bourdon,c8975bbf-2778-47ae-accf-c584e644450d,David Michael Farrell,6,Breaking the Habit; Faint; Lying from You; Numb; Somewhere I Belong; What I've Done
ed58ed4e-fd99-4903-878b-7518f4d7465a,Shellback,20244d07-534f-4eff-b4d4-930878889970,Taylor Swift,6,Bad Blood; Blank Space; Shake It Off; Style; We Are Never Ever Getting Back Together; Wildest Dreams
ea9aa6dd-35a0-4558-8fe1-e1f3f3132920,Tyler Johnson,6f57f751-8bd2-4446-adbc-c56f460c3a55,Mitch Rowland,6,Fine Line; Golden; Kiwi; Music for a Sushi Restaurant; Sign of the Times; Watermelon Sugar
f4fdbb4c-e4b7-47a0-b83b-d91bbfcfa387,Ariana Grande,9176a2e5-ffb2-4d56-aecc-fdf1ad5d6994,ILYA,5,"God is a woman; Into You; Side to Side; we can't be friends (wait for your love); yes, and?"
bfe021d2-e761-44ad-8c77-33708ee681d9,Daniel Nigro,6925db17-f35e-42f3-a4eb-84ee6bf5d4b0,Olivia Rodrigo,5,all-american bitch; bad idea right?; get him back!; lacy; vampire
1ba01bce-7f32-4d72-a5d9-34930b191656,Donald Glover,78471616-3cb4-4139-a148-aeac3c7d0f79,Ludwig Göransson,5,"Feels Like Summer; I. The Worst Guys; III. Telegraph Ave. (""Oakland"" by Lloyd); III. Urn; LES"
122d63fc-8671-43e4-9752-34e846d62a9c,Katy Perry,0faaba05-d9b3-4bde-85d1-bbbbcb838ece,Bonnie McKee,5,California Gurls; Part of Me; Roar; Teenage Dream; Wide Awake
6622a50e-5206-44d0-9ad5-96047a726dcf,Max Martin,f4fdbb4c-e4b7-47a0-b83b-d91bbfcfa387,Ariana Grande,5,"God is a woman; Into You; Side to Side; we can't be friends (wait for your love); yes, and?"
6622a50e-5206-44d0-9ad5-96047a726dcf,Max Martin,0faaba05-d9b3-4bde-85d1-bbbbcb838ece,Bonnie McKee,5,California Gurls; Part of Me; Roar; Teenage Dream; Wide Awake
6622a50e-5206-44d0-9ad5-96047a726dcf,Max Martin,9176a2e5-ffb2-4d56-aecc-fdf1ad5d6994,ILYA,5,"God is a woman; Into You; Side to Side; we can't be friends (wait for your love); yes, and?"
3394771a-a36b-4739-bcd9-301d09121af8,Mikkel Storleer Eriksen,04c39fec-5b44-4f11-9c73-af4f562334c7,Tor Erik Hermansen,5,Don't Stop the Music; Firework; Irreplaceable; Rude Boy; S&M
e01c14e7-ed28-401a-a2ae-8333e76a6a4b,Rob Bisel,24d311f8-da82-4068-896b-ca061deaccb6,Carter Lang,5,Blind; I Hate U; Kill Bill; Nobody Gets Me; Saturn
c8b03190-306c-4120-bb0b-6f2ebfc06ea9,The Weeknd,f15651b5-67ab-43f5-8bb6-5a1138759e9e,Martin “Doc” McKinney,5,Die for You; I Feel It Coming; Reminder; Starboy; Stargirl Interlude
daa09819-5da5-4c7a-8bef-eb372bb27ff1,Timbaland,596ffa74-3d08-44ef-b113-765d43d12738,Justin Timberlake,5,"CAN'T STOP THE FEELING! (From DreamWorks Animation's ""Trolls""); Losing My Way; Mirrors; My Love; The Weekend"
e4a51f17-a57b-47b1-b37b-f552d0f8e9e6,Travis Scott,73e36439-1e9a-4925-bf2c-1d7f7885fbb0,Mike Dean,5,5% TINT; CAN'T SAY; SICKO MODE; SKELETONS; STARGAZING
b67bf15d-03c3-40a4-9d17-769a964d5005,Łukasz Gottwald,0faaba05-d9b3-4bde-85d1-bbbbcb838ece,Bonnie McKee,5,California Gurls; Part of Me; Roar; Teenage Dream; Wide Awake
c3fb80b7-26b3-4fa1-9454-7324a5fde2aa,Abe Cunningham,e61400d1-9434-4abc-ac7a-4f1dad60cfc7,Chino Moreno,4,Change (In the House of Flies); Digital Bath; Passenger; Sextape
4d41868f-8901-4e77-bbd9-ead5bb7831ee,Amy Allen,0bc6d6e7-0858-4b73-a079-7aa681095f98,Ryan Tedder,4,2 hands; Just Keep Watching (From F1® The Movie); greedy; run for the hills
4d41868f-8901-4e77-bbd9-ead5bb7831ee,Amy Allen,f9133869-f87c-459c-9aa7-2f176cda7e06,Tate McRae,4,2 hands; Just Keep Watching (From F1® The Movie); greedy; run for the hills
7e302507-6b78-4f3b-9c4c-e3b85580fad0,Belly,d44ab93a-98c0-483f-ae58-8f9255f816d3,DaHeala,4,After Hours; Blinding Lights; Often; Save Your Tears
7aa27474-7b32-46c5-a065-ec831e8a70da,Billy Walsh,b1e26560-60e5-4236-bbdb-9aa5a8d5ee19,Post Malone,4,Better Now; Circles; I Fall Apart; Wow.
fa9b664a-cfd0-4088-8ed4-a4d7045d351f,Brendon Urie,00f6b540-a51f-416f-94f6-5f27e1dc1c6d,Jake Sinclair,4,Death of a Bachelor; Emperor's New Clothes; High Hopes; House of Memories
fa9b664a-cfd0-4088-8ed4-a4d7045d351f,Brendon Urie,f8d0ee60-c35e-4cb3-becf-674c3673ac4a,Lauren Pritchard,4,Death of a Bachelor; Emperor's New Clothes; High Hopes; House of Memories
eb9075cd-0440-414a-b309-5da6ecc50911,Brian Burton,e5b438b9-a9f1-4eb8-af51-4540c769821d,Jamie Hewlett,4,DARE; Dirty Harry; Feel Good Inc; O Green World
6f693bc7-2f9d-437a-808f-ec7c796fcff4,Christopher Stewart,66a4b9d2-d5a6-40b8-93d5-0bdd1dbb4b43,The‐Dream,4,BREAK MY SOUL; Baby; Fashion Killa; Single Ladies (Put a Ring on It)
0eb93ee5-2e6a-4ab4-a988-99c9139a664a,Cirkut,122d63fc-8671-43e4-9752-34e846d62a9c,Katy Perry,4,Dark Horse; Roar; Unconditionally; Wide Awake
7d7a5fdd-0d04-4c36-8bee-906feeae239c,Damon Albarn,eb9075cd-0440-414a-b309-5da6ecc50911,Brian Burton,4,DARE; Dirty Harry; Feel Good Inc; O Green World
791bb864-a45e-462b-8444-f6c0baacddec,Danja,596ffa74-3d08-44ef-b113-765d43d12738,Justin Timberlake,4,"CAN'T STOP THE FEELING! (From DreamWorks Animation's ""Trolls""); Losing My Way; My Love; The Weekend"
791bb864-a45e-462b-8444-f6c0baacddec,Danja,daa09819-5da5-4c7a-8bef-eb372bb27ff1,Timbaland,4,"CAN'T STOP THE FEELING! (From DreamWorks Animation's ""Trolls""); Losing My Way; My Love; The Weekend"
358db9a2-3c78-4afb-93b5-d18b34b86eab,Frank Iero,30ae223b-926b-418c-80a1-d82407a4f05c,Matt Pelissier,4,Helena; I'm Not Okay (I Promise); Thank You for the Venom; You Know What They Do to Guys Like Us in Prison
53dc88bd-cdcb-440d-81aa-51a40ef07848,Gerard Way,30ae223b-926b-418c-80a1-d82407a4f05c,Matt Pelissier,4,Helena; I'm Not Okay (I Promise); Thank You for the Venom; You Know What They Do to Guys Like Us in Prison
4d84fa33-3927-429e-9bf5-1d2eb2f9307e,John Ryan,4757df70-6c3e-46b8-99c0-a68644595c9a,Julia Michaels,4,Bed Chem; Coincidence; Good Graces; because i liked a boy
a32e4aac-1db8-4dc6-be34-a813c4530627,Jon Brion,0d198fa9-490a-4a71-ac56-e7ee37888396,Malcolm McCormick,4,Come Back to Earth; Hurt Feelings; Ladders; Small Worlds
91e4a2f7-b787-4076-889a-301bbda35a26,Julian Bunetta,1882fe91-cdd9-49c9-9956-8e06a3810bd4,Sabrina Carpenter,4,Don’t Smile; Espresso; Good Graces; Nonsense
381086ea-f511-4aba-bdf9-71c753dc5077,Kendrick Lamar,9032140b-c6ba-448d-8f05-5ac16e3aa165,Sounwave,4,Alright; N95; Not Like Us; United in Grief
7b98b4c7-37e2-4dd0-9290-7312c55aa8da,Kid Harpoon,6f57f751-8bd2-4446-adbc-c56f460c3a55,Mitch Rowland,4,Fine Line; Golden; Music for a Sushi Restaurant; Watermelon Sugar
21a89505-10a9-4ac0-8388-833bc07b9f86,Laufey,d9dd148c-030f-4f66-9a57-1632cc2203a0,Spencer Stewart,4,Dreamer; From the Start; Lovesick; Second Best
f8d0ee60-c35e-4cb3-becf-674c3673ac4a,Lauren Pritchard,00f6b540-a51f-416f-94f6-5f27e1dc1c6d,Jake Sinclair,4,Death of a Bachelor; Emperor's New Clothes; High Hopes; House of Memories
6622a50e-5206-44d0-9ad5-96047a726dcf,Max Martin,0eb93ee5-2e6a-4ab4-a988-99c9139a664a,Cirkut,4,Dark Horse; Roar; Unconditionally; Wide Awake
6622a50e-5206-44d0-9ad5-96047a726dcf,Max Martin,c8b03190-306c-4120-bb0b-6f2ebfc06ea9,The Weeknd,4,Blinding Lights; Can't Feel My Face; Love Me Harder; Save Your Tears
146c09f6-acfb-4a2b-9de6-fbff103927be,Mikey Way,30ae223b-926b-418c-80a1-d82407a4f05c,Matt Pelissier,4,Helena; I'm Not Okay (I Promise); Thank You for the Venom; You Know What They Do to Guys Like Us in Prison
5438228e-9eb8-4564-9b05-b86aa3e5519d,Ray Toro,30ae223b-926b-418c-80a1-d82407a4f05c,Matt Pelissier,4,Helena; I'm Not Okay (I Promise); Thank You for the Venom; You Know What They Do to Guys Like Us in Prison
1882fe91-cdd9-49c9-9956-8e06a3810bd4,Sabrina Carpenter,4757df70-6c3e-46b8-99c0-a68644595c9a,Julia Michaels,4,Bed Chem; Coincidence; Good Graces; because i liked a boy
c8af4490-e48a-4f91-aef9-2b1e39369576,Savan Kotecha,9176a2e5-ffb2-4d56-aecc-fdf1ad5d6994,ILYA,4,God is a woman; Into You; It's ok I'm ok; Side to Side
8823bbc2-9a2f-44b3-9983-29f6f0da84d6,Stephen Carpenter,c3fb80b7-26b3-4fa1-9454-7324a5fde2aa,Abe Cunningham,4,Change (In the House of Flies); Digital Bath; Passenger; Sextape
8823bbc2-9a2f-44b3-9983-29f6f0da84d6,Stephen Carpenter,e61400d1-9434-4abc-ac7a-4f1dad60cfc7,Chino Moreno,4,Change (In the House of Flies); Digital Bath; Passenger; Sextape
20244d07-534f-4eff-b4d4-930878889970,Taylor Swift,1155a7a9-a7b4-46ba-ba27-6b6c98be487e,Jack Antonoff,4,Anti-Hero; Cruel Summer; Look What You Made Me Do; august
a1421d73-1a21-484b-97ad-77c9a5676daf,Adam Levine,5a6131f9-f8db-4722-b4d7-6a0c7183c590,benny blanco,3,"Animals; Maps; Moves Like Jagger - Studio Recording From ""The Voice"" Performance"
4d41868f-8901-4e77-bbd9-ead5bb7831ee,Amy Allen,4757df70-6c3e-46b8-99c0-a68644595c9a,Julia Michaels,3,Bed Chem; Coincidence; Good Graces
4d41868f-8901-4e77-bbd9-ead5bb7831ee,Amy Allen,91e4a2f7-b787-4076-889a-301bbda35a26,Julian Bunetta,3,Don’t Smile; Espresso; Good Graces
7e302507-6b78-4f3b-9c4c-e3b85580fad0,Belly,6622a50e-5206-44d0-9ad5-96047a726dcf,Max Martin,3,Blinding Lights; Love Me Harder; Save Your Tears
859d0860-d480-4efd-970c-c05d5f1776b8,Beyoncé,66a4b9d2-d5a6-40b8-93d5-0bdd1dbb4b43,The‐Dream,3,BREAK MY SOUL; Love on Top; Single Ladies (Put a Ring on It)
7aa27474-7b32-46c5-a065-ec831e8a70da,Billy Walsh,fb7d550f-7518-41ba-95db-33db5287d8e2,Frank Dukes,3,Better Now; Circles; Wow.
7aa27474-7b32-46c5-a065-ec831e8a70da,Billy Walsh,c0367e31-dc3a-4f5e-9d24-0e3af39a8704,Louis Bell,3,Better Now; Circles; Wow.
11166a83-38ff-42c9-8b6b-90620e0874ac,Bob Bryar,c07f0676-9143-4217-8a9f-4c26bd636f13,My Chemical Romance,3,Cancer; Teenagers; This Is How I Disappear
796db252-ea1d-4964-a89e-88f0521931eb,Brandon Fried,7eef0136-ed38-47a5-aa0f-fa5424dbd5c8,Lars Stalfors,3,Nervous; Reflections; You Get Me So High
fa9b664a-cfd0-4088-8ed4-a4d7045d351f,Brendon Urie,9184f1f7-7cd3-4c4d-b591-11601da838a1,Sam Hollander,3,Emperor's New Clothes; High Hopes; House of Memories
ed1c0daa-9cdb-4bd8-8f46-794ec0783544,Chi Cheng,c3fb80b7-26b3-4fa1-9454-7324a5fde2aa,Abe Cunningham,3,Change (In the House of Flies); Digital Bath; Passenger
ed1c0daa-9cdb-4bd8-8f46-794ec0783544,Chi Cheng,e61400d1-9434-4abc-ac7a-4f1dad60cfc7,Chino Moreno,3,Change (In the House of Flies); Digital Bath; Passenger
0eb93ee5-2e6a-4ab4-a988-99c9139a664a,Cirkut,f15651b5-67ab-43f5-8bb6-5a1138759e9e,Martin “Doc” McKinney,3,I Feel It Coming; Reminder; Starboy
d786f59b-1836-4ddb-8393-ab753edbe984,Clairo,66a7117a-4b67-4a85-83bf-94491340d22d,Rostam,3,Bags; Sofia; Softly
fb7d550f-7518-41ba-95db-33db5287d8e2,Frank Dukes,c0367e31-dc3a-4f5e-9d24-0e3af39a8704,Louis Bell,3,Better Now; Circles; Wow.
fb7d550f-7518-41ba-95db-33db5287d8e2,Frank Dukes,b1e26560-60e5-4236-bbdb-9aa5a8d5ee19,Post Malone,3,Better Now; Circles; Wow.
358db9a2-3c78-4afb-93b5-d18b34b86eab,Frank Iero,c07f0676-9143-4217-8a9f-4c26bd636f13,My Chemical Romance,3,Cancer; Teenagers; This Is How I Disappear
a2fdc044-010f-4317-97d2-a1c67e978543,Jeff Bhasker,7eb1ce54-a355-41f9-8d68-e018b096d427,Harry Styles,3,Cherry; Kiwi; Sign of the Times
a2fdc044-010f-4317-97d2-a1c67e978543,Jeff Bhasker,ea9aa6dd-35a0-4558-8fe1-e1f3f3132920,Tyler Johnson,3,Cherry; Kiwi; Sign of the Times
4a8fd8c3-19a2-4bf3-b1bb-6491a136e55f,Jeremy Freedman,7eef0136-ed38-47a5-aa0f-fa5424dbd5c8,Lars Stalfors,3,Nervous; Reflections; You Get Me So High
822bb256-c7be-40ab-9744-9f66ccedb6e2,Jesse,7eef0136-ed38-47a5-aa0f-fa5424dbd5c8,Lars Stalfors,3,Nervous; Reflections; You Get Me So High
4757df70-6c3e-46b8-99c0-a68644595c9a,Julia Michaels,47b4b80b-0cfd-4dfa-98bb-4ca24ba2b418,Grant,3,Dear god; Revolving door; Sports car
4757df70-6c3e-46b8-99c0-a68644595c9a,Julia Michaels,0bc6d6e7-0858-4b73-a079-7aa681095f98,Ryan Tedder,3,Dear god; Revolving door; Sports car
4757df70-6c3e-46b8-99c0-a68644595c9a,Julia Michaels,f9133869-f87c-459c-9aa7-2f176cda7e06,Tate McRae,3,Dear god; Revolving door; Sports car
91e4a2f7-b787-4076-889a-301bbda35a26,Julian Bunetta,df5fc94a-c6bc-4bfb-aad1-f1a09894b1eb,Steph Jones,3,Don’t Smile; Espresso; Nonsense
650e7db6-b795-4eb5-a702-5ea2fc46c848,Lady Gaga,efc84232-36b5-4483-8a1d-6949ea6ebf91,DJ White Shadow,3,Applause; Bloody Mary; The Edge of Glory
b7539c32-53e7-4908-bda3-81449c367da6,Lana Del Rey,da6f7332-8b68-4faa-97e0-72fbdba8c8be,Justin Parker,3,Born to Die; National Anthem; Radio
e99e2c02-0ca7-4687-897c-efedbe5b98c2,Leon Michels,9a3b83a9-b245-4e85-9c0f-3fff2219bd9e,Homer Steinweiss,3,Lady Lady; Sexy To Someone; Slow Dance
c0367e31-dc3a-4f5e-9d24-0e3af39a8704,Louis Bell,b1e26560-60e5-4236-bbdb-9aa5a8d5ee19,Post Malone,3,Better Now; Circles; Wow.
6622a50e-5206-44d0-9ad5-96047a726dcf,Max Martin,0edfb670-e666-41a6-b4e3-141d32944c9e,Ali Payami,3,Can't Feel My Face; Love Me Harder; Style
80060c96-caa9-448c-826c-c204d9da28b0,Mikey Margott,7eef0136-ed38-47a5-aa0f-fa5424dbd5c8,Lars Stalfors,3,Nervous; Reflections; You Get Me So High
3394771a-a36b-4739-bcd9-301d09121af8,Mikkel Storleer Eriksen,0b323c4b-1258-4775-a8e2-ee71f4bf9a45,Ester Dean,3,Firework; Rude Boy; S&M
c07f0676-9143-4217-8a9f-4c26bd636f13,My Chemical Romance,53dc88bd-cdcb-440d-81aa-51a40ef07848,Gerard Way,3,Cancer; Teenagers; This Is How I Disappear
c07f0676-9143-4217-8a9f-4c26bd636f13,My Chemical Romance,146c09f6-acfb-4a2b-9de6-fbff103927be,Mikey Way,3,Cancer; Teenagers; This Is How I Disappear
c07f0676-9143-4217-8a9f-4c26bd636f13,My Chemical Romance,5438228e-9eb8-4564-9b05-b86aa3e5519d,Ray Toro,3,Cancer; Teenagers; This Is How I Disappear
149f91ef-1287-46da-9a8e-87fee02f1471,Pharrell Williams,7c33a306-87ad-4cb6-9f69-bfdb8586b302,Chad Hugo,3,I'm a Slave 4 U; Rock Your Body; Señorita
0bc6d6e7-0858-4b73-a079-7aa681095f98,Ryan Tedder,47b4b80b-0cfd-4dfa-98bb-4ca24ba2b418,Grant,3,Dear god; Revolving door; Sports car
272989c8-5535-492d-a25c-9f58803e027f,SZA,f5cef93c-1266-4e61-85d6-3386634e44bb,ThankGod4Cody,3,Broken Clocks; I Hate U; The Weekend
1882fe91-cdd9-49c9-9956-8e06a3810bd4,Sabrina Carpenter,df5fc94a-c6bc-4bfb-aad1-f1a09894b1eb,Steph Jones,3,Don’t Smile; Espresso; Nonsense
9184f1f7-7cd3-4c4d-b591-11601da838a1,Sam Hollander,00f6b540-a51f-416f-94f6-5f27e1dc1c6d,Jake Sinclair,3,Emperor's New Clothes; High Hopes; House of Memories
9184f1f7-7cd3-4c4d-b591-11601da838a1,Sam Hollander,f8d0ee60-c35e-4cb3-becf-674c3673ac4a,Lauren Pritchard,3,Emperor's New Clothes; High Hopes; House of Memories
c8af4490-e48a-4f91-aef9-2b1e39369576,Savan Kotecha,f4fdbb4c-e4b7-47a0-b83b-d91bbfcfa387,Ariana Grande,3,God is a woman; Into You; Side to Side
ed58ed4e-fd99-4903-878b-7518f4d7465a,Shellback,a1421d73-1a21-484b-97ad-77c9a5676daf,Adam Levine,3,"Animals; Moves Like Jagger - Studio Recording From ""The Voice"" Performance; One More Night"
8823bbc2-9a2f-44b3-9983-29f6f0da84d6,Stephen Carpenter,ed1c0daa-9cdb-4bd8-8f46-794ec0783544,Chi Cheng,3,Change (In the House of Flies); Digital Bath; Passenger
9fa8fdc4-91f3-4266-81e5-3c42e943217b,TBHits,f4fdbb4c-e4b7-47a0-b83b-d91bbfcfa387,Ariana Grande,3,"7 rings; positions; thank u, next"
f9133869-f87c-459c-9aa7-2f176cda7e06,Tate McRae,47b4b80b-0cfd-4dfa-98bb-4ca24ba2b418,Grant,3,Dear god; Revolving door; Sports car
c8b03190-306c-4120-bb0b-6f2ebfc06ea9,The Weeknd,0eb93ee5-2e6a-4ab4-a988-99c9139a664a,Cirkut,3,I Feel It Coming; Reminder; Starboy
c8b03190-306c-4120-bb0b-6f2ebfc06ea9,The Weeknd,faf9c4c1-fa6c-45a7-bd51-e91d8eed5577,Illangelo,3,After Hours; Heartless; The Hills
04c39fec-5b44-4f11-9c73-af4f562334c7,Tor Erik Hermansen,0b323c4b-1258-4775-a8e2-ee71f4bf9a45,Ester Dean,3,Firework; Rude Boy; S&M
edbaeeb7-725e-4079-b797-ec41ea423527,Zachary Abels,7eef0136-ed38-47a5-aa0f-fa5424dbd5c8,Lars Stalfors,3,Nervous; Reflections; You Get Me So High
88d17133-abbc-42db-9526-4e2c1db60336,beabadoobee,c26b5d4d-f287-4dab-8198-1f7e6f8a3a3f,Jacob Bugden,3,Glue Song; Sunny day; Talk
b67bf15d-03c3-40a4-9d17-769a964d5005,Łukasz Gottwald,5a6131f9-f8db-4722-b4d7-6a0c7183c590,benny blanco,3,California Gurls; Circus; Teenage Dream
25b7b584-d952-4662-a8b9-dd8cdfbfeb64,A$AP Rocky,cea7bda7-394d-43b6-bd2d-7ba4f5bffd23,Hector Delgado,2,Fashion Killa; L$D
a1421d73-1a21-484b-97ad-77c9a5676daf,Adam Levine,5180f77d-cd2e-423e-94ba-67fc95c11e19,Ammar Malik,2,"Maps; Moves Like Jagger - Studio Recording From ""The Voice"" Performance"
a1421d73-1a21-484b-97ad-77c9a5676daf,Adam Levine,d288a227-30c0-4bed-95c3-8c9614646633,Jacob Kasher,2,Memories; Sugar
a1421d73-1a21-484b-97ad-77c9a5676daf,Adam Levine,9876551c-4ad1-4857-ac72-5f6d00017c8e,Jesse Carmichael,2,Harder to Breathe; Sunday Morning
0edfb670-e666-41a6-b4e3-141d32944c9e,Ali Payami,160e6d77-4ad2-46c0-8bef-a456216c6354,Peter Svensson,2,Can't Feel My Face; Love Me Harder
4d41868f-8901-4e77-bbd9-ead5bb7831ee,Amy Allen,7eb1ce54-a355-41f9-8d68-e018b096d427,Harry Styles,2,Adore You; Matilda
4d41868f-8901-4e77-bbd9-ead5bb7831ee,Amy Allen,5b4051b9-8f31-438d-818a-e39d441e50b6,Ian Kirkpatrick,2,Bed Chem; Coincidence
4d41868f-8901-4e77-bbd9-ead5bb7831ee,Amy Allen,2d5ca93d-c3e9-4ff6-bb2d-8168b1180159,Jasper Harris,2,greedy; run for the hills
4d41868f-8901-4e77-bbd9-ead5bb7831ee,Amy Allen,7b98b4c7-37e2-4dd0-9290-7312c55aa8da,Kid Harpoon,2,Adore You; Matilda
4d41868f-8901-4e77-bbd9-ead5bb7831ee,Amy Allen,df5fc94a-c6bc-4bfb-aad1-f1a09894b1eb,Steph Jones,2,Don’t Smile; Espresso
4d41868f-8901-4e77-bbd9-ead5bb7831ee,Amy Allen,ea9aa6dd-35a0-4558-8fe1-e1f3f3132920,Tyler Johnson,2,Adore You; Matilda
82ad1c73-2704-45a2-b437-679c3e74f8d9,Ari Levine,10fcef09-1491-402d-85ed-65ad7c126d34,Brody Brown,2,Grenade; Runaway Baby
f4fdbb4c-e4b7-47a0-b83b-d91bbfcfa387,Ariana Grande,9989820c-9d09-4af7-8bee-82659075d401,Alexander Kronlund,2,Into You; Side to Side
f4fdbb4c-e4b7-47a0-b83b-d91bbfcfa387,Ariana Grande,5d236636-40f7-4d63-937f-56a27de1f42c,Kaydence,2,"7 rings; thank u, next"
f4fdbb4c-e4b7-47a0-b83b-d91bbfcfa387,Ariana Grande,28986960-cc25-4051-b5b4-385d1594f845,NJOMZA,2,"7 rings; thank u, next"
f4fdbb4c-e4b7-47a0-b83b-d91bbfcfa387,Ariana Grande,f60b7005-b360-44ba-9240-40da56273b8d,Scootie,2,"7 rings; thank u, next"
f4fdbb4c-e4b7-47a0-b83b-d91bbfcfa387,Ariana Grande,d1a6f4f1-fbda-4898-80a2-9226d54bbd17,Tayla Parx,2,"7 rings; thank u, next"
f4fdbb4c-e4b7-47a0-b83b-d91bbfcfa387,Ariana Grande,28d83274-26ab-4a6a-b9ff-340f4784e7dd,Victoria Monét,2,"7 rings; thank u, next"
7e302507-6b78-4f3b-9c4c-e3b85580fad0,Belly,faf9c4c1-fa6c-45a7-bd51-e91d8eed5577,Illangelo,2,After Hours; The Hills
7e302507-6b78-4f3b-9c4c-e3b85580fad0,Belly,c956a6b7-59bd-4155-9fbd-3f3278d0c276,Oscar Holter,2,Blinding Lights; Save Your Tears
859d0860-d480-4efd-970c-c05d5f1776b8,Beyoncé,6f693bc7-2f9d-437a-808f-ec7c796fcff4,Christopher Stewart,2,BREAK MY SOUL; Single Ladies (Put a Ring on It)
99d40e84-b385-4185-a309-7c5d29b9c612,Boi‐1da,9fff2f8a-21e6-47de-a2b8-7f449929d43f,Drake,2,Best I Ever Had; Over
796db252-ea1d-4964-a89e-88f0521931eb,Brandon Fried,3b4b99af-4d17-413c-bd79-b8a1d99a530b,Justyn Pilbrow,2,Daddy Issues; The Beach
afb680f2-b6eb-4cd7-a70b-a63b25c763d5,Bruno Mars,10fcef09-1491-402d-85ed-65ad7c126d34,Brody Brown,2,Grenade; Runaway Baby
24d311f8-da82-4068-896b-ca061deaccb6,Carter Lang,809dad11-6b57-4a7c-b334-44f9f96fd3ea,Punch,2,Drew Barrymore; Normal Girl
24d311f8-da82-4068-896b-ca061deaccb6,Carter Lang,01ad46b5-59c5-4295-a500-88742320ec3a,Tyran Donaldson,2,Drew Barrymore; Normal Girl
21032561-1973-4bda-9a25-d89cd8ef8541,Christian Karlsson,93799ec2-00ba-490e-8e89-e24418839437,Pontus Winnberg,2,Piece of Me; Toxic
0eb93ee5-2e6a-4ab4-a988-99c9139a664a,Cirkut,0faaba05-d9b3-4bde-85d1-bbbbcb838ece,Bonnie McKee,2,Roar; Wide Awake
0eb93ee5-2e6a-4ab4-a988-99c9139a664a,Cirkut,83886397-adf2-431a-b841-dc4af744a6cc,Guy‐Manuel de Homem‐Christo,2,I Feel It Coming; Starboy
d786f59b-1836-4ddb-8393-ab753edbe984,Clairo,9a3b83a9-b245-4e85-9c0f-3fff2219bd9e,Homer Steinweiss,2,Sexy To Someone; Slow Dance
d786f59b-1836-4ddb-8393-ab753edbe984,Clairo,e99e2c02-0ca7-4687-897c-efedbe5b98c2,Leon Michels,2,Sexy To Someone; Slow Dance
d786f59b-1836-4ddb-8393-ab753edbe984,Clairo,0fc5c3bc-129f-47f5-8f6b-f8ac169c7722,Nick Movshon,2,Sexy To Someone; Slow Dance
6a9e461c-e3c5-4794-a203-98a15daea2df,Cyhi the Prynce,73e36439-1e9a-4925-bf2c-1d7f7885fbb0,Mike Dean,2,SICKO MODE; STARGAZING
efc84232-36b5-4483-8a1d-6949ea6ebf91,DJ White Shadow,6b364d44-a10a-4de3-a8d9-53386d39644f,Garibay,2,Bloody Mary; The Edge of Glory
d44ab93a-98c0-483f-ae58-8f9255f816d3,DaHeala,0eb93ee5-2e6a-4ab4-a988-99c9139a664a,Cirkut,2,Reminder; Starboy
d44ab93a-98c0-483f-ae58-8f9255f816d3,DaHeala,f15651b5-67ab-43f5-8bb6-5a1138759e9e,Martin “Doc” McKinney,2,Reminder; Starboy
d44ab93a-98c0-483f-ae58-8f9255f816d3,DaHeala,6622a50e-5206-44d0-9ad5-96047a726dcf,Max Martin,2,Blinding Lights; Save Your Tears
d44ab93a-98c0-483f-ae58-8f9255f816d3,DaHeala,c956a6b7-59bd-4155-9fbd-3f3278d0c276,Oscar Holter,2,Blinding Lights; Save Your Tears
5c60a222-6eca-4257-9cda-695ec5ec3bea,Daniel Krieger,28b6d435-bdd4-4a90-9ea7-8450abc66071,Daniel Tannenbaum,2,Eat Your Young; Too Sweet
5c60a222-6eca-4257-9cda-695ec5ec3bea,Daniel Krieger,c2d844b4-ddb2-4bcc-a319-3fb9a9eaf886,Tyler Mehlenbacher,2,Eat Your Young; Too Sweet
5df62a88-cac9-490a-b62c-c7c88f4020f4,Doja Cat,590d7956-6025-4b2f-a62a-2f57e4ac2747,Yeti Beats,2,Streets; Woman
9fff2f8a-21e6-47de-a2b8-7f449929d43f,Drake,9759df23-f2a5-4887-8926-e62ef15d7e6c,40,2,"Hold On, We're Going Home; Over"
b95ce3ff-3d05-4e87-9e01-c97b66af13d4,Eminem,b6e1e175-d5ee-45b1-b3af-fecc26837ccf,Luis Resto,2,Not Afraid; Till I Collapse
0b323c4b-1258-4775-a8e2-ee71f4bf9a45,Ester Dean,d0b364c9-23b5-4e93-87b6-140c8b94a284,Sandy Wilhelm,2,Firework; S&M
83886397-adf2-431a-b841-dc4af744a6cc,Guy‐Manuel de Homem‐Christo,f15651b5-67ab-43f5-8bb6-5a1138759e9e,Martin “Doc” McKinney,2,I Feel It Coming; Starboy
7eb1ce54-a355-41f9-8d68-e018b096d427,Harry Styles,f2b343ad-7d4e-4da6-a6a7-731a16530a27,Alex Salibian,2,Kiwi; Sign of the Times
7eb1ce54-a355-41f9-8d68-e018b096d427,Harry Styles,54c64bd6-81b6-4fba-bc65-4541a7af3be7,Ryan Nasci,2,Kiwi; Sign of the Times
7eb1ce54-a355-41f9-8d68-e018b096d427,Harry Styles,f123bfb1-3aa1-4b45-8a8e-344aba9afdfc,Sammy Witte,2,Cherry; Fine Line
b4691384-50c3-4afd-9988-51d3ec5db65d,Hozier,5c60a222-6eca-4257-9cda-695ec5ec3bea,Daniel Krieger,2,Eat Your Young; Too Sweet
b4691384-50c3-4afd-9988-51d3ec5db65d,Hozier,28b6d435-bdd4-4a90-9ea7-8450abc66071,Daniel Tannenbaum,2,Eat Your Young; Too Sweet
b4691384-50c3-4afd-9988-51d3ec5db65d,Hozier,3bbb644f-f7e9-435a-8a59-6b1f98dcd251,Stuart Johnson,2,Eat Your Young; Too Sweet
b4691384-50c3-4afd-9988-51d3ec5db65d,Hozier,c2d844b4-ddb2-4bcc-a319-3fb9a9eaf886,Tyler Mehlenbacher,2,Eat Your Young; Too Sweet
9176a2e5-ffb2-4d56-aecc-fdf1ad5d6994,ILYA,9989820c-9d09-4af7-8bee-82659075d401,Alexander Kronlund,2,Into You; Side to Side
5b4051b9-8f31-438d-818a-e39d441e50b6,Ian Kirkpatrick,4757df70-6c3e-46b8-99c0-a68644595c9a,Julia Michaels,2,Bed Chem; Coincidence
1155a7a9-a7b4-46ba-ba27-6b6c98be487e,Jack Antonoff,4d41868f-8901-4e77-bbd9-ead5bb7831ee,Amy Allen,2,Please Please Please; Sharpest Tool
1155a7a9-a7b4-46ba-ba27-6b6c98be487e,Jack Antonoff,1882fe91-cdd9-49c9-9956-8e06a3810bd4,Sabrina Carpenter,2,Please Please Please; Sharpest Tool
2d5ca93d-c3e9-4ff6-bb2d-8168b1180159,Jasper Harris,0bc6d6e7-0858-4b73-a079-7aa681095f98,Ryan Tedder,2,greedy; run for the hills
2d5ca93d-c3e9-4ff6-bb2d-8168b1180159,Jasper Harris,f9133869-f87c-459c-9aa7-2f176cda7e06,Tate McRae,2,greedy; run for the hills
a2fdc044-010f-4317-97d2-a1c67e978543,Jeff Bhasker,f2b343ad-7d4e-4da6-a6a7-731a16530a27,Alex Salibian,2,Kiwi; Sign of the Times
a2fdc044-010f-4317-97d2-a1c67e978543,Jeff Bhasker,6f57f751-8bd2-4446-adbc-c56f460c3a55,Mitch Rowland,2,Kiwi; Sign of the Times
a2fdc044-010f-4317-97d2-a1c67e978543,Jeff Bhasker,54c64bd6-81b6-4fba-bc65-4541a7af3be7,Ryan Nasci,2,Kiwi; Sign of the Times
e6e879c0-3d56-4f12-b3c5-3ce459661a8e,Jeff Buckley,43ac1c53-1275-4296-9d48-ca713d105e8a,Mick Grondahl,2,Dream Brother; Vancouver
4a8fd8c3-19a2-4bf3-b1bb-6491a136e55f,Jeremy Freedman,3b4b99af-4d17-413c-bd79-b8a1d99a530b,Justyn Pilbrow,2,Daddy Issues; The Beach
822bb256-c7be-40ab-9744-9f66ccedb6e2,Jesse,3b4b99af-4d17-413c-bd79-b8a1d99a530b,Justyn Pilbrow,2,Daddy Issues; The Beach
4d84fa33-3927-429e-9bf5-1d2eb2f9307e,John Ryan,5b4051b9-8f31-438d-818a-e39d441e50b6,Ian Kirkpatrick,2,Bed Chem; Coincidence
2bd8101a-11c3-42d5-a9bd-6a3b26445f7e,Jon Bellion,fa7b0a1f-f8c0-435a-a2bd-74dccf7c0055,Jordan Johnson,2,Ghost; Memories
2bd8101a-11c3-42d5-a9bd-6a3b26445f7e,Jon Bellion,76c5e552-688e-4e9d-afa0-36e77526495a,Michael Pollack,2,Ghost; Memories
2bd8101a-11c3-42d5-a9bd-6a3b26445f7e,Jon Bellion,4744de58-e37d-49cb-bf95-c07a2effe462,Stefan Johnson,2,Ghost; Memories
a32e4aac-1db8-4dc6-be34-a813c4530627,Jon Brion,32926372-bec1-455b-b124-146c1940a9bb,Jeff Gitelman,2,Come Back to Earth; Ladders
fa7b0a1f-f8c0-435a-a2bd-74dccf7c0055,Jordan Johnson,76c5e552-688e-4e9d-afa0-36e77526495a,Michael Pollack,2,Ghost; Memories
fa7b0a1f-f8c0-435a-a2bd-74dccf7c0055,Jordan Johnson,4744de58-e37d-49cb-bf95-c07a2effe462,Stefan Johnson,2,Ghost; Memories
7365489a-815a-43f3-b361-26a091227f98,Josh Farro,ebeb8932-3dd0-4179-9a06-055258ad0913,Taylor York,2,Decode; That's What You Get
91e4a2f7-b787-4076-889a-301bbda35a26,Julian Bunetta,4d84fa33-3927-429e-9bf5-1d2eb2f9307e,John Ryan,2,Don’t Smile; Good Graces
e0140a67-e4d1-4f13-8a01-364355bee46e,Justin Bieber,1a43e9d1-9767-4e2c-893a-65f43e5b8561,Mason Levy,2,Boyfriend; What Do You Mean?
e0140a67-e4d1-4f13-8a01-364355bee46e,Justin Bieber,9fd05d1b-04e9-42e6-a9ee-2d23bfbfcd4e,Poo Bear,2,Company; What Do You Mean?
596ffa74-3d08-44ef-b113-765d43d12738,Justin Timberlake,7c33a306-87ad-4cb6-9f69-bfdb8586b302,Chad Hugo,2,Rock Your Body; Señorita
5d236636-40f7-4d63-937f-56a27de1f42c,Kaydence,28986960-cc25-4051-b5b4-385d1594f845,NJOMZA,2,"7 rings; thank u, next"
5d236636-40f7-4d63-937f-56a27de1f42c,Kaydence,f60b7005-b360-44ba-9240-40da56273b8d,Scootie,2,"7 rings; thank u, next"
5d236636-40f7-4d63-937f-56a27de1f42c,Kaydence,d1a6f4f1-fbda-4898-80a2-9226d54bbd17,Tayla Parx,2,"7 rings; thank u, next"
5d236636-40f7-4d63-937f-56a27de1f42c,Kaydence,28d83274-26ab-4a6a-b9ff-340f4784e7dd,Victoria Monét,2,"7 rings; thank u, next"
381086ea-f511-4aba-bdf9-71c753dc5077,Kendrick Lamar,63df1f4c-5f3e-48f5-8050-c59b5ddebe78,Sam Dew,2,N95; United in Grief
2a11b7c9-12d6-495d-a577-7412dd1f7aca,Kevin Gomringer,ba991ec6-049b-479f-9020-be2a84dc1473,Tim Gomringer,2,SICKO MODE; goosebumps
2a11b7c9-12d6-495d-a577-7412dd1f7aca,Kevin Gomringer,e4a51f17-a57b-47b1-b37b-f552d0f8e9e6,Travis Scott,2,SICKO MODE; goosebumps
7b98b4c7-37e2-4dd0-9290-7312c55aa8da,Kid Harpoon,f123bfb1-3aa1-4b45-8a8e-344aba9afdfc,Sammy Witte,2,Cherry; Fine Line
08f6e184-8da3-4715-a299-33e278087082,LaShawn Daniels,5c882e22-3467-4cc3-8c77-6595288f3b39,Rodney Jerkins,2,Teenage Fever; Telephone
650e7db6-b795-4eb5-a702-5ea2fc46c848,Lady Gaga,6b364d44-a10a-4de3-a8d9-53386d39644f,Garibay,2,Bloody Mary; The Edge of Glory
b7539c32-53e7-4908-bda3-81449c367da6,Lana Del Rey,4ff92b67-279e-40dd-b8fe-c1930f85059b,Daniel Law Heath,2,Blue Jeans; Ultraviolence
b7539c32-53e7-4908-bda3-81449c367da6,Lana Del Rey,035bc391-d7dd-4a68-8321-fa1e02697fc8,Rick Nowels,2,Dark Paradise; West Coast
e99e2c02-0ca7-4687-897c-efedbe5b98c2,Leon Michels,0fc5c3bc-129f-47f5-8f6b-f8ac169c7722,Nick Movshon,2,Sexy To Someone; Slow Dance
8837b875-3689-4646-b3fd-d8b53815c7a8,Lil Uzi Vert,12389508-226c-448a-8d47-58453690e4d8,Bugz Ronin,2,Baby Pluto; Homecoming
8837b875-3689-4646-b3fd-d8b53815c7a8,Lil Uzi Vert,4b807f4a-ce62-494b-bb5b-05372d6b0ae9,Don Cannon,2,Flooded the Face; Sauce It Up
cff2a5f3-8a81-4c90-999d-b66eaf79d656,Lydia Asrat,5df62a88-cac9-490a-b62c-c7c88f4020f4,Doja Cat,2,Streets; Woman
cff2a5f3-8a81-4c90-999d-b66eaf79d656,Lydia Asrat,590d7956-6025-4b2f-a62a-2f57e4ac2747,Yeti Beats,2,Streets; Woman
0d198fa9-490a-4a71-ac56-e7ee37888396,Malcolm McCormick,32926372-bec1-455b-b124-146c1940a9bb,Jeff Gitelman,2,Come Back to Earth; Ladders
f15651b5-67ab-43f5-8bb6-5a1138759e9e,Martin “Doc” McKinney,adaf0068-1c86-4166-8cee-f0a53f4854c4,Sir Dylan,2,Die for You; Reminder
6622a50e-5206-44d0-9ad5-96047a726dcf,Max Martin,9989820c-9d09-4af7-8bee-82659075d401,Alexander Kronlund,2,Into You; Side to Side
6622a50e-5206-44d0-9ad5-96047a726dcf,Max Martin,1036b808-f58c-4a3e-b461-a2c4492ecf1b,Nicki Minaj,2,Beauty and a Beat; Side to Side
6622a50e-5206-44d0-9ad5-96047a726dcf,Max Martin,160e6d77-4ad2-46c0-8bef-a456216c6354,Peter Svensson,2,Can't Feel My Face; Love Me Harder
6622a50e-5206-44d0-9ad5-96047a726dcf,Max Martin,56c4b861-0922-4c3a-a9b9-3bfcb00f8274,Zedd,2,Beauty and a Beat; Break Free
6622a50e-5206-44d0-9ad5-96047a726dcf,Max Martin,5a6131f9-f8db-4722-b4d7-6a0c7183c590,benny blanco,2,California Gurls; Teenage Dream
1a656363-3153-4068-9036-cdfccb067142,Michael “Mikey” Foster,f4fdbb4c-e4b7-47a0-b83b-d91bbfcfa387,Ariana Grande,2,"7 rings; thank u, next"
1a656363-3153-4068-9036-cdfccb067142,Michael “Mikey” Foster,5d236636-40f7-4d63-937f-56a27de1f42c,Kaydence,2,"7 rings; thank u, next"
1a656363-3153-4068-9036-cdfccb067142,Michael “Mikey” Foster,28986960-cc25-4051-b5b4-385d1594f845,NJOMZA,2,"7 rings; thank u, next"
1a656363-3153-4068-9036-cdfccb067142,Michael “Mikey” Foster,f60b7005-b360-44ba-9240-40da56273b8d,Scootie,2,"7 rings; thank u, next"
1a656363-3153-4068-9036-cdfccb067142,Michael “Mikey” Foster,d1a6f4f1-fbda-4898-80a2-9226d54bbd17,Tayla Parx,2,"7 rings; thank u, next"
1a656363-3153-4068-9036-cdfccb067142,Michael “Mikey” Foster,28d83274-26ab-4a6a-b9ff-340f4784e7dd,Victoria Monét,2,"7 rings; thank u, next"
80060c96-caa9-448c-826c-c204d9da28b0,Mikey Margott,3b4b99af-4d17-413c-bd79-b8a1d99a530b,Justyn Pilbrow,2,Daddy Issues; The Beach
3394771a-a36b-4739-bcd9-301d09121af8,Mikkel Storleer Eriksen,d0b364c9-23b5-4e93-87b6-140c8b94a284,Sandy Wilhelm,2,Firework; S&M
6f57f751-8bd2-4446-adbc-c56f460c3a55,Mitch Rowland,f2b343ad-7d4e-4da6-a6a7-731a16530a27,Alex Salibian,2,Kiwi; Sign of the Times
6f57f751-8bd2-4446-adbc-c56f460c3a55,Mitch Rowland,54c64bd6-81b6-4fba-bc65-4541a7af3be7,Ryan Nasci,2,Kiwi; Sign of the Times
28986960-cc25-4051-b5b4-385d1594f845,NJOMZA,f60b7005-b360-44ba-9240-40da56273b8d,Scootie,2,"7 rings; thank u, next"
28986960-cc25-4051-b5b4-385d1594f845,NJOMZA,d1a6f4f1-fbda-4898-80a2-9226d54bbd17,Tayla Parx,2,"7 rings; thank u, next"
0fc5c3bc-129f-47f5-8f6b-f8ac169c7722,Nick Movshon,9a3b83a9-b245-4e85-9c0f-3fff2219bd9e,Homer Steinweiss,2,Sexy To Someone; Slow Dance
15e0d608-0869-429b-898d-3d8db3ecedd5,Olivia Dean,1b34173f-d333-4951-a469-de539fe48bf0,Oli Bayston,2,Echo; Ok Love You Bye
c956a6b7-59bd-4155-9fbd-3f3278d0c276,Oscar Holter,6622a50e-5206-44d0-9ad5-96047a726dcf,Max Martin,2,Blinding Lights; Save Your Tears
c956a6b7-59bd-4155-9fbd-3f3278d0c276,Oscar Holter,c8b03190-306c-4120-bb0b-6f2ebfc06ea9,The Weeknd,2,Blinding Lights; Save Your Tears
1a44c723-042e-488c-aab8-c5edf2f6d06e,Peter Gonzales,5c60a222-6eca-4257-9cda-695ec5ec3bea,Daniel Krieger,2,Eat Your Young; Too Sweet
1a44c723-042e-488c-aab8-c5edf2f6d06e,Peter Gonzales,28b6d435-bdd4-4a90-9ea7-8450abc66071,Daniel Tannenbaum,2,Eat Your Young; Too Sweet
1a44c723-042e-488c-aab8-c5edf2f6d06e,Peter Gonzales,b4691384-50c3-4afd-9988-51d3ec5db65d,Hozier,2,Eat Your Young; Too Sweet
1a44c723-042e-488c-aab8-c5edf2f6d06e,Peter Gonzales,3bbb644f-f7e9-435a-8a59-6b1f98dcd251,Stuart Johnson,2,Eat Your Young; Too Sweet
1a44c723-042e-488c-aab8-c5edf2f6d06e,Peter Gonzales,c2d844b4-ddb2-4bcc-a319-3fb9a9eaf886,Tyler Mehlenbacher,2,Eat Your Young; Too Sweet
149f91ef-1287-46da-9a8e-87fee02f1471,Pharrell Williams,596ffa74-3d08-44ef-b113-765d43d12738,Justin Timberlake,2,Rock Your Body; Señorita
3d2ee04c-c21d-424d-91da-afd66258438e,Philip Lawrence,10fcef09-1491-402d-85ed-65ad7c126d34,Brody Brown,2,Grenade; Runaway Baby
7441014f-f8f5-494f-81db-ff166fbc078d,PinkPantheress,d2a76e1b-cecc-4500-b445-d55591821cd3,Mura Masa,2,Boy's a liar; Boy's a liar Pt. 2
54c64bd6-81b6-4fba-bc65-4541a7af3be7,Ryan Nasci,f2b343ad-7d4e-4da6-a6a7-731a16530a27,Alex Salibian,2,Kiwi; Sign of the Times
0bc6d6e7-0858-4b73-a079-7aa681095f98,Ryan Tedder,5282dd67-44ec-4a52-8518-37d381f8e25b,Tyler Spry,2,Just Keep Watching (From F1® The Movie); exes
272989c8-5535-492d-a25c-9f58803e027f,SZA,809dad11-6b57-4a7c-b334-44f9f96fd3ea,Punch,2,Drew Barrymore; Normal Girl
272989c8-5535-492d-a25c-9f58803e027f,SZA,01ad46b5-59c5-4295-a500-88742320ec3a,Tyran Donaldson,2,Drew Barrymore; Normal Girl
1882fe91-cdd9-49c9-9956-8e06a3810bd4,Sabrina Carpenter,5b4051b9-8f31-438d-818a-e39d441e50b6,Ian Kirkpatrick,2,Bed Chem; Coincidence
c8af4490-e48a-4f91-aef9-2b1e39369576,Savan Kotecha,9989820c-9d09-4af7-8bee-82659075d401,Alexander Kronlund,2,Into You; Side to Side
c8af4490-e48a-4f91-aef9-2b1e39369576,Savan Kotecha,0edfb670-e666-41a6-b4e3-141d32944c9e,Ali Payami,2,Can't Feel My Face; Love Me Harder
c8af4490-e48a-4f91-aef9-2b1e39369576,Savan Kotecha,1036b808-f58c-4a3e-b461-a2c4492ecf1b,Nicki Minaj,2,Beauty and a Beat; Side to Side
c8af4490-e48a-4f91-aef9-2b1e39369576,Savan Kotecha,160e6d77-4ad2-46c0-8bef-a456216c6354,Peter Svensson,2,Can't Feel My Face; Love Me Harder
c8af4490-e48a-4f91-aef9-2b1e39369576,Savan Kotecha,56c4b861-0922-4c3a-a9b9-3bfcb00f8274,Zedd,2,Beauty and a Beat; Break Free
a82d9cd2-f943-4fec-8db2-b94a74b46e23,Sergiu Gherman,5c60a222-6eca-4257-9cda-695ec5ec3bea,Daniel Krieger,2,Eat Your Young; Too Sweet
a82d9cd2-f943-4fec-8db2-b94a74b46e23,Sergiu Gherman,28b6d435-bdd4-4a90-9ea7-8450abc66071,Daniel Tannenbaum,2,Eat Your Young; Too Sweet
a82d9cd2-f943-4fec-8db2-b94a74b46e23,Sergiu Gherman,b4691384-50c3-4afd-9988-51d3ec5db65d,Hozier,2,Eat Your Young; Too Sweet
a82d9cd2-f943-4fec-8db2-b94a74b46e23,Sergiu Gherman,1a44c723-042e-488c-aab8-c5edf2f6d06e,Peter Gonzales,2,Eat Your Young; Too Sweet
a82d9cd2-f943-4fec-8db2-b94a74b46e23,Sergiu Gherman,3bbb644f-f7e9-435a-8a59-6b1f98dcd251,Stuart Johnson,2,Eat Your Young; Too Sweet
a82d9cd2-f943-4fec-8db2-b94a74b46e23,Sergiu Gherman,c2d844b4-ddb2-4bcc-a319-3fb9a9eaf886,Tyler Mehlenbacher,2,Eat Your Young; Too Sweet
ed58ed4e-fd99-4903-878b-7518f4d7465a,Shellback,5a6131f9-f8db-4722-b4d7-6a0c7183c590,benny blanco,2,"Animals; Moves Like Jagger - Studio Recording From ""The Voice"" Performance"
9032140b-c6ba-448d-8f05-5ac16e3aa165,Sounwave,63df1f4c-5f3e-48f5-8050-c59b5ddebe78,Sam Dew,2,N95; United in Grief
4744de58-e37d-49cb-bf95-c07a2effe462,Stefan Johnson,76c5e552-688e-4e9d-afa0-36e77526495a,Michael Pollack,2,Ghost; Memories
b29020d6-5dbf-4c99-b16f-c009f8a712ff,Steve Lacy,aec279b2-b9cc-488c-b892-f2271605fa11,Diana Gordon,2,Bad Habit; Helmet
b29020d6-5dbf-4c99-b16f-c009f8a712ff,Steve Lacy,a298565e-d43e-46c4-b35c-bfe131258815,Fousheé,2,Bad Habit; Mercury
3bbb644f-f7e9-435a-8a59-6b1f98dcd251,Stuart Johnson,5c60a222-6eca-4257-9cda-695ec5ec3bea,Daniel Krieger,2,Eat Your Young; Too Sweet
3bbb644f-f7e9-435a-8a59-6b1f98dcd251,Stuart Johnson,28b6d435-bdd4-4a90-9ea7-8450abc66071,Daniel Tannenbaum,2,Eat Your Young; Too Sweet
3bbb644f-f7e9-435a-8a59-6b1f98dcd251,Stuart Johnson,c2d844b4-ddb2-4bcc-a319-3fb9a9eaf886,Tyler Mehlenbacher,2,Eat Your Young; Too Sweet
9fa8fdc4-91f3-4266-81e5-3c42e943217b,TBHits,5d236636-40f7-4d63-937f-56a27de1f42c,Kaydence,2,"7 rings; thank u, next"
9fa8fdc4-91f3-4266-81e5-3c42e943217b,TBHits,1a656363-3153-4068-9036-cdfccb067142,Michael “Mikey” Foster,2,"7 rings; thank u, next"
9fa8fdc4-91f3-4266-81e5-3c42e943217b,TBHits,28986960-cc25-4051-b5b4-385d1594f845,NJOMZA,2,"7 rings; thank u, next"
9fa8fdc4-91f3-4266-81e5-3c42e943217b,TBHits,f60b7005-b360-44ba-9240-40da56273b8d,Scootie,2,"7 rings; thank u, next"
9fa8fdc4-91f3-4266-81e5-3c42e943217b,TBHits,d1a6f4f1-fbda-4898-80a2-9226d54bbd17,Tayla Parx,2,"7 rings; thank u, next"
9fa8fdc4-91f3-4266-81e5-3c42e943217b,TBHits,28d83274-26ab-4a6a-b9ff-340f4784e7dd,Victoria Monét,2,"7 rings; thank u, next"
f9133869-f87c-459c-9aa7-2f176cda7e06,Tate McRae,5282dd67-44ec-4a52-8518-37d381f8e25b,Tyler Spry,2,Just Keep Watching (From F1® The Movie); exes
d1a6f4f1-fbda-4898-80a2-9226d54bbd17,Tayla Parx,f60b7005-b360-44ba-9240-40da56273b8d,Scootie,2,"7 rings; thank u, next"
c8b03190-306c-4120-bb0b-6f2ebfc06ea9,The Weeknd,0edfb670-e666-41a6-b4e3-141d32944c9e,Ali Payami,2,Can't Feel My Face; Love Me Harder
c8b03190-306c-4120-bb0b-6f2ebfc06ea9,The Weeknd,83886397-adf2-431a-b841-dc4af744a6cc,Guy‐Manuel de Homem‐Christo,2,I Feel It Coming; Starboy
c8b03190-306c-4120-bb0b-6f2ebfc06ea9,The Weeknd,b8df4f20-fddd-40ea-966e-55028f6043c7,Mano,2,Reminder; The Hills
c8b03190-306c-4120-bb0b-6f2ebfc06ea9,The Weeknd,160e6d77-4ad2-46c0-8bef-a456216c6354,Peter Svensson,2,Can't Feel My Face; Love Me Harder
c8b03190-306c-4120-bb0b-6f2ebfc06ea9,The Weeknd,c8af4490-e48a-4f91-aef9-2b1e39369576,Savan Kotecha,2,Can't Feel My Face; Love Me Harder
c8b03190-306c-4120-bb0b-6f2ebfc06ea9,The Weeknd,adaf0068-1c86-4166-8cee-f0a53f4854c4,Sir Dylan,2,Die for You; Reminder
c8b03190-306c-4120-bb0b-6f2ebfc06ea9,The Weeknd,122a2714-24f8-4046-a532-64064b5076d2,Thomas Bangalter,2,I Feel It Coming; Starboy
122a2714-24f8-4046-a532-64064b5076d2,Thomas Bangalter,0eb93ee5-2e6a-4ab4-a988-99c9139a664a,Cirkut,2,I Feel It Coming; Starboy
122a2714-24f8-4046-a532-64064b5076d2,Thomas Bangalter,f15651b5-67ab-43f5-8bb6-5a1138759e9e,Martin “Doc” McKinney,2,I Feel It Coming; Starboy
ba991ec6-049b-479f-9020-be2a84dc1473,Tim Gomringer,e4a51f17-a57b-47b1-b37b-f552d0f8e9e6,Travis Scott,2,SICKO MODE; goosebumps
04c39fec-5b44-4f11-9c73-af4f562334c7,Tor Erik Hermansen,d0b364c9-23b5-4e93-87b6-140c8b94a284,Sandy Wilhelm,2,Firework; S&M
e4a51f17-a57b-47b1-b37b-f552d0f8e9e6,Travis Scott,7905f974-c899-4112-a029-a2789f1d2df8,Buddy Ross,2,I KNOW ?; MY EYES
e4a51f17-a57b-47b1-b37b-f552d0f8e9e6,Travis Scott,6a9e461c-e3c5-4794-a203-98a15daea2df,Cyhi the Prynce,2,SICKO MODE; STARGAZING
e4a51f17-a57b-47b1-b37b-f552d0f8e9e6,Travis Scott,b432152b-ab35-40eb-916b-dc8d1559046b,WondaGurl,2,CAN'T SAY; MY EYES
ea9aa6dd-35a0-4558-8fe1-e1f3f3132920,Tyler Johnson,f2b343ad-7d4e-4da6-a6a7-731a16530a27,Alex Salibian,2,Kiwi; Sign of the Times
ea9aa6dd-35a0-4558-8fe1-e1f3f3132920,Tyler Johnson,54c64bd6-81b6-4fba-bc65-4541a7af3be7,Ryan Nasci,2,Kiwi; Sign of the Times
ea9aa6dd-35a0-4558-8fe1-e1f3f3132920,Tyler Johnson,f123bfb1-3aa1-4b45-8a8e-344aba9afdfc,Sammy Witte,2,Cherry; Fine Line
c2d844b4-ddb2-4bcc-a319-3fb9a9eaf886,Tyler Mehlenbacher,28b6d435-bdd4-4a90-9ea7-8450abc66071,Daniel Tannenbaum,2,Eat Your Young; Too Sweet
01ad46b5-59c5-4295-a500-88742320ec3a,Tyran Donaldson,809dad11-6b57-4a7c-b334-44f9f96fd3ea,Punch,2,Drew Barrymore; Normal Girl
28d83274-26ab-4a6a-b9ff-340f4784e7dd,Victoria Monét,28986960-cc25-4051-b5b4-385d1594f845,NJOMZA,2,"7 rings; thank u, next"
28d83274-26ab-4a6a-b9ff-340f4784e7dd,Victoria Monét,f60b7005-b360-44ba-9240-40da56273b8d,Scootie,2,"7 rings; thank u, next"
28d83274-26ab-4a6a-b9ff-340f4784e7dd,Victoria Monét,d1a6f4f1-fbda-4898-80a2-9226d54bbd17,Tayla Parx,2,"7 rings; thank u, next"
edbaeeb7-725e-4079-b797-ec41ea423527,Zachary Abels,3b4b99af-4d17-413c-bd79-b8a1d99a530b,Justyn Pilbrow,2,Daddy Issues; The Beach
5a6131f9-f8db-4722-b4d7-6a0c7183c590,benny blanco,5180f77d-cd2e-423e-94ba-67fc95c11e19,Ammar Malik,2,"Maps; Moves Like Jagger - Studio Recording From ""The Voice"" Performance"
5a6131f9-f8db-4722-b4d7-6a0c7183c590,benny blanco,0faaba05-d9b3-4bde-85d1-bbbbcb838ece,Bonnie McKee,2,California Gurls; Teenage Dream
5a6131f9-f8db-4722-b4d7-6a0c7183c590,benny blanco,122d63fc-8671-43e4-9752-34e846d62a9c,Katy Perry,2,California Gurls; Teenage Dream
502cf908-9921-48bc-bf0e-265c881c0156,sombr,736c4c01-029f-42d2-8a1e-ff87f65073fa,Flawed Mangoes,2,do i ever cross your mind; would've been you
b67bf15d-03c3-40a4-9d17-769a964d5005,Łukasz Gottwald,980a87e4-3532-49ea-bbda-bd691cc193ad,Ammo,2,E.T.; Sugar
b67bf15d-03c3-40a4-9d17-769a964d5005,Łukasz Gottwald,5df62a88-cac9-490a-b62c-c7c88f4020f4,Doja Cat,2,Need to Know; Woman
741dbc8e-1cd5-4a66-b2b8-43bbad87ae12,070 Shake,b61e2b15-53e4-45d6-9b9e-62c65f36c2ca,Mike Sabath,1,Escapism.
741dbc8e-1cd5-4a66-b2b8-43bbad87ae12,070 Shake,8be564c3-dfba-440b-af8c-4ffbceeef45e,RAYE,1,Escapism.
f99b7df3-2df2-45d0-9e99-c5f4623b7dcc,30 Roc,162b4184-a954-4bec-9993-7240b6bcd66e,Brandon Korn,1,STARGAZING
f99b7df3-2df2-45d0-9e99-c5f4623b7dcc,30 Roc,dac5571a-4d01-4764-b6f7-447caff2ff31,Brandon Whitfield,1,STARGAZING
f99b7df3-2df2-45d0-9e99-c5f4623b7dcc,30 Roc,e1738051-9268-46b2-b52d-b860409e73c3,EZ Elpee,1,STARGAZING
f99b7df3-2df2-45d0-9e99-c5f4623b7dcc,30 Roc,2a40fcba-4b0d-4129-becf-1f04c7906b67,Jamie Lepe,1,STARGAZING
f99b7df3-2df2-45d0-9e99-c5f4623b7dcc,30 Roc,b787b4f2-ad08-43ba-845b-c3393a8079eb,Sonny Digital,1,STARGAZING
9759df23-f2a5-4887-8926-e62ef15d7e6c,40,3c7093c9-ad71-4eef-b2e1-ea737713ab53,Nicholas John Brongers,1,Over
25b7b584-d952-4662-a8b9-dd8cdfbfeb64,A$AP Rocky,a5106366-6368-4a02-a580-73a3c02abb2f,Bobbie Gentry,1,L$D
25b7b584-d952-4662-a8b9-dd8cdfbfeb64,A$AP Rocky,772a0eb3-fe31-4a08-b583-690296f44900,Clams Casino,1,LVL
25b7b584-d952-4662-a8b9-dd8cdfbfeb64,A$AP Rocky,ade7ff78-ccb3-4866-8e44-cba2114b0e3b,Dylan Reznick,1,Fashion Killa
25b7b584-d952-4662-a8b9-dd8cdfbfeb64,A$AP Rocky,53e1c16b-d6e4-4086-b3e6-a6fd29ab0321,Finatik,1,L$D
25b7b584-d952-4662-a8b9-dd8cdfbfeb64,A$AP Rocky,0d11f1c0-e62c-4376-b42b-e69532a5ee2c,Jim Jonson,1,L$D
25b7b584-d952-4662-a8b9-dd8cdfbfeb64,A$AP Rocky,daadbdd4-1773-4ff2-abcf-9ee5dac7fda3,LVC,1,Fashion Killa
25b7b584-d952-4662-a8b9-dd8cdfbfeb64,A$AP Rocky,cd319ceb-cf9f-4d51-b23c-50feccbbff83,Mario Loving,1,Lord Pretty Flacko Jodye 2 (LPFJ2)
25b7b584-d952-4662-a8b9-dd8cdfbfeb64,A$AP Rocky,fa40e98d-c0f5-46d3-82ed-8ea28a62540d,Michael Burman,1,L$D
25b7b584-d952-4662-a8b9-dd8cdfbfeb64,A$AP Rocky,168eff94-303d-45d3-ab26-74e376d958ea,"Nesbitt Wesonga, Jr.",1,Lord Pretty Flacko Jodye 2 (LPFJ2)
25b7b584-d952-4662-a8b9-dd8cdfbfeb64,A$AP Rocky,a7808382-465f-40f2-9682-e85b5b39b89b,Zak,1,L$D
6666a6fc-930d-4cf4-aeca-eebf27e84ebf,Aalias,db8fad3a-e131-47a1-8782-c2ee93708cdd,Bebe Rexha,1,The Monster
6666a6fc-930d-4cf4-aeca-eebf27e84ebf,Aalias,c1c21547-5b3a-4559-ab25-810a6ca184ff,Frequency,1,The Monster
6666a6fc-930d-4cf4-aeca-eebf27e84ebf,Aalias,6db61674-3b9d-4d5b-9349-fd590a998225,Maki Athanasiou,1,The Monster
2aae288b-0be9-4520-a0f5-d3ff5cac8cfe,Aaron Horn,7520db17-fd87-443a-a688-50d00c1b9893,Aynzli Jones,1,Woman
2aae288b-0be9-4520-a0f5-d3ff5cac8cfe,Aaron Horn,2bb9df33-7510-437f-8868-801ce21d6a69,Jidenna,1,Woman
2aae288b-0be9-4520-a0f5-d3ff5cac8cfe,Aaron Horn,a9b83772-cb9d-45a8-91d4-abb2e720c533,Linden Jay,1,Woman
2aae288b-0be9-4520-a0f5-d3ff5cac8cfe,Aaron Horn,590d7956-6025-4b2f-a62a-2f57e4ac2747,Yeti Beats,1,Woman
c3fb80b7-26b3-4fa1-9454-7324a5fde2aa,Abe Cunningham,ecaf3d24-eb84-4aaf-8372-12ee3b0f1350,Frank Delgado,1,Sextape
c3fb80b7-26b3-4fa1-9454-7324a5fde2aa,Abe Cunningham,a1b61d0f-2333-44f5-afee-cc0c2eab71a4,Maynard James Keenan,1,Passenger
c3fb80b7-26b3-4fa1-9454-7324a5fde2aa,Abe Cunningham,a4256437-7cad-40b7-a135-9767863c90cf,Sergio Vega,1,Sextape
a1421d73-1a21-484b-97ad-77c9a5676daf,Adam Levine,980a87e4-3532-49ea-bbda-bd691cc193ad,Ammo,1,Sugar
a1421d73-1a21-484b-97ad-77c9a5676daf,Adam Levine,f8abfd32-73f9-49e7-9b88-3e47ea27a2cd,James Valentine,1,Sunday Morning
a1421d73-1a21-484b-97ad-77c9a5676daf,Adam Levine,2bd8101a-11c3-42d5-a9bd-6a3b26445f7e,Jon Bellion,1,Memories
a1421d73-1a21-484b-97ad-77c9a5676daf,Adam Levine,fa7b0a1f-f8c0-435a-a2bd-74dccf7c0055,Jordan Johnson,1,Memories
a1421d73-1a21-484b-97ad-77c9a5676daf,Adam Levine,62625f0a-2727-4155-a97f-e82b6ae30f46,Michael Masser,1,Heard 'Em Say
a1421d73-1a21-484b-97ad-77c9a5676daf,Adam Levine,76c5e552-688e-4e9d-afa0-36e77526495a,Michael Pollack,1,Memories
a1421d73-1a21-484b-97ad-77c9a5676daf,Adam Levine,7bfe45a0-f000-43ee-965f-39a564980022,Mickey Madden,1,Sunday Morning
a1421d73-1a21-484b-97ad-77c9a5676daf,Adam Levine,5b64e344-b2fb-47bd-bd7b-4c793b17d472,Mike Posner,1,Sugar
a1421d73-1a21-484b-97ad-77c9a5676daf,Adam Levine,746219b8-6b82-40f6-ac63-93aa98812db8,Noel Zancanella,1,Maps
a1421d73-1a21-484b-97ad-77c9a5676daf,Adam Levine,b90336cf-2d67-4ded-a02d-c129a3fdf251,Ryan Dusick,1,Sunday Morning
a1421d73-1a21-484b-97ad-77c9a5676daf,Adam Levine,0bc6d6e7-0858-4b73-a079-7aa681095f98,Ryan Tedder,1,Maps
a1421d73-1a21-484b-97ad-77c9a5676daf,Adam Levine,4744de58-e37d-49cb-bf95-c07a2effe462,Stefan Johnson,1,Memories
a1421d73-1a21-484b-97ad-77c9a5676daf,Adam Levine,e2eec0a3-dea8-4c38-aae1-1345aaca8c20,Vincent Ford,1,Memories
a1421d73-1a21-484b-97ad-77c9a5676daf,Adam Levine,164f0d73-1234-4e2c-8743-d77bf2191051,Ye,1,Heard 'Em Say
a1421d73-1a21-484b-97ad-77c9a5676daf,Adam Levine,b67bf15d-03c3-40a4-9d17-769a964d5005,Łukasz Gottwald,1,Sugar
0a02707b-88c6-48e4-a495-96d14c34fc81,Adam Pigott,79239441-bfd5-4981-a70c-55c3f15c1287,Madonna,1,BREAK MY SOUL
0a02707b-88c6-48e4-a495-96d14c34fc81,Adam Pigott,17921289-ed5a-4de9-be13-e3876d31fff1,Shep Pettibone,1,BREAK MY SOUL
e3fd8e3d-df64-43cb-b68e-cf6d65315e4b,Ad‐Rock,0d3bf21a-5eec-443c-9a37-b305598b0840,Adam Yauch,1,Doin' Time
e3fd8e3d-df64-43cb-b68e-cf6d65315e4b,Ad‐Rock,354c7145-01f0-4bf6-b35f-6db936f6a17e,Bradley Nowell,1,Doin' Time
e3fd8e3d-df64-43cb-b68e-cf6d65315e4b,Ad‐Rock,bf23ae35-d26d-4180-b7da-7fc9841b2cd9,Dorothy Heyward,1,Doin' Time
e3fd8e3d-df64-43cb-b68e-cf6d65315e4b,Ad‐Rock,82953e0d-464a-4fb8-80fc-78dbf8b49b1b,DuBose Heyward,1,Doin' Time
e3fd8e3d-df64-43cb-b68e-cf6d65315e4b,Ad‐Rock,65744963-191a-44ef-a3c7-b693a808a158,George Gershwin,1,Doin' Time
e3fd8e3d-df64-43cb-b68e-cf6d65315e4b,Ad‐Rock,509086c2-9cc8-4e77-89e9-322e34240ffc,Ira Gershwin,1,Doin' Time
e3fd8e3d-df64-43cb-b68e-cf6d65315e4b,Ad‐Rock,9158376c-7f95-4284-aeb5-705db2949b14,Marshall Goodman,1,Doin' Time
e3fd8e3d-df64-43cb-b68e-cf6d65315e4b,Ad‐Rock,07aebfa0-55d6-47e0-a284-12330e3eae0d,Rick Rubin,1,Doin' Time
196a957a-5ce9-462b-a216-97b37021880c,Ahmad,03db641f-0028-4c7e-bfb3-2e53523646c3,Johnny Burns,1,King Kunta
196a957a-5ce9-462b-a216-97b37021880c,Ahmad,f27ec8db-af05-4f36-916e-3d57f91ecf5e,Michael Jackson,1,King Kunta
196a957a-5ce9-462b-a216-97b37021880c,Ahmad,92781466-f1a9-4ffc-9143-d65a2c77fd64,Redfoo,1,King Kunta
196a957a-5ce9-462b-a216-97b37021880c,Ahmad,044fd265-79dd-43eb-afc4-8b20becf7e17,Thundercat,1,King Kunta
af8eb019-bf64-468f-badd-a221398b7c6f,Aire Atlantica,8ea9e75f-b304-4d94-958c-13b45c7da900,Alessandro Buccellati,1,Low
af8eb019-bf64-468f-badd-a221398b7c6f,Aire Atlantica,e0083bb1-bb24-498f-b072-268aa55b5e3e,Jozzy,1,Low
75f15961-340a-4619-9c4a-0002469fb729,Aja Grant,0d198fa9-490a-4a71-ac56-e7ee37888396,Malcolm McCormick,1,Small Worlds
75f15961-340a-4619-9c4a-0002469fb729,Aja Grant,b67fd63f-627f-4097-af0d-7df7ca2bd39f,Tae Beast,1,Small Worlds
fb7272ba-f130-4f0a-934d-6eeea4c18c9a,Al Green,f6beac20-5dfe-4d1f-ae02-0b0a740aafd6,"Tyler, The Creator",1,ARE WE STILL FRIENDS?
32434ee8-8f04-4c95-a963-796faa298651,Alan Bergman,dcf5807c-ef1f-4291-b452-6824080ecac4,Birdman,1,Nice for What
32434ee8-8f04-4c95-a963-796faa298651,Alan Bergman,550cb78b-4995-4873-baea-76ef265531f5,GZA/Genius,1,Nice for What
32434ee8-8f04-4c95-a963-796faa298651,Alan Bergman,3b39abeb-0064-4eed-9ddd-ee47a45c54cb,Ghostface Killah,1,Nice for What
32434ee8-8f04-4c95-a963-796faa298651,Alan Bergman,a6b90dc0-e22e-44e1-890b-87900bd9aca6,Inspectah Deck,1,Nice for What
32434ee8-8f04-4c95-a963-796faa298651,Alan Bergman,e8414012-4a1c-4ad4-be5e-fc55294e28cc,Lauryn Hill,1,Nice for What
32434ee8-8f04-4c95-a963-796faa298651,Alan Bergman,aa825996-e5c8-4b90-ab48-b973b82384ed,Loon,1,Nice for What
32434ee8-8f04-4c95-a963-796faa298651,Alan Bergman,34dc70df-8b2c-4bb0-a132-0958671a509c,Mannie Fresh,1,Nice for What
32434ee8-8f04-4c95-a963-796faa298651,Alan Bergman,0a2bd34d-0cf9-4e34-9854-fd8990977d00,Marilyn Bergman,1,Nice for What
32434ee8-8f04-4c95-a963-796faa298651,Alan Bergman,fd9f268a-89ef-4577-81f4-efebc9517a07,Marvin Hamlisch,1,Nice for What
32434ee8-8f04-4c95-a963-796faa298651,Alan Bergman,94dbfe2e-ca48-4e08-a5a8-e1e74136c63d,Method Man,1,Nice for What
32434ee8-8f04-4c95-a963-796faa298651,Alan Bergman,91376b53-c37d-4eed-ac24-63d167af6885,Murda Beatz,1,Nice for What
32434ee8-8f04-4c95-a963-796faa298651,Alan Bergman,d50548a0-3cfd-4d7a-964b-0aef6545d819,Ol’ Dirty Bastard,1,Nice for What
32434ee8-8f04-4c95-a963-796faa298651,Alan Bergman,7789be50-a68c-4df2-95a0-8f4878542d88,Orville Hall,1,Nice for What
32434ee8-8f04-4c95-a963-796faa298651,Alan Bergman,07d7350e-e03e-470d-8c32-bf4d8013d27a,Phillip Glen Price,1,Nice for What
32434ee8-8f04-4c95-a963-796faa298651,Alan Bergman,29c28ac3-27c5-4822-8eb6-0af89a3a7240,RZA,1,Nice for What
32434ee8-8f04-4c95-a963-796faa298651,Alan Bergman,4e954b02-fae2-4bd7-9547-e055a6ac0527,Raekwon,1,Nice for What
32434ee8-8f04-4c95-a963-796faa298651,Alan Bergman,29edaca5-7e7d-4391-b137-ff1c94a4d262,U‐God,1,Nice for What
8ea9e75f-b304-4d94-958c-13b45c7da900,Alessandro Buccellati,e0083bb1-bb24-498f-b072-268aa55b5e3e,Jozzy,1,Low
9989820c-9d09-4af7-8bee-82659075d401,Alexander Kronlund,1036b808-f58c-4a3e-b461-a2c4492ecf1b,Nicki Minaj,1,Side to Side
a034b9e1-8a67-4b7b-b4a1-6a1e784c472d,Alexis Kesselman,bb1f06b1-bca8-4fe1-8ce7-c033479b1301,Connor McDonough,1,Glimpse of Us
a034b9e1-8a67-4b7b-b4a1-6a1e784c472d,Alexis Kesselman,3332c24c-39ed-414d-afdf-87cdef7ddabc,Riley McDonough,1,Glimpse of Us
c53a0a2e-ca8b-41f0-9308-c886b63449d6,Ali Kocatepe,95349431-cc3c-411a-ba15-86b601b3966d,"Danny ""styles"" Schofield",1,Often
0edfb670-e666-41a6-b4e3-141d32944c9e,Ali Payami,ed58ed4e-fd99-4903-878b-7518f4d7465a,Shellback,1,Style
0edfb670-e666-41a6-b4e3-141d32944c9e,Ali Payami,20244d07-534f-4eff-b4d4-930878889970,Taylor Swift,1,Style
d5ee9a6f-8e10-47e7-bca7-7e3f82aad769,Ali Shaheed Muhammad,a8fcf2f0-5b1f-4dd3-9e8a-fd8dff96552a,Chylow Parker,1,SICKO MODE
d5ee9a6f-8e10-47e7-bca7-7e3f82aad769,Ali Shaheed Muhammad,084e06f5-3c82-4b71-bd94-dd69e7bd515e,DJ Premier,1,SICKO MODE
d5ee9a6f-8e10-47e7-bca7-7e3f82aad769,Ali Shaheed Muhammad,d9f3f7ca-9963-45c5-85b3-81f306614ff8,Phife Dawg,1,SICKO MODE
d5ee9a6f-8e10-47e7-bca7-7e3f82aad769,Ali Shaheed Muhammad,b3c94036-6166-41d2-91a2-dc3a0b5fa188,Q‐Tip,1,SICKO MODE
d5ee9a6f-8e10-47e7-bca7-7e3f82aad769,Ali Shaheed Muhammad,dd10cfe1-ced1-49f1-92cf-ac33265dc274,Sticky Fingaz,1,SICKO MODE
d5ee9a6f-8e10-47e7-bca7-7e3f82aad769,Ali Shaheed Muhammad,e5d70460-7057-4cbe-9c07-11ca2dac975c,Tay Keith,1,SICKO MODE
d5ee9a6f-8e10-47e7-bca7-7e3f82aad769,Ali Shaheed Muhammad,d5d97b2b-b83b-4976-814a-056d9076c8c3,The Notorious B.I.G.,1,SICKO MODE
d5ee9a6f-8e10-47e7-bca7-7e3f82aad769,Ali Shaheed Muhammad,f02e98c4-a0fa-4c02-ac0a-587f4319ac87,Tyrone Taylor,1,SICKO MODE
a0b6734c-a0fb-4068-b667-06483ad73719,Alice Longyu Gao,d288a227-30c0-4bed-95c3-8c9614646633,Jacob Kasher,1,Gnarly
a0b6734c-a0fb-4068-b667-06483ad73719,Alice Longyu Gao,d9152066-a306-477c-b07c-e5df0eb29eeb,Madison Love,1,Gnarly
a0b6734c-a0fb-4068-b667-06483ad73719,Alice Longyu Gao,d05ae113-813b-486f-9d29-da1174ac6591,Pink Slip,1,Gnarly
a0b6734c-a0fb-4068-b667-06483ad73719,Alice Longyu Gao,5ce9a259-9071-4ba2-bfb0-52f5a321c0e9,Tim Randolph,1,Gnarly
5ef42936-833a-4844-b927-6a60bea0a969,Alisha Brooks,1257a60f-2246-4e67-9ac5-623b4c3f8e94,Carl Sturken,1,Pon de Replay
5ef42936-833a-4844-b927-6a60bea0a969,Alisha Brooks,0f9a102a-18a0-4703-ad18-04d04cccb6c7,Evan Rogers,1,Pon de Replay
5ef42936-833a-4844-b927-6a60bea0a969,Alisha Brooks,b81b3ec8-a4e9-41ee-8e9a-2bd177ff803d,Vada Nobles,1,Pon de Replay
33c573df-4e2a-4e28-a27a-13382af11fe5,Allen George,0a02707b-88c6-48e4-a495-96d14c34fc81,Adam Pigott,1,BREAK MY SOUL
33c573df-4e2a-4e28-a27a-13382af11fe5,Allen George,4374e50c-f57d-492c-bd70-c11422f7fde6,Fred McFarlane,1,BREAK MY SOUL
33c573df-4e2a-4e28-a27a-13382af11fe5,Allen George,f82bcf78-5b69-4622-a5ef-73800768d9ac,JAY‐Z,1,BREAK MY SOUL
33c573df-4e2a-4e28-a27a-13382af11fe5,Allen George,79239441-bfd5-4981-a70c-55c3f15c1287,Madonna,1,BREAK MY SOUL
33c573df-4e2a-4e28-a27a-13382af11fe5,Allen George,17921289-ed5a-4de9-be13-e3876d31fff1,Shep Pettibone,1,BREAK MY SOUL
5180f77d-cd2e-423e-94ba-67fc95c11e19,Ammar Malik,746219b8-6b82-40f6-ac63-93aa98812db8,Noel Zancanella,1,Maps
4db07111-f85e-4f1b-bf52-9b7ec4cf84b5,Amund Bjørklund,75806efb-b691-4472-8484-e44e7f5d4770,Espen Lind,1,Irreplaceable
4db07111-f85e-4f1b-bf52-9b7ec4cf84b5,Amund Bjørklund,a4a01f5d-18e7-4571-8c3a-76ec0e24e2d7,Ne‐Yo,1,Irreplaceable
4d41868f-8901-4e77-bbd9-ead5bb7831ee,Amy Allen,29871918-3352-424d-8615-783d8f30c399,LOSTBOY,1,2 hands
4d41868f-8901-4e77-bbd9-ead5bb7831ee,Amy Allen,983ce56b-ad71-44fb-ac1a-b99eb63e2f6b,Max Wolfgang,1,So Easy (To Fall In Love)
4d41868f-8901-4e77-bbd9-ead5bb7831ee,Amy Allen,15e0d608-0869-429b-898d-3d8db3ecedd5,Olivia Dean,1,So Easy (To Fall In Love)
4d41868f-8901-4e77-bbd9-ead5bb7831ee,Amy Allen,5282dd67-44ec-4a52-8518-37d381f8e25b,Tyler Spry,1,Just Keep Watching (From F1® The Movie)
cf3bab56-feda-41ec-9aef-a9a31b1ad97e,Andreas Carlsson,c981b771-e3d8-4709-bf00-3b3ce479b675,Desmond Child,1,Waking Up in Vegas
00136dd9-1047-4999-af1f-d709c5fa09f9,Andrew Watt,03180405-1b26-42dc-80da-7e50fbb4c936,Ali Tamposi,1,Gabriela
00136dd9-1047-4999-af1f-d709c5fa09f9,Andrew Watt,260b6184-8828-48eb-945c-bc4cb6fc34ca,Charli xcx,1,Gabriela
00136dd9-1047-4999-af1f-d709c5fa09f9,Andrew Watt,4d84fa33-3927-429e-9bf5-1d2eb2f9307e,John Ryan,1,Gabriela
00136dd9-1047-4999-af1f-d709c5fa09f9,Andrew Watt,f47bb4db-badb-42fc-86c4-505f3f494808,Sara Schell,1,Gabriela
ea9c5c5c-0d15-4d66-87cf-60bb57d18d8c,Angelina Barrett,24517512-99c2-46cc-8b95-12759fd681aa,Killah B,1,positions
ea9c5c5c-0d15-4d66-87cf-60bb57d18d8c,Angelina Barrett,65a0b797-73ce-435e-9f8a-7b10d0b7136c,London on da Track,1,positions
ea9c5c5c-0d15-4d66-87cf-60bb57d18d8c,Angelina Barrett,4ec8df82-bbdc-43da-bdba-8f1c8d290657,Mr. Franks,1,positions
ea9c5c5c-0d15-4d66-87cf-60bb57d18d8c,Angelina Barrett,1f9e0b09-9f29-48e7-a187-3c3335e14e0d,Nija,1,positions
ce939906-b230-4bc4-9e4c-718e63bb4db6,Annet Artani,45a663b5-b1cb-4a91-bff6-2bef7bbfdd76,Britney Spears,1,Everytime
0b1b3996-d4e5-4b04-986c-340d57ae8d3b,Anthony Tiffith,21dce87c-0f36-4c81-abbf-e7d2c152d65f,Anna Wise,1,PRIDE.
c97a32c2-1fbc-44eb-a28b-cee23c135844,Anton Göransson,beccdfc5-5630-4560-a7a3-b48f9a08a5c8,Isabella Sjöstrand,1,The Thrill Is Gone.
82ad1c73-2704-45a2-b437-679c3e74f8d9,Ari Levine,37ba3b7e-ab55-4743-b796-d88b50b963a0,Albert Winkler,1,Talking to the Moon
82ad1c73-2704-45a2-b437-679c3e74f8d9,Ari Levine,73b23b50-8523-4808-a519-2fff19ab8c8a,Andrew Wyatt,1,Grenade
82ad1c73-2704-45a2-b437-679c3e74f8d9,Ari Levine,396d316b-a9de-4c3e-88e8-a1caf730a6b5,Claude Kelly,1,Grenade
82ad1c73-2704-45a2-b437-679c3e74f8d9,Ari Levine,a2fdc044-010f-4317-97d2-a1c67e978543,Jeff Bhasker,1,Talking to the Moon
82ad1c73-2704-45a2-b437-679c3e74f8d9,Ari Levine,23e60038-d27a-49cb-8eef-7f2b6ddcaa6d,Khalil Walton,1,Just the Way You Are
82ad1c73-2704-45a2-b437-679c3e74f8d9,Ari Levine,ee421ee4-f861-405d-8730-29cb512dfdbd,K’naan,1,The Lazy Song
82ad1c73-2704-45a2-b437-679c3e74f8d9,Ari Levine,8428f959-7662-455b-af97-f05d0d7379b9,Needlz,1,Just the Way You Are
f4fdbb4c-e4b7-47a0-b83b-d91bbfcfa387,Ariana Grande,ea9c5c5c-0d15-4d66-87cf-60bb57d18d8c,Angelina Barrett,1,positions
f4fdbb4c-e4b7-47a0-b83b-d91bbfcfa387,Ariana Grande,24517512-99c2-46cc-8b95-12759fd681aa,Killah B,1,positions
f4fdbb4c-e4b7-47a0-b83b-d91bbfcfa387,Ariana Grande,65a0b797-73ce-435e-9f8a-7b10d0b7136c,London on da Track,1,positions
f4fdbb4c-e4b7-47a0-b83b-d91bbfcfa387,Ariana Grande,4ec8df82-bbdc-43da-bdba-8f1c8d290657,Mr. Franks,1,positions
f4fdbb4c-e4b7-47a0-b83b-d91bbfcfa387,Ariana Grande,1036b808-f58c-4a3e-b461-a2c4492ecf1b,Nicki Minaj,1,Side to Side
f4fdbb4c-e4b7-47a0-b83b-d91bbfcfa387,Ariana Grande,1f9e0b09-9f29-48e7-a187-3c3335e14e0d,Nija,1,positions
f4fdbb4c-e4b7-47a0-b83b-d91bbfcfa387,Ariana Grande,492e7b91-a96b-4a5e-b105-6726a3a63fce,Rickard Göransson,1,God is a woman
dec25a42-9dcf-4ee9-a07c-d2ed7bbb557b,Arias,31445b1e-96f3-4c7f-84ec-dd02e647e690,DJ Snake,1,Applause
dec25a42-9dcf-4ee9-a07c-d2ed7bbb557b,Arias,efc84232-36b5-4483-8a1d-6949ea6ebf91,DJ White Shadow,1,Applause
dec25a42-9dcf-4ee9-a07c-d2ed7bbb557b,Arias,cb3391cd-4933-47d6-acd3-4b81cf6f2ff5,Dino Zisis,1,Applause
dec25a42-9dcf-4ee9-a07c-d2ed7bbb557b,Arias,7fcbd5bc-738b-4c0d-a837-8dcefaefbb75,Martin Bresso,1,Applause
dec25a42-9dcf-4ee9-a07c-d2ed7bbb557b,Arias,3133f196-41e5-4538-a435-9ad16afb3d66,Mercer,1,Applause
dec25a42-9dcf-4ee9-a07c-d2ed7bbb557b,Arias,cf32cd72-76ee-4a2e-822d-ea675449227f,Nick Monson,1,Applause
7e2900f1-2c19-4371-9bd5-4c07826f45ef,Asheton Hogan,5a2071aa-0787-49fb-931c-fa85ba86e681,Mike WiLL Made‐It,1,Formation
7e2900f1-2c19-4371-9bd5-4c07826f45ef,Asheton Hogan,5851d2ff-a9ce-49bf-bafb-08574cc22d69,Slim Jxmmi,1,Formation
2f130325-b536-46de-8b3c-730c2438db59,Austin Lichtenstein,e57800bf-a8b2-41d9-b597-a94a70266797,Pete Miller,1,Introduction.
a3299ed0-5b7d-48e6-9425-23a3d51d7660,Axident,6602cab2-65b5-4341-99c5-b05fa897f256,Big Taste,1,Company
a3299ed0-5b7d-48e6-9425-23a3d51d7660,Axident,5bb2ca9b-4862-4770-bc64-ceab41d13f5b,JHart,1,Company
a3299ed0-5b7d-48e6-9425-23a3d51d7660,Axident,654256b0-efd2-465a-b491-2937ba8f8080,James Wong,1,Company
a3299ed0-5b7d-48e6-9425-23a3d51d7660,Axident,af6be531-7ff5-404c-b3ec-34db5c6bc4a0,Thomas Troelsen,1,Company
7520db17-fd87-443a-a688-50d00c1b9893,Aynzli Jones,590d7956-6025-4b2f-a62a-2f57e4ac2747,Yeti Beats,1,Woman
81d12ca7-5b89-4d21-8736-860b7400b4eb,Baby Keem,99d40e84-b385-4185-a309-7c5d29b9c612,Boi‐1da,1,N95
81d12ca7-5b89-4d21-8736-860b7400b4eb,Baby Keem,ec2bd845-a9bb-4bce-bd0e-79ad49d89251,Jahaan Sweet,1,N95
81d12ca7-5b89-4d21-8736-860b7400b4eb,Baby Keem,63df1f4c-5f3e-48f5-8050-c59b5ddebe78,Sam Dew,1,N95
7fa62c0b-2c74-491e-a2a1-17c3b043f326,Babyface,3208d3ea-f036-45f3-876d-5c7f6e0cd096,Blair Ferguson,1,Snooze
7fa62c0b-2c74-491e-a2a1-17c3b043f326,Babyface,710d8ffa-749f-41e8-8eb7-5f82b28e13f1,Khristopher Riddick‐Tynes,1,Snooze
7fa62c0b-2c74-491e-a2a1-17c3b043f326,Babyface,412ff65d-26bf-4849-ba19-d2a58030fd1a,Leon Thomas,1,Snooze
7e302507-6b78-4f3b-9c4c-e3b85580fad0,Belly,c53a0a2e-ca8b-41f0-9308-c886b63449d6,Ali Kocatepe,1,Often
7e302507-6b78-4f3b-9c4c-e3b85580fad0,Belly,0edfb670-e666-41a6-b4e3-141d32944c9e,Ali Payami,1,Love Me Harder
7e302507-6b78-4f3b-9c4c-e3b85580fad0,Belly,64675ea9-686f-4de0-b001-aa425dba856a,Ben Billions,1,Often
7e302507-6b78-4f3b-9c4c-e3b85580fad0,Belly,95349431-cc3c-411a-ba15-86b601b3966d,"Danny ""styles"" Schofield",1,Often
7e302507-6b78-4f3b-9c4c-e3b85580fad0,Belly,b8df4f20-fddd-40ea-966e-55028f6043c7,Mano,1,The Hills
7e302507-6b78-4f3b-9c4c-e3b85580fad0,Belly,5028a04d-c3b5-428d-9c88-433224bb10ba,Mario Winans,1,After Hours
7e302507-6b78-4f3b-9c4c-e3b85580fad0,Belly,613e2ab8-f471-4ece-b18b-5c863608ce77,Osman İşmen,1,Often
7e302507-6b78-4f3b-9c4c-e3b85580fad0,Belly,160e6d77-4ad2-46c0-8bef-a456216c6354,Peter Svensson,1,Love Me Harder
7e302507-6b78-4f3b-9c4c-e3b85580fad0,Belly,66fef5a9-5ceb-4427-9670-017fe1c49786,Sabahattin Ali,1,Often
7e302507-6b78-4f3b-9c4c-e3b85580fad0,Belly,c8af4490-e48a-4f91-aef9-2b1e39369576,Savan Kotecha,1,Love Me Harder
64675ea9-686f-4de0-b001-aa425dba856a,Ben Billions,c53a0a2e-ca8b-41f0-9308-c886b63449d6,Ali Kocatepe,1,Often
64675ea9-686f-4de0-b001-aa425dba856a,Ben Billions,95349431-cc3c-411a-ba15-86b601b3966d,"Danny ""styles"" Schofield",1,Often
64675ea9-686f-4de0-b001-aa425dba856a,Ben Billions,613e2ab8-f471-4ece-b18b-5c863608ce77,Osman İşmen,1,Often
c7ed18c1-a4ee-4778-9c57-b51fd6215b35,Bernard Belle,04e3a60e-5f8c-42f6-b4b8-4885adbf7b7d,Teddy Riley,1,Remember the Time
502775a7-8a92-44e5-8d81-de6c4d769eb2,Bernard Leverette,6dc6775b-847c-40e2-9be1-9d099cdd9063,Gerald Tiller,1,Holding on to You
502775a7-8a92-44e5-8d81-de6c4d769eb2,Bernard Leverette,7fbea59f-789a-466f-90a1-0b6dc6323721,Jamall Willingham,1,Holding on to You
502775a7-8a92-44e5-8d81-de6c4d769eb2,Bernard Leverette,bb29ebac-463e-407c-bd16-f175c48c7fab,Parlae,1,Holding on to You
859d0860-d480-4efd-970c-c05d5f1776b8,Beyoncé,0a02707b-88c6-48e4-a495-96d14c34fc81,Adam Pigott,1,BREAK MY SOUL
859d0860-d480-4efd-970c-c05d5f1776b8,Beyoncé,33c573df-4e2a-4e28-a27a-13382af11fe5,Allen George,1,BREAK MY SOUL
859d0860-d480-4efd-970c-c05d5f1776b8,Beyoncé,4db07111-f85e-4f1b-bf52-9b7ec4cf84b5,Amund Bjørklund,1,Irreplaceable
859d0860-d480-4efd-970c-c05d5f1776b8,Beyoncé,7e2900f1-2c19-4371-9bd5-4c07826f45ef,Asheton Hogan,1,Formation
859d0860-d480-4efd-970c-c05d5f1776b8,Beyoncé,14637c9a-4156-4990-862d-02113db0bc07,Big Freedia,1,BREAK MY SOUL
859d0860-d480-4efd-970c-c05d5f1776b8,Beyoncé,e4cd927a-7810-41b1-aab5-ae30fa930f2a,Bobby Johnson Beats,1,7/11
859d0860-d480-4efd-970c-c05d5f1776b8,Beyoncé,9787f0a2-f657-4210-a630-131efd6f2a9d,Detail,1,7/11
859d0860-d480-4efd-970c-c05d5f1776b8,Beyoncé,d2104914-bec9-49e4-83fb-8e860ea94fbf,E. Kidd Bogart,1,Halo
859d0860-d480-4efd-970c-c05d5f1776b8,Beyoncé,75806efb-b691-4472-8484-e44e7f5d4770,Espen Lind,1,Irreplaceable
859d0860-d480-4efd-970c-c05d5f1776b8,Beyoncé,4374e50c-f57d-492c-bd70-c11422f7fde6,Fred McFarlane,1,BREAK MY SOUL
859d0860-d480-4efd-970c-c05d5f1776b8,Beyoncé,f82bcf78-5b69-4622-a5ef-73800768d9ac,JAY‐Z,1,BREAK MY SOUL
859d0860-d480-4efd-970c-c05d5f1776b8,Beyoncé,95203764-45d1-4bb8-bd54-d5b87a83d36f,Kuk Harrell,1,Single Ladies (Put a Ring on It)
859d0860-d480-4efd-970c-c05d5f1776b8,Beyoncé,08f6e184-8da3-4715-a299-33e278087082,LaShawn Daniels,1,Telephone
859d0860-d480-4efd-970c-c05d5f1776b8,Beyoncé,a22e2535-d53b-499f-b351-dab387d67d5a,Lazonate Franklin,1,Telephone
859d0860-d480-4efd-970c-c05d5f1776b8,Beyoncé,79239441-bfd5-4981-a70c-55c3f15c1287,Madonna,1,BREAK MY SOUL
859d0860-d480-4efd-970c-c05d5f1776b8,Beyoncé,5a2071aa-0787-49fb-931c-fa85ba86e681,Mike WiLL Made‐It,1,Formation
859d0860-d480-4efd-970c-c05d5f1776b8,Beyoncé,3394771a-a36b-4739-bcd9-301d09121af8,Mikkel Storleer Eriksen,1,Irreplaceable
859d0860-d480-4efd-970c-c05d5f1776b8,Beyoncé,a4a01f5d-18e7-4571-8c3a-76ec0e24e2d7,Ne‐Yo,1,Irreplaceable
859d0860-d480-4efd-970c-c05d5f1776b8,Beyoncé,5c882e22-3467-4cc3-8c77-6595288f3b39,Rodney Jerkins,1,Telephone
859d0860-d480-4efd-970c-c05d5f1776b8,Beyoncé,0bc6d6e7-0858-4b73-a079-7aa681095f98,Ryan Tedder,1,Halo
859d0860-d480-4efd-970c-c05d5f1776b8,Beyoncé,d35fff9b-9581-4851-9fbc-511267e692f0,Shea Taylor,1,Love on Top
859d0860-d480-4efd-970c-c05d5f1776b8,Beyoncé,17921289-ed5a-4de9-be13-e3876d31fff1,Shep Pettibone,1,BREAK MY SOUL
859d0860-d480-4efd-970c-c05d5f1776b8,Beyoncé,a9a1c3b8-7d84-42b5-acdc-78bebadc2042,Sidney Swift,1,7/11
859d0860-d480-4efd-970c-c05d5f1776b8,Beyoncé,5851d2ff-a9ce-49bf-bafb-08574cc22d69,Slim Jxmmi,1,Formation
859d0860-d480-4efd-970c-c05d5f1776b8,Beyoncé,a17ce9c3-8f6f-4dcc-a1b7-2a04ab9e31f0,Swae Lee,1,Formation
859d0860-d480-4efd-970c-c05d5f1776b8,Beyoncé,04c39fec-5b44-4f11-9c73-af4f562334c7,Tor Erik Hermansen,1,Irreplaceable
01e8bf9d-d4ac-4594-bda2-ca475dc0d7a3,Bibi Mascel,ee1319f0-d6e0-45f8-904c-538f6b951156,Nkono Teles,1,I THINK
14637c9a-4156-4990-862d-02113db0bc07,Big Freedia,0a02707b-88c6-48e4-a495-96d14c34fc81,Adam Pigott,1,BREAK MY SOUL
14637c9a-4156-4990-862d-02113db0bc07,Big Freedia,33c573df-4e2a-4e28-a27a-13382af11fe5,Allen George,1,BREAK MY SOUL
14637c9a-4156-4990-862d-02113db0bc07,Big Freedia,4374e50c-f57d-492c-bd70-c11422f7fde6,Fred McFarlane,1,BREAK MY SOUL
14637c9a-4156-4990-862d-02113db0bc07,Big Freedia,f82bcf78-5b69-4622-a5ef-73800768d9ac,JAY‐Z,1,BREAK MY SOUL
14637c9a-4156-4990-862d-02113db0bc07,Big Freedia,79239441-bfd5-4981-a70c-55c3f15c1287,Madonna,1,BREAK MY SOUL
14637c9a-4156-4990-862d-02113db0bc07,Big Freedia,17921289-ed5a-4de9-be13-e3876d31fff1,Shep Pettibone,1,BREAK MY SOUL
5cb395b6-1cb9-4c9c-a79a-01a66513d1f6,Big Gipp,53442fb2-0e7e-47a2-b4c4-47bfb38d55aa,FKi 1st,1,5% TINT
5cb395b6-1cb9-4c9c-a79a-01a66513d1f6,Big Gipp,81eb1203-49fa-456b-b138-41193ab179b1,Khujo Goodie,1,5% TINT
5cb395b6-1cb9-4c9c-a79a-01a66513d1f6,Big Gipp,203506a0-2903-4d17-9b9e-ccee1e78f8fd,Patrick Bischoff-Brown,1,5% TINT
5cb395b6-1cb9-4c9c-a79a-01a66513d1f6,Big Gipp,c1a1cc79-fe57-4b82-a7e1-402ab6492685,Ray Murray,1,5% TINT
5cb395b6-1cb9-4c9c-a79a-01a66513d1f6,Big Gipp,061e1620-bdf8-40e6-b9d1-0b403c27a1e8,Rico Wade,1,5% TINT
5cb395b6-1cb9-4c9c-a79a-01a66513d1f6,Big Gipp,b60ee7a4-1f2d-4df7-aecc-b1b35fd32bf4,T‐Mo,1,5% TINT
6602cab2-65b5-4341-99c5-b05fa897f256,Big Taste,5bb2ca9b-4862-4770-bc64-ceab41d13f5b,JHart,1,Company
6602cab2-65b5-4341-99c5-b05fa897f256,Big Taste,654256b0-efd2-465a-b491-2937ba8f8080,James Wong,1,Company
6602cab2-65b5-4341-99c5-b05fa897f256,Big Taste,af6be531-7ff5-404c-b3ec-34db5c6bc4a0,Thomas Troelsen,1,Company
7aa27474-7b32-46c5-a065-ec831e8a70da,Billy Walsh,9f3576a9-ef8d-44d2-bd05-0c3ce1ea691d,Kaan Gunesberk,1,Circles
dcf5807c-ef1f-4291-b452-6824080ecac4,Birdman,550cb78b-4995-4873-baea-76ef265531f5,GZA/Genius,1,Nice for What
dcf5807c-ef1f-4291-b452-6824080ecac4,Birdman,3b39abeb-0064-4eed-9ddd-ee47a45c54cb,Ghostface Killah,1,Nice for What
dcf5807c-ef1f-4291-b452-6824080ecac4,Birdman,a6b90dc0-e22e-44e1-890b-87900bd9aca6,Inspectah Deck,1,Nice for What
dcf5807c-ef1f-4291-b452-6824080ecac4,Birdman,e8414012-4a1c-4ad4-be5e-fc55294e28cc,Lauryn Hill,1,Nice for What
dcf5807c-ef1f-4291-b452-6824080ecac4,Birdman,aa825996-e5c8-4b90-ab48-b973b82384ed,Loon,1,Nice for What
dcf5807c-ef1f-4291-b452-6824080ecac4,Birdman,34dc70df-8b2c-4bb0-a132-0958671a509c,Mannie Fresh,1,Nice for What
dcf5807c-ef1f-4291-b452-6824080ecac4,Birdman,fd9f268a-89ef-4577-81f4-efebc9517a07,Marvin Hamlisch,1,Nice for What
dcf5807c-ef1f-4291-b452-6824080ecac4,Birdman,94dbfe2e-ca48-4e08-a5a8-e1e74136c63d,Method Man,1,Nice for What
dcf5807c-ef1f-4291-b452-6824080ecac4,Birdman,91376b53-c37d-4eed-ac24-63d167af6885,Murda Beatz,1,Nice for What
dcf5807c-ef1f-4291-b452-6824080ecac4,Birdman,d50548a0-3cfd-4d7a-964b-0aef6545d819,Ol’ Dirty Bastard,1,Nice for What
dcf5807c-ef1f-4291-b452-6824080ecac4,Birdman,7789be50-a68c-4df2-95a0-8f4878542d88,Orville Hall,1,Nice for What
dcf5807c-ef1f-4291-b452-6824080ecac4,Birdman,07d7350e-e03e-470d-8c32-bf4d8013d27a,Phillip Glen Price,1,Nice for What
dcf5807c-ef1f-4291-b452-6824080ecac4,Birdman,29c28ac3-27c5-4822-8eb6-0af89a3a7240,RZA,1,Nice for What
dcf5807c-ef1f-4291-b452-6824080ecac4,Birdman,4e954b02-fae2-4bd7-9547-e055a6ac0527,Raekwon,1,Nice for What
dcf5807c-ef1f-4291-b452-6824080ecac4,Birdman,29edaca5-7e7d-4391-b137-ff1c94a4d262,U‐God,1,Nice for What
3208d3ea-f036-45f3-876d-5c7f6e0cd096,Blair Ferguson,710d8ffa-749f-41e8-8eb7-5f82b28e13f1,Khristopher Riddick‐Tynes,1,Snooze
3208d3ea-f036-45f3-876d-5c7f6e0cd096,Blair Ferguson,412ff65d-26bf-4849-ba19-d2a58030fd1a,Leon Thomas,1,Snooze
02bede68-6c8e-41a9-aaaa-9f3ba11b3066,Blake Harnage,53348bf5-6bf7-4906-84a1-c91a8fa82389,Victoria Zaro,1,you broke me first
dd954cc1-402f-4f23-91b4-ffa3b1e3b142,BloodPop®,38fbbbdf-90be-4fd3-a2d2-9ae29a9a81b3,Justin Tranter,1,Sorry
dd954cc1-402f-4f23-91b4-ffa3b1e3b142,BloodPop®,b61e2b15-53e4-45d6-9b9e-62c65f36c2ca,Mike Sabath,1,Ice Cream Man.
dd954cc1-402f-4f23-91b4-ffa3b1e3b142,BloodPop®,8be564c3-dfba-440b-af8c-4ffbceeef45e,RAYE,1,Ice Cream Man.
dd954cc1-402f-4f23-91b4-ffa3b1e3b142,BloodPop®,ae002c5d-aac6-490b-a39a-30aa9e2edf2b,Skrillex,1,Sorry
a5106366-6368-4a02-a580-73a3c02abb2f,Bobbie Gentry,0d11f1c0-e62c-4376-b42b-e69532a5ee2c,Jim Jonson,1,L$D
a5106366-6368-4a02-a580-73a3c02abb2f,Bobbie Gentry,a7808382-465f-40f2-9682-e85b5b39b89b,Zak,1,L$D
a8ce077a-8609-41c6-bde3-e2d31fef64cf,Bobby Dukes,431db1af-0234-405e-a54b-d131d1c90da7,Bobby Massey,1,A BOY IS A GUN*
a8ce077a-8609-41c6-bde3-e2d31fef64cf,Bobby Dukes,943939a2-a631-4f92-93ac-144813c20b24,Lester McKenzie,1,A BOY IS A GUN*
e4cd927a-7810-41b1-aab5-ae30fa930f2a,Bobby Johnson Beats,9787f0a2-f657-4210-a630-131efd6f2a9d,Detail,1,7/11
e4cd927a-7810-41b1-aab5-ae30fa930f2a,Bobby Johnson Beats,a9a1c3b8-7d84-42b5-acdc-78bebadc2042,Sidney Swift,1,7/11
431db1af-0234-405e-a54b-d131d1c90da7,Bobby Massey,943939a2-a631-4f92-93ac-144813c20b24,Lester McKenzie,1,A BOY IS A GUN*
99d40e84-b385-4185-a309-7c5d29b9c612,Boi‐1da,9759df23-f2a5-4887-8926-e62ef15d7e6c,40,1,Over
99d40e84-b385-4185-a309-7c5d29b9c612,Boi‐1da,e0481214-292a-4c6c-9332-ec128303c864,Dan Hamilton,1,Best I Ever Had
99d40e84-b385-4185-a309-7c5d29b9c612,Boi‐1da,b95ce3ff-3d05-4e87-9e01-c97b66af13d4,Eminem,1,Not Afraid
99d40e84-b385-4185-a309-7c5d29b9c612,Boi‐1da,ec2bd845-a9bb-4bce-bd0e-79ad49d89251,Jahaan Sweet,1,N95
99d40e84-b385-4185-a309-7c5d29b9c612,Boi‐1da,b33cd08d-df19-45bf-b14b-2787f5bd2354,Jordan Evans,1,Not Afraid
99d40e84-b385-4185-a309-7c5d29b9c612,Boi‐1da,ac9a487a-d9d2-4f27-bb23-0f4686488345,Lil Wayne,1,Best I Ever Had
99d40e84-b385-4185-a309-7c5d29b9c612,Boi‐1da,b6e1e175-d5ee-45b1-b3af-fecc26837ccf,Luis Resto,1,Not Afraid
99d40e84-b385-4185-a309-7c5d29b9c612,Boi‐1da,bb9eaa34-1511-40cf-b798-26ced8028736,Matthew Burnett,1,Not Afraid
99d40e84-b385-4185-a309-7c5d29b9c612,Boi‐1da,3c7093c9-ad71-4eef-b2e1-ea737713ab53,Nicholas John Brongers,1,Over
99d40e84-b385-4185-a309-7c5d29b9c612,Boi‐1da,63df1f4c-5f3e-48f5-8050-c59b5ddebe78,Sam Dew,1,N95
0faaba05-d9b3-4bde-85d1-bbbbcb838ece,Bonnie McKee,965f5705-6eb1-49a1-b312-cd3d65bcc7c9,Calvin Broadus,1,California Gurls
2d4a1dd1-2cd8-4553-bf0b-74b8c9179633,Brad Delson,6bfe9806-b477-4750-8bd2-b1d0acf901a9,Mark Wakefield,1,Runaway
354c7145-01f0-4bf6-b35f-6db936f6a17e,Bradley Nowell,0d3bf21a-5eec-443c-9a37-b305598b0840,Adam Yauch,1,Doin' Time
354c7145-01f0-4bf6-b35f-6db936f6a17e,Bradley Nowell,07aebfa0-55d6-47e0-a284-12330e3eae0d,Rick Rubin,1,Doin' Time
3aa85724-c3f5-4781-bed6-82b86b373f42,Brandon Finessin,8cd5d4c0-760a-43a0-af38-e56a39389bf6,Cousin Vinny,1,Baby Pluto
3aa85724-c3f5-4781-bed6-82b86b373f42,Brandon Finessin,e203d38a-ba34-462e-86da-cd1b3d7a6095,Ike Beatz,1,Baby Pluto
796db252-ea1d-4964-a89e-88f0521931eb,Brandon Fried,341199e0-deec-4cdb-9c30-c2cf35ec6f55,Brett Fair,1,Devil's Advocate
796db252-ea1d-4964-a89e-88f0521931eb,Brandon Fried,2817bb9c-3660-4462-be55-8e4d6fe3f743,Danny Parra,1,Pretty Boy
796db252-ea1d-4964-a89e-88f0521931eb,Brandon Fried,9c7f1f2f-cb17-4b5a-b954-18d64c2f8dee,Jon Bates,1,You Get Me So High
796db252-ea1d-4964-a89e-88f0521931eb,Brandon Fried,23606ecd-2924-4086-9dc3-aac0838b1f18,Tony DeMatteo,1,You Get Me So High
162b4184-a954-4bec-9993-7240b6bcd66e,Brandon Korn,dac5571a-4d01-4764-b6f7-447caff2ff31,Brandon Whitfield,1,STARGAZING
162b4184-a954-4bec-9993-7240b6bcd66e,Brandon Korn,2a40fcba-4b0d-4129-becf-1f04c7906b67,Jamie Lepe,1,STARGAZING
fa9b664a-cfd0-4088-8ed4-a4d7045d351f,Brendon Urie,30e8e6e2-7b79-4eef-ba91-8435d4ba0fac,Butch Walker,1,The Ballad of Mona Lisa
fa9b664a-cfd0-4088-8ed4-a4d7045d351f,Brendon Urie,94910345-979a-42d3-9f73-afcce8a011d0,Cook,1,High Hopes
fa9b664a-cfd0-4088-8ed4-a4d7045d351f,Brendon Urie,9f41f18b-23b2-4052-af25-0664dbfc9085,Dan Wilson,1,Emperor's New Clothes
fa9b664a-cfd0-4088-8ed4-a4d7045d351f,Brendon Urie,24a43e36-0435-4f04-ae9a-d5d73e52d278,Ilsey Juber,1,High Hopes
fa9b664a-cfd0-4088-8ed4-a4d7045d351f,Brendon Urie,e24bca91-8106-464a-bc42-757f1ab24af3,Jenny Owen Youngs,1,High Hopes
fa9b664a-cfd0-4088-8ed4-a4d7045d351f,Brendon Urie,a5f2ca79-a37c-4500-a5f0-50cc709a37c2,John Feldmann,1,The Ballad of Mona Lisa
fa9b664a-cfd0-4088-8ed4-a4d7045d351f,Brendon Urie,52dd5890-b068-499e-a192-6f3e9a4cee07,Jon Walker,1,Tonight
fa9b664a-cfd0-4088-8ed4-a4d7045d351f,Brendon Urie,323ea008-ae98-40de-9af5-02c50ae5fc5e,Jonas Jeberg,1,High Hopes
fa9b664a-cfd0-4088-8ed4-a4d7045d351f,Brendon Urie,ba1ba43e-80a8-4471-8d02-c31453f4aa88,Morgan Kibby,1,House of Memories
eb9075cd-0440-414a-b309-5da6ecc50911,Brian Burton,85afb93c-62bb-455b-b806-079299d73db8,Dave Jolicoeur,1,Feel Good Inc
eb9075cd-0440-414a-b309-5da6ecc50911,Brian Burton,765d96b9-bf40-4204-b15a-b90f0e0113fe,Romye Robinson,1,Dirty Harry
eb9075cd-0440-414a-b309-5da6ecc50911,Brian Burton,cb72e132-66c1-44c2-986f-eed70d97d29a,Shaun Ryder,1,DARE
50b95bb6-dcdc-4424-ba3b-e48692d954bf,Brian Kennedy,9c964d46-8b84-46c1-90ca-fb241ad1b1f2,Andre Merritt,1,Disturbia
6d24f102-5c43-453a-8664-4ee092f441cf,Brian May,022589ac-7177-460d-a178-9976cf70e29f,Freddie Mercury,1,Under Pressure
6d24f102-5c43-453a-8664-4ee092f441cf,Brian May,558302b1-07ae-4be1-9edb-2a2b1f036313,Roger Taylor,1,Under Pressure
3dc498e4-2b87-4062-8b6c-978cf08bcb30,Britten Newbill,567bd6e3-d151-4bfb-9fdb-01b03eca8a16,Aston Rudi,1,Ladies Room
3a67cda4-4363-4d05-84e5-0d6f22c2f7ac,Brock Korsan,e4a51f17-a57b-47b1-b37b-f552d0f8e9e6,Travis Scott,1,goosebumps
3a67cda4-4363-4d05-84e5-0d6f22c2f7ac,Brock Korsan,547893bd-96ed-4bc2-ab2d-7e3c0f81f431,Yung Exclusive,1,goosebumps
10fcef09-1491-402d-85ed-65ad7c126d34,Brody Brown,73b23b50-8523-4808-a519-2fff19ab8c8a,Andrew Wyatt,1,Grenade
10fcef09-1491-402d-85ed-65ad7c126d34,Brody Brown,396d316b-a9de-4c3e-88e8-a1caf730a6b5,Claude Kelly,1,Grenade
afb680f2-b6eb-4cd7-a70b-a63b25c763d5,Bruno Mars,37ba3b7e-ab55-4743-b796-d88b50b963a0,Albert Winkler,1,Talking to the Moon
afb680f2-b6eb-4cd7-a70b-a63b25c763d5,Bruno Mars,00136dd9-1047-4999-af1f-d709c5fa09f9,Andrew Watt,1,Die with a Smile
afb680f2-b6eb-4cd7-a70b-a63b25c763d5,Bruno Mars,73b23b50-8523-4808-a519-2fff19ab8c8a,Andrew Wyatt,1,Grenade
afb680f2-b6eb-4cd7-a70b-a63b25c763d5,Bruno Mars,396d316b-a9de-4c3e-88e8-a1caf730a6b5,Claude Kelly,1,Grenade
afb680f2-b6eb-4cd7-a70b-a63b25c763d5,Bruno Mars,a2fdc044-010f-4317-97d2-a1c67e978543,Jeff Bhasker,1,Talking to the Moon
afb680f2-b6eb-4cd7-a70b-a63b25c763d5,Bruno Mars,23e60038-d27a-49cb-8eef-7f2b6ddcaa6d,Khalil Walton,1,Just the Way You Are
afb680f2-b6eb-4cd7-a70b-a63b25c763d5,Bruno Mars,ee421ee4-f861-405d-8730-29cb512dfdbd,K’naan,1,The Lazy Song
afb680f2-b6eb-4cd7-a70b-a63b25c763d5,Bruno Mars,8428f959-7662-455b-af97-f05d0d7379b9,Needlz,1,Just the Way You Are
7905f974-c899-4112-a029-a2789f1d2df8,Buddy Ross,0181a90e-6b1d-4d09-bd6f-b0b1145e7ad8,Dua Saleh,1,MY EYES
7905f974-c899-4112-a029-a2789f1d2df8,Buddy Ross,3981ed16-9bc3-4037-9318-4aaebfcc1b9d,Josiah Sherman,1,MY EYES
7905f974-c899-4112-a029-a2789f1d2df8,Buddy Ross,0f1d5b01-8784-4870-9bd6-fa43178b9441,Justin Vernon,1,MY EYES
7905f974-c899-4112-a029-a2789f1d2df8,Buddy Ross,130c2184-14f2-4180-a216-04b5a333be57,Sampha,1,MY EYES
7905f974-c899-4112-a029-a2789f1d2df8,Buddy Ross,e95c9a69-8ce0-4709-8371-6cafddd11cb0,Vegyn,1,MY EYES
7905f974-c899-4112-a029-a2789f1d2df8,Buddy Ross,ed41b7f0-5b39-433a-9274-f06d19e724a3,Wheezy,1,MY EYES
7905f974-c899-4112-a029-a2789f1d2df8,Buddy Ross,b432152b-ab35-40eb-916b-dc8d1559046b,WondaGurl,1,MY EYES
12389508-226c-448a-8d47-58453690e4d8,Bugz Ronin,3aa85724-c3f5-4781-bed6-82b86b373f42,Brandon Finessin,1,Baby Pluto
12389508-226c-448a-8d47-58453690e4d8,Bugz Ronin,8cd5d4c0-760a-43a0-af38-e56a39389bf6,Cousin Vinny,1,Baby Pluto
12389508-226c-448a-8d47-58453690e4d8,Bugz Ronin,e203d38a-ba34-462e-86da-cd1b3d7a6095,Ike Beatz,1,Baby Pluto
10a9ff92-9637-4498-afea-7044b2ab0dc0,Busta Rhymes,d5ee9a6f-8e10-47e7-bca7-7e3f82aad769,Ali Shaheed Muhammad,1,SICKO MODE
10a9ff92-9637-4498-afea-7044b2ab0dc0,Busta Rhymes,a8fcf2f0-5b1f-4dd3-9e8a-fd8dff96552a,Chylow Parker,1,SICKO MODE
10a9ff92-9637-4498-afea-7044b2ab0dc0,Busta Rhymes,6a9e461c-e3c5-4794-a203-98a15daea2df,Cyhi the Prynce,1,SICKO MODE
10a9ff92-9637-4498-afea-7044b2ab0dc0,Busta Rhymes,084e06f5-3c82-4b71-bd94-dd69e7bd515e,DJ Premier,1,SICKO MODE
10a9ff92-9637-4498-afea-7044b2ab0dc0,Busta Rhymes,df78c5ab-5a5c-4875-af18-75151fcd2b44,Dinco D,1,SICKO MODE
10a9ff92-9637-4498-afea-7044b2ab0dc0,Busta Rhymes,ddac1a2e-3fb5-4af6-adf0-f6008c7ddfb5,Easy Mo Bee,1,SICKO MODE
10a9ff92-9637-4498-afea-7044b2ab0dc0,Busta Rhymes,646942bd-dc4c-42f0-b6a2-683821ebd5ca,Fredro Starr,1,SICKO MODE
10a9ff92-9637-4498-afea-7044b2ab0dc0,Busta Rhymes,215c6ab2-7888-4061-bd56-9fb650328106,Guru,1,SICKO MODE
10a9ff92-9637-4498-afea-7044b2ab0dc0,Busta Rhymes,1e8b3e4f-83c3-4b30-afa0-220363a7df5a,H.A.W.K.,1,SICKO MODE
10a9ff92-9637-4498-afea-7044b2ab0dc0,Busta Rhymes,43c1447a-6292-44e3-b66a-eb0337768170,Harry Wayne Casey,1,SICKO MODE
10a9ff92-9637-4498-afea-7044b2ab0dc0,Busta Rhymes,bf314a8f-5dc6-4dc5-8819-d25b4cc38164,Hit‐Boy,1,SICKO MODE
10a9ff92-9637-4498-afea-7044b2ab0dc0,Busta Rhymes,b997f5fa-a728-407f-ba2d-4c43c7d883fd,Luke,1,SICKO MODE
10a9ff92-9637-4498-afea-7044b2ab0dc0,Busta Rhymes,73e36439-1e9a-4925-bf2c-1d7f7885fbb0,Mike Dean,1,SICKO MODE
10a9ff92-9637-4498-afea-7044b2ab0dc0,Busta Rhymes,05a89764-2383-4508-a747-1cf290707326,Mirsad Dervic,1,SICKO MODE
10a9ff92-9637-4498-afea-7044b2ab0dc0,Busta Rhymes,d9f3f7ca-9963-45c5-85b3-81f306614ff8,Phife Dawg,1,SICKO MODE
10a9ff92-9637-4498-afea-7044b2ab0dc0,Busta Rhymes,b3c94036-6166-41d2-91a2-dc3a0b5fa188,Q‐Tip,1,SICKO MODE
10a9ff92-9637-4498-afea-7044b2ab0dc0,Busta Rhymes,6754c93a-3ed2-415f-b75e-2fd743f11391,Richard Finch,1,SICKO MODE
10a9ff92-9637-4498-afea-7044b2ab0dc0,Busta Rhymes,b6211627-0089-4142-b7d1-57d56d1def42,Rogét Chahayed,1,SICKO MODE
10a9ff92-9637-4498-afea-7044b2ab0dc0,Busta Rhymes,dd10cfe1-ced1-49f1-92cf-ac33265dc274,Sticky Fingaz,1,SICKO MODE
10a9ff92-9637-4498-afea-7044b2ab0dc0,Busta Rhymes,a17ce9c3-8f6f-4dcc-a1b7-2a04ab9e31f0,Swae Lee,1,SICKO MODE
10a9ff92-9637-4498-afea-7044b2ab0dc0,Busta Rhymes,e5d70460-7057-4cbe-9c07-11ca2dac975c,Tay Keith,1,SICKO MODE
10a9ff92-9637-4498-afea-7044b2ab0dc0,Busta Rhymes,d5d97b2b-b83b-4976-814a-056d9076c8c3,The Notorious B.I.G.,1,SICKO MODE
10a9ff92-9637-4498-afea-7044b2ab0dc0,Busta Rhymes,f02e98c4-a0fa-4c02-ac0a-587f4319ac87,Tyrone Taylor,1,SICKO MODE
8dd98bdc-80ec-4e93-8509-2f46bafc09a7,Calvin Harris,c317dd05-a6da-4659-9cce-f57866ed408e,Duvall,1,How Deep Is Your Love
8dd98bdc-80ec-4e93-8509-2f46bafc09a7,Calvin Harris,88798869-338b-418e-9c47-97365444b734,Florence Welch,1,Sweet Nothing
8dd98bdc-80ec-4e93-8509-2f46bafc09a7,Calvin Harris,c8a79019-4132-46d7-8e23-7fbcccc50608,Gavin Koolmon,1,How Deep Is Your Love
8dd98bdc-80ec-4e93-8509-2f46bafc09a7,Calvin Harris,fef6ca14-d775-4e19-86d5-b7a1e0f343ae,Geoff Mack,1,Where Have You Been
8dd98bdc-80ec-4e93-8509-2f46bafc09a7,Calvin Harris,c214045a-98fd-4a2b-b42c-47efa4b4472b,Ina Wroldsen,1,How Deep Is Your Love
8dd98bdc-80ec-4e93-8509-2f46bafc09a7,Calvin Harris,7b98b4c7-37e2-4dd0-9290-7312c55aa8da,Kid Harpoon,1,Sweet Nothing
8dd98bdc-80ec-4e93-8509-2f46bafc09a7,Calvin Harris,eb9e4c07-1bf9-476c-8f6a-da9075736040,Luke Mac,1,How Deep Is Your Love
8dd98bdc-80ec-4e93-8509-2f46bafc09a7,Calvin Harris,b67bf15d-03c3-40a4-9d17-769a964d5005,Łukasz Gottwald,1,Where Have You Been
2b0bd2c8-ba51-4963-b7f1-c4f80785fe56,Carassius Gold,9dfce208-d9e6-46c3-9c70-d64e143cface,Deschanel Gordon,1,Let Alone The One You Love
339a7eb7-7c47-4d1c-898f-ec0cdf9d8cf9,Cardiak,f944d4be-3bd4-4255-afde-458f77bd29ae,CritaCal,1,Love Yourz
339a7eb7-7c47-4d1c-898f-ec0cdf9d8cf9,Cardiak,5f7b15e6-7a28-4ab9-bb3e-8b5f2a80f44c,Illmind,1,Love Yourz
551d0bb3-984d-4c9d-b9fb-1fe5d5e94ec7,Cardo,3a67cda4-4363-4d05-84e5-0d6f22c2f7ac,Brock Korsan,1,goosebumps
551d0bb3-984d-4c9d-b9fb-1fe5d5e94ec7,Cardo,2a11b7c9-12d6-495d-a577-7412dd1f7aca,Kevin Gomringer,1,goosebumps
551d0bb3-984d-4c9d-b9fb-1fe5d5e94ec7,Cardo,ba991ec6-049b-479f-9020-be2a84dc1473,Tim Gomringer,1,goosebumps
551d0bb3-984d-4c9d-b9fb-1fe5d5e94ec7,Cardo,e4a51f17-a57b-47b1-b37b-f552d0f8e9e6,Travis Scott,1,goosebumps
551d0bb3-984d-4c9d-b9fb-1fe5d5e94ec7,Cardo,547893bd-96ed-4bc2-ab2d-7e3c0f81f431,Yung Exclusive,1,goosebumps
eb811bf7-4c99-4781-84c0-10ba6b8e33b3,Carl Falk,302bd7b9-d012-4360-897a-93b00c855680,David Guetta,1,One Last Time
eb811bf7-4c99-4781-84c0-10ba6b8e33b3,Carl Falk,df5274d8-1060-4097-a916-a5f888e400a9,Giorgio Tuinfort,1,One Last Time
eb811bf7-4c99-4781-84c0-10ba6b8e33b3,Carl Falk,b13f0288-830a-4ad7-9c60-830f545e5e2b,Rami,1,One Last Time
d8f43dc5-4613-48ac-8c23-a62b82f8c67a,Caroline Polachek,c7823c0a-406c-4657-a2fb-fbd8c731b7cf,Ricci Riera,1,sdp interlude
d8f43dc5-4613-48ac-8c23-a62b82f8c67a,Caroline Polachek,74a30f2a-dae6-4e99-8a75-cb0f93b31aa6,Washed Out,1,sdp interlude
24d311f8-da82-4068-896b-ca061deaccb6,Carter Lang,75f15961-340a-4619-9c4a-0002469fb729,Aja Grant,1,Small Worlds
24d311f8-da82-4068-896b-ca061deaccb6,Carter Lang,b2764057-7b17-42fd-84db-2b67f9d91915,Cian Ducrot,1,Saturn
24d311f8-da82-4068-896b-ca061deaccb6,Carter Lang,596987b7-2414-4d29-89b9-07302e3bec8c,Dylan Patrice,1,I Hate U
24d311f8-da82-4068-896b-ca061deaccb6,Carter Lang,1df15ee0-b52b-4315-9cb9-bc5a27a685e9,Jacob Collier,1,Good Days
24d311f8-da82-4068-896b-ca061deaccb6,Carter Lang,a32e4aac-1db8-4dc6-be34-a813c4530627,Jon Brion,1,Small Worlds
24d311f8-da82-4068-896b-ca061deaccb6,Carter Lang,afc3a90e-44d7-476c-a93c-bd3652cb4c9c,Loshendrix,1,Good Days
24d311f8-da82-4068-896b-ca061deaccb6,Carter Lang,c10c4dbe-0680-4a2a-ae37-c3010b44c99a,Macie Stewart,1,Drew Barrymore
24d311f8-da82-4068-896b-ca061deaccb6,Carter Lang,0d198fa9-490a-4a71-ac56-e7ee37888396,Malcolm McCormick,1,Small Worlds
24d311f8-da82-4068-896b-ca061deaccb6,Carter Lang,caad40a1-2356-4f82-8b00-c0d1b7170641,Margaux Whitney,1,Blind
24d311f8-da82-4068-896b-ca061deaccb6,Carter Lang,a096f30d-094f-4b0f-9667-829b6be176a0,Monsune,1,Saturn
24d311f8-da82-4068-896b-ca061deaccb6,Carter Lang,90dcf3c6-134e-4389-ab73-89816367f20d,Nascent,1,Good Days
24d311f8-da82-4068-896b-ca061deaccb6,Carter Lang,eac4f405-76a7-4730-ab09-9c0efc6ec445,Robin Weisse,1,Nobody Gets Me
24d311f8-da82-4068-896b-ca061deaccb6,Carter Lang,a0248fd8-3dd1-43e7-8235-394ee92c14cc,Solomonophonic,1,Saturn
24d311f8-da82-4068-896b-ca061deaccb6,Carter Lang,b67fd63f-627f-4097-af0d-7df7ca2bd39f,Tae Beast,1,Small Worlds
24d311f8-da82-4068-896b-ca061deaccb6,Carter Lang,f5cef93c-1266-4e61-85d6-3386634e44bb,ThankGod4Cody,1,I Hate U
24d311f8-da82-4068-896b-ca061deaccb6,Carter Lang,b9664e5e-a6eb-4bba-9a8e-b205426c5ba3,Will Miller,1,Blind
8fbcd70f-bf1e-4624-b94a-fcff6b0c637e,Cashmere Cat,7aa27474-7b32-46c5-a065-ec831e8a70da,Billy Walsh,1,Die for You
8fbcd70f-bf1e-4624-b94a-fcff6b0c637e,Cashmere Cat,d0c7656d-8169-4f77-9dbe-b8f24e40105d,Kali Uchis,1,Moonlight
8fbcd70f-bf1e-4624-b94a-fcff6b0c637e,Cashmere Cat,b366251f-5dbe-41ae-b82c-7255a1989b6f,Prince 85,1,Die for You
8fbcd70f-bf1e-4624-b94a-fcff6b0c637e,Cashmere Cat,adaf0068-1c86-4166-8cee-f0a53f4854c4,Sir Dylan,1,Die for You
8fbcd70f-bf1e-4624-b94a-fcff6b0c637e,Cashmere Cat,5a6131f9-f8db-4722-b4d7-6a0c7183c590,benny blanco,1,Moonlight
4a8ac23a-e27a-44db-814a-f8c31beb68e6,Cassie,d8f43dc5-4613-48ac-8c23-a62b82f8c67a,Caroline Polachek,1,sdp interlude
4a8ac23a-e27a-44db-814a-f8c31beb68e6,Cassie,c7823c0a-406c-4657-a2fb-fbd8c731b7cf,Ricci Riera,1,sdp interlude
4a8ac23a-e27a-44db-814a-f8c31beb68e6,Cassie,74a30f2a-dae6-4e99-8a75-cb0f93b31aa6,Washed Out,1,sdp interlude
07c746c3-fe5d-4842-97ba-1ab91b99b4b4,Castle,a034b9e1-8a67-4b7b-b4a1-6a1e784c472d,Alexis Kesselman,1,Glimpse of Us
07c746c3-fe5d-4842-97ba-1ab91b99b4b4,Castle,bb1f06b1-bca8-4fe1-8ce7-c033479b1301,Connor McDonough,1,Glimpse of Us
07c746c3-fe5d-4842-97ba-1ab91b99b4b4,Castle,3332c24c-39ed-414d-afdf-87cdef7ddabc,Riley McDonough,1,Glimpse of Us
aee63f14-ab80-4b37-86e4-d06fe05a898c,Cathy Dennis,21032561-1973-4bda-9a25-d89cd8ef8541,Christian Karlsson,1,Toxic
aee63f14-ab80-4b37-86e4-d06fe05a898c,Cathy Dennis,1ff6e92e-62cb-40a9-b449-bae14aea0250,Henrik Jonback,1,Toxic
aee63f14-ab80-4b37-86e4-d06fe05a898c,Cathy Dennis,122d63fc-8671-43e4-9752-34e846d62a9c,Katy Perry,1,I Kissed a Girl
aee63f14-ab80-4b37-86e4-d06fe05a898c,Cathy Dennis,93799ec2-00ba-490e-8e89-e24418839437,Pontus Winnberg,1,Toxic
373a4c98-a46b-48e4-86ec-f6ca65b4f438,Chance the Rapper,1ba01bce-7f32-4d72-a5d9-34930b191656,Donald Glover,1,I. The Worst Guys
373a4c98-a46b-48e4-86ec-f6ca65b4f438,Chance the Rapper,78471616-3cb4-4139-a148-aeac3c7d0f79,Ludwig Göransson,1,I. The Worst Guys
373a4c98-a46b-48e4-86ec-f6ca65b4f438,Chance the Rapper,78d79dee-dafa-417e-a4ca-b8c419bbee31,Soundz,1,Confident
373a4c98-a46b-48e4-86ec-f6ca65b4f438,Chance the Rapper,8fc4ce76-5b0c-4b2c-b642-08fd07911dc0,Verse Simmonds,1,Confident
1c46bafd-95b1-4d01-b9c2-008f8ec31bef,Charles Hammond,502775a7-8a92-44e5-8d81-de6c4d769eb2,Bernard Leverette,1,Holding on to You
1c46bafd-95b1-4d01-b9c2-008f8ec31bef,Charles Hammond,d7e4d953-1324-40a4-ad34-fca23555888e,Deangelo Hunt,1,Holding on to You
1c46bafd-95b1-4d01-b9c2-008f8ec31bef,Charles Hammond,6dc6775b-847c-40e2-9be1-9d099cdd9063,Gerald Tiller,1,Holding on to You
1c46bafd-95b1-4d01-b9c2-008f8ec31bef,Charles Hammond,7fbea59f-789a-466f-90a1-0b6dc6323721,Jamall Willingham,1,Holding on to You
1c46bafd-95b1-4d01-b9c2-008f8ec31bef,Charles Hammond,bb29ebac-463e-407c-bd16-f175c48c7fab,Parlae,1,Holding on to You
1c46bafd-95b1-4d01-b9c2-008f8ec31bef,Charles Hammond,c6f94231-34c7-432e-9bf9-e831b861dd33,Robert Lee Hill,1,Holding on to You
260b6184-8828-48eb-945c-bc4cb6fc34ca,Charli xcx,03180405-1b26-42dc-80da-7e50fbb4c936,Ali Tamposi,1,Gabriela
260b6184-8828-48eb-945c-bc4cb6fc34ca,Charli xcx,f47bb4db-badb-42fc-86c4-505f3f494808,Sara Schell,1,Gabriela
260b6184-8828-48eb-945c-bc4cb6fc34ca,Charli xcx,33cef736-939f-4f57-a1f8-67eb128e090d,Stefan Gräslund,1,Boom Clap
76cc2b96-b065-450c-a366-3420f50341b7,Charlie Brown,d5ee9a6f-8e10-47e7-bca7-7e3f82aad769,Ali Shaheed Muhammad,1,SICKO MODE
76cc2b96-b065-450c-a366-3420f50341b7,Charlie Brown,10a9ff92-9637-4498-afea-7044b2ab0dc0,Busta Rhymes,1,SICKO MODE
76cc2b96-b065-450c-a366-3420f50341b7,Charlie Brown,a8fcf2f0-5b1f-4dd3-9e8a-fd8dff96552a,Chylow Parker,1,SICKO MODE
76cc2b96-b065-450c-a366-3420f50341b7,Charlie Brown,6a9e461c-e3c5-4794-a203-98a15daea2df,Cyhi the Prynce,1,SICKO MODE
76cc2b96-b065-450c-a366-3420f50341b7,Charlie Brown,084e06f5-3c82-4b71-bd94-dd69e7bd515e,DJ Premier,1,SICKO MODE
76cc2b96-b065-450c-a366-3420f50341b7,Charlie Brown,df78c5ab-5a5c-4875-af18-75151fcd2b44,Dinco D,1,SICKO MODE
76cc2b96-b065-450c-a366-3420f50341b7,Charlie Brown,ddac1a2e-3fb5-4af6-adf0-f6008c7ddfb5,Easy Mo Bee,1,SICKO MODE
76cc2b96-b065-450c-a366-3420f50341b7,Charlie Brown,646942bd-dc4c-42f0-b6a2-683821ebd5ca,Fredro Starr,1,SICKO MODE
76cc2b96-b065-450c-a366-3420f50341b7,Charlie Brown,215c6ab2-7888-4061-bd56-9fb650328106,Guru,1,SICKO MODE
76cc2b96-b065-450c-a366-3420f50341b7,Charlie Brown,1e8b3e4f-83c3-4b30-afa0-220363a7df5a,H.A.W.K.,1,SICKO MODE
76cc2b96-b065-450c-a366-3420f50341b7,Charlie Brown,43c1447a-6292-44e3-b66a-eb0337768170,Harry Wayne Casey,1,SICKO MODE
76cc2b96-b065-450c-a366-3420f50341b7,Charlie Brown,bf314a8f-5dc6-4dc5-8819-d25b4cc38164,Hit‐Boy,1,SICKO MODE
76cc2b96-b065-450c-a366-3420f50341b7,Charlie Brown,b997f5fa-a728-407f-ba2d-4c43c7d883fd,Luke,1,SICKO MODE
76cc2b96-b065-450c-a366-3420f50341b7,Charlie Brown,73e36439-1e9a-4925-bf2c-1d7f7885fbb0,Mike Dean,1,SICKO MODE
76cc2b96-b065-450c-a366-3420f50341b7,Charlie Brown,05a89764-2383-4508-a747-1cf290707326,Mirsad Dervic,1,SICKO MODE
76cc2b96-b065-450c-a366-3420f50341b7,Charlie Brown,d9f3f7ca-9963-45c5-85b3-81f306614ff8,Phife Dawg,1,SICKO MODE
76cc2b96-b065-450c-a366-3420f50341b7,Charlie Brown,b3c94036-6166-41d2-91a2-dc3a0b5fa188,Q‐Tip,1,SICKO MODE
76cc2b96-b065-450c-a366-3420f50341b7,Charlie Brown,6754c93a-3ed2-415f-b75e-2fd743f11391,Richard Finch,1,SICKO MODE
76cc2b96-b065-450c-a366-3420f50341b7,Charlie Brown,b6211627-0089-4142-b7d1-57d56d1def42,Rogét Chahayed,1,SICKO MODE
76cc2b96-b065-450c-a366-3420f50341b7,Charlie Brown,dd10cfe1-ced1-49f1-92cf-ac33265dc274,Sticky Fingaz,1,SICKO MODE
76cc2b96-b065-450c-a366-3420f50341b7,Charlie Brown,a17ce9c3-8f6f-4dcc-a1b7-2a04ab9e31f0,Swae Lee,1,SICKO MODE
76cc2b96-b065-450c-a366-3420f50341b7,Charlie Brown,e5d70460-7057-4cbe-9c07-11ca2dac975c,Tay Keith,1,SICKO MODE
76cc2b96-b065-450c-a366-3420f50341b7,Charlie Brown,d5d97b2b-b83b-4976-814a-056d9076c8c3,The Notorious B.I.G.,1,SICKO MODE
76cc2b96-b065-450c-a366-3420f50341b7,Charlie Brown,f02e98c4-a0fa-4c02-ac0a-587f4319ac87,Tyrone Taylor,1,SICKO MODE
415e30a0-116b-4a4f-8cbf-8d0f6406bbab,Chester Bennington,6bfe9806-b477-4750-8bd2-b1d0acf901a9,Mark Wakefield,1,Runaway
ed1c0daa-9cdb-4bd8-8f46-794ec0783544,Chi Cheng,a1b61d0f-2333-44f5-afee-cc0c2eab71a4,Maynard James Keenan,1,Passenger
e61400d1-9434-4abc-ac7a-4f1dad60cfc7,Chino Moreno,ecaf3d24-eb84-4aaf-8372-12ee3b0f1350,Frank Delgado,1,Sextape
e61400d1-9434-4abc-ac7a-4f1dad60cfc7,Chino Moreno,a1b61d0f-2333-44f5-afee-cc0c2eab71a4,Maynard James Keenan,1,Passenger
e61400d1-9434-4abc-ac7a-4f1dad60cfc7,Chino Moreno,a4256437-7cad-40b7-a135-9767863c90cf,Sergio Vega,1,Sextape
c234fa42-e6a6-443e-937e-2f4b073538a3,Chris Brown,9c964d46-8b84-46c1-90ca-fb241ad1b1f2,Andre Merritt,1,Disturbia
c234fa42-e6a6-443e-937e-2f4b073538a3,Chris Brown,50b95bb6-dcdc-4424-ba3b-e48692d954bf,Brian Kennedy,1,Disturbia
8ec64b80-cd1c-4acc-bc14-0fb9ad96f7dd,Chris Godbey,d18fb067-8de5-4a50-9a20-5cc1c7393fbb,J‐Roc,1,Mirrors
8ec64b80-cd1c-4acc-bc14-0fb9ad96f7dd,Chris Godbey,75e7ce0c-e3d6-4a61-9630-ce3d04a7a8e2,Sebastian,1,Mirrors
98d1ec5a-dd97-4c0b-9c83-7928aac89bca,Chris Martin,e47b4862-a587-488f-b7a7-bd329726693d,Emil Schult,1,Talk
98d1ec5a-dd97-4c0b-9c83-7928aac89bca,Chris Martin,34bfcd5d-a76d-4b31-8022-b5ac04d5801b,Karl Bartos,1,Talk
98d1ec5a-dd97-4c0b-9c83-7928aac89bca,Chris Martin,da3f4766-628e-4da3-a871-014728993157,Ralf Hütter,1,Talk
98d1ec5a-dd97-4c0b-9c83-7928aac89bca,Chris Martin,e127363c-1cbb-41de-8e7d-627a2382dfce,Tim Bergling,1,A Sky Full of Stars
21032561-1973-4bda-9a25-d89cd8ef8541,Christian Karlsson,d4ac3218-5a0b-4ba5-89f0-da3248bebb9f,Klas Åhlund,1,Piece of Me
bf69e201-840b-4d6d-a02a-dbb2f1f3bc57,Christine Flores,6f693bc7-2f9d-437a-808f-ec7c796fcff4,Christopher Stewart,1,Baby
bf69e201-840b-4d6d-a02a-dbb2f1f3bc57,Christine Flores,0638ba22-040f-438d-83a5-9b670c4adaf5,Ludacris,1,Baby
bf69e201-840b-4d6d-a02a-dbb2f1f3bc57,Christine Flores,66a4b9d2-d5a6-40b8-93d5-0bdd1dbb4b43,The‐Dream,1,Baby
6df08c91-b91d-4b59-95fe-b51a2e1b06d3,Christopher Breaux,c0345ce5-eb29-4de3-bc26-5cd3c932ac33,André Benjamin,1,Pink Matter
6df08c91-b91d-4b59-95fe-b51a2e1b06d3,Christopher Breaux,4d5447d7-c61c-4120-ba1b-d7f471d385b9,John Lennon,1,White Ferrari
6df08c91-b91d-4b59-95fe-b51a2e1b06d3,Christopher Breaux,afd1a907-afeb-466e-a730-7ddd2021b1a9,Milk Dee,1,Super Rich Kids
6df08c91-b91d-4b59-95fe-b51a2e1b06d3,Christopher Breaux,c5bad957-7f5e-4394-8e17-ef7c360b5e9c,Nat Robinson,1,Super Rich Kids
6df08c91-b91d-4b59-95fe-b51a2e1b06d3,Christopher Breaux,ba550d0e-adac-4864-b88b-407cab5e76af,Paul McCartney,1,White Ferrari
6df08c91-b91d-4b59-95fe-b51a2e1b06d3,Christopher Breaux,8f119f99-c95e-49a4-9634-90a602484125,Prince Markie Dee,1,Super Rich Kids
6df08c91-b91d-4b59-95fe-b51a2e1b06d3,Christopher Breaux,bcfff8eb-3a09-4053-a6b7-76aed86f2ac5,Roy C. Hammond,1,Super Rich Kids
6df08c91-b91d-4b59-95fe-b51a2e1b06d3,Christopher Breaux,bc646b7e-d822-428d-a55a-6e17cc5e5efb,Taylor Johnson,1,Pyramids
6df08c91-b91d-4b59-95fe-b51a2e1b06d3,Christopher Breaux,bf66e128-8353-404f-80d4-43916ea454d2,Thebe Kgositsile,1,Super Rich Kids
336df230-ce50-4d5f-9091-a2b093c488ba,Christopher Jefferies,4363b0ab-e440-44a0-9aa2-d516c993dac4,Darius Logan,1,Streets
336df230-ce50-4d5f-9091-a2b093c488ba,Christopher Jefferies,ed79d087-315b-4606-bbaf-eed024f454f2,Demarie Sheki,1,Streets
336df230-ce50-4d5f-9091-a2b093c488ba,Christopher Jefferies,7b2447b8-b1a8-4dc1-a785-90a95ee6958d,Dominique Logan,1,Streets
336df230-ce50-4d5f-9091-a2b093c488ba,Christopher Jefferies,3ca09fae-fdee-4771-bab9-244708515a98,Omarion,1,Streets
6f693bc7-2f9d-437a-808f-ec7c796fcff4,Christopher Stewart,25b7b584-d952-4662-a8b9-dd8cdfbfeb64,A$AP Rocky,1,Fashion Killa
6f693bc7-2f9d-437a-808f-ec7c796fcff4,Christopher Stewart,0a02707b-88c6-48e4-a495-96d14c34fc81,Adam Pigott,1,BREAK MY SOUL
6f693bc7-2f9d-437a-808f-ec7c796fcff4,Christopher Stewart,33c573df-4e2a-4e28-a27a-13382af11fe5,Allen George,1,BREAK MY SOUL
6f693bc7-2f9d-437a-808f-ec7c796fcff4,Christopher Stewart,14637c9a-4156-4990-862d-02113db0bc07,Big Freedia,1,BREAK MY SOUL
6f693bc7-2f9d-437a-808f-ec7c796fcff4,Christopher Stewart,209bc38b-1039-450f-8ad5-2a9d5ab14858,Corron Cole,1,One Time
6f693bc7-2f9d-437a-808f-ec7c796fcff4,Christopher Stewart,ade7ff78-ccb3-4866-8e44-cba2114b0e3b,Dylan Reznick,1,Fashion Killa
6f693bc7-2f9d-437a-808f-ec7c796fcff4,Christopher Stewart,4374e50c-f57d-492c-bd70-c11422f7fde6,Fred McFarlane,1,BREAK MY SOUL
6f693bc7-2f9d-437a-808f-ec7c796fcff4,Christopher Stewart,cea7bda7-394d-43b6-bd2d-7ba4f5bffd23,Hector Delgado,1,Fashion Killa
6f693bc7-2f9d-437a-808f-ec7c796fcff4,Christopher Stewart,f82bcf78-5b69-4622-a5ef-73800768d9ac,JAY‐Z,1,BREAK MY SOUL
6f693bc7-2f9d-437a-808f-ec7c796fcff4,Christopher Stewart,acf71fa9-6455-44c6-9322-db98fdffa382,James Bunton,1,One Time
6f693bc7-2f9d-437a-808f-ec7c796fcff4,Christopher Stewart,95203764-45d1-4bb8-bd54-d5b87a83d36f,Kuk Harrell,1,Single Ladies (Put a Ring on It)
6f693bc7-2f9d-437a-808f-ec7c796fcff4,Christopher Stewart,daadbdd4-1773-4ff2-abcf-9ee5dac7fda3,LVC,1,Fashion Killa
6f693bc7-2f9d-437a-808f-ec7c796fcff4,Christopher Stewart,79239441-bfd5-4981-a70c-55c3f15c1287,Madonna,1,BREAK MY SOUL
6f693bc7-2f9d-437a-808f-ec7c796fcff4,Christopher Stewart,17921289-ed5a-4de9-be13-e3876d31fff1,Shep Pettibone,1,BREAK MY SOUL
6f693bc7-2f9d-437a-808f-ec7c796fcff4,Christopher Stewart,0c2c0bb9-ba43-426c-b621-c0289dc7028a,"Thabiso ""Tab"" Nkhereanye",1,One Time
a8fcf2f0-5b1f-4dd3-9e8a-fd8dff96552a,Chylow Parker,084e06f5-3c82-4b71-bd94-dd69e7bd515e,DJ Premier,1,SICKO MODE
a8fcf2f0-5b1f-4dd3-9e8a-fd8dff96552a,Chylow Parker,d9f3f7ca-9963-45c5-85b3-81f306614ff8,Phife Dawg,1,SICKO MODE
a8fcf2f0-5b1f-4dd3-9e8a-fd8dff96552a,Chylow Parker,b3c94036-6166-41d2-91a2-dc3a0b5fa188,Q‐Tip,1,SICKO MODE
a8fcf2f0-5b1f-4dd3-9e8a-fd8dff96552a,Chylow Parker,dd10cfe1-ced1-49f1-92cf-ac33265dc274,Sticky Fingaz,1,SICKO MODE
a8fcf2f0-5b1f-4dd3-9e8a-fd8dff96552a,Chylow Parker,e5d70460-7057-4cbe-9c07-11ca2dac975c,Tay Keith,1,SICKO MODE
a8fcf2f0-5b1f-4dd3-9e8a-fd8dff96552a,Chylow Parker,f02e98c4-a0fa-4c02-ac0a-587f4319ac87,Tyrone Taylor,1,SICKO MODE
b2764057-7b17-42fd-84db-2b67f9d91915,Cian Ducrot,a096f30d-094f-4b0f-9667-829b6be176a0,Monsune,1,Saturn
b2764057-7b17-42fd-84db-2b67f9d91915,Cian Ducrot,a0248fd8-3dd1-43e7-8235-394ee92c14cc,Solomonophonic,1,Saturn
0eb93ee5-2e6a-4ab4-a988-99c9139a664a,Cirkut,a1421d73-1a21-484b-97ad-77c9a5676daf,Adam Levine,1,Sugar
0eb93ee5-2e6a-4ab4-a988-99c9139a664a,Cirkut,980a87e4-3532-49ea-bbda-bd691cc193ad,Ammo,1,Sugar
0eb93ee5-2e6a-4ab4-a988-99c9139a664a,Cirkut,8dd98bdc-80ec-4e93-8509-2f46bafc09a7,Calvin Harris,1,Where Have You Been
0eb93ee5-2e6a-4ab4-a988-99c9139a664a,Cirkut,0b323c4b-1258-4775-a8e2-ee71f4bf9a45,Ester Dean,1,Where Have You Been
0eb93ee5-2e6a-4ab4-a988-99c9139a664a,Cirkut,fef6ca14-d775-4e19-86d5-b7a1e0f343ae,Geoff Mack,1,Where Have You Been
0eb93ee5-2e6a-4ab4-a988-99c9139a664a,Cirkut,d288a227-30c0-4bed-95c3-8c9614646633,Jacob Kasher,1,Sugar
0eb93ee5-2e6a-4ab4-a988-99c9139a664a,Cirkut,c45d161f-83ce-4464-ba41-44202e6916d9,Juicy J,1,Dark Horse
0eb93ee5-2e6a-4ab4-a988-99c9139a664a,Cirkut,d9152066-a306-477c-b07c-e5df0eb29eeb,Madison Love,1,Dark Horse
0eb93ee5-2e6a-4ab4-a988-99c9139a664a,Cirkut,b8df4f20-fddd-40ea-966e-55028f6043c7,Mano,1,Reminder
0eb93ee5-2e6a-4ab4-a988-99c9139a664a,Cirkut,5b64e344-b2fb-47bd-bd7b-4c793b17d472,Mike Posner,1,Sugar
0eb93ee5-2e6a-4ab4-a988-99c9139a664a,Cirkut,0c460d4e-075a-4e89-8c93-f0b0aa4f8e54,Sarah Hudson,1,Dark Horse
0eb93ee5-2e6a-4ab4-a988-99c9139a664a,Cirkut,adaf0068-1c86-4166-8cee-f0a53f4854c4,Sir Dylan,1,Reminder
0eb93ee5-2e6a-4ab4-a988-99c9139a664a,Cirkut,87672396-ab4b-4f77-82ca-3dccfeb6435d,Éric Chédeville,1,I Feel It Coming
d786f59b-1836-4ddb-8393-ab753edbe984,Clairo,030b7a5b-cfbe-43a1-a05a-392ea95bde00,Dylan Nowik,1,Slow Dance
d786f59b-1836-4ddb-8393-ab753edbe984,Clairo,1b8e1cbe-50b2-4854-ac03-b362cee3c2ad,Nicholas Breton,1,Bags
d786f59b-1836-4ddb-8393-ab753edbe984,Clairo,94223d29-2a1a-452c-81dc-62d21acf2f8a,Peter CottonTale,1,Softly
396d316b-a9de-4c3e-88e8-a1caf730a6b5,Claude Kelly,73b23b50-8523-4808-a519-2fff19ab8c8a,Andrew Wyatt,1,Grenade
bb1f06b1-bca8-4fe1-8ce7-c033479b1301,Connor McDonough,3332c24c-39ed-414d-afdf-87cdef7ddabc,Riley McDonough,1,Glimpse of Us
94910345-979a-42d3-9f73-afcce8a011d0,Cook,24a43e36-0435-4f04-ae9a-d5d73e52d278,Ilsey Juber,1,High Hopes
94910345-979a-42d3-9f73-afcce8a011d0,Cook,00f6b540-a51f-416f-94f6-5f27e1dc1c6d,Jake Sinclair,1,High Hopes
94910345-979a-42d3-9f73-afcce8a011d0,Cook,e24bca91-8106-464a-bc42-757f1ab24af3,Jenny Owen Youngs,1,High Hopes
94910345-979a-42d3-9f73-afcce8a011d0,Cook,323ea008-ae98-40de-9af5-02c50ae5fc5e,Jonas Jeberg,1,High Hopes
94910345-979a-42d3-9f73-afcce8a011d0,Cook,f8d0ee60-c35e-4cb3-becf-674c3673ac4a,Lauren Pritchard,1,High Hopes
94910345-979a-42d3-9f73-afcce8a011d0,Cook,9184f1f7-7cd3-4c4d-b591-11601da838a1,Sam Hollander,1,High Hopes
209bc38b-1039-450f-8ad5-2a9d5ab14858,Corron Cole,0c2c0bb9-ba43-426c-b621-c0289dc7028a,"Thabiso ""Tab"" Nkhereanye",1,One Time
d863e16e-8811-4182-a168-4d85da239d79,Cory Rooney,6df08c91-b91d-4b59-95fe-b51a2e1b06d3,Christopher Breaux,1,Super Rich Kids
d863e16e-8811-4182-a168-4d85da239d79,Cory Rooney,c4e05d64-c679-4f04-b153-257d12eba7dc,Malay,1,Super Rich Kids
d863e16e-8811-4182-a168-4d85da239d79,Cory Rooney,c8ff30ec-f29e-4a4e-b46e-ec64fa90f3c1,"Marvin ""Hagler"" Thomas",1,Teenage Fever
d863e16e-8811-4182-a168-4d85da239d79,Cory Rooney,afd1a907-afeb-466e-a730-7ddd2021b1a9,Milk Dee,1,Super Rich Kids
d863e16e-8811-4182-a168-4d85da239d79,Cory Rooney,c5bad957-7f5e-4394-8e17-ef7c360b5e9c,Nat Robinson,1,Super Rich Kids
d863e16e-8811-4182-a168-4d85da239d79,Cory Rooney,8f119f99-c95e-49a4-9634-90a602484125,Prince Markie Dee,1,Super Rich Kids
d863e16e-8811-4182-a168-4d85da239d79,Cory Rooney,bcfff8eb-3a09-4053-a6b7-76aed86f2ac5,Roy C. Hammond,1,Super Rich Kids
d863e16e-8811-4182-a168-4d85da239d79,Cory Rooney,bf66e128-8353-404f-80d4-43916ea454d2,Thebe Kgositsile,1,Super Rich Kids
718d1fdf-efa3-443e-8cd5-2e67403786f1,Count Baldor,fa9b664a-cfd0-4088-8ed4-a4d7045d351f,Brendon Urie,1,Tonight
718d1fdf-efa3-443e-8cd5-2e67403786f1,Count Baldor,52dd5890-b068-499e-a192-6f3e9a4cee07,Jon Walker,1,Tonight
718d1fdf-efa3-443e-8cd5-2e67403786f1,Count Baldor,f10f8200-9dec-4670-a1dd-eeba14f02def,Ryan Ross,1,Tonight
718d1fdf-efa3-443e-8cd5-2e67403786f1,Count Baldor,3efdb042-6e1c-45f3-b66b-d56ce59f9025,Spencer Smith,1,Tonight
c192fdc1-fd6f-4881-ba9c-92037778d450,Craig Balmoris,8c089819-c4a7-4834-9f03-72cbde41f150,Marius Feder,1,Eat Your Young
f944d4be-3bd4-4255-afde-458f77bd29ae,CritaCal,5f7b15e6-7a28-4ab9-bb3e-8b5f2a80f44c,Illmind,1,Love Yourz
04375366-cab0-4f1d-bbf0-8b2d17bfa711,Curtis Lundy,1f8e7e6f-fb43-4121-83c6-f4c9992b7036,Rhymefest,1,Jesus Walks
6a9e461c-e3c5-4794-a203-98a15daea2df,Cyhi the Prynce,f99b7df3-2df2-45d0-9e99-c5f4623b7dcc,30 Roc,1,STARGAZING
6a9e461c-e3c5-4794-a203-98a15daea2df,Cyhi the Prynce,d5ee9a6f-8e10-47e7-bca7-7e3f82aad769,Ali Shaheed Muhammad,1,SICKO MODE
6a9e461c-e3c5-4794-a203-98a15daea2df,Cyhi the Prynce,162b4184-a954-4bec-9993-7240b6bcd66e,Brandon Korn,1,STARGAZING
6a9e461c-e3c5-4794-a203-98a15daea2df,Cyhi the Prynce,dac5571a-4d01-4764-b6f7-447caff2ff31,Brandon Whitfield,1,STARGAZING
6a9e461c-e3c5-4794-a203-98a15daea2df,Cyhi the Prynce,a8fcf2f0-5b1f-4dd3-9e8a-fd8dff96552a,Chylow Parker,1,SICKO MODE
6a9e461c-e3c5-4794-a203-98a15daea2df,Cyhi the Prynce,084e06f5-3c82-4b71-bd94-dd69e7bd515e,DJ Premier,1,SICKO MODE
6a9e461c-e3c5-4794-a203-98a15daea2df,Cyhi the Prynce,df78c5ab-5a5c-4875-af18-75151fcd2b44,Dinco D,1,SICKO MODE
6a9e461c-e3c5-4794-a203-98a15daea2df,Cyhi the Prynce,e1738051-9268-46b2-b52d-b860409e73c3,EZ Elpee,1,STARGAZING
6a9e461c-e3c5-4794-a203-98a15daea2df,Cyhi the Prynce,ddac1a2e-3fb5-4af6-adf0-f6008c7ddfb5,Easy Mo Bee,1,SICKO MODE
6a9e461c-e3c5-4794-a203-98a15daea2df,Cyhi the Prynce,646942bd-dc4c-42f0-b6a2-683821ebd5ca,Fredro Starr,1,SICKO MODE
6a9e461c-e3c5-4794-a203-98a15daea2df,Cyhi the Prynce,215c6ab2-7888-4061-bd56-9fb650328106,Guru,1,SICKO MODE
6a9e461c-e3c5-4794-a203-98a15daea2df,Cyhi the Prynce,1e8b3e4f-83c3-4b30-afa0-220363a7df5a,H.A.W.K.,1,SICKO MODE
6a9e461c-e3c5-4794-a203-98a15daea2df,Cyhi the Prynce,bf314a8f-5dc6-4dc5-8819-d25b4cc38164,Hit‐Boy,1,SICKO MODE
6a9e461c-e3c5-4794-a203-98a15daea2df,Cyhi the Prynce,2a40fcba-4b0d-4129-becf-1f04c7906b67,Jamie Lepe,1,STARGAZING
6a9e461c-e3c5-4794-a203-98a15daea2df,Cyhi the Prynce,b997f5fa-a728-407f-ba2d-4c43c7d883fd,Luke,1,SICKO MODE
6a9e461c-e3c5-4794-a203-98a15daea2df,Cyhi the Prynce,05a89764-2383-4508-a747-1cf290707326,Mirsad Dervic,1,SICKO MODE
6a9e461c-e3c5-4794-a203-98a15daea2df,Cyhi the Prynce,d9f3f7ca-9963-45c5-85b3-81f306614ff8,Phife Dawg,1,SICKO MODE
6a9e461c-e3c5-4794-a203-98a15daea2df,Cyhi the Prynce,b3c94036-6166-41d2-91a2-dc3a0b5fa188,Q‐Tip,1,SICKO MODE
6a9e461c-e3c5-4794-a203-98a15daea2df,Cyhi the Prynce,6754c93a-3ed2-415f-b75e-2fd743f11391,Richard Finch,1,SICKO MODE
6a9e461c-e3c5-4794-a203-98a15daea2df,Cyhi the Prynce,b787b4f2-ad08-43ba-845b-c3393a8079eb,Sonny Digital,1,STARGAZING
6a9e461c-e3c5-4794-a203-98a15daea2df,Cyhi the Prynce,dd10cfe1-ced1-49f1-92cf-ac33265dc274,Sticky Fingaz,1,SICKO MODE
6a9e461c-e3c5-4794-a203-98a15daea2df,Cyhi the Prynce,a17ce9c3-8f6f-4dcc-a1b7-2a04ab9e31f0,Swae Lee,1,SICKO MODE
6a9e461c-e3c5-4794-a203-98a15daea2df,Cyhi the Prynce,e5d70460-7057-4cbe-9c07-11ca2dac975c,Tay Keith,1,SICKO MODE
6a9e461c-e3c5-4794-a203-98a15daea2df,Cyhi the Prynce,d5d97b2b-b83b-4976-814a-056d9076c8c3,The Notorious B.I.G.,1,SICKO MODE
6a9e461c-e3c5-4794-a203-98a15daea2df,Cyhi the Prynce,f02e98c4-a0fa-4c02-ac0a-587f4319ac87,Tyrone Taylor,1,SICKO MODE
4e5017d4-874d-48ee-84f0-d535d17a010f,DJ Dahi,ed3c8e2f-d7ce-4d0a-aafe-2c4ddd51f8ff,Ely Rise,1,Mercury
084e06f5-3c82-4b71-bd94-dd69e7bd515e,DJ Premier,b3c94036-6166-41d2-91a2-dc3a0b5fa188,Q‐Tip,1,SICKO MODE
084e06f5-3c82-4b71-bd94-dd69e7bd515e,DJ Premier,dd10cfe1-ced1-49f1-92cf-ac33265dc274,Sticky Fingaz,1,SICKO MODE
084e06f5-3c82-4b71-bd94-dd69e7bd515e,DJ Premier,e5d70460-7057-4cbe-9c07-11ca2dac975c,Tay Keith,1,SICKO MODE
084e06f5-3c82-4b71-bd94-dd69e7bd515e,DJ Premier,f02e98c4-a0fa-4c02-ac0a-587f4319ac87,Tyrone Taylor,1,SICKO MODE
31445b1e-96f3-4c7f-84ec-dd02e647e690,DJ Snake,efc84232-36b5-4483-8a1d-6949ea6ebf91,DJ White Shadow,1,Applause
31445b1e-96f3-4c7f-84ec-dd02e647e690,DJ Snake,cb3391cd-4933-47d6-acd3-4b81cf6f2ff5,Dino Zisis,1,Applause
efc84232-36b5-4483-8a1d-6949ea6ebf91,DJ White Shadow,cb3391cd-4933-47d6-acd3-4b81cf6f2ff5,Dino Zisis,1,Applause
d44ab93a-98c0-483f-ae58-8f9255f816d3,DaHeala,c53a0a2e-ca8b-41f0-9308-c886b63449d6,Ali Kocatepe,1,Often
d44ab93a-98c0-483f-ae58-8f9255f816d3,DaHeala,64675ea9-686f-4de0-b001-aa425dba856a,Ben Billions,1,Often
d44ab93a-98c0-483f-ae58-8f9255f816d3,DaHeala,95349431-cc3c-411a-ba15-86b601b3966d,"Danny ""styles"" Schofield",1,Often
d44ab93a-98c0-483f-ae58-8f9255f816d3,DaHeala,83886397-adf2-431a-b841-dc4af744a6cc,Guy‐Manuel de Homem‐Christo,1,Starboy
d44ab93a-98c0-483f-ae58-8f9255f816d3,DaHeala,faf9c4c1-fa6c-45a7-bd51-e91d8eed5577,Illangelo,1,After Hours
d44ab93a-98c0-483f-ae58-8f9255f816d3,DaHeala,b8df4f20-fddd-40ea-966e-55028f6043c7,Mano,1,Reminder
d44ab93a-98c0-483f-ae58-8f9255f816d3,DaHeala,5028a04d-c3b5-428d-9c88-433224bb10ba,Mario Winans,1,After Hours
d44ab93a-98c0-483f-ae58-8f9255f816d3,DaHeala,613e2ab8-f471-4ece-b18b-5c863608ce77,Osman İşmen,1,Often
d44ab93a-98c0-483f-ae58-8f9255f816d3,DaHeala,66fef5a9-5ceb-4427-9670-017fe1c49786,Sabahattin Ali,1,Often
d44ab93a-98c0-483f-ae58-8f9255f816d3,DaHeala,adaf0068-1c86-4166-8cee-f0a53f4854c4,Sir Dylan,1,Reminder
d44ab93a-98c0-483f-ae58-8f9255f816d3,DaHeala,122a2714-24f8-4046-a532-64064b5076d2,Thomas Bangalter,1,Starboy
7d7a5fdd-0d04-4c36-8bee-906feeae239c,Damon Albarn,21cb44eb-3f6b-4f55-9a0d-c36a517f8d36,Daniel Dumile,1,November Has Come
7d7a5fdd-0d04-4c36-8bee-906feeae239c,Damon Albarn,85afb93c-62bb-455b-b806-079299d73db8,Dave Jolicoeur,1,Feel Good Inc
7d7a5fdd-0d04-4c36-8bee-906feeae239c,Damon Albarn,a31a5e0c-d37a-41a8-90d5-9e256a47d83b,Del the Funky Homosapien,1,Clint Eastwood
7d7a5fdd-0d04-4c36-8bee-906feeae239c,Damon Albarn,765d96b9-bf40-4204-b15a-b90f0e0113fe,Romye Robinson,1,Dirty Harry
7d7a5fdd-0d04-4c36-8bee-906feeae239c,Damon Albarn,cb72e132-66c1-44c2-986f-eed70d97d29a,Shaun Ryder,1,DARE
e0481214-292a-4c6c-9332-ec128303c864,Dan Hamilton,ac9a487a-d9d2-4f27-bb23-0f4686488345,Lil Wayne,1,Best I Ever Had
b46e298d-d3a5-4695-a03e-63e8c523b23e,Daniel Caesar,f5cef93c-1266-4e61-85d6-3386634e44bb,ThankGod4Cody,1,Broken Clocks
ae020a44-6c07-4221-a1a1-d30ffb39e3d6,Daniel Crean,7eb91dfa-a66c-4dfa-acb8-e510c6d3429b,Amanda Ibanez,1,Mean Girls
ae020a44-6c07-4221-a1a1-d30ffb39e3d6,Daniel Crean,3f1a9767-627b-4fa1-a0dc-01d83b0c2576,Sam Homaee,1,Mean Girls
5c60a222-6eca-4257-9cda-695ec5ec3bea,Daniel Krieger,c192fdc1-fd6f-4881-ba9c-92037778d450,Craig Balmoris,1,Eat Your Young
5c60a222-6eca-4257-9cda-695ec5ec3bea,Daniel Krieger,8c089819-c4a7-4834-9f03-72cbde41f150,Marius Feder,1,Eat Your Young
d5cd6528-3185-4f1b-a297-807b00b16f83,Daniel Lopatin,9fa8fdc4-91f3-4266-81e5-3c42e943217b,TBHits,1,Is There Someone Else?
bfe021d2-e761-44ad-8c77-33708ee681d9,Daniel Nigro,56a55378-f155-48de-80a5-d80104221267,Chappell Roan,1,The Subway
28b6d435-bdd4-4a90-9ea7-8450abc66071,Daniel Tannenbaum,c192fdc1-fd6f-4881-ba9c-92037778d450,Craig Balmoris,1,Eat Your Young
28b6d435-bdd4-4a90-9ea7-8450abc66071,Daniel Tannenbaum,8c089819-c4a7-4834-9f03-72cbde41f150,Marius Feder,1,Eat Your Young
791bb864-a45e-462b-8444-f6c0baacddec,Danja,763bbfc9-a9b8-4eb3-9f00-dd8eb596d898,Jim Beanz,1,Break the Ice
791bb864-a45e-462b-8444-f6c0baacddec,Danja,b76c616a-ec0d-4f0c-b986-f249c4a04d77,Keri Hilson,1,Break the Ice
791bb864-a45e-462b-8444-f6c0baacddec,Danja,d44cea04-46ea-4d93-84c5-be5c61676baf,Marcella Araica,1,Break the Ice
791bb864-a45e-462b-8444-f6c0baacddec,Danja,13655113-cd16-4b43-9dca-cadbbf26ee05,Nelly Furtado,1,"CAN'T STOP THE FEELING! (From DreamWorks Animation's ""Trolls"")"
791bb864-a45e-462b-8444-f6c0baacddec,Danja,f7ba7fbe-c6bd-4ac0-bee9-c25c558d7d62,T.I.,1,My Love
791bb864-a45e-462b-8444-f6c0baacddec,Danja,fcb83b19-56fb-441b-b3b6-7c4690583252,Timothy Clayton,1,"CAN'T STOP THE FEELING! (From DreamWorks Animation's ""Trolls"")"
4363b0ab-e440-44a0-9aa2-d516c993dac4,Darius Logan,ed79d087-315b-4606-bbaf-eed024f454f2,Demarie Sheki,1,Streets
4363b0ab-e440-44a0-9aa2-d516c993dac4,Darius Logan,7b2447b8-b1a8-4dc1-a785-90a95ee6958d,Dominique Logan,1,Streets
4363b0ab-e440-44a0-9aa2-d516c993dac4,Darius Logan,3ca09fae-fdee-4771-bab9-244708515a98,Omarion,1,Streets
90cd1311-85df-45fc-9783-c7a23cfba45a,Darren Emerson,05de4cde-ba6e-4be8-a8fb-0aa4f6c56df8,Karl Hyde,1,Illegal
90cd1311-85df-45fc-9783-c7a23cfba45a,Darren Emerson,ad5ed770-c776-42fe-affb-3c462e000f6d,Rick Smith,1,Illegal
5441c29d-3602-4898-b1a1-b77fa23b8e50,David Bowie,6d24f102-5c43-453a-8664-4ee092f441cf,Brian May,1,Under Pressure
5441c29d-3602-4898-b1a1-b77fa23b8e50,David Bowie,022589ac-7177-460d-a178-9976cf70e29f,Freddie Mercury,1,Under Pressure
5441c29d-3602-4898-b1a1-b77fa23b8e50,David Bowie,a0b77a10-ecff-4b84-b1f3-008391038d67,John Deacon,1,Under Pressure
5441c29d-3602-4898-b1a1-b77fa23b8e50,David Bowie,558302b1-07ae-4be1-9edb-2a2b1f036313,Roger Taylor,1,Under Pressure
04456b86-d064-4643-a57f-df9ef42a46d9,David Foster,6e764569-be4e-46b5-8e21-bee0fdf0c6f8,Cynthia Weil,1,Through the Wire
04456b86-d064-4643-a57f-df9ef42a46d9,David Foster,cdf7ef58-eea3-43a9-a6ba-0a3aec84acb6,Tom Keane,1,Through the Wire
302bd7b9-d012-4360-897a-93b00c855680,David Guetta,df5274d8-1060-4097-a916-a5f888e400a9,Giorgio Tuinfort,1,One Last Time
302bd7b9-d012-4360-897a-93b00c855680,David Guetta,b13f0288-830a-4ad7-9c60-830f545e5e2b,Rami,1,One Last Time
d7e4d953-1324-40a4-ad34-fca23555888e,Deangelo Hunt,502775a7-8a92-44e5-8d81-de6c4d769eb2,Bernard Leverette,1,Holding on to You
d7e4d953-1324-40a4-ad34-fca23555888e,Deangelo Hunt,6dc6775b-847c-40e2-9be1-9d099cdd9063,Gerald Tiller,1,Holding on to You
d7e4d953-1324-40a4-ad34-fca23555888e,Deangelo Hunt,7fbea59f-789a-466f-90a1-0b6dc6323721,Jamall Willingham,1,Holding on to You
d7e4d953-1324-40a4-ad34-fca23555888e,Deangelo Hunt,bb29ebac-463e-407c-bd16-f175c48c7fab,Parlae,1,Holding on to You
5543cd43-6c21-4919-9395-a0945ade5364,Derrus Rachel,2c418d76-0069-4bb5-bd13-bed68da3ba25,Khaled Rohaim,1,Needed Me
5543cd43-6c21-4919-9395-a0945ade5364,Derrus Rachel,e96edb5d-52c3-4ba9-8097-9a4e8c5e2f88,Starrah,1,Needed Me
5543cd43-6c21-4919-9395-a0945ade5364,Derrus Rachel,71d60de7-3d25-41f8-8f37-85df06f235f7,Te Whiti Warbrick,1,Needed Me
9787f0a2-f657-4210-a630-131efd6f2a9d,Detail,a9a1c3b8-7d84-42b5-acdc-78bebadc2042,Sidney Swift,1,7/11
68eb8831-4d0b-4a2b-9209-3ccade5117f0,Devonté Hynes,1171bba7-9d5a-4c9f-8dda-9e6d9d82091e,O’Donel Levy,1,Hurt Feelings
68eb8831-4d0b-4a2b-9209-3ccade5117f0,Devonté Hynes,2307602e-a3ce-4f37-bb2b-d54f1980ed5f,Paul Williams,1,Hurt Feelings
68eb8831-4d0b-4a2b-9209-3ccade5117f0,Devonté Hynes,552da8ff-2c8f-4060-8352-48dea991e92b,Roger Nichols,1,Hurt Feelings
aec279b2-b9cc-488c-b892-f2271605fa11,Diana Gordon,fff7d779-43ee-40bd-8bee-f5fe488109f8,John Carroll Kirby,1,Bad Habit
df78c5ab-5a5c-4875-af18-75151fcd2b44,Dinco D,d5ee9a6f-8e10-47e7-bca7-7e3f82aad769,Ali Shaheed Muhammad,1,SICKO MODE
df78c5ab-5a5c-4875-af18-75151fcd2b44,Dinco D,a8fcf2f0-5b1f-4dd3-9e8a-fd8dff96552a,Chylow Parker,1,SICKO MODE
df78c5ab-5a5c-4875-af18-75151fcd2b44,Dinco D,084e06f5-3c82-4b71-bd94-dd69e7bd515e,DJ Premier,1,SICKO MODE
df78c5ab-5a5c-4875-af18-75151fcd2b44,Dinco D,ddac1a2e-3fb5-4af6-adf0-f6008c7ddfb5,Easy Mo Bee,1,SICKO MODE
df78c5ab-5a5c-4875-af18-75151fcd2b44,Dinco D,646942bd-dc4c-42f0-b6a2-683821ebd5ca,Fredro Starr,1,SICKO MODE
df78c5ab-5a5c-4875-af18-75151fcd2b44,Dinco D,215c6ab2-7888-4061-bd56-9fb650328106,Guru,1,SICKO MODE
df78c5ab-5a5c-4875-af18-75151fcd2b44,Dinco D,1e8b3e4f-83c3-4b30-afa0-220363a7df5a,H.A.W.K.,1,SICKO MODE
df78c5ab-5a5c-4875-af18-75151fcd2b44,Dinco D,bf314a8f-5dc6-4dc5-8819-d25b4cc38164,Hit‐Boy,1,SICKO MODE
df78c5ab-5a5c-4875-af18-75151fcd2b44,Dinco D,b997f5fa-a728-407f-ba2d-4c43c7d883fd,Luke,1,SICKO MODE
df78c5ab-5a5c-4875-af18-75151fcd2b44,Dinco D,d9f3f7ca-9963-45c5-85b3-81f306614ff8,Phife Dawg,1,SICKO MODE
df78c5ab-5a5c-4875-af18-75151fcd2b44,Dinco D,b3c94036-6166-41d2-91a2-dc3a0b5fa188,Q‐Tip,1,SICKO MODE
df78c5ab-5a5c-4875-af18-75151fcd2b44,Dinco D,6754c93a-3ed2-415f-b75e-2fd743f11391,Richard Finch,1,SICKO MODE
df78c5ab-5a5c-4875-af18-75151fcd2b44,Dinco D,dd10cfe1-ced1-49f1-92cf-ac33265dc274,Sticky Fingaz,1,SICKO MODE
df78c5ab-5a5c-4875-af18-75151fcd2b44,Dinco D,a17ce9c3-8f6f-4dcc-a1b7-2a04ab9e31f0,Swae Lee,1,SICKO MODE
df78c5ab-5a5c-4875-af18-75151fcd2b44,Dinco D,e5d70460-7057-4cbe-9c07-11ca2dac975c,Tay Keith,1,SICKO MODE
df78c5ab-5a5c-4875-af18-75151fcd2b44,Dinco D,d5d97b2b-b83b-4976-814a-056d9076c8c3,The Notorious B.I.G.,1,SICKO MODE
df78c5ab-5a5c-4875-af18-75151fcd2b44,Dinco D,f02e98c4-a0fa-4c02-ac0a-587f4319ac87,Tyrone Taylor,1,SICKO MODE
5df62a88-cac9-490a-b62c-c7c88f4020f4,Doja Cat,2aae288b-0be9-4520-a0f5-d3ff5cac8cfe,Aaron Horn,1,Woman
5df62a88-cac9-490a-b62c-c7c88f4020f4,Doja Cat,7520db17-fd87-443a-a688-50d00c1b9893,Aynzli Jones,1,Woman
5df62a88-cac9-490a-b62c-c7c88f4020f4,Doja Cat,336df230-ce50-4d5f-9091-a2b093c488ba,Christopher Jefferies,1,Streets
5df62a88-cac9-490a-b62c-c7c88f4020f4,Doja Cat,4363b0ab-e440-44a0-9aa2-d516c993dac4,Darius Logan,1,Streets
5df62a88-cac9-490a-b62c-c7c88f4020f4,Doja Cat,ed79d087-315b-4606-bbaf-eed024f454f2,Demarie Sheki,1,Streets
5df62a88-cac9-490a-b62c-c7c88f4020f4,Doja Cat,7b2447b8-b1a8-4dc1-a785-90a95ee6958d,Dominique Logan,1,Streets
5df62a88-cac9-490a-b62c-c7c88f4020f4,Doja Cat,2bb9df33-7510-437f-8868-801ce21d6a69,Jidenna,1,Woman
5df62a88-cac9-490a-b62c-c7c88f4020f4,Doja Cat,a9b83772-cb9d-45a8-91d4-abb2e720c533,Linden Jay,1,Woman
5df62a88-cac9-490a-b62c-c7c88f4020f4,Doja Cat,3ca09fae-fdee-4771-bab9-244708515a98,Omarion,1,Streets
5df62a88-cac9-490a-b62c-c7c88f4020f4,Doja Cat,0fd198b5-bd99-417e-9ff1-d629ee7af6bb,Ron “Neff-U” Feemster,1,Streets
7b2447b8-b1a8-4dc1-a785-90a95ee6958d,Dominique Logan,ed79d087-315b-4606-bbaf-eed024f454f2,Demarie Sheki,1,Streets
7b2447b8-b1a8-4dc1-a785-90a95ee6958d,Dominique Logan,3ca09fae-fdee-4771-bab9-244708515a98,Omarion,1,Streets
4b807f4a-ce62-494b-bb5b-05372d6b0ae9,Don Cannon,d4270a65-845d-42ce-a893-f96d5adc146d,Harold Harper,1,Flooded the Face
4b807f4a-ce62-494b-bb5b-05372d6b0ae9,Don Cannon,fff1662d-cfa5-437c-a314-462c96eb8c3e,Robert Amos Remming,1,Flooded the Face
1ba01bce-7f32-4d72-a5d9-34930b191656,Donald Glover,0e0d5912-4026-47ef-be1c-c876c7108dd2,Rochelle Jordan,1,"III. Telegraph Ave. (""Oakland"" by Lloyd)"
bf23ae35-d26d-4180-b7da-7fc9841b2cd9,Dorothy Heyward,0d3bf21a-5eec-443c-9a37-b305598b0840,Adam Yauch,1,Doin' Time
bf23ae35-d26d-4180-b7da-7fc9841b2cd9,Dorothy Heyward,354c7145-01f0-4bf6-b35f-6db936f6a17e,Bradley Nowell,1,Doin' Time
bf23ae35-d26d-4180-b7da-7fc9841b2cd9,Dorothy Heyward,82953e0d-464a-4fb8-80fc-78dbf8b49b1b,DuBose Heyward,1,Doin' Time
bf23ae35-d26d-4180-b7da-7fc9841b2cd9,Dorothy Heyward,07aebfa0-55d6-47e0-a284-12330e3eae0d,Rick Rubin,1,Doin' Time
5f6ab597-f57a-40da-be9e-adad48708203,Dr. Dre,b95ce3ff-3d05-4e87-9e01-c97b66af13d4,Eminem,1,My Name Is
5f6ab597-f57a-40da-be9e-adad48708203,Dr. Dre,6838ca8e-da88-436c-a0fd-6d3a7e832f1f,Labi Siffre,1,My Name Is
9fff2f8a-21e6-47de-a2b8-7f449929d43f,Drake,32434ee8-8f04-4c95-a963-796faa298651,Alan Bergman,1,Nice for What
9fff2f8a-21e6-47de-a2b8-7f449929d43f,Drake,d5ee9a6f-8e10-47e7-bca7-7e3f82aad769,Ali Shaheed Muhammad,1,SICKO MODE
9fff2f8a-21e6-47de-a2b8-7f449929d43f,Drake,dcf5807c-ef1f-4291-b452-6824080ecac4,Birdman,1,Nice for What
9fff2f8a-21e6-47de-a2b8-7f449929d43f,Drake,10a9ff92-9637-4498-afea-7044b2ab0dc0,Busta Rhymes,1,SICKO MODE
9fff2f8a-21e6-47de-a2b8-7f449929d43f,Drake,76cc2b96-b065-450c-a366-3420f50341b7,Charlie Brown,1,SICKO MODE
9fff2f8a-21e6-47de-a2b8-7f449929d43f,Drake,a8fcf2f0-5b1f-4dd3-9e8a-fd8dff96552a,Chylow Parker,1,SICKO MODE
9fff2f8a-21e6-47de-a2b8-7f449929d43f,Drake,d863e16e-8811-4182-a168-4d85da239d79,Cory Rooney,1,Teenage Fever
9fff2f8a-21e6-47de-a2b8-7f449929d43f,Drake,6a9e461c-e3c5-4794-a203-98a15daea2df,Cyhi the Prynce,1,SICKO MODE
9fff2f8a-21e6-47de-a2b8-7f449929d43f,Drake,084e06f5-3c82-4b71-bd94-dd69e7bd515e,DJ Premier,1,SICKO MODE
9fff2f8a-21e6-47de-a2b8-7f449929d43f,Drake,e0481214-292a-4c6c-9332-ec128303c864,Dan Hamilton,1,Best I Ever Had
9fff2f8a-21e6-47de-a2b8-7f449929d43f,Drake,df78c5ab-5a5c-4875-af18-75151fcd2b44,Dinco D,1,SICKO MODE
9fff2f8a-21e6-47de-a2b8-7f449929d43f,Drake,ddac1a2e-3fb5-4af6-adf0-f6008c7ddfb5,Easy Mo Bee,1,SICKO MODE
9fff2f8a-21e6-47de-a2b8-7f449929d43f,Drake,bc37c604-a619-4ca8-a0f2-44ae1e2c8cc2,Fred Jerkins,1,Teenage Fever
9fff2f8a-21e6-47de-a2b8-7f449929d43f,Drake,646942bd-dc4c-42f0-b6a2-683821ebd5ca,Fredro Starr,1,SICKO MODE
9fff2f8a-21e6-47de-a2b8-7f449929d43f,Drake,550cb78b-4995-4873-baea-76ef265531f5,GZA/Genius,1,Nice for What
9fff2f8a-21e6-47de-a2b8-7f449929d43f,Drake,3b39abeb-0064-4eed-9ddd-ee47a45c54cb,Ghostface Killah,1,Nice for What
9fff2f8a-21e6-47de-a2b8-7f449929d43f,Drake,215c6ab2-7888-4061-bd56-9fb650328106,Guru,1,SICKO MODE
9fff2f8a-21e6-47de-a2b8-7f449929d43f,Drake,1e8b3e4f-83c3-4b30-afa0-220363a7df5a,H.A.W.K.,1,SICKO MODE
9fff2f8a-21e6-47de-a2b8-7f449929d43f,Drake,43c1447a-6292-44e3-b66a-eb0337768170,Harry Wayne Casey,1,SICKO MODE
9fff2f8a-21e6-47de-a2b8-7f449929d43f,Drake,bf314a8f-5dc6-4dc5-8819-d25b4cc38164,Hit‐Boy,1,SICKO MODE
9fff2f8a-21e6-47de-a2b8-7f449929d43f,Drake,a6b90dc0-e22e-44e1-890b-87900bd9aca6,Inspectah Deck,1,Nice for What
9fff2f8a-21e6-47de-a2b8-7f449929d43f,Drake,f0602f55-1770-483d-89bd-4bae0d0ac086,Jennifer Lopez,1,Teenage Fever
9fff2f8a-21e6-47de-a2b8-7f449929d43f,Drake,2a11b7c9-12d6-495d-a577-7412dd1f7aca,Kevin Gomringer,1,SICKO MODE
9fff2f8a-21e6-47de-a2b8-7f449929d43f,Drake,e8414012-4a1c-4ad4-be5e-fc55294e28cc,Lauryn Hill,1,Nice for What
9fff2f8a-21e6-47de-a2b8-7f449929d43f,Drake,ac9a487a-d9d2-4f27-bb23-0f4686488345,Lil Wayne,1,Best I Ever Had
9fff2f8a-21e6-47de-a2b8-7f449929d43f,Drake,aa825996-e5c8-4b90-ab48-b973b82384ed,Loon,1,Nice for What
9fff2f8a-21e6-47de-a2b8-7f449929d43f,Drake,b997f5fa-a728-407f-ba2d-4c43c7d883fd,Luke,1,SICKO MODE
9fff2f8a-21e6-47de-a2b8-7f449929d43f,Drake,34dc70df-8b2c-4bb0-a132-0958671a509c,Mannie Fresh,1,Nice for What
9fff2f8a-21e6-47de-a2b8-7f449929d43f,Drake,0a2bd34d-0cf9-4e34-9854-fd8990977d00,Marilyn Bergman,1,Nice for What
9fff2f8a-21e6-47de-a2b8-7f449929d43f,Drake,c8ff30ec-f29e-4a4e-b46e-ec64fa90f3c1,"Marvin ""Hagler"" Thomas",1,Teenage Fever
9fff2f8a-21e6-47de-a2b8-7f449929d43f,Drake,fd9f268a-89ef-4577-81f4-efebc9517a07,Marvin Hamlisch,1,Nice for What
9fff2f8a-21e6-47de-a2b8-7f449929d43f,Drake,94dbfe2e-ca48-4e08-a5a8-e1e74136c63d,Method Man,1,Nice for What
9fff2f8a-21e6-47de-a2b8-7f449929d43f,Drake,73e36439-1e9a-4925-bf2c-1d7f7885fbb0,Mike Dean,1,SICKO MODE
9fff2f8a-21e6-47de-a2b8-7f449929d43f,Drake,05a89764-2383-4508-a747-1cf290707326,Mirsad Dervic,1,SICKO MODE
9fff2f8a-21e6-47de-a2b8-7f449929d43f,Drake,91376b53-c37d-4eed-ac24-63d167af6885,Murda Beatz,1,Nice for What
9fff2f8a-21e6-47de-a2b8-7f449929d43f,Drake,3c7093c9-ad71-4eef-b2e1-ea737713ab53,Nicholas John Brongers,1,Over
9fff2f8a-21e6-47de-a2b8-7f449929d43f,Drake,3c5abd66-7e1f-4124-b00f-192984a2ab30,Nineteen85,1,Hotline Bling
9fff2f8a-21e6-47de-a2b8-7f449929d43f,Drake,d50548a0-3cfd-4d7a-964b-0aef6545d819,Ol’ Dirty Bastard,1,Nice for What
9fff2f8a-21e6-47de-a2b8-7f449929d43f,Drake,7789be50-a68c-4df2-95a0-8f4878542d88,Orville Hall,1,Nice for What
9fff2f8a-21e6-47de-a2b8-7f449929d43f,Drake,d9f3f7ca-9963-45c5-85b3-81f306614ff8,Phife Dawg,1,SICKO MODE
9fff2f8a-21e6-47de-a2b8-7f449929d43f,Drake,07d7350e-e03e-470d-8c32-bf4d8013d27a,Phillip Glen Price,1,Nice for What
9fff2f8a-21e6-47de-a2b8-7f449929d43f,Drake,b3c94036-6166-41d2-91a2-dc3a0b5fa188,Q‐Tip,1,SICKO MODE
9fff2f8a-21e6-47de-a2b8-7f449929d43f,Drake,29c28ac3-27c5-4822-8eb6-0af89a3a7240,RZA,1,Nice for What
9fff2f8a-21e6-47de-a2b8-7f449929d43f,Drake,4e954b02-fae2-4bd7-9547-e055a6ac0527,Raekwon,1,Nice for What
9fff2f8a-21e6-47de-a2b8-7f449929d43f,Drake,6754c93a-3ed2-415f-b75e-2fd743f11391,Richard Finch,1,SICKO MODE
9fff2f8a-21e6-47de-a2b8-7f449929d43f,Drake,b6211627-0089-4142-b7d1-57d56d1def42,Rogét Chahayed,1,SICKO MODE
9fff2f8a-21e6-47de-a2b8-7f449929d43f,Drake,dd10cfe1-ced1-49f1-92cf-ac33265dc274,Sticky Fingaz,1,SICKO MODE
9fff2f8a-21e6-47de-a2b8-7f449929d43f,Drake,a17ce9c3-8f6f-4dcc-a1b7-2a04ab9e31f0,Swae Lee,1,SICKO MODE
9fff2f8a-21e6-47de-a2b8-7f449929d43f,Drake,e5d70460-7057-4cbe-9c07-11ca2dac975c,Tay Keith,1,SICKO MODE
9fff2f8a-21e6-47de-a2b8-7f449929d43f,Drake,d5d97b2b-b83b-4976-814a-056d9076c8c3,The Notorious B.I.G.,1,SICKO MODE
9fff2f8a-21e6-47de-a2b8-7f449929d43f,Drake,ba991ec6-049b-479f-9020-be2a84dc1473,Tim Gomringer,1,SICKO MODE
9fff2f8a-21e6-47de-a2b8-7f449929d43f,Drake,7e092d19-6726-4b9a-a879-157065833481,Timmy Thomas,1,Hotline Bling
9fff2f8a-21e6-47de-a2b8-7f449929d43f,Drake,e4a51f17-a57b-47b1-b37b-f552d0f8e9e6,Travis Scott,1,SICKO MODE
9fff2f8a-21e6-47de-a2b8-7f449929d43f,Drake,f02e98c4-a0fa-4c02-ac0a-587f4319ac87,Tyrone Taylor,1,SICKO MODE
9fff2f8a-21e6-47de-a2b8-7f449929d43f,Drake,29edaca5-7e7d-4391-b137-ff1c94a4d262,U‐God,1,Nice for What
6812cb8f-55f5-4da4-8580-c1eeb8dffc72,Dre Moon,59db3d82-86ea-451f-881f-dffc8ec387c9,Metro Boomin,1,Heartless
82953e0d-464a-4fb8-80fc-78dbf8b49b1b,DuBose Heyward,0d3bf21a-5eec-443c-9a37-b305598b0840,Adam Yauch,1,Doin' Time
82953e0d-464a-4fb8-80fc-78dbf8b49b1b,DuBose Heyward,354c7145-01f0-4bf6-b35f-6db936f6a17e,Bradley Nowell,1,Doin' Time
82953e0d-464a-4fb8-80fc-78dbf8b49b1b,DuBose Heyward,07aebfa0-55d6-47e0-a284-12330e3eae0d,Rick Rubin,1,Doin' Time
0181a90e-6b1d-4d09-bd6f-b0b1145e7ad8,Dua Saleh,3981ed16-9bc3-4037-9318-4aaebfcc1b9d,Josiah Sherman,1,MY EYES
0181a90e-6b1d-4d09-bd6f-b0b1145e7ad8,Dua Saleh,0f1d5b01-8784-4870-9bd6-fa43178b9441,Justin Vernon,1,MY EYES
0181a90e-6b1d-4d09-bd6f-b0b1145e7ad8,Dua Saleh,130c2184-14f2-4180-a216-04b5a333be57,Sampha,1,MY EYES
0181a90e-6b1d-4d09-bd6f-b0b1145e7ad8,Dua Saleh,e95c9a69-8ce0-4709-8371-6cafddd11cb0,Vegyn,1,MY EYES
0181a90e-6b1d-4d09-bd6f-b0b1145e7ad8,Dua Saleh,ed41b7f0-5b39-433a-9274-f06d19e724a3,Wheezy,1,MY EYES
c317dd05-a6da-4659-9cce-f57866ed408e,Duvall,c8a79019-4132-46d7-8e23-7fbcccc50608,Gavin Koolmon,1,How Deep Is Your Love
c317dd05-a6da-4659-9cce-f57866ed408e,Duvall,c214045a-98fd-4a2b-b42c-47efa4b4472b,Ina Wroldsen,1,How Deep Is Your Love
c317dd05-a6da-4659-9cce-f57866ed408e,Duvall,eb9e4c07-1bf9-476c-8f6a-da9075736040,Luke Mac,1,How Deep Is Your Love
5b1b48f6-9d07-46b2-aea2-995ab94a4ab3,D’Mile,00136dd9-1047-4999-af1f-d709c5fa09f9,Andrew Watt,1,Die with a Smile
5b1b48f6-9d07-46b2-aea2-995ab94a4ab3,D’Mile,afb680f2-b6eb-4cd7-a70b-a63b25c763d5,Bruno Mars,1,Die with a Smile
5b1b48f6-9d07-46b2-aea2-995ab94a4ab3,D’Mile,4e481ad9-aa5d-4a1a-b2fc-444c0ad48b7e,James Fauntleroy,1,Die with a Smile
d2104914-bec9-49e4-83fb-8e860ea94fbf,E. Kidd Bogart,796db252-ea1d-4964-a89e-88f0521931eb,Brandon Fried,1,Reflections
d2104914-bec9-49e4-83fb-8e860ea94fbf,E. Kidd Bogart,4a8fd8c3-19a2-4bf3-b1bb-6491a136e55f,Jeremy Freedman,1,Reflections
d2104914-bec9-49e4-83fb-8e860ea94fbf,E. Kidd Bogart,822bb256-c7be-40ab-9744-9f66ccedb6e2,Jesse,1,Reflections
d2104914-bec9-49e4-83fb-8e860ea94fbf,E. Kidd Bogart,7147eef1-7c2f-4259-89e5-572c76dc16e5,Jonathan “J.R.” Rotem,1,SOS
d2104914-bec9-49e4-83fb-8e860ea94fbf,E. Kidd Bogart,7eef0136-ed38-47a5-aa0f-fa5424dbd5c8,Lars Stalfors,1,Reflections
d2104914-bec9-49e4-83fb-8e860ea94fbf,E. Kidd Bogart,80060c96-caa9-448c-826c-c204d9da28b0,Mikey Margott,1,Reflections
d2104914-bec9-49e4-83fb-8e860ea94fbf,E. Kidd Bogart,0bc6d6e7-0858-4b73-a079-7aa681095f98,Ryan Tedder,1,Halo
d2104914-bec9-49e4-83fb-8e860ea94fbf,E. Kidd Bogart,edbaeeb7-725e-4079-b797-ec41ea423527,Zachary Abels,1,Reflections
e1738051-9268-46b2-b52d-b860409e73c3,EZ Elpee,162b4184-a954-4bec-9993-7240b6bcd66e,Brandon Korn,1,STARGAZING
e1738051-9268-46b2-b52d-b860409e73c3,EZ Elpee,dac5571a-4d01-4764-b6f7-447caff2ff31,Brandon Whitfield,1,STARGAZING
e1738051-9268-46b2-b52d-b860409e73c3,EZ Elpee,2a40fcba-4b0d-4129-becf-1f04c7906b67,Jamie Lepe,1,STARGAZING
ddac1a2e-3fb5-4af6-adf0-f6008c7ddfb5,Easy Mo Bee,d5ee9a6f-8e10-47e7-bca7-7e3f82aad769,Ali Shaheed Muhammad,1,SICKO MODE
ddac1a2e-3fb5-4af6-adf0-f6008c7ddfb5,Easy Mo Bee,a8fcf2f0-5b1f-4dd3-9e8a-fd8dff96552a,Chylow Parker,1,SICKO MODE
ddac1a2e-3fb5-4af6-adf0-f6008c7ddfb5,Easy Mo Bee,084e06f5-3c82-4b71-bd94-dd69e7bd515e,DJ Premier,1,SICKO MODE
ddac1a2e-3fb5-4af6-adf0-f6008c7ddfb5,Easy Mo Bee,646942bd-dc4c-42f0-b6a2-683821ebd5ca,Fredro Starr,1,SICKO MODE
ddac1a2e-3fb5-4af6-adf0-f6008c7ddfb5,Easy Mo Bee,215c6ab2-7888-4061-bd56-9fb650328106,Guru,1,SICKO MODE
ddac1a2e-3fb5-4af6-adf0-f6008c7ddfb5,Easy Mo Bee,1e8b3e4f-83c3-4b30-afa0-220363a7df5a,H.A.W.K.,1,SICKO MODE
ddac1a2e-3fb5-4af6-adf0-f6008c7ddfb5,Easy Mo Bee,bf314a8f-5dc6-4dc5-8819-d25b4cc38164,Hit‐Boy,1,SICKO MODE
ddac1a2e-3fb5-4af6-adf0-f6008c7ddfb5,Easy Mo Bee,b997f5fa-a728-407f-ba2d-4c43c7d883fd,Luke,1,SICKO MODE
ddac1a2e-3fb5-4af6-adf0-f6008c7ddfb5,Easy Mo Bee,d9f3f7ca-9963-45c5-85b3-81f306614ff8,Phife Dawg,1,SICKO MODE
ddac1a2e-3fb5-4af6-adf0-f6008c7ddfb5,Easy Mo Bee,b3c94036-6166-41d2-91a2-dc3a0b5fa188,Q‐Tip,1,SICKO MODE
ddac1a2e-3fb5-4af6-adf0-f6008c7ddfb5,Easy Mo Bee,6754c93a-3ed2-415f-b75e-2fd743f11391,Richard Finch,1,SICKO MODE
ddac1a2e-3fb5-4af6-adf0-f6008c7ddfb5,Easy Mo Bee,dd10cfe1-ced1-49f1-92cf-ac33265dc274,Sticky Fingaz,1,SICKO MODE
ddac1a2e-3fb5-4af6-adf0-f6008c7ddfb5,Easy Mo Bee,a17ce9c3-8f6f-4dcc-a1b7-2a04ab9e31f0,Swae Lee,1,SICKO MODE
ddac1a2e-3fb5-4af6-adf0-f6008c7ddfb5,Easy Mo Bee,e5d70460-7057-4cbe-9c07-11ca2dac975c,Tay Keith,1,SICKO MODE
ddac1a2e-3fb5-4af6-adf0-f6008c7ddfb5,Easy Mo Bee,d5d97b2b-b83b-4976-814a-056d9076c8c3,The Notorious B.I.G.,1,SICKO MODE
ddac1a2e-3fb5-4af6-adf0-f6008c7ddfb5,Easy Mo Bee,f02e98c4-a0fa-4c02-ac0a-587f4319ac87,Tyrone Taylor,1,SICKO MODE
d6f3c7d7-3c95-4bf6-8647-0efeec36d704,Emile Haynie,4ff92b67-279e-40dd-b8fe-c1930f85059b,Daniel Law Heath,1,Blue Jeans
b95ce3ff-3d05-4e87-9e01-c97b66af13d4,Eminem,6666a6fc-930d-4cf4-aeca-eebf27e84ebf,Aalias,1,The Monster
b95ce3ff-3d05-4e87-9e01-c97b66af13d4,Eminem,db8fad3a-e131-47a1-8782-c2ee93708cdd,Bebe Rexha,1,The Monster
b95ce3ff-3d05-4e87-9e01-c97b66af13d4,Eminem,c1c21547-5b3a-4559-ab25-810a6ca184ff,Frequency,1,The Monster
b95ce3ff-3d05-4e87-9e01-c97b66af13d4,Eminem,b33cd08d-df19-45bf-b14b-2787f5bd2354,Jordan Evans,1,Not Afraid
b95ce3ff-3d05-4e87-9e01-c97b66af13d4,Eminem,6838ca8e-da88-436c-a0fd-6d3a7e832f1f,Labi Siffre,1,My Name Is
b95ce3ff-3d05-4e87-9e01-c97b66af13d4,Eminem,6db61674-3b9d-4d5b-9349-fd590a998225,Maki Athanasiou,1,The Monster
b95ce3ff-3d05-4e87-9e01-c97b66af13d4,Eminem,bb9eaa34-1511-40cf-b798-26ced8028736,Matthew Burnett,1,Not Afraid
b95ce3ff-3d05-4e87-9e01-c97b66af13d4,Eminem,405528df-2632-4730-80fc-83e775a97651,Nate Dogg,1,Till I Collapse
75806efb-b691-4472-8484-e44e7f5d4770,Espen Lind,a4a01f5d-18e7-4571-8c3a-76ec0e24e2d7,Ne‐Yo,1,Irreplaceable
0b323c4b-1258-4775-a8e2-ee71f4bf9a45,Ester Dean,8dd98bdc-80ec-4e93-8509-2f46bafc09a7,Calvin Harris,1,Where Have You Been
0b323c4b-1258-4775-a8e2-ee71f4bf9a45,Ester Dean,fef6ca14-d775-4e19-86d5-b7a1e0f343ae,Geoff Mack,1,Where Have You Been
0b323c4b-1258-4775-a8e2-ee71f4bf9a45,Ester Dean,122d63fc-8671-43e4-9752-34e846d62a9c,Katy Perry,1,Firework
0b323c4b-1258-4775-a8e2-ee71f4bf9a45,Ester Dean,724b55a3-8dff-4ed5-b909-6563278eec57,Makeba,1,Rude Boy
0b323c4b-1258-4775-a8e2-ee71f4bf9a45,Ester Dean,73e5e69d-3554-40d8-8516-00cb38737a1c,Rihanna,1,Rude Boy
0b323c4b-1258-4775-a8e2-ee71f4bf9a45,Ester Dean,ca8f5844-3ab9-4071-bdc3-376ca2f44a65,Rob Swire,1,Rude Boy
0b323c4b-1258-4775-a8e2-ee71f4bf9a45,Ester Dean,b67bf15d-03c3-40a4-9d17-769a964d5005,Łukasz Gottwald,1,Where Have You Been
0f9a102a-18a0-4703-ad18-04d04cccb6c7,Evan Rogers,1257a60f-2246-4e67-9ac5-623b4c3f8e94,Carl Sturken,1,Pon de Replay
53442fb2-0e7e-47a2-b4c4-47bfb38d55aa,FKi 1st,81eb1203-49fa-456b-b138-41193ab179b1,Khujo Goodie,1,5% TINT
53442fb2-0e7e-47a2-b4c4-47bfb38d55aa,FKi 1st,c1a1cc79-fe57-4b82-a7e1-402ab6492685,Ray Murray,1,5% TINT
53442fb2-0e7e-47a2-b4c4-47bfb38d55aa,FKi 1st,061e1620-bdf8-40e6-b9d1-0b403c27a1e8,Rico Wade,1,5% TINT
53442fb2-0e7e-47a2-b4c4-47bfb38d55aa,FKi 1st,b60ee7a4-1f2d-4df7-aecc-b1b35fd32bf4,T‐Mo,1,5% TINT
53e1c16b-d6e4-4086-b3e6-a6fd29ab0321,Finatik,a5106366-6368-4a02-a580-73a3c02abb2f,Bobbie Gentry,1,L$D
53e1c16b-d6e4-4086-b3e6-a6fd29ab0321,Finatik,0d11f1c0-e62c-4376-b42b-e69532a5ee2c,Jim Jonson,1,L$D
53e1c16b-d6e4-4086-b3e6-a6fd29ab0321,Finatik,a7808382-465f-40f2-9682-e85b5b39b89b,Zak,1,L$D
a298565e-d43e-46c4-b35c-bfe131258815,Fousheé,4e5017d4-874d-48ee-84f0-d535d17a010f,DJ Dahi,1,Mercury
a298565e-d43e-46c4-b35c-bfe131258815,Fousheé,aec279b2-b9cc-488c-b892-f2271605fa11,Diana Gordon,1,Bad Habit
a298565e-d43e-46c4-b35c-bfe131258815,Fousheé,ed3c8e2f-d7ce-4d0a-aafe-2c4ddd51f8ff,Ely Rise,1,Mercury
a298565e-d43e-46c4-b35c-bfe131258815,Fousheé,fff7d779-43ee-40bd-8bee-f5fe488109f8,John Carroll Kirby,1,Bad Habit
ecaf3d24-eb84-4aaf-8372-12ee3b0f1350,Frank Delgado,a4256437-7cad-40b7-a135-9767863c90cf,Sergio Vega,1,Sextape
fb7d550f-7518-41ba-95db-33db5287d8e2,Frank Dukes,796db252-ea1d-4964-a89e-88f0521931eb,Brandon Fried,1,Nervous
fb7d550f-7518-41ba-95db-33db5287d8e2,Frank Dukes,b46e298d-d3a5-4695-a03e-63e8c523b23e,Daniel Caesar,1,Broken Clocks
fb7d550f-7518-41ba-95db-33db5287d8e2,Frank Dukes,5543cd43-6c21-4919-9395-a0945ade5364,Derrus Rachel,1,Needed Me
fb7d550f-7518-41ba-95db-33db5287d8e2,Frank Dukes,4a8fd8c3-19a2-4bf3-b1bb-6491a136e55f,Jeremy Freedman,1,Nervous
fb7d550f-7518-41ba-95db-33db5287d8e2,Frank Dukes,822bb256-c7be-40ab-9744-9f66ccedb6e2,Jesse,1,Nervous
fb7d550f-7518-41ba-95db-33db5287d8e2,Frank Dukes,144ef525-85e9-40c3-8335-02c32d0861f3,John Mayer,1,ASTROTHUNDER
fb7d550f-7518-41ba-95db-33db5287d8e2,Frank Dukes,9f3576a9-ef8d-44d2-bd05-0c3ce1ea691d,Kaan Gunesberk,1,Circles
fb7d550f-7518-41ba-95db-33db5287d8e2,Frank Dukes,2c418d76-0069-4bb5-bd13-bed68da3ba25,Khaled Rohaim,1,Needed Me
fb7d550f-7518-41ba-95db-33db5287d8e2,Frank Dukes,7eef0136-ed38-47a5-aa0f-fa5424dbd5c8,Lars Stalfors,1,Nervous
fb7d550f-7518-41ba-95db-33db5287d8e2,Frank Dukes,c0311388-9e7e-4e4e-8906-b76d1ec3ab3c,Lewis One,1,Needed Me
fb7d550f-7518-41ba-95db-33db5287d8e2,Frank Dukes,aa2a2463-fa3c-4ad8-8ab1-e27fa2c63436,Matthew Tavares,1,ASTROTHUNDER
fb7d550f-7518-41ba-95db-33db5287d8e2,Frank Dukes,80060c96-caa9-448c-826c-c204d9da28b0,Mikey Margott,1,Nervous
fb7d550f-7518-41ba-95db-33db5287d8e2,Frank Dukes,0612bcce-e351-40be-b3d7-2bb5e1c23479,Mustard,1,Needed Me
fb7d550f-7518-41ba-95db-33db5287d8e2,Frank Dukes,8dce24b3-06ed-43ed-b027-73cb60dd7856,Nick Valentino Audino,1,Needed Me
fb7d550f-7518-41ba-95db-33db5287d8e2,Frank Dukes,06e99a1b-4020-4380-ab27-1a3e0c5e557c,Nicolas Jaar,1,Call Out My Name
fb7d550f-7518-41ba-95db-33db5287d8e2,Frank Dukes,9fd40f7b-3522-4bd1-9e38-02b58f8a0a8b,Prince Charlez,1,Needed Me
fb7d550f-7518-41ba-95db-33db5287d8e2,Frank Dukes,73e5e69d-3554-40d8-8516-00cb38737a1c,Rihanna,1,Needed Me
fb7d550f-7518-41ba-95db-33db5287d8e2,Frank Dukes,272989c8-5535-492d-a25c-9f58803e027f,SZA,1,Broken Clocks
fb7d550f-7518-41ba-95db-33db5287d8e2,Frank Dukes,e96edb5d-52c3-4ba9-8097-9a4e8c5e2f88,Starrah,1,Needed Me
fb7d550f-7518-41ba-95db-33db5287d8e2,Frank Dukes,71d60de7-3d25-41f8-8f37-85df06f235f7,Te Whiti Warbrick,1,Needed Me
fb7d550f-7518-41ba-95db-33db5287d8e2,Frank Dukes,f5cef93c-1266-4e61-85d6-3386634e44bb,ThankGod4Cody,1,Broken Clocks
fb7d550f-7518-41ba-95db-33db5287d8e2,Frank Dukes,b6ba844a-a522-4b61-8615-eebcfd3f9a0f,Thomas Paxton-Beesley,1,ASTROTHUNDER
fb7d550f-7518-41ba-95db-33db5287d8e2,Frank Dukes,044fd265-79dd-43eb-afc4-8b20becf7e17,Thundercat,1,ASTROTHUNDER
fb7d550f-7518-41ba-95db-33db5287d8e2,Frank Dukes,e4a51f17-a57b-47b1-b37b-f552d0f8e9e6,Travis Scott,1,ASTROTHUNDER
fb7d550f-7518-41ba-95db-33db5287d8e2,Frank Dukes,edbaeeb7-725e-4079-b797-ec41ea423527,Zachary Abels,1,Nervous
fb7d550f-7518-41ba-95db-33db5287d8e2,Frank Dukes,5a6131f9-f8db-4722-b4d7-6a0c7183c590,benny blanco,1,Nervous
ea7add7c-c9aa-4479-ba4b-a3fab789ca3d,Fred Fairbrass,8516f0de-3190-4fde-994c-1f32ffd9af18,Richard Fairbrass,1,Look What You Made Me Do
ea7add7c-c9aa-4479-ba4b-a3fab789ca3d,Fred Fairbrass,43225337-b9fa-4fc5-b4cc-990b72fd149b,Robert Manzoli,1,Look What You Made Me Do
bc37c604-a619-4ca8-a0f2-44ae1e2c8cc2,Fred Jerkins,d863e16e-8811-4182-a168-4d85da239d79,Cory Rooney,1,Teenage Fever
bc37c604-a619-4ca8-a0f2-44ae1e2c8cc2,Fred Jerkins,f0602f55-1770-483d-89bd-4bae0d0ac086,Jennifer Lopez,1,Teenage Fever
bc37c604-a619-4ca8-a0f2-44ae1e2c8cc2,Fred Jerkins,c8ff30ec-f29e-4a4e-b46e-ec64fa90f3c1,"Marvin ""Hagler"" Thomas",1,Teenage Fever
4374e50c-f57d-492c-bd70-c11422f7fde6,Fred McFarlane,0a02707b-88c6-48e4-a495-96d14c34fc81,Adam Pigott,1,BREAK MY SOUL
4374e50c-f57d-492c-bd70-c11422f7fde6,Fred McFarlane,79239441-bfd5-4981-a70c-55c3f15c1287,Madonna,1,BREAK MY SOUL
4374e50c-f57d-492c-bd70-c11422f7fde6,Fred McFarlane,17921289-ed5a-4de9-be13-e3876d31fff1,Shep Pettibone,1,BREAK MY SOUL
022589ac-7177-460d-a178-9976cf70e29f,Freddie Mercury,558302b1-07ae-4be1-9edb-2a2b1f036313,Roger Taylor,1,Under Pressure
1bbf1fd8-132d-491e-a805-ba0d3121c67d,Fredrik Berger,260b6184-8828-48eb-945c-bc4cb6fc34ca,Charli xcx,1,Boom Clap
1bbf1fd8-132d-491e-a805-ba0d3121c67d,Fredrik Berger,ffadf26a-2593-4eaf-8c5d-a54cbc5aedc5,Patrik Berger,1,Boom Clap
1bbf1fd8-132d-491e-a805-ba0d3121c67d,Fredrik Berger,33cef736-939f-4f57-a1f8-67eb128e090d,Stefan Gräslund,1,Boom Clap
646942bd-dc4c-42f0-b6a2-683821ebd5ca,Fredro Starr,d5ee9a6f-8e10-47e7-bca7-7e3f82aad769,Ali Shaheed Muhammad,1,SICKO MODE
646942bd-dc4c-42f0-b6a2-683821ebd5ca,Fredro Starr,a8fcf2f0-5b1f-4dd3-9e8a-fd8dff96552a,Chylow Parker,1,SICKO MODE
646942bd-dc4c-42f0-b6a2-683821ebd5ca,Fredro Starr,084e06f5-3c82-4b71-bd94-dd69e7bd515e,DJ Premier,1,SICKO MODE
646942bd-dc4c-42f0-b6a2-683821ebd5ca,Fredro Starr,215c6ab2-7888-4061-bd56-9fb650328106,Guru,1,SICKO MODE
646942bd-dc4c-42f0-b6a2-683821ebd5ca,Fredro Starr,1e8b3e4f-83c3-4b30-afa0-220363a7df5a,H.A.W.K.,1,SICKO MODE
646942bd-dc4c-42f0-b6a2-683821ebd5ca,Fredro Starr,bf314a8f-5dc6-4dc5-8819-d25b4cc38164,Hit‐Boy,1,SICKO MODE
646942bd-dc4c-42f0-b6a2-683821ebd5ca,Fredro Starr,b997f5fa-a728-407f-ba2d-4c43c7d883fd,Luke,1,SICKO MODE
646942bd-dc4c-42f0-b6a2-683821ebd5ca,Fredro Starr,d9f3f7ca-9963-45c5-85b3-81f306614ff8,Phife Dawg,1,SICKO MODE
646942bd-dc4c-42f0-b6a2-683821ebd5ca,Fredro Starr,b3c94036-6166-41d2-91a2-dc3a0b5fa188,Q‐Tip,1,SICKO MODE
646942bd-dc4c-42f0-b6a2-683821ebd5ca,Fredro Starr,dd10cfe1-ced1-49f1-92cf-ac33265dc274,Sticky Fingaz,1,SICKO MODE
646942bd-dc4c-42f0-b6a2-683821ebd5ca,Fredro Starr,a17ce9c3-8f6f-4dcc-a1b7-2a04ab9e31f0,Swae Lee,1,SICKO MODE
646942bd-dc4c-42f0-b6a2-683821ebd5ca,Fredro Starr,e5d70460-7057-4cbe-9c07-11ca2dac975c,Tay Keith,1,SICKO MODE
646942bd-dc4c-42f0-b6a2-683821ebd5ca,Fredro Starr,d5d97b2b-b83b-4976-814a-056d9076c8c3,The Notorious B.I.G.,1,SICKO MODE
646942bd-dc4c-42f0-b6a2-683821ebd5ca,Fredro Starr,f02e98c4-a0fa-4c02-ac0a-587f4319ac87,Tyrone Taylor,1,SICKO MODE
c1c21547-5b3a-4559-ab25-810a6ca184ff,Frequency,db8fad3a-e131-47a1-8782-c2ee93708cdd,Bebe Rexha,1,The Monster
48262e82-db9f-4a92-b650-dfef979b73ec,Future,6e775f80-a2ff-4e14-9939-bcb104dbbfb4,Melin Shikder,1,Codeine Crazy
48262e82-db9f-4a92-b650-dfef979b73ec,Future,7cd0657a-a661-43c4-ad19-95819a6003eb,Steve Lean,1,Codeine Crazy
550cb78b-4995-4873-baea-76ef265531f5,GZA/Genius,a6b90dc0-e22e-44e1-890b-87900bd9aca6,Inspectah Deck,1,Nice for What
550cb78b-4995-4873-baea-76ef265531f5,GZA/Genius,e8414012-4a1c-4ad4-be5e-fc55294e28cc,Lauryn Hill,1,Nice for What
550cb78b-4995-4873-baea-76ef265531f5,GZA/Genius,aa825996-e5c8-4b90-ab48-b973b82384ed,Loon,1,Nice for What
550cb78b-4995-4873-baea-76ef265531f5,GZA/Genius,34dc70df-8b2c-4bb0-a132-0958671a509c,Mannie Fresh,1,Nice for What
550cb78b-4995-4873-baea-76ef265531f5,GZA/Genius,fd9f268a-89ef-4577-81f4-efebc9517a07,Marvin Hamlisch,1,Nice for What
550cb78b-4995-4873-baea-76ef265531f5,GZA/Genius,94dbfe2e-ca48-4e08-a5a8-e1e74136c63d,Method Man,1,Nice for What
550cb78b-4995-4873-baea-76ef265531f5,GZA/Genius,91376b53-c37d-4eed-ac24-63d167af6885,Murda Beatz,1,Nice for What
550cb78b-4995-4873-baea-76ef265531f5,GZA/Genius,d50548a0-3cfd-4d7a-964b-0aef6545d819,Ol’ Dirty Bastard,1,Nice for What
550cb78b-4995-4873-baea-76ef265531f5,GZA/Genius,7789be50-a68c-4df2-95a0-8f4878542d88,Orville Hall,1,Nice for What
550cb78b-4995-4873-baea-76ef265531f5,GZA/Genius,07d7350e-e03e-470d-8c32-bf4d8013d27a,Phillip Glen Price,1,Nice for What
550cb78b-4995-4873-baea-76ef265531f5,GZA/Genius,29c28ac3-27c5-4822-8eb6-0af89a3a7240,RZA,1,Nice for What
550cb78b-4995-4873-baea-76ef265531f5,GZA/Genius,4e954b02-fae2-4bd7-9547-e055a6ac0527,Raekwon,1,Nice for What
550cb78b-4995-4873-baea-76ef265531f5,GZA/Genius,29edaca5-7e7d-4391-b137-ff1c94a4d262,U‐God,1,Nice for What
c8a79019-4132-46d7-8e23-7fbcccc50608,Gavin Koolmon,c214045a-98fd-4a2b-b42c-47efa4b4472b,Ina Wroldsen,1,How Deep Is Your Love
c8a79019-4132-46d7-8e23-7fbcccc50608,Gavin Koolmon,eb9e4c07-1bf9-476c-8f6a-da9075736040,Luke Mac,1,How Deep Is Your Love
fd180bc2-7b01-4b07-9597-451e7383f1b4,George Duke,f01917d0-9340-4736-a47b-e8f38e730bf4,Carlos Sosa,1,Digital Love
07057467-9e48-469b-846c-5abf5246d2bb,George Forrest,2d973513-8faa-48c0-b30d-6bd59d6918ca,Guy Lawrence,1,Blue World
07057467-9e48-469b-846c-5abf5246d2bb,George Forrest,e2f3fb9d-5ce0-4287-82b1-9124fd4cf50c,Robert Wright,1,Blue World
65744963-191a-44ef-a3c7-b693a808a158,George Gershwin,0d3bf21a-5eec-443c-9a37-b305598b0840,Adam Yauch,1,Doin' Time
65744963-191a-44ef-a3c7-b693a808a158,George Gershwin,354c7145-01f0-4bf6-b35f-6db936f6a17e,Bradley Nowell,1,Doin' Time
65744963-191a-44ef-a3c7-b693a808a158,George Gershwin,bf23ae35-d26d-4180-b7da-7fc9841b2cd9,Dorothy Heyward,1,Doin' Time
65744963-191a-44ef-a3c7-b693a808a158,George Gershwin,82953e0d-464a-4fb8-80fc-78dbf8b49b1b,DuBose Heyward,1,Doin' Time
65744963-191a-44ef-a3c7-b693a808a158,George Gershwin,509086c2-9cc8-4e77-89e9-322e34240ffc,Ira Gershwin,1,Doin' Time
65744963-191a-44ef-a3c7-b693a808a158,George Gershwin,9158376c-7f95-4284-aeb5-705db2949b14,Marshall Goodman,1,Doin' Time
65744963-191a-44ef-a3c7-b693a808a158,George Gershwin,07aebfa0-55d6-47e0-a284-12330e3eae0d,Rick Rubin,1,Doin' Time
6dc6775b-847c-40e2-9be1-9d099cdd9063,Gerald Tiller,7fbea59f-789a-466f-90a1-0b6dc6323721,Jamall Willingham,1,Holding on to You
d5709a02-30e0-4967-92ba-e584d8c21c72,Gerry Goffin,a1421d73-1a21-484b-97ad-77c9a5676daf,Adam Levine,1,Heard 'Em Say
d5709a02-30e0-4967-92ba-e584d8c21c72,Gerry Goffin,62625f0a-2727-4155-a97f-e82b6ae30f46,Michael Masser,1,Heard 'Em Say
d5709a02-30e0-4967-92ba-e584d8c21c72,Gerry Goffin,164f0d73-1234-4e2c-8743-d77bf2191051,Ye,1,Heard 'Em Say
3b39abeb-0064-4eed-9ddd-ee47a45c54cb,Ghostface Killah,550cb78b-4995-4873-baea-76ef265531f5,GZA/Genius,1,Nice for What
3b39abeb-0064-4eed-9ddd-ee47a45c54cb,Ghostface Killah,a6b90dc0-e22e-44e1-890b-87900bd9aca6,Inspectah Deck,1,Nice for What
3b39abeb-0064-4eed-9ddd-ee47a45c54cb,Ghostface Killah,e8414012-4a1c-4ad4-be5e-fc55294e28cc,Lauryn Hill,1,Nice for What
3b39abeb-0064-4eed-9ddd-ee47a45c54cb,Ghostface Killah,aa825996-e5c8-4b90-ab48-b973b82384ed,Loon,1,Nice for What
3b39abeb-0064-4eed-9ddd-ee47a45c54cb,Ghostface Killah,34dc70df-8b2c-4bb0-a132-0958671a509c,Mannie Fresh,1,Nice for What
3b39abeb-0064-4eed-9ddd-ee47a45c54cb,Ghostface Killah,fd9f268a-89ef-4577-81f4-efebc9517a07,Marvin Hamlisch,1,Nice for What
3b39abeb-0064-4eed-9ddd-ee47a45c54cb,Ghostface Killah,94dbfe2e-ca48-4e08-a5a8-e1e74136c63d,Method Man,1,Nice for What
3b39abeb-0064-4eed-9ddd-ee47a45c54cb,Ghostface Killah,91376b53-c37d-4eed-ac24-63d167af6885,Murda Beatz,1,Nice for What
3b39abeb-0064-4eed-9ddd-ee47a45c54cb,Ghostface Killah,d50548a0-3cfd-4d7a-964b-0aef6545d819,Ol’ Dirty Bastard,1,Nice for What
3b39abeb-0064-4eed-9ddd-ee47a45c54cb,Ghostface Killah,7789be50-a68c-4df2-95a0-8f4878542d88,Orville Hall,1,Nice for What
3b39abeb-0064-4eed-9ddd-ee47a45c54cb,Ghostface Killah,07d7350e-e03e-470d-8c32-bf4d8013d27a,Phillip Glen Price,1,Nice for What
3b39abeb-0064-4eed-9ddd-ee47a45c54cb,Ghostface Killah,29c28ac3-27c5-4822-8eb6-0af89a3a7240,RZA,1,Nice for What
3b39abeb-0064-4eed-9ddd-ee47a45c54cb,Ghostface Killah,4e954b02-fae2-4bd7-9547-e055a6ac0527,Raekwon,1,Nice for What
3b39abeb-0064-4eed-9ddd-ee47a45c54cb,Ghostface Killah,29edaca5-7e7d-4391-b137-ff1c94a4d262,U‐God,1,Nice for What
b6473d0c-6374-49e7-a131-3776d147a4b6,GianLuca Buccellati,06be4462-f2e9-4083-b06b-e9c2ab22464b,Josh Conway,1,No One Noticed
b6473d0c-6374-49e7-a131-3776d147a4b6,GianLuca Buccellati,abb1b3f8-0963-4493-9244-f67accf9a69e,Maria Zardoya,1,No One Noticed
4d9768fd-947c-4b0a-beba-6191e2c830e2,Glen Ballard,69407e6e-8cc1-4d48-91f8-7e07b94032a0,Siedah Garrett,1,Man in the Mirror
7663bd26-a219-43e8-8480-a67fa9e85ef3,Graham Andrew Muron,c169f60e-57a3-4dea-8989-adab3caf0e46,Celine Polenghi,1,Gameboy
215c6ab2-7888-4061-bd56-9fb650328106,Guru,d5ee9a6f-8e10-47e7-bca7-7e3f82aad769,Ali Shaheed Muhammad,1,SICKO MODE
215c6ab2-7888-4061-bd56-9fb650328106,Guru,a8fcf2f0-5b1f-4dd3-9e8a-fd8dff96552a,Chylow Parker,1,SICKO MODE
215c6ab2-7888-4061-bd56-9fb650328106,Guru,084e06f5-3c82-4b71-bd94-dd69e7bd515e,DJ Premier,1,SICKO MODE
215c6ab2-7888-4061-bd56-9fb650328106,Guru,1e8b3e4f-83c3-4b30-afa0-220363a7df5a,H.A.W.K.,1,SICKO MODE
215c6ab2-7888-4061-bd56-9fb650328106,Guru,bf314a8f-5dc6-4dc5-8819-d25b4cc38164,Hit‐Boy,1,SICKO MODE
215c6ab2-7888-4061-bd56-9fb650328106,Guru,b997f5fa-a728-407f-ba2d-4c43c7d883fd,Luke,1,SICKO MODE
215c6ab2-7888-4061-bd56-9fb650328106,Guru,d9f3f7ca-9963-45c5-85b3-81f306614ff8,Phife Dawg,1,SICKO MODE
215c6ab2-7888-4061-bd56-9fb650328106,Guru,b3c94036-6166-41d2-91a2-dc3a0b5fa188,Q‐Tip,1,SICKO MODE
215c6ab2-7888-4061-bd56-9fb650328106,Guru,dd10cfe1-ced1-49f1-92cf-ac33265dc274,Sticky Fingaz,1,SICKO MODE
215c6ab2-7888-4061-bd56-9fb650328106,Guru,a17ce9c3-8f6f-4dcc-a1b7-2a04ab9e31f0,Swae Lee,1,SICKO MODE
215c6ab2-7888-4061-bd56-9fb650328106,Guru,e5d70460-7057-4cbe-9c07-11ca2dac975c,Tay Keith,1,SICKO MODE
215c6ab2-7888-4061-bd56-9fb650328106,Guru,d5d97b2b-b83b-4976-814a-056d9076c8c3,The Notorious B.I.G.,1,SICKO MODE
215c6ab2-7888-4061-bd56-9fb650328106,Guru,f02e98c4-a0fa-4c02-ac0a-587f4319ac87,Tyrone Taylor,1,SICKO MODE
18690715-59fa-4e4d-bcf3-8025cf1c23e0,Guy Berryman,e47b4862-a587-488f-b7a7-bd329726693d,Emil Schult,1,Talk
18690715-59fa-4e4d-bcf3-8025cf1c23e0,Guy Berryman,34bfcd5d-a76d-4b31-8022-b5ac04d5801b,Karl Bartos,1,Talk
18690715-59fa-4e4d-bcf3-8025cf1c23e0,Guy Berryman,da3f4766-628e-4da3-a871-014728993157,Ralf Hütter,1,Talk
18690715-59fa-4e4d-bcf3-8025cf1c23e0,Guy Berryman,e127363c-1cbb-41de-8e7d-627a2382dfce,Tim Bergling,1,A Sky Full of Stars
2d973513-8faa-48c0-b30d-6bd59d6918ca,Guy Lawrence,e2f3fb9d-5ce0-4287-82b1-9124fd4cf50c,Robert Wright,1,Blue World
83886397-adf2-431a-b841-dc4af744a6cc,Guy‐Manuel de Homem‐Christo,59f8e44c-5206-43f6-8b7b-87c8ea1f658d,Anthony Wayne Moore,1,One More Time
83886397-adf2-431a-b841-dc4af744a6cc,Guy‐Manuel de Homem‐Christo,f01917d0-9340-4736-a47b-e8f38e730bf4,Carlos Sosa,1,Digital Love
83886397-adf2-431a-b841-dc4af744a6cc,Guy‐Manuel de Homem‐Christo,41f1960d-be42-4ca0-8599-8d0fb77ae6d4,Edwin Birdsong,1,"Harder, Better, Faster, Stronger"
83886397-adf2-431a-b841-dc4af744a6cc,Guy‐Manuel de Homem‐Christo,fd180bc2-7b01-4b07-9597-451e7383f1b4,George Duke,1,Digital Love
83886397-adf2-431a-b841-dc4af744a6cc,Guy‐Manuel de Homem‐Christo,87672396-ab4b-4f77-82ca-3dccfeb6435d,Éric Chédeville,1,I Feel It Coming
1e8b3e4f-83c3-4b30-afa0-220363a7df5a,H.A.W.K.,d5ee9a6f-8e10-47e7-bca7-7e3f82aad769,Ali Shaheed Muhammad,1,SICKO MODE
1e8b3e4f-83c3-4b30-afa0-220363a7df5a,H.A.W.K.,a8fcf2f0-5b1f-4dd3-9e8a-fd8dff96552a,Chylow Parker,1,SICKO MODE
1e8b3e4f-83c3-4b30-afa0-220363a7df5a,H.A.W.K.,084e06f5-3c82-4b71-bd94-dd69e7bd515e,DJ Premier,1,SICKO MODE
1e8b3e4f-83c3-4b30-afa0-220363a7df5a,H.A.W.K.,bf314a8f-5dc6-4dc5-8819-d25b4cc38164,Hit‐Boy,1,SICKO MODE
1e8b3e4f-83c3-4b30-afa0-220363a7df5a,H.A.W.K.,b997f5fa-a728-407f-ba2d-4c43c7d883fd,Luke,1,SICKO MODE
1e8b3e4f-83c3-4b30-afa0-220363a7df5a,H.A.W.K.,d9f3f7ca-9963-45c5-85b3-81f306614ff8,Phife Dawg,1,SICKO MODE
1e8b3e4f-83c3-4b30-afa0-220363a7df5a,H.A.W.K.,b3c94036-6166-41d2-91a2-dc3a0b5fa188,Q‐Tip,1,SICKO MODE
1e8b3e4f-83c3-4b30-afa0-220363a7df5a,H.A.W.K.,dd10cfe1-ced1-49f1-92cf-ac33265dc274,Sticky Fingaz,1,SICKO MODE
1e8b3e4f-83c3-4b30-afa0-220363a7df5a,H.A.W.K.,a17ce9c3-8f6f-4dcc-a1b7-2a04ab9e31f0,Swae Lee,1,SICKO MODE
1e8b3e4f-83c3-4b30-afa0-220363a7df5a,H.A.W.K.,e5d70460-7057-4cbe-9c07-11ca2dac975c,Tay Keith,1,SICKO MODE
1e8b3e4f-83c3-4b30-afa0-220363a7df5a,H.A.W.K.,d5d97b2b-b83b-4976-814a-056d9076c8c3,The Notorious B.I.G.,1,SICKO MODE
1e8b3e4f-83c3-4b30-afa0-220363a7df5a,H.A.W.K.,f02e98c4-a0fa-4c02-ac0a-587f4319ac87,Tyrone Taylor,1,SICKO MODE
d4270a65-845d-42ce-a893-f96d5adc146d,Harold Harper,fff1662d-cfa5-437c-a314-462c96eb8c3e,Robert Amos Remming,1,Flooded the Face
43c1447a-6292-44e3-b66a-eb0337768170,Harry Wayne Casey,d5ee9a6f-8e10-47e7-bca7-7e3f82aad769,Ali Shaheed Muhammad,1,SICKO MODE
43c1447a-6292-44e3-b66a-eb0337768170,Harry Wayne Casey,a8fcf2f0-5b1f-4dd3-9e8a-fd8dff96552a,Chylow Parker,1,SICKO MODE
43c1447a-6292-44e3-b66a-eb0337768170,Harry Wayne Casey,6a9e461c-e3c5-4794-a203-98a15daea2df,Cyhi the Prynce,1,SICKO MODE
43c1447a-6292-44e3-b66a-eb0337768170,Harry Wayne Casey,084e06f5-3c82-4b71-bd94-dd69e7bd515e,DJ Premier,1,SICKO MODE
43c1447a-6292-44e3-b66a-eb0337768170,Harry Wayne Casey,df78c5ab-5a5c-4875-af18-75151fcd2b44,Dinco D,1,SICKO MODE
43c1447a-6292-44e3-b66a-eb0337768170,Harry Wayne Casey,ddac1a2e-3fb5-4af6-adf0-f6008c7ddfb5,Easy Mo Bee,1,SICKO MODE
43c1447a-6292-44e3-b66a-eb0337768170,Harry Wayne Casey,646942bd-dc4c-42f0-b6a2-683821ebd5ca,Fredro Starr,1,SICKO MODE
43c1447a-6292-44e3-b66a-eb0337768170,Harry Wayne Casey,215c6ab2-7888-4061-bd56-9fb650328106,Guru,1,SICKO MODE
43c1447a-6292-44e3-b66a-eb0337768170,Harry Wayne Casey,1e8b3e4f-83c3-4b30-afa0-220363a7df5a,H.A.W.K.,1,SICKO MODE
43c1447a-6292-44e3-b66a-eb0337768170,Harry Wayne Casey,bf314a8f-5dc6-4dc5-8819-d25b4cc38164,Hit‐Boy,1,SICKO MODE
43c1447a-6292-44e3-b66a-eb0337768170,Harry Wayne Casey,b997f5fa-a728-407f-ba2d-4c43c7d883fd,Luke,1,SICKO MODE
43c1447a-6292-44e3-b66a-eb0337768170,Harry Wayne Casey,73e36439-1e9a-4925-bf2c-1d7f7885fbb0,Mike Dean,1,SICKO MODE
43c1447a-6292-44e3-b66a-eb0337768170,Harry Wayne Casey,05a89764-2383-4508-a747-1cf290707326,Mirsad Dervic,1,SICKO MODE
43c1447a-6292-44e3-b66a-eb0337768170,Harry Wayne Casey,d9f3f7ca-9963-45c5-85b3-81f306614ff8,Phife Dawg,1,SICKO MODE
43c1447a-6292-44e3-b66a-eb0337768170,Harry Wayne Casey,b3c94036-6166-41d2-91a2-dc3a0b5fa188,Q‐Tip,1,SICKO MODE
43c1447a-6292-44e3-b66a-eb0337768170,Harry Wayne Casey,6754c93a-3ed2-415f-b75e-2fd743f11391,Richard Finch,1,SICKO MODE
43c1447a-6292-44e3-b66a-eb0337768170,Harry Wayne Casey,b6211627-0089-4142-b7d1-57d56d1def42,Rogét Chahayed,1,SICKO MODE
43c1447a-6292-44e3-b66a-eb0337768170,Harry Wayne Casey,dd10cfe1-ced1-49f1-92cf-ac33265dc274,Sticky Fingaz,1,SICKO MODE
43c1447a-6292-44e3-b66a-eb0337768170,Harry Wayne Casey,a17ce9c3-8f6f-4dcc-a1b7-2a04ab9e31f0,Swae Lee,1,SICKO MODE
43c1447a-6292-44e3-b66a-eb0337768170,Harry Wayne Casey,e5d70460-7057-4cbe-9c07-11ca2dac975c,Tay Keith,1,SICKO MODE
43c1447a-6292-44e3-b66a-eb0337768170,Harry Wayne Casey,d5d97b2b-b83b-4976-814a-056d9076c8c3,The Notorious B.I.G.,1,SICKO MODE
43c1447a-6292-44e3-b66a-eb0337768170,Harry Wayne Casey,f02e98c4-a0fa-4c02-ac0a-587f4319ac87,Tyrone Taylor,1,SICKO MODE
b4b5b5a7-feff-47d0-9458-83d0d135a692,Hayley Williams,4dbb27db-13a4-48c0-9431-185275742064,David Bendeth,1,Fences
b4b5b5a7-feff-47d0-9458-83d0d135a692,Hayley Williams,963db254-f82c-4aca-9209-a57e1cdcaabc,Zac Farro,1,When It Rains
9aa49339-9a90-44b2-bd6d-e7c4e5fd4a40,Heather Bright,bb3882be-ca2e-4a93-b077-0f9792482964,Jeremy Reeves,1,Somebody to Love
9aa49339-9a90-44b2-bd6d-e7c4e5fd4a40,Heather Bright,104c4233-f393-4ce9-a9f4-cd9f84426925,Jonathan Yip,1,Somebody to Love
9aa49339-9a90-44b2-bd6d-e7c4e5fd4a40,Heather Bright,d70f46f1-78a7-40d6-9961-80e9d6d92c71,Ray Romulus,1,Somebody to Love
cea7bda7-394d-43b6-bd2d-7ba4f5bffd23,Hector Delgado,a5106366-6368-4a02-a580-73a3c02abb2f,Bobbie Gentry,1,L$D
cea7bda7-394d-43b6-bd2d-7ba4f5bffd23,Hector Delgado,ade7ff78-ccb3-4866-8e44-cba2114b0e3b,Dylan Reznick,1,Fashion Killa
cea7bda7-394d-43b6-bd2d-7ba4f5bffd23,Hector Delgado,53e1c16b-d6e4-4086-b3e6-a6fd29ab0321,Finatik,1,L$D
cea7bda7-394d-43b6-bd2d-7ba4f5bffd23,Hector Delgado,0d11f1c0-e62c-4376-b42b-e69532a5ee2c,Jim Jonson,1,L$D
cea7bda7-394d-43b6-bd2d-7ba4f5bffd23,Hector Delgado,daadbdd4-1773-4ff2-abcf-9ee5dac7fda3,LVC,1,Fashion Killa
cea7bda7-394d-43b6-bd2d-7ba4f5bffd23,Hector Delgado,fa40e98d-c0f5-46d3-82ed-8ea28a62540d,Michael Burman,1,L$D
cea7bda7-394d-43b6-bd2d-7ba4f5bffd23,Hector Delgado,a7808382-465f-40f2-9682-e85b5b39b89b,Zak,1,L$D
1ff6e92e-62cb-40a9-b449-bae14aea0250,Henrik Jonback,21032561-1973-4bda-9a25-d89cd8ef8541,Christian Karlsson,1,Toxic
1ff6e92e-62cb-40a9-b449-bae14aea0250,Henrik Jonback,93799ec2-00ba-490e-8e89-e24418839437,Pontus Winnberg,1,Toxic
bf314a8f-5dc6-4dc5-8819-d25b4cc38164,Hit‐Boy,25b7b584-d952-4662-a8b9-dd8cdfbfeb64,A$AP Rocky,1,Goldie
bf314a8f-5dc6-4dc5-8819-d25b4cc38164,Hit‐Boy,d5ee9a6f-8e10-47e7-bca7-7e3f82aad769,Ali Shaheed Muhammad,1,SICKO MODE
bf314a8f-5dc6-4dc5-8819-d25b4cc38164,Hit‐Boy,a8fcf2f0-5b1f-4dd3-9e8a-fd8dff96552a,Chylow Parker,1,SICKO MODE
bf314a8f-5dc6-4dc5-8819-d25b4cc38164,Hit‐Boy,084e06f5-3c82-4b71-bd94-dd69e7bd515e,DJ Premier,1,SICKO MODE
bf314a8f-5dc6-4dc5-8819-d25b4cc38164,Hit‐Boy,b997f5fa-a728-407f-ba2d-4c43c7d883fd,Luke,1,SICKO MODE
bf314a8f-5dc6-4dc5-8819-d25b4cc38164,Hit‐Boy,d9f3f7ca-9963-45c5-85b3-81f306614ff8,Phife Dawg,1,SICKO MODE
bf314a8f-5dc6-4dc5-8819-d25b4cc38164,Hit‐Boy,b3c94036-6166-41d2-91a2-dc3a0b5fa188,Q‐Tip,1,SICKO MODE
bf314a8f-5dc6-4dc5-8819-d25b4cc38164,Hit‐Boy,dd10cfe1-ced1-49f1-92cf-ac33265dc274,Sticky Fingaz,1,SICKO MODE
bf314a8f-5dc6-4dc5-8819-d25b4cc38164,Hit‐Boy,a17ce9c3-8f6f-4dcc-a1b7-2a04ab9e31f0,Swae Lee,1,SICKO MODE
bf314a8f-5dc6-4dc5-8819-d25b4cc38164,Hit‐Boy,e5d70460-7057-4cbe-9c07-11ca2dac975c,Tay Keith,1,SICKO MODE
bf314a8f-5dc6-4dc5-8819-d25b4cc38164,Hit‐Boy,d5d97b2b-b83b-4976-814a-056d9076c8c3,The Notorious B.I.G.,1,SICKO MODE
bf314a8f-5dc6-4dc5-8819-d25b4cc38164,Hit‐Boy,f02e98c4-a0fa-4c02-ac0a-587f4319ac87,Tyrone Taylor,1,SICKO MODE
9a3b83a9-b245-4e85-9c0f-3fff2219bd9e,Homer Steinweiss,1b3e92d4-1c68-412d-a92d-1172f24f7de3,Aqualung,1,Lady Lady
9a3b83a9-b245-4e85-9c0f-3fff2219bd9e,Homer Steinweiss,030b7a5b-cfbe-43a1-a05a-392ea95bde00,Dylan Nowik,1,Slow Dance
9a3b83a9-b245-4e85-9c0f-3fff2219bd9e,Homer Steinweiss,15e0d608-0869-429b-898d-3d8db3ecedd5,Olivia Dean,1,Lady Lady
b4691384-50c3-4afd-9988-51d3ec5db65d,Hozier,c192fdc1-fd6f-4881-ba9c-92037778d450,Craig Balmoris,1,Eat Your Young
b4691384-50c3-4afd-9988-51d3ec5db65d,Hozier,8c089819-c4a7-4834-9f03-72cbde41f150,Marius Feder,1,Eat Your Young
9176a2e5-ffb2-4d56-aecc-fdf1ad5d6994,ILYA,1036b808-f58c-4a3e-b461-a2c4492ecf1b,Nicki Minaj,1,Side to Side
9176a2e5-ffb2-4d56-aecc-fdf1ad5d6994,ILYA,492e7b91-a96b-4a5e-b105-6726a3a63fce,Rickard Göransson,1,God is a woman
9176a2e5-ffb2-4d56-aecc-fdf1ad5d6994,ILYA,0bc6d6e7-0858-4b73-a079-7aa681095f98,Ryan Tedder,1,It's ok I'm ok
9176a2e5-ffb2-4d56-aecc-fdf1ad5d6994,ILYA,f9133869-f87c-459c-9aa7-2f176cda7e06,Tate McRae,1,It's ok I'm ok
6f2c949d-9540-4421-bf02-27ae27e00e33,Ice Spice,d2a76e1b-cecc-4500-b445-d55591821cd3,Mura Masa,1,Boy's a liar Pt. 2
e203d38a-ba34-462e-86da-cd1b3d7a6095,Ike Beatz,8cd5d4c0-760a-43a0-af38-e56a39389bf6,Cousin Vinny,1,Baby Pluto
faf9c4c1-fa6c-45a7-bd51-e91d8eed5577,Illangelo,7aa27474-7b32-46c5-a065-ec831e8a70da,Billy Walsh,1,I Fall Apart
faf9c4c1-fa6c-45a7-bd51-e91d8eed5577,Illangelo,6812cb8f-55f5-4da4-8580-c1eeb8dffc72,Dre Moon,1,Heartless
faf9c4c1-fa6c-45a7-bd51-e91d8eed5577,Illangelo,b8df4f20-fddd-40ea-966e-55028f6043c7,Mano,1,The Hills
faf9c4c1-fa6c-45a7-bd51-e91d8eed5577,Illangelo,5028a04d-c3b5-428d-9c88-433224bb10ba,Mario Winans,1,After Hours
faf9c4c1-fa6c-45a7-bd51-e91d8eed5577,Illangelo,59db3d82-86ea-451f-881f-dffc8ec387c9,Metro Boomin,1,Heartless
faf9c4c1-fa6c-45a7-bd51-e91d8eed5577,Illangelo,b1e26560-60e5-4236-bbdb-9aa5a8d5ee19,Post Malone,1,I Fall Apart
24a43e36-0435-4f04-ae9a-d5d73e52d278,Ilsey Juber,00f6b540-a51f-416f-94f6-5f27e1dc1c6d,Jake Sinclair,1,High Hopes
24a43e36-0435-4f04-ae9a-d5d73e52d278,Ilsey Juber,e24bca91-8106-464a-bc42-757f1ab24af3,Jenny Owen Youngs,1,High Hopes
24a43e36-0435-4f04-ae9a-d5d73e52d278,Ilsey Juber,f8d0ee60-c35e-4cb3-becf-674c3673ac4a,Lauren Pritchard,1,High Hopes
a6b90dc0-e22e-44e1-890b-87900bd9aca6,Inspectah Deck,aa825996-e5c8-4b90-ab48-b973b82384ed,Loon,1,Nice for What
a6b90dc0-e22e-44e1-890b-87900bd9aca6,Inspectah Deck,34dc70df-8b2c-4bb0-a132-0958671a509c,Mannie Fresh,1,Nice for What
a6b90dc0-e22e-44e1-890b-87900bd9aca6,Inspectah Deck,94dbfe2e-ca48-4e08-a5a8-e1e74136c63d,Method Man,1,Nice for What
a6b90dc0-e22e-44e1-890b-87900bd9aca6,Inspectah Deck,91376b53-c37d-4eed-ac24-63d167af6885,Murda Beatz,1,Nice for What
a6b90dc0-e22e-44e1-890b-87900bd9aca6,Inspectah Deck,d50548a0-3cfd-4d7a-964b-0aef6545d819,Ol’ Dirty Bastard,1,Nice for What
a6b90dc0-e22e-44e1-890b-87900bd9aca6,Inspectah Deck,07d7350e-e03e-470d-8c32-bf4d8013d27a,Phillip Glen Price,1,Nice for What
a6b90dc0-e22e-44e1-890b-87900bd9aca6,Inspectah Deck,29c28ac3-27c5-4822-8eb6-0af89a3a7240,RZA,1,Nice for What
a6b90dc0-e22e-44e1-890b-87900bd9aca6,Inspectah Deck,4e954b02-fae2-4bd7-9547-e055a6ac0527,Raekwon,1,Nice for What
a6b90dc0-e22e-44e1-890b-87900bd9aca6,Inspectah Deck,29edaca5-7e7d-4391-b137-ff1c94a4d262,U‐God,1,Nice for What
509086c2-9cc8-4e77-89e9-322e34240ffc,Ira Gershwin,0d3bf21a-5eec-443c-9a37-b305598b0840,Adam Yauch,1,Doin' Time
509086c2-9cc8-4e77-89e9-322e34240ffc,Ira Gershwin,354c7145-01f0-4bf6-b35f-6db936f6a17e,Bradley Nowell,1,Doin' Time
509086c2-9cc8-4e77-89e9-322e34240ffc,Ira Gershwin,bf23ae35-d26d-4180-b7da-7fc9841b2cd9,Dorothy Heyward,1,Doin' Time
509086c2-9cc8-4e77-89e9-322e34240ffc,Ira Gershwin,82953e0d-464a-4fb8-80fc-78dbf8b49b1b,DuBose Heyward,1,Doin' Time
509086c2-9cc8-4e77-89e9-322e34240ffc,Ira Gershwin,9158376c-7f95-4284-aeb5-705db2949b14,Marshall Goodman,1,Doin' Time
509086c2-9cc8-4e77-89e9-322e34240ffc,Ira Gershwin,07aebfa0-55d6-47e0-a284-12330e3eae0d,Rick Rubin,1,Doin' Time
875203e1-8e58-4b86-8dcb-7190faf411c5,J. Cole,339a7eb7-7c47-4d1c-898f-ec0cdf9d8cf9,Cardiak,1,Love Yourz
875203e1-8e58-4b86-8dcb-7190faf411c5,J. Cole,bf99c161-ab38-46b9-9a2d-eea0f5edc207,Charles Simmons,1,Wet Dreamz
875203e1-8e58-4b86-8dcb-7190faf411c5,J. Cole,f944d4be-3bd4-4255-afde-458f77bd29ae,CritaCal,1,Love Yourz
875203e1-8e58-4b86-8dcb-7190faf411c5,J. Cole,68eb8831-4d0b-4a2b-9209-3ccade5117f0,Devonté Hynes,1,Hurt Feelings
875203e1-8e58-4b86-8dcb-7190faf411c5,J. Cole,5f7b15e6-7a28-4ab9-bb3e-8b5f2a80f44c,Illmind,1,Love Yourz
875203e1-8e58-4b86-8dcb-7190faf411c5,J. Cole,4f447f07-4df7-49f0-8d31-7d70b2bdb0d0,Mark Pellizzer,1,Kevin’s Heart
875203e1-8e58-4b86-8dcb-7190faf411c5,J. Cole,1171bba7-9d5a-4c9f-8dda-9e6d9d82091e,O’Donel Levy,1,Hurt Feelings
875203e1-8e58-4b86-8dcb-7190faf411c5,J. Cole,2307602e-a3ce-4f37-bb2b-d54f1980ed5f,Paul Williams,1,Hurt Feelings
875203e1-8e58-4b86-8dcb-7190faf411c5,J. Cole,552da8ff-2c8f-4060-8352-48dea991e92b,Roger Nichols,1,Hurt Feelings
875203e1-8e58-4b86-8dcb-7190faf411c5,J. Cole,1d01b5f5-182a-4558-a057-2f3a109cdbcf,T‐Minus,1,Kevin’s Heart
fc7f4897-7cd7-4211-adb2-4028fd76fec3,J.LBS,7c8278d1-f605-4879-a213-a5e89f785501,Duval Timothy,1,United in Grief
fc7f4897-7cd7-4211-adb2-4028fd76fec3,J.LBS,3c63968c-7a45-49f7-b099-a3ce7781df6a,Jake Kosich,1,United in Grief
fc7f4897-7cd7-4211-adb2-4028fd76fec3,J.LBS,4dee5280-e4dc-4e6f-88b6-b93e371aba20,Johnny Kosich,1,United in Grief
fc7f4897-7cd7-4211-adb2-4028fd76fec3,J.LBS,4929f1b6-f7a7-469a-98f0-f30ecf83463d,Matt Schaeffer,1,United in Grief
fc7f4897-7cd7-4211-adb2-4028fd76fec3,J.LBS,bd70955f-18b0-48b5-abe0-9e66b552598d,Tim Maxey,1,United in Grief
f82bcf78-5b69-4622-a5ef-73800768d9ac,JAY‐Z,0a02707b-88c6-48e4-a495-96d14c34fc81,Adam Pigott,1,BREAK MY SOUL
f82bcf78-5b69-4622-a5ef-73800768d9ac,JAY‐Z,4374e50c-f57d-492c-bd70-c11422f7fde6,Fred McFarlane,1,BREAK MY SOUL
f82bcf78-5b69-4622-a5ef-73800768d9ac,JAY‐Z,79239441-bfd5-4981-a70c-55c3f15c1287,Madonna,1,BREAK MY SOUL
f82bcf78-5b69-4622-a5ef-73800768d9ac,JAY‐Z,17921289-ed5a-4de9-be13-e3876d31fff1,Shep Pettibone,1,BREAK MY SOUL
5bb2ca9b-4862-4770-bc64-ceab41d13f5b,JHart,654256b0-efd2-465a-b491-2937ba8f8080,James Wong,1,Company
5bb2ca9b-4862-4770-bc64-ceab41d13f5b,JHart,af6be531-7ff5-404c-b3ec-34db5c6bc4a0,Thomas Troelsen,1,Company
6db04284-b73b-44fa-ba11-7f35f6068417,JW Lucas,e8d26c70-db22-4c97-906d-3b2c995765d1,Bryan Simmons,1,XO TOUR Llif3
1155a7a9-a7b4-46ba-ba27-6b6c98be487e,Jack Antonoff,d786f59b-1836-4ddb-8393-ab753edbe984,Clairo,1,Amoeba
1155a7a9-a7b4-46ba-ba27-6b6c98be487e,Jack Antonoff,ea7add7c-c9aa-4479-ba4b-a3fab789ca3d,Fred Fairbrass,1,Look What You Made Me Do
1155a7a9-a7b4-46ba-ba27-6b6c98be487e,Jack Antonoff,8516f0de-3190-4fde-994c-1f32ffd9af18,Richard Fairbrass,1,Look What You Made Me Do
1155a7a9-a7b4-46ba-ba27-6b6c98be487e,Jack Antonoff,43225337-b9fa-4fc5-b4cc-990b72fd149b,Robert Manzoli,1,Look What You Made Me Do
1155a7a9-a7b4-46ba-ba27-6b6c98be487e,Jack Antonoff,5334edc0-5faf-4ca5-b1df-000de3e1f752,St. Vincent,1,Cruel Summer
a0377a5e-c07b-4b18-9559-e5a2fe060ddf,Jackson Lee,c169f60e-57a3-4dea-8989-adab3caf0e46,Celine Polenghi,1,Gameboy
a0377a5e-c07b-4b18-9559-e5a2fe060ddf,Jackson Lee,7663bd26-a219-43e8-8480-a67fa9e85ef3,Graham Andrew Muron,1,Gameboy
c26b5d4d-f287-4dab-8198-1f7e6f8a3a3f,Jacob Bugden,8eb58532-51a9-4f58-b4ca-4ac70a4a8fad,Starsmith,1,Sunny day
1df15ee0-b52b-4315-9cb9-bc5a27a685e9,Jacob Collier,afc3a90e-44d7-476c-a93c-bd3652cb4c9c,Loshendrix,1,Good Days
1df15ee0-b52b-4315-9cb9-bc5a27a685e9,Jacob Collier,90dcf3c6-134e-4389-ab73-89816367f20d,Nascent,1,Good Days
d288a227-30c0-4bed-95c3-8c9614646633,Jacob Kasher,980a87e4-3532-49ea-bbda-bd691cc193ad,Ammo,1,Sugar
d288a227-30c0-4bed-95c3-8c9614646633,Jacob Kasher,c169f60e-57a3-4dea-8989-adab3caf0e46,Celine Polenghi,1,Gameboy
d288a227-30c0-4bed-95c3-8c9614646633,Jacob Kasher,7663bd26-a219-43e8-8480-a67fa9e85ef3,Graham Andrew Muron,1,Gameboy
d288a227-30c0-4bed-95c3-8c9614646633,Jacob Kasher,a0377a5e-c07b-4b18-9559-e5a2fe060ddf,Jackson Lee,1,Gameboy
d288a227-30c0-4bed-95c3-8c9614646633,Jacob Kasher,d9152066-a306-477c-b07c-e5df0eb29eeb,Madison Love,1,Gnarly
d288a227-30c0-4bed-95c3-8c9614646633,Jacob Kasher,d05ae113-813b-486f-9d29-da1174ac6591,Pink Slip,1,Gnarly
d288a227-30c0-4bed-95c3-8c9614646633,Jacob Kasher,5ce9a259-9071-4ba2-bfb0-52f5a321c0e9,Tim Randolph,1,Gnarly
d288a227-30c0-4bed-95c3-8c9614646633,Jacob Kasher,e2eec0a3-dea8-4c38-aae1-1345aaca8c20,Vincent Ford,1,Memories
3737a86d-1871-424d-9fcb-9092333b091b,Jacob Ray,ead5514d-8fd9-42b7-bd5d-93ff69e98a07,Dewain Whitmore,1,Die for You
3737a86d-1871-424d-9fcb-9092333b091b,Jacob Ray,2a0839df-90d6-426b-88f4-5970e8b0026a,Patrick “j.Que” Smith,1,Die for You
3737a86d-1871-424d-9fcb-9092333b091b,Jacob Ray,deb7471a-0144-48f0-bb5d-e9dd7ddac903,Wesley Singerman,1,Die for You
3c63968c-7a45-49f7-b099-a3ce7781df6a,Jake Kosich,7c8278d1-f605-4879-a213-a5e89f785501,Duval Timothy,1,United in Grief
3c63968c-7a45-49f7-b099-a3ce7781df6a,Jake Kosich,4dee5280-e4dc-4e6f-88b6-b93e371aba20,Johnny Kosich,1,United in Grief
3c63968c-7a45-49f7-b099-a3ce7781df6a,Jake Kosich,4929f1b6-f7a7-469a-98f0-f30ecf83463d,Matt Schaeffer,1,United in Grief
3c63968c-7a45-49f7-b099-a3ce7781df6a,Jake Kosich,bd70955f-18b0-48b5-abe0-9e66b552598d,Tim Maxey,1,United in Grief
00f6b540-a51f-416f-94f6-5f27e1dc1c6d,Jake Sinclair,9f41f18b-23b2-4052-af25-0664dbfc9085,Dan Wilson,1,Emperor's New Clothes
00f6b540-a51f-416f-94f6-5f27e1dc1c6d,Jake Sinclair,e24bca91-8106-464a-bc42-757f1ab24af3,Jenny Owen Youngs,1,High Hopes
00f6b540-a51f-416f-94f6-5f27e1dc1c6d,Jake Sinclair,ba1ba43e-80a8-4471-8d02-c31453f4aa88,Morgan Kibby,1,House of Memories
acf71fa9-6455-44c6-9322-db98fdffa382,James Bunton,209bc38b-1039-450f-8ad5-2a9d5ab14858,Corron Cole,1,One Time
acf71fa9-6455-44c6-9322-db98fdffa382,James Bunton,0c2c0bb9-ba43-426c-b621-c0289dc7028a,"Thabiso ""Tab"" Nkhereanye",1,One Time
4e481ad9-aa5d-4a1a-b2fc-444c0ad48b7e,James Fauntleroy,00136dd9-1047-4999-af1f-d709c5fa09f9,Andrew Watt,1,Die with a Smile
4e481ad9-aa5d-4a1a-b2fc-444c0ad48b7e,James Fauntleroy,afb680f2-b6eb-4cd7-a70b-a63b25c763d5,Bruno Mars,1,Die with a Smile
4e481ad9-aa5d-4a1a-b2fc-444c0ad48b7e,James Fauntleroy,8ec64b80-cd1c-4acc-bc14-0fb9ad96f7dd,Chris Godbey,1,Mirrors
4e481ad9-aa5d-4a1a-b2fc-444c0ad48b7e,James Fauntleroy,596ffa74-3d08-44ef-b113-765d43d12738,Justin Timberlake,1,Mirrors
4e481ad9-aa5d-4a1a-b2fc-444c0ad48b7e,James Fauntleroy,d18fb067-8de5-4a50-9a20-5cc1c7393fbb,J‐Roc,1,Mirrors
4e481ad9-aa5d-4a1a-b2fc-444c0ad48b7e,James Fauntleroy,75e7ce0c-e3d6-4a61-9630-ce3d04a7a8e2,Sebastian,1,Mirrors
4e481ad9-aa5d-4a1a-b2fc-444c0ad48b7e,James Fauntleroy,daa09819-5da5-4c7a-8bef-eb372bb27ff1,Timbaland,1,Mirrors
b63855b6-8c5c-4452-8c40-56e6587dc80a,James Hawkins,fce9fc3b-fc26-42a2-a9ed-285077ccf203,Lou Ragland,1,A Couple Minutes
b63855b6-8c5c-4452-8c40-56e6587dc80a,James Hawkins,b0311291-19f9-4288-96be-e8a5da0a104a,Maverick Sabre,1,A Couple Minutes
b63855b6-8c5c-4452-8c40-56e6587dc80a,James Hawkins,508dea01-bba9-4760-919f-3570d6c36574,Zach Nahome,1,A Couple Minutes
e5b438b9-a9f1-4eb8-af51-4540c769821d,Jamie Hewlett,21cb44eb-3f6b-4f55-9a0d-c36a517f8d36,Daniel Dumile,1,November Has Come
e5b438b9-a9f1-4eb8-af51-4540c769821d,Jamie Hewlett,85afb93c-62bb-455b-b806-079299d73db8,Dave Jolicoeur,1,Feel Good Inc
e5b438b9-a9f1-4eb8-af51-4540c769821d,Jamie Hewlett,765d96b9-bf40-4204-b15a-b90f0e0113fe,Romye Robinson,1,Dirty Harry
e5b438b9-a9f1-4eb8-af51-4540c769821d,Jamie Hewlett,cb72e132-66c1-44c2-986f-eed70d97d29a,Shaun Ryder,1,DARE
2a40fcba-4b0d-4129-becf-1f04c7906b67,Jamie Lepe,dac5571a-4d01-4764-b6f7-447caff2ff31,Brandon Whitfield,1,STARGAZING
a2fdc044-010f-4317-97d2-a1c67e978543,Jeff Bhasker,37ba3b7e-ab55-4743-b796-d88b50b963a0,Albert Winkler,1,Talking to the Moon
a2fdc044-010f-4317-97d2-a1c67e978543,Jeff Bhasker,7b98b4c7-37e2-4dd0-9290-7312c55aa8da,Kid Harpoon,1,Cherry
a2fdc044-010f-4317-97d2-a1c67e978543,Jeff Bhasker,f123bfb1-3aa1-4b45-8a8e-344aba9afdfc,Sammy Witte,1,Cherry
e6e879c0-3d56-4f12-b3c5-3ce459661a8e,Jeff Buckley,d011c23d-e8e4-4b7b-90c8-63e26ee0bada,Gary Lucas,1,Mojo Pin
e6e879c0-3d56-4f12-b3c5-3ce459661a8e,Jeff Buckley,d39a5a70-de11-4ea3-a4c1-f2139cca265a,Matt Johnson,1,Dream Brother
e6e879c0-3d56-4f12-b3c5-3ce459661a8e,Jeff Buckley,5c5aed13-004e-4001-89af-269ddd847219,Michael Tighe,1,Vancouver
32926372-bec1-455b-b124-146c1940a9bb,Jeff Gitelman,3849b83b-eb79-4f58-9631-ed870528e53a,Kenneth Whalum III,1,Ladders
32926372-bec1-455b-b124-146c1940a9bb,Jeff Gitelman,599fa573-8816-4dbe-8439-2f4d486ffb8e,Nice Rec,1,Ladders
32926372-bec1-455b-b124-146c1940a9bb,Jeff Gitelman,2c66dc7e-785c-4789-ab91-cee7a5b2aab6,Pomo,1,Ladders
f0602f55-1770-483d-89bd-4bae0d0ac086,Jennifer Lopez,d863e16e-8811-4182-a168-4d85da239d79,Cory Rooney,1,Teenage Fever
f0602f55-1770-483d-89bd-4bae0d0ac086,Jennifer Lopez,c8ff30ec-f29e-4a4e-b46e-ec64fa90f3c1,"Marvin ""Hagler"" Thomas",1,Teenage Fever
4a8fd8c3-19a2-4bf3-b1bb-6491a136e55f,Jeremy Freedman,341199e0-deec-4cdb-9c30-c2cf35ec6f55,Brett Fair,1,Devil's Advocate
4a8fd8c3-19a2-4bf3-b1bb-6491a136e55f,Jeremy Freedman,2817bb9c-3660-4462-be55-8e4d6fe3f743,Danny Parra,1,Pretty Boy
4a8fd8c3-19a2-4bf3-b1bb-6491a136e55f,Jeremy Freedman,9c7f1f2f-cb17-4b5a-b954-18d64c2f8dee,Jon Bates,1,You Get Me So High
4a8fd8c3-19a2-4bf3-b1bb-6491a136e55f,Jeremy Freedman,23606ecd-2924-4086-9dc3-aac0838b1f18,Tony DeMatteo,1,You Get Me So High
bb3882be-ca2e-4a93-b077-0f9792482964,Jeremy Reeves,104c4233-f393-4ce9-a9f4-cd9f84426925,Jonathan Yip,1,Somebody to Love
bb3882be-ca2e-4a93-b077-0f9792482964,Jeremy Reeves,d70f46f1-78a7-40d6-9961-80e9d6d92c71,Ray Romulus,1,Somebody to Love
822bb256-c7be-40ab-9744-9f66ccedb6e2,Jesse,341199e0-deec-4cdb-9c30-c2cf35ec6f55,Brett Fair,1,Devil's Advocate
822bb256-c7be-40ab-9744-9f66ccedb6e2,Jesse,2817bb9c-3660-4462-be55-8e4d6fe3f743,Danny Parra,1,Pretty Boy
822bb256-c7be-40ab-9744-9f66ccedb6e2,Jesse,9c7f1f2f-cb17-4b5a-b954-18d64c2f8dee,Jon Bates,1,You Get Me So High
822bb256-c7be-40ab-9744-9f66ccedb6e2,Jesse,23606ecd-2924-4086-9dc3-aac0838b1f18,Tony DeMatteo,1,You Get Me So High
9876551c-4ad1-4857-ac72-5f6d00017c8e,Jesse Carmichael,f8abfd32-73f9-49e7-9b88-3e47ea27a2cd,James Valentine,1,Sunday Morning
9876551c-4ad1-4857-ac72-5f6d00017c8e,Jesse Carmichael,7bfe45a0-f000-43ee-965f-39a564980022,Mickey Madden,1,Sunday Morning
9876551c-4ad1-4857-ac72-5f6d00017c8e,Jesse Carmichael,b90336cf-2d67-4ded-a02d-c129a3fdf251,Ryan Dusick,1,Sunday Morning
2bb9df33-7510-437f-8868-801ce21d6a69,Jidenna,7520db17-fd87-443a-a688-50d00c1b9893,Aynzli Jones,1,Woman
2bb9df33-7510-437f-8868-801ce21d6a69,Jidenna,590d7956-6025-4b2f-a62a-2f57e4ac2747,Yeti Beats,1,Woman
763bbfc9-a9b8-4eb3-9f00-dd8eb596d898,Jim Beanz,b76c616a-ec0d-4f0c-b986-f249c4a04d77,Keri Hilson,1,Break the Ice
0d11f1c0-e62c-4376-b42b-e69532a5ee2c,Jim Jonson,a7808382-465f-40f2-9682-e85b5b39b89b,Zak,1,L$D
fb150981-e9b3-49ff-a8e6-174a3d9d3018,Johan Carlsson,82f4f277-2b62-426c-826f-57b082839682,Ross Golan,1,Dangerous Woman
a0b77a10-ecff-4b84-b1f3-008391038d67,John Deacon,6d24f102-5c43-453a-8664-4ee092f441cf,Brian May,1,Under Pressure
a0b77a10-ecff-4b84-b1f3-008391038d67,John Deacon,022589ac-7177-460d-a178-9976cf70e29f,Freddie Mercury,1,Under Pressure
a0b77a10-ecff-4b84-b1f3-008391038d67,John Deacon,558302b1-07ae-4be1-9edb-2a2b1f036313,Roger Taylor,1,Under Pressure
a5f2ca79-a37c-4500-a5f0-50cc709a37c2,John Feldmann,30e8e6e2-7b79-4eef-ba91-8435d4ba0fac,Butch Walker,1,The Ballad of Mona Lisa
d271d98b-3530-432d-b145-508067818644,John Hill,81d47599-3da6-4332-8422-fd67e980dbaa,Akil King,1,Worth It.
144ef525-85e9-40c3-8335-02c32d0861f3,John Mayer,75f15961-340a-4619-9c4a-0002469fb729,Aja Grant,1,Small Worlds
144ef525-85e9-40c3-8335-02c32d0861f3,John Mayer,24d311f8-da82-4068-896b-ca061deaccb6,Carter Lang,1,Small Worlds
144ef525-85e9-40c3-8335-02c32d0861f3,John Mayer,a32e4aac-1db8-4dc6-be34-a813c4530627,Jon Brion,1,Small Worlds
144ef525-85e9-40c3-8335-02c32d0861f3,John Mayer,0d198fa9-490a-4a71-ac56-e7ee37888396,Malcolm McCormick,1,Small Worlds
144ef525-85e9-40c3-8335-02c32d0861f3,John Mayer,aa2a2463-fa3c-4ad8-8ab1-e27fa2c63436,Matthew Tavares,1,ASTROTHUNDER
144ef525-85e9-40c3-8335-02c32d0861f3,John Mayer,b67fd63f-627f-4097-af0d-7df7ca2bd39f,Tae Beast,1,Small Worlds
144ef525-85e9-40c3-8335-02c32d0861f3,John Mayer,b6ba844a-a522-4b61-8615-eebcfd3f9a0f,Thomas Paxton-Beesley,1,ASTROTHUNDER
4d84fa33-3927-429e-9bf5-1d2eb2f9307e,John Ryan,03180405-1b26-42dc-80da-7e50fbb4c936,Ali Tamposi,1,Gabriela
4d84fa33-3927-429e-9bf5-1d2eb2f9307e,John Ryan,260b6184-8828-48eb-945c-bc4cb6fc34ca,Charli xcx,1,Gabriela
4d84fa33-3927-429e-9bf5-1d2eb2f9307e,John Ryan,5d27a55a-5731-4ef5-a3ad-d5b44251db0f,JP Saxe,1,because i liked a boy
4d84fa33-3927-429e-9bf5-1d2eb2f9307e,John Ryan,983ce56b-ad71-44fb-ac1a-b99eb63e2f6b,Max Wolfgang,1,So Easy (To Fall In Love)
4d84fa33-3927-429e-9bf5-1d2eb2f9307e,John Ryan,15e0d608-0869-429b-898d-3d8db3ecedd5,Olivia Dean,1,So Easy (To Fall In Love)
4d84fa33-3927-429e-9bf5-1d2eb2f9307e,John Ryan,f47bb4db-badb-42fc-86c4-505f3f494808,Sara Schell,1,Gabriela
03db641f-0028-4c7e-bfb3-2e53523646c3,Johnny Burns,f27ec8db-af05-4f36-916e-3d57f91ecf5e,Michael Jackson,1,King Kunta
03db641f-0028-4c7e-bfb3-2e53523646c3,Johnny Burns,92781466-f1a9-4ffc-9143-d65a2c77fd64,Redfoo,1,King Kunta
03db641f-0028-4c7e-bfb3-2e53523646c3,Johnny Burns,044fd265-79dd-43eb-afc4-8b20becf7e17,Thundercat,1,King Kunta
4dee5280-e4dc-4e6f-88b6-b93e371aba20,Johnny Kosich,7c8278d1-f605-4879-a213-a5e89f785501,Duval Timothy,1,United in Grief
4dee5280-e4dc-4e6f-88b6-b93e371aba20,Johnny Kosich,4929f1b6-f7a7-469a-98f0-f30ecf83463d,Matt Schaeffer,1,United in Grief
4dee5280-e4dc-4e6f-88b6-b93e371aba20,Johnny Kosich,bd70955f-18b0-48b5-abe0-9e66b552598d,Tim Maxey,1,United in Grief
9c7f1f2f-cb17-4b5a-b954-18d64c2f8dee,Jon Bates,7eef0136-ed38-47a5-aa0f-fa5424dbd5c8,Lars Stalfors,1,You Get Me So High
9c7f1f2f-cb17-4b5a-b954-18d64c2f8dee,Jon Bates,23606ecd-2924-4086-9dc3-aac0838b1f18,Tony DeMatteo,1,You Get Me So High
2bd8101a-11c3-42d5-a9bd-6a3b26445f7e,Jon Bellion,6666a6fc-930d-4cf4-aeca-eebf27e84ebf,Aalias,1,The Monster
2bd8101a-11c3-42d5-a9bd-6a3b26445f7e,Jon Bellion,db8fad3a-e131-47a1-8782-c2ee93708cdd,Bebe Rexha,1,The Monster
2bd8101a-11c3-42d5-a9bd-6a3b26445f7e,Jon Bellion,b95ce3ff-3d05-4e87-9e01-c97b66af13d4,Eminem,1,The Monster
2bd8101a-11c3-42d5-a9bd-6a3b26445f7e,Jon Bellion,c1c21547-5b3a-4559-ab25-810a6ca184ff,Frequency,1,The Monster
2bd8101a-11c3-42d5-a9bd-6a3b26445f7e,Jon Bellion,d288a227-30c0-4bed-95c3-8c9614646633,Jacob Kasher,1,Memories
2bd8101a-11c3-42d5-a9bd-6a3b26445f7e,Jon Bellion,6db61674-3b9d-4d5b-9349-fd590a998225,Maki Athanasiou,1,The Monster
2bd8101a-11c3-42d5-a9bd-6a3b26445f7e,Jon Bellion,e2eec0a3-dea8-4c38-aae1-1345aaca8c20,Vincent Ford,1,Memories
a32e4aac-1db8-4dc6-be34-a813c4530627,Jon Brion,75f15961-340a-4619-9c4a-0002469fb729,Aja Grant,1,Small Worlds
a32e4aac-1db8-4dc6-be34-a813c4530627,Jon Brion,68eb8831-4d0b-4a2b-9209-3ccade5117f0,Devonté Hynes,1,Hurt Feelings
a32e4aac-1db8-4dc6-be34-a813c4530627,Jon Brion,875203e1-8e58-4b86-8dcb-7190faf411c5,J. Cole,1,Hurt Feelings
a32e4aac-1db8-4dc6-be34-a813c4530627,Jon Brion,3849b83b-eb79-4f58-9631-ed870528e53a,Kenneth Whalum III,1,Ladders
a32e4aac-1db8-4dc6-be34-a813c4530627,Jon Brion,599fa573-8816-4dbe-8439-2f4d486ffb8e,Nice Rec,1,Ladders
a32e4aac-1db8-4dc6-be34-a813c4530627,Jon Brion,1171bba7-9d5a-4c9f-8dda-9e6d9d82091e,O’Donel Levy,1,Hurt Feelings
a32e4aac-1db8-4dc6-be34-a813c4530627,Jon Brion,2307602e-a3ce-4f37-bb2b-d54f1980ed5f,Paul Williams,1,Hurt Feelings
a32e4aac-1db8-4dc6-be34-a813c4530627,Jon Brion,2c66dc7e-785c-4789-ab91-cee7a5b2aab6,Pomo,1,Ladders
a32e4aac-1db8-4dc6-be34-a813c4530627,Jon Brion,552da8ff-2c8f-4060-8352-48dea991e92b,Roger Nichols,1,Hurt Feelings
a32e4aac-1db8-4dc6-be34-a813c4530627,Jon Brion,b67fd63f-627f-4097-af0d-7df7ca2bd39f,Tae Beast,1,Small Worlds
323ea008-ae98-40de-9af5-02c50ae5fc5e,Jonas Jeberg,24a43e36-0435-4f04-ae9a-d5d73e52d278,Ilsey Juber,1,High Hopes
323ea008-ae98-40de-9af5-02c50ae5fc5e,Jonas Jeberg,00f6b540-a51f-416f-94f6-5f27e1dc1c6d,Jake Sinclair,1,High Hopes
323ea008-ae98-40de-9af5-02c50ae5fc5e,Jonas Jeberg,e24bca91-8106-464a-bc42-757f1ab24af3,Jenny Owen Youngs,1,High Hopes
323ea008-ae98-40de-9af5-02c50ae5fc5e,Jonas Jeberg,f8d0ee60-c35e-4cb3-becf-674c3673ac4a,Lauren Pritchard,1,High Hopes
d156ceb2-fd90-4e82-baea-829bbdf1c127,Jonny Buckland,e47b4862-a587-488f-b7a7-bd329726693d,Emil Schult,1,Talk
d156ceb2-fd90-4e82-baea-829bbdf1c127,Jonny Buckland,34bfcd5d-a76d-4b31-8022-b5ac04d5801b,Karl Bartos,1,Talk
d156ceb2-fd90-4e82-baea-829bbdf1c127,Jonny Buckland,da3f4766-628e-4da3-a871-014728993157,Ralf Hütter,1,Talk
d156ceb2-fd90-4e82-baea-829bbdf1c127,Jonny Buckland,e127363c-1cbb-41de-8e7d-627a2382dfce,Tim Bergling,1,A Sky Full of Stars
b33cd08d-df19-45bf-b14b-2787f5bd2354,Jordan Evans,b6e1e175-d5ee-45b1-b3af-fecc26837ccf,Luis Resto,1,Not Afraid
fa7b0a1f-f8c0-435a-a2bd-74dccf7c0055,Jordan Johnson,d288a227-30c0-4bed-95c3-8c9614646633,Jacob Kasher,1,Memories
fa7b0a1f-f8c0-435a-a2bd-74dccf7c0055,Jordan Johnson,e2eec0a3-dea8-4c38-aae1-1345aaca8c20,Vincent Ford,1,Memories
84dcf9b5-e200-44d3-888d-f5599a63c0fe,Joseph Angel,13c74252-ddd1-4f12-92e8-dc547f387ee3,Fred Ball,1,Love on the Brain
d07bca29-d980-4100-8cad-065a05f2b343,Joseph “Joe” Hahn,6bfe9806-b477-4750-8bd2-b1d0acf901a9,Mark Wakefield,1,Runaway
06be4462-f2e9-4083-b06b-e9c2ab22464b,Josh Conway,abb1b3f8-0963-4493-9244-f67accf9a69e,Maria Zardoya,1,No One Noticed
74c9dc4a-254b-4699-8710-7ca3fd993976,Josh Crocker,03d20f4c-6e5a-48e5-8857-7a439d58506e,Leon Moore,1,Love Between...
7365489a-815a-43f3-b361-26a091227f98,Josh Farro,4dbb27db-13a4-48c0-9431-185275742064,David Bendeth,1,Fences
7365489a-815a-43f3-b361-26a091227f98,Josh Farro,963db254-f82c-4aca-9209-a57e1cdcaabc,Zac Farro,1,When It Rains
56f1c2aa-89b0-4e73-8507-fd68ae704c14,Joshua David Conway,caa8f2cb-f058-45e7-8da2-eae13366ff94,Joshua Francis Grondin,1,I Don't Know You
3981ed16-9bc3-4037-9318-4aaebfcc1b9d,Josiah Sherman,0f1d5b01-8784-4870-9bd6-fa43178b9441,Justin Vernon,1,MY EYES
3981ed16-9bc3-4037-9318-4aaebfcc1b9d,Josiah Sherman,e95c9a69-8ce0-4709-8371-6cafddd11cb0,Vegyn,1,MY EYES
3981ed16-9bc3-4037-9318-4aaebfcc1b9d,Josiah Sherman,ed41b7f0-5b39-433a-9274-f06d19e724a3,Wheezy,1,MY EYES
4757df70-6c3e-46b8-99c0-a68644595c9a,Julia Michaels,dd954cc1-402f-4f23-91b4-ffa3b1e3b142,BloodPop®,1,Sorry
4757df70-6c3e-46b8-99c0-a68644595c9a,Julia Michaels,5d27a55a-5731-4ef5-a3ad-d5b44251db0f,JP Saxe,1,because i liked a boy
4757df70-6c3e-46b8-99c0-a68644595c9a,Julia Michaels,e0140a67-e4d1-4f13-8a01-364355bee46e,Justin Bieber,1,Sorry
4757df70-6c3e-46b8-99c0-a68644595c9a,Julia Michaels,38fbbbdf-90be-4fd3-a2d2-9ae29a9a81b3,Justin Tranter,1,Sorry
4757df70-6c3e-46b8-99c0-a68644595c9a,Julia Michaels,ae002c5d-aac6-490b-a39a-30aa9e2edf2b,Skrillex,1,Sorry
91e4a2f7-b787-4076-889a-301bbda35a26,Julian Bunetta,4757df70-6c3e-46b8-99c0-a68644595c9a,Julia Michaels,1,Good Graces
c5ce487b-0462-444e-a184-4de0fef7e028,Julian Casablancas,a0498514-c21c-4e85-8dbf-a1b92374a06b,"Albert Hammond, Jr.",1,Automatic Stop
e0140a67-e4d1-4f13-8a01-364355bee46e,Justin Bieber,a3299ed0-5b7d-48e6-9425-23a3d51d7660,Axident,1,Company
e0140a67-e4d1-4f13-8a01-364355bee46e,Justin Bieber,6602cab2-65b5-4341-99c5-b05fa897f256,Big Taste,1,Company
e0140a67-e4d1-4f13-8a01-364355bee46e,Justin Bieber,dd954cc1-402f-4f23-91b4-ffa3b1e3b142,BloodPop®,1,Sorry
e0140a67-e4d1-4f13-8a01-364355bee46e,Justin Bieber,373a4c98-a46b-48e4-86ec-f6ca65b4f438,Chance the Rapper,1,Confident
e0140a67-e4d1-4f13-8a01-364355bee46e,Justin Bieber,bf69e201-840b-4d6d-a02a-dbb2f1f3bc57,Christine Flores,1,Baby
e0140a67-e4d1-4f13-8a01-364355bee46e,Justin Bieber,6f693bc7-2f9d-437a-808f-ec7c796fcff4,Christopher Stewart,1,Baby
e0140a67-e4d1-4f13-8a01-364355bee46e,Justin Bieber,b8a7c51f-362c-4dcb-a259-bc6e0095f0a6,Ed Sheeran,1,Love Yourself
e0140a67-e4d1-4f13-8a01-364355bee46e,Justin Bieber,9aa49339-9a90-44b2-bd6d-e7c4e5fd4a40,Heather Bright,1,Somebody to Love
e0140a67-e4d1-4f13-8a01-364355bee46e,Justin Bieber,5bb2ca9b-4862-4770-bc64-ceab41d13f5b,JHart,1,Company
e0140a67-e4d1-4f13-8a01-364355bee46e,Justin Bieber,654256b0-efd2-465a-b491-2937ba8f8080,James Wong,1,Company
e0140a67-e4d1-4f13-8a01-364355bee46e,Justin Bieber,bb3882be-ca2e-4a93-b077-0f9792482964,Jeremy Reeves,1,Somebody to Love
e0140a67-e4d1-4f13-8a01-364355bee46e,Justin Bieber,2bd8101a-11c3-42d5-a9bd-6a3b26445f7e,Jon Bellion,1,Ghost
e0140a67-e4d1-4f13-8a01-364355bee46e,Justin Bieber,104c4233-f393-4ce9-a9f4-cd9f84426925,Jonathan Yip,1,Somebody to Love
e0140a67-e4d1-4f13-8a01-364355bee46e,Justin Bieber,fa7b0a1f-f8c0-435a-a2bd-74dccf7c0055,Jordan Johnson,1,Ghost
e0140a67-e4d1-4f13-8a01-364355bee46e,Justin Bieber,38fbbbdf-90be-4fd3-a2d2-9ae29a9a81b3,Justin Tranter,1,Sorry
e0140a67-e4d1-4f13-8a01-364355bee46e,Justin Bieber,c0367e31-dc3a-4f5e-9d24-0e3af39a8704,Louis Bell,1,Ghost
e0140a67-e4d1-4f13-8a01-364355bee46e,Justin Bieber,0638ba22-040f-438d-83a5-9b670c4adaf5,Ludacris,1,Baby
e0140a67-e4d1-4f13-8a01-364355bee46e,Justin Bieber,47010115-1e5e-46b5-bea4-4dd4a29fb0ab,MdL,1,Boyfriend
e0140a67-e4d1-4f13-8a01-364355bee46e,Justin Bieber,76c5e552-688e-4e9d-afa0-36e77526495a,Michael Pollack,1,Ghost
e0140a67-e4d1-4f13-8a01-364355bee46e,Justin Bieber,5b64e344-b2fb-47bd-bd7b-4c793b17d472,Mike Posner,1,Boyfriend
e0140a67-e4d1-4f13-8a01-364355bee46e,Justin Bieber,d70f46f1-78a7-40d6-9961-80e9d6d92c71,Ray Romulus,1,Somebody to Love
e0140a67-e4d1-4f13-8a01-364355bee46e,Justin Bieber,ae002c5d-aac6-490b-a39a-30aa9e2edf2b,Skrillex,1,Sorry
e0140a67-e4d1-4f13-8a01-364355bee46e,Justin Bieber,78d79dee-dafa-417e-a4ca-b8c419bbee31,Soundz,1,Confident
e0140a67-e4d1-4f13-8a01-364355bee46e,Justin Bieber,4744de58-e37d-49cb-bf95-c07a2effe462,Stefan Johnson,1,Ghost
e0140a67-e4d1-4f13-8a01-364355bee46e,Justin Bieber,66a4b9d2-d5a6-40b8-93d5-0bdd1dbb4b43,The‐Dream,1,Baby
e0140a67-e4d1-4f13-8a01-364355bee46e,Justin Bieber,af6be531-7ff5-404c-b3ec-34db5c6bc4a0,Thomas Troelsen,1,Company
e0140a67-e4d1-4f13-8a01-364355bee46e,Justin Bieber,8fc4ce76-5b0c-4b2c-b642-08fd07911dc0,Verse Simmonds,1,Confident
e0140a67-e4d1-4f13-8a01-364355bee46e,Justin Bieber,5a6131f9-f8db-4722-b4d7-6a0c7183c590,benny blanco,1,Love Yourself
e0140a67-e4d1-4f13-8a01-364355bee46e,Justin Bieber,e07d9474-00ea-4460-ac27-88b46b3d976e,blackbear,1,Boyfriend
da6f7332-8b68-4faa-97e0-72fbdba8c8be,Justin Parker,5ba0d2e1-06b0-47a0-a68b-76a1afc8b790,The Nexus,1,National Anthem
596ffa74-3d08-44ef-b113-765d43d12738,Justin Timberlake,8ec64b80-cd1c-4acc-bc14-0fb9ad96f7dd,Chris Godbey,1,Mirrors
596ffa74-3d08-44ef-b113-765d43d12738,Justin Timberlake,d18fb067-8de5-4a50-9a20-5cc1c7393fbb,J‐Roc,1,Mirrors
596ffa74-3d08-44ef-b113-765d43d12738,Justin Timberlake,13655113-cd16-4b43-9dca-cadbbf26ee05,Nelly Furtado,1,"CAN'T STOP THE FEELING! (From DreamWorks Animation's ""Trolls"")"
596ffa74-3d08-44ef-b113-765d43d12738,Justin Timberlake,75e7ce0c-e3d6-4a61-9630-ce3d04a7a8e2,Sebastian,1,Mirrors
596ffa74-3d08-44ef-b113-765d43d12738,Justin Timberlake,f7ba7fbe-c6bd-4ac0-bee9-c25c558d7d62,T.I.,1,My Love
596ffa74-3d08-44ef-b113-765d43d12738,Justin Timberlake,fcb83b19-56fb-441b-b3b6-7c4690583252,Timothy Clayton,1,"CAN'T STOP THE FEELING! (From DreamWorks Animation's ""Trolls"")"
38fbbbdf-90be-4fd3-a2d2-9ae29a9a81b3,Justin Tranter,7eb91dfa-a66c-4dfa-acb8-e510c6d3429b,Amanda Ibanez,1,Mean Girls
38fbbbdf-90be-4fd3-a2d2-9ae29a9a81b3,Justin Tranter,9946ee92-71d5-4769-9400-443d54f4acd2,Brandon Colbein,1,Hard Out Here.
38fbbbdf-90be-4fd3-a2d2-9ae29a9a81b3,Justin Tranter,ae020a44-6c07-4221-a1a1-d30ffb39e3d6,Daniel Crean,1,Mean Girls
38fbbbdf-90be-4fd3-a2d2-9ae29a9a81b3,Justin Tranter,b61e2b15-53e4-45d6-9b9e-62c65f36c2ca,Mike Sabath,1,Hard Out Here.
38fbbbdf-90be-4fd3-a2d2-9ae29a9a81b3,Justin Tranter,8be564c3-dfba-440b-af8c-4ffbceeef45e,RAYE,1,Hard Out Here.
38fbbbdf-90be-4fd3-a2d2-9ae29a9a81b3,Justin Tranter,3f1a9767-627b-4fa1-a0dc-01d83b0c2576,Sam Homaee,1,Mean Girls
0f1d5b01-8784-4870-9bd6-fa43178b9441,Justin Vernon,ed41b7f0-5b39-433a-9274-f06d19e724a3,Wheezy,1,MY EYES
d18fb067-8de5-4a50-9a20-5cc1c7393fbb,J‐Roc,75e7ce0c-e3d6-4a61-9630-ce3d04a7a8e2,Sebastian,1,Mirrors
6256d2b2-7515-4986-b27c-af533758a156,K Camp,ba0ff1f1-04f6-4168-96a1-24d5c478f925,Bobby Turner,1,Sanguine Paradise
6256d2b2-7515-4986-b27c-af533758a156,K Camp,12d0b300-61e3-4910-9177-31557a5c873e,Oogie Mane,1,Sanguine Paradise
9f3576a9-ef8d-44d2-bd05-0c3ce1ea691d,Kaan Gunesberk,b1e26560-60e5-4236-bbdb-9aa5a8d5ee19,Post Malone,1,Circles
d0c7656d-8169-4f77-9dbe-b8f24e40105d,Kali Uchis,74c9dc4a-254b-4699-8710-7ca3fd993976,Josh Crocker,1,Love Between...
d0c7656d-8169-4f77-9dbe-b8f24e40105d,Kali Uchis,03d20f4c-6e5a-48e5-8857-7a439d58506e,Leon Moore,1,Love Between...
34bfcd5d-a76d-4b31-8022-b5ac04d5801b,Karl Bartos,e47b4862-a587-488f-b7a7-bd329726693d,Emil Schult,1,Talk
34bfcd5d-a76d-4b31-8022-b5ac04d5801b,Karl Bartos,da3f4766-628e-4da3-a871-014728993157,Ralf Hütter,1,Talk
05de4cde-ba6e-4be8-a8fb-0aa4f6c56df8,Karl Hyde,ad5ed770-c776-42fe-affb-3c462e000f6d,Rick Smith,1,Illegal
122d63fc-8671-43e4-9752-34e846d62a9c,Katy Perry,980a87e4-3532-49ea-bbda-bd691cc193ad,Ammo,1,E.T.
122d63fc-8671-43e4-9752-34e846d62a9c,Katy Perry,cf3bab56-feda-41ec-9aef-a9a31b1ad97e,Andreas Carlsson,1,Waking Up in Vegas
122d63fc-8671-43e4-9752-34e846d62a9c,Katy Perry,965f5705-6eb1-49a1-b312-cd3d65bcc7c9,Calvin Broadus,1,California Gurls
122d63fc-8671-43e4-9752-34e846d62a9c,Katy Perry,c981b771-e3d8-4709-bf00-3b3ce479b675,Desmond Child,1,Waking Up in Vegas
122d63fc-8671-43e4-9752-34e846d62a9c,Katy Perry,c45d161f-83ce-4464-ba41-44202e6916d9,Juicy J,1,Dark Horse
122d63fc-8671-43e4-9752-34e846d62a9c,Katy Perry,0c460d4e-075a-4e89-8c93-f0b0aa4f8e54,Sarah Hudson,1,Dark Horse
80220af9-de83-4494-b23d-b1f8de1293e1,Kawan “KP” Prather,149f91ef-1287-46da-9a8e-87fee02f1471,Pharrell Williams,1,Alright
381086ea-f511-4aba-bdf9-71c753dc5077,Kendrick Lamar,196a957a-5ce9-462b-a216-97b37021880c,Ahmad,1,King Kunta
381086ea-f511-4aba-bdf9-71c753dc5077,Kendrick Lamar,21dce87c-0f36-4c81-abbf-e7d2c152d65f,Anna Wise,1,PRIDE.
381086ea-f511-4aba-bdf9-71c753dc5077,Kendrick Lamar,0b1b3996-d4e5-4b04-986c-340d57ae8d3b,Anthony Tiffith,1,PRIDE.
381086ea-f511-4aba-bdf9-71c753dc5077,Kendrick Lamar,81d12ca7-5b89-4d21-8736-860b7400b4eb,Baby Keem,1,N95
381086ea-f511-4aba-bdf9-71c753dc5077,Kendrick Lamar,99d40e84-b385-4185-a309-7c5d29b9c612,Boi‐1da,1,N95
381086ea-f511-4aba-bdf9-71c753dc5077,Kendrick Lamar,3a67cda4-4363-4d05-84e5-0d6f22c2f7ac,Brock Korsan,1,goosebumps
381086ea-f511-4aba-bdf9-71c753dc5077,Kendrick Lamar,551d0bb3-984d-4c9d-b9fb-1fe5d5e94ec7,Cardo,1,goosebumps
381086ea-f511-4aba-bdf9-71c753dc5077,Kendrick Lamar,7c8278d1-f605-4879-a213-a5e89f785501,Duval Timothy,1,United in Grief
381086ea-f511-4aba-bdf9-71c753dc5077,Kendrick Lamar,fc7f4897-7cd7-4211-adb2-4028fd76fec3,J.LBS,1,United in Grief
381086ea-f511-4aba-bdf9-71c753dc5077,Kendrick Lamar,ec2bd845-a9bb-4bce-bd0e-79ad49d89251,Jahaan Sweet,1,N95
381086ea-f511-4aba-bdf9-71c753dc5077,Kendrick Lamar,3c63968c-7a45-49f7-b099-a3ce7781df6a,Jake Kosich,1,United in Grief
381086ea-f511-4aba-bdf9-71c753dc5077,Kendrick Lamar,03db641f-0028-4c7e-bfb3-2e53523646c3,Johnny Burns,1,King Kunta
381086ea-f511-4aba-bdf9-71c753dc5077,Kendrick Lamar,4dee5280-e4dc-4e6f-88b6-b93e371aba20,Johnny Kosich,1,United in Grief
381086ea-f511-4aba-bdf9-71c753dc5077,Kendrick Lamar,80220af9-de83-4494-b23d-b1f8de1293e1,Kawan “KP” Prather,1,Alright
381086ea-f511-4aba-bdf9-71c753dc5077,Kendrick Lamar,2a11b7c9-12d6-495d-a577-7412dd1f7aca,Kevin Gomringer,1,goosebumps
381086ea-f511-4aba-bdf9-71c753dc5077,Kendrick Lamar,4929f1b6-f7a7-469a-98f0-f30ecf83463d,Matt Schaeffer,1,United in Grief
381086ea-f511-4aba-bdf9-71c753dc5077,Kendrick Lamar,f27ec8db-af05-4f36-916e-3d57f91ecf5e,Michael Jackson,1,King Kunta
381086ea-f511-4aba-bdf9-71c753dc5077,Kendrick Lamar,0612bcce-e351-40be-b3d7-2bb5e1c23479,Mustard,1,Not Like Us
381086ea-f511-4aba-bdf9-71c753dc5077,Kendrick Lamar,149f91ef-1287-46da-9a8e-87fee02f1471,Pharrell Williams,1,Alright
381086ea-f511-4aba-bdf9-71c753dc5077,Kendrick Lamar,92781466-f1a9-4ffc-9143-d65a2c77fd64,Redfoo,1,King Kunta
381086ea-f511-4aba-bdf9-71c753dc5077,Kendrick Lamar,b29020d6-5dbf-4c99-b16f-c009f8a712ff,Steve Lacy,1,PRIDE.
381086ea-f511-4aba-bdf9-71c753dc5077,Kendrick Lamar,044fd265-79dd-43eb-afc4-8b20becf7e17,Thundercat,1,King Kunta
381086ea-f511-4aba-bdf9-71c753dc5077,Kendrick Lamar,ba991ec6-049b-479f-9020-be2a84dc1473,Tim Gomringer,1,goosebumps
381086ea-f511-4aba-bdf9-71c753dc5077,Kendrick Lamar,bd70955f-18b0-48b5-abe0-9e66b552598d,Tim Maxey,1,United in Grief
381086ea-f511-4aba-bdf9-71c753dc5077,Kendrick Lamar,e4a51f17-a57b-47b1-b37b-f552d0f8e9e6,Travis Scott,1,goosebumps
381086ea-f511-4aba-bdf9-71c753dc5077,Kendrick Lamar,547893bd-96ed-4bc2-ab2d-7e3c0f81f431,Yung Exclusive,1,goosebumps
3849b83b-eb79-4f58-9631-ed870528e53a,Kenneth Whalum III,599fa573-8816-4dbe-8439-2f4d486ffb8e,Nice Rec,1,Ladders
3849b83b-eb79-4f58-9631-ed870528e53a,Kenneth Whalum III,2c66dc7e-785c-4789-ab91-cee7a5b2aab6,Pomo,1,Ladders
2a11b7c9-12d6-495d-a577-7412dd1f7aca,Kevin Gomringer,d5ee9a6f-8e10-47e7-bca7-7e3f82aad769,Ali Shaheed Muhammad,1,SICKO MODE
2a11b7c9-12d6-495d-a577-7412dd1f7aca,Kevin Gomringer,3a67cda4-4363-4d05-84e5-0d6f22c2f7ac,Brock Korsan,1,goosebumps
2a11b7c9-12d6-495d-a577-7412dd1f7aca,Kevin Gomringer,10a9ff92-9637-4498-afea-7044b2ab0dc0,Busta Rhymes,1,SICKO MODE
2a11b7c9-12d6-495d-a577-7412dd1f7aca,Kevin Gomringer,76cc2b96-b065-450c-a366-3420f50341b7,Charlie Brown,1,SICKO MODE
2a11b7c9-12d6-495d-a577-7412dd1f7aca,Kevin Gomringer,a8fcf2f0-5b1f-4dd3-9e8a-fd8dff96552a,Chylow Parker,1,SICKO MODE
2a11b7c9-12d6-495d-a577-7412dd1f7aca,Kevin Gomringer,6a9e461c-e3c5-4794-a203-98a15daea2df,Cyhi the Prynce,1,SICKO MODE
2a11b7c9-12d6-495d-a577-7412dd1f7aca,Kevin Gomringer,084e06f5-3c82-4b71-bd94-dd69e7bd515e,DJ Premier,1,SICKO MODE
2a11b7c9-12d6-495d-a577-7412dd1f7aca,Kevin Gomringer,df78c5ab-5a5c-4875-af18-75151fcd2b44,Dinco D,1,SICKO MODE
2a11b7c9-12d6-495d-a577-7412dd1f7aca,Kevin Gomringer,ddac1a2e-3fb5-4af6-adf0-f6008c7ddfb5,Easy Mo Bee,1,SICKO MODE
2a11b7c9-12d6-495d-a577-7412dd1f7aca,Kevin Gomringer,646942bd-dc4c-42f0-b6a2-683821ebd5ca,Fredro Starr,1,SICKO MODE
2a11b7c9-12d6-495d-a577-7412dd1f7aca,Kevin Gomringer,215c6ab2-7888-4061-bd56-9fb650328106,Guru,1,SICKO MODE
2a11b7c9-12d6-495d-a577-7412dd1f7aca,Kevin Gomringer,1e8b3e4f-83c3-4b30-afa0-220363a7df5a,H.A.W.K.,1,SICKO MODE
2a11b7c9-12d6-495d-a577-7412dd1f7aca,Kevin Gomringer,43c1447a-6292-44e3-b66a-eb0337768170,Harry Wayne Casey,1,SICKO MODE
2a11b7c9-12d6-495d-a577-7412dd1f7aca,Kevin Gomringer,bf314a8f-5dc6-4dc5-8819-d25b4cc38164,Hit‐Boy,1,SICKO MODE
2a11b7c9-12d6-495d-a577-7412dd1f7aca,Kevin Gomringer,b997f5fa-a728-407f-ba2d-4c43c7d883fd,Luke,1,SICKO MODE
2a11b7c9-12d6-495d-a577-7412dd1f7aca,Kevin Gomringer,73e36439-1e9a-4925-bf2c-1d7f7885fbb0,Mike Dean,1,SICKO MODE
2a11b7c9-12d6-495d-a577-7412dd1f7aca,Kevin Gomringer,05a89764-2383-4508-a747-1cf290707326,Mirsad Dervic,1,SICKO MODE
2a11b7c9-12d6-495d-a577-7412dd1f7aca,Kevin Gomringer,d9f3f7ca-9963-45c5-85b3-81f306614ff8,Phife Dawg,1,SICKO MODE
2a11b7c9-12d6-495d-a577-7412dd1f7aca,Kevin Gomringer,b3c94036-6166-41d2-91a2-dc3a0b5fa188,Q‐Tip,1,SICKO MODE
2a11b7c9-12d6-495d-a577-7412dd1f7aca,Kevin Gomringer,6754c93a-3ed2-415f-b75e-2fd743f11391,Richard Finch,1,SICKO MODE
2a11b7c9-12d6-495d-a577-7412dd1f7aca,Kevin Gomringer,b6211627-0089-4142-b7d1-57d56d1def42,Rogét Chahayed,1,SICKO MODE
2a11b7c9-12d6-495d-a577-7412dd1f7aca,Kevin Gomringer,dd10cfe1-ced1-49f1-92cf-ac33265dc274,Sticky Fingaz,1,SICKO MODE
2a11b7c9-12d6-495d-a577-7412dd1f7aca,Kevin Gomringer,a17ce9c3-8f6f-4dcc-a1b7-2a04ab9e31f0,Swae Lee,1,SICKO MODE
2a11b7c9-12d6-495d-a577-7412dd1f7aca,Kevin Gomringer,e5d70460-7057-4cbe-9c07-11ca2dac975c,Tay Keith,1,SICKO MODE
2a11b7c9-12d6-495d-a577-7412dd1f7aca,Kevin Gomringer,d5d97b2b-b83b-4976-814a-056d9076c8c3,The Notorious B.I.G.,1,SICKO MODE
2a11b7c9-12d6-495d-a577-7412dd1f7aca,Kevin Gomringer,f02e98c4-a0fa-4c02-ac0a-587f4319ac87,Tyrone Taylor,1,SICKO MODE
2a11b7c9-12d6-495d-a577-7412dd1f7aca,Kevin Gomringer,547893bd-96ed-4bc2-ab2d-7e3c0f81f431,Yung Exclusive,1,goosebumps
2c418d76-0069-4bb5-bd13-bed68da3ba25,Khaled Rohaim,e96edb5d-52c3-4ba9-8097-9a4e8c5e2f88,Starrah,1,Needed Me
2c418d76-0069-4bb5-bd13-bed68da3ba25,Khaled Rohaim,71d60de7-3d25-41f8-8f37-85df06f235f7,Te Whiti Warbrick,1,Needed Me
710d8ffa-749f-41e8-8eb7-5f82b28e13f1,Khristopher Riddick‐Tynes,412ff65d-26bf-4849-ba19-d2a58030fd1a,Leon Thomas,1,Snooze
81eb1203-49fa-456b-b138-41193ab179b1,Khujo Goodie,c1a1cc79-fe57-4b82-a7e1-402ab6492685,Ray Murray,1,5% TINT
81eb1203-49fa-456b-b138-41193ab179b1,Khujo Goodie,061e1620-bdf8-40e6-b9d1-0b403c27a1e8,Rico Wade,1,5% TINT
81eb1203-49fa-456b-b138-41193ab179b1,Khujo Goodie,b60ee7a4-1f2d-4df7-aecc-b1b35fd32bf4,T‐Mo,1,5% TINT
7b98b4c7-37e2-4dd0-9290-7312c55aa8da,Kid Harpoon,88798869-338b-418e-9c47-97365444b734,Florence Welch,1,Sweet Nothing
24517512-99c2-46cc-8b95-12759fd681aa,Killah B,65a0b797-73ce-435e-9f8a-7b10d0b7136c,London on da Track,1,positions
24517512-99c2-46cc-8b95-12759fd681aa,Killah B,4ec8df82-bbdc-43da-bdba-8f1c8d290657,Mr. Franks,1,positions
24517512-99c2-46cc-8b95-12759fd681aa,Killah B,1f9e0b09-9f29-48e7-a187-3c3335e14e0d,Nija,1,positions
2bfdb8f3-5688-4a85-9f84-88f5e840e485,Kobe Hood,7905f974-c899-4112-a029-a2789f1d2df8,Buddy Ross,1,I KNOW ?
2bfdb8f3-5688-4a85-9f84-88f5e840e485,Kobe Hood,0fc41593-dc2e-45ab-994e-c0f274198541,OZ,1,I KNOW ?
daadbdd4-1773-4ff2-abcf-9ee5dac7fda3,LVC,ade7ff78-ccb3-4866-8e44-cba2114b0e3b,Dylan Reznick,1,Fashion Killa
08f6e184-8da3-4715-a299-33e278087082,LaShawn Daniels,d863e16e-8811-4182-a168-4d85da239d79,Cory Rooney,1,Teenage Fever
08f6e184-8da3-4715-a299-33e278087082,LaShawn Daniels,9fff2f8a-21e6-47de-a2b8-7f449929d43f,Drake,1,Teenage Fever
08f6e184-8da3-4715-a299-33e278087082,LaShawn Daniels,bc37c604-a619-4ca8-a0f2-44ae1e2c8cc2,Fred Jerkins,1,Teenage Fever
08f6e184-8da3-4715-a299-33e278087082,LaShawn Daniels,f0602f55-1770-483d-89bd-4bae0d0ac086,Jennifer Lopez,1,Teenage Fever
08f6e184-8da3-4715-a299-33e278087082,LaShawn Daniels,a22e2535-d53b-499f-b351-dab387d67d5a,Lazonate Franklin,1,Telephone
08f6e184-8da3-4715-a299-33e278087082,LaShawn Daniels,c8ff30ec-f29e-4a4e-b46e-ec64fa90f3c1,"Marvin ""Hagler"" Thomas",1,Teenage Fever
650e7db6-b795-4eb5-a702-5ea2fc46c848,Lady Gaga,1138a764-2212-4d0a-b02d-0dc14df91e08,Akon,1,Just Dance
650e7db6-b795-4eb5-a702-5ea2fc46c848,Lady Gaga,00136dd9-1047-4999-af1f-d709c5fa09f9,Andrew Watt,1,Die with a Smile
650e7db6-b795-4eb5-a702-5ea2fc46c848,Lady Gaga,dec25a42-9dcf-4ee9-a07c-d2ed7bbb557b,Arias,1,Applause
650e7db6-b795-4eb5-a702-5ea2fc46c848,Lady Gaga,859d0860-d480-4efd-970c-c05d5f1776b8,Beyoncé,1,Telephone
650e7db6-b795-4eb5-a702-5ea2fc46c848,Lady Gaga,afb680f2-b6eb-4cd7-a70b-a63b25c763d5,Bruno Mars,1,Die with a Smile
650e7db6-b795-4eb5-a702-5ea2fc46c848,Lady Gaga,31445b1e-96f3-4c7f-84ec-dd02e647e690,DJ Snake,1,Applause
650e7db6-b795-4eb5-a702-5ea2fc46c848,Lady Gaga,cb3391cd-4933-47d6-acd3-4b81cf6f2ff5,Dino Zisis,1,Applause
650e7db6-b795-4eb5-a702-5ea2fc46c848,Lady Gaga,5b1b48f6-9d07-46b2-aea2-995ab94a4ab3,D’Mile,1,Die with a Smile
650e7db6-b795-4eb5-a702-5ea2fc46c848,Lady Gaga,4e481ad9-aa5d-4a1a-b2fc-444c0ad48b7e,James Fauntleroy,1,Die with a Smile
650e7db6-b795-4eb5-a702-5ea2fc46c848,Lady Gaga,08f6e184-8da3-4715-a299-33e278087082,LaShawn Daniels,1,Telephone
650e7db6-b795-4eb5-a702-5ea2fc46c848,Lady Gaga,a22e2535-d53b-499f-b351-dab387d67d5a,Lazonate Franklin,1,Telephone
650e7db6-b795-4eb5-a702-5ea2fc46c848,Lady Gaga,7fcbd5bc-738b-4c0d-a837-8dcefaefbb75,Martin Bresso,1,Applause
650e7db6-b795-4eb5-a702-5ea2fc46c848,Lady Gaga,3133f196-41e5-4538-a435-9ad16afb3d66,Mercer,1,Applause
650e7db6-b795-4eb5-a702-5ea2fc46c848,Lady Gaga,cf32cd72-76ee-4a2e-822d-ea675449227f,Nick Monson,1,Applause
650e7db6-b795-4eb5-a702-5ea2fc46c848,Lady Gaga,fe06a5aa-2be7-468d-823e-94b8de490980,Rob Fusari,1,Paparazzi
650e7db6-b795-4eb5-a702-5ea2fc46c848,Lady Gaga,5c882e22-3467-4cc3-8c77-6595288f3b39,Rodney Jerkins,1,Telephone
650e7db6-b795-4eb5-a702-5ea2fc46c848,Lady Gaga,92f29d03-1d89-42a6-9ea7-ed17bc5d6dc1,Space Cowboy,1,Monster
b7539c32-53e7-4908-bda3-81449c367da6,Lana Del Rey,39f8268a-6149-440d-8056-d8268d8d6a13,Barrie‐James,1,Brooklyn Baby
b7539c32-53e7-4908-bda3-81449c367da6,Lana Del Rey,d6f3c7d7-3c95-4bf6-8647-0efeec36d704,Emile Haynie,1,Blue Jeans
b7539c32-53e7-4908-bda3-81449c367da6,Lana Del Rey,1155a7a9-a7b4-46ba-ba27-6b6c98be487e,Jack Antonoff,1,Cinnamon Girl
b7539c32-53e7-4908-bda3-81449c367da6,Lana Del Rey,dc99e6fd-c710-4f79-b74b-127b4d0b7849,Labrinth,1,Stargirl Interlude
b7539c32-53e7-4908-bda3-81449c367da6,Lana Del Rey,bb7e05c3-abdd-4c3b-a6a7-207a05390497,Mike Daly,1,Diet Mountain Dew
b7539c32-53e7-4908-bda3-81449c367da6,Lana Del Rey,5ba0d2e1-06b0-47a0-a68b-76a1afc8b790,The Nexus,1,National Anthem
f8d0ee60-c35e-4cb3-becf-674c3673ac4a,Lauren Pritchard,9f41f18b-23b2-4052-af25-0664dbfc9085,Dan Wilson,1,Emperor's New Clothes
f8d0ee60-c35e-4cb3-becf-674c3673ac4a,Lauren Pritchard,e24bca91-8106-464a-bc42-757f1ab24af3,Jenny Owen Youngs,1,High Hopes
f8d0ee60-c35e-4cb3-becf-674c3673ac4a,Lauren Pritchard,ba1ba43e-80a8-4471-8d02-c31453f4aa88,Morgan Kibby,1,House of Memories
e8414012-4a1c-4ad4-be5e-fc55294e28cc,Lauryn Hill,a6b90dc0-e22e-44e1-890b-87900bd9aca6,Inspectah Deck,1,Nice for What
e8414012-4a1c-4ad4-be5e-fc55294e28cc,Lauryn Hill,aa825996-e5c8-4b90-ab48-b973b82384ed,Loon,1,Nice for What
e8414012-4a1c-4ad4-be5e-fc55294e28cc,Lauryn Hill,34dc70df-8b2c-4bb0-a132-0958671a509c,Mannie Fresh,1,Nice for What
e8414012-4a1c-4ad4-be5e-fc55294e28cc,Lauryn Hill,94dbfe2e-ca48-4e08-a5a8-e1e74136c63d,Method Man,1,Nice for What
e8414012-4a1c-4ad4-be5e-fc55294e28cc,Lauryn Hill,91376b53-c37d-4eed-ac24-63d167af6885,Murda Beatz,1,Nice for What
e8414012-4a1c-4ad4-be5e-fc55294e28cc,Lauryn Hill,d50548a0-3cfd-4d7a-964b-0aef6545d819,Ol’ Dirty Bastard,1,Nice for What
e8414012-4a1c-4ad4-be5e-fc55294e28cc,Lauryn Hill,07d7350e-e03e-470d-8c32-bf4d8013d27a,Phillip Glen Price,1,Nice for What
e8414012-4a1c-4ad4-be5e-fc55294e28cc,Lauryn Hill,29c28ac3-27c5-4822-8eb6-0af89a3a7240,RZA,1,Nice for What
e8414012-4a1c-4ad4-be5e-fc55294e28cc,Lauryn Hill,4e954b02-fae2-4bd7-9547-e055a6ac0527,Raekwon,1,Nice for What
e8414012-4a1c-4ad4-be5e-fc55294e28cc,Lauryn Hill,29edaca5-7e7d-4391-b137-ff1c94a4d262,U‐God,1,Nice for What
a22e2535-d53b-499f-b351-dab387d67d5a,Lazonate Franklin,5c882e22-3467-4cc3-8c77-6595288f3b39,Rodney Jerkins,1,Telephone
091e2b4f-1e60-408c-9ee2-06440cdb8846,Leland,610b71d9-fa78-47d6-9073-083922e73840,Addison Rae,1,I got it bad
e99e2c02-0ca7-4687-897c-efedbe5b98c2,Leon Michels,1b3e92d4-1c68-412d-a92d-1172f24f7de3,Aqualung,1,Lady Lady
e99e2c02-0ca7-4687-897c-efedbe5b98c2,Leon Michels,030b7a5b-cfbe-43a1-a05a-392ea95bde00,Dylan Nowik,1,Slow Dance
e99e2c02-0ca7-4687-897c-efedbe5b98c2,Leon Michels,15e0d608-0869-429b-898d-3d8db3ecedd5,Olivia Dean,1,Lady Lady
c0311388-9e7e-4e4e-8906-b76d1ec3ab3c,Lewis One,5543cd43-6c21-4919-9395-a0945ade5364,Derrus Rachel,1,Needed Me
c0311388-9e7e-4e4e-8906-b76d1ec3ab3c,Lewis One,2c418d76-0069-4bb5-bd13-bed68da3ba25,Khaled Rohaim,1,Needed Me
c0311388-9e7e-4e4e-8906-b76d1ec3ab3c,Lewis One,e96edb5d-52c3-4ba9-8097-9a4e8c5e2f88,Starrah,1,Needed Me
c0311388-9e7e-4e4e-8906-b76d1ec3ab3c,Lewis One,71d60de7-3d25-41f8-8f37-85df06f235f7,Te Whiti Warbrick,1,Needed Me
8837b875-3689-4646-b3fd-d8b53815c7a8,Lil Uzi Vert,ba0ff1f1-04f6-4168-96a1-24d5c478f925,Bobby Turner,1,Sanguine Paradise
8837b875-3689-4646-b3fd-d8b53815c7a8,Lil Uzi Vert,3aa85724-c3f5-4781-bed6-82b86b373f42,Brandon Finessin,1,Baby Pluto
8837b875-3689-4646-b3fd-d8b53815c7a8,Lil Uzi Vert,e8d26c70-db22-4c97-906d-3b2c995765d1,Bryan Simmons,1,XO TOUR Llif3
8837b875-3689-4646-b3fd-d8b53815c7a8,Lil Uzi Vert,8cd5d4c0-760a-43a0-af38-e56a39389bf6,Cousin Vinny,1,Baby Pluto
8837b875-3689-4646-b3fd-d8b53815c7a8,Lil Uzi Vert,d4270a65-845d-42ce-a893-f96d5adc146d,Harold Harper,1,Flooded the Face
8837b875-3689-4646-b3fd-d8b53815c7a8,Lil Uzi Vert,4be471f1-6c4e-4ce7-a2c6-fd97c11d4469,Honorable C.N.O.T.E.,1,20 Min
8837b875-3689-4646-b3fd-d8b53815c7a8,Lil Uzi Vert,e203d38a-ba34-462e-86da-cd1b3d7a6095,Ike Beatz,1,Baby Pluto
8837b875-3689-4646-b3fd-d8b53815c7a8,Lil Uzi Vert,6db04284-b73b-44fa-ba11-7f35f6068417,JW Lucas,1,XO TOUR Llif3
8837b875-3689-4646-b3fd-d8b53815c7a8,Lil Uzi Vert,6256d2b2-7515-4986-b27c-af533758a156,K Camp,1,Sanguine Paradise
8837b875-3689-4646-b3fd-d8b53815c7a8,Lil Uzi Vert,d91171dd-a6a8-4b52-961d-ef522ec3cfef,MCVertt,1,Just Wanna Rock
8837b875-3689-4646-b3fd-d8b53815c7a8,Lil Uzi Vert,15bcee16-f294-4178-9338-34952f91aa85,Mychael Graves,1,Sanguine Paradise
8837b875-3689-4646-b3fd-d8b53815c7a8,Lil Uzi Vert,12d0b300-61e3-4910-9177-31557a5c873e,Oogie Mane,1,Sanguine Paradise
8837b875-3689-4646-b3fd-d8b53815c7a8,Lil Uzi Vert,fff1662d-cfa5-437c-a314-462c96eb8c3e,Robert Amos Remming,1,Flooded the Face
8837b875-3689-4646-b3fd-d8b53815c7a8,Lil Uzi Vert,04679a32-8e33-477e-8faa-888e888c4ed2,Supah Mario,1,Silly Watch
8837b875-3689-4646-b3fd-d8b53815c7a8,Lil Uzi Vert,484a195a-b469-490c-848d-e2ca5e4e4f38,Synthetic,1,Just Wanna Rock
a9b83772-cb9d-45a8-91d4-abb2e720c533,Linden Jay,7520db17-fd87-443a-a688-50d00c1b9893,Aynzli Jones,1,Woman
a9b83772-cb9d-45a8-91d4-abb2e720c533,Linden Jay,2bb9df33-7510-437f-8868-801ce21d6a69,Jidenna,1,Woman
a9b83772-cb9d-45a8-91d4-abb2e720c533,Linden Jay,590d7956-6025-4b2f-a62a-2f57e4ac2747,Yeti Beats,1,Woman
e67ae23b-80ee-4a68-bdd6-6da243f164db,London Cyr,b432152b-ab35-40eb-916b-dc8d1559046b,WondaGurl,1,CAN'T SAY
65a0b797-73ce-435e-9f8a-7b10d0b7136c,London on da Track,4ec8df82-bbdc-43da-bdba-8f1c8d290657,Mr. Franks,1,positions
65a0b797-73ce-435e-9f8a-7b10d0b7136c,London on da Track,1f9e0b09-9f29-48e7-a187-3c3335e14e0d,Nija,1,positions
aa825996-e5c8-4b90-ab48-b973b82384ed,Loon,34dc70df-8b2c-4bb0-a132-0958671a509c,Mannie Fresh,1,Nice for What
aa825996-e5c8-4b90-ab48-b973b82384ed,Loon,94dbfe2e-ca48-4e08-a5a8-e1e74136c63d,Method Man,1,Nice for What
aa825996-e5c8-4b90-ab48-b973b82384ed,Loon,91376b53-c37d-4eed-ac24-63d167af6885,Murda Beatz,1,Nice for What
aa825996-e5c8-4b90-ab48-b973b82384ed,Loon,d50548a0-3cfd-4d7a-964b-0aef6545d819,Ol’ Dirty Bastard,1,Nice for What
aa825996-e5c8-4b90-ab48-b973b82384ed,Loon,07d7350e-e03e-470d-8c32-bf4d8013d27a,Phillip Glen Price,1,Nice for What
aa825996-e5c8-4b90-ab48-b973b82384ed,Loon,29c28ac3-27c5-4822-8eb6-0af89a3a7240,RZA,1,Nice for What
aa825996-e5c8-4b90-ab48-b973b82384ed,Loon,4e954b02-fae2-4bd7-9547-e055a6ac0527,Raekwon,1,Nice for What
aa825996-e5c8-4b90-ab48-b973b82384ed,Loon,29edaca5-7e7d-4391-b137-ff1c94a4d262,U‐God,1,Nice for What
afc3a90e-44d7-476c-a93c-bd3652cb4c9c,Loshendrix,90dcf3c6-134e-4389-ab73-89816367f20d,Nascent,1,Good Days
fce9fc3b-fc26-42a2-a9ed-285077ccf203,Lou Ragland,b0311291-19f9-4288-96be-e8a5da0a104a,Maverick Sabre,1,A Couple Minutes
c0367e31-dc3a-4f5e-9d24-0e3af39a8704,Louis Bell,2bd8101a-11c3-42d5-a9bd-6a3b26445f7e,Jon Bellion,1,Ghost
c0367e31-dc3a-4f5e-9d24-0e3af39a8704,Louis Bell,fa7b0a1f-f8c0-435a-a2bd-74dccf7c0055,Jordan Johnson,1,Ghost
c0367e31-dc3a-4f5e-9d24-0e3af39a8704,Louis Bell,9f3576a9-ef8d-44d2-bd05-0c3ce1ea691d,Kaan Gunesberk,1,Circles
c0367e31-dc3a-4f5e-9d24-0e3af39a8704,Louis Bell,76c5e552-688e-4e9d-afa0-36e77526495a,Michael Pollack,1,Ghost
c0367e31-dc3a-4f5e-9d24-0e3af39a8704,Louis Bell,4744de58-e37d-49cb-bf95-c07a2effe462,Stefan Johnson,1,Ghost
0638ba22-040f-438d-83a5-9b670c4adaf5,Ludacris,6f693bc7-2f9d-437a-808f-ec7c796fcff4,Christopher Stewart,1,Baby
0638ba22-040f-438d-83a5-9b670c4adaf5,Ludacris,66a4b9d2-d5a6-40b8-93d5-0bdd1dbb4b43,The‐Dream,1,Baby
78471616-3cb4-4139-a148-aeac3c7d0f79,Ludwig Göransson,0e0d5912-4026-47ef-be1c-c876c7108dd2,Rochelle Jordan,1,"III. Telegraph Ave. (""Oakland"" by Lloyd)"
b6e1e175-d5ee-45b1-b3af-fecc26837ccf,Luis Resto,405528df-2632-4730-80fc-83e775a97651,Nate Dogg,1,Till I Collapse
b997f5fa-a728-407f-ba2d-4c43c7d883fd,Luke,d5ee9a6f-8e10-47e7-bca7-7e3f82aad769,Ali Shaheed Muhammad,1,SICKO MODE
b997f5fa-a728-407f-ba2d-4c43c7d883fd,Luke,a8fcf2f0-5b1f-4dd3-9e8a-fd8dff96552a,Chylow Parker,1,SICKO MODE
b997f5fa-a728-407f-ba2d-4c43c7d883fd,Luke,084e06f5-3c82-4b71-bd94-dd69e7bd515e,DJ Premier,1,SICKO MODE
b997f5fa-a728-407f-ba2d-4c43c7d883fd,Luke,d9f3f7ca-9963-45c5-85b3-81f306614ff8,Phife Dawg,1,SICKO MODE
b997f5fa-a728-407f-ba2d-4c43c7d883fd,Luke,b3c94036-6166-41d2-91a2-dc3a0b5fa188,Q‐Tip,1,SICKO MODE
b997f5fa-a728-407f-ba2d-4c43c7d883fd,Luke,dd10cfe1-ced1-49f1-92cf-ac33265dc274,Sticky Fingaz,1,SICKO MODE
b997f5fa-a728-407f-ba2d-4c43c7d883fd,Luke,e5d70460-7057-4cbe-9c07-11ca2dac975c,Tay Keith,1,SICKO MODE
b997f5fa-a728-407f-ba2d-4c43c7d883fd,Luke,d5d97b2b-b83b-4976-814a-056d9076c8c3,The Notorious B.I.G.,1,SICKO MODE
b997f5fa-a728-407f-ba2d-4c43c7d883fd,Luke,f02e98c4-a0fa-4c02-ac0a-587f4319ac87,Tyrone Taylor,1,SICKO MODE
eb9e4c07-1bf9-476c-8f6a-da9075736040,Luke Mac,c214045a-98fd-4a2b-b42c-47efa4b4472b,Ina Wroldsen,1,How Deep Is Your Love
cff2a5f3-8a81-4c90-999d-b66eaf79d656,Lydia Asrat,2aae288b-0be9-4520-a0f5-d3ff5cac8cfe,Aaron Horn,1,Woman
cff2a5f3-8a81-4c90-999d-b66eaf79d656,Lydia Asrat,7520db17-fd87-443a-a688-50d00c1b9893,Aynzli Jones,1,Woman
cff2a5f3-8a81-4c90-999d-b66eaf79d656,Lydia Asrat,336df230-ce50-4d5f-9091-a2b093c488ba,Christopher Jefferies,1,Streets
cff2a5f3-8a81-4c90-999d-b66eaf79d656,Lydia Asrat,4363b0ab-e440-44a0-9aa2-d516c993dac4,Darius Logan,1,Streets
cff2a5f3-8a81-4c90-999d-b66eaf79d656,Lydia Asrat,ed79d087-315b-4606-bbaf-eed024f454f2,Demarie Sheki,1,Streets
cff2a5f3-8a81-4c90-999d-b66eaf79d656,Lydia Asrat,7b2447b8-b1a8-4dc1-a785-90a95ee6958d,Dominique Logan,1,Streets
cff2a5f3-8a81-4c90-999d-b66eaf79d656,Lydia Asrat,2bb9df33-7510-437f-8868-801ce21d6a69,Jidenna,1,Woman
cff2a5f3-8a81-4c90-999d-b66eaf79d656,Lydia Asrat,a9b83772-cb9d-45a8-91d4-abb2e720c533,Linden Jay,1,Woman
cff2a5f3-8a81-4c90-999d-b66eaf79d656,Lydia Asrat,3ca09fae-fdee-4771-bab9-244708515a98,Omarion,1,Streets
cff2a5f3-8a81-4c90-999d-b66eaf79d656,Lydia Asrat,0fd198b5-bd99-417e-9ff1-d629ee7af6bb,Ron “Neff-U” Feemster,1,Streets
d91171dd-a6a8-4b52-961d-ef522ec3cfef,MCVertt,484a195a-b469-490c-848d-e2ca5e4e4f38,Synthetic,1,Just Wanna Rock
d9152066-a306-477c-b07c-e5df0eb29eeb,Madison Love,610b71d9-fa78-47d6-9073-083922e73840,Addison Rae,1,I got it bad
d9152066-a306-477c-b07c-e5df0eb29eeb,Madison Love,c45d161f-83ce-4464-ba41-44202e6916d9,Juicy J,1,Dark Horse
d9152066-a306-477c-b07c-e5df0eb29eeb,Madison Love,122d63fc-8671-43e4-9752-34e846d62a9c,Katy Perry,1,Dark Horse
d9152066-a306-477c-b07c-e5df0eb29eeb,Madison Love,091e2b4f-1e60-408c-9ee2-06440cdb8846,Leland,1,I got it bad
d9152066-a306-477c-b07c-e5df0eb29eeb,Madison Love,9f60097e-e65d-4ee6-b082-4824ec9d4c76,Oscar Görres,1,I got it bad
d9152066-a306-477c-b07c-e5df0eb29eeb,Madison Love,d05ae113-813b-486f-9d29-da1174ac6591,Pink Slip,1,Gnarly
d9152066-a306-477c-b07c-e5df0eb29eeb,Madison Love,0c460d4e-075a-4e89-8c93-f0b0aa4f8e54,Sarah Hudson,1,Dark Horse
d9152066-a306-477c-b07c-e5df0eb29eeb,Madison Love,5ce9a259-9071-4ba2-bfb0-52f5a321c0e9,Tim Randolph,1,Gnarly
79239441-bfd5-4981-a70c-55c3f15c1287,Madonna,17921289-ed5a-4de9-be13-e3876d31fff1,Shep Pettibone,1,BREAK MY SOUL
724b55a3-8dff-4ed5-b909-6563278eec57,Makeba,73e5e69d-3554-40d8-8516-00cb38737a1c,Rihanna,1,Rude Boy
724b55a3-8dff-4ed5-b909-6563278eec57,Makeba,ca8f5844-3ab9-4071-bdc3-376ca2f44a65,Rob Swire,1,Rude Boy
6db61674-3b9d-4d5b-9349-fd590a998225,Maki Athanasiou,db8fad3a-e131-47a1-8782-c2ee93708cdd,Bebe Rexha,1,The Monster
6db61674-3b9d-4d5b-9349-fd590a998225,Maki Athanasiou,c1c21547-5b3a-4559-ab25-810a6ca184ff,Frequency,1,The Monster
c4e05d64-c679-4f04-b153-257d12eba7dc,Malay,c0345ce5-eb29-4de3-bc26-5cd3c932ac33,André Benjamin,1,Pink Matter
c4e05d64-c679-4f04-b153-257d12eba7dc,Malay,4d5447d7-c61c-4120-ba1b-d7f471d385b9,John Lennon,1,White Ferrari
c4e05d64-c679-4f04-b153-257d12eba7dc,Malay,afd1a907-afeb-466e-a730-7ddd2021b1a9,Milk Dee,1,Super Rich Kids
c4e05d64-c679-4f04-b153-257d12eba7dc,Malay,c5bad957-7f5e-4394-8e17-ef7c360b5e9c,Nat Robinson,1,Super Rich Kids
c4e05d64-c679-4f04-b153-257d12eba7dc,Malay,ba550d0e-adac-4864-b88b-407cab5e76af,Paul McCartney,1,White Ferrari
c4e05d64-c679-4f04-b153-257d12eba7dc,Malay,8f119f99-c95e-49a4-9634-90a602484125,Prince Markie Dee,1,Super Rich Kids
c4e05d64-c679-4f04-b153-257d12eba7dc,Malay,bcfff8eb-3a09-4053-a6b7-76aed86f2ac5,Roy C. Hammond,1,Super Rich Kids
c4e05d64-c679-4f04-b153-257d12eba7dc,Malay,bc646b7e-d822-428d-a55a-6e17cc5e5efb,Taylor Johnson,1,Pyramids
c4e05d64-c679-4f04-b153-257d12eba7dc,Malay,bf66e128-8353-404f-80d4-43916ea454d2,Thebe Kgositsile,1,Super Rich Kids
0d198fa9-490a-4a71-ac56-e7ee37888396,Malcolm McCormick,68eb8831-4d0b-4a2b-9209-3ccade5117f0,Devonté Hynes,1,Hurt Feelings
0d198fa9-490a-4a71-ac56-e7ee37888396,Malcolm McCormick,07057467-9e48-469b-846c-5abf5246d2bb,George Forrest,1,Blue World
0d198fa9-490a-4a71-ac56-e7ee37888396,Malcolm McCormick,2d973513-8faa-48c0-b30d-6bd59d6918ca,Guy Lawrence,1,Blue World
0d198fa9-490a-4a71-ac56-e7ee37888396,Malcolm McCormick,875203e1-8e58-4b86-8dcb-7190faf411c5,J. Cole,1,Hurt Feelings
0d198fa9-490a-4a71-ac56-e7ee37888396,Malcolm McCormick,3849b83b-eb79-4f58-9631-ed870528e53a,Kenneth Whalum III,1,Ladders
0d198fa9-490a-4a71-ac56-e7ee37888396,Malcolm McCormick,599fa573-8816-4dbe-8439-2f4d486ffb8e,Nice Rec,1,Ladders
0d198fa9-490a-4a71-ac56-e7ee37888396,Malcolm McCormick,1171bba7-9d5a-4c9f-8dda-9e6d9d82091e,O’Donel Levy,1,Hurt Feelings
0d198fa9-490a-4a71-ac56-e7ee37888396,Malcolm McCormick,2307602e-a3ce-4f37-bb2b-d54f1980ed5f,Paul Williams,1,Hurt Feelings
0d198fa9-490a-4a71-ac56-e7ee37888396,Malcolm McCormick,2c66dc7e-785c-4789-ab91-cee7a5b2aab6,Pomo,1,Ladders
0d198fa9-490a-4a71-ac56-e7ee37888396,Malcolm McCormick,e2f3fb9d-5ce0-4287-82b1-9124fd4cf50c,Robert Wright,1,Blue World
0d198fa9-490a-4a71-ac56-e7ee37888396,Malcolm McCormick,552da8ff-2c8f-4060-8352-48dea991e92b,Roger Nichols,1,Hurt Feelings
0d198fa9-490a-4a71-ac56-e7ee37888396,Malcolm McCormick,b67fd63f-627f-4097-af0d-7df7ca2bd39f,Tae Beast,1,Small Worlds
34dc70df-8b2c-4bb0-a132-0958671a509c,Mannie Fresh,94dbfe2e-ca48-4e08-a5a8-e1e74136c63d,Method Man,1,Nice for What
34dc70df-8b2c-4bb0-a132-0958671a509c,Mannie Fresh,91376b53-c37d-4eed-ac24-63d167af6885,Murda Beatz,1,Nice for What
34dc70df-8b2c-4bb0-a132-0958671a509c,Mannie Fresh,d50548a0-3cfd-4d7a-964b-0aef6545d819,Ol’ Dirty Bastard,1,Nice for What
34dc70df-8b2c-4bb0-a132-0958671a509c,Mannie Fresh,07d7350e-e03e-470d-8c32-bf4d8013d27a,Phillip Glen Price,1,Nice for What
34dc70df-8b2c-4bb0-a132-0958671a509c,Mannie Fresh,29c28ac3-27c5-4822-8eb6-0af89a3a7240,RZA,1,Nice for What
34dc70df-8b2c-4bb0-a132-0958671a509c,Mannie Fresh,4e954b02-fae2-4bd7-9547-e055a6ac0527,Raekwon,1,Nice for What
34dc70df-8b2c-4bb0-a132-0958671a509c,Mannie Fresh,29edaca5-7e7d-4391-b137-ff1c94a4d262,U‐God,1,Nice for What
b8df4f20-fddd-40ea-966e-55028f6043c7,Mano,adaf0068-1c86-4166-8cee-f0a53f4854c4,Sir Dylan,1,Reminder
d44cea04-46ea-4d93-84c5-be5c61676baf,Marcella Araica,763bbfc9-a9b8-4eb3-9f00-dd8eb596d898,Jim Beanz,1,Break the Ice
d44cea04-46ea-4d93-84c5-be5c61676baf,Marcella Araica,b76c616a-ec0d-4f0c-b986-f249c4a04d77,Keri Hilson,1,Break the Ice
abb1b3f8-0963-4493-9244-f67accf9a69e,Maria Zardoya,56f1c2aa-89b0-4e73-8507-fd68ae704c14,Joshua David Conway,1,I Don't Know You
abb1b3f8-0963-4493-9244-f67accf9a69e,Maria Zardoya,caa8f2cb-f058-45e7-8da2-eae13366ff94,Joshua Francis Grondin,1,I Don't Know You
0a2bd34d-0cf9-4e34-9854-fd8990977d00,Marilyn Bergman,dcf5807c-ef1f-4291-b452-6824080ecac4,Birdman,1,Nice for What
0a2bd34d-0cf9-4e34-9854-fd8990977d00,Marilyn Bergman,550cb78b-4995-4873-baea-76ef265531f5,GZA/Genius,1,Nice for What
0a2bd34d-0cf9-4e34-9854-fd8990977d00,Marilyn Bergman,3b39abeb-0064-4eed-9ddd-ee47a45c54cb,Ghostface Killah,1,Nice for What
0a2bd34d-0cf9-4e34-9854-fd8990977d00,Marilyn Bergman,a6b90dc0-e22e-44e1-890b-87900bd9aca6,Inspectah Deck,1,Nice for What
0a2bd34d-0cf9-4e34-9854-fd8990977d00,Marilyn Bergman,e8414012-4a1c-4ad4-be5e-fc55294e28cc,Lauryn Hill,1,Nice for What
0a2bd34d-0cf9-4e34-9854-fd8990977d00,Marilyn Bergman,aa825996-e5c8-4b90-ab48-b973b82384ed,Loon,1,Nice for What
0a2bd34d-0cf9-4e34-9854-fd8990977d00,Marilyn Bergman,34dc70df-8b2c-4bb0-a132-0958671a509c,Mannie Fresh,1,Nice for What
0a2bd34d-0cf9-4e34-9854-fd8990977d00,Marilyn Bergman,fd9f268a-89ef-4577-81f4-efebc9517a07,Marvin Hamlisch,1,Nice for What
0a2bd34d-0cf9-4e34-9854-fd8990977d00,Marilyn Bergman,94dbfe2e-ca48-4e08-a5a8-e1e74136c63d,Method Man,1,Nice for What
0a2bd34d-0cf9-4e34-9854-fd8990977d00,Marilyn Bergman,91376b53-c37d-4eed-ac24-63d167af6885,Murda Beatz,1,Nice for What
0a2bd34d-0cf9-4e34-9854-fd8990977d00,Marilyn Bergman,d50548a0-3cfd-4d7a-964b-0aef6545d819,Ol’ Dirty Bastard,1,Nice for What
0a2bd34d-0cf9-4e34-9854-fd8990977d00,Marilyn Bergman,7789be50-a68c-4df2-95a0-8f4878542d88,Orville Hall,1,Nice for What
0a2bd34d-0cf9-4e34-9854-fd8990977d00,Marilyn Bergman,07d7350e-e03e-470d-8c32-bf4d8013d27a,Phillip Glen Price,1,Nice for What
0a2bd34d-0cf9-4e34-9854-fd8990977d00,Marilyn Bergman,29c28ac3-27c5-4822-8eb6-0af89a3a7240,RZA,1,Nice for What
0a2bd34d-0cf9-4e34-9854-fd8990977d00,Marilyn Bergman,4e954b02-fae2-4bd7-9547-e055a6ac0527,Raekwon,1,Nice for What
0a2bd34d-0cf9-4e34-9854-fd8990977d00,Marilyn Bergman,29edaca5-7e7d-4391-b137-ff1c94a4d262,U‐God,1,Nice for What
cd319ceb-cf9f-4d51-b23c-50feccbbff83,Mario Loving,168eff94-303d-45d3-ab26-74e376d958ea,"Nesbitt Wesonga, Jr.",1,Lord Pretty Flacko Jodye 2 (LPFJ2)
4f447f07-4df7-49f0-8d31-7d70b2bdb0d0,Mark Pellizzer,1d01b5f5-182a-4558-a057-2f3a109cdbcf,T‐Minus,1,Kevin’s Heart
9158376c-7f95-4284-aeb5-705db2949b14,Marshall Goodman,0d3bf21a-5eec-443c-9a37-b305598b0840,Adam Yauch,1,Doin' Time
9158376c-7f95-4284-aeb5-705db2949b14,Marshall Goodman,354c7145-01f0-4bf6-b35f-6db936f6a17e,Bradley Nowell,1,Doin' Time
9158376c-7f95-4284-aeb5-705db2949b14,Marshall Goodman,bf23ae35-d26d-4180-b7da-7fc9841b2cd9,Dorothy Heyward,1,Doin' Time
9158376c-7f95-4284-aeb5-705db2949b14,Marshall Goodman,82953e0d-464a-4fb8-80fc-78dbf8b49b1b,DuBose Heyward,1,Doin' Time
9158376c-7f95-4284-aeb5-705db2949b14,Marshall Goodman,07aebfa0-55d6-47e0-a284-12330e3eae0d,Rick Rubin,1,Doin' Time
7fcbd5bc-738b-4c0d-a837-8dcefaefbb75,Martin Bresso,31445b1e-96f3-4c7f-84ec-dd02e647e690,DJ Snake,1,Applause
7fcbd5bc-738b-4c0d-a837-8dcefaefbb75,Martin Bresso,efc84232-36b5-4483-8a1d-6949ea6ebf91,DJ White Shadow,1,Applause
7fcbd5bc-738b-4c0d-a837-8dcefaefbb75,Martin Bresso,cb3391cd-4933-47d6-acd3-4b81cf6f2ff5,Dino Zisis,1,Applause
7fcbd5bc-738b-4c0d-a837-8dcefaefbb75,Martin Bresso,3133f196-41e5-4538-a435-9ad16afb3d66,Mercer,1,Applause
7fcbd5bc-738b-4c0d-a837-8dcefaefbb75,Martin Bresso,cf32cd72-76ee-4a2e-822d-ea675449227f,Nick Monson,1,Applause
f15651b5-67ab-43f5-8bb6-5a1138759e9e,Martin “Doc” McKinney,7aa27474-7b32-46c5-a065-ec831e8a70da,Billy Walsh,1,Die for You
f15651b5-67ab-43f5-8bb6-5a1138759e9e,Martin “Doc” McKinney,8fbcd70f-bf1e-4624-b94a-fcff6b0c637e,Cashmere Cat,1,Die for You
f15651b5-67ab-43f5-8bb6-5a1138759e9e,Martin “Doc” McKinney,dc99e6fd-c710-4f79-b74b-127b4d0b7849,Labrinth,1,Stargirl Interlude
f15651b5-67ab-43f5-8bb6-5a1138759e9e,Martin “Doc” McKinney,b7539c32-53e7-4908-bda3-81449c367da6,Lana Del Rey,1,Stargirl Interlude
f15651b5-67ab-43f5-8bb6-5a1138759e9e,Martin “Doc” McKinney,b8df4f20-fddd-40ea-966e-55028f6043c7,Mano,1,Reminder
f15651b5-67ab-43f5-8bb6-5a1138759e9e,Martin “Doc” McKinney,b366251f-5dbe-41ae-b82c-7255a1989b6f,Prince 85,1,Die for You
f15651b5-67ab-43f5-8bb6-5a1138759e9e,Martin “Doc” McKinney,87672396-ab4b-4f77-82ca-3dccfeb6435d,Éric Chédeville,1,I Feel It Coming
e6c53d7f-3a6c-4785-8650-01d2a726cf68,"Marvin ""Tony"" Hemmings",897a3b7d-7bc3-4efb-83aa-ad3844f38960,Tom Richards,1,Genesis.
e6c53d7f-3a6c-4785-8650-01d2a726cf68,"Marvin ""Tony"" Hemmings",07234b8a-7a2a-4d65-9c81-c131710fc439,shanks.,1,Genesis.
fd9f268a-89ef-4577-81f4-efebc9517a07,Marvin Hamlisch,a6b90dc0-e22e-44e1-890b-87900bd9aca6,Inspectah Deck,1,Nice for What
fd9f268a-89ef-4577-81f4-efebc9517a07,Marvin Hamlisch,e8414012-4a1c-4ad4-be5e-fc55294e28cc,Lauryn Hill,1,Nice for What
fd9f268a-89ef-4577-81f4-efebc9517a07,Marvin Hamlisch,aa825996-e5c8-4b90-ab48-b973b82384ed,Loon,1,Nice for What
fd9f268a-89ef-4577-81f4-efebc9517a07,Marvin Hamlisch,34dc70df-8b2c-4bb0-a132-0958671a509c,Mannie Fresh,1,Nice for What
fd9f268a-89ef-4577-81f4-efebc9517a07,Marvin Hamlisch,94dbfe2e-ca48-4e08-a5a8-e1e74136c63d,Method Man,1,Nice for What
fd9f268a-89ef-4577-81f4-efebc9517a07,Marvin Hamlisch,91376b53-c37d-4eed-ac24-63d167af6885,Murda Beatz,1,Nice for What
fd9f268a-89ef-4577-81f4-efebc9517a07,Marvin Hamlisch,d50548a0-3cfd-4d7a-964b-0aef6545d819,Ol’ Dirty Bastard,1,Nice for What
fd9f268a-89ef-4577-81f4-efebc9517a07,Marvin Hamlisch,07d7350e-e03e-470d-8c32-bf4d8013d27a,Phillip Glen Price,1,Nice for What
fd9f268a-89ef-4577-81f4-efebc9517a07,Marvin Hamlisch,29c28ac3-27c5-4822-8eb6-0af89a3a7240,RZA,1,Nice for What
fd9f268a-89ef-4577-81f4-efebc9517a07,Marvin Hamlisch,4e954b02-fae2-4bd7-9547-e055a6ac0527,Raekwon,1,Nice for What
fd9f268a-89ef-4577-81f4-efebc9517a07,Marvin Hamlisch,29edaca5-7e7d-4391-b137-ff1c94a4d262,U‐God,1,Nice for What
1a43e9d1-9767-4e2c-893a-65f43e5b8561,Mason Levy,47010115-1e5e-46b5-bea4-4dd4a29fb0ab,MdL,1,Boyfriend
1a43e9d1-9767-4e2c-893a-65f43e5b8561,Mason Levy,5b64e344-b2fb-47bd-bd7b-4c793b17d472,Mike Posner,1,Boyfriend
1a43e9d1-9767-4e2c-893a-65f43e5b8561,Mason Levy,9fd05d1b-04e9-42e6-a9ee-2d23bfbfcd4e,Poo Bear,1,What Do You Mean?
1a43e9d1-9767-4e2c-893a-65f43e5b8561,Mason Levy,e07d9474-00ea-4460-ac27-88b46b3d976e,blackbear,1,Boyfriend
4929f1b6-f7a7-469a-98f0-f30ecf83463d,Matt Schaeffer,7c8278d1-f605-4879-a213-a5e89f785501,Duval Timothy,1,United in Grief
bb9eaa34-1511-40cf-b798-26ced8028736,Matthew Burnett,b33cd08d-df19-45bf-b14b-2787f5bd2354,Jordan Evans,1,Not Afraid
bb9eaa34-1511-40cf-b798-26ced8028736,Matthew Burnett,b6e1e175-d5ee-45b1-b3af-fecc26837ccf,Luis Resto,1,Not Afraid
d6ff6344-85e2-414e-adac-0329d4a01e98,Matthew Castellanos,aec279b2-b9cc-488c-b892-f2271605fa11,Diana Gordon,1,Bad Habit
d6ff6344-85e2-414e-adac-0329d4a01e98,Matthew Castellanos,a298565e-d43e-46c4-b35c-bfe131258815,Fousheé,1,Bad Habit
d6ff6344-85e2-414e-adac-0329d4a01e98,Matthew Castellanos,fff7d779-43ee-40bd-8bee-f5fe488109f8,John Carroll Kirby,1,Bad Habit
6622a50e-5206-44d0-9ad5-96047a726dcf,Max Martin,a1421d73-1a21-484b-97ad-77c9a5676daf,Adam Levine,1,One More Night
6622a50e-5206-44d0-9ad5-96047a726dcf,Max Martin,980a87e4-3532-49ea-bbda-bd691cc193ad,Ammo,1,E.T.
6622a50e-5206-44d0-9ad5-96047a726dcf,Max Martin,965f5705-6eb1-49a1-b312-cd3d65bcc7c9,Calvin Broadus,1,California Gurls
6622a50e-5206-44d0-9ad5-96047a726dcf,Max Martin,aee63f14-ab80-4b37-86e4-d06fe05a898c,Cathy Dennis,1,I Kissed a Girl
6622a50e-5206-44d0-9ad5-96047a726dcf,Max Martin,fb150981-e9b3-49ff-a8e6-174a3d9d3018,Johan Carlsson,1,Dangerous Woman
6622a50e-5206-44d0-9ad5-96047a726dcf,Max Martin,c45d161f-83ce-4464-ba41-44202e6916d9,Juicy J,1,Dark Horse
6622a50e-5206-44d0-9ad5-96047a726dcf,Max Martin,e0140a67-e4d1-4f13-8a01-364355bee46e,Justin Bieber,1,Beauty and a Beat
6622a50e-5206-44d0-9ad5-96047a726dcf,Max Martin,d9152066-a306-477c-b07c-e5df0eb29eeb,Madison Love,1,Dark Horse
6622a50e-5206-44d0-9ad5-96047a726dcf,Max Martin,b13f0288-830a-4ad7-9c60-830f545e5e2b,Rami,1,Oops!...I Did It Again
6622a50e-5206-44d0-9ad5-96047a726dcf,Max Martin,492e7b91-a96b-4a5e-b105-6726a3a63fce,Rickard Göransson,1,God is a woman
6622a50e-5206-44d0-9ad5-96047a726dcf,Max Martin,82f4f277-2b62-426c-826f-57b082839682,Ross Golan,1,Dangerous Woman
6622a50e-5206-44d0-9ad5-96047a726dcf,Max Martin,0c460d4e-075a-4e89-8c93-f0b0aa4f8e54,Sarah Hudson,1,Dark Horse
6622a50e-5206-44d0-9ad5-96047a726dcf,Max Martin,015819f2-ccf5-4c9d-8463-6db1c32af76b,Tiffany Amber,1,Criminal
983ce56b-ad71-44fb-ac1a-b99eb63e2f6b,Max Wolfgang,9dfce208-d9e6-46c3-9c70-d64e143cface,Deschanel Gordon,1,Let Alone The One You Love
47010115-1e5e-46b5-bea4-4dd4a29fb0ab,MdL,5b64e344-b2fb-47bd-bd7b-4c793b17d472,Mike Posner,1,Boyfriend
6e775f80-a2ff-4e14-9939-bcb104dbbfb4,Melin Shikder,7cd0657a-a661-43c4-ad19-95819a6003eb,Steve Lean,1,Codeine Crazy
3133f196-41e5-4538-a435-9ad16afb3d66,Mercer,31445b1e-96f3-4c7f-84ec-dd02e647e690,DJ Snake,1,Applause
3133f196-41e5-4538-a435-9ad16afb3d66,Mercer,efc84232-36b5-4483-8a1d-6949ea6ebf91,DJ White Shadow,1,Applause
3133f196-41e5-4538-a435-9ad16afb3d66,Mercer,cb3391cd-4933-47d6-acd3-4b81cf6f2ff5,Dino Zisis,1,Applause
3133f196-41e5-4538-a435-9ad16afb3d66,Mercer,cf32cd72-76ee-4a2e-822d-ea675449227f,Nick Monson,1,Applause
94dbfe2e-ca48-4e08-a5a8-e1e74136c63d,Method Man,91376b53-c37d-4eed-ac24-63d167af6885,Murda Beatz,1,Nice for What
94dbfe2e-ca48-4e08-a5a8-e1e74136c63d,Method Man,d50548a0-3cfd-4d7a-964b-0aef6545d819,Ol’ Dirty Bastard,1,Nice for What
94dbfe2e-ca48-4e08-a5a8-e1e74136c63d,Method Man,07d7350e-e03e-470d-8c32-bf4d8013d27a,Phillip Glen Price,1,Nice for What
94dbfe2e-ca48-4e08-a5a8-e1e74136c63d,Method Man,29c28ac3-27c5-4822-8eb6-0af89a3a7240,RZA,1,Nice for What
94dbfe2e-ca48-4e08-a5a8-e1e74136c63d,Method Man,4e954b02-fae2-4bd7-9547-e055a6ac0527,Raekwon,1,Nice for What
94dbfe2e-ca48-4e08-a5a8-e1e74136c63d,Method Man,29edaca5-7e7d-4391-b137-ff1c94a4d262,U‐God,1,Nice for What
fa40e98d-c0f5-46d3-82ed-8ea28a62540d,Michael Burman,a5106366-6368-4a02-a580-73a3c02abb2f,Bobbie Gentry,1,L$D
fa40e98d-c0f5-46d3-82ed-8ea28a62540d,Michael Burman,53e1c16b-d6e4-4086-b3e6-a6fd29ab0321,Finatik,1,L$D
fa40e98d-c0f5-46d3-82ed-8ea28a62540d,Michael Burman,0d11f1c0-e62c-4376-b42b-e69532a5ee2c,Jim Jonson,1,L$D
fa40e98d-c0f5-46d3-82ed-8ea28a62540d,Michael Burman,a7808382-465f-40f2-9682-e85b5b39b89b,Zak,1,L$D
e1fcd5e6-99e8-43f5-badc-4001cd299872,Michael Dempsey,d7557f83-02a4-47c4-b48e-ac9d49f9c92c,Lol Tolhurst,1,Boys Don't Cry
e1fcd5e6-99e8-43f5-badc-4001cd299872,Michael Dempsey,7d1a1624-784b-4f89-8ff9-b9b493cd059d,Robert Smith,1,Boys Don't Cry
f27ec8db-af05-4f36-916e-3d57f91ecf5e,Michael Jackson,c7ed18c1-a4ee-4778-9c57-b51fd6215b35,Bernard Belle,1,Remember the Time
f27ec8db-af05-4f36-916e-3d57f91ecf5e,Michael Jackson,f330a9a1-a012-43e7-b907-289692dfa1b7,Frankie Storm,1,Don't Stop the Music
f27ec8db-af05-4f36-916e-3d57f91ecf5e,Michael Jackson,3394771a-a36b-4739-bcd9-301d09121af8,Mikkel Storleer Eriksen,1,Don't Stop the Music
f27ec8db-af05-4f36-916e-3d57f91ecf5e,Michael Jackson,92781466-f1a9-4ffc-9143-d65a2c77fd64,Redfoo,1,King Kunta
f27ec8db-af05-4f36-916e-3d57f91ecf5e,Michael Jackson,04e3a60e-5f8c-42f6-b4b8-4885adbf7b7d,Teddy Riley,1,Remember the Time
f27ec8db-af05-4f36-916e-3d57f91ecf5e,Michael Jackson,044fd265-79dd-43eb-afc4-8b20becf7e17,Thundercat,1,King Kunta
f27ec8db-af05-4f36-916e-3d57f91ecf5e,Michael Jackson,04c39fec-5b44-4f11-9c73-af4f562334c7,Tor Erik Hermansen,1,Don't Stop the Music
62625f0a-2727-4155-a97f-e82b6ae30f46,Michael Masser,164f0d73-1234-4e2c-8743-d77bf2191051,Ye,1,Heard 'Em Say
76c5e552-688e-4e9d-afa0-36e77526495a,Michael Pollack,d288a227-30c0-4bed-95c3-8c9614646633,Jacob Kasher,1,Memories
76c5e552-688e-4e9d-afa0-36e77526495a,Michael Pollack,e2eec0a3-dea8-4c38-aae1-1345aaca8c20,Vincent Ford,1,Memories
43ac1c53-1275-4296-9d48-ca713d105e8a,Mick Grondahl,d39a5a70-de11-4ea3-a4c1-f2139cca265a,Matt Johnson,1,Dream Brother
43ac1c53-1275-4296-9d48-ca713d105e8a,Mick Grondahl,5c5aed13-004e-4001-89af-269ddd847219,Michael Tighe,1,Vancouver
7bfe45a0-f000-43ee-965f-39a564980022,Mickey Madden,f8abfd32-73f9-49e7-9b88-3e47ea27a2cd,James Valentine,1,Sunday Morning
73e36439-1e9a-4925-bf2c-1d7f7885fbb0,Mike Dean,f99b7df3-2df2-45d0-9e99-c5f4623b7dcc,30 Roc,1,STARGAZING
73e36439-1e9a-4925-bf2c-1d7f7885fbb0,Mike Dean,d5ee9a6f-8e10-47e7-bca7-7e3f82aad769,Ali Shaheed Muhammad,1,SICKO MODE
73e36439-1e9a-4925-bf2c-1d7f7885fbb0,Mike Dean,5cb395b6-1cb9-4c9c-a79a-01a66513d1f6,Big Gipp,1,5% TINT
73e36439-1e9a-4925-bf2c-1d7f7885fbb0,Mike Dean,162b4184-a954-4bec-9993-7240b6bcd66e,Brandon Korn,1,STARGAZING
73e36439-1e9a-4925-bf2c-1d7f7885fbb0,Mike Dean,dac5571a-4d01-4764-b6f7-447caff2ff31,Brandon Whitfield,1,STARGAZING
73e36439-1e9a-4925-bf2c-1d7f7885fbb0,Mike Dean,a8fcf2f0-5b1f-4dd3-9e8a-fd8dff96552a,Chylow Parker,1,SICKO MODE
73e36439-1e9a-4925-bf2c-1d7f7885fbb0,Mike Dean,084e06f5-3c82-4b71-bd94-dd69e7bd515e,DJ Premier,1,SICKO MODE
73e36439-1e9a-4925-bf2c-1d7f7885fbb0,Mike Dean,df78c5ab-5a5c-4875-af18-75151fcd2b44,Dinco D,1,SICKO MODE
73e36439-1e9a-4925-bf2c-1d7f7885fbb0,Mike Dean,e1738051-9268-46b2-b52d-b860409e73c3,EZ Elpee,1,STARGAZING
73e36439-1e9a-4925-bf2c-1d7f7885fbb0,Mike Dean,ddac1a2e-3fb5-4af6-adf0-f6008c7ddfb5,Easy Mo Bee,1,SICKO MODE
73e36439-1e9a-4925-bf2c-1d7f7885fbb0,Mike Dean,53442fb2-0e7e-47a2-b4c4-47bfb38d55aa,FKi 1st,1,5% TINT
73e36439-1e9a-4925-bf2c-1d7f7885fbb0,Mike Dean,646942bd-dc4c-42f0-b6a2-683821ebd5ca,Fredro Starr,1,SICKO MODE
73e36439-1e9a-4925-bf2c-1d7f7885fbb0,Mike Dean,215c6ab2-7888-4061-bd56-9fb650328106,Guru,1,SICKO MODE
73e36439-1e9a-4925-bf2c-1d7f7885fbb0,Mike Dean,1e8b3e4f-83c3-4b30-afa0-220363a7df5a,H.A.W.K.,1,SICKO MODE
73e36439-1e9a-4925-bf2c-1d7f7885fbb0,Mike Dean,bf314a8f-5dc6-4dc5-8819-d25b4cc38164,Hit‐Boy,1,SICKO MODE
73e36439-1e9a-4925-bf2c-1d7f7885fbb0,Mike Dean,2a40fcba-4b0d-4129-becf-1f04c7906b67,Jamie Lepe,1,STARGAZING
73e36439-1e9a-4925-bf2c-1d7f7885fbb0,Mike Dean,b0ad6d5e-44f1-41a3-a452-1c378d350cb8,Kevin Parker,1,SKELETONS
73e36439-1e9a-4925-bf2c-1d7f7885fbb0,Mike Dean,81eb1203-49fa-456b-b138-41193ab179b1,Khujo Goodie,1,5% TINT
73e36439-1e9a-4925-bf2c-1d7f7885fbb0,Mike Dean,e67ae23b-80ee-4a68-bdd6-6da243f164db,London Cyr,1,CAN'T SAY
73e36439-1e9a-4925-bf2c-1d7f7885fbb0,Mike Dean,b997f5fa-a728-407f-ba2d-4c43c7d883fd,Luke,1,SICKO MODE
73e36439-1e9a-4925-bf2c-1d7f7885fbb0,Mike Dean,05a89764-2383-4508-a747-1cf290707326,Mirsad Dervic,1,SICKO MODE
73e36439-1e9a-4925-bf2c-1d7f7885fbb0,Mike Dean,203506a0-2903-4d17-9b9e-ccee1e78f8fd,Patrick Bischoff-Brown,1,5% TINT
73e36439-1e9a-4925-bf2c-1d7f7885fbb0,Mike Dean,d9f3f7ca-9963-45c5-85b3-81f306614ff8,Phife Dawg,1,SICKO MODE
73e36439-1e9a-4925-bf2c-1d7f7885fbb0,Mike Dean,b3c94036-6166-41d2-91a2-dc3a0b5fa188,Q‐Tip,1,SICKO MODE
73e36439-1e9a-4925-bf2c-1d7f7885fbb0,Mike Dean,c1a1cc79-fe57-4b82-a7e1-402ab6492685,Ray Murray,1,5% TINT
73e36439-1e9a-4925-bf2c-1d7f7885fbb0,Mike Dean,c12a184d-ab9b-4acf-a1dd-43978705d6e9,Reine Fiske,1,SKELETONS
73e36439-1e9a-4925-bf2c-1d7f7885fbb0,Mike Dean,6754c93a-3ed2-415f-b75e-2fd743f11391,Richard Finch,1,SICKO MODE
73e36439-1e9a-4925-bf2c-1d7f7885fbb0,Mike Dean,061e1620-bdf8-40e6-b9d1-0b403c27a1e8,Rico Wade,1,5% TINT
73e36439-1e9a-4925-bf2c-1d7f7885fbb0,Mike Dean,b787b4f2-ad08-43ba-845b-c3393a8079eb,Sonny Digital,1,STARGAZING
73e36439-1e9a-4925-bf2c-1d7f7885fbb0,Mike Dean,dd10cfe1-ced1-49f1-92cf-ac33265dc274,Sticky Fingaz,1,SICKO MODE
73e36439-1e9a-4925-bf2c-1d7f7885fbb0,Mike Dean,a17ce9c3-8f6f-4dcc-a1b7-2a04ab9e31f0,Swae Lee,1,SICKO MODE
73e36439-1e9a-4925-bf2c-1d7f7885fbb0,Mike Dean,e5d70460-7057-4cbe-9c07-11ca2dac975c,Tay Keith,1,SICKO MODE
73e36439-1e9a-4925-bf2c-1d7f7885fbb0,Mike Dean,d5d97b2b-b83b-4976-814a-056d9076c8c3,The Notorious B.I.G.,1,SICKO MODE
73e36439-1e9a-4925-bf2c-1d7f7885fbb0,Mike Dean,f02e98c4-a0fa-4c02-ac0a-587f4319ac87,Tyrone Taylor,1,SICKO MODE
73e36439-1e9a-4925-bf2c-1d7f7885fbb0,Mike Dean,b60ee7a4-1f2d-4df7-aecc-b1b35fd32bf4,T‐Mo,1,5% TINT
73e36439-1e9a-4925-bf2c-1d7f7885fbb0,Mike Dean,b432152b-ab35-40eb-916b-dc8d1559046b,WondaGurl,1,CAN'T SAY
5b64e344-b2fb-47bd-bd7b-4c793b17d472,Mike Posner,980a87e4-3532-49ea-bbda-bd691cc193ad,Ammo,1,Sugar
5b64e344-b2fb-47bd-bd7b-4c793b17d472,Mike Posner,d288a227-30c0-4bed-95c3-8c9614646633,Jacob Kasher,1,Sugar
b61e2b15-53e4-45d6-9b9e-62c65f36c2ca,Mike Sabath,81d47599-3da6-4332-8422-fd67e980dbaa,Akil King,1,Worth It.
b61e2b15-53e4-45d6-9b9e-62c65f36c2ca,Mike Sabath,c97a32c2-1fbc-44eb-a28b-cee23c135844,Anton Göransson,1,The Thrill Is Gone.
b61e2b15-53e4-45d6-9b9e-62c65f36c2ca,Mike Sabath,9946ee92-71d5-4769-9400-443d54f4acd2,Brandon Colbein,1,Hard Out Here.
b61e2b15-53e4-45d6-9b9e-62c65f36c2ca,Mike Sabath,beccdfc5-5630-4560-a7a3-b48f9a08a5c8,Isabella Sjöstrand,1,The Thrill Is Gone.
b61e2b15-53e4-45d6-9b9e-62c65f36c2ca,Mike Sabath,d271d98b-3530-432d-b145-508067818644,John Hill,1,Worth It.
c262b6bf-be56-4b26-bceb-42d7a27342f3,Mike Shinoda,6bfe9806-b477-4750-8bd2-b1d0acf901a9,Mark Wakefield,1,Runaway
5a2071aa-0787-49fb-931c-fa85ba86e681,Mike WiLL Made‐It,5851d2ff-a9ce-49bf-bafb-08574cc22d69,Slim Jxmmi,1,Formation
80060c96-caa9-448c-826c-c204d9da28b0,Mikey Margott,341199e0-deec-4cdb-9c30-c2cf35ec6f55,Brett Fair,1,Devil's Advocate
80060c96-caa9-448c-826c-c204d9da28b0,Mikey Margott,2817bb9c-3660-4462-be55-8e4d6fe3f743,Danny Parra,1,Pretty Boy
80060c96-caa9-448c-826c-c204d9da28b0,Mikey Margott,9c7f1f2f-cb17-4b5a-b954-18d64c2f8dee,Jon Bates,1,You Get Me So High
80060c96-caa9-448c-826c-c204d9da28b0,Mikey Margott,23606ecd-2924-4086-9dc3-aac0838b1f18,Tony DeMatteo,1,You Get Me So High
3394771a-a36b-4739-bcd9-301d09121af8,Mikkel Storleer Eriksen,4db07111-f85e-4f1b-bf52-9b7ec4cf84b5,Amund Bjørklund,1,Irreplaceable
3394771a-a36b-4739-bcd9-301d09121af8,Mikkel Storleer Eriksen,75806efb-b691-4472-8484-e44e7f5d4770,Espen Lind,1,Irreplaceable
3394771a-a36b-4739-bcd9-301d09121af8,Mikkel Storleer Eriksen,f330a9a1-a012-43e7-b907-289692dfa1b7,Frankie Storm,1,Don't Stop the Music
3394771a-a36b-4739-bcd9-301d09121af8,Mikkel Storleer Eriksen,122d63fc-8671-43e4-9752-34e846d62a9c,Katy Perry,1,Firework
3394771a-a36b-4739-bcd9-301d09121af8,Mikkel Storleer Eriksen,724b55a3-8dff-4ed5-b909-6563278eec57,Makeba,1,Rude Boy
3394771a-a36b-4739-bcd9-301d09121af8,Mikkel Storleer Eriksen,a4a01f5d-18e7-4571-8c3a-76ec0e24e2d7,Ne‐Yo,1,Irreplaceable
3394771a-a36b-4739-bcd9-301d09121af8,Mikkel Storleer Eriksen,73e5e69d-3554-40d8-8516-00cb38737a1c,Rihanna,1,Rude Boy
3394771a-a36b-4739-bcd9-301d09121af8,Mikkel Storleer Eriksen,ca8f5844-3ab9-4071-bdc3-376ca2f44a65,Rob Swire,1,Rude Boy
afd1a907-afeb-466e-a730-7ddd2021b1a9,Milk Dee,c5bad957-7f5e-4394-8e17-ef7c360b5e9c,Nat Robinson,1,Super Rich Kids
afd1a907-afeb-466e-a730-7ddd2021b1a9,Milk Dee,8f119f99-c95e-49a4-9634-90a602484125,Prince Markie Dee,1,Super Rich Kids
afd1a907-afeb-466e-a730-7ddd2021b1a9,Milk Dee,bcfff8eb-3a09-4053-a6b7-76aed86f2ac5,Roy C. Hammond,1,Super Rich Kids
afd1a907-afeb-466e-a730-7ddd2021b1a9,Milk Dee,bf66e128-8353-404f-80d4-43916ea454d2,Thebe Kgositsile,1,Super Rich Kids
05a89764-2383-4508-a747-1cf290707326,Mirsad Dervic,d5ee9a6f-8e10-47e7-bca7-7e3f82aad769,Ali Shaheed Muhammad,1,SICKO MODE
05a89764-2383-4508-a747-1cf290707326,Mirsad Dervic,a8fcf2f0-5b1f-4dd3-9e8a-fd8dff96552a,Chylow Parker,1,SICKO MODE
05a89764-2383-4508-a747-1cf290707326,Mirsad Dervic,084e06f5-3c82-4b71-bd94-dd69e7bd515e,DJ Premier,1,SICKO MODE
05a89764-2383-4508-a747-1cf290707326,Mirsad Dervic,df78c5ab-5a5c-4875-af18-75151fcd2b44,Dinco D,1,SICKO MODE
05a89764-2383-4508-a747-1cf290707326,Mirsad Dervic,ddac1a2e-3fb5-4af6-adf0-f6008c7ddfb5,Easy Mo Bee,1,SICKO MODE
05a89764-2383-4508-a747-1cf290707326,Mirsad Dervic,646942bd-dc4c-42f0-b6a2-683821ebd5ca,Fredro Starr,1,SICKO MODE
05a89764-2383-4508-a747-1cf290707326,Mirsad Dervic,215c6ab2-7888-4061-bd56-9fb650328106,Guru,1,SICKO MODE
05a89764-2383-4508-a747-1cf290707326,Mirsad Dervic,1e8b3e4f-83c3-4b30-afa0-220363a7df5a,H.A.W.K.,1,SICKO MODE
05a89764-2383-4508-a747-1cf290707326,Mirsad Dervic,bf314a8f-5dc6-4dc5-8819-d25b4cc38164,Hit‐Boy,1,SICKO MODE
05a89764-2383-4508-a747-1cf290707326,Mirsad Dervic,b997f5fa-a728-407f-ba2d-4c43c7d883fd,Luke,1,SICKO MODE
05a89764-2383-4508-a747-1cf290707326,Mirsad Dervic,d9f3f7ca-9963-45c5-85b3-81f306614ff8,Phife Dawg,1,SICKO MODE
05a89764-2383-4508-a747-1cf290707326,Mirsad Dervic,b3c94036-6166-41d2-91a2-dc3a0b5fa188,Q‐Tip,1,SICKO MODE
05a89764-2383-4508-a747-1cf290707326,Mirsad Dervic,6754c93a-3ed2-415f-b75e-2fd743f11391,Richard Finch,1,SICKO MODE
05a89764-2383-4508-a747-1cf290707326,Mirsad Dervic,dd10cfe1-ced1-49f1-92cf-ac33265dc274,Sticky Fingaz,1,SICKO MODE
05a89764-2383-4508-a747-1cf290707326,Mirsad Dervic,a17ce9c3-8f6f-4dcc-a1b7-2a04ab9e31f0,Swae Lee,1,SICKO MODE
05a89764-2383-4508-a747-1cf290707326,Mirsad Dervic,e5d70460-7057-4cbe-9c07-11ca2dac975c,Tay Keith,1,SICKO MODE
05a89764-2383-4508-a747-1cf290707326,Mirsad Dervic,d5d97b2b-b83b-4976-814a-056d9076c8c3,The Notorious B.I.G.,1,SICKO MODE
05a89764-2383-4508-a747-1cf290707326,Mirsad Dervic,f02e98c4-a0fa-4c02-ac0a-587f4319ac87,Tyrone Taylor,1,SICKO MODE
6f57f751-8bd2-4446-adbc-c56f460c3a55,Mitch Rowland,f123bfb1-3aa1-4b45-8a8e-344aba9afdfc,Sammy Witte,1,Fine Line
a096f30d-094f-4b0f-9667-829b6be176a0,Monsune,a0248fd8-3dd1-43e7-8235-394ee92c14cc,Solomonophonic,1,Saturn
4ec8df82-bbdc-43da-bdba-8f1c8d290657,Mr. Franks,1f9e0b09-9f29-48e7-a187-3c3335e14e0d,Nija,1,positions
91376b53-c37d-4eed-ac24-63d167af6885,Murda Beatz,3faf7158-28a4-4a56-8067-82cfa6c1b64e,Donald Paton,1,BUTTERFLY EFFECT
91376b53-c37d-4eed-ac24-63d167af6885,Murda Beatz,d50548a0-3cfd-4d7a-964b-0aef6545d819,Ol’ Dirty Bastard,1,Nice for What
91376b53-c37d-4eed-ac24-63d167af6885,Murda Beatz,07d7350e-e03e-470d-8c32-bf4d8013d27a,Phillip Glen Price,1,Nice for What
91376b53-c37d-4eed-ac24-63d167af6885,Murda Beatz,29c28ac3-27c5-4822-8eb6-0af89a3a7240,RZA,1,Nice for What
91376b53-c37d-4eed-ac24-63d167af6885,Murda Beatz,4e954b02-fae2-4bd7-9547-e055a6ac0527,Raekwon,1,Nice for What
91376b53-c37d-4eed-ac24-63d167af6885,Murda Beatz,e4a51f17-a57b-47b1-b37b-f552d0f8e9e6,Travis Scott,1,BUTTERFLY EFFECT
91376b53-c37d-4eed-ac24-63d167af6885,Murda Beatz,29edaca5-7e7d-4391-b137-ff1c94a4d262,U‐God,1,Nice for What
0612bcce-e351-40be-b3d7-2bb5e1c23479,Mustard,5543cd43-6c21-4919-9395-a0945ade5364,Derrus Rachel,1,Needed Me
0612bcce-e351-40be-b3d7-2bb5e1c23479,Mustard,2c418d76-0069-4bb5-bd13-bed68da3ba25,Khaled Rohaim,1,Needed Me
0612bcce-e351-40be-b3d7-2bb5e1c23479,Mustard,c0311388-9e7e-4e4e-8906-b76d1ec3ab3c,Lewis One,1,Needed Me
0612bcce-e351-40be-b3d7-2bb5e1c23479,Mustard,8dce24b3-06ed-43ed-b027-73cb60dd7856,Nick Valentino Audino,1,Needed Me
0612bcce-e351-40be-b3d7-2bb5e1c23479,Mustard,9fd40f7b-3522-4bd1-9e38-02b58f8a0a8b,Prince Charlez,1,Needed Me
0612bcce-e351-40be-b3d7-2bb5e1c23479,Mustard,73e5e69d-3554-40d8-8516-00cb38737a1c,Rihanna,1,Needed Me
0612bcce-e351-40be-b3d7-2bb5e1c23479,Mustard,9032140b-c6ba-448d-8f05-5ac16e3aa165,Sounwave,1,Not Like Us
0612bcce-e351-40be-b3d7-2bb5e1c23479,Mustard,e96edb5d-52c3-4ba9-8097-9a4e8c5e2f88,Starrah,1,Needed Me
0612bcce-e351-40be-b3d7-2bb5e1c23479,Mustard,71d60de7-3d25-41f8-8f37-85df06f235f7,Te Whiti Warbrick,1,Needed Me
15bcee16-f294-4178-9338-34952f91aa85,Mychael Graves,ba0ff1f1-04f6-4168-96a1-24d5c478f925,Bobby Turner,1,Sanguine Paradise
15bcee16-f294-4178-9338-34952f91aa85,Mychael Graves,6256d2b2-7515-4986-b27c-af533758a156,K Camp,1,Sanguine Paradise
15bcee16-f294-4178-9338-34952f91aa85,Mychael Graves,12d0b300-61e3-4910-9177-31557a5c873e,Oogie Mane,1,Sanguine Paradise
e5d928e1-b020-4dd8-9497-7aaee1b337bd,Nadia Ali,177e7a7d-6fe0-4706-ad21-e52e49be6555,Markus Christian Moser,1,Regardless
8428f959-7662-455b-af97-f05d0d7379b9,Needlz,23e60038-d27a-49cb-8eef-7f2b6ddcaa6d,Khalil Walton,1,Just the Way You Are
599fa573-8816-4dbe-8439-2f4d486ffb8e,Nice Rec,2c66dc7e-785c-4789-ab91-cee7a5b2aab6,Pomo,1,Ladders
cf32cd72-76ee-4a2e-822d-ea675449227f,Nick Monson,31445b1e-96f3-4c7f-84ec-dd02e647e690,DJ Snake,1,Applause
cf32cd72-76ee-4a2e-822d-ea675449227f,Nick Monson,efc84232-36b5-4483-8a1d-6949ea6ebf91,DJ White Shadow,1,Applause
cf32cd72-76ee-4a2e-822d-ea675449227f,Nick Monson,cb3391cd-4933-47d6-acd3-4b81cf6f2ff5,Dino Zisis,1,Applause
0fc5c3bc-129f-47f5-8f6b-f8ac169c7722,Nick Movshon,030b7a5b-cfbe-43a1-a05a-392ea95bde00,Dylan Nowik,1,Slow Dance
c24c68b3-abcd-4fd3-9173-296c46a699bd,Nick O’Malley,ee953029-6de8-4c50-8d0f-215a1e4e8dd6,Alex Turner,1,R U Mine?
8dce24b3-06ed-43ed-b027-73cb60dd7856,Nick Valentino Audino,5543cd43-6c21-4919-9395-a0945ade5364,Derrus Rachel,1,Needed Me
8dce24b3-06ed-43ed-b027-73cb60dd7856,Nick Valentino Audino,2c418d76-0069-4bb5-bd13-bed68da3ba25,Khaled Rohaim,1,Needed Me
8dce24b3-06ed-43ed-b027-73cb60dd7856,Nick Valentino Audino,c0311388-9e7e-4e4e-8906-b76d1ec3ab3c,Lewis One,1,Needed Me
8dce24b3-06ed-43ed-b027-73cb60dd7856,Nick Valentino Audino,9fd40f7b-3522-4bd1-9e38-02b58f8a0a8b,Prince Charlez,1,Needed Me
8dce24b3-06ed-43ed-b027-73cb60dd7856,Nick Valentino Audino,e96edb5d-52c3-4ba9-8097-9a4e8c5e2f88,Starrah,1,Needed Me
8dce24b3-06ed-43ed-b027-73cb60dd7856,Nick Valentino Audino,71d60de7-3d25-41f8-8f37-85df06f235f7,Te Whiti Warbrick,1,Needed Me
1036b808-f58c-4a3e-b461-a2c4492ecf1b,Nicki Minaj,e0140a67-e4d1-4f13-8a01-364355bee46e,Justin Bieber,1,Beauty and a Beat
1036b808-f58c-4a3e-b461-a2c4492ecf1b,Nicki Minaj,56c4b861-0922-4c3a-a9b9-3bfcb00f8274,Zedd,1,Beauty and a Beat
3c5abd66-7e1f-4124-b00f-192984a2ab30,Nineteen85,7e092d19-6726-4b9a-a879-157065833481,Timmy Thomas,1,Hotline Bling
0fc41593-dc2e-45ab-994e-c0f274198541,OZ,7905f974-c899-4112-a029-a2789f1d2df8,Buddy Ross,1,I KNOW ?
15e0d608-0869-429b-898d-3d8db3ecedd5,Olivia Dean,1b3e92d4-1c68-412d-a92d-1172f24f7de3,Aqualung,1,Lady Lady
15e0d608-0869-429b-898d-3d8db3ecedd5,Olivia Dean,567bd6e3-d151-4bfb-9fdb-01b03eca8a16,Aston Rudi,1,Ladies Room
15e0d608-0869-429b-898d-3d8db3ecedd5,Olivia Dean,3dc498e4-2b87-4062-8b6c-978cf08bcb30,Britten Newbill,1,Ladies Room
15e0d608-0869-429b-898d-3d8db3ecedd5,Olivia Dean,9dfce208-d9e6-46c3-9c70-d64e143cface,Deschanel Gordon,1,Let Alone The One You Love
15e0d608-0869-429b-898d-3d8db3ecedd5,Olivia Dean,b63855b6-8c5c-4452-8c40-56e6587dc80a,James Hawkins,1,A Couple Minutes
15e0d608-0869-429b-898d-3d8db3ecedd5,Olivia Dean,fce9fc3b-fc26-42a2-a9ed-285077ccf203,Lou Ragland,1,A Couple Minutes
15e0d608-0869-429b-898d-3d8db3ecedd5,Olivia Dean,b0311291-19f9-4288-96be-e8a5da0a104a,Maverick Sabre,1,A Couple Minutes
15e0d608-0869-429b-898d-3d8db3ecedd5,Olivia Dean,508dea01-bba9-4760-919f-3570d6c36574,Zach Nahome,1,A Couple Minutes
d50548a0-3cfd-4d7a-964b-0aef6545d819,Ol’ Dirty Bastard,07d7350e-e03e-470d-8c32-bf4d8013d27a,Phillip Glen Price,1,Nice for What
d50548a0-3cfd-4d7a-964b-0aef6545d819,Ol’ Dirty Bastard,29c28ac3-27c5-4822-8eb6-0af89a3a7240,RZA,1,Nice for What
d50548a0-3cfd-4d7a-964b-0aef6545d819,Ol’ Dirty Bastard,4e954b02-fae2-4bd7-9547-e055a6ac0527,Raekwon,1,Nice for What
d50548a0-3cfd-4d7a-964b-0aef6545d819,Ol’ Dirty Bastard,29edaca5-7e7d-4391-b137-ff1c94a4d262,U‐God,1,Nice for What
3ca09fae-fdee-4771-bab9-244708515a98,Omarion,ed79d087-315b-4606-bbaf-eed024f454f2,Demarie Sheki,1,Streets
12d0b300-61e3-4910-9177-31557a5c873e,Oogie Mane,ba0ff1f1-04f6-4168-96a1-24d5c478f925,Bobby Turner,1,Sanguine Paradise
7789be50-a68c-4df2-95a0-8f4878542d88,Orville Hall,a6b90dc0-e22e-44e1-890b-87900bd9aca6,Inspectah Deck,1,Nice for What
7789be50-a68c-4df2-95a0-8f4878542d88,Orville Hall,e8414012-4a1c-4ad4-be5e-fc55294e28cc,Lauryn Hill,1,Nice for What
7789be50-a68c-4df2-95a0-8f4878542d88,Orville Hall,aa825996-e5c8-4b90-ab48-b973b82384ed,Loon,1,Nice for What
7789be50-a68c-4df2-95a0-8f4878542d88,Orville Hall,34dc70df-8b2c-4bb0-a132-0958671a509c,Mannie Fresh,1,Nice for What
7789be50-a68c-4df2-95a0-8f4878542d88,Orville Hall,fd9f268a-89ef-4577-81f4-efebc9517a07,Marvin Hamlisch,1,Nice for What
7789be50-a68c-4df2-95a0-8f4878542d88,Orville Hall,94dbfe2e-ca48-4e08-a5a8-e1e74136c63d,Method Man,1,Nice for What
7789be50-a68c-4df2-95a0-8f4878542d88,Orville Hall,91376b53-c37d-4eed-ac24-63d167af6885,Murda Beatz,1,Nice for What
7789be50-a68c-4df2-95a0-8f4878542d88,Orville Hall,d50548a0-3cfd-4d7a-964b-0aef6545d819,Ol’ Dirty Bastard,1,Nice for What
7789be50-a68c-4df2-95a0-8f4878542d88,Orville Hall,07d7350e-e03e-470d-8c32-bf4d8013d27a,Phillip Glen Price,1,Nice for What
7789be50-a68c-4df2-95a0-8f4878542d88,Orville Hall,29c28ac3-27c5-4822-8eb6-0af89a3a7240,RZA,1,Nice for What
7789be50-a68c-4df2-95a0-8f4878542d88,Orville Hall,4e954b02-fae2-4bd7-9547-e055a6ac0527,Raekwon,1,Nice for What
7789be50-a68c-4df2-95a0-8f4878542d88,Orville Hall,29edaca5-7e7d-4391-b137-ff1c94a4d262,U‐God,1,Nice for What
9f60097e-e65d-4ee6-b082-4824ec9d4c76,Oscar Görres,610b71d9-fa78-47d6-9073-083922e73840,Addison Rae,1,I got it bad
9f60097e-e65d-4ee6-b082-4824ec9d4c76,Oscar Görres,091e2b4f-1e60-408c-9ee2-06440cdb8846,Leland,1,I got it bad
f96b514d-ae79-41bb-9681-4524bf3d5da5,Oscar Lang,33c9e94c-f5fc-41e9-a8e0-151125b42470,Joseph Rodgers,1,If You Want To
613e2ab8-f471-4ece-b18b-5c863608ce77,Osman İşmen,c53a0a2e-ca8b-41f0-9308-c886b63449d6,Ali Kocatepe,1,Often
613e2ab8-f471-4ece-b18b-5c863608ce77,Osman İşmen,95349431-cc3c-411a-ba15-86b601b3966d,"Danny ""styles"" Schofield",1,Often
1171bba7-9d5a-4c9f-8dda-9e6d9d82091e,O’Donel Levy,2307602e-a3ce-4f37-bb2b-d54f1980ed5f,Paul Williams,1,Hurt Feelings
1171bba7-9d5a-4c9f-8dda-9e6d9d82091e,O’Donel Levy,552da8ff-2c8f-4060-8352-48dea991e92b,Roger Nichols,1,Hurt Feelings
bb29ebac-463e-407c-bd16-f175c48c7fab,Parlae,6dc6775b-847c-40e2-9be1-9d099cdd9063,Gerald Tiller,1,Holding on to You
bb29ebac-463e-407c-bd16-f175c48c7fab,Parlae,7fbea59f-789a-466f-90a1-0b6dc6323721,Jamall Willingham,1,Holding on to You
203506a0-2903-4d17-9b9e-ccee1e78f8fd,Patrick Bischoff-Brown,53442fb2-0e7e-47a2-b4c4-47bfb38d55aa,FKi 1st,1,5% TINT
203506a0-2903-4d17-9b9e-ccee1e78f8fd,Patrick Bischoff-Brown,81eb1203-49fa-456b-b138-41193ab179b1,Khujo Goodie,1,5% TINT
203506a0-2903-4d17-9b9e-ccee1e78f8fd,Patrick Bischoff-Brown,c1a1cc79-fe57-4b82-a7e1-402ab6492685,Ray Murray,1,5% TINT
203506a0-2903-4d17-9b9e-ccee1e78f8fd,Patrick Bischoff-Brown,061e1620-bdf8-40e6-b9d1-0b403c27a1e8,Rico Wade,1,5% TINT
203506a0-2903-4d17-9b9e-ccee1e78f8fd,Patrick Bischoff-Brown,b60ee7a4-1f2d-4df7-aecc-b1b35fd32bf4,T‐Mo,1,5% TINT
2a0839df-90d6-426b-88f4-5970e8b0026a,Patrick “j.Que” Smith,ead5514d-8fd9-42b7-bd5d-93ff69e98a07,Dewain Whitmore,1,Die for You
2a0839df-90d6-426b-88f4-5970e8b0026a,Patrick “j.Que” Smith,deb7471a-0144-48f0-bb5d-e9dd7ddac903,Wesley Singerman,1,Die for You
ffadf26a-2593-4eaf-8c5d-a54cbc5aedc5,Patrik Berger,260b6184-8828-48eb-945c-bc4cb6fc34ca,Charli xcx,1,Boom Clap
ffadf26a-2593-4eaf-8c5d-a54cbc5aedc5,Patrik Berger,33cef736-939f-4f57-a1f8-67eb128e090d,Stefan Gräslund,1,Boom Clap
1a44c723-042e-488c-aab8-c5edf2f6d06e,Peter Gonzales,c192fdc1-fd6f-4881-ba9c-92037778d450,Craig Balmoris,1,Eat Your Young
1a44c723-042e-488c-aab8-c5edf2f6d06e,Peter Gonzales,8c089819-c4a7-4834-9f03-72cbde41f150,Marius Feder,1,Eat Your Young
e2fe6624-304c-438f-9c83-63601910db73,Peter Lee Johnson,d5cd6528-3185-4f1b-a297-807b00b16f83,Daniel Lopatin,1,Is There Someone Else?
e2fe6624-304c-438f-9c83-63601910db73,Peter Lee Johnson,9fa8fdc4-91f3-4266-81e5-3c42e943217b,TBHits,1,Is There Someone Else?
149f91ef-1287-46da-9a8e-87fee02f1471,Pharrell Williams,b0ad6d5e-44f1-41a3-a452-1c378d350cb8,Kevin Parker,1,SKELETONS
149f91ef-1287-46da-9a8e-87fee02f1471,Pharrell Williams,73e36439-1e9a-4925-bf2c-1d7f7885fbb0,Mike Dean,1,SKELETONS
149f91ef-1287-46da-9a8e-87fee02f1471,Pharrell Williams,c12a184d-ab9b-4acf-a1dd-43978705d6e9,Reine Fiske,1,SKELETONS
149f91ef-1287-46da-9a8e-87fee02f1471,Pharrell Williams,e4a51f17-a57b-47b1-b37b-f552d0f8e9e6,Travis Scott,1,SKELETONS
149f91ef-1287-46da-9a8e-87fee02f1471,Pharrell Williams,164f0d73-1234-4e2c-8743-d77bf2191051,Ye,1,SKELETONS
d9f3f7ca-9963-45c5-85b3-81f306614ff8,Phife Dawg,084e06f5-3c82-4b71-bd94-dd69e7bd515e,DJ Premier,1,SICKO MODE
d9f3f7ca-9963-45c5-85b3-81f306614ff8,Phife Dawg,b3c94036-6166-41d2-91a2-dc3a0b5fa188,Q‐Tip,1,SICKO MODE
d9f3f7ca-9963-45c5-85b3-81f306614ff8,Phife Dawg,dd10cfe1-ced1-49f1-92cf-ac33265dc274,Sticky Fingaz,1,SICKO MODE
d9f3f7ca-9963-45c5-85b3-81f306614ff8,Phife Dawg,e5d70460-7057-4cbe-9c07-11ca2dac975c,Tay Keith,1,SICKO MODE
d9f3f7ca-9963-45c5-85b3-81f306614ff8,Phife Dawg,f02e98c4-a0fa-4c02-ac0a-587f4319ac87,Tyrone Taylor,1,SICKO MODE
3d2ee04c-c21d-424d-91da-afd66258438e,Philip Lawrence,37ba3b7e-ab55-4743-b796-d88b50b963a0,Albert Winkler,1,Talking to the Moon
3d2ee04c-c21d-424d-91da-afd66258438e,Philip Lawrence,73b23b50-8523-4808-a519-2fff19ab8c8a,Andrew Wyatt,1,Grenade
3d2ee04c-c21d-424d-91da-afd66258438e,Philip Lawrence,396d316b-a9de-4c3e-88e8-a1caf730a6b5,Claude Kelly,1,Grenade
3d2ee04c-c21d-424d-91da-afd66258438e,Philip Lawrence,a2fdc044-010f-4317-97d2-a1c67e978543,Jeff Bhasker,1,Talking to the Moon
3d2ee04c-c21d-424d-91da-afd66258438e,Philip Lawrence,23e60038-d27a-49cb-8eef-7f2b6ddcaa6d,Khalil Walton,1,Just the Way You Are
3d2ee04c-c21d-424d-91da-afd66258438e,Philip Lawrence,ee421ee4-f861-405d-8730-29cb512dfdbd,K’naan,1,The Lazy Song
3d2ee04c-c21d-424d-91da-afd66258438e,Philip Lawrence,8428f959-7662-455b-af97-f05d0d7379b9,Needlz,1,Just the Way You Are
07d7350e-e03e-470d-8c32-bf4d8013d27a,Phillip Glen Price,29c28ac3-27c5-4822-8eb6-0af89a3a7240,RZA,1,Nice for What
07d7350e-e03e-470d-8c32-bf4d8013d27a,Phillip Glen Price,4e954b02-fae2-4bd7-9547-e055a6ac0527,Raekwon,1,Nice for What
07d7350e-e03e-470d-8c32-bf4d8013d27a,Phillip Glen Price,29edaca5-7e7d-4391-b137-ff1c94a4d262,U‐God,1,Nice for What
d05ae113-813b-486f-9d29-da1174ac6591,Pink Slip,5ce9a259-9071-4ba2-bfb0-52f5a321c0e9,Tim Randolph,1,Gnarly
7441014f-f8f5-494f-81db-ff166fbc078d,PinkPantheress,fa9b664a-cfd0-4088-8ed4-a4d7045d351f,Brendon Urie,1,Tonight
7441014f-f8f5-494f-81db-ff166fbc078d,PinkPantheress,718d1fdf-efa3-443e-8cd5-2e67403786f1,Count Baldor,1,Tonight
7441014f-f8f5-494f-81db-ff166fbc078d,PinkPantheress,90cd1311-85df-45fc-9783-c7a23cfba45a,Darren Emerson,1,Illegal
7441014f-f8f5-494f-81db-ff166fbc078d,PinkPantheress,6f2c949d-9540-4421-bf02-27ae27e00e33,Ice Spice,1,Boy's a liar Pt. 2
7441014f-f8f5-494f-81db-ff166fbc078d,PinkPantheress,52dd5890-b068-499e-a192-6f3e9a4cee07,Jon Walker,1,Tonight
7441014f-f8f5-494f-81db-ff166fbc078d,PinkPantheress,05de4cde-ba6e-4be8-a8fb-0aa4f6c56df8,Karl Hyde,1,Illegal
7441014f-f8f5-494f-81db-ff166fbc078d,PinkPantheress,ad5ed770-c776-42fe-affb-3c462e000f6d,Rick Smith,1,Illegal
7441014f-f8f5-494f-81db-ff166fbc078d,PinkPantheress,f10f8200-9dec-4670-a1dd-eeba14f02def,Ryan Ross,1,Tonight
7441014f-f8f5-494f-81db-ff166fbc078d,PinkPantheress,3efdb042-6e1c-45f3-b66b-d56ce59f9025,Spencer Smith,1,Tonight
7441014f-f8f5-494f-81db-ff166fbc078d,PinkPantheress,ba38bbb9-567e-40e3-8cf4-5f5752d36018,aksel arvid,1,Tonight
93799ec2-00ba-490e-8e89-e24418839437,Pontus Winnberg,d4ac3218-5a0b-4ba5-89f0-da3248bebb9f,Klas Åhlund,1,Piece of Me
9fd05d1b-04e9-42e6-a9ee-2d23bfbfcd4e,Poo Bear,a3299ed0-5b7d-48e6-9425-23a3d51d7660,Axident,1,Company
9fd05d1b-04e9-42e6-a9ee-2d23bfbfcd4e,Poo Bear,6602cab2-65b5-4341-99c5-b05fa897f256,Big Taste,1,Company
9fd05d1b-04e9-42e6-a9ee-2d23bfbfcd4e,Poo Bear,5bb2ca9b-4862-4770-bc64-ceab41d13f5b,JHart,1,Company
9fd05d1b-04e9-42e6-a9ee-2d23bfbfcd4e,Poo Bear,654256b0-efd2-465a-b491-2937ba8f8080,James Wong,1,Company
9fd05d1b-04e9-42e6-a9ee-2d23bfbfcd4e,Poo Bear,af6be531-7ff5-404c-b3ec-34db5c6bc4a0,Thomas Troelsen,1,Company
b366251f-5dbe-41ae-b82c-7255a1989b6f,Prince 85,7aa27474-7b32-46c5-a065-ec831e8a70da,Billy Walsh,1,Die for You
9fd40f7b-3522-4bd1-9e38-02b58f8a0a8b,Prince Charlez,5543cd43-6c21-4919-9395-a0945ade5364,Derrus Rachel,1,Needed Me
9fd40f7b-3522-4bd1-9e38-02b58f8a0a8b,Prince Charlez,2c418d76-0069-4bb5-bd13-bed68da3ba25,Khaled Rohaim,1,Needed Me
9fd40f7b-3522-4bd1-9e38-02b58f8a0a8b,Prince Charlez,c0311388-9e7e-4e4e-8906-b76d1ec3ab3c,Lewis One,1,Needed Me
9fd40f7b-3522-4bd1-9e38-02b58f8a0a8b,Prince Charlez,e96edb5d-52c3-4ba9-8097-9a4e8c5e2f88,Starrah,1,Needed Me
9fd40f7b-3522-4bd1-9e38-02b58f8a0a8b,Prince Charlez,71d60de7-3d25-41f8-8f37-85df06f235f7,Te Whiti Warbrick,1,Needed Me
8f119f99-c95e-49a4-9634-90a602484125,Prince Markie Dee,c5bad957-7f5e-4394-8e17-ef7c360b5e9c,Nat Robinson,1,Super Rich Kids
809dad11-6b57-4a7c-b334-44f9f96fd3ea,Punch,c10c4dbe-0680-4a2a-ae37-c3010b44c99a,Macie Stewart,1,Drew Barrymore
b3c94036-6166-41d2-91a2-dc3a0b5fa188,Q‐Tip,dd10cfe1-ced1-49f1-92cf-ac33265dc274,Sticky Fingaz,1,SICKO MODE
b3c94036-6166-41d2-91a2-dc3a0b5fa188,Q‐Tip,e5d70460-7057-4cbe-9c07-11ca2dac975c,Tay Keith,1,SICKO MODE
b3c94036-6166-41d2-91a2-dc3a0b5fa188,Q‐Tip,f02e98c4-a0fa-4c02-ac0a-587f4319ac87,Tyrone Taylor,1,SICKO MODE
8be564c3-dfba-440b-af8c-4ffbceeef45e,RAYE,81d47599-3da6-4332-8422-fd67e980dbaa,Akil King,1,Worth It.
8be564c3-dfba-440b-af8c-4ffbceeef45e,RAYE,c97a32c2-1fbc-44eb-a28b-cee23c135844,Anton Göransson,1,The Thrill Is Gone.
8be564c3-dfba-440b-af8c-4ffbceeef45e,RAYE,9946ee92-71d5-4769-9400-443d54f4acd2,Brandon Colbein,1,Hard Out Here.
8be564c3-dfba-440b-af8c-4ffbceeef45e,RAYE,beccdfc5-5630-4560-a7a3-b48f9a08a5c8,Isabella Sjöstrand,1,The Thrill Is Gone.
8be564c3-dfba-440b-af8c-4ffbceeef45e,RAYE,d271d98b-3530-432d-b145-508067818644,John Hill,1,Worth It.
8be564c3-dfba-440b-af8c-4ffbceeef45e,RAYE,341c17a8-4f79-4054-8a7c-2f823a0d7b2f,John Nicholas Ealand Morgan,1,Black Mascara.
8be564c3-dfba-440b-af8c-4ffbceeef45e,RAYE,177e7a7d-6fe0-4706-ad21-e52e49be6555,Markus Christian Moser,1,Regardless
8be564c3-dfba-440b-af8c-4ffbceeef45e,RAYE,e6c53d7f-3a6c-4785-8650-01d2a726cf68,"Marvin ""Tony"" Hemmings",1,Genesis.
8be564c3-dfba-440b-af8c-4ffbceeef45e,RAYE,e5d928e1-b020-4dd8-9497-7aaee1b337bd,Nadia Ali,1,Regardless
8be564c3-dfba-440b-af8c-4ffbceeef45e,RAYE,043e1ada-0c7e-4a91-ae81-7d76fc63eb7f,"Stephen ""Di Genius"" McGregor",1,Flip a Switch.
8be564c3-dfba-440b-af8c-4ffbceeef45e,RAYE,897a3b7d-7bc3-4efb-83aa-ad3844f38960,Tom Richards,1,Genesis.
8be564c3-dfba-440b-af8c-4ffbceeef45e,RAYE,a71a3e46-0ef4-493f-894a-146e234c7f38,William Martyn Lansley,1,Black Mascara.
8be564c3-dfba-440b-af8c-4ffbceeef45e,RAYE,07234b8a-7a2a-4d65-9c81-c131710fc439,shanks.,1,Genesis.
29c28ac3-27c5-4822-8eb6-0af89a3a7240,RZA,29edaca5-7e7d-4391-b137-ff1c94a4d262,U‐God,1,Nice for What
4e954b02-fae2-4bd7-9547-e055a6ac0527,Raekwon,29c28ac3-27c5-4822-8eb6-0af89a3a7240,RZA,1,Nice for What
4e954b02-fae2-4bd7-9547-e055a6ac0527,Raekwon,29edaca5-7e7d-4391-b137-ff1c94a4d262,U‐God,1,Nice for What
65b8e580-2313-42ec-9c3a-81ef36fc29c5,Rafael Akinyemi,29d86953-5c2c-4e4f-aa47-e7aa61dea9b0,Nikesha Briscoe,1,Womanizer
da3f4766-628e-4da3-a871-014728993157,Ralf Hütter,e47b4862-a587-488f-b7a7-bd329726693d,Emil Schult,1,Talk
b13f0288-830a-4ad7-9c60-830f545e5e2b,Rami,610b71d9-fa78-47d6-9073-083922e73840,Addison Rae,1,I got it bad
b13f0288-830a-4ad7-9c60-830f545e5e2b,Rami,df5274d8-1060-4097-a916-a5f888e400a9,Giorgio Tuinfort,1,One Last Time
b13f0288-830a-4ad7-9c60-830f545e5e2b,Rami,091e2b4f-1e60-408c-9ee2-06440cdb8846,Leland,1,I got it bad
b13f0288-830a-4ad7-9c60-830f545e5e2b,Rami,d9152066-a306-477c-b07c-e5df0eb29eeb,Madison Love,1,I got it bad
b13f0288-830a-4ad7-9c60-830f545e5e2b,Rami,9f60097e-e65d-4ee6-b082-4824ec9d4c76,Oscar Görres,1,I got it bad
2ce02909-598b-44ef-a456-151ba0a3bd70,Ray Charles,3e7beb58-2991-4ac8-84cd-915f1d46acd5,Renald Richard,1,Gold Digger
c1a1cc79-fe57-4b82-a7e1-402ab6492685,Ray Murray,061e1620-bdf8-40e6-b9d1-0b403c27a1e8,Rico Wade,1,5% TINT
c1a1cc79-fe57-4b82-a7e1-402ab6492685,Ray Murray,b60ee7a4-1f2d-4df7-aecc-b1b35fd32bf4,T‐Mo,1,5% TINT
d70f46f1-78a7-40d6-9961-80e9d6d92c71,Ray Romulus,104c4233-f393-4ce9-a9f4-cd9f84426925,Jonathan Yip,1,Somebody to Love
8c84402d-f282-4afc-8d64-049bdaabb92d,RedOne,1138a764-2212-4d0a-b02d-0dc14df91e08,Akon,1,Just Dance
8c84402d-f282-4afc-8d64-049bdaabb92d,RedOne,92f29d03-1d89-42a6-9ea7-ed17bc5d6dc1,Space Cowboy,1,Monster
92781466-f1a9-4ffc-9143-d65a2c77fd64,Redfoo,044fd265-79dd-43eb-afc4-8b20becf7e17,Thundercat,1,King Kunta
c12a184d-ab9b-4acf-a1dd-43978705d6e9,Reine Fiske,b0ad6d5e-44f1-41a3-a452-1c378d350cb8,Kevin Parker,1,SKELETONS
c7823c0a-406c-4657-a2fb-fbd8c731b7cf,Ricci Riera,74a30f2a-dae6-4e99-8a75-cb0f93b31aa6,Washed Out,1,sdp interlude
8516f0de-3190-4fde-994c-1f32ffd9af18,Richard Fairbrass,43225337-b9fa-4fc5-b4cc-990b72fd149b,Robert Manzoli,1,Look What You Made Me Do
6754c93a-3ed2-415f-b75e-2fd743f11391,Richard Finch,d5ee9a6f-8e10-47e7-bca7-7e3f82aad769,Ali Shaheed Muhammad,1,SICKO MODE
6754c93a-3ed2-415f-b75e-2fd743f11391,Richard Finch,a8fcf2f0-5b1f-4dd3-9e8a-fd8dff96552a,Chylow Parker,1,SICKO MODE
6754c93a-3ed2-415f-b75e-2fd743f11391,Richard Finch,084e06f5-3c82-4b71-bd94-dd69e7bd515e,DJ Premier,1,SICKO MODE
6754c93a-3ed2-415f-b75e-2fd743f11391,Richard Finch,646942bd-dc4c-42f0-b6a2-683821ebd5ca,Fredro Starr,1,SICKO MODE
6754c93a-3ed2-415f-b75e-2fd743f11391,Richard Finch,215c6ab2-7888-4061-bd56-9fb650328106,Guru,1,SICKO MODE
6754c93a-3ed2-415f-b75e-2fd743f11391,Richard Finch,1e8b3e4f-83c3-4b30-afa0-220363a7df5a,H.A.W.K.,1,SICKO MODE
6754c93a-3ed2-415f-b75e-2fd743f11391,Richard Finch,bf314a8f-5dc6-4dc5-8819-d25b4cc38164,Hit‐Boy,1,SICKO MODE
6754c93a-3ed2-415f-b75e-2fd743f11391,Richard Finch,b997f5fa-a728-407f-ba2d-4c43c7d883fd,Luke,1,SICKO MODE
6754c93a-3ed2-415f-b75e-2fd743f11391,Richard Finch,d9f3f7ca-9963-45c5-85b3-81f306614ff8,Phife Dawg,1,SICKO MODE
6754c93a-3ed2-415f-b75e-2fd743f11391,Richard Finch,b3c94036-6166-41d2-91a2-dc3a0b5fa188,Q‐Tip,1,SICKO MODE
6754c93a-3ed2-415f-b75e-2fd743f11391,Richard Finch,dd10cfe1-ced1-49f1-92cf-ac33265dc274,Sticky Fingaz,1,SICKO MODE
6754c93a-3ed2-415f-b75e-2fd743f11391,Richard Finch,a17ce9c3-8f6f-4dcc-a1b7-2a04ab9e31f0,Swae Lee,1,SICKO MODE
6754c93a-3ed2-415f-b75e-2fd743f11391,Richard Finch,e5d70460-7057-4cbe-9c07-11ca2dac975c,Tay Keith,1,SICKO MODE
6754c93a-3ed2-415f-b75e-2fd743f11391,Richard Finch,d5d97b2b-b83b-4976-814a-056d9076c8c3,The Notorious B.I.G.,1,SICKO MODE
6754c93a-3ed2-415f-b75e-2fd743f11391,Richard Finch,f02e98c4-a0fa-4c02-ac0a-587f4319ac87,Tyrone Taylor,1,SICKO MODE
07aebfa0-55d6-47e0-a284-12330e3eae0d,Rick Rubin,0d3bf21a-5eec-443c-9a37-b305598b0840,Adam Yauch,1,Doin' Time
73e5e69d-3554-40d8-8516-00cb38737a1c,Rihanna,6666a6fc-930d-4cf4-aeca-eebf27e84ebf,Aalias,1,The Monster
73e5e69d-3554-40d8-8516-00cb38737a1c,Rihanna,db8fad3a-e131-47a1-8782-c2ee93708cdd,Bebe Rexha,1,The Monster
73e5e69d-3554-40d8-8516-00cb38737a1c,Rihanna,5543cd43-6c21-4919-9395-a0945ade5364,Derrus Rachel,1,Needed Me
73e5e69d-3554-40d8-8516-00cb38737a1c,Rihanna,b95ce3ff-3d05-4e87-9e01-c97b66af13d4,Eminem,1,The Monster
73e5e69d-3554-40d8-8516-00cb38737a1c,Rihanna,13c74252-ddd1-4f12-92e8-dc547f387ee3,Fred Ball,1,Love on the Brain
73e5e69d-3554-40d8-8516-00cb38737a1c,Rihanna,c1c21547-5b3a-4559-ab25-810a6ca184ff,Frequency,1,The Monster
73e5e69d-3554-40d8-8516-00cb38737a1c,Rihanna,2bd8101a-11c3-42d5-a9bd-6a3b26445f7e,Jon Bellion,1,The Monster
73e5e69d-3554-40d8-8516-00cb38737a1c,Rihanna,84dcf9b5-e200-44d3-888d-f5599a63c0fe,Joseph Angel,1,Love on the Brain
73e5e69d-3554-40d8-8516-00cb38737a1c,Rihanna,2c418d76-0069-4bb5-bd13-bed68da3ba25,Khaled Rohaim,1,Needed Me
73e5e69d-3554-40d8-8516-00cb38737a1c,Rihanna,c0311388-9e7e-4e4e-8906-b76d1ec3ab3c,Lewis One,1,Needed Me
73e5e69d-3554-40d8-8516-00cb38737a1c,Rihanna,6db61674-3b9d-4d5b-9349-fd590a998225,Maki Athanasiou,1,The Monster
73e5e69d-3554-40d8-8516-00cb38737a1c,Rihanna,8dce24b3-06ed-43ed-b027-73cb60dd7856,Nick Valentino Audino,1,Needed Me
73e5e69d-3554-40d8-8516-00cb38737a1c,Rihanna,9fd40f7b-3522-4bd1-9e38-02b58f8a0a8b,Prince Charlez,1,Needed Me
73e5e69d-3554-40d8-8516-00cb38737a1c,Rihanna,ca8f5844-3ab9-4071-bdc3-376ca2f44a65,Rob Swire,1,Rude Boy
73e5e69d-3554-40d8-8516-00cb38737a1c,Rihanna,e96edb5d-52c3-4ba9-8097-9a4e8c5e2f88,Starrah,1,Needed Me
73e5e69d-3554-40d8-8516-00cb38737a1c,Rihanna,71d60de7-3d25-41f8-8f37-85df06f235f7,Te Whiti Warbrick,1,Needed Me
e01c14e7-ed28-401a-a2ae-8333e76a6a4b,Rob Bisel,af8eb019-bf64-468f-badd-a221398b7c6f,Aire Atlantica,1,Low
e01c14e7-ed28-401a-a2ae-8333e76a6a4b,Rob Bisel,8ea9e75f-b304-4d94-958c-13b45c7da900,Alessandro Buccellati,1,Low
e01c14e7-ed28-401a-a2ae-8333e76a6a4b,Rob Bisel,b2764057-7b17-42fd-84db-2b67f9d91915,Cian Ducrot,1,Saturn
e01c14e7-ed28-401a-a2ae-8333e76a6a4b,Rob Bisel,596987b7-2414-4d29-89b9-07302e3bec8c,Dylan Patrice,1,I Hate U
e01c14e7-ed28-401a-a2ae-8333e76a6a4b,Rob Bisel,e0083bb1-bb24-498f-b072-268aa55b5e3e,Jozzy,1,Low
e01c14e7-ed28-401a-a2ae-8333e76a6a4b,Rob Bisel,caad40a1-2356-4f82-8b00-c0d1b7170641,Margaux Whitney,1,Blind
e01c14e7-ed28-401a-a2ae-8333e76a6a4b,Rob Bisel,a096f30d-094f-4b0f-9667-829b6be176a0,Monsune,1,Saturn
e01c14e7-ed28-401a-a2ae-8333e76a6a4b,Rob Bisel,eac4f405-76a7-4730-ab09-9c0efc6ec445,Robin Weisse,1,Nobody Gets Me
e01c14e7-ed28-401a-a2ae-8333e76a6a4b,Rob Bisel,a0248fd8-3dd1-43e7-8235-394ee92c14cc,Solomonophonic,1,Saturn
e01c14e7-ed28-401a-a2ae-8333e76a6a4b,Rob Bisel,f5cef93c-1266-4e61-85d6-3386634e44bb,ThankGod4Cody,1,I Hate U
e01c14e7-ed28-401a-a2ae-8333e76a6a4b,Rob Bisel,b9664e5e-a6eb-4bba-9a8e-b205426c5ba3,Will Miller,1,Blind
f1dd0051-5578-45a7-a733-03113626407f,Rob Bourdon,6bfe9806-b477-4750-8bd2-b1d0acf901a9,Mark Wakefield,1,Runaway
0080cace-36e2-46c6-8ac2-b4729b805244,Robert Allen,9c964d46-8b84-46c1-90ca-fb241ad1b1f2,Andre Merritt,1,Disturbia
0080cace-36e2-46c6-8ac2-b4729b805244,Robert Allen,50b95bb6-dcdc-4424-ba3b-e48692d954bf,Brian Kennedy,1,Disturbia
0080cace-36e2-46c6-8ac2-b4729b805244,Robert Allen,c234fa42-e6a6-443e-937e-2f4b073538a3,Chris Brown,1,Disturbia
c6f94231-34c7-432e-9bf9-e831b861dd33,Robert Lee Hill,502775a7-8a92-44e5-8d81-de6c4d769eb2,Bernard Leverette,1,Holding on to You
c6f94231-34c7-432e-9bf9-e831b861dd33,Robert Lee Hill,d7e4d953-1324-40a4-ad34-fca23555888e,Deangelo Hunt,1,Holding on to You
c6f94231-34c7-432e-9bf9-e831b861dd33,Robert Lee Hill,6dc6775b-847c-40e2-9be1-9d099cdd9063,Gerald Tiller,1,Holding on to You
c6f94231-34c7-432e-9bf9-e831b861dd33,Robert Lee Hill,7fbea59f-789a-466f-90a1-0b6dc6323721,Jamall Willingham,1,Holding on to You
c6f94231-34c7-432e-9bf9-e831b861dd33,Robert Lee Hill,bb29ebac-463e-407c-bd16-f175c48c7fab,Parlae,1,Holding on to You
7d1a1624-784b-4f89-8ff9-b9b493cd059d,Robert Smith,d7557f83-02a4-47c4-b48e-ac9d49f9c92c,Lol Tolhurst,1,Boys Don't Cry
5c882e22-3467-4cc3-8c77-6595288f3b39,Rodney Jerkins,d863e16e-8811-4182-a168-4d85da239d79,Cory Rooney,1,Teenage Fever
5c882e22-3467-4cc3-8c77-6595288f3b39,Rodney Jerkins,9fff2f8a-21e6-47de-a2b8-7f449929d43f,Drake,1,Teenage Fever
5c882e22-3467-4cc3-8c77-6595288f3b39,Rodney Jerkins,bc37c604-a619-4ca8-a0f2-44ae1e2c8cc2,Fred Jerkins,1,Teenage Fever
5c882e22-3467-4cc3-8c77-6595288f3b39,Rodney Jerkins,f0602f55-1770-483d-89bd-4bae0d0ac086,Jennifer Lopez,1,Teenage Fever
5c882e22-3467-4cc3-8c77-6595288f3b39,Rodney Jerkins,c8ff30ec-f29e-4a4e-b46e-ec64fa90f3c1,"Marvin ""Hagler"" Thomas",1,Teenage Fever
5c882e22-3467-4cc3-8c77-6595288f3b39,Rodney Jerkins,e6c53d7f-3a6c-4785-8650-01d2a726cf68,"Marvin ""Tony"" Hemmings",1,Genesis.
5c882e22-3467-4cc3-8c77-6595288f3b39,Rodney Jerkins,8be564c3-dfba-440b-af8c-4ffbceeef45e,RAYE,1,Genesis.
5c882e22-3467-4cc3-8c77-6595288f3b39,Rodney Jerkins,a228bc1a-8bdf-4a1d-ad91-292b5712e7eb,Rob Gueringer,1,Shirt
5c882e22-3467-4cc3-8c77-6595288f3b39,Rodney Jerkins,272989c8-5535-492d-a25c-9f58803e027f,SZA,1,Shirt
5c882e22-3467-4cc3-8c77-6595288f3b39,Rodney Jerkins,897a3b7d-7bc3-4efb-83aa-ad3844f38960,Tom Richards,1,Genesis.
5c882e22-3467-4cc3-8c77-6595288f3b39,Rodney Jerkins,07234b8a-7a2a-4d65-9c81-c131710fc439,shanks.,1,Genesis.
552da8ff-2c8f-4060-8352-48dea991e92b,Roger Nichols,2307602e-a3ce-4f37-bb2b-d54f1980ed5f,Paul Williams,1,Hurt Feelings
b6211627-0089-4142-b7d1-57d56d1def42,Rogét Chahayed,d5ee9a6f-8e10-47e7-bca7-7e3f82aad769,Ali Shaheed Muhammad,1,SICKO MODE
b6211627-0089-4142-b7d1-57d56d1def42,Rogét Chahayed,a8fcf2f0-5b1f-4dd3-9e8a-fd8dff96552a,Chylow Parker,1,SICKO MODE
b6211627-0089-4142-b7d1-57d56d1def42,Rogét Chahayed,6a9e461c-e3c5-4794-a203-98a15daea2df,Cyhi the Prynce,1,SICKO MODE
b6211627-0089-4142-b7d1-57d56d1def42,Rogét Chahayed,084e06f5-3c82-4b71-bd94-dd69e7bd515e,DJ Premier,1,SICKO MODE
b6211627-0089-4142-b7d1-57d56d1def42,Rogét Chahayed,df78c5ab-5a5c-4875-af18-75151fcd2b44,Dinco D,1,SICKO MODE
b6211627-0089-4142-b7d1-57d56d1def42,Rogét Chahayed,ddac1a2e-3fb5-4af6-adf0-f6008c7ddfb5,Easy Mo Bee,1,SICKO MODE
b6211627-0089-4142-b7d1-57d56d1def42,Rogét Chahayed,646942bd-dc4c-42f0-b6a2-683821ebd5ca,Fredro Starr,1,SICKO MODE
b6211627-0089-4142-b7d1-57d56d1def42,Rogét Chahayed,215c6ab2-7888-4061-bd56-9fb650328106,Guru,1,SICKO MODE
b6211627-0089-4142-b7d1-57d56d1def42,Rogét Chahayed,1e8b3e4f-83c3-4b30-afa0-220363a7df5a,H.A.W.K.,1,SICKO MODE
b6211627-0089-4142-b7d1-57d56d1def42,Rogét Chahayed,bf314a8f-5dc6-4dc5-8819-d25b4cc38164,Hit‐Boy,1,SICKO MODE
b6211627-0089-4142-b7d1-57d56d1def42,Rogét Chahayed,b997f5fa-a728-407f-ba2d-4c43c7d883fd,Luke,1,SICKO MODE
b6211627-0089-4142-b7d1-57d56d1def42,Rogét Chahayed,73e36439-1e9a-4925-bf2c-1d7f7885fbb0,Mike Dean,1,SICKO MODE
b6211627-0089-4142-b7d1-57d56d1def42,Rogét Chahayed,05a89764-2383-4508-a747-1cf290707326,Mirsad Dervic,1,SICKO MODE
b6211627-0089-4142-b7d1-57d56d1def42,Rogét Chahayed,d9f3f7ca-9963-45c5-85b3-81f306614ff8,Phife Dawg,1,SICKO MODE
b6211627-0089-4142-b7d1-57d56d1def42,Rogét Chahayed,b3c94036-6166-41d2-91a2-dc3a0b5fa188,Q‐Tip,1,SICKO MODE
b6211627-0089-4142-b7d1-57d56d1def42,Rogét Chahayed,6754c93a-3ed2-415f-b75e-2fd743f11391,Richard Finch,1,SICKO MODE
b6211627-0089-4142-b7d1-57d56d1def42,Rogét Chahayed,dd10cfe1-ced1-49f1-92cf-ac33265dc274,Sticky Fingaz,1,SICKO MODE
b6211627-0089-4142-b7d1-57d56d1def42,Rogét Chahayed,a17ce9c3-8f6f-4dcc-a1b7-2a04ab9e31f0,Swae Lee,1,SICKO MODE
b6211627-0089-4142-b7d1-57d56d1def42,Rogét Chahayed,e5d70460-7057-4cbe-9c07-11ca2dac975c,Tay Keith,1,SICKO MODE
b6211627-0089-4142-b7d1-57d56d1def42,Rogét Chahayed,d5d97b2b-b83b-4976-814a-056d9076c8c3,The Notorious B.I.G.,1,SICKO MODE
b6211627-0089-4142-b7d1-57d56d1def42,Rogét Chahayed,f02e98c4-a0fa-4c02-ac0a-587f4319ac87,Tyrone Taylor,1,SICKO MODE
0fd198b5-bd99-417e-9ff1-d629ee7af6bb,Ron “Neff-U” Feemster,336df230-ce50-4d5f-9091-a2b093c488ba,Christopher Jefferies,1,Streets
0fd198b5-bd99-417e-9ff1-d629ee7af6bb,Ron “Neff-U” Feemster,4363b0ab-e440-44a0-9aa2-d516c993dac4,Darius Logan,1,Streets
0fd198b5-bd99-417e-9ff1-d629ee7af6bb,Ron “Neff-U” Feemster,ed79d087-315b-4606-bbaf-eed024f454f2,Demarie Sheki,1,Streets
0fd198b5-bd99-417e-9ff1-d629ee7af6bb,Ron “Neff-U” Feemster,7b2447b8-b1a8-4dc1-a785-90a95ee6958d,Dominique Logan,1,Streets
0fd198b5-bd99-417e-9ff1-d629ee7af6bb,Ron “Neff-U” Feemster,3ca09fae-fdee-4771-bab9-244708515a98,Omarion,1,Streets
66a7117a-4b67-4a85-83bf-94491340d22d,Rostam,1b8e1cbe-50b2-4854-ac03-b362cee3c2ad,Nicholas Breton,1,Bags
66a7117a-4b67-4a85-83bf-94491340d22d,Rostam,94223d29-2a1a-452c-81dc-62d21acf2f8a,Peter CottonTale,1,Softly
bcfff8eb-3a09-4053-a6b7-76aed86f2ac5,Roy C. Hammond,bf99c161-ab38-46b9-9a2d-eea0f5edc207,Charles Simmons,1,Wet Dreamz
bcfff8eb-3a09-4053-a6b7-76aed86f2ac5,Roy C. Hammond,875203e1-8e58-4b86-8dcb-7190faf411c5,J. Cole,1,Wet Dreamz
bcfff8eb-3a09-4053-a6b7-76aed86f2ac5,Roy C. Hammond,c5bad957-7f5e-4394-8e17-ef7c360b5e9c,Nat Robinson,1,Super Rich Kids
bcfff8eb-3a09-4053-a6b7-76aed86f2ac5,Roy C. Hammond,8f119f99-c95e-49a4-9634-90a602484125,Prince Markie Dee,1,Super Rich Kids
bcfff8eb-3a09-4053-a6b7-76aed86f2ac5,Roy C. Hammond,bf66e128-8353-404f-80d4-43916ea454d2,Thebe Kgositsile,1,Super Rich Kids
b90336cf-2d67-4ded-a02d-c129a3fdf251,Ryan Dusick,f8abfd32-73f9-49e7-9b88-3e47ea27a2cd,James Valentine,1,Sunday Morning
b90336cf-2d67-4ded-a02d-c129a3fdf251,Ryan Dusick,7bfe45a0-f000-43ee-965f-39a564980022,Mickey Madden,1,Sunday Morning
f10f8200-9dec-4670-a1dd-eeba14f02def,Ryan Ross,52dd5890-b068-499e-a192-6f3e9a4cee07,Jon Walker,1,Tonight
0bc6d6e7-0858-4b73-a079-7aa681095f98,Ryan Tedder,5180f77d-cd2e-423e-94ba-67fc95c11e19,Ammar Malik,1,Maps
0bc6d6e7-0858-4b73-a079-7aa681095f98,Ryan Tedder,29871918-3352-424d-8615-783d8f30c399,LOSTBOY,1,2 hands
0bc6d6e7-0858-4b73-a079-7aa681095f98,Ryan Tedder,746219b8-6b82-40f6-ac63-93aa98812db8,Noel Zancanella,1,Maps
272989c8-5535-492d-a25c-9f58803e027f,SZA,af8eb019-bf64-468f-badd-a221398b7c6f,Aire Atlantica,1,Low
272989c8-5535-492d-a25c-9f58803e027f,SZA,8ea9e75f-b304-4d94-958c-13b45c7da900,Alessandro Buccellati,1,Low
272989c8-5535-492d-a25c-9f58803e027f,SZA,7fa62c0b-2c74-491e-a2a1-17c3b043f326,Babyface,1,Snooze
272989c8-5535-492d-a25c-9f58803e027f,SZA,3208d3ea-f036-45f3-876d-5c7f6e0cd096,Blair Ferguson,1,Snooze
272989c8-5535-492d-a25c-9f58803e027f,SZA,b2764057-7b17-42fd-84db-2b67f9d91915,Cian Ducrot,1,Saturn
272989c8-5535-492d-a25c-9f58803e027f,SZA,b46e298d-d3a5-4695-a03e-63e8c523b23e,Daniel Caesar,1,Broken Clocks
272989c8-5535-492d-a25c-9f58803e027f,SZA,791bb864-a45e-462b-8444-f6c0baacddec,Danja,1,The Weekend
272989c8-5535-492d-a25c-9f58803e027f,SZA,596987b7-2414-4d29-89b9-07302e3bec8c,Dylan Patrice,1,I Hate U
272989c8-5535-492d-a25c-9f58803e027f,SZA,1df15ee0-b52b-4315-9cb9-bc5a27a685e9,Jacob Collier,1,Good Days
272989c8-5535-492d-a25c-9f58803e027f,SZA,e0083bb1-bb24-498f-b072-268aa55b5e3e,Jozzy,1,Low
272989c8-5535-492d-a25c-9f58803e027f,SZA,596ffa74-3d08-44ef-b113-765d43d12738,Justin Timberlake,1,The Weekend
272989c8-5535-492d-a25c-9f58803e027f,SZA,710d8ffa-749f-41e8-8eb7-5f82b28e13f1,Khristopher Riddick‐Tynes,1,Snooze
272989c8-5535-492d-a25c-9f58803e027f,SZA,412ff65d-26bf-4849-ba19-d2a58030fd1a,Leon Thomas,1,Snooze
272989c8-5535-492d-a25c-9f58803e027f,SZA,afc3a90e-44d7-476c-a93c-bd3652cb4c9c,Loshendrix,1,Good Days
272989c8-5535-492d-a25c-9f58803e027f,SZA,c10c4dbe-0680-4a2a-ae37-c3010b44c99a,Macie Stewart,1,Drew Barrymore
272989c8-5535-492d-a25c-9f58803e027f,SZA,caad40a1-2356-4f82-8b00-c0d1b7170641,Margaux Whitney,1,Blind
272989c8-5535-492d-a25c-9f58803e027f,SZA,a096f30d-094f-4b0f-9667-829b6be176a0,Monsune,1,Saturn
272989c8-5535-492d-a25c-9f58803e027f,SZA,90dcf3c6-134e-4389-ab73-89816367f20d,Nascent,1,Good Days
272989c8-5535-492d-a25c-9f58803e027f,SZA,a228bc1a-8bdf-4a1d-ad91-292b5712e7eb,Rob Gueringer,1,Shirt
272989c8-5535-492d-a25c-9f58803e027f,SZA,eac4f405-76a7-4730-ab09-9c0efc6ec445,Robin Weisse,1,Nobody Gets Me
272989c8-5535-492d-a25c-9f58803e027f,SZA,a0248fd8-3dd1-43e7-8235-394ee92c14cc,Solomonophonic,1,Saturn
272989c8-5535-492d-a25c-9f58803e027f,SZA,daa09819-5da5-4c7a-8bef-eb372bb27ff1,Timbaland,1,The Weekend
272989c8-5535-492d-a25c-9f58803e027f,SZA,b9664e5e-a6eb-4bba-9a8e-b205426c5ba3,Will Miller,1,Blind
66fef5a9-5ceb-4427-9670-017fe1c49786,Sabahattin Ali,c53a0a2e-ca8b-41f0-9308-c886b63449d6,Ali Kocatepe,1,Often
66fef5a9-5ceb-4427-9670-017fe1c49786,Sabahattin Ali,64675ea9-686f-4de0-b001-aa425dba856a,Ben Billions,1,Often
66fef5a9-5ceb-4427-9670-017fe1c49786,Sabahattin Ali,95349431-cc3c-411a-ba15-86b601b3966d,"Danny ""styles"" Schofield",1,Often
66fef5a9-5ceb-4427-9670-017fe1c49786,Sabahattin Ali,613e2ab8-f471-4ece-b18b-5c863608ce77,Osman İşmen,1,Often
1882fe91-cdd9-49c9-9956-8e06a3810bd4,Sabrina Carpenter,5d27a55a-5731-4ef5-a3ad-d5b44251db0f,JP Saxe,1,because i liked a boy
63df1f4c-5f3e-48f5-8050-c59b5ddebe78,Sam Dew,7c8278d1-f605-4879-a213-a5e89f785501,Duval Timothy,1,United in Grief
63df1f4c-5f3e-48f5-8050-c59b5ddebe78,Sam Dew,fc7f4897-7cd7-4211-adb2-4028fd76fec3,J.LBS,1,United in Grief
63df1f4c-5f3e-48f5-8050-c59b5ddebe78,Sam Dew,ec2bd845-a9bb-4bce-bd0e-79ad49d89251,Jahaan Sweet,1,N95
63df1f4c-5f3e-48f5-8050-c59b5ddebe78,Sam Dew,3c63968c-7a45-49f7-b099-a3ce7781df6a,Jake Kosich,1,United in Grief
63df1f4c-5f3e-48f5-8050-c59b5ddebe78,Sam Dew,4dee5280-e4dc-4e6f-88b6-b93e371aba20,Johnny Kosich,1,United in Grief
63df1f4c-5f3e-48f5-8050-c59b5ddebe78,Sam Dew,4929f1b6-f7a7-469a-98f0-f30ecf83463d,Matt Schaeffer,1,United in Grief
63df1f4c-5f3e-48f5-8050-c59b5ddebe78,Sam Dew,bd70955f-18b0-48b5-abe0-9e66b552598d,Tim Maxey,1,United in Grief
9184f1f7-7cd3-4c4d-b591-11601da838a1,Sam Hollander,9f41f18b-23b2-4052-af25-0664dbfc9085,Dan Wilson,1,Emperor's New Clothes
9184f1f7-7cd3-4c4d-b591-11601da838a1,Sam Hollander,24a43e36-0435-4f04-ae9a-d5d73e52d278,Ilsey Juber,1,High Hopes
9184f1f7-7cd3-4c4d-b591-11601da838a1,Sam Hollander,e24bca91-8106-464a-bc42-757f1ab24af3,Jenny Owen Youngs,1,High Hopes
9184f1f7-7cd3-4c4d-b591-11601da838a1,Sam Hollander,323ea008-ae98-40de-9af5-02c50ae5fc5e,Jonas Jeberg,1,High Hopes
9184f1f7-7cd3-4c4d-b591-11601da838a1,Sam Hollander,ba1ba43e-80a8-4471-8d02-c31453f4aa88,Morgan Kibby,1,House of Memories
3f1a9767-627b-4fa1-a0dc-01d83b0c2576,Sam Homaee,7eb91dfa-a66c-4dfa-acb8-e510c6d3429b,Amanda Ibanez,1,Mean Girls
130c2184-14f2-4180-a216-04b5a333be57,Sampha,3981ed16-9bc3-4037-9318-4aaebfcc1b9d,Josiah Sherman,1,MY EYES
130c2184-14f2-4180-a216-04b5a333be57,Sampha,0f1d5b01-8784-4870-9bd6-fa43178b9441,Justin Vernon,1,MY EYES
130c2184-14f2-4180-a216-04b5a333be57,Sampha,e95c9a69-8ce0-4709-8371-6cafddd11cb0,Vegyn,1,MY EYES
130c2184-14f2-4180-a216-04b5a333be57,Sampha,ed41b7f0-5b39-433a-9274-f06d19e724a3,Wheezy,1,MY EYES
d0b364c9-23b5-4e93-87b6-140c8b94a284,Sandy Wilhelm,122d63fc-8671-43e4-9752-34e846d62a9c,Katy Perry,1,Firework
f47bb4db-badb-42fc-86c4-505f3f494808,Sara Schell,03180405-1b26-42dc-80da-7e50fbb4c936,Ali Tamposi,1,Gabriela
0c460d4e-075a-4e89-8c93-f0b0aa4f8e54,Sarah Hudson,c45d161f-83ce-4464-ba41-44202e6916d9,Juicy J,1,Dark Horse
c8af4490-e48a-4f91-aef9-2b1e39369576,Savan Kotecha,a1421d73-1a21-484b-97ad-77c9a5676daf,Adam Levine,1,One More Night
c8af4490-e48a-4f91-aef9-2b1e39369576,Savan Kotecha,eb811bf7-4c99-4781-84c0-10ba6b8e33b3,Carl Falk,1,One Last Time
c8af4490-e48a-4f91-aef9-2b1e39369576,Savan Kotecha,302bd7b9-d012-4360-897a-93b00c855680,David Guetta,1,One Last Time
c8af4490-e48a-4f91-aef9-2b1e39369576,Savan Kotecha,df5274d8-1060-4097-a916-a5f888e400a9,Giorgio Tuinfort,1,One Last Time
c8af4490-e48a-4f91-aef9-2b1e39369576,Savan Kotecha,e0140a67-e4d1-4f13-8a01-364355bee46e,Justin Bieber,1,Beauty and a Beat
c8af4490-e48a-4f91-aef9-2b1e39369576,Savan Kotecha,b13f0288-830a-4ad7-9c60-830f545e5e2b,Rami,1,One Last Time
c8af4490-e48a-4f91-aef9-2b1e39369576,Savan Kotecha,492e7b91-a96b-4a5e-b105-6726a3a63fce,Rickard Göransson,1,God is a woman
c8af4490-e48a-4f91-aef9-2b1e39369576,Savan Kotecha,0bc6d6e7-0858-4b73-a079-7aa681095f98,Ryan Tedder,1,It's ok I'm ok
c8af4490-e48a-4f91-aef9-2b1e39369576,Savan Kotecha,ed58ed4e-fd99-4903-878b-7518f4d7465a,Shellback,1,One More Night
c8af4490-e48a-4f91-aef9-2b1e39369576,Savan Kotecha,f9133869-f87c-459c-9aa7-2f176cda7e06,Tate McRae,1,It's ok I'm ok
52ec10ac-55ae-4e5c-86a2-6ea45dfdedc5,Scotty Coleman,7905f974-c899-4112-a029-a2789f1d2df8,Buddy Ross,1,I KNOW ?
52ec10ac-55ae-4e5c-86a2-6ea45dfdedc5,Scotty Coleman,2bfdb8f3-5688-4a85-9f84-88f5e840e485,Kobe Hood,1,I KNOW ?
52ec10ac-55ae-4e5c-86a2-6ea45dfdedc5,Scotty Coleman,0fc41593-dc2e-45ab-994e-c0f274198541,OZ,1,I KNOW ?
a82d9cd2-f943-4fec-8db2-b94a74b46e23,Sergiu Gherman,c192fdc1-fd6f-4881-ba9c-92037778d450,Craig Balmoris,1,Eat Your Young
a82d9cd2-f943-4fec-8db2-b94a74b46e23,Sergiu Gherman,8c089819-c4a7-4834-9f03-72cbde41f150,Marius Feder,1,Eat Your Young
ed58ed4e-fd99-4903-878b-7518f4d7465a,Shellback,5180f77d-cd2e-423e-94ba-67fc95c11e19,Ammar Malik,1,"Moves Like Jagger - Studio Recording From ""The Voice"" Performance"
ed58ed4e-fd99-4903-878b-7518f4d7465a,Shellback,015819f2-ccf5-4c9d-8463-6db1c32af76b,Tiffany Amber,1,Criminal
adaf0068-1c86-4166-8cee-f0a53f4854c4,Sir Dylan,7aa27474-7b32-46c5-a065-ec831e8a70da,Billy Walsh,1,Die for You
adaf0068-1c86-4166-8cee-f0a53f4854c4,Sir Dylan,b366251f-5dbe-41ae-b82c-7255a1989b6f,Prince 85,1,Die for You
ae002c5d-aac6-490b-a39a-30aa9e2edf2b,Skrillex,38fbbbdf-90be-4fd3-a2d2-9ae29a9a81b3,Justin Tranter,1,Sorry
b787b4f2-ad08-43ba-845b-c3393a8079eb,Sonny Digital,162b4184-a954-4bec-9993-7240b6bcd66e,Brandon Korn,1,STARGAZING
b787b4f2-ad08-43ba-845b-c3393a8079eb,Sonny Digital,dac5571a-4d01-4764-b6f7-447caff2ff31,Brandon Whitfield,1,STARGAZING
b787b4f2-ad08-43ba-845b-c3393a8079eb,Sonny Digital,e1738051-9268-46b2-b52d-b860409e73c3,EZ Elpee,1,STARGAZING
b787b4f2-ad08-43ba-845b-c3393a8079eb,Sonny Digital,2a40fcba-4b0d-4129-becf-1f04c7906b67,Jamie Lepe,1,STARGAZING
9032140b-c6ba-448d-8f05-5ac16e3aa165,Sounwave,81d12ca7-5b89-4d21-8736-860b7400b4eb,Baby Keem,1,N95
9032140b-c6ba-448d-8f05-5ac16e3aa165,Sounwave,99d40e84-b385-4185-a309-7c5d29b9c612,Boi‐1da,1,N95
9032140b-c6ba-448d-8f05-5ac16e3aa165,Sounwave,7c8278d1-f605-4879-a213-a5e89f785501,Duval Timothy,1,United in Grief
9032140b-c6ba-448d-8f05-5ac16e3aa165,Sounwave,fc7f4897-7cd7-4211-adb2-4028fd76fec3,J.LBS,1,United in Grief
9032140b-c6ba-448d-8f05-5ac16e3aa165,Sounwave,ec2bd845-a9bb-4bce-bd0e-79ad49d89251,Jahaan Sweet,1,N95
9032140b-c6ba-448d-8f05-5ac16e3aa165,Sounwave,3c63968c-7a45-49f7-b099-a3ce7781df6a,Jake Kosich,1,United in Grief
9032140b-c6ba-448d-8f05-5ac16e3aa165,Sounwave,4dee5280-e4dc-4e6f-88b6-b93e371aba20,Johnny Kosich,1,United in Grief
9032140b-c6ba-448d-8f05-5ac16e3aa165,Sounwave,80220af9-de83-4494-b23d-b1f8de1293e1,Kawan “KP” Prather,1,Alright
9032140b-c6ba-448d-8f05-5ac16e3aa165,Sounwave,4929f1b6-f7a7-469a-98f0-f30ecf83463d,Matt Schaeffer,1,United in Grief
9032140b-c6ba-448d-8f05-5ac16e3aa165,Sounwave,149f91ef-1287-46da-9a8e-87fee02f1471,Pharrell Williams,1,Alright
9032140b-c6ba-448d-8f05-5ac16e3aa165,Sounwave,bd70955f-18b0-48b5-abe0-9e66b552598d,Tim Maxey,1,United in Grief
3efdb042-6e1c-45f3-b66b-d56ce59f9025,Spencer Smith,30e8e6e2-7b79-4eef-ba91-8435d4ba0fac,Butch Walker,1,The Ballad of Mona Lisa
3efdb042-6e1c-45f3-b66b-d56ce59f9025,Spencer Smith,a5f2ca79-a37c-4500-a5f0-50cc709a37c2,John Feldmann,1,The Ballad of Mona Lisa
3efdb042-6e1c-45f3-b66b-d56ce59f9025,Spencer Smith,52dd5890-b068-499e-a192-6f3e9a4cee07,Jon Walker,1,Tonight
e96edb5d-52c3-4ba9-8097-9a4e8c5e2f88,Starrah,71d60de7-3d25-41f8-8f37-85df06f235f7,Te Whiti Warbrick,1,Needed Me
4744de58-e37d-49cb-bf95-c07a2effe462,Stefan Johnson,d288a227-30c0-4bed-95c3-8c9614646633,Jacob Kasher,1,Memories
4744de58-e37d-49cb-bf95-c07a2effe462,Stefan Johnson,e2eec0a3-dea8-4c38-aae1-1345aaca8c20,Vincent Ford,1,Memories
df5fc94a-c6bc-4bfb-aad1-f1a09894b1eb,Steph Jones,4d84fa33-3927-429e-9bf5-1d2eb2f9307e,John Ryan,1,Don’t Smile
8823bbc2-9a2f-44b3-9983-29f6f0da84d6,Stephen Carpenter,ecaf3d24-eb84-4aaf-8372-12ee3b0f1350,Frank Delgado,1,Sextape
8823bbc2-9a2f-44b3-9983-29f6f0da84d6,Stephen Carpenter,a1b61d0f-2333-44f5-afee-cc0c2eab71a4,Maynard James Keenan,1,Passenger
8823bbc2-9a2f-44b3-9983-29f6f0da84d6,Stephen Carpenter,a4256437-7cad-40b7-a135-9767863c90cf,Sergio Vega,1,Sextape
b29020d6-5dbf-4c99-b16f-c009f8a712ff,Steve Lacy,21dce87c-0f36-4c81-abbf-e7d2c152d65f,Anna Wise,1,PRIDE.
b29020d6-5dbf-4c99-b16f-c009f8a712ff,Steve Lacy,0b1b3996-d4e5-4b04-986c-340d57ae8d3b,Anthony Tiffith,1,PRIDE.
b29020d6-5dbf-4c99-b16f-c009f8a712ff,Steve Lacy,4e5017d4-874d-48ee-84f0-d535d17a010f,DJ Dahi,1,Mercury
b29020d6-5dbf-4c99-b16f-c009f8a712ff,Steve Lacy,ed3c8e2f-d7ce-4d0a-aafe-2c4ddd51f8ff,Ely Rise,1,Mercury
b29020d6-5dbf-4c99-b16f-c009f8a712ff,Steve Lacy,fff7d779-43ee-40bd-8bee-f5fe488109f8,John Carroll Kirby,1,Bad Habit
b29020d6-5dbf-4c99-b16f-c009f8a712ff,Steve Lacy,d6ff6344-85e2-414e-adac-0329d4a01e98,Matthew Castellanos,1,Bad Habit
dd10cfe1-ced1-49f1-92cf-ac33265dc274,Sticky Fingaz,e5d70460-7057-4cbe-9c07-11ca2dac975c,Tay Keith,1,SICKO MODE
dd10cfe1-ced1-49f1-92cf-ac33265dc274,Sticky Fingaz,f02e98c4-a0fa-4c02-ac0a-587f4319ac87,Tyrone Taylor,1,SICKO MODE
3bbb644f-f7e9-435a-8a59-6b1f98dcd251,Stuart Johnson,c192fdc1-fd6f-4881-ba9c-92037778d450,Craig Balmoris,1,Eat Your Young
3bbb644f-f7e9-435a-8a59-6b1f98dcd251,Stuart Johnson,8c089819-c4a7-4834-9f03-72cbde41f150,Marius Feder,1,Eat Your Young
a17ce9c3-8f6f-4dcc-a1b7-2a04ab9e31f0,Swae Lee,d5ee9a6f-8e10-47e7-bca7-7e3f82aad769,Ali Shaheed Muhammad,1,SICKO MODE
a17ce9c3-8f6f-4dcc-a1b7-2a04ab9e31f0,Swae Lee,7e2900f1-2c19-4371-9bd5-4c07826f45ef,Asheton Hogan,1,Formation
a17ce9c3-8f6f-4dcc-a1b7-2a04ab9e31f0,Swae Lee,a8fcf2f0-5b1f-4dd3-9e8a-fd8dff96552a,Chylow Parker,1,SICKO MODE
a17ce9c3-8f6f-4dcc-a1b7-2a04ab9e31f0,Swae Lee,084e06f5-3c82-4b71-bd94-dd69e7bd515e,DJ Premier,1,SICKO MODE
a17ce9c3-8f6f-4dcc-a1b7-2a04ab9e31f0,Swae Lee,b997f5fa-a728-407f-ba2d-4c43c7d883fd,Luke,1,SICKO MODE
a17ce9c3-8f6f-4dcc-a1b7-2a04ab9e31f0,Swae Lee,5a2071aa-0787-49fb-931c-fa85ba86e681,Mike WiLL Made‐It,1,Formation
a17ce9c3-8f6f-4dcc-a1b7-2a04ab9e31f0,Swae Lee,d9f3f7ca-9963-45c5-85b3-81f306614ff8,Phife Dawg,1,SICKO MODE
a17ce9c3-8f6f-4dcc-a1b7-2a04ab9e31f0,Swae Lee,b3c94036-6166-41d2-91a2-dc3a0b5fa188,Q‐Tip,1,SICKO MODE
a17ce9c3-8f6f-4dcc-a1b7-2a04ab9e31f0,Swae Lee,5851d2ff-a9ce-49bf-bafb-08574cc22d69,Slim Jxmmi,1,Formation
a17ce9c3-8f6f-4dcc-a1b7-2a04ab9e31f0,Swae Lee,dd10cfe1-ced1-49f1-92cf-ac33265dc274,Sticky Fingaz,1,SICKO MODE
a17ce9c3-8f6f-4dcc-a1b7-2a04ab9e31f0,Swae Lee,e5d70460-7057-4cbe-9c07-11ca2dac975c,Tay Keith,1,SICKO MODE
a17ce9c3-8f6f-4dcc-a1b7-2a04ab9e31f0,Swae Lee,d5d97b2b-b83b-4976-814a-056d9076c8c3,The Notorious B.I.G.,1,SICKO MODE
a17ce9c3-8f6f-4dcc-a1b7-2a04ab9e31f0,Swae Lee,f02e98c4-a0fa-4c02-ac0a-587f4319ac87,Tyrone Taylor,1,SICKO MODE
9fa8fdc4-91f3-4266-81e5-3c42e943217b,TBHits,ea9c5c5c-0d15-4d66-87cf-60bb57d18d8c,Angelina Barrett,1,positions
9fa8fdc4-91f3-4266-81e5-3c42e943217b,TBHits,24517512-99c2-46cc-8b95-12759fd681aa,Killah B,1,positions
9fa8fdc4-91f3-4266-81e5-3c42e943217b,TBHits,65a0b797-73ce-435e-9f8a-7b10d0b7136c,London on da Track,1,positions
9fa8fdc4-91f3-4266-81e5-3c42e943217b,TBHits,4ec8df82-bbdc-43da-bdba-8f1c8d290657,Mr. Franks,1,positions
9fa8fdc4-91f3-4266-81e5-3c42e943217b,TBHits,1f9e0b09-9f29-48e7-a187-3c3335e14e0d,Nija,1,positions
f9133869-f87c-459c-9aa7-2f176cda7e06,Tate McRae,02bede68-6c8e-41a9-aaaa-9f3ba11b3066,Blake Harnage,1,you broke me first
f9133869-f87c-459c-9aa7-2f176cda7e06,Tate McRae,ef2a8c11-a35a-4c61-b750-5cb29c1223f4,Greg Kurstin,1,she's all i wanna be
f9133869-f87c-459c-9aa7-2f176cda7e06,Tate McRae,29871918-3352-424d-8615-783d8f30c399,LOSTBOY,1,2 hands
f9133869-f87c-459c-9aa7-2f176cda7e06,Tate McRae,53348bf5-6bf7-4906-84a1-c91a8fa82389,Victoria Zaro,1,you broke me first
e5d70460-7057-4cbe-9c07-11ca2dac975c,Tay Keith,f02e98c4-a0fa-4c02-ac0a-587f4319ac87,Tyrone Taylor,1,SICKO MODE
d1a6f4f1-fbda-4898-80a2-9226d54bbd17,Tayla Parx,fa9b664a-cfd0-4088-8ed4-a4d7045d351f,Brendon Urie,1,High Hopes
d1a6f4f1-fbda-4898-80a2-9226d54bbd17,Tayla Parx,94910345-979a-42d3-9f73-afcce8a011d0,Cook,1,High Hopes
d1a6f4f1-fbda-4898-80a2-9226d54bbd17,Tayla Parx,24a43e36-0435-4f04-ae9a-d5d73e52d278,Ilsey Juber,1,High Hopes
d1a6f4f1-fbda-4898-80a2-9226d54bbd17,Tayla Parx,00f6b540-a51f-416f-94f6-5f27e1dc1c6d,Jake Sinclair,1,High Hopes
d1a6f4f1-fbda-4898-80a2-9226d54bbd17,Tayla Parx,e24bca91-8106-464a-bc42-757f1ab24af3,Jenny Owen Youngs,1,High Hopes
d1a6f4f1-fbda-4898-80a2-9226d54bbd17,Tayla Parx,323ea008-ae98-40de-9af5-02c50ae5fc5e,Jonas Jeberg,1,High Hopes
d1a6f4f1-fbda-4898-80a2-9226d54bbd17,Tayla Parx,f8d0ee60-c35e-4cb3-becf-674c3673ac4a,Lauren Pritchard,1,High Hopes
d1a6f4f1-fbda-4898-80a2-9226d54bbd17,Tayla Parx,9184f1f7-7cd3-4c4d-b591-11601da838a1,Sam Hollander,1,High Hopes
062b6521-a970-42e0-8385-02c91b6f575a,Taylor Dexter,ead5514d-8fd9-42b7-bd5d-93ff69e98a07,Dewain Whitmore,1,Die for You
062b6521-a970-42e0-8385-02c91b6f575a,Taylor Dexter,3737a86d-1871-424d-9fcb-9092333b091b,Jacob Ray,1,Die for You
062b6521-a970-42e0-8385-02c91b6f575a,Taylor Dexter,2a0839df-90d6-426b-88f4-5970e8b0026a,Patrick “j.Que” Smith,1,Die for You
062b6521-a970-42e0-8385-02c91b6f575a,Taylor Dexter,deb7471a-0144-48f0-bb5d-e9dd7ddac903,Wesley Singerman,1,Die for You
20244d07-534f-4eff-b4d4-930878889970,Taylor Swift,1890e726-4817-42f4-92e7-ca78bef6692a,Aaron Dessner,1,cardigan
20244d07-534f-4eff-b4d4-930878889970,Taylor Swift,ea7add7c-c9aa-4479-ba4b-a3fab789ca3d,Fred Fairbrass,1,Look What You Made Me Do
20244d07-534f-4eff-b4d4-930878889970,Taylor Swift,8516f0de-3190-4fde-994c-1f32ffd9af18,Richard Fairbrass,1,Look What You Made Me Do
20244d07-534f-4eff-b4d4-930878889970,Taylor Swift,43225337-b9fa-4fc5-b4cc-990b72fd149b,Robert Manzoli,1,Look What You Made Me Do
20244d07-534f-4eff-b4d4-930878889970,Taylor Swift,5334edc0-5faf-4ca5-b1df-000de3e1f752,St. Vincent,1,Cruel Summer
f5cef93c-1266-4e61-85d6-3386634e44bb,ThankGod4Cody,791bb864-a45e-462b-8444-f6c0baacddec,Danja,1,The Weekend
f5cef93c-1266-4e61-85d6-3386634e44bb,ThankGod4Cody,596987b7-2414-4d29-89b9-07302e3bec8c,Dylan Patrice,1,I Hate U
f5cef93c-1266-4e61-85d6-3386634e44bb,ThankGod4Cody,596ffa74-3d08-44ef-b113-765d43d12738,Justin Timberlake,1,The Weekend
f5cef93c-1266-4e61-85d6-3386634e44bb,ThankGod4Cody,daa09819-5da5-4c7a-8bef-eb372bb27ff1,Timbaland,1,The Weekend
d5d97b2b-b83b-4976-814a-056d9076c8c3,The Notorious B.I.G.,a8fcf2f0-5b1f-4dd3-9e8a-fd8dff96552a,Chylow Parker,1,SICKO MODE
d5d97b2b-b83b-4976-814a-056d9076c8c3,The Notorious B.I.G.,084e06f5-3c82-4b71-bd94-dd69e7bd515e,DJ Premier,1,SICKO MODE
d5d97b2b-b83b-4976-814a-056d9076c8c3,The Notorious B.I.G.,d9f3f7ca-9963-45c5-85b3-81f306614ff8,Phife Dawg,1,SICKO MODE
d5d97b2b-b83b-4976-814a-056d9076c8c3,The Notorious B.I.G.,b3c94036-6166-41d2-91a2-dc3a0b5fa188,Q‐Tip,1,SICKO MODE
d5d97b2b-b83b-4976-814a-056d9076c8c3,The Notorious B.I.G.,dd10cfe1-ced1-49f1-92cf-ac33265dc274,Sticky Fingaz,1,SICKO MODE
d5d97b2b-b83b-4976-814a-056d9076c8c3,The Notorious B.I.G.,e5d70460-7057-4cbe-9c07-11ca2dac975c,Tay Keith,1,SICKO MODE
d5d97b2b-b83b-4976-814a-056d9076c8c3,The Notorious B.I.G.,f02e98c4-a0fa-4c02-ac0a-587f4319ac87,Tyrone Taylor,1,SICKO MODE
c8b03190-306c-4120-bb0b-6f2ebfc06ea9,The Weeknd,c53a0a2e-ca8b-41f0-9308-c886b63449d6,Ali Kocatepe,1,Often
c8b03190-306c-4120-bb0b-6f2ebfc06ea9,The Weeknd,64675ea9-686f-4de0-b001-aa425dba856a,Ben Billions,1,Often
c8b03190-306c-4120-bb0b-6f2ebfc06ea9,The Weeknd,7aa27474-7b32-46c5-a065-ec831e8a70da,Billy Walsh,1,Die for You
c8b03190-306c-4120-bb0b-6f2ebfc06ea9,The Weeknd,8fbcd70f-bf1e-4624-b94a-fcff6b0c637e,Cashmere Cat,1,Die for You
c8b03190-306c-4120-bb0b-6f2ebfc06ea9,The Weeknd,d5cd6528-3185-4f1b-a297-807b00b16f83,Daniel Lopatin,1,Is There Someone Else?
c8b03190-306c-4120-bb0b-6f2ebfc06ea9,The Weeknd,95349431-cc3c-411a-ba15-86b601b3966d,"Danny ""styles"" Schofield",1,Often
c8b03190-306c-4120-bb0b-6f2ebfc06ea9,The Weeknd,6812cb8f-55f5-4da4-8580-c1eeb8dffc72,Dre Moon,1,Heartless
c8b03190-306c-4120-bb0b-6f2ebfc06ea9,The Weeknd,fb7d550f-7518-41ba-95db-33db5287d8e2,Frank Dukes,1,Call Out My Name
c8b03190-306c-4120-bb0b-6f2ebfc06ea9,The Weeknd,b0ad6d5e-44f1-41a3-a452-1c378d350cb8,Kevin Parker,1,SKELETONS
c8b03190-306c-4120-bb0b-6f2ebfc06ea9,The Weeknd,dc99e6fd-c710-4f79-b74b-127b4d0b7849,Labrinth,1,Stargirl Interlude
c8b03190-306c-4120-bb0b-6f2ebfc06ea9,The Weeknd,b7539c32-53e7-4908-bda3-81449c367da6,Lana Del Rey,1,Stargirl Interlude
c8b03190-306c-4120-bb0b-6f2ebfc06ea9,The Weeknd,5028a04d-c3b5-428d-9c88-433224bb10ba,Mario Winans,1,After Hours
c8b03190-306c-4120-bb0b-6f2ebfc06ea9,The Weeknd,59db3d82-86ea-451f-881f-dffc8ec387c9,Metro Boomin,1,Heartless
c8b03190-306c-4120-bb0b-6f2ebfc06ea9,The Weeknd,73e36439-1e9a-4925-bf2c-1d7f7885fbb0,Mike Dean,1,SKELETONS
c8b03190-306c-4120-bb0b-6f2ebfc06ea9,The Weeknd,06e99a1b-4020-4380-ab27-1a3e0c5e557c,Nicolas Jaar,1,Call Out My Name
c8b03190-306c-4120-bb0b-6f2ebfc06ea9,The Weeknd,613e2ab8-f471-4ece-b18b-5c863608ce77,Osman İşmen,1,Often
c8b03190-306c-4120-bb0b-6f2ebfc06ea9,The Weeknd,e2fe6624-304c-438f-9c83-63601910db73,Peter Lee Johnson,1,Is There Someone Else?
c8b03190-306c-4120-bb0b-6f2ebfc06ea9,The Weeknd,149f91ef-1287-46da-9a8e-87fee02f1471,Pharrell Williams,1,SKELETONS
c8b03190-306c-4120-bb0b-6f2ebfc06ea9,The Weeknd,b366251f-5dbe-41ae-b82c-7255a1989b6f,Prince 85,1,Die for You
c8b03190-306c-4120-bb0b-6f2ebfc06ea9,The Weeknd,c12a184d-ab9b-4acf-a1dd-43978705d6e9,Reine Fiske,1,SKELETONS
c8b03190-306c-4120-bb0b-6f2ebfc06ea9,The Weeknd,66fef5a9-5ceb-4427-9670-017fe1c49786,Sabahattin Ali,1,Often
c8b03190-306c-4120-bb0b-6f2ebfc06ea9,The Weeknd,9fa8fdc4-91f3-4266-81e5-3c42e943217b,TBHits,1,Is There Someone Else?
c8b03190-306c-4120-bb0b-6f2ebfc06ea9,The Weeknd,e4a51f17-a57b-47b1-b37b-f552d0f8e9e6,Travis Scott,1,SKELETONS
c8b03190-306c-4120-bb0b-6f2ebfc06ea9,The Weeknd,164f0d73-1234-4e2c-8743-d77bf2191051,Ye,1,SKELETONS
c8b03190-306c-4120-bb0b-6f2ebfc06ea9,The Weeknd,87672396-ab4b-4f77-82ca-3dccfeb6435d,Éric Chédeville,1,I Feel It Coming
bf66e128-8353-404f-80d4-43916ea454d2,Thebe Kgositsile,c5bad957-7f5e-4394-8e17-ef7c360b5e9c,Nat Robinson,1,Super Rich Kids
bf66e128-8353-404f-80d4-43916ea454d2,Thebe Kgositsile,8f119f99-c95e-49a4-9634-90a602484125,Prince Markie Dee,1,Super Rich Kids
66a4b9d2-d5a6-40b8-93d5-0bdd1dbb4b43,The‐Dream,25b7b584-d952-4662-a8b9-dd8cdfbfeb64,A$AP Rocky,1,Fashion Killa
66a4b9d2-d5a6-40b8-93d5-0bdd1dbb4b43,The‐Dream,0a02707b-88c6-48e4-a495-96d14c34fc81,Adam Pigott,1,BREAK MY SOUL
66a4b9d2-d5a6-40b8-93d5-0bdd1dbb4b43,The‐Dream,33c573df-4e2a-4e28-a27a-13382af11fe5,Allen George,1,BREAK MY SOUL
66a4b9d2-d5a6-40b8-93d5-0bdd1dbb4b43,The‐Dream,14637c9a-4156-4990-862d-02113db0bc07,Big Freedia,1,BREAK MY SOUL
66a4b9d2-d5a6-40b8-93d5-0bdd1dbb4b43,The‐Dream,ade7ff78-ccb3-4866-8e44-cba2114b0e3b,Dylan Reznick,1,Fashion Killa
66a4b9d2-d5a6-40b8-93d5-0bdd1dbb4b43,The‐Dream,4374e50c-f57d-492c-bd70-c11422f7fde6,Fred McFarlane,1,BREAK MY SOUL
66a4b9d2-d5a6-40b8-93d5-0bdd1dbb4b43,The‐Dream,cea7bda7-394d-43b6-bd2d-7ba4f5bffd23,Hector Delgado,1,Fashion Killa
66a4b9d2-d5a6-40b8-93d5-0bdd1dbb4b43,The‐Dream,f82bcf78-5b69-4622-a5ef-73800768d9ac,JAY‐Z,1,BREAK MY SOUL
66a4b9d2-d5a6-40b8-93d5-0bdd1dbb4b43,The‐Dream,95203764-45d1-4bb8-bd54-d5b87a83d36f,Kuk Harrell,1,Single Ladies (Put a Ring on It)
66a4b9d2-d5a6-40b8-93d5-0bdd1dbb4b43,The‐Dream,daadbdd4-1773-4ff2-abcf-9ee5dac7fda3,LVC,1,Fashion Killa
66a4b9d2-d5a6-40b8-93d5-0bdd1dbb4b43,The‐Dream,79239441-bfd5-4981-a70c-55c3f15c1287,Madonna,1,BREAK MY SOUL
66a4b9d2-d5a6-40b8-93d5-0bdd1dbb4b43,The‐Dream,d35fff9b-9581-4851-9fbc-511267e692f0,Shea Taylor,1,Love on Top
66a4b9d2-d5a6-40b8-93d5-0bdd1dbb4b43,The‐Dream,17921289-ed5a-4de9-be13-e3876d31fff1,Shep Pettibone,1,BREAK MY SOUL
122a2714-24f8-4046-a532-64064b5076d2,Thomas Bangalter,59f8e44c-5206-43f6-8b7b-87c8ea1f658d,Anthony Wayne Moore,1,One More Time
122a2714-24f8-4046-a532-64064b5076d2,Thomas Bangalter,f01917d0-9340-4736-a47b-e8f38e730bf4,Carlos Sosa,1,Digital Love
122a2714-24f8-4046-a532-64064b5076d2,Thomas Bangalter,41f1960d-be42-4ca0-8599-8d0fb77ae6d4,Edwin Birdsong,1,"Harder, Better, Faster, Stronger"
122a2714-24f8-4046-a532-64064b5076d2,Thomas Bangalter,fd180bc2-7b01-4b07-9597-451e7383f1b4,George Duke,1,Digital Love
122a2714-24f8-4046-a532-64064b5076d2,Thomas Bangalter,87672396-ab4b-4f77-82ca-3dccfeb6435d,Éric Chédeville,1,I Feel It Coming
b6ba844a-a522-4b61-8615-eebcfd3f9a0f,Thomas Paxton-Beesley,aa2a2463-fa3c-4ad8-8ab1-e27fa2c63436,Matthew Tavares,1,ASTROTHUNDER
af6be531-7ff5-404c-b3ec-34db5c6bc4a0,Thomas Troelsen,654256b0-efd2-465a-b491-2937ba8f8080,James Wong,1,Company
044fd265-79dd-43eb-afc4-8b20becf7e17,Thundercat,144ef525-85e9-40c3-8335-02c32d0861f3,John Mayer,1,ASTROTHUNDER
044fd265-79dd-43eb-afc4-8b20becf7e17,Thundercat,aa2a2463-fa3c-4ad8-8ab1-e27fa2c63436,Matthew Tavares,1,ASTROTHUNDER
044fd265-79dd-43eb-afc4-8b20becf7e17,Thundercat,b6ba844a-a522-4b61-8615-eebcfd3f9a0f,Thomas Paxton-Beesley,1,ASTROTHUNDER
044fd265-79dd-43eb-afc4-8b20becf7e17,Thundercat,e4a51f17-a57b-47b1-b37b-f552d0f8e9e6,Travis Scott,1,ASTROTHUNDER
ba991ec6-049b-479f-9020-be2a84dc1473,Tim Gomringer,d5ee9a6f-8e10-47e7-bca7-7e3f82aad769,Ali Shaheed Muhammad,1,SICKO MODE
ba991ec6-049b-479f-9020-be2a84dc1473,Tim Gomringer,3a67cda4-4363-4d05-84e5-0d6f22c2f7ac,Brock Korsan,1,goosebumps
ba991ec6-049b-479f-9020-be2a84dc1473,Tim Gomringer,10a9ff92-9637-4498-afea-7044b2ab0dc0,Busta Rhymes,1,SICKO MODE
ba991ec6-049b-479f-9020-be2a84dc1473,Tim Gomringer,76cc2b96-b065-450c-a366-3420f50341b7,Charlie Brown,1,SICKO MODE
ba991ec6-049b-479f-9020-be2a84dc1473,Tim Gomringer,a8fcf2f0-5b1f-4dd3-9e8a-fd8dff96552a,Chylow Parker,1,SICKO MODE
ba991ec6-049b-479f-9020-be2a84dc1473,Tim Gomringer,6a9e461c-e3c5-4794-a203-98a15daea2df,Cyhi the Prynce,1,SICKO MODE
ba991ec6-049b-479f-9020-be2a84dc1473,Tim Gomringer,084e06f5-3c82-4b71-bd94-dd69e7bd515e,DJ Premier,1,SICKO MODE
ba991ec6-049b-479f-9020-be2a84dc1473,Tim Gomringer,df78c5ab-5a5c-4875-af18-75151fcd2b44,Dinco D,1,SICKO MODE
ba991ec6-049b-479f-9020-be2a84dc1473,Tim Gomringer,ddac1a2e-3fb5-4af6-adf0-f6008c7ddfb5,Easy Mo Bee,1,SICKO MODE
ba991ec6-049b-479f-9020-be2a84dc1473,Tim Gomringer,646942bd-dc4c-42f0-b6a2-683821ebd5ca,Fredro Starr,1,SICKO MODE
ba991ec6-049b-479f-9020-be2a84dc1473,Tim Gomringer,215c6ab2-7888-4061-bd56-9fb650328106,Guru,1,SICKO MODE
ba991ec6-049b-479f-9020-be2a84dc1473,Tim Gomringer,1e8b3e4f-83c3-4b30-afa0-220363a7df5a,H.A.W.K.,1,SICKO MODE
ba991ec6-049b-479f-9020-be2a84dc1473,Tim Gomringer,43c1447a-6292-44e3-b66a-eb0337768170,Harry Wayne Casey,1,SICKO MODE
ba991ec6-049b-479f-9020-be2a84dc1473,Tim Gomringer,bf314a8f-5dc6-4dc5-8819-d25b4cc38164,Hit‐Boy,1,SICKO MODE
ba991ec6-049b-479f-9020-be2a84dc1473,Tim Gomringer,b997f5fa-a728-407f-ba2d-4c43c7d883fd,Luke,1,SICKO MODE
ba991ec6-049b-479f-9020-be2a84dc1473,Tim Gomringer,73e36439-1e9a-4925-bf2c-1d7f7885fbb0,Mike Dean,1,SICKO MODE
ba991ec6-049b-479f-9020-be2a84dc1473,Tim Gomringer,05a89764-2383-4508-a747-1cf290707326,Mirsad Dervic,1,SICKO MODE
ba991ec6-049b-479f-9020-be2a84dc1473,Tim Gomringer,d9f3f7ca-9963-45c5-85b3-81f306614ff8,Phife Dawg,1,SICKO MODE
ba991ec6-049b-479f-9020-be2a84dc1473,Tim Gomringer,b3c94036-6166-41d2-91a2-dc3a0b5fa188,Q‐Tip,1,SICKO MODE
ba991ec6-049b-479f-9020-be2a84dc1473,Tim Gomringer,6754c93a-3ed2-415f-b75e-2fd743f11391,Richard Finch,1,SICKO MODE
ba991ec6-049b-479f-9020-be2a84dc1473,Tim Gomringer,b6211627-0089-4142-b7d1-57d56d1def42,Rogét Chahayed,1,SICKO MODE
ba991ec6-049b-479f-9020-be2a84dc1473,Tim Gomringer,dd10cfe1-ced1-49f1-92cf-ac33265dc274,Sticky Fingaz,1,SICKO MODE
ba991ec6-049b-479f-9020-be2a84dc1473,Tim Gomringer,a17ce9c3-8f6f-4dcc-a1b7-2a04ab9e31f0,Swae Lee,1,SICKO MODE
ba991ec6-049b-479f-9020-be2a84dc1473,Tim Gomringer,e5d70460-7057-4cbe-9c07-11ca2dac975c,Tay Keith,1,SICKO MODE
ba991ec6-049b-479f-9020-be2a84dc1473,Tim Gomringer,d5d97b2b-b83b-4976-814a-056d9076c8c3,The Notorious B.I.G.,1,SICKO MODE
ba991ec6-049b-479f-9020-be2a84dc1473,Tim Gomringer,f02e98c4-a0fa-4c02-ac0a-587f4319ac87,Tyrone Taylor,1,SICKO MODE
ba991ec6-049b-479f-9020-be2a84dc1473,Tim Gomringer,547893bd-96ed-4bc2-ab2d-7e3c0f81f431,Yung Exclusive,1,goosebumps
bd70955f-18b0-48b5-abe0-9e66b552598d,Tim Maxey,7c8278d1-f605-4879-a213-a5e89f785501,Duval Timothy,1,United in Grief
bd70955f-18b0-48b5-abe0-9e66b552598d,Tim Maxey,4929f1b6-f7a7-469a-98f0-f30ecf83463d,Matt Schaeffer,1,United in Grief
daa09819-5da5-4c7a-8bef-eb372bb27ff1,Timbaland,8ec64b80-cd1c-4acc-bc14-0fb9ad96f7dd,Chris Godbey,1,Mirrors
daa09819-5da5-4c7a-8bef-eb372bb27ff1,Timbaland,d18fb067-8de5-4a50-9a20-5cc1c7393fbb,J‐Roc,1,Mirrors
daa09819-5da5-4c7a-8bef-eb372bb27ff1,Timbaland,13655113-cd16-4b43-9dca-cadbbf26ee05,Nelly Furtado,1,"CAN'T STOP THE FEELING! (From DreamWorks Animation's ""Trolls"")"
daa09819-5da5-4c7a-8bef-eb372bb27ff1,Timbaland,75e7ce0c-e3d6-4a61-9630-ce3d04a7a8e2,Sebastian,1,Mirrors
daa09819-5da5-4c7a-8bef-eb372bb27ff1,Timbaland,f7ba7fbe-c6bd-4ac0-bee9-c25c558d7d62,T.I.,1,My Love
daa09819-5da5-4c7a-8bef-eb372bb27ff1,Timbaland,fcb83b19-56fb-441b-b3b6-7c4690583252,Timothy Clayton,1,"CAN'T STOP THE FEELING! (From DreamWorks Animation's ""Trolls"")"
fcb83b19-56fb-441b-b3b6-7c4690583252,Timothy Clayton,13655113-cd16-4b43-9dca-cadbbf26ee05,Nelly Furtado,1,"CAN'T STOP THE FEELING! (From DreamWorks Animation's ""Trolls"")"
cdf7ef58-eea3-43a9-a6ba-0a3aec84acb6,Tom Keane,6e764569-be4e-46b5-8e21-bee0fdf0c6f8,Cynthia Weil,1,Through the Wire
897a3b7d-7bc3-4efb-83aa-ad3844f38960,Tom Richards,07234b8a-7a2a-4d65-9c81-c131710fc439,shanks.,1,Genesis.
23606ecd-2924-4086-9dc3-aac0838b1f18,Tony DeMatteo,7eef0136-ed38-47a5-aa0f-fa5424dbd5c8,Lars Stalfors,1,You Get Me So High
04c39fec-5b44-4f11-9c73-af4f562334c7,Tor Erik Hermansen,4db07111-f85e-4f1b-bf52-9b7ec4cf84b5,Amund Bjørklund,1,Irreplaceable
04c39fec-5b44-4f11-9c73-af4f562334c7,Tor Erik Hermansen,75806efb-b691-4472-8484-e44e7f5d4770,Espen Lind,1,Irreplaceable
04c39fec-5b44-4f11-9c73-af4f562334c7,Tor Erik Hermansen,f330a9a1-a012-43e7-b907-289692dfa1b7,Frankie Storm,1,Don't Stop the Music
04c39fec-5b44-4f11-9c73-af4f562334c7,Tor Erik Hermansen,122d63fc-8671-43e4-9752-34e846d62a9c,Katy Perry,1,Firework
04c39fec-5b44-4f11-9c73-af4f562334c7,Tor Erik Hermansen,724b55a3-8dff-4ed5-b909-6563278eec57,Makeba,1,Rude Boy
04c39fec-5b44-4f11-9c73-af4f562334c7,Tor Erik Hermansen,a4a01f5d-18e7-4571-8c3a-76ec0e24e2d7,Ne‐Yo,1,Irreplaceable
04c39fec-5b44-4f11-9c73-af4f562334c7,Tor Erik Hermansen,73e5e69d-3554-40d8-8516-00cb38737a1c,Rihanna,1,Rude Boy
04c39fec-5b44-4f11-9c73-af4f562334c7,Tor Erik Hermansen,ca8f5844-3ab9-4071-bdc3-376ca2f44a65,Rob Swire,1,Rude Boy
e4a51f17-a57b-47b1-b37b-f552d0f8e9e6,Travis Scott,f99b7df3-2df2-45d0-9e99-c5f4623b7dcc,30 Roc,1,STARGAZING
e4a51f17-a57b-47b1-b37b-f552d0f8e9e6,Travis Scott,af8eb019-bf64-468f-badd-a221398b7c6f,Aire Atlantica,1,Low
e4a51f17-a57b-47b1-b37b-f552d0f8e9e6,Travis Scott,8ea9e75f-b304-4d94-958c-13b45c7da900,Alessandro Buccellati,1,Low
e4a51f17-a57b-47b1-b37b-f552d0f8e9e6,Travis Scott,d5ee9a6f-8e10-47e7-bca7-7e3f82aad769,Ali Shaheed Muhammad,1,SICKO MODE
e4a51f17-a57b-47b1-b37b-f552d0f8e9e6,Travis Scott,5cb395b6-1cb9-4c9c-a79a-01a66513d1f6,Big Gipp,1,5% TINT
e4a51f17-a57b-47b1-b37b-f552d0f8e9e6,Travis Scott,162b4184-a954-4bec-9993-7240b6bcd66e,Brandon Korn,1,STARGAZING
e4a51f17-a57b-47b1-b37b-f552d0f8e9e6,Travis Scott,dac5571a-4d01-4764-b6f7-447caff2ff31,Brandon Whitfield,1,STARGAZING
e4a51f17-a57b-47b1-b37b-f552d0f8e9e6,Travis Scott,10a9ff92-9637-4498-afea-7044b2ab0dc0,Busta Rhymes,1,SICKO MODE
e4a51f17-a57b-47b1-b37b-f552d0f8e9e6,Travis Scott,d8f43dc5-4613-48ac-8c23-a62b82f8c67a,Caroline Polachek,1,sdp interlude
e4a51f17-a57b-47b1-b37b-f552d0f8e9e6,Travis Scott,4a8ac23a-e27a-44db-814a-f8c31beb68e6,Cassie,1,sdp interlude
e4a51f17-a57b-47b1-b37b-f552d0f8e9e6,Travis Scott,76cc2b96-b065-450c-a366-3420f50341b7,Charlie Brown,1,SICKO MODE
e4a51f17-a57b-47b1-b37b-f552d0f8e9e6,Travis Scott,a8fcf2f0-5b1f-4dd3-9e8a-fd8dff96552a,Chylow Parker,1,SICKO MODE
e4a51f17-a57b-47b1-b37b-f552d0f8e9e6,Travis Scott,084e06f5-3c82-4b71-bd94-dd69e7bd515e,DJ Premier,1,SICKO MODE
e4a51f17-a57b-47b1-b37b-f552d0f8e9e6,Travis Scott,df78c5ab-5a5c-4875-af18-75151fcd2b44,Dinco D,1,SICKO MODE
e4a51f17-a57b-47b1-b37b-f552d0f8e9e6,Travis Scott,3faf7158-28a4-4a56-8067-82cfa6c1b64e,Donald Paton,1,BUTTERFLY EFFECT
e4a51f17-a57b-47b1-b37b-f552d0f8e9e6,Travis Scott,0181a90e-6b1d-4d09-bd6f-b0b1145e7ad8,Dua Saleh,1,MY EYES
e4a51f17-a57b-47b1-b37b-f552d0f8e9e6,Travis Scott,e1738051-9268-46b2-b52d-b860409e73c3,EZ Elpee,1,STARGAZING
e4a51f17-a57b-47b1-b37b-f552d0f8e9e6,Travis Scott,ddac1a2e-3fb5-4af6-adf0-f6008c7ddfb5,Easy Mo Bee,1,SICKO MODE
e4a51f17-a57b-47b1-b37b-f552d0f8e9e6,Travis Scott,53442fb2-0e7e-47a2-b4c4-47bfb38d55aa,FKi 1st,1,5% TINT
e4a51f17-a57b-47b1-b37b-f552d0f8e9e6,Travis Scott,646942bd-dc4c-42f0-b6a2-683821ebd5ca,Fredro Starr,1,SICKO MODE
e4a51f17-a57b-47b1-b37b-f552d0f8e9e6,Travis Scott,215c6ab2-7888-4061-bd56-9fb650328106,Guru,1,SICKO MODE
e4a51f17-a57b-47b1-b37b-f552d0f8e9e6,Travis Scott,1e8b3e4f-83c3-4b30-afa0-220363a7df5a,H.A.W.K.,1,SICKO MODE
e4a51f17-a57b-47b1-b37b-f552d0f8e9e6,Travis Scott,43c1447a-6292-44e3-b66a-eb0337768170,Harry Wayne Casey,1,SICKO MODE
e4a51f17-a57b-47b1-b37b-f552d0f8e9e6,Travis Scott,bf314a8f-5dc6-4dc5-8819-d25b4cc38164,Hit‐Boy,1,SICKO MODE
e4a51f17-a57b-47b1-b37b-f552d0f8e9e6,Travis Scott,2a40fcba-4b0d-4129-becf-1f04c7906b67,Jamie Lepe,1,STARGAZING
e4a51f17-a57b-47b1-b37b-f552d0f8e9e6,Travis Scott,144ef525-85e9-40c3-8335-02c32d0861f3,John Mayer,1,ASTROTHUNDER
e4a51f17-a57b-47b1-b37b-f552d0f8e9e6,Travis Scott,3981ed16-9bc3-4037-9318-4aaebfcc1b9d,Josiah Sherman,1,MY EYES
e4a51f17-a57b-47b1-b37b-f552d0f8e9e6,Travis Scott,e0083bb1-bb24-498f-b072-268aa55b5e3e,Jozzy,1,Low
e4a51f17-a57b-47b1-b37b-f552d0f8e9e6,Travis Scott,0f1d5b01-8784-4870-9bd6-fa43178b9441,Justin Vernon,1,MY EYES
e4a51f17-a57b-47b1-b37b-f552d0f8e9e6,Travis Scott,b0ad6d5e-44f1-41a3-a452-1c378d350cb8,Kevin Parker,1,SKELETONS
e4a51f17-a57b-47b1-b37b-f552d0f8e9e6,Travis Scott,81eb1203-49fa-456b-b138-41193ab179b1,Khujo Goodie,1,5% TINT
e4a51f17-a57b-47b1-b37b-f552d0f8e9e6,Travis Scott,2bfdb8f3-5688-4a85-9f84-88f5e840e485,Kobe Hood,1,I KNOW ?
e4a51f17-a57b-47b1-b37b-f552d0f8e9e6,Travis Scott,e67ae23b-80ee-4a68-bdd6-6da243f164db,London Cyr,1,CAN'T SAY
e4a51f17-a57b-47b1-b37b-f552d0f8e9e6,Travis Scott,b997f5fa-a728-407f-ba2d-4c43c7d883fd,Luke,1,SICKO MODE
e4a51f17-a57b-47b1-b37b-f552d0f8e9e6,Travis Scott,aa2a2463-fa3c-4ad8-8ab1-e27fa2c63436,Matthew Tavares,1,ASTROTHUNDER
e4a51f17-a57b-47b1-b37b-f552d0f8e9e6,Travis Scott,05a89764-2383-4508-a747-1cf290707326,Mirsad Dervic,1,SICKO MODE
e4a51f17-a57b-47b1-b37b-f552d0f8e9e6,Travis Scott,0fc41593-dc2e-45ab-994e-c0f274198541,OZ,1,I KNOW ?
e4a51f17-a57b-47b1-b37b-f552d0f8e9e6,Travis Scott,203506a0-2903-4d17-9b9e-ccee1e78f8fd,Patrick Bischoff-Brown,1,5% TINT
e4a51f17-a57b-47b1-b37b-f552d0f8e9e6,Travis Scott,d9f3f7ca-9963-45c5-85b3-81f306614ff8,Phife Dawg,1,SICKO MODE
e4a51f17-a57b-47b1-b37b-f552d0f8e9e6,Travis Scott,b3c94036-6166-41d2-91a2-dc3a0b5fa188,Q‐Tip,1,SICKO MODE
e4a51f17-a57b-47b1-b37b-f552d0f8e9e6,Travis Scott,c1a1cc79-fe57-4b82-a7e1-402ab6492685,Ray Murray,1,5% TINT
e4a51f17-a57b-47b1-b37b-f552d0f8e9e6,Travis Scott,c12a184d-ab9b-4acf-a1dd-43978705d6e9,Reine Fiske,1,SKELETONS
e4a51f17-a57b-47b1-b37b-f552d0f8e9e6,Travis Scott,c7823c0a-406c-4657-a2fb-fbd8c731b7cf,Ricci Riera,1,sdp interlude
e4a51f17-a57b-47b1-b37b-f552d0f8e9e6,Travis Scott,6754c93a-3ed2-415f-b75e-2fd743f11391,Richard Finch,1,SICKO MODE
e4a51f17-a57b-47b1-b37b-f552d0f8e9e6,Travis Scott,061e1620-bdf8-40e6-b9d1-0b403c27a1e8,Rico Wade,1,5% TINT
e4a51f17-a57b-47b1-b37b-f552d0f8e9e6,Travis Scott,e01c14e7-ed28-401a-a2ae-8333e76a6a4b,Rob Bisel,1,Low
e4a51f17-a57b-47b1-b37b-f552d0f8e9e6,Travis Scott,b6211627-0089-4142-b7d1-57d56d1def42,Rogét Chahayed,1,SICKO MODE
e4a51f17-a57b-47b1-b37b-f552d0f8e9e6,Travis Scott,272989c8-5535-492d-a25c-9f58803e027f,SZA,1,Low
e4a51f17-a57b-47b1-b37b-f552d0f8e9e6,Travis Scott,130c2184-14f2-4180-a216-04b5a333be57,Sampha,1,MY EYES
e4a51f17-a57b-47b1-b37b-f552d0f8e9e6,Travis Scott,52ec10ac-55ae-4e5c-86a2-6ea45dfdedc5,Scotty Coleman,1,I KNOW ?
e4a51f17-a57b-47b1-b37b-f552d0f8e9e6,Travis Scott,b787b4f2-ad08-43ba-845b-c3393a8079eb,Sonny Digital,1,STARGAZING
e4a51f17-a57b-47b1-b37b-f552d0f8e9e6,Travis Scott,dd10cfe1-ced1-49f1-92cf-ac33265dc274,Sticky Fingaz,1,SICKO MODE
e4a51f17-a57b-47b1-b37b-f552d0f8e9e6,Travis Scott,a17ce9c3-8f6f-4dcc-a1b7-2a04ab9e31f0,Swae Lee,1,SICKO MODE
e4a51f17-a57b-47b1-b37b-f552d0f8e9e6,Travis Scott,e5d70460-7057-4cbe-9c07-11ca2dac975c,Tay Keith,1,SICKO MODE
e4a51f17-a57b-47b1-b37b-f552d0f8e9e6,Travis Scott,d5d97b2b-b83b-4976-814a-056d9076c8c3,The Notorious B.I.G.,1,SICKO MODE
e4a51f17-a57b-47b1-b37b-f552d0f8e9e6,Travis Scott,b6ba844a-a522-4b61-8615-eebcfd3f9a0f,Thomas Paxton-Beesley,1,ASTROTHUNDER
e4a51f17-a57b-47b1-b37b-f552d0f8e9e6,Travis Scott,f02e98c4-a0fa-4c02-ac0a-587f4319ac87,Tyrone Taylor,1,SICKO MODE
e4a51f17-a57b-47b1-b37b-f552d0f8e9e6,Travis Scott,b60ee7a4-1f2d-4df7-aecc-b1b35fd32bf4,T‐Mo,1,5% TINT
e4a51f17-a57b-47b1-b37b-f552d0f8e9e6,Travis Scott,e95c9a69-8ce0-4709-8371-6cafddd11cb0,Vegyn,1,MY EYES
e4a51f17-a57b-47b1-b37b-f552d0f8e9e6,Travis Scott,74a30f2a-dae6-4e99-8a75-cb0f93b31aa6,Washed Out,1,sdp interlude
e4a51f17-a57b-47b1-b37b-f552d0f8e9e6,Travis Scott,ed41b7f0-5b39-433a-9274-f06d19e724a3,Wheezy,1,MY EYES
e4a51f17-a57b-47b1-b37b-f552d0f8e9e6,Travis Scott,547893bd-96ed-4bc2-ab2d-7e3c0f81f431,Yung Exclusive,1,goosebumps
bd5caf6c-647f-4905-9426-70013d5b97b9,Tyler Joseph,502775a7-8a92-44e5-8d81-de6c4d769eb2,Bernard Leverette,1,Holding on to You
bd5caf6c-647f-4905-9426-70013d5b97b9,Tyler Joseph,1c46bafd-95b1-4d01-b9c2-008f8ec31bef,Charles Hammond,1,Holding on to You
bd5caf6c-647f-4905-9426-70013d5b97b9,Tyler Joseph,d7e4d953-1324-40a4-ad34-fca23555888e,Deangelo Hunt,1,Holding on to You
bd5caf6c-647f-4905-9426-70013d5b97b9,Tyler Joseph,6dc6775b-847c-40e2-9be1-9d099cdd9063,Gerald Tiller,1,Holding on to You
bd5caf6c-647f-4905-9426-70013d5b97b9,Tyler Joseph,7fbea59f-789a-466f-90a1-0b6dc6323721,Jamall Willingham,1,Holding on to You
bd5caf6c-647f-4905-9426-70013d5b97b9,Tyler Joseph,bb29ebac-463e-407c-bd16-f175c48c7fab,Parlae,1,Holding on to You
bd5caf6c-647f-4905-9426-70013d5b97b9,Tyler Joseph,166e70be-3ea7-4f1b-aa0a-c76b9396d146,Paul Meany,1,Chlorine
bd5caf6c-647f-4905-9426-70013d5b97b9,Tyler Joseph,c6f94231-34c7-432e-9bf9-e831b861dd33,Robert Lee Hill,1,Holding on to You
c2d844b4-ddb2-4bcc-a319-3fb9a9eaf886,Tyler Mehlenbacher,c192fdc1-fd6f-4881-ba9c-92037778d450,Craig Balmoris,1,Eat Your Young
c2d844b4-ddb2-4bcc-a319-3fb9a9eaf886,Tyler Mehlenbacher,8c089819-c4a7-4834-9f03-72cbde41f150,Marius Feder,1,Eat Your Young
f6beac20-5dfe-4d1f-ae02-0b0a740aafd6,"Tyler, The Creator",01e8bf9d-d4ac-4594-bda2-ca475dc0d7a3,Bibi Mascel,1,I THINK
f6beac20-5dfe-4d1f-ae02-0b0a740aafd6,"Tyler, The Creator",a8ce077a-8609-41c6-bde3-e2d31fef64cf,Bobby Dukes,1,A BOY IS A GUN*
f6beac20-5dfe-4d1f-ae02-0b0a740aafd6,"Tyler, The Creator",431db1af-0234-405e-a54b-d131d1c90da7,Bobby Massey,1,A BOY IS A GUN*
f6beac20-5dfe-4d1f-ae02-0b0a740aafd6,"Tyler, The Creator",943939a2-a631-4f92-93ac-144813c20b24,Lester McKenzie,1,A BOY IS A GUN*
f6beac20-5dfe-4d1f-ae02-0b0a740aafd6,"Tyler, The Creator",ee1319f0-d6e0-45f8-904c-538f6b951156,Nkono Teles,1,I THINK
01ad46b5-59c5-4295-a500-88742320ec3a,Tyran Donaldson,c10c4dbe-0680-4a2a-ae37-c3010b44c99a,Macie Stewart,1,Drew Barrymore
b60ee7a4-1f2d-4df7-aecc-b1b35fd32bf4,T‐Mo,061e1620-bdf8-40e6-b9d1-0b403c27a1e8,Rico Wade,1,5% TINT
b81b3ec8-a4e9-41ee-8e9a-2bd177ff803d,Vada Nobles,1257a60f-2246-4e67-9ac5-623b4c3f8e94,Carl Sturken,1,Pon de Replay
b81b3ec8-a4e9-41ee-8e9a-2bd177ff803d,Vada Nobles,0f9a102a-18a0-4703-ad18-04d04cccb6c7,Evan Rogers,1,Pon de Replay
e95c9a69-8ce0-4709-8371-6cafddd11cb0,Vegyn,0f1d5b01-8784-4870-9bd6-fa43178b9441,Justin Vernon,1,MY EYES
e95c9a69-8ce0-4709-8371-6cafddd11cb0,Vegyn,ed41b7f0-5b39-433a-9274-f06d19e724a3,Wheezy,1,MY EYES
8fc4ce76-5b0c-4b2c-b642-08fd07911dc0,Verse Simmonds,78d79dee-dafa-417e-a4ca-b8c419bbee31,Soundz,1,Confident
deb7471a-0144-48f0-bb5d-e9dd7ddac903,Wesley Singerman,ead5514d-8fd9-42b7-bd5d-93ff69e98a07,Dewain Whitmore,1,Die for You
6953c4db-7214-4724-a140-e87550bde420,Will Champion,e47b4862-a587-488f-b7a7-bd329726693d,Emil Schult,1,Talk
6953c4db-7214-4724-a140-e87550bde420,Will Champion,34bfcd5d-a76d-4b31-8022-b5ac04d5801b,Karl Bartos,1,Talk
6953c4db-7214-4724-a140-e87550bde420,Will Champion,da3f4766-628e-4da3-a871-014728993157,Ralf Hütter,1,Talk
6953c4db-7214-4724-a140-e87550bde420,Will Champion,e127363c-1cbb-41de-8e7d-627a2382dfce,Tim Bergling,1,A Sky Full of Stars
b9664e5e-a6eb-4bba-9a8e-b205426c5ba3,Will Miller,caad40a1-2356-4f82-8b00-c0d1b7170641,Margaux Whitney,1,Blind
a71a3e46-0ef4-493f-894a-146e234c7f38,William Martyn Lansley,341c17a8-4f79-4054-8a7c-2f823a0d7b2f,John Nicholas Ealand Morgan,1,Black Mascara.
b432152b-ab35-40eb-916b-dc8d1559046b,WondaGurl,0181a90e-6b1d-4d09-bd6f-b0b1145e7ad8,Dua Saleh,1,MY EYES
b432152b-ab35-40eb-916b-dc8d1559046b,WondaGurl,3981ed16-9bc3-4037-9318-4aaebfcc1b9d,Josiah Sherman,1,MY EYES
b432152b-ab35-40eb-916b-dc8d1559046b,WondaGurl,0f1d5b01-8784-4870-9bd6-fa43178b9441,Justin Vernon,1,MY EYES
b432152b-ab35-40eb-916b-dc8d1559046b,WondaGurl,130c2184-14f2-4180-a216-04b5a333be57,Sampha,1,MY EYES
b432152b-ab35-40eb-916b-dc8d1559046b,WondaGurl,e95c9a69-8ce0-4709-8371-6cafddd11cb0,Vegyn,1,MY EYES
b432152b-ab35-40eb-916b-dc8d1559046b,WondaGurl,ed41b7f0-5b39-433a-9274-f06d19e724a3,Wheezy,1,MY EYES
164f0d73-1234-4e2c-8743-d77bf2191051,Ye,6df08c91-b91d-4b59-95fe-b51a2e1b06d3,Christopher Breaux,1,White Ferrari
164f0d73-1234-4e2c-8743-d77bf2191051,Ye,6e764569-be4e-46b5-8e21-bee0fdf0c6f8,Cynthia Weil,1,Through the Wire
164f0d73-1234-4e2c-8743-d77bf2191051,Ye,04456b86-d064-4643-a57f-df9ef42a46d9,David Foster,1,Through the Wire
164f0d73-1234-4e2c-8743-d77bf2191051,Ye,4d5447d7-c61c-4120-ba1b-d7f471d385b9,John Lennon,1,White Ferrari
164f0d73-1234-4e2c-8743-d77bf2191051,Ye,b0ad6d5e-44f1-41a3-a452-1c378d350cb8,Kevin Parker,1,SKELETONS
164f0d73-1234-4e2c-8743-d77bf2191051,Ye,c4e05d64-c679-4f04-b153-257d12eba7dc,Malay,1,White Ferrari
164f0d73-1234-4e2c-8743-d77bf2191051,Ye,73e36439-1e9a-4925-bf2c-1d7f7885fbb0,Mike Dean,1,SKELETONS
164f0d73-1234-4e2c-8743-d77bf2191051,Ye,ba550d0e-adac-4864-b88b-407cab5e76af,Paul McCartney,1,White Ferrari
164f0d73-1234-4e2c-8743-d77bf2191051,Ye,2ce02909-598b-44ef-a456-151ba0a3bd70,Ray Charles,1,Gold Digger
164f0d73-1234-4e2c-8743-d77bf2191051,Ye,c12a184d-ab9b-4acf-a1dd-43978705d6e9,Reine Fiske,1,SKELETONS
164f0d73-1234-4e2c-8743-d77bf2191051,Ye,3e7beb58-2991-4ac8-84cd-915f1d46acd5,Renald Richard,1,Gold Digger
164f0d73-1234-4e2c-8743-d77bf2191051,Ye,cdf7ef58-eea3-43a9-a6ba-0a3aec84acb6,Tom Keane,1,Through the Wire
164f0d73-1234-4e2c-8743-d77bf2191051,Ye,e4a51f17-a57b-47b1-b37b-f552d0f8e9e6,Travis Scott,1,SKELETONS
590d7956-6025-4b2f-a62a-2f57e4ac2747,Yeti Beats,336df230-ce50-4d5f-9091-a2b093c488ba,Christopher Jefferies,1,Streets
590d7956-6025-4b2f-a62a-2f57e4ac2747,Yeti Beats,4363b0ab-e440-44a0-9aa2-d516c993dac4,Darius Logan,1,Streets
590d7956-6025-4b2f-a62a-2f57e4ac2747,Yeti Beats,ed79d087-315b-4606-bbaf-eed024f454f2,Demarie Sheki,1,Streets
590d7956-6025-4b2f-a62a-2f57e4ac2747,Yeti Beats,7b2447b8-b1a8-4dc1-a785-90a95ee6958d,Dominique Logan,1,Streets
590d7956-6025-4b2f-a62a-2f57e4ac2747,Yeti Beats,3ca09fae-fdee-4771-bab9-244708515a98,Omarion,1,Streets
590d7956-6025-4b2f-a62a-2f57e4ac2747,Yeti Beats,0fd198b5-bd99-417e-9ff1-d629ee7af6bb,Ron “Neff-U” Feemster,1,Streets
508dea01-bba9-4760-919f-3570d6c36574,Zach Nahome,fce9fc3b-fc26-42a2-a9ed-285077ccf203,Lou Ragland,1,A Couple Minutes
508dea01-bba9-4760-919f-3570d6c36574,Zach Nahome,b0311291-19f9-4288-96be-e8a5da0a104a,Maverick Sabre,1,A Couple Minutes
edbaeeb7-725e-4079-b797-ec41ea423527,Zachary Abels,341199e0-deec-4cdb-9c30-c2cf35ec6f55,Brett Fair,1,Devil's Advocate
edbaeeb7-725e-4079-b797-ec41ea423527,Zachary Abels,2817bb9c-3660-4462-be55-8e4d6fe3f743,Danny Parra,1,Pretty Boy
edbaeeb7-725e-4079-b797-ec41ea423527,Zachary Abels,9c7f1f2f-cb17-4b5a-b954-18d64c2f8dee,Jon Bates,1,You Get Me So High
edbaeeb7-725e-4079-b797-ec41ea423527,Zachary Abels,23606ecd-2924-4086-9dc3-aac0838b1f18,Tony DeMatteo,1,You Get Me So High
56c4b861-0922-4c3a-a9b9-3bfcb00f8274,Zedd,e0140a67-e4d1-4f13-8a01-364355bee46e,Justin Bieber,1,Beauty and a Beat
ba38bbb9-567e-40e3-8cf4-5f5752d36018,aksel arvid,fa9b664a-cfd0-4088-8ed4-a4d7045d351f,Brendon Urie,1,Tonight
ba38bbb9-567e-40e3-8cf4-5f5752d36018,aksel arvid,718d1fdf-efa3-443e-8cd5-2e67403786f1,Count Baldor,1,Tonight
ba38bbb9-567e-40e3-8cf4-5f5752d36018,aksel arvid,52dd5890-b068-499e-a192-6f3e9a4cee07,Jon Walker,1,Tonight
ba38bbb9-567e-40e3-8cf4-5f5752d36018,aksel arvid,f10f8200-9dec-4670-a1dd-eeba14f02def,Ryan Ross,1,Tonight
ba38bbb9-567e-40e3-8cf4-5f5752d36018,aksel arvid,3efdb042-6e1c-45f3-b66b-d56ce59f9025,Spencer Smith,1,Tonight
88d17133-abbc-42db-9526-4e2c1db60336,beabadoobee,2f38a882-9a29-4636-8717-4f61bdb9acb0,Jacob Budgen,1,the perfect pair
88d17133-abbc-42db-9526-4e2c1db60336,beabadoobee,33c9e94c-f5fc-41e9-a8e0-151125b42470,Joseph Rodgers,1,If You Want To
88d17133-abbc-42db-9526-4e2c1db60336,beabadoobee,21a89505-10a9-4ac0-8388-833bc07b9f86,Laufey,1,A Night To Remember
88d17133-abbc-42db-9526-4e2c1db60336,beabadoobee,f96b514d-ae79-41bb-9681-4524bf3d5da5,Oscar Lang,1,If You Want To
88d17133-abbc-42db-9526-4e2c1db60336,beabadoobee,8eb58532-51a9-4f58-b4ca-4ac70a4a8fad,Starsmith,1,Sunny day
5a6131f9-f8db-4722-b4d7-6a0c7183c590,benny blanco,796db252-ea1d-4964-a89e-88f0521931eb,Brandon Fried,1,Nervous
5a6131f9-f8db-4722-b4d7-6a0c7183c590,benny blanco,965f5705-6eb1-49a1-b312-cd3d65bcc7c9,Calvin Broadus,1,California Gurls
5a6131f9-f8db-4722-b4d7-6a0c7183c590,benny blanco,24d311f8-da82-4068-896b-ca061deaccb6,Carter Lang,1,Nobody Gets Me
5a6131f9-f8db-4722-b4d7-6a0c7183c590,benny blanco,396d316b-a9de-4c3e-88e8-a1caf730a6b5,Claude Kelly,1,Circus
5a6131f9-f8db-4722-b4d7-6a0c7183c590,benny blanco,b8a7c51f-362c-4dcb-a259-bc6e0095f0a6,Ed Sheeran,1,Love Yourself
5a6131f9-f8db-4722-b4d7-6a0c7183c590,benny blanco,4a8fd8c3-19a2-4bf3-b1bb-6491a136e55f,Jeremy Freedman,1,Nervous
5a6131f9-f8db-4722-b4d7-6a0c7183c590,benny blanco,822bb256-c7be-40ab-9744-9f66ccedb6e2,Jesse,1,Nervous
5a6131f9-f8db-4722-b4d7-6a0c7183c590,benny blanco,d0c7656d-8169-4f77-9dbe-b8f24e40105d,Kali Uchis,1,Moonlight
5a6131f9-f8db-4722-b4d7-6a0c7183c590,benny blanco,7eef0136-ed38-47a5-aa0f-fa5424dbd5c8,Lars Stalfors,1,Nervous
5a6131f9-f8db-4722-b4d7-6a0c7183c590,benny blanco,80060c96-caa9-448c-826c-c204d9da28b0,Mikey Margott,1,Nervous
5a6131f9-f8db-4722-b4d7-6a0c7183c590,benny blanco,746219b8-6b82-40f6-ac63-93aa98812db8,Noel Zancanella,1,Maps
5a6131f9-f8db-4722-b4d7-6a0c7183c590,benny blanco,e01c14e7-ed28-401a-a2ae-8333e76a6a4b,Rob Bisel,1,Nobody Gets Me
5a6131f9-f8db-4722-b4d7-6a0c7183c590,benny blanco,eac4f405-76a7-4730-ab09-9c0efc6ec445,Robin Weisse,1,Nobody Gets Me
5a6131f9-f8db-4722-b4d7-6a0c7183c590,benny blanco,0bc6d6e7-0858-4b73-a079-7aa681095f98,Ryan Tedder,1,Maps
5a6131f9-f8db-4722-b4d7-6a0c7183c590,benny blanco,272989c8-5535-492d-a25c-9f58803e027f,SZA,1,Nobody Gets Me
5a6131f9-f8db-4722-b4d7-6a0c7183c590,benny blanco,edbaeeb7-725e-4079-b797-ec41ea423527,Zachary Abels,1,Nervous
e07d9474-00ea-4460-ac27-88b46b3d976e,blackbear,47010115-1e5e-46b5-bea4-4dd4a29fb0ab,MdL,1,Boyfriend
e07d9474-00ea-4460-ac27-88b46b3d976e,blackbear,5b64e344-b2fb-47bd-bd7b-4c793b17d472,Mike Posner,1,Boyfriend
b67bf15d-03c3-40a4-9d17-769a964d5005,Łukasz Gottwald,2aae288b-0be9-4520-a0f5-d3ff5cac8cfe,Aaron Horn,1,Woman
b67bf15d-03c3-40a4-9d17-769a964d5005,Łukasz Gottwald,7520db17-fd87-443a-a688-50d00c1b9893,Aynzli Jones,1,Woman
b67bf15d-03c3-40a4-9d17-769a964d5005,Łukasz Gottwald,965f5705-6eb1-49a1-b312-cd3d65bcc7c9,Calvin Broadus,1,California Gurls
b67bf15d-03c3-40a4-9d17-769a964d5005,Łukasz Gottwald,aee63f14-ab80-4b37-86e4-d06fe05a898c,Cathy Dennis,1,I Kissed a Girl
b67bf15d-03c3-40a4-9d17-769a964d5005,Łukasz Gottwald,396d316b-a9de-4c3e-88e8-a1caf730a6b5,Claude Kelly,1,Circus
b67bf15d-03c3-40a4-9d17-769a964d5005,Łukasz Gottwald,fef6ca14-d775-4e19-86d5-b7a1e0f343ae,Geoff Mack,1,Where Have You Been
b67bf15d-03c3-40a4-9d17-769a964d5005,Łukasz Gottwald,d288a227-30c0-4bed-95c3-8c9614646633,Jacob Kasher,1,Sugar
b67bf15d-03c3-40a4-9d17-769a964d5005,Łukasz Gottwald,2bb9df33-7510-437f-8868-801ce21d6a69,Jidenna,1,Woman
b67bf15d-03c3-40a4-9d17-769a964d5005,Łukasz Gottwald,c45d161f-83ce-4464-ba41-44202e6916d9,Juicy J,1,Dark Horse
b67bf15d-03c3-40a4-9d17-769a964d5005,Łukasz Gottwald,a9b83772-cb9d-45a8-91d4-abb2e720c533,Linden Jay,1,Woman
b67bf15d-03c3-40a4-9d17-769a964d5005,Łukasz Gottwald,cff2a5f3-8a81-4c90-999d-b66eaf79d656,Lydia Asrat,1,Woman
b67bf15d-03c3-40a4-9d17-769a964d5005,Łukasz Gottwald,d9152066-a306-477c-b07c-e5df0eb29eeb,Madison Love,1,Dark Horse
b67bf15d-03c3-40a4-9d17-769a964d5005,Łukasz Gottwald,5b64e344-b2fb-47bd-bd7b-4c793b17d472,Mike Posner,1,Sugar
b67bf15d-03c3-40a4-9d17-769a964d5005,Łukasz Gottwald,0c460d4e-075a-4e89-8c93-f0b0aa4f8e54,Sarah Hudson,1,Dark Horse
b67bf15d-03c3-40a4-9d17-769a964d5005,Łukasz Gottwald,590d7956-6025-4b2f-a62a-2f57e4ac2747,Yeti Beats,1,Woman
