artist_rank,artist_name,artist_mbid,track_rank,track_title,lastfm_listeners,lastfm_playcount,mb_recording_id,mb_recording_length_ms
1,The Weeknd,c8b03190-306c-4120-bb0b-6f2ebfc06ea9,1,Blinding Lights,2200565,36236274,5bdbfe86-4ad5-4c19-8d29-ee5f30ba628b,262000
1,The Weeknd,c8b03190-306c-4120-bb0b-6f2ebfc06ea9,2,Starboy,2154136,30477093,196f19ab-9c4d-49c7-ac59-9cc70de66845,245000
1,The Weeknd,c8b03190-306c-4120-bb0b-6f2ebfc06ea9,3,The Hills,1968048,25135873,2a37fbe6-f3e7-418e-90d0-a09453f630ab,242290
1,The Weeknd,c8b03190-306c-4120-bb0b-6f2ebfc06ea9,4,Die for You,1838768,30725091,fc251bae-e606-466a-a554-3ade762ba70d,167000
1,The Weeknd,c8b03190-306c-4120-bb0b-6f2ebfc06ea9,5,Can't Feel My Face,1726024,17175434,08b815da-5d60-4807-a605-f6af03d5471d,213640
1,The Weeknd,c8b03190-306c-4120-bb0b-6f2ebfc06ea9,6,Save Your Tears,1722569,25406934,fbf4ba44-621c-42c4-b9df-1c22a5b8109a,221000
1,The Weeknd,c8b03190-306c-4120-bb0b-6f2ebfc06ea9,7,Stargirl Interlude,1700966,34693531,761749b4-4b1b-4ab7-9646-3262f37a1773,113000
1,The Weeknd,c8b03190-306c-4120-bb0b-6f2ebfc06ea9,8,Call Out My Name,1459211,19281937,d1b933f0-00eb-423d-ac57-00840f4d5e68,242899
1,The Weeknd,c8b03190-306c-4120-bb0b-6f2ebfc06ea9,9,I Feel It Coming,1342722,14540073,9688d807-0f2d-45a6-8df5-cd4fdc37938c,234114
1,The Weeknd,c8b03190-306c-4120-bb0b-6f2ebfc06ea9,10,"One of the Girls (with JENNIE, Lily Rose Depp)",1279273,23790299,,
1,The Weeknd,c8b03190-306c-4120-bb0b-6f2ebfc06ea9,11,Heartless,1195293,18896222,e1f6d6ad-16ce-4d88-84d5-c692c1088eca,124255
1,The Weeknd,c8b03190-306c-4120-bb0b-6f2ebfc06ea9,12,Often,1141793,12880164,7a445048-9883-4d6d-aaf3-538c9b6250d9,250000
1,The Weeknd,c8b03190-306c-4120-bb0b-6f2ebfc06ea9,13,Is There Someone Else?,1138959,19356160,8a106831-6cb2-4d94-95d7-69be51c68df8,237904
1,The Weeknd,c8b03190-306c-4120-bb0b-6f2ebfc06ea9,14,After Hours,1119787,18156368,f41f1c89-7778-4398-9986-1a37b57ff898,367000
1,The Weeknd,c8b03190-306c-4120-bb0b-6f2ebfc06ea9,15,Reminder,1040942,15117305,2354098a-c7de-4691-88fa-0f147b29000b,218879
2,Taylor Swift,20244d07-534f-4eff-b4d4-930878889970,1,Blank Space,1696723,26380820,07eea45c-c211-4c20-8b13-e8818ef0ebe3,183000
2,Taylor Swift,20244d07-534f-4eff-b4d4-930878889970,2,Cruel Summer,1605620,47057046,992debd8-0411-4cc9-9ae8-61b6e9407bc9,229566
2,Taylor Swift,20244d07-534f-4eff-b4d4-930878889970,3,Shake It Off,1531308,17933343,2ccf1b28-9986-4643-85fc-41488db48619,
2,Taylor Swift,20244d07-534f-4eff-b4d4-930878889970,4,cardigan,1461612,42423695,eb623fb9-ed07-4f13-a8aa-446f014c5fee,232000
2,Taylor Swift,20244d07-534f-4eff-b4d4-930878889970,5,Style,1451764,31077989,6b432d18-38fa-41bb-b80f-05adab2dc140,
2,Taylor Swift,20244d07-534f-4eff-b4d4-930878889970,6,Love Story,1428223,13813136,321cc770-1c16-4457-a569-7997d431995b,
2,Taylor Swift,20244d07-534f-4eff-b4d4-930878889970,7,You Belong with Me,1349806,13013238,9a7cef9a-9466-4345-8463-cff44e58f0a5,287555
2,Taylor Swift,20244d07-534f-4eff-b4d4-930878889970,8,august,1310547,40822290,b4587dea-4933-4cc4-9f09-b511f5e5be83,261923
2,Taylor Swift,20244d07-534f-4eff-b4d4-930878889970,9,Anti-Hero,1301998,33162747,617e898f-2c50-4943-a844-f41c21506062,203000
2,Taylor Swift,20244d07-534f-4eff-b4d4-930878889970,10,Lover,1280348,26233006,d47c6853-6877-4e83-bc88-e2341f2161a2,221000
2,Taylor Swift,20244d07-534f-4eff-b4d4-930878889970,11,Don’t Blame Me,1194588,25389066,3ac7617c-f754-432c-82dd-2cd4d076bf01,
2,Taylor Swift,20244d07-534f-4eff-b4d4-930878889970,12,Look What You Made Me Do,1182429,22213779,9850a8f8-5686-4766-bd8a-bcdef2c5faba,
2,Taylor Swift,20244d07-534f-4eff-b4d4-930878889970,13,We Are Never Ever Getting Back Together,1158129,11228313,12fd2a9e-8442-49f5-9ebf-697bf651e9d6,216000
2,Taylor Swift,20244d07-534f-4eff-b4d4-930878889970,14,Wildest Dreams,1158108,14727453,d6dfa2b0-0db1-491e-bc3e-eec64b673f91,
2,Taylor Swift,20244d07-534f-4eff-b4d4-930878889970,15,Bad Blood,1116521,13598290,73e33139-0789-4a94-8156-3d79ebf02fc0,128000
3,"Tyler, The Creator",f6beac20-5dfe-4d1f-ae02-0b0a740aafd6,1,See You Again (feat. Kali Uchis),2373200,51660433,,
3,"Tyler, The Creator",f6beac20-5dfe-4d1f-ae02-0b0a740aafd6,2,EARFQUAKE,1957952,36629226,c3c6a3db-8876-449e-859d-62e1a0427df7,218000
3,"Tyler, The Creator",f6beac20-5dfe-4d1f-ae02-0b0a740aafd6,3,NEW MAGIC WAND,1685186,29937972,999d967d-508b-4bfc-b2f6-f61202b69da9,219000
3,"Tyler, The Creator",f6beac20-5dfe-4d1f-ae02-0b0a740aafd6,4,ARE WE STILL FRIENDS?,1672140,28522966,e3111316-c43d-4abb-912b-b734fce7c797,306000
3,"Tyler, The Creator",f6beac20-5dfe-4d1f-ae02-0b0a740aafd6,5,BEST INTEREST,1521604,23217713,bf69d97a-64c1-4730-9895-a3d7ada35f27,127921
3,"Tyler, The Creator",f6beac20-5dfe-4d1f-ae02-0b0a740aafd6,6,"GONE, GONE / THANK YOU",1300524,20820544,1b27ca76-48fd-4362-952a-37ad0f342bff,272000
3,"Tyler, The Creator",f6beac20-5dfe-4d1f-ae02-0b0a740aafd6,7,Like Him (feat. Lola Young),1265874,18603310,,
3,"Tyler, The Creator",f6beac20-5dfe-4d1f-ae02-0b0a740aafd6,8,I THINK,1262508,20436592,08937107-2213-4e9f-8077-79542245fe9c,212000
3,"Tyler, The Creator",f6beac20-5dfe-4d1f-ae02-0b0a740aafd6,9,RUNNING OUT OF TIME,1253318,16727120,305c3e1b-2bdf-4257-889c-ed05fc3180c5,176000
3,"Tyler, The Creator",f6beac20-5dfe-4d1f-ae02-0b0a740aafd6,10,She,1229260,23735509,0247b8a4-603f-4dde-aa0a-46696ab5a2d5,69000
3,"Tyler, The Creator",f6beac20-5dfe-4d1f-ae02-0b0a740aafd6,11,WUSYANAME (feat. Youngboy Never Broke Again & Ty Dolla $ign),1221477,20078234,,
3,"Tyler, The Creator",f6beac20-5dfe-4d1f-ae02-0b0a740aafd6,12,"STICKY (feat. GloRilla, Sexyy Red & Lil Wayne)",1144410,13640000,,
3,"Tyler, The Creator",f6beac20-5dfe-4d1f-ae02-0b0a740aafd6,13,911 / Mr. Lonely (feat. Frank Ocean & Steve Lacy),1072983,14684531,609ca4c9-0f65-4999-ada2-5ea508317b60,255653
3,"Tyler, The Creator",f6beac20-5dfe-4d1f-ae02-0b0a740aafd6,14,A BOY IS A GUN*,1037455,14565901,a914c14d-18ef-45fa-8e6b-867886d7e14b,210000
3,"Tyler, The Creator",f6beac20-5dfe-4d1f-ae02-0b0a740aafd6,15,SWEET / I THOUGHT YOU WANTED TO DANCE (feat. Brent Faiyaz & Fana Hues),1024434,15162376,,
4,Radiohead,a74b1b7f-71a5-4011-9441-d0b5e4122711,1,Creep,3810811,53031610,f5fdaa7e-5986-4eba-a394-af37e3705677,
4,Radiohead,a74b1b7f-71a5-4011-9441-d0b5e4122711,2,No Surprises,3161406,49509552,da329fde-9fec-4306-8e9a-5f6f0657cff4,227000
4,Radiohead,a74b1b7f-71a5-4011-9441-d0b5e4122711,3,Karma Police,3137011,39490048,83d77ed3-4360-4d11-98cc-60370f60db87,282800
4,Radiohead,a74b1b7f-71a5-4011-9441-d0b5e4122711,4,High and Dry,2374228,26547016,b8e38cdf-a07c-4c24-80ab-c9207716998a,273893
4,Radiohead,a74b1b7f-71a5-4011-9441-d0b5e4122711,5,Paranoid Android,2373622,26028305,2321576e-141e-4a00-b403-bfd8da62b17c,389000
4,Radiohead,a74b1b7f-71a5-4011-9441-d0b5e4122711,6,Fake Plastic Trees,2260601,29338039,9cc2f575-077c-4434-a0f8-1ed84b314e75,
4,Radiohead,a74b1b7f-71a5-4011-9441-d0b5e4122711,7,All I Need,2259724,35706019,db95907d-d2fe-46f9-bbdc-93cb72404f67,
4,Radiohead,a74b1b7f-71a5-4011-9441-d0b5e4122711,8,Let Down,2256474,32957080,d139df02-7767-4140-9f70-7a27d23cce4c,321000
4,Radiohead,a74b1b7f-71a5-4011-9441-d0b5e4122711,9,Exit Music (for a Film),2199491,27628172,802db836-4fe5-4063-9f8a-baf7b1326723,293000
4,Radiohead,a74b1b7f-71a5-4011-9441-d0b5e4122711,10,Jigsaw Falling Into Place,2173342,36524047,13fbb221-808f-4b89-8a40-7dc2677804cf,249906
4,Radiohead,a74b1b7f-71a5-4011-9441-d0b5e4122711,11,Just,1961498,23766458,090e177a-af4f-4361-823f-ffb54d3dd93c,236746
4,Radiohead,a74b1b7f-71a5-4011-9441-d0b5e4122711,12,Everything in Its Right Place,1907725,20600836,07ee995f-7c5c-4084-afdd-13687f963f7b,462800
4,Radiohead,a74b1b7f-71a5-4011-9441-d0b5e4122711,13,Nude,1894775,27134118,8fa2de7e-49e0-4201-87ae-d9f2bab81730,297933
4,Radiohead,a74b1b7f-71a5-4011-9441-d0b5e4122711,14,Airbag,1709851,13823274,8a790107-4a4a-41bb-8a65-8dac04bbccf9,
4,Radiohead,a74b1b7f-71a5-4011-9441-d0b5e4122711,15,15 Step,1675304,18980797,30b871ca-5ecb-4dc3-8313-4513b6242250,333000
5,Kendrick Lamar,381086ea-f511-4aba-bdf9-71c753dc5077,1,HUMBLE.,2139269,29055682,678f23c7-4726-48af-ad6d-4144d4a75109,
5,Kendrick Lamar,381086ea-f511-4aba-bdf9-71c753dc5077,2,Money Trees,1979118,32244987,a615b25c-6a78-4878-b536-e963ccb3d54a,127269
5,Kendrick Lamar,381086ea-f511-4aba-bdf9-71c753dc5077,3,All the Stars (with SZA),1840672,26431465,,
5,Kendrick Lamar,381086ea-f511-4aba-bdf9-71c753dc5077,4,Not Like Us,1804389,27660333,167b0a18-8923-4f64-82dd-30fb57e6216f,274192
5,Kendrick Lamar,381086ea-f511-4aba-bdf9-71c753dc5077,5,Alright,1765992,29014710,4dcea7a0-4ca0-4190-a85d-d4944e5e5420,194490
5,Kendrick Lamar,381086ea-f511-4aba-bdf9-71c753dc5077,6,PRIDE.,1699373,30503563,514ce85b-c9d2-4fd9-9795-5c1af5e7f36e,275253
5,Kendrick Lamar,381086ea-f511-4aba-bdf9-71c753dc5077,7,DNA.,1634433,22907897,6cf20e9f-a788-4291-90a0-ffd8ffc9bf60,
5,Kendrick Lamar,381086ea-f511-4aba-bdf9-71c753dc5077,8,LOVE. FEAT. ZACARI.,1590971,23488606,,
5,Kendrick Lamar,381086ea-f511-4aba-bdf9-71c753dc5077,9,"Bitch, Don’t Kill My Vibe",1449210,17466091,a5a4d3ec-f47b-4c50-a7e9-2b4c1232f704,311000
5,Kendrick Lamar,381086ea-f511-4aba-bdf9-71c753dc5077,10,luther (with SZA),1365938,23668180,,
5,Kendrick Lamar,381086ea-f511-4aba-bdf9-71c753dc5077,11,King Kunta,1352619,18384001,025a4d55-4ba8-4943-9269-6c05bf035328,72690
5,Kendrick Lamar,381086ea-f511-4aba-bdf9-71c753dc5077,12,Swimming Pools (Drank),1337534,12858042,fe804d21-fa21-4ed1-a6e6-d1674bb62462,202000
5,Kendrick Lamar,381086ea-f511-4aba-bdf9-71c753dc5077,13,LOYALTY. FEAT. RIHANNA.,1219263,14378758,,
5,Kendrick Lamar,381086ea-f511-4aba-bdf9-71c753dc5077,14,N95,1200995,18960760,6476b30b-0c08-4305-9acb-9dfd8f3f36f8,195933
5,Kendrick Lamar,381086ea-f511-4aba-bdf9-71c753dc5077,15,United in Grief,1142802,13263462,b5d8d43c-92d9-4e42-8198-eda816641965,255346
6,Tame Impala,63aa26c3-d59b-4da4-84ac-716b54f1ef4d,1,The Less I Know the Better,2464261,42070409,78be434c-0908-458f-9693-f16cdebb68ef,217000
6,Tame Impala,63aa26c3-d59b-4da4-84ac-716b54f1ef4d,2,Borderline,1712114,25195084,ebbf5e17-edb5-4e4f-847d-ae8268f0612a,274000
6,Tame Impala,63aa26c3-d59b-4da4-84ac-716b54f1ef4d,3,Feels Like We Only Go Backwards,1674266,17754151,74bbaf1e-220c-4329-b494-bcfd7da17ec0,192960
6,Tame Impala,63aa26c3-d59b-4da4-84ac-716b54f1ef4d,4,"New Person, Same Old Mistakes",1596535,20725470,f078699c-9b68-4040-9ba4-b1e4f7d86598,362000
6,Tame Impala,63aa26c3-d59b-4da4-84ac-716b54f1ef4d,5,Let It Happen,1584656,22713808,684ae0af-c99f-4492-830d-86d201f5928f,244440
6,Tame Impala,63aa26c3-d59b-4da4-84ac-716b54f1ef4d,6,Eventually,1475968,17414179,95b2467f-677a-41c3-90a9-60b0dddfb76d,422000
6,Tame Impala,63aa26c3-d59b-4da4-84ac-716b54f1ef4d,7,Elephant,1262435,11276897,aee0bf1f-785e-459e-a3cf-80585f4c5e22,
6,Tame Impala,63aa26c3-d59b-4da4-84ac-716b54f1ef4d,8,Nangs,1258356,11911836,c9f0e0e0-3789-4a78-a91e-03bc0c3ea998,107000
6,Tame Impala,63aa26c3-d59b-4da4-84ac-716b54f1ef4d,9,Yes I'm Changing,1068786,10195583,f6685670-fd58-4ea1-84f0-31485aee8eaf,266000
6,Tame Impala,63aa26c3-d59b-4da4-84ac-716b54f1ef4d,10,Disciples,946397,7577974,9cbbdb07-8942-48c9-b80e-568149744453,108000
6,Tame Impala,63aa26c3-d59b-4da4-84ac-716b54f1ef4d,11,The Moment,864799,7480609,6bf76079-edc9-4f95-b802-3fc5e5637fef,266000
6,Tame Impala,63aa26c3-d59b-4da4-84ac-716b54f1ef4d,12,One More Hour,779784,6475114,03f1b16a-af43-4cd7-b22c-d2991bf011a3,433000
6,Tame Impala,63aa26c3-d59b-4da4-84ac-716b54f1ef4d,13,Love/Paranoia,776372,6308729,30888632-0b8d-40a9-bfed-333819728ba4,228000
6,Tame Impala,63aa26c3-d59b-4da4-84ac-716b54f1ef4d,14,Is It True,717098,6401502,7a235148-133e-457a-a0fe-102f24953b97,238147
6,Tame Impala,63aa26c3-d59b-4da4-84ac-716b54f1ef4d,15,'Cause I'm a Man,691346,5302269,6e09b29c-ea7d-4f57-ad43-66db3d0ad421,237826
7,Lady Gaga,650e7db6-b795-4eb5-a702-5ea2fc46c848,1,Poker Face,3403356,38597840,01fbfb3f-5deb-455e-8d3f-51f7dc291739,
7,Lady Gaga,650e7db6-b795-4eb5-a702-5ea2fc46c848,2,Bad Romance,2877096,36164647,43e6f44b-7279-48bb-ac4e-c02075f218ae,240000
7,Lady Gaga,650e7db6-b795-4eb5-a702-5ea2fc46c848,3,Paparazzi,2633629,29624446,4c5b2a8c-f046-425a-bab6-20ade1ed3a8a,
7,Lady Gaga,650e7db6-b795-4eb5-a702-5ea2fc46c848,4,Just Dance,2586170,25405033,240a5a28-6f86-4395-bca7-ad50e4a2f236,273000
7,Lady Gaga,650e7db6-b795-4eb5-a702-5ea2fc46c848,5,LoveGame,1945077,20409702,96af0d3d-443d-4d21-a682-bffdb74fb7c1,223000
7,Lady Gaga,650e7db6-b795-4eb5-a702-5ea2fc46c848,6,Alejandro,1873020,23799741,597d8cac-2176-4495-a72f-5b909ee3867b,239000
7,Lady Gaga,650e7db6-b795-4eb5-a702-5ea2fc46c848,7,Judas,1775818,30673998,1f946333-5da4-4a8d-a9a9-f9db8ed7eb48,245533
7,Lady Gaga,650e7db6-b795-4eb5-a702-5ea2fc46c848,8,Telephone,1669269,19806756,102a7713-bc57-46a4-9299-fff64acc7b31,174000
7,Lady Gaga,650e7db6-b795-4eb5-a702-5ea2fc46c848,9,Die with a Smile,1604657,27899928,d1cda359-8133-4225-ac66-04ab3e10e522,
7,Lady Gaga,650e7db6-b795-4eb5-a702-5ea2fc46c848,10,Born This Way,1497794,21662487,bd60b700-7a28-4354-8c83-4deb26547a9d,109000
7,Lady Gaga,650e7db6-b795-4eb5-a702-5ea2fc46c848,11,Applause,1460445,19436336,2c2a5f3c-b8cd-4d14-bd3c-ccfa637e4c1f,207000
7,Lady Gaga,650e7db6-b795-4eb5-a702-5ea2fc46c848,12,Monster,1110409,14536197,8b69be44-65d6-4468-a452-6f47cbbb2c69,256000
7,Lady Gaga,650e7db6-b795-4eb5-a702-5ea2fc46c848,13,Bloody Mary,1082066,14836644,97628249-9cdc-461a-8db8-6c023df6ab1b,
7,Lady Gaga,650e7db6-b795-4eb5-a702-5ea2fc46c848,14,Abracadabra,1010890,22136534,91a060d5-fedf-433e-bd20-ce940070bd3a,223000
7,Lady Gaga,650e7db6-b795-4eb5-a702-5ea2fc46c848,15,The Edge of Glory,913081,10640948,eb492db1-6881-430b-8e04-d5beaf3b050b,263000
8,Sabrina Carpenter,1882fe91-cdd9-49c9-9956-8e06a3810bd4,1,Espresso,1990869,50440380,c733559e-0294-40ca-b6a8-b4b022fdef9e,194000
8,Sabrina Carpenter,1882fe91-cdd9-49c9-9956-8e06a3810bd4,2,Please Please Please,1582960,32846075,726b5875-2297-44c8-bf1f-f76de3043b4c,45589
8,Sabrina Carpenter,1882fe91-cdd9-49c9-9956-8e06a3810bd4,3,Taste,1399528,27647169,6226ac34-34cf-4dcd-9a47-9fb8eb891ae3,
8,Sabrina Carpenter,1882fe91-cdd9-49c9-9956-8e06a3810bd4,4,Nonsense,1350030,26779106,0910e2e4-d0da-479b-b5f0-7cf45d2f0674,171000
8,Sabrina Carpenter,1882fe91-cdd9-49c9-9956-8e06a3810bd4,5,Feather,1289073,25703944,28584338-3db9-489c-b67d-5d2ba7de4c04,186000
8,Sabrina Carpenter,1882fe91-cdd9-49c9-9956-8e06a3810bd4,6,Bed Chem,1143075,22756705,f924d22d-61da-4412-ae5d-f8c1eb126b63,171000
8,Sabrina Carpenter,1882fe91-cdd9-49c9-9956-8e06a3810bd4,7,Juno,1016038,21757047,480cbd51-f290-4935-b447-f6c402ece991,223000
8,Sabrina Carpenter,1882fe91-cdd9-49c9-9956-8e06a3810bd4,8,Manchild,957243,15254510,44a89ba2-3f6f-46e1-bc7e-8c4676203b69,214000
8,Sabrina Carpenter,1882fe91-cdd9-49c9-9956-8e06a3810bd4,9,Good Graces,885515,16117454,ab0d81a8-8195-40a0-b03e-7d29cd6b208c,185000
8,Sabrina Carpenter,1882fe91-cdd9-49c9-9956-8e06a3810bd4,10,because i liked a boy,849991,13683002,9c6f03c3-f9b9-4103-a6c2-8bf137bf4960,196458
8,Sabrina Carpenter,1882fe91-cdd9-49c9-9956-8e06a3810bd4,11,Tears,752370,8097657,5e42c3fe-1089-4548-910b-cdbc6671f3c0,160000
8,Sabrina Carpenter,1882fe91-cdd9-49c9-9956-8e06a3810bd4,12,Busy Woman,747808,12279101,d58be255-6fd9-46b5-8eba-528546c8b1b4,187000
8,Sabrina Carpenter,1882fe91-cdd9-49c9-9956-8e06a3810bd4,13,Coincidence,681797,9904662,bb106da5-ef6e-4d27-b6cc-4a81bbb9155f,164000
8,Sabrina Carpenter,1882fe91-cdd9-49c9-9956-8e06a3810bd4,14,Sharpest Tool,668866,9942958,69aa0c8d-73cf-4bfe-afff-e42c2fd4e93b,219000
8,Sabrina Carpenter,1882fe91-cdd9-49c9-9956-8e06a3810bd4,15,Don’t Smile,661847,11675776,9c76a04a-d3a4-4df4-b794-db48f020b229,206000
9,Ariana Grande,f4fdbb4c-e4b7-47a0-b83b-d91bbfcfa387,1,7 rings,1562552,26578268,fc8a804f-7c62-4e99-b614-1f7eb75a9482,225000
9,Ariana Grande,f4fdbb4c-e4b7-47a0-b83b-d91bbfcfa387,2,Into You,1492450,22962437,688e0e1c-8bd2-47f9-be0f-f36d29ecedf3,238000
9,Ariana Grande,f4fdbb4c-e4b7-47a0-b83b-d91bbfcfa387,3,One Last Time,1386289,16487574,9f24c0f7-a644-4074-8fbd-a1dba03de129,197000
9,Ariana Grande,f4fdbb4c-e4b7-47a0-b83b-d91bbfcfa387,4,"thank u, next",1381497,19988280,46d32ced-77f7-4f85-b38b-1b547dc0722b,207000
9,Ariana Grande,f4fdbb4c-e4b7-47a0-b83b-d91bbfcfa387,5,Dangerous Woman,1282503,15632326,c4c5ee2f-93db-4cc6-9b20-f89e33d844aa,212000
9,Ariana Grande,f4fdbb4c-e4b7-47a0-b83b-d91bbfcfa387,6,we can't be friends (wait for your love),1258814,30915532,6a2609d0-ca0e-47dc-ab7e-056f01c547df,227000
9,Ariana Grande,f4fdbb4c-e4b7-47a0-b83b-d91bbfcfa387,7,Love Me Harder,1245949,13492142,6e079d94-ef83-42c4-bb7f-a6db49bb7de3,84000
9,Ariana Grande,f4fdbb4c-e4b7-47a0-b83b-d91bbfcfa387,8,Santa Tell Me,1196267,8744056,3ab99413-4326-422c-99ae-53557a0b04df,204000
9,Ariana Grande,f4fdbb4c-e4b7-47a0-b83b-d91bbfcfa387,9,Side to Side,1193324,11524840,521ad022-b3fb-49c6-9fa4-70d5644c870d,226266
9,Ariana Grande,f4fdbb4c-e4b7-47a0-b83b-d91bbfcfa387,10,Break Free,1188731,10843514,37322c5d-9b0d-4a1a-8d60-a71165fb0c82,152000
9,Ariana Grande,f4fdbb4c-e4b7-47a0-b83b-d91bbfcfa387,11,Problem,1182856,9137729,47aee8db-3efd-4acf-91ff-1545dc190970,
9,Ariana Grande,f4fdbb4c-e4b7-47a0-b83b-d91bbfcfa387,12,positions,1151391,15303003,3cd81a88-fd70-4ac2-b68e-4b2b6a15709f,260000
9,Ariana Grande,f4fdbb4c-e4b7-47a0-b83b-d91bbfcfa387,13,no tears left to cry,1146323,19019148,33bf02a1-ca99-44b0-8bd6-252a1fb7e561,207000
9,Ariana Grande,f4fdbb4c-e4b7-47a0-b83b-d91bbfcfa387,14,God is a woman,1099128,17258211,821208e4-132e-4f01-9e32-c4053c59992f,201026
9,Ariana Grande,f4fdbb4c-e4b7-47a0-b83b-d91bbfcfa387,15,"yes, and?",1055478,24200181,fcd643c0-9ccb-48d8-a2f4-3cf820c8bf68,215000
10,Kanye West,0eb17834-1d29-47ef-a422-9dc68d73c5e4,1,Heard 'Em Say,87,188,838db018-12ee-4d53-828f-304769f1933d,151000
10,Kanye West,0eb17834-1d29-47ef-a422-9dc68d73c5e4,2,Gold Digger,32,91,c6fad580-504a-4a0a-9ee4-19d63848b69c,157000
10,Kanye West,0eb17834-1d29-47ef-a422-9dc68d73c5e4,3,Slow Jamz,21,38,49ff2879-25ad-4562-b8f4-83f6c132612b,297000
10,Kanye West,0eb17834-1d29-47ef-a422-9dc68d73c5e4,4,Through the Wire,17,31,05ede182-4b93-4127-ad75-f66e35afc6bc,
10,Kanye West,0eb17834-1d29-47ef-a422-9dc68d73c5e4,5,Touch the Sky,16,88,ca46aad7-b59a-4124-b4de-954d829d0955,129746
10,Kanye West,0eb17834-1d29-47ef-a422-9dc68d73c5e4,6,Jesus Walks,16,43,c793dceb-0857-406d-b467-932f889a89e1,190333
10,Kanye West,0eb17834-1d29-47ef-a422-9dc68d73c5e4,7,All Falls Down,12,53,30040ba9-feac-4ce8-bc6f-019734ff1bb7,225000
10,Kanye West,0eb17834-1d29-47ef-a422-9dc68d73c5e4,8,Bring Me Down,12,28,ee29335c-76dc-4b1b-ad11-9ea550af500b,234000
10,Kanye West,0eb17834-1d29-47ef-a422-9dc68d73c5e4,9,Family Business,10,30,f08d57e0-1fb0-46d4-b6af-6de65377a6d0,279000
10,Kanye West,0eb17834-1d29-47ef-a422-9dc68d73c5e4,10,We Don't Care,10,22,f86e9809-9e3f-4fd7-90aa-9d4a9c57e6db,239880
10,Kanye West,0eb17834-1d29-47ef-a422-9dc68d73c5e4,11,Heard Em Say,1,1,838db018-12ee-4d53-828f-304769f1933d,151000
10,Kanye West,0eb17834-1d29-47ef-a422-9dc68d73c5e4,12,Kanye West and John Legend - All Falls Down,1,1,,
11,Drake,9fff2f8a-21e6-47de-a2b8-7f449929d43f,1,One Dance,1745964,19670587,af522884-a7a1-4336-990c-583b1b9e1ebf,174000
11,Drake,9fff2f8a-21e6-47de-a2b8-7f449929d43f,2,Best I Ever Had,1730331,11503007,7d1aca00-bce1-4eda-b1a9-032079b1aad4,257690
11,Drake,9fff2f8a-21e6-47de-a2b8-7f449929d43f,3,Passionfruit,1457136,24895441,8eccc484-bba1-4ca0-8600-41c8be9976a9,298941
11,Drake,9fff2f8a-21e6-47de-a2b8-7f449929d43f,4,God's Plan,1345858,13458447,841bb140-860a-44d6-b212-84ffeb7d8fdc,198973
11,Drake,9fff2f8a-21e6-47de-a2b8-7f449929d43f,5,Hotline Bling,1283363,11131204,8751d504-d313-4ef5-9f93-28932be6373e,271000
11,Drake,9fff2f8a-21e6-47de-a2b8-7f449929d43f,6,Forever,1205844,6196603,2c6a5f2c-164e-455a-aa53-06df7e0ba1d9,160826
11,Drake,9fff2f8a-21e6-47de-a2b8-7f449929d43f,7,"Hold On, We're Going Home",1172760,13629189,6a343073-4eb1-4c7a-a10c-d550a9cf0f3e,220000
11,Drake,9fff2f8a-21e6-47de-a2b8-7f449929d43f,8,Headlines,1004797,13096476,8bc77795-d811-4854-9a97-a3415094039b,236000
11,Drake,9fff2f8a-21e6-47de-a2b8-7f449929d43f,9,Jimmy Cooks (feat. 21 Savage),969310,16407222,,
11,Drake,9fff2f8a-21e6-47de-a2b8-7f449929d43f,10,Over,960889,6163950,432febad-339e-4661-983a-f9b3ba87cd4f,225000
11,Drake,9fff2f8a-21e6-47de-a2b8-7f449929d43f,11,Rich Flex,902244,11449095,239bf00c-2a75-49e1-9efa-8a2f4e7e2002,
11,Drake,9fff2f8a-21e6-47de-a2b8-7f449929d43f,12,Take Care,900772,7397302,81c0211a-195b-4812-8f44-6ad7b6ce014b,268640
11,Drake,9fff2f8a-21e6-47de-a2b8-7f449929d43f,13,Nice for What,888204,11170201,f9782a27-8a01-4b83-bcc3-5236701465ab,210747
11,Drake,9fff2f8a-21e6-47de-a2b8-7f449929d43f,14,Fair Trade (with Travis Scott),823523,12617759,,
11,Drake,9fff2f8a-21e6-47de-a2b8-7f449929d43f,15,Teenage Fever,809685,11505597,b0846646-a763-4d03-a460-4a6b319f034d,219692
12,Charli xcx,260b6184-8828-48eb-945c-bc4cb6fc34ca,1,360,1498597,30729800,fb19f984-a708-4321-a7c5-ece459deb44f,118000
12,Charli xcx,260b6184-8828-48eb-945c-bc4cb6fc34ca,2,Guess featuring billie eilish,1447021,26372100,,
12,Charli xcx,260b6184-8828-48eb-945c-bc4cb6fc34ca,3,Apple,1338642,21527162,5ea77309-61d9-497f-aa79-43455a285279,105000
12,Charli xcx,260b6184-8828-48eb-945c-bc4cb6fc34ca,4,Von dutch,1300329,27506725,b79eaf2b-4f3d-43d4-9e61-26938d19726a,85000
12,Charli xcx,260b6184-8828-48eb-945c-bc4cb6fc34ca,5,365,1195158,20228333,3d153ce9-a996-48de-b1e7-89571fcf889a,212000
12,Charli xcx,260b6184-8828-48eb-945c-bc4cb6fc34ca,6,Boom Clap,1111478,8320994,6c5510cf-b472-4af0-a2ec-930648474c97,217268
12,Charli xcx,260b6184-8828-48eb-945c-bc4cb6fc34ca,7,party 4 u,1039286,16466844,b5c28377-d62f-4225-9818-87d254812eec,145008
12,Charli xcx,260b6184-8828-48eb-945c-bc4cb6fc34ca,8,Club classics,1031239,16247925,0adf9718-4cd3-4b93-9ad2-645fb84b798e,154000
12,Charli xcx,260b6184-8828-48eb-945c-bc4cb6fc34ca,9,Sympathy is a knife,982887,16281073,41b8bd05-77aa-4088-977e-56a31644e44a,151000
12,Charli xcx,260b6184-8828-48eb-945c-bc4cb6fc34ca,10,B2b,982529,16419129,316274e2-6043-41c3-97dd-0f570822b319,178000
12,Charli xcx,260b6184-8828-48eb-945c-bc4cb6fc34ca,11,"Girl, so confusing featuring lorde",923465,13376463,,
12,Charli xcx,260b6184-8828-48eb-945c-bc4cb6fc34ca,12,Talk talk,903520,12086832,8f3aef30-cdb9-4405-8e0a-f22f1b0d6a3d,185000
12,Charli xcx,260b6184-8828-48eb-945c-bc4cb6fc34ca,13,Everything is romantic,864755,11918715,1a71f575-7876-4339-a086-8607938de13a,203000
12,Charli xcx,260b6184-8828-48eb-945c-bc4cb6fc34ca,14,"Girl, so confusing",842523,8243260,01a70574-fcf4-4292-a29b-bd5dc6892cfa,175000
12,Charli xcx,260b6184-8828-48eb-945c-bc4cb6fc34ca,15,I might say something stupid,791083,6980933,49344dd3-315e-4422-bcf8-1d04d7aeb4fa,109000
13,Rihanna,73e5e69d-3554-40d8-8516-00cb38737a1c,1,Don't Stop the Music,2311151,17057119,b2d1ed17-37d1-4eed-901d-cb52e3e1507d,240000
13,Rihanna,73e5e69d-3554-40d8-8516-00cb38737a1c,2,Only Girl (In the World),2149069,22199294,1cd8f8bc-263b-42ff-b757-7aa0398dc061,237520
13,Rihanna,73e5e69d-3554-40d8-8516-00cb38737a1c,3,Umbrella,2147298,15702637,b6b9f687-e0ed-483a-93b8-e8c3cb22299b,226000
13,Rihanna,73e5e69d-3554-40d8-8516-00cb38737a1c,4,S&M,2032584,20164030,8e1ff385-157d-4776-81b4-bae4405857f0,246000
13,Rihanna,73e5e69d-3554-40d8-8516-00cb38737a1c,5,Disturbia,1949601,16718931,5c6f94ff-408b-4c55-afb2-b1ff6b3642f4,240000
13,Rihanna,73e5e69d-3554-40d8-8516-00cb38737a1c,6,We Found Love,1802617,14971616,46febbd8-c43b-4d5a-8165-f7b18479e7de,
13,Rihanna,73e5e69d-3554-40d8-8516-00cb38737a1c,7,Rude Boy,1659677,13298466,5b47ceb7-af37-4d92-a25c-125e341428b9,225000
13,Rihanna,73e5e69d-3554-40d8-8516-00cb38737a1c,8,Diamonds,1596926,15161253,e41fd72e-9b42-4c1a-89c1-0fb18f5bceeb,223506
13,Rihanna,73e5e69d-3554-40d8-8516-00cb38737a1c,9,Shut Up and Drive,1536709,11581971,2ef20664-a3b7-4090-9fd1-01bfafc8d61a,278000
13,Rihanna,73e5e69d-3554-40d8-8516-00cb38737a1c,10,Where Have You Been,1369684,12627133,ececc62a-07e6-4e79-a7e8-6e1a89011fd7,241000
13,Rihanna,73e5e69d-3554-40d8-8516-00cb38737a1c,11,Pon de Replay,1357247,8352287,d2954b9a-c358-4faa-bf68-96b5a4af3153,135520
13,Rihanna,73e5e69d-3554-40d8-8516-00cb38737a1c,12,Love on the Brain,1353962,16384037,89ed2829-94e4-4f67-b437-42d9978f0a80,224000
13,Rihanna,73e5e69d-3554-40d8-8516-00cb38737a1c,13,Needed Me,1341741,15309399,9f5b68b5-496f-47d1-af9c-c6e0ad5dc5f4,192000
13,Rihanna,73e5e69d-3554-40d8-8516-00cb38737a1c,14,Breakin' Dishes,1257213,12916994,87570a22-702b-40c1-a22b-6d30255b54e7,202580
13,Rihanna,73e5e69d-3554-40d8-8516-00cb38737a1c,15,SOS,1238398,8592003,225a9273-0ba0-458b-b0dd-1ae6df436bfa,240000
14,Billie Eilish,f4abc0b5-3f7a-4eff-8f78-ac078dbce533,1,BIRDS OF A FEATHER,2028013,49848086,12e33ece-1c00-4de4-a96b-06886ba8d611,210000
14,Billie Eilish,f4abc0b5-3f7a-4eff-8f78-ac078dbce533,2,bad guy,1580204,19329433,694da04d-1ffc-435c-8b4b-59cc23ac8003,194000
14,Billie Eilish,f4abc0b5-3f7a-4eff-8f78-ac078dbce533,3,when the party's over,1506507,20499393,ba7a88da-f864-4ead-9a63-36f92d10de46,196080
14,Billie Eilish,f4abc0b5-3f7a-4eff-8f78-ac078dbce533,4,LUNCH,1485903,25339313,860db050-0743-4378-bbf5-8f97da27dd7e,182000
14,Billie Eilish,f4abc0b5-3f7a-4eff-8f78-ac078dbce533,5,WILDFLOWER,1437369,30729472,951e38c3-ce41-441f-b469-100acbb4d056,262000
14,Billie Eilish,f4abc0b5-3f7a-4eff-8f78-ac078dbce533,6,Happier Than Ever,1435181,26866083,24134481-599d-4e30-bffd-3080739f3d58,298899
14,Billie Eilish,f4abc0b5-3f7a-4eff-8f78-ac078dbce533,7,lovely (with Khalid),1400678,16776484,,
14,Billie Eilish,f4abc0b5-3f7a-4eff-8f78-ac078dbce533,8,CHIHIRO,1397632,28057011,a8d598cc-0ecb-4332-b1d4-6e786c601a83,304293
14,Billie Eilish,f4abc0b5-3f7a-4eff-8f78-ac078dbce533,9,ocean eyes,1394278,16505877,e131db28-dee8-4f62-9d1c-238f77b38f99,201000
14,Billie Eilish,f4abc0b5-3f7a-4eff-8f78-ac078dbce533,10,everything i wanted,1345153,19947128,dc0a9f7e-94ef-44e2-9307-7dd7d6d7b8cb,244000
14,Billie Eilish,f4abc0b5-3f7a-4eff-8f78-ac078dbce533,11,"What Was I Made For? [From the Motion Picture ""Barbie""]",1265378,18872757,,
14,Billie Eilish,f4abc0b5-3f7a-4eff-8f78-ac078dbce533,12,i love you,1149720,17080688,853e1775-727f-4b7f-b91d-09be9bb55ef8,291800
14,Billie Eilish,f4abc0b5-3f7a-4eff-8f78-ac078dbce533,13,idontwannabeyouanymore,1130841,13915190,acffab4b-194a-43b5-8370-5f64e33dc483,203569
14,Billie Eilish,f4abc0b5-3f7a-4eff-8f78-ac078dbce533,14,bellyache,1099029,12999739,43e3e5fa-0198-4b0f-aa3a-d29114b619b5,186000
14,Billie Eilish,f4abc0b5-3f7a-4eff-8f78-ac078dbce533,15,you should see me in a crown,1090723,11771326,f27d980c-15af-4f7c-8628-1bfe2483eb33,
15,Lana Del Rey,b7539c32-53e7-4908-bda3-81449c367da6,1,Summertime Sadness,2315640,32512823,9a68f6af-8776-412d-8356-2480cb34ab5f,282000
15,Lana Del Rey,b7539c32-53e7-4908-bda3-81449c367da6,2,Video Games,2082082,29206691,4234b025-9249-47cd-a071-b27d00a661c3,
15,Lana Del Rey,b7539c32-53e7-4908-bda3-81449c367da6,3,Young and Beautiful,1928587,24387135,862216f6-9ad2-4d61-8754-c28977facb4d,236053
15,Lana Del Rey,b7539c32-53e7-4908-bda3-81449c367da6,4,Born to Die,1927954,29930243,7bc922b3-4fdf-471b-8577-3d7e68df901e,
15,Lana Del Rey,b7539c32-53e7-4908-bda3-81449c367da6,5,Diet Mountain Dew,1710499,23122879,d9ebb923-eeee-40e7-b6d4-ec72be8c5817,
15,Lana Del Rey,b7539c32-53e7-4908-bda3-81449c367da6,6,West Coast,1700068,30544112,7d0e9387-3a50-4d50-9f89-ae644acc0ca7,247120
15,Lana Del Rey,b7539c32-53e7-4908-bda3-81449c367da6,7,Brooklyn Baby,1575548,25895216,3d1f19f1-9c52-4ffb-9e5d-b401231f0180,326373
15,Lana Del Rey,b7539c32-53e7-4908-bda3-81449c367da6,8,National Anthem,1540600,23832512,ab8767ad-210d-4bd5-bb69-7648843ce308,
15,Lana Del Rey,b7539c32-53e7-4908-bda3-81449c367da6,9,Radio,1534785,21155147,ace61e8e-4d1f-47b9-829b-818d563bd5cc,277000
15,Lana Del Rey,b7539c32-53e7-4908-bda3-81449c367da6,10,Doin' Time,1443096,23944583,ccbfb87d-ca92-461c-a8e3-a530e165e60b,265000
15,Lana Del Rey,b7539c32-53e7-4908-bda3-81449c367da6,11,Dark Paradise,1402087,18596018,bf7c7d50-bbac-442a-b437-c3c67b4b93cd,347000
15,Lana Del Rey,b7539c32-53e7-4908-bda3-81449c367da6,12,Cinnamon Girl,1372413,25215821,93c05b1f-0366-4bb5-9a2b-d7007526bd7f,300683
15,Lana Del Rey,b7539c32-53e7-4908-bda3-81449c367da6,13,Blue Jeans,1322376,20866531,f1bffdf5-bf30-45cc-9dc4-3eb2172488df,
15,Lana Del Rey,b7539c32-53e7-4908-bda3-81449c367da6,14,Say Yes to Heaven,1223382,15256909,7b14bd24-7287-4873-b01b-79f65b12616d,209156
15,Lana Del Rey,b7539c32-53e7-4908-bda3-81449c367da6,15,Ultraviolence,1214594,20622172,8b50c14a-635b-4ca2-be00-3a49bfee247e,
16,Doja Cat,5df62a88-cac9-490a-b62c-c7c88f4020f4,1,Kiss Me More (feat. SZA),1740569,26576283,,
16,Doja Cat,5df62a88-cac9-490a-b62c-c7c88f4020f4,2,Woman,1576448,23453124,e12939f6-bab0-4a17-bd3c-9350911a59c8,172626
16,Doja Cat,5df62a88-cac9-490a-b62c-c7c88f4020f4,3,Need to Know,1363760,21969917,80408b75-d28f-44ac-b02b-aa3474f0156f,210560
16,Doja Cat,5df62a88-cac9-490a-b62c-c7c88f4020f4,4,Streets,1360123,20252154,a1fc4545-0a2e-467b-9811-4ba120c65727,226987
16,Doja Cat,5df62a88-cac9-490a-b62c-c7c88f4020f4,5,Say So,1233361,14291850,b41b5a0b-11f9-4de9-8b61-4b2d311db72f,237893
16,Doja Cat,5df62a88-cac9-490a-b62c-c7c88f4020f4,6,Paint the Town Red,1199940,15957918,b1dcb4f1-ae89-4cbb-9868-2785ab1055ed,232493
16,Doja Cat,5df62a88-cac9-490a-b62c-c7c88f4020f4,7,You Right,1170297,15814393,4a685094-5c70-43c8-b66c-87961b1f4933,186000
16,Doja Cat,5df62a88-cac9-490a-b62c-c7c88f4020f4,8,Ain't Shit,1078094,14054294,efc2620f-6ac0-4d82-9d7c-e4329fd35f41,174000
16,Doja Cat,5df62a88-cac9-490a-b62c-c7c88f4020f4,9,Agora Hills,1032301,18585536,a4099868-aa5d-43f3-b62f-fcb63363c1e7,265360
16,Doja Cat,5df62a88-cac9-490a-b62c-c7c88f4020f4,10,Get Into It (Yuh),1003177,14021449,e825393a-b38b-4c9a-9976-8598e053dc39,163000
16,Doja Cat,5df62a88-cac9-490a-b62c-c7c88f4020f4,11,Boss Bitch,968347,11787110,840d13d2-b128-4b62-b075-023f24190c44,134000
16,Doja Cat,5df62a88-cac9-490a-b62c-c7c88f4020f4,12,So High,886204,10777221,47391908-f542-48be-8264-a39fb3a838f1,313382
16,Doja Cat,5df62a88-cac9-490a-b62c-c7c88f4020f4,13,Rules,859109,11578805,95bb28d3-8207-4996-a8cb-927bb51f8b1e,187000
16,Doja Cat,5df62a88-cac9-490a-b62c-c7c88f4020f4,14,Candy,810449,8500981,9dd57e53-1fd2-4c11-8e41-2cebbbedd3fe,190927
16,Doja Cat,5df62a88-cac9-490a-b62c-c7c88f4020f4,15,Tia Tamera (feat. Rico Nasty),751665,8309718,,
17,Arctic Monkeys,ada7a83c-e3e1-40f1-93f9-3e73dbc9298a,1,505,2788961,51944790,96df0f68-3094-4f86-9f03-aa7be895d587,275733
17,Arctic Monkeys,ada7a83c-e3e1-40f1-93f9-3e73dbc9298a,2,Do I Wanna Know?,2701263,41333983,a4f19eb5-ae5f-4fb1-8b5e-9d2e278cf240,281093
17,Arctic Monkeys,ada7a83c-e3e1-40f1-93f9-3e73dbc9298a,3,Why'd You Only Call Me When You're High?,2499614,37946631,3f18e952-fc2f-48f7-a8e7-d3cc86b73fa7,181272
17,Arctic Monkeys,ada7a83c-e3e1-40f1-93f9-3e73dbc9298a,4,I Wanna Be Yours,2404652,38316262,c30fe22d-ddf5-4b96-b232-2673fa033e44,55000
17,Arctic Monkeys,ada7a83c-e3e1-40f1-93f9-3e73dbc9298a,5,Fluorescent Adolescent,2382100,31727779,9b05db8a-2afa-40b9-984e-a1a85ae0a8a0,213000
17,Arctic Monkeys,ada7a83c-e3e1-40f1-93f9-3e73dbc9298a,6,R U Mine?,2087634,29906013,c99bc041-5d23-4a8e-a767-7c7847d24896,201116
17,Arctic Monkeys,ada7a83c-e3e1-40f1-93f9-3e73dbc9298a,7,I Bet You Look Good on the Dancefloor,2050944,22727071,31f12af1-1b20-4051-bf67-b972e39911de,168089
17,Arctic Monkeys,ada7a83c-e3e1-40f1-93f9-3e73dbc9298a,8,Mardy Bum,1859010,19684108,f9b884d8-1fd8-48b8-8689-c40fcddae617,205000
17,Arctic Monkeys,ada7a83c-e3e1-40f1-93f9-3e73dbc9298a,9,When the Sun Goes Down,1760266,19320915,e3791b84-f675-40f5-b73a-f13fbe2bee9d,192000
17,Arctic Monkeys,ada7a83c-e3e1-40f1-93f9-3e73dbc9298a,10,Snap Out of It,1534218,18630154,3a91b1aa-9cdc-4a19-b322-0b73ad75aedf,202175
17,Arctic Monkeys,ada7a83c-e3e1-40f1-93f9-3e73dbc9298a,11,Teddy Picker,1510907,16664007,6b3a7328-c9c3-45e5-9d49-149b5f3e4bb4,165000
17,Arctic Monkeys,ada7a83c-e3e1-40f1-93f9-3e73dbc9298a,12,Arabella,1495324,17495661,0ec33911-1f1e-4212-8416-94e03fa97b00,273996
17,Arctic Monkeys,ada7a83c-e3e1-40f1-93f9-3e73dbc9298a,13,No. 1 Party Anthem,1464971,20737738,71d3508a-ff24-466b-bceb-62df63e2f826,270889
17,Arctic Monkeys,ada7a83c-e3e1-40f1-93f9-3e73dbc9298a,14,Brianstorm,1432035,16167846,1a784ab4-3879-4f94-9e8f-2e43960a5a8f,190611
17,Arctic Monkeys,ada7a83c-e3e1-40f1-93f9-3e73dbc9298a,15,Fake Tales of San Francisco,1408848,12094175,4a5d422c-38cb-4173-84f3-86006d52d4b5,283000
18,PinkPantheress,7441014f-f8f5-494f-81db-ff166fbc078d,1,Pain,1726159,32433561,cdfe8a75-28c0-4029-831b-e61257519f4a,98544
18,PinkPantheress,7441014f-f8f5-494f-81db-ff166fbc078d,2,Boy's a liar Pt. 2,1478668,21108966,c40ed0c1-63e7-470e-802b-052af9e43e90,131013
18,PinkPantheress,7441014f-f8f5-494f-81db-ff166fbc078d,3,I Must Apologise,1079609,14040128,5fd04647-4a8b-436b-8ba7-ebe31046b69d,108373
18,PinkPantheress,7441014f-f8f5-494f-81db-ff166fbc078d,4,Attracted to You,960182,15715559,54100470-534b-48ec-a7a7-ea46f20abadc,67638
18,PinkPantheress,7441014f-f8f5-494f-81db-ff166fbc078d,5,Break It Off - Bonus,958668,9910515,,
18,PinkPantheress,7441014f-f8f5-494f-81db-ff166fbc078d,6,Illegal,839735,8508014,8e92bd2d-d78b-47e8-bed1-155fda8befbe,149666
18,PinkPantheress,7441014f-f8f5-494f-81db-ff166fbc078d,7,Just for Me,790942,9530642,595d6275-49b9-4897-a1a3-c199ec89fde1,116213
18,PinkPantheress,7441014f-f8f5-494f-81db-ff166fbc078d,8,Boy's a liar,711333,6241983,f023b965-beb9-44d9-95e6-71cf95d848ac,131253
18,PinkPantheress,7441014f-f8f5-494f-81db-ff166fbc078d,9,Passion,668415,7997047,16976154-03e7-47ce-b410-a7d6ad79421b,138268
18,PinkPantheress,7441014f-f8f5-494f-81db-ff166fbc078d,10,Tonight,630947,8728091,91fe0e2b-c6d9-4196-8011-8a397e93b46a,174880
18,PinkPantheress,7441014f-f8f5-494f-81db-ff166fbc078d,11,Mosquito,545845,7554793,0483ff69-b09a-4e1e-8640-14d379faa37e,146240
18,PinkPantheress,7441014f-f8f5-494f-81db-ff166fbc078d,12,Take me home,487188,4665156,17ee68c3-e5c3-427a-b5f1-5e2d617610e1,200000
18,PinkPantheress,7441014f-f8f5-494f-81db-ff166fbc078d,13,Stateside,468752,6582022,681de3ef-a617-4634-bf39-484bafe28810,168000
18,PinkPantheress,7441014f-f8f5-494f-81db-ff166fbc078d,14,All My Friends Know,450876,4527427,46676e05-a31c-44be-afa2-8400a634d5a4,118813
18,PinkPantheress,7441014f-f8f5-494f-81db-ff166fbc078d,15,Break It Off,432789,5071672,0dcb877b-9aeb-4e12-a908-daef3f4b238b,95318
19,Gorillaz,e21857d5-3256-4547-afb3-4b6ded592596,1,Feel Good Inc.,3005321,34967583,e155ab72-ddc3-497a-994b-552cf191e0dd,
19,Gorillaz,e21857d5-3256-4547-afb3-4b6ded592596,2,Clint Eastwood,2498605,21065069,8e215061-8b97-4f05-987c-3b631904ef0a,272000
19,Gorillaz,e21857d5-3256-4547-afb3-4b6ded592596,3,DARE,2138462,19233617,8952507f-c220-42a3-a099-b58d5b15f999,326000
19,Gorillaz,e21857d5-3256-4547-afb3-4b6ded592596,4,On Melancholy Hill,2108177,24849757,ce3783ac-6b7a-49ed-994c-3c101b9a75c1,263000
19,Gorillaz,e21857d5-3256-4547-afb3-4b6ded592596,5,Rhinestone Eyes,1699431,17272088,c64706c1-5b5f-44b2-bf60-96b96e221e13,202000
19,Gorillaz,e21857d5-3256-4547-afb3-4b6ded592596,6,Dirty Harry,1598586,11898983,ab9deeb8-fd25-4714-8ed0-ddab4f0dc780,
19,Gorillaz,e21857d5-3256-4547-afb3-4b6ded592596,7,Kids with Guns,1400936,9833848,fe4bbca5-c0c9-4f0b-bc52-6eb5de136b05,227000
19,Gorillaz,e21857d5-3256-4547-afb3-4b6ded592596,8,19-2000,1185752,8099530,afa222e1-3f1d-42bf-9d59-11e89e76dce2,230000
19,Gorillaz,e21857d5-3256-4547-afb3-4b6ded592596,9,She's My Collar (feat. Kali Uchis),1101522,12524473,,
19,Gorillaz,e21857d5-3256-4547-afb3-4b6ded592596,10,November Has Come,1087987,7033836,197270a4-5943-42cb-b81e-8a58359d56f6,163000
19,Gorillaz,e21857d5-3256-4547-afb3-4b6ded592596,11,O Green World,1083365,6682944,3b4242c4-48fa-4bc6-abbb-8821caf3c8cd,319000
19,Gorillaz,e21857d5-3256-4547-afb3-4b6ded592596,12,Last Living Souls,993428,5585880,e50b6311-5bf2-457f-b62b-058c6cc43c2d,205000
19,Gorillaz,e21857d5-3256-4547-afb3-4b6ded592596,13,Tomorrow Comes Today,957387,6313615,10158322-1be6-44ee-ab59-e175b969500e,200000
19,Gorillaz,e21857d5-3256-4547-afb3-4b6ded592596,14,Every Planet We Reach Is Dead,923663,5282311,2b797ce9-c15e-49d3-89ce-8c8ace291a16,344000
19,Gorillaz,e21857d5-3256-4547-afb3-4b6ded592596,15,Feel Good Inc,866017,6445588,f1bc0b9b-2c27-44fb-aafa-ae8fa338a7ab,221400
20,Frank Ocean,e520459c-dff4-491d-a6e4-c97be35e0044,1,Pink + White,2273491,54658697,2f3b06db-e7c4-4409-a807-499efe7b7d0d,
20,Frank Ocean,e520459c-dff4-491d-a6e4-c97be35e0044,2,Thinkin Bout You,2054336,33025910,98a7d71f-c16a-4bfa-9617-fbf3a1748586,199000
20,Frank Ocean,e520459c-dff4-491d-a6e4-c97be35e0044,3,Lost,1863504,29632567,28a1ff2e-a126-4858-a95f-4e73b817c1cb,283000
20,Frank Ocean,e520459c-dff4-491d-a6e4-c97be35e0044,4,Ivy,1742625,39952966,fe8b367d-78ef-4ec3-9c9a-ff3435a65d5b,249000
20,Frank Ocean,e520459c-dff4-491d-a6e4-c97be35e0044,5,White Ferrari,1548354,36011572,a1f25623-f56c-4f36-bcce-67488d04e7cc,249000
20,Frank Ocean,e520459c-dff4-491d-a6e4-c97be35e0044,6,Nights,1529650,38220312,290d0846-1190-4e53-a1ed-21769c0a848c,171000
20,Frank Ocean,e520459c-dff4-491d-a6e4-c97be35e0044,7,Pyramids,1388315,21232934,6663470e-57d7-450a-bbf5-be672640d14e,592920
20,Frank Ocean,e520459c-dff4-491d-a6e4-c97be35e0044,8,Chanel,1370200,22735170,eff2afd0-8d3a-4efb-99cb-fa88e1fae2a2,210285
20,Frank Ocean,e520459c-dff4-491d-a6e4-c97be35e0044,9,Novacane,1362775,23321520,2e689177-6d5c-4a8d-a800-4e3ec3d74d4e,301000
20,Frank Ocean,e520459c-dff4-491d-a6e4-c97be35e0044,10,Super Rich Kids,1327375,17317276,b76012a9-8b64-434d-95a4-8cb2550a83fc,304453
20,Frank Ocean,e520459c-dff4-491d-a6e4-c97be35e0044,11,Self Control,1252423,30184433,039326dc-e853-4de8-84c5-dd91c31d4256,250000
20,Frank Ocean,e520459c-dff4-491d-a6e4-c97be35e0044,12,Pink Matter,1166102,18226116,9ac93b0d-f1b3-4fa0-b8df-99266215e835,268000
20,Frank Ocean,e520459c-dff4-491d-a6e4-c97be35e0044,13,Godspeed,1135575,17141367,6f390fd7-6806-4d0c-aa34-7b748b7a099e,177968
20,Frank Ocean,e520459c-dff4-491d-a6e4-c97be35e0044,14,In My Room,1134325,19486852,8cf8241b-196e-4baa-a7c5-c7ac08970c43,133680
20,Frank Ocean,e520459c-dff4-491d-a6e4-c97be35e0044,15,Nikes,1119499,19995437,ff19c6e3-1d7c-4e64-bb1e-9a08d19f9295,370000
21,Chappell Roan,56a55378-f155-48de-80a5-d80104221267,1,"Good Luck, Babe!",1908668,53449267,c88ece2b-ee87-4325-83ef-215cd258b6d6,218000
21,Chappell Roan,56a55378-f155-48de-80a5-d80104221267,2,HOT TO GO!,1478781,30366802,2a353d78-0eb2-43d6-9a80-88343b5be5a4,211000
21,Chappell Roan,56a55378-f155-48de-80a5-d80104221267,3,Pink Pony Club,1360261,23542286,6bb6cb41-9f5e-4693-8456-cf3735316617,270000
21,Chappell Roan,56a55378-f155-48de-80a5-d80104221267,4,Red Wine Supernova,1225413,28842162,7aad5f38-942b-40cd-91e9-2aed34f00a3b,
21,Chappell Roan,56a55378-f155-48de-80a5-d80104221267,5,Casual,1187371,26344020,6f50902b-3819-48fe-b2f8-777327f8aaab,233000
21,Chappell Roan,56a55378-f155-48de-80a5-d80104221267,6,Femininomenon,1025008,18043528,2f6c9292-f6fd-41bc-8c2b-8595ed89f632,
21,Chappell Roan,56a55378-f155-48de-80a5-d80104221267,7,My Kink Is Karma,940890,17706960,77ee919e-f074-4ac1-9ef7-26f87c36ecbe,223000
21,Chappell Roan,56a55378-f155-48de-80a5-d80104221267,8,Naked in Manhattan,813952,13246464,a04ab22a-a568-42a3-a914-711e57d005c8,211000
21,Chappell Roan,56a55378-f155-48de-80a5-d80104221267,9,Super Graphic Ultra Modern Girl,804901,12558802,fea8217a-d6b5-46d8-97f8-938cc1413c37,187000
21,Chappell Roan,56a55378-f155-48de-80a5-d80104221267,10,Picture You,794021,11393391,4a265932-2ea7-462b-83f9-992763d545ba,187000
21,Chappell Roan,56a55378-f155-48de-80a5-d80104221267,11,The Subway,790523,11755702,1291f98f-157e-4cc3-b5a3-5a82e4747451,271000
21,Chappell Roan,56a55378-f155-48de-80a5-d80104221267,12,After Midnight,774184,11381199,d3784772-0271-4ff9-bd9d-37075c938822,205000
21,Chappell Roan,56a55378-f155-48de-80a5-d80104221267,13,The Giver,616171,6505743,a4d28b98-ccb8-4bdd-b960-9e3dd4fae77a,203000
21,Chappell Roan,56a55378-f155-48de-80a5-d80104221267,14,Coffee,595158,5481380,f048e2b4-8118-48a6-a43d-a30c30e40de1,206000
21,Chappell Roan,56a55378-f155-48de-80a5-d80104221267,15,Kaleidoscope,563543,5502922,6ad8c257-d0ec-4986-993a-a10ec57e2a8b,236000
22,Paramore,44cf61b8-5197-448a-b82b-cef6ee89fac5,1,Misery Business,2530960,34189985,126130e8-345f-4179-955d-b667172f7e8b,226000
22,Paramore,44cf61b8-5197-448a-b82b-cef6ee89fac5,2,Still Into You,1811133,23878048,8f4210ff-d4d7-466f-ac58-a141b2259de7,207124
22,Paramore,44cf61b8-5197-448a-b82b-cef6ee89fac5,3,The Only Exception,1752483,21352794,d771c353-1ddf-4271-96f7-d36a703a3717,267586
22,Paramore,44cf61b8-5197-448a-b82b-cef6ee89fac5,4,That's What You Get,1530743,16962884,ec749845-fabf-4187-81b7-61d19be04698,303000
22,Paramore,44cf61b8-5197-448a-b82b-cef6ee89fac5,5,All I Wanted,1527669,20064705,0ab54d82-750a-422b-88c6-81e597c4aa8d,
22,Paramore,44cf61b8-5197-448a-b82b-cef6ee89fac5,6,crushcrushcrush,1501251,17787491,cee55061-c2af-4fa2-b6f0-3cf213d3abad,185000
22,Paramore,44cf61b8-5197-448a-b82b-cef6ee89fac5,7,Decode,1445811,19254622,7647820d-304d-48ec-a161-ce4431f620ef,252000
22,Paramore,44cf61b8-5197-448a-b82b-cef6ee89fac5,8,Hard Times,1296588,16523561,be99b6bc-d611-4c8f-b8f6-5a8ec8c3d88f,198713
22,Paramore,44cf61b8-5197-448a-b82b-cef6ee89fac5,9,Ain't It Fun,1289963,13229389,e04e76f6-0158-43ff-85f7-31367dade9c2,231000
22,Paramore,44cf61b8-5197-448a-b82b-cef6ee89fac5,10,Ignorance,1256279,15967248,79122bb0-8440-427a-9de1-81629b47e51e,
22,Paramore,44cf61b8-5197-448a-b82b-cef6ee89fac5,11,Brick by Boring Brick,997297,12197281,9aee10d7-f2e5-4b0f-8b4e-afa61f5185a9,253924
22,Paramore,44cf61b8-5197-448a-b82b-cef6ee89fac5,12,Pressure,893990,8877558,a461f49b-4191-48da-9d24-8061a50deacc,194000
22,Paramore,44cf61b8-5197-448a-b82b-cef6ee89fac5,13,Emergency,774130,7706457,6ae6a5db-ce3b-496d-a8ea-044c51bdd631,235333
22,Paramore,44cf61b8-5197-448a-b82b-cef6ee89fac5,14,When It Rains,772157,7654655,58774dc3-1093-4424-8dfd-7b39fefbe702,243760
22,Paramore,44cf61b8-5197-448a-b82b-cef6ee89fac5,15,Fences,750163,7543732,c77c686f-10f1-42b4-8ea0-e889e295d409,215000
23,The Marías,7a3970c9-ecd8-4eee-a267-4d8c77d97ff3,1,No One Noticed,1310148,25677833,d13a634b-9f69-4256-9415-b7e95aac101d,236906
23,The Marías,7a3970c9-ecd8-4eee-a267-4d8c77d97ff3,2,Sienna,873188,12391725,33d69e0f-7b27-4c0c-a0d6-a6c3e81bb78c,224840
23,The Marías,7a3970c9-ecd8-4eee-a267-4d8c77d97ff3,3,Heavy,837166,12563332,c09e14e5-97ee-4c52-ae4a-a28d0084e44c,253000
23,The Marías,7a3970c9-ecd8-4eee-a267-4d8c77d97ff3,4,Only in My Dreams,721850,7337496,77724ba2-3f48-4450-adcc-424bf07fa815,170000
23,The Marías,7a3970c9-ecd8-4eee-a267-4d8c77d97ff3,5,Run Your Mouth,678124,7087769,7c6b5dff-ea89-428c-9bcf-854fb7ef3d86,160000
23,The Marías,7a3970c9-ecd8-4eee-a267-4d8c77d97ff3,6,Cariño,673632,8098748,c55840a9-cb74-440c-b5b3-ca801b166528,258713
23,The Marías,7a3970c9-ecd8-4eee-a267-4d8c77d97ff3,7,No One Noticed (Extended Spanish),652042,5650389,2c263950-246f-49aa-9e6f-6f8619df9ed2,284466
23,The Marías,7a3970c9-ecd8-4eee-a267-4d8c77d97ff3,8,Paranoia,579665,5647962,287b0ee0-16fb-4a43-828e-79e134cfb0ba,231787
23,The Marías,7a3970c9-ecd8-4eee-a267-4d8c77d97ff3,9,Over the Moon,574192,6298681,7dc478bd-c285-4933-afa9-0d9cd7a4f64a,182000
23,The Marías,7a3970c9-ecd8-4eee-a267-4d8c77d97ff3,10,LeJos De Ti,563654,5065644,468e22ef-8499-4f89-baf5-4b913a39b144,179520
23,The Marías,7a3970c9-ecd8-4eee-a267-4d8c77d97ff3,11,Nobody New,552855,5369558,11bb6328-85a5-425c-8db3-bffe469ae057,215200
23,The Marías,7a3970c9-ecd8-4eee-a267-4d8c77d97ff3,12,Back To Me,544939,5924820,f7df1da3-38e4-4819-83d5-36720beecb0f,214800
23,The Marías,7a3970c9-ecd8-4eee-a267-4d8c77d97ff3,13,I Don't Know You,525161,4844927,15fc2507-75b0-4c83-a0d6-a44195af482e,209450
23,The Marías,7a3970c9-ecd8-4eee-a267-4d8c77d97ff3,14,Real Life,509233,4054546,557f8e04-19a0-4e10-9ad9-e0ba4a89ea75,206973
23,The Marías,7a3970c9-ecd8-4eee-a267-4d8c77d97ff3,15,No One Noticed (Extended English),461010,3727457,7681d373-b368-4eb4-acad-2d24ca371d55,284466
24,Travis Scott,e4a51f17-a57b-47b1-b37b-f552d0f8e9e6,1,goosebumps,1593363,21805441,7b8f5668-4da1-435e-a92e-b1cafc35f726,359210
24,Travis Scott,e4a51f17-a57b-47b1-b37b-f552d0f8e9e6,2,SICKO MODE,1418572,18914583,73784600-a665-4a6c-9687-187dbefc556d,312820
24,Travis Scott,e4a51f17-a57b-47b1-b37b-f552d0f8e9e6,3,FE!N (feat. Playboi Carti),1326986,24508758,,
24,Travis Scott,e4a51f17-a57b-47b1-b37b-f552d0f8e9e6,4,HIGHEST IN THE ROOM,1320551,18305442,1ac7b5b2-ede9-43a7-a01d-3d71b32a768d,175720
24,Travis Scott,e4a51f17-a57b-47b1-b37b-f552d0f8e9e6,5,BUTTERFLY EFFECT,1223415,17061231,d467d9f6-f59d-463b-b3ce-37143ca1d291,
24,Travis Scott,e4a51f17-a57b-47b1-b37b-f552d0f8e9e6,6,90210 (feat. Kacy Hill),1061464,23227842,,
24,Travis Scott,e4a51f17-a57b-47b1-b37b-f552d0f8e9e6,7,I KNOW ?,965803,18677409,7b5f4f0d-fbde-481b-b211-c662a835e455,212000
24,Travis Scott,e4a51f17-a57b-47b1-b37b-f552d0f8e9e6,8,SKELETONS,946169,19275988,7a394f0d-caeb-4e1c-b96e-b7e9f566bd5c,145588
24,Travis Scott,e4a51f17-a57b-47b1-b37b-f552d0f8e9e6,9,CAN'T SAY,939865,16173180,c8b6303b-3a39-454c-be96-c29ebd67f471,197000
24,Travis Scott,e4a51f17-a57b-47b1-b37b-f552d0f8e9e6,10,sdp interlude,868810,12996684,f2c1ef66-a862-4570-87c5-c9110beb51bb,191640
24,Travis Scott,e4a51f17-a57b-47b1-b37b-f552d0f8e9e6,11,MY EYES,849042,18855031,10615e42-e1ca-4d54-91ff-e81a50cd6e8d,251000
24,Travis Scott,e4a51f17-a57b-47b1-b37b-f552d0f8e9e6,12,ASTROTHUNDER,838053,16270919,694f7088-87df-4219-84e1-e23b5177f802,142969
24,Travis Scott,e4a51f17-a57b-47b1-b37b-f552d0f8e9e6,13,5% TINT,825933,10164392,864b5a39-2ba5-4aad-adfb-c2138affd940,196138
24,Travis Scott,e4a51f17-a57b-47b1-b37b-f552d0f8e9e6,14,STARGAZING,790652,12662195,d96bd8fa-d0e7-4c5e-9a70-753778e583fe,315000
24,Travis Scott,e4a51f17-a57b-47b1-b37b-f552d0f8e9e6,15,YOSEMITE,767339,10632551,87e0d372-3066-4781-9f1a-9bb08727c2db,272000
25,Deftones,7527f6c2-d762-4b88-b5e2-9244f1e34c46,1,Change (In the House of Flies),1725677,24349088,a55ca4d1-9b66-41fb-a227-c9685cf84419,355986
25,Deftones,7527f6c2-d762-4b88-b5e2-9244f1e34c46,2,My Own Summer (Shove It),1671464,23786510,5a963b21-ba6e-4eda-a563-fb9d56cb8065,255000
25,Deftones,7527f6c2-d762-4b88-b5e2-9244f1e34c46,3,Be Quiet and Drive (Far Away),1473158,24621735,5ade0609-f183-4807-99cf-76ece313d033,266813
25,Deftones,7527f6c2-d762-4b88-b5e2-9244f1e34c46,4,Sextape,1379805,24252408,5a97b963-3f1a-4da0-8b08-add3cb57fdca,241533
25,Deftones,7527f6c2-d762-4b88-b5e2-9244f1e34c46,5,Cherry Waves,1201002,19443665,c556d467-b6ee-4c83-b714-7c9b08629c8b,294000
25,Deftones,7527f6c2-d762-4b88-b5e2-9244f1e34c46,6,Digital Bath,1153054,12657481,5f445bde-a1f0-4573-b887-9a23752a0901,252000
25,Deftones,7527f6c2-d762-4b88-b5e2-9244f1e34c46,7,Mascara,1132468,14034959,ce2beba5-4312-4d62-8fe0-4a2707032abe,287000
25,Deftones,7527f6c2-d762-4b88-b5e2-9244f1e34c46,8,Around the Fur,921199,9157395,84fdf853-e609-4cbc-b9f7-2f3d26c19580,224066
25,Deftones,7527f6c2-d762-4b88-b5e2-9244f1e34c46,9,Rosemary,875661,11971961,177fc88e-c9e7-4da6-b8fb-5eddbdcc0270,
25,Deftones,7527f6c2-d762-4b88-b5e2-9244f1e34c46,10,Passenger,874079,8050574,140f723f-f4dc-4a91-8b93-18059a056b3a,338000
25,Deftones,7527f6c2-d762-4b88-b5e2-9244f1e34c46,11,Please Please Please Let Me Get What I Want - 2005 Remaster,858314,14053593,,
25,Deftones,7527f6c2-d762-4b88-b5e2-9244f1e34c46,12,Diamond Eyes,811559,9390772,bfd15ee2-52d6-40cc-9b6d-aee82053b84d,189000
25,Deftones,7527f6c2-d762-4b88-b5e2-9244f1e34c46,13,Entombed,751629,9621226,cdf4e60d-aefa-4378-bf18-fcf89506900d,299000
25,Deftones,7527f6c2-d762-4b88-b5e2-9244f1e34c46,14,Hole in the Earth,751454,8594573,232634a7-57e9-42bf-82f1-deb5e78107c2,300000
25,Deftones,7527f6c2-d762-4b88-b5e2-9244f1e34c46,15,7 Words,751215,7728992,1a826083-5585-445f-a708-415dc90aa050,250000
26,Joji,74922d42-c3ec-4f7d-8a24-20da6eda6ba6,1,SLOW DANCING IN THE DARK,1662330,32721652,38662c62-3b11-441f-848f-8e0ddf1cae40,217000
26,Joji,74922d42-c3ec-4f7d-8a24-20da6eda6ba6,2,Glimpse of Us,1376323,28849293,57c319d6-31ed-4668-acf1-13350ab8b67b,233000
26,Joji,74922d42-c3ec-4f7d-8a24-20da6eda6ba6,3,YEAH RIGHT,1005943,17286510,4c08f425-3c1e-4348-a896-7e85a82e6948,174358
26,Joji,74922d42-c3ec-4f7d-8a24-20da6eda6ba6,4,Worldstar Money (Interlude),988612,14867614,4a2c97e7-f149-4016-9ed9-e7f61d514b42,126000
26,Joji,74922d42-c3ec-4f7d-8a24-20da6eda6ba6,5,Sanctuary,866510,14214942,a7aa28c6-9db9-43ff-baf8-f8d5b6874379,180018
26,Joji,74922d42-c3ec-4f7d-8a24-20da6eda6ba6,6,Gimme Love,786725,11340794,e12b8bee-a22c-4a63-8703-f5c4ec51829c,214557
26,Joji,74922d42-c3ec-4f7d-8a24-20da6eda6ba6,7,Die for You,779464,13490601,90703a64-dd81-49db-95d4-e51f606a5e9c,211000
26,Joji,74922d42-c3ec-4f7d-8a24-20da6eda6ba6,8,Will He,777116,11116693,9303eed7-cda3-44af-9fb2-5d783cbee210,202000
26,Joji,74922d42-c3ec-4f7d-8a24-20da6eda6ba6,9,Run,655379,10632605,59841c17-7a55-46e6-89fb-9cd0983cfc13,173000
26,Joji,74922d42-c3ec-4f7d-8a24-20da6eda6ba6,10,CAN'T GET OVER YOU (feat. Clams Casino),603419,7653975,,
26,Joji,74922d42-c3ec-4f7d-8a24-20da6eda6ba6,11,Like You Do,538887,8803052,c1f24f05-f4ad-4713-9400-6c96fe12dda0,240294
26,Joji,74922d42-c3ec-4f7d-8a24-20da6eda6ba6,12,TEST DRIVE,513317,6469682,b8a92d54-87be-4cd0-8065-9d68a2f4e562,180000
26,Joji,74922d42-c3ec-4f7d-8a24-20da6eda6ba6,13,WANTED U,504992,6494449,6ede9909-c660-4544-9ec4-0d4394261408,251000
26,Joji,74922d42-c3ec-4f7d-8a24-20da6eda6ba6,14,Daylight,480783,6169592,fda1e4d4-4167-467f-907e-cc110b8a6b0e,163905
26,Joji,74922d42-c3ec-4f7d-8a24-20da6eda6ba6,15,Demons,459404,5153903,0cfcba80-944d-4ab2-abb1-3ce8acb58fbc,176000
27,The Smiths,40f5d9e4-2de7-4f2d-ad41-e31a9a9fea27,1,There Is a Light That Never Goes Out - 2011 Remaster,1695900,26497344,,
27,The Smiths,40f5d9e4-2de7-4f2d-ad41-e31a9a9fea27,2,This Charming Man - 2011 Remaster,1492348,22250427,,
27,The Smiths,40f5d9e4-2de7-4f2d-ad41-e31a9a9fea27,3,Heaven Knows I'm Miserable Now - 2011 Remaster,1482894,21739938,,
27,The Smiths,40f5d9e4-2de7-4f2d-ad41-e31a9a9fea27,4,"Please, Please, Please, Let Me Get What I Want - 2011 Remaster",1291599,18116156,,
27,The Smiths,40f5d9e4-2de7-4f2d-ad41-e31a9a9fea27,5,Back to the Old House - 2011 Remaster,1243226,18982895,,
27,The Smiths,40f5d9e4-2de7-4f2d-ad41-e31a9a9fea27,6,This Night Has Opened My Eyes - 2011 Remaster,1176319,17768901,,
27,The Smiths,40f5d9e4-2de7-4f2d-ad41-e31a9a9fea27,7,Bigmouth Strikes Again - 2011 Remaster,982092,11857185,,
27,The Smiths,40f5d9e4-2de7-4f2d-ad41-e31a9a9fea27,8,How Soon Is Now? - 2011 Remaster,979244,9874785,,
27,The Smiths,40f5d9e4-2de7-4f2d-ad41-e31a9a9fea27,9,There Is a Light That Never Goes Out,939222,10108734,54cb4217-da50-4e7f-b20f-11810f44f8ce,215253
27,The Smiths,40f5d9e4-2de7-4f2d-ad41-e31a9a9fea27,10,I Know It's Over - 2011 Remaster,913330,11073887,,
27,The Smiths,40f5d9e4-2de7-4f2d-ad41-e31a9a9fea27,11,This Charming Man,849813,8136347,4aa76e42-4e4a-4c59-a9f6-b4920559edaa,153146
27,The Smiths,40f5d9e4-2de7-4f2d-ad41-e31a9a9fea27,12,Pretty Girls Make Graves - 2011 Remaster,733334,7098877,,
27,The Smiths,40f5d9e4-2de7-4f2d-ad41-e31a9a9fea27,13,That Joke Isn't Funny Anymore,698696,4902831,8749c344-ce45-4668-86b0-76c8f1790f50,240146
27,The Smiths,40f5d9e4-2de7-4f2d-ad41-e31a9a9fea27,14,Bigmouth Strikes Again,670813,6094535,910e5e6c-1be7-450f-bb52-7ceacfa6f2be,247928
27,The Smiths,40f5d9e4-2de7-4f2d-ad41-e31a9a9fea27,15,Well I Wonder - 2011 Remaster,651967,5473844,,
28,Justin Bieber,e0140a67-e4d1-4f13-8a01-364355bee46e,1,Beauty and a Beat,1380239,12439905,05e45817-39d5-4c23-a6e9-762836d01fe8,144000
28,Justin Bieber,e0140a67-e4d1-4f13-8a01-364355bee46e,2,Sorry,1349968,11616163,336810fb-be64-487c-a9f7-41db19fc0615,186266
28,Justin Bieber,e0140a67-e4d1-4f13-8a01-364355bee46e,3,Baby,1242422,7868613,0cf9f0b9-083d-42e6-9d7a-33c8b05468e3,216000
28,Justin Bieber,e0140a67-e4d1-4f13-8a01-364355bee46e,4,What Do You Mean?,1136463,9675555,08a74c67-1002-46ed-bfa0-1f4a03f122a9,298000
28,Justin Bieber,e0140a67-e4d1-4f13-8a01-364355bee46e,5,Love Yourself,1136010,9736058,f2083448-3398-4964-b382-262a1c1c0e8b,221000
28,Justin Bieber,e0140a67-e4d1-4f13-8a01-364355bee46e,6,Boyfriend,1001875,7368788,868af248-773a-4bc0-b79b-45c1d42c7d8f,171306
28,Justin Bieber,e0140a67-e4d1-4f13-8a01-364355bee46e,7,Mistletoe,877428,4685931,bc1a0481-66d9-4f0e-aea6-ed2c7e4b8c6b,182000
28,Justin Bieber,e0140a67-e4d1-4f13-8a01-364355bee46e,8,Confident,864014,9370263,af34e61f-f15c-44e0-90ba-e54165093c1a,
28,Justin Bieber,e0140a67-e4d1-4f13-8a01-364355bee46e,9,Peaches (feat. Daniel Caesar & Giveon),780545,7070704,,
28,Justin Bieber,e0140a67-e4d1-4f13-8a01-364355bee46e,10,Ghost,761058,9719016,7814664e-6d1a-44d8-b07a-ea9bf34184f2,157000
28,Justin Bieber,e0140a67-e4d1-4f13-8a01-364355bee46e,11,One Time,696115,5326969,9a274ba0-d6cd-48b9-91aa-d545210a716f,215960
28,Justin Bieber,e0140a67-e4d1-4f13-8a01-364355bee46e,12,Company,664213,5979600,d6695be4-1b21-4972-bb82-8f6b257d4bb7,202000
28,Justin Bieber,e0140a67-e4d1-4f13-8a01-364355bee46e,13,Somebody to Love,617625,4358526,1ba4f411-f3c4-46c9-ac88-830d2aab3e34,221000
28,Justin Bieber,e0140a67-e4d1-4f13-8a01-364355bee46e,14,As Long as You Love Me,590085,3774849,61faa8dc-4ed0-4750-9803-3f0aec05a4b7,353000
28,Justin Bieber,e0140a67-e4d1-4f13-8a01-364355bee46e,15,DAISIES,519288,3991450,6be45a90-ae92-42ac-bc56-925e4454ba60,176453
29,Fleetwood Mac,bd13909f-1c29-4c27-a874-d4aaf27c5b1a,1,Dreams - 2004 Remaster,1764697,23985269,,
29,Fleetwood Mac,bd13909f-1c29-4c27-a874-d4aaf27c5b1a,2,The Chain - 2004 Remaster,1550158,18846339,,
29,Fleetwood Mac,bd13909f-1c29-4c27-a874-d4aaf27c5b1a,3,Landslide,1357770,12688362,4a63089b-c7ef-4923-b865-343426be2ca1,218326
29,Fleetwood Mac,bd13909f-1c29-4c27-a874-d4aaf27c5b1a,4,Rhiannon,1258925,10429018,067f31d2-148b-4c36-8024-fd74aa6cac5c,462080
29,Fleetwood Mac,bd13909f-1c29-4c27-a874-d4aaf27c5b1a,5,Everywhere - 2017 Remaster,1012847,9153145,,
29,Fleetwood Mac,bd13909f-1c29-4c27-a874-d4aaf27c5b1a,6,Go Your Own Way - 2004 Remaster,991346,8423046,,
29,Fleetwood Mac,bd13909f-1c29-4c27-a874-d4aaf27c5b1a,7,Go Your Own Way,949572,6305466,87997d61-019b-4ef9-bf4f-b00733eeecf2,363800
29,Fleetwood Mac,bd13909f-1c29-4c27-a874-d4aaf27c5b1a,8,Dreams,939112,6734908,59478fd7-a0b1-4219-88a5-b968d7b2df45,255600
29,Fleetwood Mac,bd13909f-1c29-4c27-a874-d4aaf27c5b1a,9,Gypsy,890922,6638430,327400e1-bb60-462d-810a-cf0fd5c75d10,263000
29,Fleetwood Mac,bd13909f-1c29-4c27-a874-d4aaf27c5b1a,10,Everywhere,761012,4850133,1f2b3526-955e-41b8-b33d-f0990b366aaf,195000
29,Fleetwood Mac,bd13909f-1c29-4c27-a874-d4aaf27c5b1a,11,Silver Springs - 2004 Remaster,744907,9028853,,
29,Fleetwood Mac,bd13909f-1c29-4c27-a874-d4aaf27c5b1a,12,Little Lies - 2017 Remaster,656465,4983128,,
29,Fleetwood Mac,bd13909f-1c29-4c27-a874-d4aaf27c5b1a,13,Never Going Back Again - 2004 Remaster,653991,4766447,,
29,Fleetwood Mac,bd13909f-1c29-4c27-a874-d4aaf27c5b1a,14,Don't Stop - 2004 Remaster,635437,3657763,,
29,Fleetwood Mac,bd13909f-1c29-4c27-a874-d4aaf27c5b1a,15,Little Lies,625612,4001080,0487991f-c2ca-4ea0-8e33-a43a36bd072f,218000
30,SZA,272989c8-5535-492d-a25c-9f58803e027f,1,Kill Bill,2052732,42242241,ab21b230-2954-4a91-a2ef-6f10054cb519,43000
30,SZA,272989c8-5535-492d-a25c-9f58803e027f,2,Snooze,1430999,23897402,6cf2ac53-82d4-4c6d-94ca-083cfd23db6d,201800
30,SZA,272989c8-5535-492d-a25c-9f58803e027f,3,Good Days,1412097,24668909,72d17fc2-f18c-4dfb-9e91-24b36375a985,201493
30,SZA,272989c8-5535-492d-a25c-9f58803e027f,4,Broken Clocks,1142499,19027529,8310eb87-08da-4fe4-8468-ac126295277a,231257
30,SZA,272989c8-5535-492d-a25c-9f58803e027f,5,Saturn,1103057,16500267,6640ed65-426d-422f-9698-7603394f7da4,115000
30,SZA,272989c8-5535-492d-a25c-9f58803e027f,6,Low,1086168,18158695,c0bd5ef6-4545-43d1-b1ae-3b6ca8ef3e49,294544
30,SZA,272989c8-5535-492d-a25c-9f58803e027f,7,Love Galore (feat. Travis Scott),1076337,16297528,,
30,SZA,272989c8-5535-492d-a25c-9f58803e027f,8,Nobody Gets Me,1044555,17389959,75825439-44c7-47d6-8e61-436b4586cea9,181000
30,SZA,272989c8-5535-492d-a25c-9f58803e027f,9,Shirt,1009781,15013388,d974be20-b524-490d-bf04-2eb1b0a11ef1,181840
30,SZA,272989c8-5535-492d-a25c-9f58803e027f,10,Open Arms (feat. Travis Scott),1006959,15048644,,
30,SZA,272989c8-5535-492d-a25c-9f58803e027f,11,The Weekend,924213,11159810,f2ac754b-2c12-4e2d-93b5-1f739a2d5e49,272186
30,SZA,272989c8-5535-492d-a25c-9f58803e027f,12,Drew Barrymore,881446,14780089,8b79e6af-fc22-403a-af0a-93a8c736b81d,231400
30,SZA,272989c8-5535-492d-a25c-9f58803e027f,13,Blind,873427,12242910,e7e53f8f-3d1b-4ef5-b637-3d8612709585,150720
30,SZA,272989c8-5535-492d-a25c-9f58803e027f,14,I Hate U,862932,11632732,3b54d6dc-dd0b-491f-a3e3-a22367c5f6f4,168066
30,SZA,272989c8-5535-492d-a25c-9f58803e027f,15,Normal Girl,845898,13479225,0b07e5a0-4711-4d9f-bd6f-fef9c3e3482c,253591
31,Playboi Carti,2baf3276-ed6a-4349-8d2e-f4601e7b2167,1,Sky,1220216,23100515,e2b872a1-608b-4fda-b048-2f9d57aeb69b,193000
31,Playboi Carti,2baf3276-ed6a-4349-8d2e-f4601e7b2167,2,Magnolia,1210663,18971493,b71c45fc-ba9c-47c8-8b66-563af1ae2306,182000
31,Playboi Carti,2baf3276-ed6a-4349-8d2e-f4601e7b2167,3,Location,1077571,23087833,96475c55-ae4b-4889-b9f6-d516c4a7c517,168783
31,Playboi Carti,2baf3276-ed6a-4349-8d2e-f4601e7b2167,4,ILoveUIHateU,911831,21236521,b6628013-adcf-4fab-a0a5-7f81f039ff2a,135000
31,Playboi Carti,2baf3276-ed6a-4349-8d2e-f4601e7b2167,5,R.I.P.,876538,19852572,f802669f-45aa-4ec6-8221-26a73739e440,192000
31,Playboi Carti,2baf3276-ed6a-4349-8d2e-f4601e7b2167,6,Vamp Anthem,860589,13905967,2c212f60-eba8-4e2a-a0a9-36b3b1338fca,124000
31,Playboi Carti,2baf3276-ed6a-4349-8d2e-f4601e7b2167,7,wokeuplikethis*,755776,12328503,82f900c6-9a4c-4fad-8fb3-f307d271a7fd,236000
31,Playboi Carti,2baf3276-ed6a-4349-8d2e-f4601e7b2167,8,New Tank,721818,14613828,1d102422-150e-49c9-90e6-8a1795f5316d,90000
31,Playboi Carti,2baf3276-ed6a-4349-8d2e-f4601e7b2167,9,Foreign,711815,11376414,146e9ab9-eaf2-474d-8693-61a708b2a948,142893
31,Playboi Carti,2baf3276-ed6a-4349-8d2e-f4601e7b2167,10,EVIL J0RDAN,651103,7819511,f7ea30de-771f-47b0-8ea1-fd4314e3276e,124000
31,Playboi Carti,2baf3276-ed6a-4349-8d2e-f4601e7b2167,11,Stop Breathing,646319,12976911,1ff918b7-0a24-46e6-951f-cbb75c435655,219000
31,Playboi Carti,2baf3276-ed6a-4349-8d2e-f4601e7b2167,12,Rockstar Made,610666,10704943,4571ed3a-2434-476c-a404-fd783257bdea,193574
31,Playboi Carti,2baf3276-ed6a-4349-8d2e-f4601e7b2167,13,FlatBed Freestyle,608293,8739699,f172dc4d-906a-46b7-956f-70c1da062fe9,194000
31,Playboi Carti,2baf3276-ed6a-4349-8d2e-f4601e7b2167,14,Lean 4 Real (feat. Skepta),604935,10521616,,
31,Playboi Carti,2baf3276-ed6a-4349-8d2e-f4601e7b2167,15,Yah Mean,568469,9071004,896f4238-02f2-43aa-93af-e06b09053ad7,165642
32,Linkin Park,f59c5520-5f46-4d2c-b2c4-822eabf53419,1,In the End,3070296,36035761,2bd914ad-0d9f-4080-a2f4-ddf69174b986,236000
32,Linkin Park,f59c5520-5f46-4d2c-b2c4-822eabf53419,2,Numb,2858788,32931475,a9919c7b-745b-45dd-ad08-daf9387a40ec,211000
32,Linkin Park,f59c5520-5f46-4d2c-b2c4-822eabf53419,3,Faint,2140045,25543229,74205d10-5462-4daf-893f-8b3d8f402038,
32,Linkin Park,f59c5520-5f46-4d2c-b2c4-822eabf53419,4,One Step Closer,2079471,22413497,c92ba922-c7c1-4de3-9f98-51fb6fb32f2b,234000
32,Linkin Park,f59c5520-5f46-4d2c-b2c4-822eabf53419,5,What I've Done,1982826,21174740,553abeb0-6fdc-42d4-9430-c2f4c4834e44,236000
32,Linkin Park,f59c5520-5f46-4d2c-b2c4-822eabf53419,6,Crawling,1837806,17837217,2d36dfd3-8ca0-4908-8e3b-1cdac474d32b,
32,Linkin Park,f59c5520-5f46-4d2c-b2c4-822eabf53419,7,Somewhere I Belong,1804294,19012177,8e5d5fb0-7c78-4538-9181-88cc0b832ee0,
32,Linkin Park,f59c5520-5f46-4d2c-b2c4-822eabf53419,8,Papercut,1649932,17674536,22575d46-2ada-4659-b40f-5113c0878600,206000
32,Linkin Park,f59c5520-5f46-4d2c-b2c4-822eabf53419,9,Breaking the Habit,1614120,17217025,e5f42a09-6e57-49ee-a58f-31e9e66fec88,320000
32,Linkin Park,f59c5520-5f46-4d2c-b2c4-822eabf53419,10,Bleed It Out,1510627,15933556,5ce1e341-6bfb-46ee-9734-c1a8d63af5c5,396000
32,Linkin Park,f59c5520-5f46-4d2c-b2c4-822eabf53419,11,Lying from You,1337296,13712973,1b38646b-0415-49de-a70c-652df4ca3f37,
32,Linkin Park,f59c5520-5f46-4d2c-b2c4-822eabf53419,12,Leave Out All the Rest,1252341,12716774,c38748b8-655a-456e-8648-9f0c6504319d,
32,Linkin Park,f59c5520-5f46-4d2c-b2c4-822eabf53419,13,Given Up,1207053,13042643,a7be91b2-eee1-4520-9e5d-a7b9caa68066,186000
32,Linkin Park,f59c5520-5f46-4d2c-b2c4-822eabf53419,14,Points of Authority,1126929,10153195,00da4f67-d9d4-4e6a-907b-d7cbdf3393ff,207000
32,Linkin Park,f59c5520-5f46-4d2c-b2c4-822eabf53419,15,Runaway,1092871,9012179,a83ee2ce-ee47-4f6b-93ec-da143667720e,226000
33,Clairo,d786f59b-1836-4ddb-8393-ab753edbe984,1,Sofia,1556538,24652059,5860a83e-3655-41eb-a5af-10abf2f7bb7d,188000
33,Clairo,d786f59b-1836-4ddb-8393-ab753edbe984,2,Bags,1428232,30983849,9433df6b-037b-41f8-9edf-0e8c9ffaf390,260000
33,Clairo,d786f59b-1836-4ddb-8393-ab753edbe984,3,Pretty Girl,1214259,14397263,3a45c9d1-6884-472b-8d74-bb11ceb5193c,179848
33,Clairo,d786f59b-1836-4ddb-8393-ab753edbe984,4,Juna,1113633,18414302,4731ba75-fe94-4e61-8121-723cfb38f22b,195000
33,Clairo,d786f59b-1836-4ddb-8393-ab753edbe984,5,4EVER,1092359,15094041,3a8e5ec6-b206-4aa0-90b5-eb7088d48a96,159595
33,Clairo,d786f59b-1836-4ddb-8393-ab753edbe984,6,Flaming Hot Cheetos,1061774,13127138,7ea24326-42c3-4595-aa99-6089a46fbcfb,122244
33,Clairo,d786f59b-1836-4ddb-8393-ab753edbe984,7,Amoeba,1043252,18477274,3438bc61-52ec-4a3b-b113-210f68e8205e,228000
33,Clairo,d786f59b-1836-4ddb-8393-ab753edbe984,8,bubble gum,1013650,12908393,,
33,Clairo,d786f59b-1836-4ddb-8393-ab753edbe984,9,Sexy To Someone,899460,12429464,4b4e3304-8655-4e2e-a91c-192a0f486134,208000
33,Clairo,d786f59b-1836-4ddb-8393-ab753edbe984,10,Hello?,822843,8692069,b812e9d2-c346-4fb3-a405-aea4d76f9186,135016
33,Clairo,d786f59b-1836-4ddb-8393-ab753edbe984,11,Softly,762409,9504576,e87ea248-3a00-4974-950a-f5ec7ffc9fd7,185000
33,Clairo,d786f59b-1836-4ddb-8393-ab753edbe984,12,Slow Dance,630325,6131929,b073c842-791f-4a8b-8073-2ab3d58dc770,235000
33,Clairo,d786f59b-1836-4ddb-8393-ab753edbe984,13,Add Up My Love,614365,7341073,8de1a5f1-653c-45be-bf4c-e1fff37a5376,205000
33,Clairo,d786f59b-1836-4ddb-8393-ab753edbe984,14,Terrapin,577288,5635891,8368a6bd-67d3-4944-8800-b17dce16cd6d,258000
33,Clairo,d786f59b-1836-4ddb-8393-ab753edbe984,15,How - demo,554026,5324610,,
34,The Neighbourhood,53b06622-ec51-4924-a554-58b0affde6b5,1,Sweater Weather,2726252,44841989,b1997ba7-162d-4c21-ae7e-0dbd5e17a89d,240400
34,The Neighbourhood,53b06622-ec51-4924-a554-58b0affde6b5,2,Daddy Issues,1720674,27682123,4be55175-5cf4-44a1-813b-66a421a5219e,260000
34,The Neighbourhood,53b06622-ec51-4924-a554-58b0affde6b5,3,Softcore,1369668,23244644,0e016d69-1afe-435a-b159-f528eea505c6,206280
34,The Neighbourhood,53b06622-ec51-4924-a554-58b0affde6b5,4,You Get Me So High,1282988,20911586,a38c819c-0887-44ea-95f0-87c6948d0aba,153267
34,The Neighbourhood,53b06622-ec51-4924-a554-58b0affde6b5,5,Afraid,1089652,11314467,95aa317f-0742-4b2c-ad84-188794abe467,251186
34,The Neighbourhood,53b06622-ec51-4924-a554-58b0affde6b5,6,Reflections,1016694,15942330,1a37d78c-7003-4bb0-8ac4-d4fd40d5704b,244093
34,The Neighbourhood,53b06622-ec51-4924-a554-58b0affde6b5,7,Pretty Boy,915397,12043854,18c2388f-1bc9-404a-bf2f-2c3c844c1d6e,234093
34,The Neighbourhood,53b06622-ec51-4924-a554-58b0affde6b5,8,The Beach,835081,9675537,25d3db0c-6483-46cd-ab75-81937ccb161d,255000
34,The Neighbourhood,53b06622-ec51-4924-a554-58b0affde6b5,9,Cry Baby,807293,10704863,cbe10829-c5ba-4062-8538-ee79751f1c83,235258
34,The Neighbourhood,53b06622-ec51-4924-a554-58b0affde6b5,10,Stargazing,754759,8533745,dbfc68ee-6888-46f6-9cbe-2ccb103a7d4f,217000
34,The Neighbourhood,53b06622-ec51-4924-a554-58b0affde6b5,11,Wires,601855,5891607,9481dc0a-e0fe-4eed-9367-285b0e762b65,193080
34,The Neighbourhood,53b06622-ec51-4924-a554-58b0affde6b5,12,Nervous,592052,6858108,28a1d37d-a6b5-4252-8b7e-f2a16af34e07,249040
34,The Neighbourhood,53b06622-ec51-4924-a554-58b0affde6b5,13,A Little Death,587286,7128576,d11d62e9-dcb5-4632-b34f-453439a56f49,209000
34,The Neighbourhood,53b06622-ec51-4924-a554-58b0affde6b5,14,Flawless,549705,5429899,7d3458d2-1a86-4a67-a8dd-1c5d33d0ec84,246493
34,The Neighbourhood,53b06622-ec51-4924-a554-58b0affde6b5,15,Devil's Advocate,523681,6067368,45547ebd-c8b6-4010-9b70-3b8cbd612042,186307
35,Coldplay,cc197bad-dc9c-440d-a5b5-d52ba2e14234,1,Yellow,3393508,36443003,f15eb81a-b021-4208-9f1c-f4db2a9f09ae,285200
35,Coldplay,cc197bad-dc9c-440d-a5b5-d52ba2e14234,2,Viva la Vida,3367526,38933796,9d53f140-d6ae-42c0-80e3-bb703038e975,324000
35,Coldplay,cc197bad-dc9c-440d-a5b5-d52ba2e14234,3,The Scientist,2914877,30409925,b582382c-6d69-4519-a6c4-39646b751b58,301400
35,Coldplay,cc197bad-dc9c-440d-a5b5-d52ba2e14234,4,Clocks,2736362,23657455,c9dedff4-4954-4dcc-8d75-ae9349e4461b,
35,Coldplay,cc197bad-dc9c-440d-a5b5-d52ba2e14234,5,Fix You,2526710,25273801,f5df50a2-ecb9-4a30-a80b-bb9d8552bac8,361000
35,Coldplay,cc197bad-dc9c-440d-a5b5-d52ba2e14234,6,Sparks,2346147,32762931,06a86ec3-636d-4f9f-9c5e-43a7448fdc41,283733
35,Coldplay,cc197bad-dc9c-440d-a5b5-d52ba2e14234,7,Paradise,1883197,18384955,78fd80bc-b000-4d01-b098-0faf6e3ea1df,369000
35,Coldplay,cc197bad-dc9c-440d-a5b5-d52ba2e14234,8,Don't Panic,1734823,15779420,5bb0d3c3-b0a3-4b9e-8657-ad6018a4de97,
35,Coldplay,cc197bad-dc9c-440d-a5b5-d52ba2e14234,9,Trouble,1647327,12548398,a1b972f8-0ee5-40f0-94dd-82f645071caf,261960
35,Coldplay,cc197bad-dc9c-440d-a5b5-d52ba2e14234,10,In My Place,1568145,12248094,7ded9e85-ccc6-4c59-a903-4f800a9ac657,253000
35,Coldplay,cc197bad-dc9c-440d-a5b5-d52ba2e14234,11,Speed of Sound,1522504,11605500,1d7cac97-c2ae-410d-85b2-fb38264d1341,266000
35,Coldplay,cc197bad-dc9c-440d-a5b5-d52ba2e14234,12,Violet Hill,1339897,12205032,bb94e501-78bd-4da8-8cad-9cbc5e4996fd,198506
35,Coldplay,cc197bad-dc9c-440d-a5b5-d52ba2e14234,13,A Sky Full of Stars,1332866,11721180,6144af21-27c8-471a-a43b-c18d9f2a7d08,293653
35,Coldplay,cc197bad-dc9c-440d-a5b5-d52ba2e14234,14,Shiver,1266662,9730586,6d60020f-30d7-4517-b548-4600a6748054,
35,Coldplay,cc197bad-dc9c-440d-a5b5-d52ba2e14234,15,Talk,1215913,9187489,4629174f-f9a1-409a-80a9-d3e3ea3174d4,267426
36,Lorde,8e494408-8620-4c6a-82c2-c2ca4a1e4f12,1,Royals,1977206,20441189,c67440be-a4a2-4c7b-af77-cbf7b35f592f,220233
36,Lorde,8e494408-8620-4c6a-82c2-c2ca4a1e4f12,2,Ribs,1692762,31353834,711b498d-28ab-4776-b7e7-3d90d75d640a,259000
36,Lorde,8e494408-8620-4c6a-82c2-c2ca4a1e4f12,3,Team,1624051,18979452,51a1079a-6378-4a01-bdae-2cb4f59017b5,200463
36,Lorde,8e494408-8620-4c6a-82c2-c2ca4a1e4f12,4,Tennis Court,1163154,13585376,fdcaf7a9-707d-4221-b99d-97a4122f82b2,202000
36,Lorde,8e494408-8620-4c6a-82c2-c2ca4a1e4f12,5,Green Light,1133527,19030634,89eca809-918e-488c-9426-a66817410b55,409185
36,Lorde,8e494408-8620-4c6a-82c2-c2ca4a1e4f12,6,Buzzcut Season,1118195,16120461,8b2256a2-b8f0-4c49-b4df-5836ef3ab6b6,
36,Lorde,8e494408-8620-4c6a-82c2-c2ca4a1e4f12,7,Liability,1056224,17846622,01e95279-32b8-4484-bcda-8f5eaecc14a9,171802
36,Lorde,8e494408-8620-4c6a-82c2-c2ca4a1e4f12,8,Supercut,1004964,19532460,83a713e2-7f5f-42ca-9138-0dee9709ab52,238000
36,Lorde,8e494408-8620-4c6a-82c2-c2ca4a1e4f12,9,Perfect Places,873699,15347823,4ecbb820-8b7e-49cc-8b5a-8e4833fbffbc,222014
36,Lorde,8e494408-8620-4c6a-82c2-c2ca4a1e4f12,10,400 Lux,838940,10145365,1c5a93f7-b5ce-4894-b640-48878d654452,273000
36,Lorde,8e494408-8620-4c6a-82c2-c2ca4a1e4f12,11,Glory and Gore,829529,8118638,c2f3e097-a63d-41e3-bc60-116733cc59ac,208000
36,Lorde,8e494408-8620-4c6a-82c2-c2ca4a1e4f12,12,The Love Club,758248,7000502,cb7df8ca-3fc0-4227-bf0e-65e0838b4640,201000
36,Lorde,8e494408-8620-4c6a-82c2-c2ca4a1e4f12,13,Writer in the Dark,733540,10633136,c823796f-0802-41aa-beba-c7b11aba15b5,217000
36,Lorde,8e494408-8620-4c6a-82c2-c2ca4a1e4f12,14,A World Alone,725132,7899213,f09d3918-83a8-430b-b65b-e3fd22376c45,294222
36,Lorde,8e494408-8620-4c6a-82c2-c2ca4a1e4f12,15,The Louvre,708648,11871025,e65eab1b-20b6-4a44-b4f5-b140e792f46e,
37,Mitski,fa58cf24-0e44-421d-8519-8bf461dcfaa5,1,My Love Mine All Mine,1876287,46143691,e7cf14ac-6e99-4634-a666-03e59816fc67,138000
37,Mitski,fa58cf24-0e44-421d-8519-8bf461dcfaa5,2,Washing Machine Heart,1732727,32753197,114596bb-bd4c-4851-a62d-fdf6ef35f53d,128000
37,Mitski,fa58cf24-0e44-421d-8519-8bf461dcfaa5,3,I Bet on Losing Dogs,1324239,29167778,6a670c6d-d695-4447-9bde-dabd5c9adede,170240
37,Mitski,fa58cf24-0e44-421d-8519-8bf461dcfaa5,4,Nobody,1321346,21671482,e77b161d-664d-413e-bd04-f0a8ac205735,193426
37,Mitski,fa58cf24-0e44-421d-8519-8bf461dcfaa5,5,Francis Forever,1191193,23143406,b76fdbf7-f816-45ef-b511-5ae743fc0e34,174000
37,Mitski,fa58cf24-0e44-421d-8519-8bf461dcfaa5,6,First Love/Late Spring,1114226,16870717,6e33f448-9740-47a7-ac77-150fff621d1c,227000
37,Mitski,fa58cf24-0e44-421d-8519-8bf461dcfaa5,7,Me and My Husband,1101107,17891683,aa2e409c-ab42-4cf4-b6bb-005ff1dfb2a3,137146
37,Mitski,fa58cf24-0e44-421d-8519-8bf461dcfaa5,8,A Pearl,926669,15856734,fe92cc74-a146-4548-b8ab-eb4a15df5add,156146
37,Mitski,fa58cf24-0e44-421d-8519-8bf461dcfaa5,9,Liquid Smooth,905048,15347015,5fe7b07a-74e3-4203-b62f-b835b751d028,169773
37,Mitski,fa58cf24-0e44-421d-8519-8bf461dcfaa5,10,I Want You,885547,15433979,4d5f13e5-b62f-469c-843f-55d7a1d36218,183000
37,Mitski,fa58cf24-0e44-421d-8519-8bf461dcfaa5,11,Your Best American Girl,843025,13691650,171082e8-61df-4473-881b-d18805c35e5e,212186
37,Mitski,fa58cf24-0e44-421d-8519-8bf461dcfaa5,12,Once More to See You,657439,12053841,e6810a18-ab6d-40ac-a039-009d0af6fe54,180999
37,Mitski,fa58cf24-0e44-421d-8519-8bf461dcfaa5,13,Last Words of a Shooting Star,652808,10647233,187ecf04-19d0-4d2e-aeb0-cb5d3701ff81,214000
37,Mitski,fa58cf24-0e44-421d-8519-8bf461dcfaa5,14,A Burning Hill,651947,9881578,38e404da-797c-4eb7-b209-2914b9a01da7,109626
37,Mitski,fa58cf24-0e44-421d-8519-8bf461dcfaa5,15,Strawberry Blond,638115,7489080,824aaac9-9891-4fff-9dc1-6ea90582a558,114000
38,Olivia Rodrigo,6925db17-f35e-42f3-a4eb-84ee6bf5d4b0,1,good 4 u,1692371,34205183,3317fb20-7b5e-4905-92d1-8da68f5da27e,178000
38,Olivia Rodrigo,6925db17-f35e-42f3-a4eb-84ee6bf5d4b0,2,deja vu,1507567,28255074,e08ac98b-c383-4bca-be97-85b2803995f1,
38,Olivia Rodrigo,6925db17-f35e-42f3-a4eb-84ee6bf5d4b0,3,drivers license,1500773,28774890,50aeed66-cd0a-4373-be02-5abb48cf4e55,
38,Olivia Rodrigo,6925db17-f35e-42f3-a4eb-84ee6bf5d4b0,4,vampire,1382812,31343300,e5edcad2-e354-4464-9a2b-1e5f2075f48a,220000
38,Olivia Rodrigo,6925db17-f35e-42f3-a4eb-84ee6bf5d4b0,5,traitor,1359039,23628667,dd1f71f1-22a4-4023-80e8-a26bbb20c6cb,
38,Olivia Rodrigo,6925db17-f35e-42f3-a4eb-84ee6bf5d4b0,6,"jealousy, jealousy",1314294,23374844,56d96285-d2f9-42ce-8057-2c810204d7b9,
38,Olivia Rodrigo,6925db17-f35e-42f3-a4eb-84ee6bf5d4b0,7,brutal,1245545,21624214,2080f1d7-97dc-464c-b75f-9b7e7b17a5fb,173000
38,Olivia Rodrigo,6925db17-f35e-42f3-a4eb-84ee6bf5d4b0,8,favorite crime,1207837,23998093,7c276972-b589-45b1-ad5e-205b35dbbc58,
38,Olivia Rodrigo,6925db17-f35e-42f3-a4eb-84ee6bf5d4b0,9,bad idea right?,1121200,23366927,d0bc9084-72f7-4009-86f2-8919157faa4c,190000
38,Olivia Rodrigo,6925db17-f35e-42f3-a4eb-84ee6bf5d4b0,10,happier,1096050,17420376,e7551fe5-a22c-4af0-8b8a-7f80d1dd2e14,175000
38,Olivia Rodrigo,6925db17-f35e-42f3-a4eb-84ee6bf5d4b0,11,lacy,927946,18331930,b988187a-0248-42d6-9785-5b889750c690,
38,Olivia Rodrigo,6925db17-f35e-42f3-a4eb-84ee6bf5d4b0,12,all-american bitch,921485,19740983,487cbdd9-375e-4fce-8dae-dd0434da23a6,166000
38,Olivia Rodrigo,6925db17-f35e-42f3-a4eb-84ee6bf5d4b0,13,get him back!,911424,18721095,4457da8f-5fc2-43c1-bcf4-cbe0157eac65,211000
38,Olivia Rodrigo,6925db17-f35e-42f3-a4eb-84ee6bf5d4b0,14,"1 step forward, 3 steps back",894769,13783982,2aa86ccb-c84b-4a2c-992d-31881937374e,163000
38,Olivia Rodrigo,6925db17-f35e-42f3-a4eb-84ee6bf5d4b0,15,enough for you,851891,13568575,78856ae0-7607-488d-a2c1-baa9f48ff24e,202000
39,Childish Gambino,7fb57fba-a6ef-44c2-abab-2fa3bdee607e,1,Redbone,1856326,26480275,90401b17-f5f3-4357-8d08-e7676c950b0d,388000
39,Childish Gambino,7fb57fba-a6ef-44c2-abab-2fa3bdee607e,2,3005,1400071,20386771,ee292c70-30b7-4093-b9b1-4cf19163fb3f,235000
39,Childish Gambino,7fb57fba-a6ef-44c2-abab-2fa3bdee607e,3,Me and Your Mama,1352077,20631692,0d432f1e-60d7-40bd-b52a-2b89b1332d08,379227
39,Childish Gambino,7fb57fba-a6ef-44c2-abab-2fa3bdee607e,4,Heartbeat,1313485,18306911,f721e713-fc13-4b34-b04f-1546026afd3d,270000
39,Childish Gambino,7fb57fba-a6ef-44c2-abab-2fa3bdee607e,5,LES,1266090,22027748,aab4c449-63d6-4509-a3a8-06727091d866,318000
39,Childish Gambino,7fb57fba-a6ef-44c2-abab-2fa3bdee607e,6,Bonfire,985523,9840092,59717e31-48e1-418a-bf45-2bfd14a0e13a,194747
39,Childish Gambino,7fb57fba-a6ef-44c2-abab-2fa3bdee607e,7,III. Urn,913787,9543817,c97d33aa-4add-4d67-8c19-cf5ac31c2be0,73386
39,Childish Gambino,7fb57fba-a6ef-44c2-abab-2fa3bdee607e,8,Sober,855739,8160732,868c5487-48a7-4d74-85a4-6f71f9ed4d7b,252000
39,Childish Gambino,7fb57fba-a6ef-44c2-abab-2fa3bdee607e,9,This Is America,833414,6804342,22516f3b-9148-4712-a50e-993778dd7c59,226560
39,Childish Gambino,7fb57fba-a6ef-44c2-abab-2fa3bdee607e,10,IV. Sweatpants,829531,8952718,f5c8178b-e30b-401f-ab4d-fd28464d73b8,69000
39,Childish Gambino,7fb57fba-a6ef-44c2-abab-2fa3bdee607e,11,Feels Like Summer,786285,7248377,5f128427-da80-4d5a-89eb-1255fbd5f223,228000
39,Childish Gambino,7fb57fba-a6ef-44c2-abab-2fa3bdee607e,12,"III. Telegraph Ave. (""Oakland"" by Lloyd)",586093,6887816,c697be09-6f2c-4c09-af46-7403d90a4f36,210673
39,Childish Gambino,7fb57fba-a6ef-44c2-abab-2fa3bdee607e,13,I. The Worst Guys,508115,5024985,4368f9c5-de7f-42e7-ad8c-5226b544f63b,219740
39,Childish Gambino,7fb57fba-a6ef-44c2-abab-2fa3bdee607e,14,Lithonia,464031,5111252,249422d6-1453-414d-bf05-c82e3bc61665,179000
39,Childish Gambino,7fb57fba-a6ef-44c2-abab-2fa3bdee607e,15,Terrified,405081,2544383,dfad68df-2ce4-4539-8450-9f89f1109243,365000
40,sombr,502cf908-9921-48bc-bf0e-265c881c0156,1,back to friends,1081583,16335407,eecff9a8-52a5-422f-9031-856187ec3db5,202000
40,sombr,502cf908-9921-48bc-bf0e-265c881c0156,2,undressed,888172,11050325,9a79c037-0ef6-4146-81a5-8cdd8c558b9e,182088
40,sombr,502cf908-9921-48bc-bf0e-265c881c0156,3,12 to 12,487742,4338193,aa4d95ad-3db9-45c0-a11e-6094765cc0d4,242903
40,sombr,502cf908-9921-48bc-bf0e-265c881c0156,4,would've been you,454357,3542122,774a97a1-f2e4-43c4-8a28-bba7d59c7575,183586
40,sombr,502cf908-9921-48bc-bf0e-265c881c0156,5,do i ever cross your mind,410066,2852181,a2bf97cf-c609-49c2-a894-b617bc543d7b,168856
40,sombr,502cf908-9921-48bc-bf0e-265c881c0156,6,we never dated,404628,3397545,0ef3cc50-33b9-4d65-b7bd-0186387765e5,196932
40,sombr,502cf908-9921-48bc-bf0e-265c881c0156,7,i don't know you anymore,260332,1660082,b265507f-db24-480b-89d4-409e0043e409,227000
40,sombr,502cf908-9921-48bc-bf0e-265c881c0156,8,i wish i knew how to quit you,221875,927016,388588c4-d992-4c89-9a18-818e1ccd3cc9,232000
40,sombr,502cf908-9921-48bc-bf0e-265c881c0156,9,Crushing,170069,822285,e3f4721f-4759-4157-b7d0-49d519950f74,207000
40,sombr,502cf908-9921-48bc-bf0e-265c881c0156,10,caroline,160894,1079840,8995b6c0-65a1-49f0-ac6b-ebd5ae119413,198000
40,sombr,502cf908-9921-48bc-bf0e-265c881c0156,11,makes me want you,148909,940262,46a323dd-cddb-4306-b74d-43183f29a709,160923
40,sombr,502cf908-9921-48bc-bf0e-265c881c0156,12,canal street,121916,489521,d3341a38-1b47-4a7a-9bca-773e33a0c0f3,302000
40,sombr,502cf908-9921-48bc-bf0e-265c881c0156,13,come closer,109830,517980,380737cb-5379-4356-a9d8-1c2236db3396,194000
40,sombr,502cf908-9921-48bc-bf0e-265c881c0156,14,dime,88747,410934,dd22d2db-cd2d-47b9-bdeb-de3b78a408f6,225000
40,sombr,502cf908-9921-48bc-bf0e-265c881c0156,15,never find u,88391,461531,bb037181-dc17-4d01-b753-c90d487492ce,166263
41,Tate McRae,f9133869-f87c-459c-9aa7-2f176cda7e06,1,greedy,1177990,21686805,882c925d-125e-415c-b236-c78f1b1db436,131000
41,Tate McRae,f9133869-f87c-459c-9aa7-2f176cda7e06,2,you broke me first,817060,8970560,e37c60f1-d9df-4fe1-aca8-be326fde4228,165760
41,Tate McRae,f9133869-f87c-459c-9aa7-2f176cda7e06,3,Sports car,755346,16442846,c1e8f0b7-3473-4ada-a1d5-4343df6f291a,
41,Tate McRae,f9133869-f87c-459c-9aa7-2f176cda7e06,4,exes,679931,11412742,ad96139d-6ca9-455d-aefa-5cd69f5e5546,159400
41,Tate McRae,f9133869-f87c-459c-9aa7-2f176cda7e06,5,It's ok I'm ok,609475,12348599,0a1ad628-680f-402e-af35-89e307b8e063,
41,Tate McRae,f9133869-f87c-459c-9aa7-2f176cda7e06,6,Revolving door,588542,10797888,a0306258-e12b-41ee-a060-553795f2fd4c,180033
41,Tate McRae,f9133869-f87c-459c-9aa7-2f176cda7e06,7,she's all i wanna be,521453,6703509,b197fdfe-f9c9-4b27-bb35-9e832295fcbc,230000
41,Tate McRae,f9133869-f87c-459c-9aa7-2f176cda7e06,8,Just Keep Watching (From F1® The Movie),506080,6627294,df1bd13a-0527-4bc2-b19c-29acedfaf065,142550
41,Tate McRae,f9133869-f87c-459c-9aa7-2f176cda7e06,9,run for the hills,489174,8302619,ee06ec10-b09b-4d6c-8778-59947d685530,143940
41,Tate McRae,f9133869-f87c-459c-9aa7-2f176cda7e06,10,that way,395988,3365738,0f9590fc-7d4b-41fc-abc8-88df48105429,175000
41,Tate McRae,f9133869-f87c-459c-9aa7-2f176cda7e06,11,2 hands,352662,6358985,7d76f753-f9ef-4a1f-9ef9-be80cbda40cd,182026
41,Tate McRae,f9133869-f87c-459c-9aa7-2f176cda7e06,12,Dear god,322557,5349041,d60cebc2-43b5-43be-8816-b137d7fa7c5c,171000
41,Tate McRae,f9133869-f87c-459c-9aa7-2f176cda7e06,13,Miss possessive,318894,4966546,313dd92b-62d8-47fe-a2f4-422b3da2ef46,139000
41,Tate McRae,f9133869-f87c-459c-9aa7-2f176cda7e06,14,TIT FOR TAT,309897,3100661,aadfe8a5-229d-42a6-a948-437b1baf41dd,176000
41,Tate McRae,f9133869-f87c-459c-9aa7-2f176cda7e06,15,I know love (feat. The Kid LAROI),297801,3717523,,
42,A$AP Rocky,25b7b584-d952-4662-a8b9-dd8cdfbfeb64,1,Sundress,1290958,23356887,a0429eba-d183-4471-aceb-e617b9a9739a,158205
42,A$AP Rocky,25b7b584-d952-4662-a8b9-dd8cdfbfeb64,2,Praise the Lord (Da Shine) (feat. Skepta),1192834,16660817,,
42,A$AP Rocky,25b7b584-d952-4662-a8b9-dd8cdfbfeb64,3,Fashion Killa,1007917,14552663,0d6037a5-9463-4f26-a565-c2ee81e921a8,237760
42,A$AP Rocky,25b7b584-d952-4662-a8b9-dd8cdfbfeb64,4,I Smoked Away My Brain (I'm God x Demons Mashup) (feat. Imogen Heap & Clams Casino),909505,14905908,,
42,A$AP Rocky,25b7b584-d952-4662-a8b9-dd8cdfbfeb64,5,L$D,892987,11944361,22133fa7-d918-45ba-b6c9-3e97b999fc15,234013
42,A$AP Rocky,25b7b584-d952-4662-a8b9-dd8cdfbfeb64,6,LVL,883752,12117993,65a23443-e846-4a24-9fad-09fe7ccf0c24,220133
42,A$AP Rocky,25b7b584-d952-4662-a8b9-dd8cdfbfeb64,7,"F**kin' Problems (feat. Drake, 2 Chainz & Kendrick Lamar)",852222,8456626,,
42,A$AP Rocky,25b7b584-d952-4662-a8b9-dd8cdfbfeb64,8,"Everyday (feat. Rod Stewart, Miguel & Mark Ronson)",821292,8644035,,
42,A$AP Rocky,25b7b584-d952-4662-a8b9-dd8cdfbfeb64,9,Lord Pretty Flacko Jodye 2 (LPFJ2),756004,9266981,ac78bdda-b144-4645-8fb6-846c7d6d0018,127000
42,A$AP Rocky,25b7b584-d952-4662-a8b9-dd8cdfbfeb64,10,Peso,689201,7342917,5fa97709-82dd-4343-a652-561419f10325,174466
42,A$AP Rocky,25b7b584-d952-4662-a8b9-dd8cdfbfeb64,11,Jukebox Joints (feat. Joe Fox & Kanye West),667462,9740974,,
42,A$AP Rocky,25b7b584-d952-4662-a8b9-dd8cdfbfeb64,12,Goldie,616874,5165946,11954493-5c69-44c8-8c8e-be8fe0da2afd,192066
42,A$AP Rocky,25b7b584-d952-4662-a8b9-dd8cdfbfeb64,13,Purity (feat. Frank Ocean),531667,6246477,,
42,A$AP Rocky,25b7b584-d952-4662-a8b9-dd8cdfbfeb64,14,Babushka Boi,416383,4274948,92991d59-bec7-4a07-9b8d-8c1659358463,187000
42,A$AP Rocky,25b7b584-d952-4662-a8b9-dd8cdfbfeb64,15,Fukk Sleep (feat. FKA twigs),415459,3800715,,
43,Future,48262e82-db9f-4a92-b650-dfef979b73ec,1,Mask Off,1218446,11717061,8167e1a6-edaf-4170-9025-848b3171c20c,204360
43,Future,48262e82-db9f-4a92-b650-dfef979b73ec,2,Like That,1163952,19838547,d4133a55-d72a-4ced-9a4d-d8afb4bd2058,267706
43,Future,48262e82-db9f-4a92-b650-dfef979b73ec,3,Type Shit,845248,13772251,024750ac-0643-4a6b-8b9e-e70861d5dc2b,34934
43,Future,48262e82-db9f-4a92-b650-dfef979b73ec,4,WAIT FOR U (feat. Drake & Tems),839430,12508023,,
43,Future,48262e82-db9f-4a92-b650-dfef979b73ec,5,Life Is Good (feat. Drake),795223,9220970,,
43,Future,48262e82-db9f-4a92-b650-dfef979b73ec,6,Low Life (feat. The Weeknd),729743,9505182,,
43,Future,48262e82-db9f-4a92-b650-dfef979b73ec,7,Solo,720575,11092398,34c22f77-8e18-4f36-a07a-17e5f6543ff0,265000
43,Future,48262e82-db9f-4a92-b650-dfef979b73ec,8,PUFFIN ON ZOOTIEZ,649578,10921472,e5f34c1a-1635-470b-8c25-3491fdc93645,172000
43,Future,48262e82-db9f-4a92-b650-dfef979b73ec,9,The Percocet & Stripper Joint,524253,8120113,ff106af3-59bb-4e83-ab11-1388135431d7,118000
43,Future,48262e82-db9f-4a92-b650-dfef979b73ec,10,I Serve the Base,487536,6698852,b3f99f6f-a86c-4af9-99a0-672b18f22d3d,190755
43,Future,48262e82-db9f-4a92-b650-dfef979b73ec,11,Cinderella,470267,6514107,8531e207-d132-4583-aa0b-baa76bcf708a,169840
43,Future,48262e82-db9f-4a92-b650-dfef979b73ec,12,Young Metro,418406,3990800,d56ee306-14e4-4d06-ac38-d81e9ba52458,205347
43,Future,48262e82-db9f-4a92-b650-dfef979b73ec,13,WE STILL DON'T TRUST YOU,411811,4678663,6c654ff6-c08e-4141-bb60-3ede410d8375,252920
43,Future,48262e82-db9f-4a92-b650-dfef979b73ec,14,Codeine Crazy,406203,7476876,5b7f6c1c-eb6e-4fdb-92ab-80ae2c040961,503000
43,Future,48262e82-db9f-4a92-b650-dfef979b73ec,15,We Don't Trust You,393350,3453904,dec4a4c9-8b43-4a37-b445-cde2792caa43,226000
44,Michael Jackson,f27ec8db-af05-4f36-916e-3d57f91ecf5e,1,Billie Jean,2905155,22804473,f440cdb7-5068-434c-9beb-1458e9743f0b,122693
44,Michael Jackson,f27ec8db-af05-4f36-916e-3d57f91ecf5e,2,Beat It,2338768,16496031,49c679a2-01e3-4bef-b40e-98689bf10990,387000
44,Michael Jackson,f27ec8db-af05-4f36-916e-3d57f91ecf5e,3,Thriller,2100636,12455913,9a2685b4-d501-4798-8c58-f086113edad5,249000
44,Michael Jackson,f27ec8db-af05-4f36-916e-3d57f91ecf5e,4,Rock With You - Single Version,1203006,9002495,,
44,Michael Jackson,f27ec8db-af05-4f36-916e-3d57f91ecf5e,5,P.Y.T. (Pretty Young Thing),1196109,8090536,7fff1927-3c34-413a-b3fb-0bfbaff40939,257000
44,Michael Jackson,f27ec8db-af05-4f36-916e-3d57f91ecf5e,6,Don't Stop 'Til You Get Enough,1152294,6412491,1d95d69e-6640-470e-9af1-cb01606659b1,367973
44,Michael Jackson,f27ec8db-af05-4f36-916e-3d57f91ecf5e,7,Smooth Criminal - 2012 Remaster,1087661,6965623,,
44,Michael Jackson,f27ec8db-af05-4f36-916e-3d57f91ecf5e,8,Black or White,1074415,6139177,f122df7f-f120-45ac-803f-de5b5810ebe6,23000
44,Michael Jackson,f27ec8db-af05-4f36-916e-3d57f91ecf5e,9,Remember the Time,1071737,7657194,a5c8dd89-bbcd-4bda-a250-25c70bf2d35f,124573
44,Michael Jackson,f27ec8db-af05-4f36-916e-3d57f91ecf5e,10,Human Nature,993940,6465963,38bda093-43f7-4b83-9726-f50e41446421,261000
44,Michael Jackson,f27ec8db-af05-4f36-916e-3d57f91ecf5e,11,Wanna Be Startin' Somethin',925362,5204917,a6449b65-5433-423a-8083-8eb53983bff5,325000
44,Michael Jackson,f27ec8db-af05-4f36-916e-3d57f91ecf5e,12,Man in the Mirror,867559,5495814,1cfb4341-39ac-4061-9cca-cc3be6733649,308800
44,Michael Jackson,f27ec8db-af05-4f36-916e-3d57f91ecf5e,13,They Don't Care About Us,858836,5546422,e57316e0-ebc7-4e69-a80c-10577fad67c9,288000
44,Michael Jackson,f27ec8db-af05-4f36-916e-3d57f91ecf5e,14,Bad,855839,4998784,e004cf4f-5faf-4f83-b866-5d410414d113,83000
44,Michael Jackson,f27ec8db-af05-4f36-916e-3d57f91ecf5e,15,Chicago,847191,8572345,6c9aee0a-ffa7-4ce7-a343-1946addcd8d2,245440
45,Mac DeMarco,f2492c31-54a8-4347-a1fc-f81f72873bbf,1,Chamber of Reflection,1696766,24912146,d8721fd8-6f1c-4c6e-8b0e-52e9b88169fc,231000
45,Mac DeMarco,f2492c31-54a8-4347-a1fc-f81f72873bbf,2,My Kind of Woman,1628661,25270985,d38ba98c-854a-4434-afab-ba216f482c5e,190000
45,Mac DeMarco,f2492c31-54a8-4347-a1fc-f81f72873bbf,3,For the First Time,1462862,22920349,688da0d9-0e25-48fa-9c44-028251ef2e5f,182307
45,Mac DeMarco,f2492c31-54a8-4347-a1fc-f81f72873bbf,4,Heart to Heart,1332512,20777445,31ef2e3e-7747-4930-b942-47ae9201507a,211140
45,Mac DeMarco,f2492c31-54a8-4347-a1fc-f81f72873bbf,5,Freaking Out the Neighborhood,1221790,14108315,cae6d352-32a0-4844-a6a3-bcd0fae8c4f2,169000
45,Mac DeMarco,f2492c31-54a8-4347-a1fc-f81f72873bbf,6,Moonlight on the River,967023,13148702,8a51c317-e813-4dd5-b16b-1857dcac8347,422613
45,Mac DeMarco,f2492c31-54a8-4347-a1fc-f81f72873bbf,7,Still Beating,915831,9642934,cb85b719-144e-4bf8-8bee-c5fa57ee30b1,181587
45,Mac DeMarco,f2492c31-54a8-4347-a1fc-f81f72873bbf,8,No Other Heart,846266,9900464,4afd87f2-e4cd-41e1-9d18-07caee047444,172173
45,Mac DeMarco,f2492c31-54a8-4347-a1fc-f81f72873bbf,9,Watching Him Fade Away,834956,9849784,e1908849-7f73-41b5-bbd3-da97f611dcdd,143080
45,Mac DeMarco,f2492c31-54a8-4347-a1fc-f81f72873bbf,10,Salad Days,801507,7257945,95e09a02-7c46-46e0-bda0-5ffc20fa13d7,145573
45,Mac DeMarco,f2492c31-54a8-4347-a1fc-f81f72873bbf,11,20191009 I Like Her,717339,7249635,e325d5a5-a50c-4e54-9cbd-fb6ff01b5615,137000
45,Mac DeMarco,f2492c31-54a8-4347-a1fc-f81f72873bbf,12,Another One,699947,6194068,75f3c785-2fd8-4bce-9a2a-2224739a867c,160991
45,Mac DeMarco,f2492c31-54a8-4347-a1fc-f81f72873bbf,13,One More Love Song,684069,6936276,db57ba5f-f4f1-4430-b558-4d263c55bbd1,241067
45,Mac DeMarco,f2492c31-54a8-4347-a1fc-f81f72873bbf,14,On the Level,669130,6009153,36e0d914-8043-4949-91e6-8e87a89234e4,221000
45,Mac DeMarco,f2492c31-54a8-4347-a1fc-f81f72873bbf,15,Blue Boy,600203,4810868,371a649d-dd4e-4d15-bdf3-6aeb62926d33,126000
46,Bruno Mars,afb680f2-b6eb-4cd7-a70b-a63b25c763d5,1,Locked Out of Heaven,2247880,22607019,20edb5bc-d4b7-41ab-8805-1bdbe03b0a83,217974
46,Bruno Mars,afb680f2-b6eb-4cd7-a70b-a63b25c763d5,2,Just the Way You Are,2033334,18081810,93a89b89-3a02-4501-a55b-ca1d8f6575da,48000
46,Bruno Mars,afb680f2-b6eb-4cd7-a70b-a63b25c763d5,3,Grenade,1726854,15666411,dc9bbccb-5323-430c-80f1-11b5243b3b8a,160000
46,Bruno Mars,afb680f2-b6eb-4cd7-a70b-a63b25c763d5,4,When I Was Your Man,1724957,16764929,63bc042a-058b-41f8-9618-432b32a24960,402239
46,Bruno Mars,afb680f2-b6eb-4cd7-a70b-a63b25c763d5,5,That's What I Like,1633839,15089819,de868033-cdf6-4303-9cdf-b52d9c396ef4,
46,Bruno Mars,afb680f2-b6eb-4cd7-a70b-a63b25c763d5,6,Treasure,1430722,11351306,835e527b-f37c-409b-b9f7-18977d0a0460,
46,Bruno Mars,afb680f2-b6eb-4cd7-a70b-a63b25c763d5,7,Talking to the Moon,1381916,12704854,7c2aef54-866a-4906-9143-546ad1ef93d1,217773
46,Bruno Mars,afb680f2-b6eb-4cd7-a70b-a63b25c763d5,8,The Lazy Song,1363168,8469792,d1f002d7-b80e-4e58-88aa-42d92f5285d1,199000
46,Bruno Mars,afb680f2-b6eb-4cd7-a70b-a63b25c763d5,9,24K Magic,1301302,9912139,c1974102-b843-493a-b949-a2213dc9172d,225000
46,Bruno Mars,afb680f2-b6eb-4cd7-a70b-a63b25c763d5,10,Marry You,1262278,9246902,3e020d84-374c-4248-b747-b06d2fc57056,227000
46,Bruno Mars,afb680f2-b6eb-4cd7-a70b-a63b25c763d5,11,Leave the Door Open,1205433,12177857,026ac1eb-a361-4382-8d42-69f51274a935,610220
46,Bruno Mars,afb680f2-b6eb-4cd7-a70b-a63b25c763d5,12,It Will Rain,1061382,9438479,2cca4426-0679-48be-bd29-9ec8d0173b4b,145658
46,Bruno Mars,afb680f2-b6eb-4cd7-a70b-a63b25c763d5,13,Runaway Baby,958589,8039111,a323da57-33ba-4dac-9ff9-48ef7bba6482,148000
46,Bruno Mars,afb680f2-b6eb-4cd7-a70b-a63b25c763d5,14,Smokin Out The Window,831881,9404293,,
46,Bruno Mars,afb680f2-b6eb-4cd7-a70b-a63b25c763d5,15,Count on Me,754880,4818206,3faedd5b-5e62-402f-96c9-b85851805eb2,197373
47,Beyoncé,859d0860-d480-4efd-970c-c05d5f1776b8,1,Halo,1719237,14050987,bd104a2b-d34f-4841-badd-73ce41046828,391893
47,Beyoncé,859d0860-d480-4efd-970c-c05d5f1776b8,2,Crazy in Love (feat. JAY-Z),1583931,12256093,,
47,Beyoncé,859d0860-d480-4efd-970c-c05d5f1776b8,3,Single Ladies (Put a Ring on It),1532782,10087732,c4666ee2-220a-4708-8993-cc88da120c7d,340560
47,Beyoncé,859d0860-d480-4efd-970c-c05d5f1776b8,4,Irreplaceable,1440490,9853071,aa32e3f6-d6ff-47b3-b114-63fbc714c4f2,337746
47,Beyoncé,859d0860-d480-4efd-970c-c05d5f1776b8,5,If I Were a Boy,1067400,7262840,af6f2c6b-163c-4946-b915-345ada8b9c8e,
47,Beyoncé,859d0860-d480-4efd-970c-c05d5f1776b8,6,Sweet Dreams,1041218,9042411,aa1f5538-8277-4e5e-b00c-fc51c357aa65,
47,Beyoncé,859d0860-d480-4efd-970c-c05d5f1776b8,7,Love on Top,1000240,9358531,7d4d5e4f-ed6b-4c08-8f68-5679b87de716,177000
47,Beyoncé,859d0860-d480-4efd-970c-c05d5f1776b8,8,Diva,977929,8159577,15c4072a-c3c6-4cc3-88aa-bd94c83a21c7,179893
47,Beyoncé,859d0860-d480-4efd-970c-c05d5f1776b8,9,CUFF IT,911018,15978547,67d1be6e-1549-4946-993b-a0ca0f1777bf,117000
47,Beyoncé,859d0860-d480-4efd-970c-c05d5f1776b8,10,Run the World (Girls),834706,6479197,2dc6749b-75c3-444f-9c2c-1dcde02d9cb7,
47,Beyoncé,859d0860-d480-4efd-970c-c05d5f1776b8,11,Naughty Girl,776069,5251176,897b5b01-8953-4188-ab8d-7f67ea78bee6,95000
47,Beyoncé,859d0860-d480-4efd-970c-c05d5f1776b8,12,Partition,765501,8782103,5dc9902f-e7dd-4d2a-af6a-41329345e64d,195000
47,Beyoncé,859d0860-d480-4efd-970c-c05d5f1776b8,13,7/11,735060,6390430,f9e47e74-b21b-4adb-b47d-732006ade023,213507
47,Beyoncé,859d0860-d480-4efd-970c-c05d5f1776b8,14,BREAK MY SOUL,717736,12779766,9b08607e-b244-44bb-aede-fcb5be5b6a4a,363000
47,Beyoncé,859d0860-d480-4efd-970c-c05d5f1776b8,15,Formation,717709,9713164,4c1f93a2-dd28-426f-83fb-7b40e16f7de1,211000
48,TV Girl,38f0c7ac-46eb-49ca-b3ab-c785ccd05a60,1,Lovers Rock,1966898,44604917,697eea7f-0067-496c-bc50-2921538e2cc4,213000
48,TV Girl,38f0c7ac-46eb-49ca-b3ab-c785ccd05a60,2,Not Allowed,1536777,34438817,75d28825-110a-46b7-b08b-8001f7aacfd8,167864
48,TV Girl,38f0c7ac-46eb-49ca-b3ab-c785ccd05a60,3,Cigarettes out the Window,1492604,27517705,b589b70d-e156-4276-9c15-55b9398d4a0f,198960
48,TV Girl,38f0c7ac-46eb-49ca-b3ab-c785ccd05a60,4,Blue Hair,1259999,18856903,77a807b4-5512-4250-9f42-cb57412124ad,217000
48,TV Girl,38f0c7ac-46eb-49ca-b3ab-c785ccd05a60,5,The Blonde,1051740,13755733,530103a2-b515-44d1-b6f2-22ce54549af5,227000
48,TV Girl,38f0c7ac-46eb-49ca-b3ab-c785ccd05a60,6,It Almost Worked,833066,11413950,cb292186-aab7-46b6-99ee-2dc4e190732c,152000
48,TV Girl,38f0c7ac-46eb-49ca-b3ab-c785ccd05a60,7,Taking What's Not Yours,822864,11310776,d45b3548-31b4-428e-9c6c-5546cac71cf6,205651
48,TV Girl,38f0c7ac-46eb-49ca-b3ab-c785ccd05a60,8,Loving Machine,786017,9300783,f0d7f6b7-33b1-49a6-abcc-8e1344645748,227000
48,TV Girl,38f0c7ac-46eb-49ca-b3ab-c785ccd05a60,9,Birds Dont Sing,771432,8708607,,
48,TV Girl,38f0c7ac-46eb-49ca-b3ab-c785ccd05a60,10,Louise,667472,7550232,a71ed673-30fd-483d-b674-9e77f1696d12,194000
48,TV Girl,38f0c7ac-46eb-49ca-b3ab-c785ccd05a60,11,Hate Yourself,547976,5849884,a90b82e0-6c2e-4c76-a8ca-aeb0252e9cc3,214000
48,TV Girl,38f0c7ac-46eb-49ca-b3ab-c785ccd05a60,12,Song About Me,447537,5148773,808f530c-e71a-4ace-9f9c-6d362bd7e458,243727
48,TV Girl,38f0c7ac-46eb-49ca-b3ab-c785ccd05a60,13,Daughter of a Cop,423301,3451058,aba5307b-bb19-4cd7-bba3-d43dea3f2f63,153000
48,TV Girl,38f0c7ac-46eb-49ca-b3ab-c785ccd05a60,14,Safeword,413188,3780492,,
48,TV Girl,38f0c7ac-46eb-49ca-b3ab-c785ccd05a60,15,Pantyhose,383941,3046045,e46e0e4f-19db-4ba3-9669-9bb50d0bec15,176000
49,Nirvana,5b11f4ce-a62d-471e-81fc-a69a8278c7da,1,Smells Like Teen Spirit,3849896,38800919,6fd45825-5e07-48b7-801c-433c48d3262e,280800
49,Nirvana,5b11f4ce-a62d-471e-81fc-a69a8278c7da,2,Come as You Are,3662258,37198443,4c5730b2-af2c-4e0f-aced-82a718c26eb9,226933
49,Nirvana,5b11f4ce-a62d-471e-81fc-a69a8278c7da,3,Lithium,2685079,23896961,23c93eaa-dd97-42f0-aae8-7f434f947620,247493
49,Nirvana,5b11f4ce-a62d-471e-81fc-a69a8278c7da,4,About a Girl,2482221,21971192,e54c571d-160f-4ae4-930c-cc82b56e3d28,221106
49,Nirvana,5b11f4ce-a62d-471e-81fc-a69a8278c7da,5,Heart-Shaped Box,2208365,22634218,9dd8ea25-e325-4480-8155-327d211f1592,271426
49,Nirvana,5b11f4ce-a62d-471e-81fc-a69a8278c7da,6,Dumb,2205874,19989164,92f1baa8-1b3e-4978-b45d-e28d5a05e9d1,155000
49,Nirvana,5b11f4ce-a62d-471e-81fc-a69a8278c7da,7,In Bloom,2147210,16642457,a631071a-a3cd-4818-9f99-c4a02e68e35d,266040
49,Nirvana,5b11f4ce-a62d-471e-81fc-a69a8278c7da,8,Something in the Way,1990268,17658631,acb95f30-dd62-43d1-9960-640027abb8c5,199906
49,Nirvana,5b11f4ce-a62d-471e-81fc-a69a8278c7da,9,All Apologies,1986943,15765368,689d5e71-1364-489e-96e6-25433458bf6e,201000
49,Nirvana,5b11f4ce-a62d-471e-81fc-a69a8278c7da,10,Rape Me,1983643,15910372,cf061728-ba74-4b7b-8587-8845e72d2396,162000
49,Nirvana,5b11f4ce-a62d-471e-81fc-a69a8278c7da,11,Polly,1739126,12278818,767066ea-6537-4c9b-98cf-ac1015626cb2,191840
49,Nirvana,5b11f4ce-a62d-471e-81fc-a69a8278c7da,12,Breed,1643388,12504790,25564ead-cd03-4399-86ff-22519705ffa3,202493
49,Nirvana,5b11f4ce-a62d-471e-81fc-a69a8278c7da,13,Drain You,1613010,12782622,fe91f05d-a655-426f-99c9-cf7b6f4b4d3a,178000
49,Nirvana,5b11f4ce-a62d-471e-81fc-a69a8278c7da,14,The Man Who Sold the World,1411960,10321106,628a41da-6898-409c-bcc1-9f24888d70d1,308654
49,Nirvana,5b11f4ce-a62d-471e-81fc-a69a8278c7da,15,On a Plain,1340965,8800809,594e96cf-bdb5-4134-8e81-3bd3951fc97a,166720
50,beabadoobee,88d17133-abbc-42db-9526-4e2c1db60336,1,the perfect pair,1318957,26145060,0744d70f-b619-4c23-976f-4af2a36927c8,138709
50,beabadoobee,88d17133-abbc-42db-9526-4e2c1db60336,2,Glue Song,1107489,17849663,2144b494-8847-48c5-aa5f-1e5f48a066e8,176000
50,beabadoobee,88d17133-abbc-42db-9526-4e2c1db60336,3,Glue Song (feat. Clairo),799506,9411958,,
50,beabadoobee,88d17133-abbc-42db-9526-4e2c1db60336,4,the way things go,791668,12553936,0e011401-8380-48f3-b4bf-ad89e5e8e6ae,188000
50,beabadoobee,88d17133-abbc-42db-9526-4e2c1db60336,5,Apple Cider,734748,11248133,99fc23d3-9d93-49af-a970-45b735da98e4,172343
50,beabadoobee,88d17133-abbc-42db-9526-4e2c1db60336,6,Tired,725580,8334054,de83443a-003c-4bfb-9f15-7725f8313d92,199000
50,beabadoobee,88d17133-abbc-42db-9526-4e2c1db60336,7,A Night To Remember,711775,9960755,26a9c7ba-38db-4f26-a42e-630d879e015e,239000
50,beabadoobee,88d17133-abbc-42db-9526-4e2c1db60336,8,real man,708674,9551145,0027f5d5-b3e8-4aa3-8351-967eff1019f1,161000
50,beabadoobee,88d17133-abbc-42db-9526-4e2c1db60336,9,take a bite,671851,10184152,19c3dbbc-d153-4c43-97c4-13440fc812b6,
50,beabadoobee,88d17133-abbc-42db-9526-4e2c1db60336,10,Beaches,647457,9132062,17b58f95-0162-4fc8-a4aa-2c9b75400246,230000
50,beabadoobee,88d17133-abbc-42db-9526-4e2c1db60336,11,Coffee,618825,5891828,9325c23d-e466-403f-b3aa-3b81d2485a13,
50,beabadoobee,88d17133-abbc-42db-9526-4e2c1db60336,12,Cologne,594851,10067061,aba89a10-fd4c-4d8b-b643-6744d85cf4e3,164690
50,beabadoobee,88d17133-abbc-42db-9526-4e2c1db60336,13,Sunny day,512633,6323942,669eb7e5-69df-4d76-8fc0-306bb1e4d6d4,160000
50,beabadoobee,88d17133-abbc-42db-9526-4e2c1db60336,14,If You Want To,504002,5413187,2c12b59e-656d-4e75-8a0d-25e210e42b95,223000
50,beabadoobee,88d17133-abbc-42db-9526-4e2c1db60336,15,Talk,500270,8328077,d9bed275-a29c-49b7-af84-82361f9be95b,225000
51,Don Toliver,a0723a3c-4135-438e-85c5-012712144ede,1,No Idea,1093322,14233784,98a03888-e736-4b30-8b74-8c2ae9465779,154424
51,Don Toliver,a0723a3c-4135-438e-85c5-012712144ede,2,After Party,836054,9023960,c95e9d28-1240-48ab-88b0-1d26b9cc7ea3,167915
51,Don Toliver,a0723a3c-4135-438e-85c5-012712144ede,3,No Pole,824507,13103840,c44742a1-ef4a-4493-84d6-969ef837d125,187613
51,Don Toliver,a0723a3c-4135-438e-85c5-012712144ede,4,BANDIT,693556,9731526,ac3fb342-fd41-44fa-bc93-5f18eb513d19,147706
51,Don Toliver,a0723a3c-4135-438e-85c5-012712144ede,5,Cardigan,649053,7210330,0fd79d24-f1be-4de4-8d70-f013c5f357f1,158708
51,Don Toliver,a0723a3c-4135-438e-85c5-012712144ede,6,NEW DROP,602659,6938853,5dabaf6a-82f0-40dd-b7df-b2c0255f3540,217333
51,Don Toliver,a0723a3c-4135-438e-85c5-012712144ede,7,Private Landing (feat. Justin Bieber & Future),601725,6747201,,
51,Don Toliver,a0723a3c-4135-438e-85c5-012712144ede,8,TORE UP,519806,8952296,48008538-194c-4dd0-a973-772336640f05,126960
51,Don Toliver,a0723a3c-4135-438e-85c5-012712144ede,9,Had Enough (feat. Quavo & Offset),486941,6014658,,
51,Don Toliver,a0723a3c-4135-438e-85c5-012712144ede,10,Drugs N Hella Melodies (feat. Kali Uchis),421516,4707922,,
51,Don Toliver,a0723a3c-4135-438e-85c5-012712144ede,11,You (feat. Travis Scott),385976,5055604,,
51,Don Toliver,a0723a3c-4135-438e-85c5-012712144ede,12,Embarrassed (feat. Travis Scott),384792,4643521,,
51,Don Toliver,a0723a3c-4135-438e-85c5-012712144ede,13,BROTHER STONE (FEAT. KODAK BLACK),343640,3371524,,
51,Don Toliver,a0723a3c-4135-438e-85c5-012712144ede,14,Flocky Flocky (feat. Travis Scott),302276,3230307,,
51,Don Toliver,a0723a3c-4135-438e-85c5-012712144ede,15,KRYPTONITE,286975,3092120,9b9b9795-2215-4295-8b6c-c6c2a338ccb4,182306
52,Kali Uchis,d0c7656d-8169-4f77-9dbe-b8f24e40105d,1,"After the Storm (feat. Tyler, the Creator & Bootsy Collins)",1550621,22853094,,
52,Kali Uchis,d0c7656d-8169-4f77-9dbe-b8f24e40105d,2,Telepatía,1500287,21208091,21ba6f2f-f11d-4801-8f57-8f467a1360b0,161000
52,Kali Uchis,d0c7656d-8169-4f77-9dbe-b8f24e40105d,3,Moonlight,1311026,18539904,52c1af81-18f4-4e57-8d75-0b15c0206094,187557
52,Kali Uchis,d0c7656d-8169-4f77-9dbe-b8f24e40105d,4,Dead to Me,1181662,15670742,89bcc515-6f24-4969-958f-31589f17aa6b,200000
52,Kali Uchis,d0c7656d-8169-4f77-9dbe-b8f24e40105d,5,Melting,1046574,12264148,41530d86-2eeb-40dc-b041-28f990611a11,208000
52,Kali Uchis,d0c7656d-8169-4f77-9dbe-b8f24e40105d,6,Just a Stranger (feat. Steve Lacy),656704,7313595,,
52,Kali Uchis,d0c7656d-8169-4f77-9dbe-b8f24e40105d,7,I Wish You Roses,655158,8553853,77cdb76f-6eae-4c80-832b-6dbf01d9adcb,219954
52,Kali Uchis,d0c7656d-8169-4f77-9dbe-b8f24e40105d,8,Your Teeth in My Neck,652590,7549970,7ac1b984-5e63-4d7a-a0a4-215581b3a8b9,186181
52,Kali Uchis,d0c7656d-8169-4f77-9dbe-b8f24e40105d,9,Igual Que Un Ángel (with Peso Pluma),451481,6093517,,
52,Kali Uchis,d0c7656d-8169-4f77-9dbe-b8f24e40105d,10,Fantasy (feat. Don Toliver),415470,3870851,,
52,Kali Uchis,d0c7656d-8169-4f77-9dbe-b8f24e40105d,11,fue mejor (feat. SZA),410854,4634033,,
52,Kali Uchis,d0c7656d-8169-4f77-9dbe-b8f24e40105d,12,Tyrant (feat. Jorja Smith),402412,4075856,,
52,Kali Uchis,d0c7656d-8169-4f77-9dbe-b8f24e40105d,13,Hasta Cuando,363143,4535215,8834c7da-57a8-4d09-84b3-700e3977b40c,129448
52,Kali Uchis,d0c7656d-8169-4f77-9dbe-b8f24e40105d,14,Loner,330819,2909570,73a191c3-2ff0-4729-869a-e517fd7b769e,212000
52,Kali Uchis,d0c7656d-8169-4f77-9dbe-b8f24e40105d,15,Love Between...,318995,2539116,388e6a4a-0519-4e28-95dc-971bd3d66560,155000
53,KATSEYE,abbf7d85-9a7f-4a6c-80bd-bf71f2c7d520,1,Touch,782520,12458658,2c343baf-98b3-495b-a67f-1e3cbb1ce770,129882
53,KATSEYE,abbf7d85-9a7f-4a6c-80bd-bf71f2c7d520,2,Gnarly,745210,15381270,d6ff1a8a-49fa-4896-9436-6153afc00485,141000
53,KATSEYE,abbf7d85-9a7f-4a6c-80bd-bf71f2c7d520,3,Gabriela,710863,11310037,cb6ddab8-e752-4508-b067-e5ebc9d5b21b,196840
53,KATSEYE,abbf7d85-9a7f-4a6c-80bd-bf71f2c7d520,4,Debut,500061,7407587,39d7c92e-e8dc-475e-a395-96f28362a4d1,123000
53,KATSEYE,abbf7d85-9a7f-4a6c-80bd-bf71f2c7d520,5,Gameboy,429216,4743004,508a3a9b-a0ba-4c7d-87e5-964f76e357b1,185000
53,KATSEYE,abbf7d85-9a7f-4a6c-80bd-bf71f2c7d520,6,M.I.A,345479,3799943,7c851ffd-9331-4dfd-affb-b51032c67060,129683
53,KATSEYE,abbf7d85-9a7f-4a6c-80bd-bf71f2c7d520,7,Mean Girls,257835,2317348,69ed8268-fdd2-4715-9ce5-0a65ce339e70,217000
53,KATSEYE,abbf7d85-9a7f-4a6c-80bd-bf71f2c7d520,8,My Way,240326,2134982,c104103a-07d9-4314-888e-f9660a8b1cef,154987
53,KATSEYE,abbf7d85-9a7f-4a6c-80bd-bf71f2c7d520,9,Gnarly - Ice Spice Remix,193726,1032990,,
53,KATSEYE,abbf7d85-9a7f-4a6c-80bd-bf71f2c7d520,10,Touch (ft. YEONJUN of TOMORROW X TOGETHER),182305,1422256,,
53,KATSEYE,abbf7d85-9a7f-4a6c-80bd-bf71f2c7d520,11,Tonight I Might,181754,1612225,a0c6e156-693d-4698-9dd1-8505d745acc7,156000
53,KATSEYE,abbf7d85-9a7f-4a6c-80bd-bf71f2c7d520,12,I'm Pretty,148292,1127314,7839d18a-2da7-4ff8-ab90-6eec5f5cb949,143000
53,KATSEYE,abbf7d85-9a7f-4a6c-80bd-bf71f2c7d520,13,Gabriela (with Young Miko) - Young Miko Remix,104890,372727,,
53,KATSEYE,abbf7d85-9a7f-4a6c-80bd-bf71f2c7d520,14,"Flame (from the Netflix Series ""Jentry Chau vs the Underworld"")",86126,475930,,
53,KATSEYE,abbf7d85-9a7f-4a6c-80bd-bf71f2c7d520,15,Gnarly - Clean Edit,71005,595892,,
54,Katy Perry,122d63fc-8671-43e4-9752-34e846d62a9c,1,I Kissed a Girl,2617109,21542841,6d85794f-bbc5-4bc1-b185-937d8f932245,191000
54,Katy Perry,122d63fc-8671-43e4-9752-34e846d62a9c,2,Hot n Cold,2343131,18024761,cfddcc55-a0ac-4821-9cb3-b9312c50dff2,221066
54,Katy Perry,122d63fc-8671-43e4-9752-34e846d62a9c,3,Last Friday Night (T.G.I.F.),2277023,20261719,5752780f-e035-4f10-9e58-e75d4a1831f2,235000
54,Katy Perry,122d63fc-8671-43e4-9752-34e846d62a9c,4,Teenage Dream,2128188,22589715,8799c59c-6ec0-4a6d-ae48-c58ae6678c9a,227773
54,Katy Perry,122d63fc-8671-43e4-9752-34e846d62a9c,5,Firework,2009479,17696785,ddfea92f-2db6-404a-9b6a-09ce2cd59c6f,
54,Katy Perry,122d63fc-8671-43e4-9752-34e846d62a9c,6,The One That Got Away,1645036,17457544,50be45d8-4463-4d62-808d-67b1eefe8ff0,344000
54,Katy Perry,122d63fc-8671-43e4-9752-34e846d62a9c,7,California Gurls,1539322,12100885,3ddb9f27-cc84-425b-914d-3f1d728dfa1f,236000
54,Katy Perry,122d63fc-8671-43e4-9752-34e846d62a9c,8,Dark Horse,1496745,12042082,29559be7-bfa6-4b38-8f42-fedf2c96d915,
54,Katy Perry,122d63fc-8671-43e4-9752-34e846d62a9c,9,E.T.,1450766,14506592,8b4d8ff1-fa36-4bf1-b80d-80274bf9eb03,206933
54,Katy Perry,122d63fc-8671-43e4-9752-34e846d62a9c,10,Roar,1303444,11953470,f9168111-a172-494e-85a5-a64d31462ff8,270120
54,Katy Perry,122d63fc-8671-43e4-9752-34e846d62a9c,11,Part of Me,1112726,10123412,fbafd7af-d3f5-4e97-9882-544d4e2f1c18,
54,Katy Perry,122d63fc-8671-43e4-9752-34e846d62a9c,12,Wide Awake,979883,8878124,e3cbebb8-e3ff-4ce3-abb6-61d63e4378fa,270000
54,Katy Perry,122d63fc-8671-43e4-9752-34e846d62a9c,13,Waking Up in Vegas,862291,6795853,0cfc62e3-d2f5-4224-81ee-e37108b38467,208408
54,Katy Perry,122d63fc-8671-43e4-9752-34e846d62a9c,14,Thinking of You,829458,8373792,6622746f-feba-4259-904f-4d1442038ca8,
54,Katy Perry,122d63fc-8671-43e4-9752-34e846d62a9c,15,Unconditionally,736700,6596002,29700743-ab38-41c9-b549-bdf31e3a972b,231000
55,Britney Spears,45a663b5-b1cb-4a91-bff6-2bef7bbfdd76,1,Toxic,2828521,27689469,b780feae-6525-4d82-8558-3b0ed107319f,191000
55,Britney Spears,45a663b5-b1cb-4a91-bff6-2bef7bbfdd76,2,Gimme More,1954302,22696782,8a6d50cd-fa04-442c-a940-fe27bc65563a,240000
55,Britney Spears,45a663b5-b1cb-4a91-bff6-2bef7bbfdd76,3,Womanizer,1931861,19947213,64d6bbf3-f2c5-43e0-9c7c-54008b5a5da9,229000
55,Britney Spears,45a663b5-b1cb-4a91-bff6-2bef7bbfdd76,4,...Baby One More Time,1850251,14764130,cea45ed4-d279-42f7-87e7-2e4380198280,210600
55,Britney Spears,45a663b5-b1cb-4a91-bff6-2bef7bbfdd76,5,Oops!...I Did It Again,1597725,12093680,471c9812-0fdd-4173-83c9-00b87fcc549d,
55,Britney Spears,45a663b5-b1cb-4a91-bff6-2bef7bbfdd76,6,Circus,1547121,16663646,f012c115-7b62-414a-b41b-0f0ab3cc39d3,215000
55,Britney Spears,45a663b5-b1cb-4a91-bff6-2bef7bbfdd76,7,If U Seek Amy,1103314,11703018,7c958bcf-223f-4b94-ae27-63584092f227,
55,Britney Spears,45a663b5-b1cb-4a91-bff6-2bef7bbfdd76,8,I'm a Slave 4 U,1001859,9438835,31c50bd3-b242-4751-b73d-d43be1b29577,259000
55,Britney Spears,45a663b5-b1cb-4a91-bff6-2bef7bbfdd76,9,Piece of Me,894705,10545586,672f1b3f-c950-40b0-8dd4-0454b97f8cff,204306
55,Britney Spears,45a663b5-b1cb-4a91-bff6-2bef7bbfdd76,10,I Wanna Go,807309,9427726,733f405f-4bc8-44e9-a63c-537f9de03e65,210000
55,Britney Spears,45a663b5-b1cb-4a91-bff6-2bef7bbfdd76,11,Criminal,763423,7688475,508315f7-93d2-4b25-9561-0034d7e07717,225000
55,Britney Spears,45a663b5-b1cb-4a91-bff6-2bef7bbfdd76,12,Till the World Ends,760161,9944331,f08bdfc1-3d91-4e5d-8b01-1f93ea17848a,238000
55,Britney Spears,45a663b5-b1cb-4a91-bff6-2bef7bbfdd76,13,Break the Ice,700621,8529295,82c676c5-5f4c-474e-a069-93d811cef741,196000
55,Britney Spears,45a663b5-b1cb-4a91-bff6-2bef7bbfdd76,14,3,667065,7738826,f084f4de-eb31-476d-b448-d7d7244a3180,210000
55,Britney Spears,45a663b5-b1cb-4a91-bff6-2bef7bbfdd76,15,Everytime,643837,5911292,8b637093-095b-4b55-98d0-0b5e399afaac,
56,The Beatles,b10bbbfc-cf9e-42e0-be17-e2c3e1d2600d,1,Here Comes the Sun - Remastered 2009,1408733,11798930,,
56,The Beatles,b10bbbfc-cf9e-42e0-be17-e2c3e1d2600d,2,Eleanor Rigby,1265655,9206149,a98e5b30-938a-43c8-8dd0-2b13a6846a81,129373
56,The Beatles,b10bbbfc-cf9e-42e0-be17-e2c3e1d2600d,3,Hey Jude,1253737,8667114,7953cb71-41c1-449a-bd23-aa2daf394332,239000
56,The Beatles,b10bbbfc-cf9e-42e0-be17-e2c3e1d2600d,4,Come Together,1172419,8796391,4181ff9d-401e-4914-b72c-fa0390b32278,
56,The Beatles,b10bbbfc-cf9e-42e0-be17-e2c3e1d2600d,5,Let It Be,1150818,9136475,b925d2a3-3bd3-4dee-b342-8b9d27ecaebc,170000
56,The Beatles,b10bbbfc-cf9e-42e0-be17-e2c3e1d2600d,6,Yellow Submarine,1119741,7187200,659768fa-50b7-4658-bdd7-8412876985c5,160000
56,The Beatles,b10bbbfc-cf9e-42e0-be17-e2c3e1d2600d,7,Yesterday,1102880,8771654,fac250f5-2753-4738-b34f-2afbafc5586a,126000
56,The Beatles,b10bbbfc-cf9e-42e0-be17-e2c3e1d2600d,8,Help!,1049464,7736708,0fbdb97b-0412-421f-9de2-db8f85f12d83,
56,The Beatles,b10bbbfc-cf9e-42e0-be17-e2c3e1d2600d,9,All You Need Is Love,1046409,7063969,30d8dd46-27eb-41b3-a8ef-e646d93a7b8c,226000
56,The Beatles,b10bbbfc-cf9e-42e0-be17-e2c3e1d2600d,10,Here Comes the Sun,1027553,8412005,e49e51e8-4ee1-4321-a048-d0d9dfe49e7b,184000
56,The Beatles,b10bbbfc-cf9e-42e0-be17-e2c3e1d2600d,11,Come Together - Remastered 2009,1018519,7244996,,
56,The Beatles,b10bbbfc-cf9e-42e0-be17-e2c3e1d2600d,12,Lucy in the Sky With Diamonds,978267,7172421,44f2890a-21bd-483e-9eac-e63612c8868e,
56,The Beatles,b10bbbfc-cf9e-42e0-be17-e2c3e1d2600d,13,Something,968263,7344523,f2763493-bcea-4dd3-9570-48156a3fc1cd,221000
56,The Beatles,b10bbbfc-cf9e-42e0-be17-e2c3e1d2600d,14,Yesterday - Remastered 2009,955411,7560462,,
56,The Beatles,b10bbbfc-cf9e-42e0-be17-e2c3e1d2600d,15,Penny Lane,907606,5565526,5a6becfb-07e3-4286-8de0-5b4fa826f3f2,178000
57,Steve Lacy,ca9766a0-1c30-43e6-a213-bac1334efc4a,1,Dark Red,2001341,36827306,bc0f4be2-29bd-4f4b-a850-862bbd130db5,173104
57,Steve Lacy,ca9766a0-1c30-43e6-a213-bac1334efc4a,2,Bad Habit,1746477,30678488,be62d1e4-c803-40a7-b806-62af232f9972,231746
57,Steve Lacy,ca9766a0-1c30-43e6-a213-bac1334efc4a,3,Some,1492728,23419858,d3d1a743-a512-49c7-b38d-0610c3433a39,118000
57,Steve Lacy,ca9766a0-1c30-43e6-a213-bac1334efc4a,4,C U Girl,1399966,21468841,7d81daec-341a-4931-bec6-8b0f533254c3,130000
57,Steve Lacy,ca9766a0-1c30-43e6-a213-bac1334efc4a,5,Infrunami,1143899,17907613,8edeccb0-a6e1-4333-9f2b-806b66651662,178000
57,Steve Lacy,ca9766a0-1c30-43e6-a213-bac1334efc4a,6,Static,950942,12785655,99b48239-18cf-44fc-bc4c-9f1e2f60c65b,
57,Steve Lacy,ca9766a0-1c30-43e6-a213-bac1334efc4a,7,Uuuu,925738,10785657,4d7d6760-8abb-4b3a-a545-4fff60c5c833,90000
57,Steve Lacy,ca9766a0-1c30-43e6-a213-bac1334efc4a,8,atomic vomit,792589,6295066,0a6da998-28aa-4b97-a281-8ee7004609a2,90000
57,Steve Lacy,ca9766a0-1c30-43e6-a213-bac1334efc4a,9,N Side,781437,9436497,aa03fca2-4c9e-4ee9-95c3-c30fa0a91004,224400
57,Steve Lacy,ca9766a0-1c30-43e6-a213-bac1334efc4a,10,When I,695731,4898874,a69a709f-d1b9-4aad-83dc-ad57b0b11a92,60000
57,Steve Lacy,ca9766a0-1c30-43e6-a213-bac1334efc4a,11,Ryd,627920,7905431,ac4ac2c0-1a76-4cc3-88b5-1ab654404b20,140182
57,Steve Lacy,ca9766a0-1c30-43e6-a213-bac1334efc4a,12,Helmet,571675,7517951,0df88f36-3fff-4a57-9943-9a50841135c5,201506
57,Steve Lacy,ca9766a0-1c30-43e6-a213-bac1334efc4a,13,Sunshine (feat. Fousheé),542227,6764616,,
57,Steve Lacy,ca9766a0-1c30-43e6-a213-bac1334efc4a,14,Basement Jack,533508,5792238,7aa7339d-9e70-46b0-b603-c3c8d949113d,109826
57,Steve Lacy,ca9766a0-1c30-43e6-a213-bac1334efc4a,15,Mercury,503707,6813215,20c11264-1d5b-49a8-8ccb-a6bcff003d5d,295413
58,Laufey,21a89505-10a9-4ac0-8388-833bc07b9f86,1,From the Start,1297892,23188304,07d30250-a5a4-496f-9bd2-d0d8047d275b,169000
58,Laufey,21a89505-10a9-4ac0-8388-833bc07b9f86,2,Falling Behind,963334,14749839,91c21917-42b2-446b-b1f6-0a4cddf1ed73,173640
58,Laufey,21a89505-10a9-4ac0-8388-833bc07b9f86,3,Valentine,801926,11634778,6063c1ea-a990-421f-a6a9-730d2d64c522,168907
58,Laufey,21a89505-10a9-4ac0-8388-833bc07b9f86,4,Promise,731680,12123551,614668fc-0b28-4e37-a220-535cce6d1da6,
58,Laufey,21a89505-10a9-4ac0-8388-833bc07b9f86,5,Let You Break My Heart Again,695401,11361885,18cb3143-1722-4089-a93d-0e39c46e9c70,280120
58,Laufey,21a89505-10a9-4ac0-8388-833bc07b9f86,6,I Wish You Love,427042,5050378,84c3c0a2-4ac8-4ae1-86c6-b7fbe0573e94,155138
58,Laufey,21a89505-10a9-4ac0-8388-833bc07b9f86,7,Winter Wonderland - Spotify Singles Holiday,419234,1582451,,
58,Laufey,21a89505-10a9-4ac0-8388-833bc07b9f86,8,Lover Girl,412645,3948973,b3f97c93-de02-4760-b91d-8364d2754248,164000
58,Laufey,21a89505-10a9-4ac0-8388-833bc07b9f86,9,Like the Movies,408286,4130715,f0633f33-f0dd-470c-ae2d-d4318f830340,156944
58,Laufey,21a89505-10a9-4ac0-8388-833bc07b9f86,10,Fragile,399894,5205082,a9f40727-5357-4cb0-8f98-ffa1a99539fc,241000
58,Laufey,21a89505-10a9-4ac0-8388-833bc07b9f86,11,Dreamer,394468,4889933,c422add7-03c8-45d9-a07b-2ef7bb88b786,210000
58,Laufey,21a89505-10a9-4ac0-8388-833bc07b9f86,12,Lovesick,387961,5347930,8664ef37-2d09-43f7-b42f-2b3195c2d167,225000
58,Laufey,21a89505-10a9-4ac0-8388-833bc07b9f86,13,Bewitched,370325,4718679,808bf3e5-9d3a-4265-b54e-f11fb8696c5c,260000
58,Laufey,21a89505-10a9-4ac0-8388-833bc07b9f86,14,Second Best,349771,4333935,a423030d-1577-4106-85c4-56a015e783c5,205000
58,Laufey,21a89505-10a9-4ac0-8388-833bc07b9f86,15,Goddess,342756,4537215,ef57f686-9a0a-41d1-91a6-86bc06fe9c72,268000
59,Mac Miller,a0e8a1b1-5f8f-475a-a253-17415c17d0ff,1,The Spins,1153183,19310450,f48c8842-95c7-4fb2-9b3a-82cde7be8bd7,196000
59,Mac Miller,a0e8a1b1-5f8f-475a-a253-17415c17d0ff,2,Self Care,988505,14922874,eaa56493-9460-46bc-8094-1cd3fa03e6c2,345000
59,Mac Miller,a0e8a1b1-5f8f-475a-a253-17415c17d0ff,3,Small Worlds,905459,11501811,5ae01fb4-0df9-4f6d-ad3d-4b308c9c80e9,337000
59,Mac Miller,a0e8a1b1-5f8f-475a-a253-17415c17d0ff,4,Knock Knock,833410,5858893,0ff1d945-6612-4643-afe7-643e48eb5408,198000
59,Mac Miller,a0e8a1b1-5f8f-475a-a253-17415c17d0ff,5,Come Back to Earth,804673,11409218,74b43e55-c328-4034-a959-149b9cbc2072,162000
59,Mac Miller,a0e8a1b1-5f8f-475a-a253-17415c17d0ff,6,Congratulations (feat. Bilal),780968,10903488,,
59,Mac Miller,a0e8a1b1-5f8f-475a-a253-17415c17d0ff,7,Blue World,761471,9572721,69169f55-46a9-4f76-b478-159a56567a4b,209440
59,Mac Miller,a0e8a1b1-5f8f-475a-a253-17415c17d0ff,8,Good News,717309,10867915,9ed53176-1cb7-4f7a-a1b4-b4fc8f20cfce,342000
59,Mac Miller,a0e8a1b1-5f8f-475a-a253-17415c17d0ff,9,Weekend (feat. Miguel),708795,8098441,,
59,Mac Miller,a0e8a1b1-5f8f-475a-a253-17415c17d0ff,10,Dang! (feat. Anderson .Paak),664413,7003923,,
59,Mac Miller,a0e8a1b1-5f8f-475a-a253-17415c17d0ff,11,My Favorite Part,651700,6486504,d4003b8c-4deb-4946-b7f0-988460a02d1a,216000
59,Mac Miller,a0e8a1b1-5f8f-475a-a253-17415c17d0ff,12,Hurt Feelings,578007,6868128,30758121-7fb6-4eea-8bcc-7eb7aa2f3664,246000
59,Mac Miller,a0e8a1b1-5f8f-475a-a253-17415c17d0ff,13,Donald Trump,575431,4043339,b62d92d5-2906-4f97-b012-f7467272a67f,156520
59,Mac Miller,a0e8a1b1-5f8f-475a-a253-17415c17d0ff,14,Ladders,570720,6573480,b8c1a18f-df09-4847-99f9-bd33bdda0b33,287000
59,Mac Miller,a0e8a1b1-5f8f-475a-a253-17415c17d0ff,15,What's the Use?,567018,6709612,0eee5737-3baf-46ee-87fa-cfdcbf544bcf,289000
60,Maroon 5,0ab49580-c84f-44d4-875f-d83760ea2cfe,1,This Love,2294834,17979089,c41b4ec2-2e8f-436d-aa49-fc6e0de79901,237786
60,Maroon 5,0ab49580-c84f-44d4-875f-d83760ea2cfe,2,She Will Be Loved,1655246,12196900,4f06b082-c8ac-4cb0-97a3-f6b175f5af61,281000
60,Maroon 5,0ab49580-c84f-44d4-875f-d83760ea2cfe,3,Payphone,1523036,13488834,91b9dec2-8c0e-4bcc-9126-4343819303b3,223000
60,Maroon 5,0ab49580-c84f-44d4-875f-d83760ea2cfe,4,Maps,1421072,13958258,f3885daf-38b5-47b0-86f3-5ac9a81f50a1,
60,Maroon 5,0ab49580-c84f-44d4-875f-d83760ea2cfe,5,Sunday Morning,1374681,10109168,902c26cc-744b-4b27-8f82-405cbe9ed940,
60,Maroon 5,0ab49580-c84f-44d4-875f-d83760ea2cfe,6,One More Night,1286217,10482869,b003cf8c-c422-4151-9882-1e823aa344a9,223000
60,Maroon 5,0ab49580-c84f-44d4-875f-d83760ea2cfe,7,Animals,1255327,10112805,7c0ed007-5118-4086-917a-fd9cfb0d338e,231013
60,Maroon 5,0ab49580-c84f-44d4-875f-d83760ea2cfe,8,Sugar,1195279,8800821,83a1d0f8-355f-44a4-8527-7679d70c27d1,235493
60,Maroon 5,0ab49580-c84f-44d4-875f-d83760ea2cfe,9,"Moves Like Jagger - Studio Recording From ""The Voice"" Performance",1011180,5854496,c832691f-fe0c-448a-bf22-54e28335627e,202000
60,Maroon 5,0ab49580-c84f-44d4-875f-d83760ea2cfe,10,Harder to Breathe,950274,6100266,76d6ada3-19f1-4a45-bf76-b87a8d63171e,174000
60,Maroon 5,0ab49580-c84f-44d4-875f-d83760ea2cfe,11,Makes Me Wonder,870203,6526663,f6017b6e-bdcb-4f65-8b58-9fd1ca2e7edd,404000
60,Maroon 5,0ab49580-c84f-44d4-875f-d83760ea2cfe,12,Misery,862997,6854762,5c475298-76fd-4a87-8867-fa34465f1ddd,208000
60,Maroon 5,0ab49580-c84f-44d4-875f-d83760ea2cfe,13,Won't Go Home Without You,816129,6206895,3d9fad83-8b11-45ef-9688-14e78ce2e407,259000
60,Maroon 5,0ab49580-c84f-44d4-875f-d83760ea2cfe,14,She Will Be Loved - Radio Mix,784623,4776778,,
60,Maroon 5,0ab49580-c84f-44d4-875f-d83760ea2cfe,15,Memories,654144,5018841,61c3a0dc-0ddf-4b8e-a5d4-f81cc4ad7df3,189486
61,My Chemical Romance,c07f0676-9143-4217-8a9f-4c26bd636f13,1,Teenagers,2165886,24730617,298a48ae-ca98-45d3-8378-15082474f33c,171000
61,My Chemical Romance,c07f0676-9143-4217-8a9f-4c26bd636f13,2,Welcome to the Black Parade,2003486,22600956,aabb92a5-3a5f-4cfb-b670-0623300bdcc2,302000
61,My Chemical Romance,c07f0676-9143-4217-8a9f-4c26bd636f13,3,Helena,1789205,23400082,b087f4e6-7d30-43d0-8819-4a7e809ee450,
61,My Chemical Romance,c07f0676-9143-4217-8a9f-4c26bd636f13,4,I'm Not Okay (I Promise),1573388,20474090,2fb2b70d-8dd7-4f86-9106-5adc7d37762c,210000
61,My Chemical Romance,c07f0676-9143-4217-8a9f-4c26bd636f13,5,The Ghost of You,1285914,17057124,c8ebb453-fc4b-4e06-ab61-fc9d06706b70,194213
61,My Chemical Romance,c07f0676-9143-4217-8a9f-4c26bd636f13,6,I Don't Love You,1284141,15303325,4c5a5bf4-b4f0-46df-be4a-53910e3ab55c,894394
61,My Chemical Romance,c07f0676-9143-4217-8a9f-4c26bd636f13,7,Famous Last Words,1281017,15656339,4931bbfe-3cda-48b4-b185-a2603846dfb0,286000
61,My Chemical Romance,c07f0676-9143-4217-8a9f-4c26bd636f13,8,Cancer,1051704,12347320,5d9ecbb8-1c79-4899-af87-4f99f571f928,196000
61,My Chemical Romance,c07f0676-9143-4217-8a9f-4c26bd636f13,9,Dead!,1043690,13193150,7b414c58-597d-498f-b8a0-b20cf776017a,222000
61,My Chemical Romance,c07f0676-9143-4217-8a9f-4c26bd636f13,10,The Sharpest Lives,959819,11694061,2f31bd0e-2a0e-49e2-8cf0-bbb546a65685,280000
61,My Chemical Romance,c07f0676-9143-4217-8a9f-4c26bd636f13,11,Mama,930979,10947082,718fac86-d056-4555-9dec-7d9a16ae522d,329549
61,My Chemical Romance,c07f0676-9143-4217-8a9f-4c26bd636f13,12,You Know What They Do to Guys Like Us in Prison,920920,11831220,39d15a0a-9209-401f-8e9d-56a78241b3e3,244000
61,My Chemical Romance,c07f0676-9143-4217-8a9f-4c26bd636f13,13,This Is How I Disappear,874111,9722267,eabf4ab3-ef7a-4462-b71a-9f94f5c91d04,239053
61,My Chemical Romance,c07f0676-9143-4217-8a9f-4c26bd636f13,14,Thank You for the Venom,867016,10983336,565669d6-9b1c-436c-884e-cc67ffbc8798,245000
61,My Chemical Romance,c07f0676-9143-4217-8a9f-4c26bd636f13,15,Disenchanted,833985,8903849,9581d35f-1644-4264-91fb-cf9870bc423c,324000
62,TWICE,8da127cc-c432-418f-b356-ef36210d82ac,1,FANCY,818745,17620958,55407857-babb-4f04-9915-4884f6acdc63,215000
62,TWICE,8da127cc-c432-418f-b356-ef36210d82ac,2,The Feels,737313,15818062,e7df2f01-59b7-4947-b383-c78bbbf7169a,198053
62,TWICE,8da127cc-c432-418f-b356-ef36210d82ac,3,Feel Special,637930,12633441,3ad48c12-7a9b-404d-87bf-777f238417ae,221000
62,TWICE,8da127cc-c432-418f-b356-ef36210d82ac,4,I CAN'T STOP ME,637926,10980357,771b9edb-dfb1-4013-94ff-632d1b672a59,205493
62,TWICE,8da127cc-c432-418f-b356-ef36210d82ac,5,What Is Love,536828,8644075,a378614e-9462-431c-b160-cb973fb02ba7,224000
62,TWICE,8da127cc-c432-418f-b356-ef36210d82ac,6,What is Love?,509817,4917420,c38af30a-6f3f-428e-a9c2-d77d2baebaad,210000
62,TWICE,8da127cc-c432-418f-b356-ef36210d82ac,7,Talk that Talk,508997,12449499,3b1092ab-82d8-4c07-a745-8c30043bb13f,178493
62,TWICE,8da127cc-c432-418f-b356-ef36210d82ac,8,TT,501830,7993251,8e40475b-5889-4cd1-85d0-6aa6df98b42b,
62,TWICE,8da127cc-c432-418f-b356-ef36210d82ac,9,LIKEY,496847,8072173,7e9280e1-e28f-4055-97c9-5475d177999f,
62,TWICE,8da127cc-c432-418f-b356-ef36210d82ac,10,Alcohol-Free,480140,9721236,886b0846-4f05-4ef2-87ed-969eeb7fe63e,213000
62,TWICE,8da127cc-c432-418f-b356-ef36210d82ac,11,YES or YES,455692,6613440,aa6ad8e1-d16b-4044-aa79-3a6437ba689b,270000
62,TWICE,8da127cc-c432-418f-b356-ef36210d82ac,12,CRY FOR ME,455190,7389539,8954e184-8906-459f-a328-39bc7b057233,204853
62,TWICE,8da127cc-c432-418f-b356-ef36210d82ac,13,MOONLIGHT SUNRISE,445269,10943637,1441a1c9-f295-4104-a97c-50c663349f19,180000
62,TWICE,8da127cc-c432-418f-b356-ef36210d82ac,14,Dance the Night Away,437426,5967784,d54734d7-4dc3-4382-9baa-6deb8ffc5ef5,182000
62,TWICE,8da127cc-c432-418f-b356-ef36210d82ac,15,CHEER UP,430190,6081657,fe230bce-8b6d-4df0-b244-e7d6aa5cc47c,208573
63,Lil Uzi Vert,8837b875-3689-4646-b3fd-d8b53815c7a8,1,XO TOUR Llif3,1381678,23041624,8029413d-5c5c-4894-873c-7fbcaa778551,180000
63,Lil Uzi Vert,8837b875-3689-4646-b3fd-d8b53815c7a8,2,20 Min,1184172,21357620,d3751b25-067e-41f7-97d9-60669fd933a3,221000
63,Lil Uzi Vert,8837b875-3689-4646-b3fd-d8b53815c7a8,3,Just Wanna Rock,977140,12435369,a4531a5e-68c5-4be6-a8b7-157f6cac592b,146000
63,Lil Uzi Vert,8837b875-3689-4646-b3fd-d8b53815c7a8,4,The Way Life Goes (feat. Oh Wonder),885162,14868488,,
63,Lil Uzi Vert,8837b875-3689-4646-b3fd-d8b53815c7a8,5,Money Longer,691034,8263482,45b8ddfa-b336-4fe6-b8f4-bdaf12318d18,198944
63,Lil Uzi Vert,8837b875-3689-4646-b3fd-d8b53815c7a8,6,Watch This - ARIZONATEARS Pluggnb Remix,642944,7235602,,
63,Lil Uzi Vert,8837b875-3689-4646-b3fd-d8b53815c7a8,7,Neon Guts (feat. Pharrell Williams),628494,7935277,,
63,Lil Uzi Vert,8837b875-3689-4646-b3fd-d8b53815c7a8,8,Homecoming,592223,6714096,691a9d83-514a-49a8-a757-6166c6fb01da,213885
63,Lil Uzi Vert,8837b875-3689-4646-b3fd-d8b53815c7a8,9,Silly Watch,517019,6278355,0262bdd4-3e27-420c-ad79-a2b934c40b6c,195692
63,Lil Uzi Vert,8837b875-3689-4646-b3fd-d8b53815c7a8,10,Erase Your Social,506462,7201427,85be392a-fef4-4a42-9e7c-9d242979a28d,199993
63,Lil Uzi Vert,8837b875-3689-4646-b3fd-d8b53815c7a8,11,Flooded the Face,486980,6312751,bb819264-b55c-494e-be19-4bc4321ea203,193000
63,Lil Uzi Vert,8837b875-3689-4646-b3fd-d8b53815c7a8,12,Myron,481485,6094259,09980b18-23dd-4283-af65-d1df75571174,
63,Lil Uzi Vert,8837b875-3689-4646-b3fd-d8b53815c7a8,13,Sauce It Up,449876,5349901,7e765e46-2bea-4843-b13c-cfc5fa9f64a4,207000
63,Lil Uzi Vert,8837b875-3689-4646-b3fd-d8b53815c7a8,14,Sanguine Paradise,445693,6169888,5d02cafc-0913-4853-a056-60ac0b0704d9,244000
63,Lil Uzi Vert,8837b875-3689-4646-b3fd-d8b53815c7a8,15,Baby Pluto,415755,5150194,cbe2d20d-3df8-4f70-ba4d-e2ced024f679,210261
64,Cigarettes After Sex,34557d8f-ee4a-44ab-ae6e-49bb8ac604d0,1,Apocalypse,1902260,37324212,839cfb8e-9d3f-4ea5-a695-d964e25025fd,206066
64,Cigarettes After Sex,34557d8f-ee4a-44ab-ae6e-49bb8ac604d0,2,Sunsetz,1418744,23121610,ad97c14b-59b7-4545-9b27-d858394e5dd0,214000
64,Cigarettes After Sex,34557d8f-ee4a-44ab-ae6e-49bb8ac604d0,3,K.,1368336,23452828,b35f707a-f06d-47a1-bf34-51f60cbac473,319000
64,Cigarettes After Sex,34557d8f-ee4a-44ab-ae6e-49bb8ac604d0,4,Cry,1236275,21466045,470c0abc-b276-4a01-95b6-79326e0a4e7f,256800
64,Cigarettes After Sex,34557d8f-ee4a-44ab-ae6e-49bb8ac604d0,5,Sweet,1167989,17764807,9361a21e-c304-402d-9383-b114a538fc4f,291000
64,Cigarettes After Sex,34557d8f-ee4a-44ab-ae6e-49bb8ac604d0,6,Nothing's Gonna Hurt You Baby,1053420,12429193,a91bb323-f019-4897-a2c5-4c64408ddfa6,286293
64,Cigarettes After Sex,34557d8f-ee4a-44ab-ae6e-49bb8ac604d0,7,Heavenly,909964,12429836,53daeb29-a4e4-4da7-8d9b-3066c67b5a0b,286773
64,Cigarettes After Sex,34557d8f-ee4a-44ab-ae6e-49bb8ac604d0,8,John Wayne,640724,7709025,5fcd9ee6-8fa0-49a5-ba8d-65070de8541b,258000
64,Cigarettes After Sex,34557d8f-ee4a-44ab-ae6e-49bb8ac604d0,9,Touch,632566,7020189,7d511839-beaf-42b4-8b36-e674ddc90cc3,292853
64,Cigarettes After Sex,34557d8f-ee4a-44ab-ae6e-49bb8ac604d0,10,Falling in Love,584355,6581612,9fca824b-9067-49b3-9964-53d4d34f07b1,245840
64,Cigarettes After Sex,34557d8f-ee4a-44ab-ae6e-49bb8ac604d0,11,You're All I Want,580352,5747205,950dce65-0860-48fc-a00f-8cc9521fff72,264453
64,Cigarettes After Sex,34557d8f-ee4a-44ab-ae6e-49bb8ac604d0,12,Each Time You Fall in Love,540196,5963387,f0ca38ca-5666-41cf-a6a4-bf8842476bd0,
64,Cigarettes After Sex,34557d8f-ee4a-44ab-ae6e-49bb8ac604d0,13,Crush,487567,4732856,8a3eeb0a-6bf5-428f-a7da-caeefef1a82e,264000
64,Cigarettes After Sex,34557d8f-ee4a-44ab-ae6e-49bb8ac604d0,14,Opera House,466305,4866169,8d0d6dd6-c73e-4e52-a894-c7c82c5a2004,364000
64,Cigarettes After Sex,34557d8f-ee4a-44ab-ae6e-49bb8ac604d0,15,Pistol,461253,4709423,34f2fea6-7e73-4939-ab96-f45f072a8b54,234174
65,Bad Bunny,89aa5ecb-59ad-46f5-b3eb-2d424e941f19,1,DtMF,734891,8948664,5098d5cd-7f48-4cd7-8928-43e4f84cae0f,237000
65,Bad Bunny,89aa5ecb-59ad-46f5-b3eb-2d424e941f19,2,Tití Me Preguntó,678635,9177930,8e34e6aa-126e-46f3-a7fd-e6761dd2fef2,229000
65,Bad Bunny,89aa5ecb-59ad-46f5-b3eb-2d424e941f19,3,Me Porto Bonito,629194,8882828,aaab6788-00a8-4f91-9bd2-dfb77cefc3c2,178000
65,Bad Bunny,89aa5ecb-59ad-46f5-b3eb-2d424e941f19,4,NUEVAYoL,583580,6789273,c5eee37f-9f97-48c9-b2e9-ffd20a6bb06e,183685
65,Bad Bunny,89aa5ecb-59ad-46f5-b3eb-2d424e941f19,5,BAILE INoLVIDABLE,525812,7010127,587289b2-90f4-4aea-b3c4-8a0aee6bf661,367725
65,Bad Bunny,89aa5ecb-59ad-46f5-b3eb-2d424e941f19,6,DÁKITI,514360,6936082,b6e10c60-9abb-4b67-860b-876d2a2eeaec,205000
65,Bad Bunny,89aa5ecb-59ad-46f5-b3eb-2d424e941f19,7,Moscow Mule,510717,7917597,5c7cee55-714f-4acd-9bad-c8e6d48f8bbd,226000
65,Bad Bunny,89aa5ecb-59ad-46f5-b3eb-2d424e941f19,8,VOY A LLeVARTE PA PR,461284,5793132,b7949cc8-4f21-4232-a55a-250cb2a03779,156000
65,Bad Bunny,89aa5ecb-59ad-46f5-b3eb-2d424e941f19,9,Ojitos Lindos,453544,6826000,40f1bb4f-44e0-435b-b0e0-31c0b0d29b2d,258000
65,Bad Bunny,89aa5ecb-59ad-46f5-b3eb-2d424e941f19,10,Otro Atardecer,438805,5668077,8a28bab4-c56c-40da-b4f7-2c3c734082e1,244000
65,Bad Bunny,89aa5ecb-59ad-46f5-b3eb-2d424e941f19,11,EoO,438363,5461688,d57ffa1d-4670-4627-a2ff-b4d39e282a85,204768
65,Bad Bunny,89aa5ecb-59ad-46f5-b3eb-2d424e941f19,12,Callaita,420059,4975865,3f288b3a-3270-4984-9638-201c4d6754d3,250649
65,Bad Bunny,89aa5ecb-59ad-46f5-b3eb-2d424e941f19,13,Efecto,417777,6084501,782ee794-afb3-4adb-a1d7-c6fdc1d945de,213000
65,Bad Bunny,89aa5ecb-59ad-46f5-b3eb-2d424e941f19,14,MONACO,393090,4201625,8e85f0b4-cfb4-4bcd-94dd-003c4d8b8e28,440000
65,Bad Bunny,89aa5ecb-59ad-46f5-b3eb-2d424e941f19,15,Neverita,387861,5460321,0b500297-1d57-4934-b620-9f8d2612d19e,173000
66,System of a Down,cc0b7089-c08d-4c10-b6b0-873582c17fd6,1,Chop Suey!,2605521,31792990,a4093501-5140-4a42-835f-265ef1dca159,
66,System of a Down,cc0b7089-c08d-4c10-b6b0-873582c17fd6,2,Toxicity,2393708,26609223,a8b8cc70-00be-4efb-8f12-82244d6c97aa,220000
66,System of a Down,cc0b7089-c08d-4c10-b6b0-873582c17fd6,3,Lonely Day,2041054,22886438,69e70147-0470-4afd-8088-729e4e7ef37a,167000
66,System of a Down,cc0b7089-c08d-4c10-b6b0-873582c17fd6,4,Aerials,1966128,20233100,d585c548-4033-471d-95c7-b0eee97dd83f,203000
66,System of a Down,cc0b7089-c08d-4c10-b6b0-873582c17fd6,5,B.Y.O.B.,1629687,16563240,5b07636e-5058-49ae-81a7-ed5eac8b5705,261000
66,System of a Down,cc0b7089-c08d-4c10-b6b0-873582c17fd6,6,Sugar,1350169,13970939,7c63b68e-98b1-4332-94be-b50ca3de76c3,154000
66,System of a Down,cc0b7089-c08d-4c10-b6b0-873582c17fd6,7,Hypnotize,1251706,10346222,67e5105d-3a32-4516-a68a-64e77ad0372e,
66,System of a Down,cc0b7089-c08d-4c10-b6b0-873582c17fd6,8,ATWA,1211628,9863543,fac34c7d-666e-497b-8bfa-0b8e0dfc3415,167000
66,System of a Down,cc0b7089-c08d-4c10-b6b0-873582c17fd6,9,Prison Song,1186462,9578011,a60e6338-b9a4-4f2d-81bc-10d371fcfd28,74000
66,System of a Down,cc0b7089-c08d-4c10-b6b0-873582c17fd6,10,Violent Pornography,1181098,10614702,5d3306c1-51b3-4a19-a1ec-27716dd8c4cd,211000
66,System of a Down,cc0b7089-c08d-4c10-b6b0-873582c17fd6,11,Deer Dance,1079089,8624854,23b5d9af-e5b5-4085-8ee3-4409b03b5f1f,206000
66,System of a Down,cc0b7089-c08d-4c10-b6b0-873582c17fd6,12,Cigaro,1067187,9264243,007de677-3174-4520-86c0-d35ffc3069f1,131706
66,System of a Down,cc0b7089-c08d-4c10-b6b0-873582c17fd6,13,Radio/Video,982139,8709591,7de49743-ced4-47dd-b190-ee2e0b1470fc,254000
66,System of a Down,cc0b7089-c08d-4c10-b6b0-873582c17fd6,14,Question!,975921,7832891,7ec47081-74a1-4538-9367-96ac254ccc79,235000
66,System of a Down,cc0b7089-c08d-4c10-b6b0-873582c17fd6,15,Forest,956800,6888856,caaf2207-79a0-445d-a85d-cf3ab7ea4e1a,
67,The Strokes,f181961b-20f7-459e-89de-920ef03c7ed0,1,Reptilia,2383208,25936630,8d60813d-a495-4c15-8067-af82b57ee9cb,
67,The Strokes,f181961b-20f7-459e-89de-920ef03c7ed0,2,Someday,2208401,23498413,104861ef-07a7-4d1f-8811-1b5e79fb4e2c,
67,The Strokes,f181961b-20f7-459e-89de-920ef03c7ed0,3,Last Nite,2011893,19837546,686af23d-c57c-4923-a2f2-05012a4472d1,
67,The Strokes,f181961b-20f7-459e-89de-920ef03c7ed0,4,You Only Live Once,1582322,16885330,c7a994fa-617a-4636-8b2a-da957349d68d,186000
67,The Strokes,f181961b-20f7-459e-89de-920ef03c7ed0,5,The Adults Are Talking,1464764,24918683,ceb67619-cc26-4f7f-815b-7e702f243a39,285000
67,The Strokes,f181961b-20f7-459e-89de-920ef03c7ed0,6,Hard to Explain,1452449,13933342,0d4f6d59-2762-4e85-9d83-2b504b84b277,
67,The Strokes,f181961b-20f7-459e-89de-920ef03c7ed0,7,Is This It,1412672,13936634,3ecc20ef-bf12-4a88-8573-dba78320a593,145986
67,The Strokes,f181961b-20f7-459e-89de-920ef03c7ed0,8,The Modern Age,1098049,9219660,af74bced-53e0-4ef4-b358-47fa2baf1c1b,214000
67,The Strokes,f181961b-20f7-459e-89de-920ef03c7ed0,9,12:51,1098022,10585448,4149fdc2-b619-4692-88e7-42eb7745763c,
67,The Strokes,f181961b-20f7-459e-89de-920ef03c7ed0,10,Barely Legal,1061153,9071364,3838dcf8-8592-4fef-9428-e1fcde17407a,250080
67,The Strokes,f181961b-20f7-459e-89de-920ef03c7ed0,11,Soma,1021704,8451159,c5b098e2-206d-4e28-8f83-38fd2c859176,176000
67,The Strokes,f181961b-20f7-459e-89de-920ef03c7ed0,12,Under Cover of Darkness,990011,10466024,1917599b-c749-46a2-ae98-3cbd494aaaf4,
67,The Strokes,f181961b-20f7-459e-89de-920ef03c7ed0,13,Automatic Stop,985960,7476688,67f3edb0-df9b-4dd1-bf96-35293ffa7b57,206960
67,The Strokes,f181961b-20f7-459e-89de-920ef03c7ed0,14,"Call It Fate, Call It Karma",970043,12763476,f77547b6-b113-485b-a327-1ecb3325c47a,204752
67,The Strokes,f181961b-20f7-459e-89de-920ef03c7ed0,15,Heart In a Cage,921405,7919238,fe624bdc-ad59-45b5-8071-3b15b5a726af,203000
68,Red Hot Chili Peppers,8bfac288-ccc5-448d-9573-c33ea2aa5c30,1,Californication,2886228,26259602,e22b60f6-c398-42b4-94eb-5015baea3203,314000
68,Red Hot Chili Peppers,8bfac288-ccc5-448d-9573-c33ea2aa5c30,2,Under the Bridge,2641360,23484283,0777c7a9-b025-4319-98f6-c0d5cea19a18,290000
68,Red Hot Chili Peppers,8bfac288-ccc5-448d-9573-c33ea2aa5c30,3,Scar Tissue,2619857,25398014,15ab4385-88ae-4901-886f-db547f25ff53,211293
68,Red Hot Chili Peppers,8bfac288-ccc5-448d-9573-c33ea2aa5c30,4,Otherside,2351748,21390780,a192f432-99e5-4cd7-9eee-6a4c56a18f1e,265000
68,Red Hot Chili Peppers,8bfac288-ccc5-448d-9573-c33ea2aa5c30,5,Can't Stop,2342323,23803758,b17c7cc5-34df-4742-a152-b7651657c156,293000
68,Red Hot Chili Peppers,8bfac288-ccc5-448d-9573-c33ea2aa5c30,6,Dani California,2140458,18909906,dc920bec-ddef-47b4-9134-266648096231,294000
68,Red Hot Chili Peppers,8bfac288-ccc5-448d-9573-c33ea2aa5c30,7,By the Way,1832193,15528782,5c2214e2-95ad-47f8-8da2-7105135c2cfb,235000
68,Red Hot Chili Peppers,8bfac288-ccc5-448d-9573-c33ea2aa5c30,8,Snow (Hey Oh),1567092,14030688,db2ade2c-9345-4940-9bfd-733606da7067,351449
68,Red Hot Chili Peppers,8bfac288-ccc5-448d-9573-c33ea2aa5c30,9,Give It Away,1376207,8901274,c1ab1d60-edd7-4561-b69e-533dba892302,453933
68,Red Hot Chili Peppers,8bfac288-ccc5-448d-9573-c33ea2aa5c30,10,Around the World,1184603,7950941,a36c916f-15f9-4b8c-95ed-04156cce7934,231400
68,Red Hot Chili Peppers,8bfac288-ccc5-448d-9573-c33ea2aa5c30,11,The Zephyr Song,1182815,8995564,6fefd499-2c8e-45e5-aa91-e37d80ec17ff,243000
68,Red Hot Chili Peppers,8bfac288-ccc5-448d-9573-c33ea2aa5c30,12,Parallel Universe,1088612,6725133,73d59d52-a4e4-4a34-b6e2-e54c3409ed1a,334000
68,Red Hot Chili Peppers,8bfac288-ccc5-448d-9573-c33ea2aa5c30,13,Road Trippin',1035307,6277457,76ecba2f-1ebe-4f44-9ee3-b8fe3fabc04a,357933
68,Red Hot Chili Peppers,8bfac288-ccc5-448d-9573-c33ea2aa5c30,14,Tell Me Baby,971045,6672584,b9297cda-cee0-4ff8-b675-e201e8ef5ebf,
68,Red Hot Chili Peppers,8bfac288-ccc5-448d-9573-c33ea2aa5c30,15,Suck My Kiss,960539,5773293,8e4ab70b-7c6f-4b6d-9c8a-a4e955f83b3e,370866
69,twenty one pilots,a6c6897a-7415-4f8d-b5a5-3a5e05f3be67,1,Stressed Out,1756847,19180850,57253ea8-04f3-41dc-b222-e69f1c7e8520,283995
69,twenty one pilots,a6c6897a-7415-4f8d-b5a5-3a5e05f3be67,2,Ride,1413189,14239083,65006b71-e166-4e94-b5a9-5cb1b1a9b58d,266977
69,twenty one pilots,a6c6897a-7415-4f8d-b5a5-3a5e05f3be67,3,Heathens,1273504,11655230,53ef2da3-8230-4fd4-8da1-99922b7126a2,195000
69,twenty one pilots,a6c6897a-7415-4f8d-b5a5-3a5e05f3be67,4,Tear in My Heart,957396,10472764,34c23bc2-755f-48bb-835e-1d54ac24ac30,141766
69,twenty one pilots,a6c6897a-7415-4f8d-b5a5-3a5e05f3be67,5,Heavydirtysoul,676138,7716969,151f50cc-622a-4aaf-8df8-f5e80159927c,245000
69,twenty one pilots,a6c6897a-7415-4f8d-b5a5-3a5e05f3be67,6,Chlorine,664577,8417064,c9995761-9989-412b-a327-400c257b5f5b,319000
69,twenty one pilots,a6c6897a-7415-4f8d-b5a5-3a5e05f3be67,7,Doubt,624596,6522703,c4c6251b-44b5-478e-b806-3401488d1070,244287
69,twenty one pilots,a6c6897a-7415-4f8d-b5a5-3a5e05f3be67,8,Car Radio,623251,7567827,ff21a789-0093-4853-959a-f848ffc09e59,301000
69,twenty one pilots,a6c6897a-7415-4f8d-b5a5-3a5e05f3be67,9,House of Gold,533986,5049002,a647fa50-e546-4dfb-848a-ff7a7a23a377,184000
69,twenty one pilots,a6c6897a-7415-4f8d-b5a5-3a5e05f3be67,10,My Blood,485724,6459123,6537cbfb-1807-4a70-9563-8b63b119e594,235964
69,twenty one pilots,a6c6897a-7415-4f8d-b5a5-3a5e05f3be67,11,Jumpsuit,478489,6223160,996b97e9-a4d1-4646-8e5b-290b1bcd479b,284000
69,twenty one pilots,a6c6897a-7415-4f8d-b5a5-3a5e05f3be67,12,Lane Boy,472214,4867835,2f8be966-7625-4560-af9b-623dd8045e31,306048
69,twenty one pilots,a6c6897a-7415-4f8d-b5a5-3a5e05f3be67,13,Holding on to You,456225,6007399,f029d08e-cdc3-4381-a3b1-f45fd9240eb1,488827
69,twenty one pilots,a6c6897a-7415-4f8d-b5a5-3a5e05f3be67,14,Migraine,456194,5395356,35766243-a040-4fbd-95ef-0b787999f6d4,239000
69,twenty one pilots,a6c6897a-7415-4f8d-b5a5-3a5e05f3be67,15,Fairly Local,425668,4177424,f0d2a915-d8ae-4197-bed9-8ef0da76e71f,151000
70,Eminem,b95ce3ff-3d05-4e87-9e01-c97b66af13d4,1,Without Me,2186464,19618638,b548f235-4751-4996-a25b-8cbb1824420c,106000
70,Eminem,b95ce3ff-3d05-4e87-9e01-c97b66af13d4,2,The Real Slim Shady,2130149,16990706,545fc53a-613d-49c5-a0fc-1e5e1b5e6021,
70,Eminem,b95ce3ff-3d05-4e87-9e01-c97b66af13d4,3,Lose Yourself,1681905,13044565,83829a95-18a1-4df8-b390-d51ca9e93257,405946
70,Eminem,b95ce3ff-3d05-4e87-9e01-c97b66af13d4,4,Mockingbird,1592806,13789848,badebed5-e36e-4a9e-a496-456810fedfb2,218000
70,Eminem,b95ce3ff-3d05-4e87-9e01-c97b66af13d4,5,Stan,1546323,12339995,2c3b56fe-2347-4349-9a7e-479769872b9b,459200
70,Eminem,b95ce3ff-3d05-4e87-9e01-c97b66af13d4,6,Love the Way You Lie,1467475,10984151,460cc251-8e19-4996-bb26-d386a4553ef3,
70,Eminem,b95ce3ff-3d05-4e87-9e01-c97b66af13d4,7,My Name Is,1259796,7401464,136c6183-7bbb-465a-9409-68ca8c75d4f5,104480
70,Eminem,b95ce3ff-3d05-4e87-9e01-c97b66af13d4,8,Not Afraid,1250683,10495529,6ee90a1b-ad17-4086-85bd-8c8a1be87ef6,251000
70,Eminem,b95ce3ff-3d05-4e87-9e01-c97b66af13d4,9,Superman,1167553,9642681,9f41ff31-d86e-4a8a-bf05-22e132f99d85,286000
70,Eminem,b95ce3ff-3d05-4e87-9e01-c97b66af13d4,10,Sing for the Moment,1076810,7695926,ff45867c-7add-4249-8438-c1c5ced92957,
70,Eminem,b95ce3ff-3d05-4e87-9e01-c97b66af13d4,11,The Monster,1000905,7067242,b71b5926-bc37-4af2-b699-992de6d58219,249560
70,Eminem,b95ce3ff-3d05-4e87-9e01-c97b66af13d4,12,The Way I Am,985219,6774971,f32e8c77-5ab2-4e21-9c0e-7a19d7ef2483,276640
70,Eminem,b95ce3ff-3d05-4e87-9e01-c97b66af13d4,13,Godzilla (feat. Juice WRLD),880645,10346890,,
70,Eminem,b95ce3ff-3d05-4e87-9e01-c97b66af13d4,14,Rap God,864267,6965426,b023e866-6fac-4839-b7d8-95075574309a,
70,Eminem,b95ce3ff-3d05-4e87-9e01-c97b66af13d4,15,Till I Collapse,766622,6028524,af55867a-05d8-4ee7-b94c-34dc39eab387,249000
71,Metro Boomin,59db3d82-86ea-451f-881f-dffc8ec387c9,1,Creepin' (with The Weeknd & 21 Savage),1160668,16731241,,
71,Metro Boomin,59db3d82-86ea-451f-881f-dffc8ec387c9,2,Too Many Nights (feat. Don Toliver & with Future),982668,19681452,,
71,Metro Boomin,59db3d82-86ea-451f-881f-dffc8ec387c9,3,Trance (with Travis Scott & Young Thug),913487,17921475,,
71,Metro Boomin,59db3d82-86ea-451f-881f-dffc8ec387c9,4,Superhero (Heroes & Villains) [with Future & Chris Brown],877258,14171237,b02d506c-7c8b-45a5-8253-6338a39090ed,
71,Metro Boomin,59db3d82-86ea-451f-881f-dffc8ec387c9,5,Space Cadet (feat. Gunna),840661,10194308,,
71,Metro Boomin,59db3d82-86ea-451f-881f-dffc8ec387c9,6,Overdue (with Travis Scott),756782,12428420,,
71,Metro Boomin,59db3d82-86ea-451f-881f-dffc8ec387c9,7,10 Freaky Girls (with 21 Savage),651485,8772779,,
71,Metro Boomin,59db3d82-86ea-451f-881f-dffc8ec387c9,8,Around Me (feat. Don Toliver),612149,9601667,,
71,Metro Boomin,59db3d82-86ea-451f-881f-dffc8ec387c9,9,I Can't Save You (Interlude) [with Future & feat. Don Toliver],578798,8237808,,
71,Metro Boomin,59db3d82-86ea-451f-881f-dffc8ec387c9,10,Niagara Falls (Foot or 2) [with Travis Scott & 21 Savage],555172,7972512,,
71,Metro Boomin,59db3d82-86ea-451f-881f-dffc8ec387c9,11,"Am I Dreaming (Metro Boomin & A$AP Rocky, Roisee)",545268,7351847,,
71,Metro Boomin,59db3d82-86ea-451f-881f-dffc8ec387c9,12,Raindrops (Insane) [with Travis Scott],523437,7288972,,
71,Metro Boomin,59db3d82-86ea-451f-881f-dffc8ec387c9,13,Feel the Fiyaaaah (with A$AP Rocky & feat. Takeoff),464278,6112790,,
71,Metro Boomin,59db3d82-86ea-451f-881f-dffc8ec387c9,14,"Annihilate (Spider-Man: Across the Spider-Verse) (Metro Boomin & Swae Lee, Lil Wayne, Offset)",453370,4988712,,
71,Metro Boomin,59db3d82-86ea-451f-881f-dffc8ec387c9,15,"Calling (Spider-Man: Across the Spider-Verse) (Metro Boomin & Swae Lee, NAV, feat. A Boogie Wit da Hoodie)",443911,4626427,,
72,Green Day,084308bd-1654-436f-ba03-df6697104e19,1,Basket Case,2414785,21084772,ba29d0bf-3806-47f1-ae94-f4a978f254df,172866
72,Green Day,084308bd-1654-436f-ba03-df6697104e19,2,American Idiot,2398119,22206442,ed56570d-a9f3-4b2d-afd6-88cd75b02594,252000
72,Green Day,084308bd-1654-436f-ba03-df6697104e19,3,Boulevard of Broken Dreams,2244676,18416609,b3cf0833-61de-45f0-b713-15db7a859f6f,284960
72,Green Day,084308bd-1654-436f-ba03-df6697104e19,4,Wake Me Up When September Ends,1985165,15930738,d711eca0-9ea5-4fe9-9173-d8c0b1a5eb0d,283000
72,Green Day,084308bd-1654-436f-ba03-df6697104e19,5,When I Come Around,1688677,12933909,96a0c4b4-339c-4ee9-9061-ac91c9019e9c,498760
72,Green Day,084308bd-1654-436f-ba03-df6697104e19,6,Holiday,1574549,12308059,a4b0cbc1-ab2f-4944-8b89-ca2ee2a301a9,258000
72,Green Day,084308bd-1654-436f-ba03-df6697104e19,7,Good Riddance (Time of Your Life),1421302,11790988,ff5a4809-40b4-47a0-837e-68c3a7dc9503,
72,Green Day,084308bd-1654-436f-ba03-df6697104e19,8,21 Guns,1274866,11232568,08046a90-9087-40aa-8e11-483336bd1523,321373
72,Green Day,084308bd-1654-436f-ba03-df6697104e19,9,Brain Stew,1244761,10603557,0b6b80bf-c7b6-489a-98ba-5ef3c25fdc90,
72,Green Day,084308bd-1654-436f-ba03-df6697104e19,10,Welcome to Paradise,1059497,7846092,37e6195d-d620-4d9f-b9f5-820a5dc49318,220373
72,Green Day,084308bd-1654-436f-ba03-df6697104e19,11,Jesus of Suburbia,952273,7830251,a7ffaf81-8418-478d-ba2a-fcbd2e999ec2,
72,Green Day,084308bd-1654-436f-ba03-df6697104e19,12,She,882079,6067373,d6fd6242-52b4-47fb-a150-4e09966a3702,
72,Green Day,084308bd-1654-436f-ba03-df6697104e19,13,Longview,859472,5892344,abae2f5a-916b-44a8-b45e-e3bdb6ea5e37,
72,Green Day,084308bd-1654-436f-ba03-df6697104e19,14,Whatsername,681746,5292661,badc7d8d-0de0-4379-b0e9-a8c91b92d1ef,252000
72,Green Day,084308bd-1654-436f-ba03-df6697104e19,15,Know Your Enemy,669129,5358312,8df835aa-3d17-4b4e-87f3-4ac2dfe63e71,204000
73,The Cure,69ee3720-a7cb-4402-b48d-a02c366f2bcf,1,Friday I'm in Love,2179086,20926947,739fea2e-ef6c-4556-8401-0657a04d924a,
73,The Cure,69ee3720-a7cb-4402-b48d-a02c366f2bcf,2,Boys Don't Cry,2167962,23576923,51978295-e073-4e49-8c7a-c9283e070c48,155093
73,The Cure,69ee3720-a7cb-4402-b48d-a02c366f2bcf,3,Just Like Heaven,2163380,24228935,5d5200a4-1341-4bf7-9379-226c17e531b6,252306
73,The Cure,69ee3720-a7cb-4402-b48d-a02c366f2bcf,4,Close to Me,1299892,9837257,3e42b8a5-9186-4971-bcfb-f2d3b7ae6323,206000
73,The Cure,69ee3720-a7cb-4402-b48d-a02c366f2bcf,5,Lullaby,1024257,7875105,e0dc2577-297a-436d-8175-7ad513f38e12,248000
73,The Cure,69ee3720-a7cb-4402-b48d-a02c366f2bcf,6,A Forest,1012108,7736772,ca76eb3b-52a6-4678-bf3c-aaac8a47c2fd,406173
73,The Cure,69ee3720-a7cb-4402-b48d-a02c366f2bcf,7,The Lovecats,879148,5975727,5ba073e7-9c96-4eb5-9a2f-8fcd3a0dcd70,275893
73,The Cure,69ee3720-a7cb-4402-b48d-a02c366f2bcf,8,Lovesong,849585,6127141,68ab8768-9abb-409a-9e64-639759d375e2,213655
73,The Cure,69ee3720-a7cb-4402-b48d-a02c366f2bcf,9,Inbetween Days,743828,5726896,83e1ea47-f858-41ea-8a54-de5ca4417830,209031
73,The Cure,69ee3720-a7cb-4402-b48d-a02c366f2bcf,10,Pictures of You,738288,5159202,01d46542-bb9c-472a-acdc-85abb1c4054d,447080
73,The Cure,69ee3720-a7cb-4402-b48d-a02c366f2bcf,11,Let's Go to Bed,704621,5178266,2badc079-ec7d-461b-afbb-ce26b953f030,214333
73,The Cure,69ee3720-a7cb-4402-b48d-a02c366f2bcf,12,Lovesong - Remastered,641549,6510493,,
73,The Cure,69ee3720-a7cb-4402-b48d-a02c366f2bcf,13,High,635295,3426890,3a0ec796-8cd6-4a0b-871a-ae800bc7effc,217652
73,The Cure,69ee3720-a7cb-4402-b48d-a02c366f2bcf,14,Why Can't I Be You?,602622,3534491,df6106df-6e6e-4688-8e2f-ddc1e1810bd0,
73,The Cure,69ee3720-a7cb-4402-b48d-a02c366f2bcf,15,A Letter to Elise,515284,3320874,a1605217-59b4-4a5c-96d0-fb02ae67742e,290733
74,Post Malone,b1e26560-60e5-4236-bbdb-9aa5a8d5ee19,1,Sunflower - Spider-Man: Into the Spider-Verse,1649932,24284425,,
74,Post Malone,b1e26560-60e5-4236-bbdb-9aa5a8d5ee19,2,Circles,1413794,20389464,a02e147c-18d3-4d2a-aa3d-4444ce90b517,215277
74,Post Malone,b1e26560-60e5-4236-bbdb-9aa5a8d5ee19,3,rockstar (feat. 21 Savage),1135742,12131137,,
74,Post Malone,b1e26560-60e5-4236-bbdb-9aa5a8d5ee19,4,Congratulations,1035379,10279389,18b9ead9-ad4d-47ce-9bea-a248b88e8734,270000
74,Post Malone,b1e26560-60e5-4236-bbdb-9aa5a8d5ee19,5,Better Now,1002276,11153059,2b632288-0cca-4cc8-85cc-8272f862920e,231261
74,Post Malone,b1e26560-60e5-4236-bbdb-9aa5a8d5ee19,6,Wow.,876945,9891531,afa29727-df4c-4c73-9116-fda1d0d235a4,149520
74,Post Malone,b1e26560-60e5-4236-bbdb-9aa5a8d5ee19,7,White Iverson,744309,7676098,583c097a-20fa-4c3b-ad54-52ba36521c44,256531
74,Post Malone,b1e26560-60e5-4236-bbdb-9aa5a8d5ee19,8,I Like You (A Happier Song) (with Doja Cat),726061,7610712,,
74,Post Malone,b1e26560-60e5-4236-bbdb-9aa5a8d5ee19,9,I Fall Apart,708700,7371514,62da8490-45f6-4cbd-87ac-e2609d1f754f,223350
74,Post Malone,b1e26560-60e5-4236-bbdb-9aa5a8d5ee19,10,Goodbyes (feat. Young Thug),684864,8519410,,
74,Post Malone,b1e26560-60e5-4236-bbdb-9aa5a8d5ee19,11,Psycho (feat. Ty Dolla $ign),679431,7035560,,
74,Post Malone,b1e26560-60e5-4236-bbdb-9aa5a8d5ee19,12,One Right Now (with The Weeknd),613904,6239226,,
74,Post Malone,b1e26560-60e5-4236-bbdb-9aa5a8d5ee19,13,I Had Some Help (feat. Morgan Wallen),610220,6807047,,
74,Post Malone,b1e26560-60e5-4236-bbdb-9aa5a8d5ee19,14,Take What You Want (feat. Ozzy Osbourne & Travis Scott),575603,6532897,,
74,Post Malone,b1e26560-60e5-4236-bbdb-9aa5a8d5ee19,15,Go Flex,557582,6246698,8bc81149-7ec5-4ae5-994d-e23f7b732320,181000
75,Hozier,b4691384-50c3-4afd-9988-51d3ec5db65d,1,Take Me to Church,2085728,25989611,c11179f1-046a-4716-8315-95a8f50bc830,
75,Hozier,b4691384-50c3-4afd-9988-51d3ec5db65d,2,Too Sweet,1275526,18768583,abc45ef4-a3a9-42bb-a14c-09c77f26936d,251424
75,Hozier,b4691384-50c3-4afd-9988-51d3ec5db65d,3,Work Song,943260,12131713,53c36f52-0b75-4959-ab35-c7b731ad4cce,230000
75,Hozier,b4691384-50c3-4afd-9988-51d3ec5db65d,4,Like Real People Do,928373,12562554,5c4b8241-b0a1-41f6-aa90-7153fc90fbb0,231000
75,Hozier,b4691384-50c3-4afd-9988-51d3ec5db65d,5,Someone New,925524,9967839,d67a2852-638a-4924-b784-1260a1b77264,263383
75,Hozier,b4691384-50c3-4afd-9988-51d3ec5db65d,6,From Eden,785384,8399645,1ef6a6d8-41de-4aae-b400-5e23690aaf96,283466
75,Hozier,b4691384-50c3-4afd-9988-51d3ec5db65d,7,Cherry Wine - Live,745143,9341060,,
75,Hozier,b4691384-50c3-4afd-9988-51d3ec5db65d,8,Jackie and Wilson,625604,7616700,10ca00e2-4132-411b-87cb-401165cecac6,223120
75,Hozier,b4691384-50c3-4afd-9988-51d3ec5db65d,9,Would That I,623195,8669345,1fc1ce98-1a82-48e8-a2a9-81cb8d56f69a,268293
75,Hozier,b4691384-50c3-4afd-9988-51d3ec5db65d,10,Almost (Sweet Music),562682,6647123,18fc91e7-a675-4951-818b-7998e6d5c4fd,218000
75,Hozier,b4691384-50c3-4afd-9988-51d3ec5db65d,11,Eat Your Young,556113,7092982,fb9d68d2-d492-4680-a4c3-4dde04189871,242293
75,Hozier,b4691384-50c3-4afd-9988-51d3ec5db65d,12,Movement,461151,4941401,754104a2-a7d2-421f-84c7-f5a6cd144f76,252290
75,Hozier,b4691384-50c3-4afd-9988-51d3ec5db65d,13,Arsonist's Lullabye,410559,3311232,f861bd59-ac75-408d-9adc-e4ee89203ed9,266613
75,Hozier,b4691384-50c3-4afd-9988-51d3ec5db65d,14,Shrike,377086,3734481,525084ae-0a09-493c-9454-7944d515e774,298880
75,Hozier,b4691384-50c3-4afd-9988-51d3ec5db65d,15,"Wasteland, Baby!",372954,4864600,b7011c1f-60cc-4611-8f08-01c33b768734,266467
76,Daft Punk,056e4f3e-d505-4dad-8ec1-d04f521cbb56,1,One More Time,2200416,17512155,d1c944a9-704e-4401-8f4c-c50625cfd3d6,179946
76,Daft Punk,056e4f3e-d505-4dad-8ec1-d04f521cbb56,2,"Harder, Better, Faster, Stronger",1728831,15129342,162acc03-b432-45d9-9db8-1117f6c30ddb,195360
76,Daft Punk,056e4f3e-d505-4dad-8ec1-d04f521cbb56,3,Around the World,1621363,10431797,c8698a5f-987c-4458-a304-c12e749154bc,245000
76,Daft Punk,056e4f3e-d505-4dad-8ec1-d04f521cbb56,4,Something About Us,1469361,13612113,5b10deac-1257-43f1-8716-50dd976f3f59,221373
76,Daft Punk,056e4f3e-d505-4dad-8ec1-d04f521cbb56,5,Digital Love,1407803,12192413,75ea0cd7-41aa-433c-b8c4-fbbd49f21442,266000
76,Daft Punk,056e4f3e-d505-4dad-8ec1-d04f521cbb56,6,Aerodynamic,1279860,9313969,1a592963-4193-496d-9725-a34de1d81626,194000
76,Daft Punk,056e4f3e-d505-4dad-8ec1-d04f521cbb56,7,Veridis Quo,1106388,8630723,06515e28-7a02-4b52-843d-369a923e5211,
76,Daft Punk,056e4f3e-d505-4dad-8ec1-d04f521cbb56,8,Voyager,1016783,7034788,3e89e2fa-8e35-4573-988a-c572c95af692,227920
76,Daft Punk,056e4f3e-d505-4dad-8ec1-d04f521cbb56,9,Face to Face,994276,7758562,d70c0bbe-d4fa-44f7-a700-5d171550a96b,198333
76,Daft Punk,056e4f3e-d505-4dad-8ec1-d04f521cbb56,10,Da Funk,966317,5543679,27b2066e-1f29-4958-8474-9f6aca75e7f6,438000
76,Daft Punk,056e4f3e-d505-4dad-8ec1-d04f521cbb56,11,Instant Crush (feat. Julian Casablancas),964191,12821987,,
76,Daft Punk,056e4f3e-d505-4dad-8ec1-d04f521cbb56,12,Technologic,962117,5663228,04d6ea77-9328-40a2-8eee-d9fc6e80c979,329000
76,Daft Punk,056e4f3e-d505-4dad-8ec1-d04f521cbb56,13,Crescendolls,911404,5746091,f7afb18f-ee31-41fb-b773-1a08fecc354b,235000
76,Daft Punk,056e4f3e-d505-4dad-8ec1-d04f521cbb56,14,Robot Rock,895959,5234146,449734a3-7784-462a-bc98-0782a85111c7,226546
76,Daft Punk,056e4f3e-d505-4dad-8ec1-d04f521cbb56,15,Give Life Back to Music,885457,6133651,4383e23d-59a3-4631-8727-0b3248061cf9,179000
77,Queen,0383dadf-2a4e-4d10-a46a-e9e041da8eb3,1,Bohemian Rhapsody,2169622,15757090,3eea5cf7-feba-49bc-be94-1b155dbcb165,363106
77,Queen,0383dadf-2a4e-4d10-a46a-e9e041da8eb3,2,Bohemian Rhapsody - Remastered 2011,1535005,11777261,,
77,Queen,0383dadf-2a4e-4d10-a46a-e9e041da8eb3,3,Don't Stop Me Now - Remastered 2011,1482634,11979320,,
77,Queen,0383dadf-2a4e-4d10-a46a-e9e041da8eb3,4,Another One Bites the Dust,1381939,8599670,6028766d-7d68-478f-a2d0-93555d1ee29f,391280
77,Queen,0383dadf-2a4e-4d10-a46a-e9e041da8eb3,5,Another One Bites The Dust - Remastered 2011,1376806,9980278,,
77,Queen,0383dadf-2a4e-4d10-a46a-e9e041da8eb3,6,Don't Stop Me Now,1319393,9861914,2249ade0-63d7-4d14-8267-ea966dfce374,299000
77,Queen,0383dadf-2a4e-4d10-a46a-e9e041da8eb3,7,We Will Rock You,1265078,7455400,d2996094-743e-4d41-8cb4-2924e1be2c12,262960
77,Queen,0383dadf-2a4e-4d10-a46a-e9e041da8eb3,8,Under Pressure - Remastered 2011,1243915,9625695,b01e9e3f-6abb-4f0b-b39c-291a0bd03f59,248440
77,Queen,0383dadf-2a4e-4d10-a46a-e9e041da8eb3,9,Killer Queen,1231419,8256341,25238788-53d1-420a-b6c0-198357722a82,187186
77,Queen,0383dadf-2a4e-4d10-a46a-e9e041da8eb3,10,Killer Queen - Remastered 2011,1158275,9509540,c9aef6d1-b6cd-405e-9164-e55ad8bfe7eb,184066
77,Queen,0383dadf-2a4e-4d10-a46a-e9e041da8eb3,11,I Want to Break Free,1127331,6840629,69ec9008-574c-485b-8059-5e5564d192af,386120
77,Queen,0383dadf-2a4e-4d10-a46a-e9e041da8eb3,12,We Are the Champions,1079064,6131563,d24b121e-3376-4f84-9812-97ae2023e88b,240000
77,Queen,0383dadf-2a4e-4d10-a46a-e9e041da8eb3,13,Under Pressure,1040558,6736365,73d36cd9-a9cd-4caa-8309-b4c01f911ffb,225440
77,Queen,0383dadf-2a4e-4d10-a46a-e9e041da8eb3,14,Somebody to Love,1026709,6428271,a0460df0-e45a-441f-b692-a5972ae29d23,430574
77,Queen,0383dadf-2a4e-4d10-a46a-e9e041da8eb3,15,Crazy Little Thing Called Love,939428,5581628,c4a7ae63-cb97-4ba0-9b36-c8026c4590e3,272000
78,Daniel Caesar,b46e298d-d3a5-4695-a03e-63e8c523b23e,1,Get You (feat. Kali Uchis),1251598,20213886,,
78,Daniel Caesar,b46e298d-d3a5-4695-a03e-63e8c523b23e,2,Best Part (feat. H.E.R.),1111828,15074466,,
78,Daniel Caesar,b46e298d-d3a5-4695-a03e-63e8c523b23e,3,Japanese Denim,915554,14558221,8979c29a-6c76-4b66-bf71-2ec4a15187c4,270847
78,Daniel Caesar,b46e298d-d3a5-4695-a03e-63e8c523b23e,4,Loose,641878,9812920,16894bd5-854e-41e3-81f4-ec99b4e4fa86,185523
78,Daniel Caesar,b46e298d-d3a5-4695-a03e-63e8c523b23e,5,Hold Me Down,588117,7841128,3512ca9e-6346-4449-9dd5-a9bd263a9fb0,231268
78,Daniel Caesar,b46e298d-d3a5-4695-a03e-63e8c523b23e,6,CYANIDE,585829,8313582,c7de8ee1-da66-4ab1-9b26-8267ea58b6f2,195000
78,Daniel Caesar,b46e298d-d3a5-4695-a03e-63e8c523b23e,7,Superpowers,583979,7994504,8c72686d-fc25-4e9c-aefe-0f5b2670bcec,175000
78,Daniel Caesar,b46e298d-d3a5-4695-a03e-63e8c523b23e,8,Always,568886,9623478,d7b68421-b496-49c7-a898-92df7fde5f48,225312
78,Daniel Caesar,b46e298d-d3a5-4695-a03e-63e8c523b23e,9,Valentina,478927,5501892,40426eee-28a3-42dd-b94d-a04b286a2a19,154531
78,Daniel Caesar,b46e298d-d3a5-4695-a03e-63e8c523b23e,10,Do You Like Me?,475657,5520847,cac00a86-8b7a-4948-bff8-14106d5cb94c,227560
78,Daniel Caesar,b46e298d-d3a5-4695-a03e-63e8c523b23e,11,Let Me Go,473639,6092275,cf63a0de-a055-4f2a-bdbd-52942fb614a2,216524
78,Daniel Caesar,b46e298d-d3a5-4695-a03e-63e8c523b23e,12,Who Hurt You?,460296,5576117,f12c7033-64a2-432e-bc92-650872d1052d,231000
78,Daniel Caesar,b46e298d-d3a5-4695-a03e-63e8c523b23e,13,We Find Love,415133,4300529,afb02149-7058-4794-a1d2-41ac92d93aa1,254000
78,Daniel Caesar,b46e298d-d3a5-4695-a03e-63e8c523b23e,14,Streetcar,404796,5152230,105e89ce-0462-4eba-9cd7-e3b2639d0ffa,247000
78,Daniel Caesar,b46e298d-d3a5-4695-a03e-63e8c523b23e,15,Blessed,353645,3651664,571e376a-42e0-42fc-b834-27378be408a8,240000
79,Addison Rae,610b71d9-fa78-47d6-9073-083922e73840,1,Diet Pepsi,933782,19445041,3be89e63-d488-4506-8c7f-34664bdc6dbc,170000
79,Addison Rae,610b71d9-fa78-47d6-9073-083922e73840,2,Fame Is a Gun,614323,9914647,afdef3db-3855-4d71-9347-2adb42503c1b,183000
79,Addison Rae,610b71d9-fa78-47d6-9073-083922e73840,3,Aquamarine,500993,9314489,705b5541-93e2-4a39-99fa-a2c0e4a4f19c,163000
79,Addison Rae,610b71d9-fa78-47d6-9073-083922e73840,4,Headphones On,488487,7545933,4cb93373-36f5-47f8-81a7-697a97712b13,240000
79,Addison Rae,610b71d9-fa78-47d6-9073-083922e73840,5,High Fashion,348937,5549538,6accb684-364c-470b-97b4-003acbfaca67,198000
79,Addison Rae,610b71d9-fa78-47d6-9073-083922e73840,6,New York,312855,3946668,7c2f5208-8b3c-46a5-b98a-402ee368c7ab,152493
79,Addison Rae,610b71d9-fa78-47d6-9073-083922e73840,7,Money Is Everything,309271,3809325,f0026cfa-3335-45fe-a592-bc4966a43505,123000
79,Addison Rae,610b71d9-fa78-47d6-9073-083922e73840,8,Times Like These,290436,3260167,d49ff145-7a3c-4b8e-b3b3-2a6cf2fc57ba,233000
79,Addison Rae,610b71d9-fa78-47d6-9073-083922e73840,9,2 Die 4 (feat. Charli XCX),278964,2536558,,
79,Addison Rae,610b71d9-fa78-47d6-9073-083922e73840,10,Summer Forever,269297,2767605,fb2a5f46-3c4b-4494-a831-0aabf9f5acb4,228000
79,Addison Rae,610b71d9-fa78-47d6-9073-083922e73840,11,In the Rain,251538,2602097,f2122876-7dde-4180-9864-acabb8d10ad0,214000
79,Addison Rae,610b71d9-fa78-47d6-9073-083922e73840,12,Lost & Found,227649,1824114,c1aab8e9-2b78-4755-829f-ed2839c292c2,48346
79,Addison Rae,610b71d9-fa78-47d6-9073-083922e73840,13,I got it bad,212074,2273775,043c05b1-f2a5-4f9e-ac10-9389c3113c8b,175998
79,Addison Rae,610b71d9-fa78-47d6-9073-083922e73840,14,Life's No Fun Through Clear Waters,193176,1497738,31731c9d-e3af-4457-902f-3721f1e14462,57013
79,Addison Rae,610b71d9-fa78-47d6-9073-083922e73840,15,Nothing On (But The Radio),185101,1827115,4e85d9d4-07b4-45b4-9ed9-31082fb608dd,149745
80,Pierce the Veil,8ed919fb-eaee-45a1-ba99-b3ede9ca5f1d,1,King for a Day,936477,18169390,aaa5e94a-ec26-4c36-b647-e073b4bdd5c1,144000
80,Pierce the Veil,8ed919fb-eaee-45a1-ba99-b3ede9ca5f1d,2,A Match Into Water,739100,11867574,8e57019e-b2b8-4965-a442-63993c3d1216,212546
80,Pierce the Veil,8ed919fb-eaee-45a1-ba99-b3ede9ca5f1d,3,Bulls in the Bronx,616895,10213348,796d61e5-9315-4140-b6f1-39a69338703b,267867
80,Pierce the Veil,8ed919fb-eaee-45a1-ba99-b3ede9ca5f1d,4,Caraphernelia,583615,10104252,98d821b3-418f-4606-aa05-f40697ed9db4,267000
80,Pierce the Veil,8ed919fb-eaee-45a1-ba99-b3ede9ca5f1d,5,Hell Above,568271,9221635,0feafb92-02a4-4d49-9408-6468bdb18867,324000
80,Pierce the Veil,8ed919fb-eaee-45a1-ba99-b3ede9ca5f1d,6,Bulletproof Love,475373,6650066,2a4cf2b1-1c25-4e01-b08c-385a0ab9f043,238000
80,Pierce the Veil,8ed919fb-eaee-45a1-ba99-b3ede9ca5f1d,7,Hold On Till May,427440,7123187,aa19e647-3e57-4957-87c2-e423d4417090,281987
80,Pierce the Veil,8ed919fb-eaee-45a1-ba99-b3ede9ca5f1d,8,Circles,420985,5682320,eacbe1ef-9768-46c6-9672-9ec78610c1ae,315000
80,Pierce the Veil,8ed919fb-eaee-45a1-ba99-b3ede9ca5f1d,9,So Far So Fake,399746,4524782,2b91c212-c1d3-4a0a-8790-9c2f84769622,236000
80,Pierce the Veil,8ed919fb-eaee-45a1-ba99-b3ede9ca5f1d,10,Pass the Nirvana,385672,5235334,1dd170f0-0fb6-4a04-a03b-250959b02db5,244000
80,Pierce the Veil,8ed919fb-eaee-45a1-ba99-b3ede9ca5f1d,11,Besitos,357373,5585940,fc76b669-0857-4b7a-bb1a-4f16b862274a,264653
80,Pierce the Veil,8ed919fb-eaee-45a1-ba99-b3ede9ca5f1d,12,One Hundred Sleepless Nights,351375,4794736,32464a50-6832-4bed-b04f-93804c667324,221840
80,Pierce the Veil,8ed919fb-eaee-45a1-ba99-b3ede9ca5f1d,13,I'm Low on Gas and You Need a Jacket,319152,4572334,f62ae39d-b7fc-4b66-a2dd-0cac62f45d65,252000
80,Pierce the Veil,8ed919fb-eaee-45a1-ba99-b3ede9ca5f1d,14,Disasterology,313259,5157531,8d84b9fb-84f4-4bdc-a7ae-6fbcaeb3a428,205346
80,Pierce the Veil,8ed919fb-eaee-45a1-ba99-b3ede9ca5f1d,15,Yeah Boy and Doll Face,311731,4328642,a3a87d7c-a74d-4bff-bc9f-c2164577bbc5,246000
81,Harry Styles,7eb1ce54-a355-41f9-8d68-e018b096d427,1,As It Was,1856464,39304485,5c942492-9757-4817-b8e8-7d41cf19adb6,167000
81,Harry Styles,7eb1ce54-a355-41f9-8d68-e018b096d427,2,Watermelon Sugar,1410395,18763166,d275d6cf-801f-445a-a236-c0667e5a154f,174000
81,Harry Styles,7eb1ce54-a355-41f9-8d68-e018b096d427,3,Adore You,1291098,18776144,6578d0ae-8955-4828-904a-539b057269ba,207133
81,Harry Styles,7eb1ce54-a355-41f9-8d68-e018b096d427,4,Sign of the Times,1254850,15907539,3125b023-6a45-4a68-98ec-a88634866983,340000
81,Harry Styles,7eb1ce54-a355-41f9-8d68-e018b096d427,5,Late Night Talking,1011196,15562183,5a9fca52-8c22-4911-b71f-09042cf7af05,196000
81,Harry Styles,7eb1ce54-a355-41f9-8d68-e018b096d427,6,Falling,1002865,13515102,2f103895-6fb4-4c8e-a75a-a4623d078db0,240000
81,Harry Styles,7eb1ce54-a355-41f9-8d68-e018b096d427,7,Golden,957197,14217021,1906584d-d18c-4818-ad57-aad41e2c5386,209000
81,Harry Styles,7eb1ce54-a355-41f9-8d68-e018b096d427,8,Matilda,879182,14893594,f2a0d02f-d4ce-4b33-bee6-c1c01853538f,246000
81,Harry Styles,7eb1ce54-a355-41f9-8d68-e018b096d427,9,Fine Line,841340,13874476,a29e57b7-2318-488b-81fb-c2afe68b2d41,377960
81,Harry Styles,7eb1ce54-a355-41f9-8d68-e018b096d427,10,Satellite,761802,14174280,2df03232-d68c-4aa1-9b87-a3fa0a35bd2a,218577
81,Harry Styles,7eb1ce54-a355-41f9-8d68-e018b096d427,11,Lights Up,743311,12121698,1d1b8996-4848-4c31-9247-dd9d6ca1c3dd,172213
81,Harry Styles,7eb1ce54-a355-41f9-8d68-e018b096d427,12,Kiwi,741339,9120893,10660f7f-8023-4150-b50d-e618b46ff4de,176000
81,Harry Styles,7eb1ce54-a355-41f9-8d68-e018b096d427,13,Sweet Creature,715000,8065969,5f2a2848-ff23-4628-bef1-ebe92173311d,225000
81,Harry Styles,7eb1ce54-a355-41f9-8d68-e018b096d427,14,Music for a Sushi Restaurant,705803,9422764,ab6249e4-0dfa-4548-b556-a39be56b511c,194000
81,Harry Styles,7eb1ce54-a355-41f9-8d68-e018b096d427,15,Cherry,693944,9502933,f47eaf17-57d0-4efd-8fc7-bebe128fc54c,259000
82,Olivia Dean,15e0d608-0869-429b-898d-3d8db3ecedd5,1,Nice To Each Other,370679,2736959,92403d75-4e2b-4f44-8f73-58c4d1f6f495,209053
82,Olivia Dean,15e0d608-0869-429b-898d-3d8db3ecedd5,2,Man I Need,365307,2522364,db8b9781-8b70-4411-8211-86349857e0de,188000
82,Olivia Dean,15e0d608-0869-429b-898d-3d8db3ecedd5,3,Dive,335686,2506352,e20673ab-7876-4ed4-ad21-4c2876d89187,191000
82,Olivia Dean,15e0d608-0869-429b-898d-3d8db3ecedd5,4,So Easy (To Fall In Love),246827,1121546,58320a3a-43f3-4188-826a-a762ca7f04f1,169000
82,Olivia Dean,15e0d608-0869-429b-898d-3d8db3ecedd5,5,The Hardest Part,229207,1585090,49e96073-ac7f-4d18-9466-49e046cd0791,197785
82,Olivia Dean,15e0d608-0869-429b-898d-3d8db3ecedd5,6,Ok Love You Bye,190640,1367477,faea1394-c352-4613-a8db-2fa7880cd76c,169000
82,Olivia Dean,15e0d608-0869-429b-898d-3d8db3ecedd5,7,Lady Lady,170516,918154,67e62bb9-eeec-41a0-a0fc-a8e451ecef1d,209000
82,Olivia Dean,15e0d608-0869-429b-898d-3d8db3ecedd5,8,Baby Steps,139473,566584,580e1cbc-5934-4923-927c-3ea989da199e,197000
82,Olivia Dean,15e0d608-0869-429b-898d-3d8db3ecedd5,9,Let Alone The One You Love,137381,614620,8f352d34-0573-4332-ad5d-594991d584b1,186000
82,Olivia Dean,15e0d608-0869-429b-898d-3d8db3ecedd5,10,Ladies Room,123630,760016,0555ae05-522e-4a31-a458-24715144dc62,315965
82,Olivia Dean,15e0d608-0869-429b-898d-3d8db3ecedd5,11,A Couple Minutes,122459,520364,edc7b398-8e98-47fa-8322-57d2d4dd33b0,212000
82,Olivia Dean,15e0d608-0869-429b-898d-3d8db3ecedd5,12,The Hardest Part (feat. Leon Bridges),110505,536847,,
82,Olivia Dean,15e0d608-0869-429b-898d-3d8db3ecedd5,13,Close Up,109235,449942,958a51b3-e82f-4c38-9d3a-dda2a4cb87e9,195000
82,Olivia Dean,15e0d608-0869-429b-898d-3d8db3ecedd5,14,I've Seen It,106643,470929,5d341006-aacd-4ee0-b81e-8ed5414040b0,126000
82,Olivia Dean,15e0d608-0869-429b-898d-3d8db3ecedd5,15,Echo,105265,578713,466989ce-7db5-4039-b901-ef12df4e3189,175813
83,The Smashing Pumpkins,ba0d6274-db14-4ef5-b28d-657ebde1a396,1,1979 - Remastered 2012,1247057,15375435,,
83,The Smashing Pumpkins,ba0d6274-db14-4ef5-b28d-657ebde1a396,2,1979,1077345,7193052,768244eb-6c5b-4f67-8e82-96a213a46acf,268733
83,The Smashing Pumpkins,ba0d6274-db14-4ef5-b28d-657ebde1a396,3,Today,1059398,6585706,44aadd77-f500-46e0-b1cc-1f6de1152239,208133
83,The Smashing Pumpkins,ba0d6274-db14-4ef5-b28d-657ebde1a396,4,Bullet With Butterfly Wings - remastered 2012,867784,8421820,,
83,The Smashing Pumpkins,ba0d6274-db14-4ef5-b28d-657ebde1a396,5,Bullet With Butterfly Wings,798135,4731390,4b3ee0c7-083a-4b5f-8f33-30a9540a2475,493254
83,The Smashing Pumpkins,ba0d6274-db14-4ef5-b28d-657ebde1a396,6,"Tonight, Tonight",734220,4193120,a02601c7-bc99-48e9-8c28-bc529a1ca25a,311360
83,The Smashing Pumpkins,ba0d6274-db14-4ef5-b28d-657ebde1a396,7,Today - 2011 Remaster,701768,6512216,,
83,The Smashing Pumpkins,ba0d6274-db14-4ef5-b28d-657ebde1a396,8,Disarm,695944,4200728,d5510ffd-0041-4e4b-b412-eda9bd0df200,204000
83,The Smashing Pumpkins,ba0d6274-db14-4ef5-b28d-657ebde1a396,9,Perfect,683062,4485815,c6b00dfd-2f12-456b-82c4-df217a76c7bc,225306
83,The Smashing Pumpkins,ba0d6274-db14-4ef5-b28d-657ebde1a396,10,Zero - Remastered 2012,661099,7031819,,
83,The Smashing Pumpkins,ba0d6274-db14-4ef5-b28d-657ebde1a396,11,Zero,646912,3822949,b73898e0-d688-4a9e-9463-b4af615f072e,152333
83,The Smashing Pumpkins,ba0d6274-db14-4ef5-b28d-657ebde1a396,12,Cherub Rock,620722,3279365,43b9196d-06aa-42a9-999b-b8c2ee3b9d7e,269866
83,The Smashing Pumpkins,ba0d6274-db14-4ef5-b28d-657ebde1a396,13,"Tonight, Tonight - Remastered 2012",616796,4641390,,
83,The Smashing Pumpkins,ba0d6274-db14-4ef5-b28d-657ebde1a396,14,Luna - 2011 Remaster,580705,5708076,,
83,The Smashing Pumpkins,ba0d6274-db14-4ef5-b28d-657ebde1a396,15,Ava Adore,567813,3600702,689c16e5-0ad4-4099-85e0-740e9149c001,362373
84,Panic! at the Disco,b9472588-93f3-4922-a1a2-74082cdf9ce8,1,I Write Sins Not Tragedies,2081082,20529706,5edcf598-bb95-405d-96f2-05ef0d872dfe,244000
84,Panic! at the Disco,b9472588-93f3-4922-a1a2-74082cdf9ce8,2,Lying Is the Most Fun a Girl Can Have Without Taking Her Clothes Off,1195657,14021399,e8d49121-d263-48a7-a0bc-e629f7c54aa7,200000
84,Panic! at the Disco,b9472588-93f3-4922-a1a2-74082cdf9ce8,3,High Hopes,882950,8832252,f3e9f6f4-130c-420f-b90e-aa1bad4263b5,167050
84,Panic! at the Disco,b9472588-93f3-4922-a1a2-74082cdf9ce8,4,But It's Better If You Do,877985,8796507,3035c372-44d5-401f-ad96-155fd89f8de5,205000
84,Panic! at the Disco,b9472588-93f3-4922-a1a2-74082cdf9ce8,5,The Only Difference Between Martyrdom and Suicide Is Press Coverage,861941,8627966,3e4d1d4e-b0d5-4a56-ac2c-88ed707c4752,175333
84,Panic! at the Disco,b9472588-93f3-4922-a1a2-74082cdf9ce8,6,"Build God, Then We'll Talk",846837,9397538,97a7622c-cb65-4c06-bc8f-9b63a51d9d5e,
84,Panic! at the Disco,b9472588-93f3-4922-a1a2-74082cdf9ce8,7,House of Memories,772358,7579716,49b12c1a-a7a1-4f20-87f3-7e938d723930,208706
84,Panic! at the Disco,b9472588-93f3-4922-a1a2-74082cdf9ce8,8,The Ballad of Mona Lisa,760075,8039280,efc6c80d-6316-420c-a96c-5ef0ba409d01,285373
84,Panic! at the Disco,b9472588-93f3-4922-a1a2-74082cdf9ce8,9,Camisado,707856,7230602,51cdfeec-128f-4257-a4c8-c5eb0c1c4d72,191000
84,Panic! at the Disco,b9472588-93f3-4922-a1a2-74082cdf9ce8,10,Time to Dance,694915,7092067,0e8bf4fc-3a19-46ff-8023-7010c5125ef2,202000
84,Panic! at the Disco,b9472588-93f3-4922-a1a2-74082cdf9ce8,11,London Beckoned Songs About Money Written by Machines,638876,5789248,37cf5ddd-222b-4d5d-8c04-79b1e3a2a710,203000
84,Panic! at the Disco,b9472588-93f3-4922-a1a2-74082cdf9ce8,12,I Constantly Thank God for Esteban,605715,5246649,8bdc83da-2bcb-4399-9959-993d01036259,214569
84,Panic! at the Disco,b9472588-93f3-4922-a1a2-74082cdf9ce8,13,Death of a Bachelor,591789,5343165,2ae54183-10a7-4940-886a-3adce39ec580,212610
84,Panic! at the Disco,b9472588-93f3-4922-a1a2-74082cdf9ce8,14,Emperor's New Clothes,586161,5364094,c5c63baa-697b-4401-8009-7b0dfaa1a692,159000
84,Panic! at the Disco,b9472588-93f3-4922-a1a2-74082cdf9ce8,15,"There's a Good Reason These Tables Are Numbered Honey, You Just Haven't Thought of It Yet",581923,5804159,69718c36-9056-44b0-b97c-58c389a1e568,196000
85,Justin Timberlake,596ffa74-3d08-44ef-b113-765d43d12738,1,Rock Your Body,1801622,13127803,e1c22093-654e-499b-8630-74cc1f648fa7,242000
85,Justin Timberlake,596ffa74-3d08-44ef-b113-765d43d12738,2,Cry Me a River,1418865,9322617,0958556a-8eed-4143-8b83-78026ef840af,240000
85,Justin Timberlake,596ffa74-3d08-44ef-b113-765d43d12738,3,Mirrors,1395932,12407733,fa3cb5ad-b2db-4998-aea0-f51f5b12b27e,274000
85,Justin Timberlake,596ffa74-3d08-44ef-b113-765d43d12738,4,SexyBack (feat. Timbaland),1334127,9146280,,
85,Justin Timberlake,596ffa74-3d08-44ef-b113-765d43d12738,5,My Love (feat. T.I.),872810,6618873,,
85,Justin Timberlake,596ffa74-3d08-44ef-b113-765d43d12738,6,SexyBack,679245,3907253,05721060-825d-470b-a8dd-2c332d21f861,180000
85,Justin Timberlake,596ffa74-3d08-44ef-b113-765d43d12738,7,Summer Love,572061,3413505,92028f05-c230-4fb1-8451-fe8df300e842,252973
85,Justin Timberlake,596ffa74-3d08-44ef-b113-765d43d12738,8,What Goes Around.../...Comes Around (Interlude),560201,4170148,b031e8cf-a4fe-4fa9-b39f-19ca584dc77b,448573
85,Justin Timberlake,596ffa74-3d08-44ef-b113-765d43d12738,9,Like I Love You,491424,2550081,92de7033-4ab4-4790-863e-091c1b2ed4f8,111000
85,Justin Timberlake,596ffa74-3d08-44ef-b113-765d43d12738,10,"CAN'T STOP THE FEELING! (From DreamWorks Animation's ""Trolls"")",479842,2208655,97e92778-b873-400a-89d5-9b9807bbf26a,235000
85,Justin Timberlake,596ffa74-3d08-44ef-b113-765d43d12738,11,Señorita,476271,2282220,c182446b-6ad8-42ab-bb51-40abfd4a8e23,
85,Justin Timberlake,596ffa74-3d08-44ef-b113-765d43d12738,12,My Love,458168,2540760,5a368cad-906d-4c65-8ca7-85cf7cb2f523,
85,Justin Timberlake,596ffa74-3d08-44ef-b113-765d43d12738,13,"Can't Stop the Feeling! (Original Song from Dreamworks Animation's ""Trolls"")",383725,2849913,97e92778-b873-400a-89d5-9b9807bbf26a,235000
85,Justin Timberlake,596ffa74-3d08-44ef-b113-765d43d12738,14,Suit & Tie (feat. Jay-Z),351079,2521322,,
85,Justin Timberlake,596ffa74-3d08-44ef-b113-765d43d12738,15,Losing My Way,335679,1834209,bc76d06b-1700-46a5-896d-26ed725f5778,322079
86,RAYE,8be564c3-dfba-440b-af8c-4ffbceeef45e,1,Escapism.,899849,11669275,b7e549c7-99e9-4170-9471-2032ae525808,631874
86,RAYE,8be564c3-dfba-440b-af8c-4ffbceeef45e,2,WHERE IS MY HUSBAND!,368380,2666210,f5a50c6b-7e30-47e2-b03e-33c30998e36b,224000
86,RAYE,8be564c3-dfba-440b-af8c-4ffbceeef45e,3,Oscar Winning Tears.,367112,3719164,1d6e5a9a-04ee-48e7-bd94-8045a480299f,183653
86,RAYE,8be564c3-dfba-440b-af8c-4ffbceeef45e,4,Escapism. - Sped Up,340166,2780999,,
86,RAYE,8be564c3-dfba-440b-af8c-4ffbceeef45e,5,Worth It.,333520,2294754,f1e21780-6d72-44c2-9a5c-4f2470b9fe13,202826
86,RAYE,8be564c3-dfba-440b-af8c-4ffbceeef45e,6,Flip a Switch.,171796,1559532,7b1c8bd0-83b6-4f58-a83e-b65cedb7aa52,201373
86,RAYE,8be564c3-dfba-440b-af8c-4ffbceeef45e,7,Hard Out Here.,171142,1559120,eae3bc24-c27a-4d04-a0e4-eba19c869b5f,191164
86,RAYE,8be564c3-dfba-440b-af8c-4ffbceeef45e,8,The Thrill Is Gone.,155795,1159413,6a903374-3ffb-4542-8e2d-081f5bb9e862,311777
86,RAYE,8be564c3-dfba-440b-af8c-4ffbceeef45e,9,Black Mascara.,152632,1561392,f8ab7175-a29c-4af1-b7ad-7878357c18d0,241264
86,RAYE,8be564c3-dfba-440b-af8c-4ffbceeef45e,10,Ice Cream Man.,122294,795034,d9c41e32-6145-466a-857d-c07db8f3b27e,248733
86,RAYE,8be564c3-dfba-440b-af8c-4ffbceeef45e,11,Genesis.,109864,671587,4bdd7d67-cd52-476d-84c2-32e0ffcef685,281010
86,RAYE,8be564c3-dfba-440b-af8c-4ffbceeef45e,12,Five Star Hotels. (feat. Mahalia),104891,878719,,
86,RAYE,8be564c3-dfba-440b-af8c-4ffbceeef45e,13,Introduction.,104387,404211,34b95ddd-fa1a-42a4-b1b7-dacafa33b50e,57813
86,RAYE,8be564c3-dfba-440b-af8c-4ffbceeef45e,14,Regardless,103950,737244,ec674270-2fc6-4428-9065-7ab29d02321f,224053
86,RAYE,8be564c3-dfba-440b-af8c-4ffbceeef45e,15,Mary Jane.,102962,551698,c5cd9a3d-1760-443d-80fd-bb464ea59da4,232053
87,Calvin Harris,8dd98bdc-80ec-4e93-8509-2f46bafc09a7,1,Summer,1419971,10757951,2702ac5f-e600-4e3b-936b-da04dfe320db,112000
87,Calvin Harris,8dd98bdc-80ec-4e93-8509-2f46bafc09a7,2,Feel So Close - Radio Edit,1187596,8389802,,
87,Calvin Harris,8dd98bdc-80ec-4e93-8509-2f46bafc09a7,3,One Kiss (with Dua Lipa),1169823,10845077,,
87,Calvin Harris,8dd98bdc-80ec-4e93-8509-2f46bafc09a7,4,This Is What You Came For,1158407,7622529,72a5483d-7ec5-4b63-8311-79ec93cb8181,239000
87,Calvin Harris,8dd98bdc-80ec-4e93-8509-2f46bafc09a7,5,Slide (feat. Frank Ocean & Migos),986390,11440204,,
87,Calvin Harris,8dd98bdc-80ec-4e93-8509-2f46bafc09a7,6,Outside (feat. Ellie Goulding),976681,8938458,,
87,Calvin Harris,8dd98bdc-80ec-4e93-8509-2f46bafc09a7,7,How Deep Is Your Love,950917,6846595,06f201e2-e2ee-4274-b3e1-6160d18daaf5,205000
87,Calvin Harris,8dd98bdc-80ec-4e93-8509-2f46bafc09a7,8,"Feels (feat. Pharrell Williams, Katy Perry & Big Sean)",842424,6759030,,
87,Calvin Harris,8dd98bdc-80ec-4e93-8509-2f46bafc09a7,9,My Way,657712,4344463,dcf3fb4a-abff-4f01-b1bd-b46ccf602d0a,219159
87,Calvin Harris,8dd98bdc-80ec-4e93-8509-2f46bafc09a7,10,Blame (feat. John Newman),620710,4555711,,
87,Calvin Harris,8dd98bdc-80ec-4e93-8509-2f46bafc09a7,11,Sweet Nothing (feat. Florence Welch),574889,5284072,,
87,Calvin Harris,8dd98bdc-80ec-4e93-8509-2f46bafc09a7,12,I Need Your Love (feat. Ellie Goulding),490242,3387388,,
87,Calvin Harris,8dd98bdc-80ec-4e93-8509-2f46bafc09a7,13,Promises (with Sam Smith),433421,3446784,,
87,Calvin Harris,8dd98bdc-80ec-4e93-8509-2f46bafc09a7,14,Acceptable in the 80's,408156,2606312,f68c45d4-926b-4679-85ac-284eb1e29934,180000
87,Calvin Harris,8dd98bdc-80ec-4e93-8509-2f46bafc09a7,15,Sweet Nothing,364030,2333885,c273e5a7-b863-4840-8b70-f4e12affdffa,213840
88,Jeff Buckley,e6e879c0-3d56-4f12-b3c5-3ce459661a8e,1,Hallelujah,1490511,12207137,99617d3c-cfa6-4a54-b6c3-ac00b4e0964d,
88,Jeff Buckley,e6e879c0-3d56-4f12-b3c5-3ce459661a8e,2,"Lover, You Should've Come Over",1409245,24972258,51a0131d-da57-46f5-b43c-b87a42bcb489,453826
88,Jeff Buckley,e6e879c0-3d56-4f12-b3c5-3ce459661a8e,3,Last Goodbye,1042867,9232263,d23aeadb-ec0f-49ab-814d-dfdb7c47c687,309000
88,Jeff Buckley,e6e879c0-3d56-4f12-b3c5-3ce459661a8e,4,Grace,998241,9139902,e4070ed1-49d8-4d47-bde3-2288f9393ca2,
88,Jeff Buckley,e6e879c0-3d56-4f12-b3c5-3ce459661a8e,5,So Real,905039,9009732,73974f4a-dd52-4ca1-909d-9435f5f2b038,318466
88,Jeff Buckley,e6e879c0-3d56-4f12-b3c5-3ce459661a8e,6,Lilac Wine,793791,5794830,99d3f321-4294-48f0-8eb2-993753b3308e,
88,Jeff Buckley,e6e879c0-3d56-4f12-b3c5-3ce459661a8e,7,Mojo Pin,770798,6058968,f15c6f11-ee29-4c83-bf9e-213023d2c0c2,318600
88,Jeff Buckley,e6e879c0-3d56-4f12-b3c5-3ce459661a8e,8,Forget Her,697689,8714766,a7bf7a6d-36bd-4a33-a745-de8788101160,
88,Jeff Buckley,e6e879c0-3d56-4f12-b3c5-3ce459661a8e,9,Everybody Here Wants You,624429,6174004,aa14c192-4bcf-4c60-a8b1-2e358048cd05,
88,Jeff Buckley,e6e879c0-3d56-4f12-b3c5-3ce459661a8e,10,Dream Brother,597568,4203272,f19bf118-2a87-48ba-a9ef-77d4521b82b8,463106
88,Jeff Buckley,e6e879c0-3d56-4f12-b3c5-3ce459661a8e,11,Eternal Life,577148,3639170,edce5486-dd08-433a-aba3-d5d3a2d495f6,390840
88,Jeff Buckley,e6e879c0-3d56-4f12-b3c5-3ce459661a8e,12,Corpus Christi Carol,480963,2525593,b6aa1abf-7ea0-4a5a-b1be-8f57571d6547,
88,Jeff Buckley,e6e879c0-3d56-4f12-b3c5-3ce459661a8e,13,I Know It's Over,326955,2979212,0401ef7b-52f9-42d3-a009-581805eca80d,
88,Jeff Buckley,e6e879c0-3d56-4f12-b3c5-3ce459661a8e,14,I Want Someone Badly,323830,2792083,242f817e-cdbc-4451-8840-acec7bc6e558,156960
88,Jeff Buckley,e6e879c0-3d56-4f12-b3c5-3ce459661a8e,15,Vancouver,280475,1724031,d81fd733-90bd-4704-b155-21b34ac97802,275546
89,Pink Floyd,83d91898-7763-47d7-b03b-b92132375c47,1,Wish You Were Here,2065671,24041069,822b24b0-25f2-428b-8398-2f057783be46,365000
89,Pink Floyd,83d91898-7763-47d7-b03b-b92132375c47,2,Money,1710079,14312521,ddbe87d1-1343-4cbf-9a28-aad66f05da0d,492306
89,Pink Floyd,83d91898-7763-47d7-b03b-b92132375c47,3,Comfortably Numb,1695113,17897040,4c1f8798-d37d-456c-be19-2974afd8ae01,652400
89,Pink Floyd,83d91898-7763-47d7-b03b-b92132375c47,4,The Great Gig in the Sky,1665262,14555129,1aae5eb3-a750-4270-8790-d8aded87ad65,263000
89,Pink Floyd,83d91898-7763-47d7-b03b-b92132375c47,5,Time,1639334,16250084,e9563e86-e74d-472c-b237-7377aa80355a,329666
89,Pink Floyd,83d91898-7763-47d7-b03b-b92132375c47,6,Us and Them,1295859,10738484,349f8102-6ee2-4ab7-8243-262ffec80cc8,138000
89,Pink Floyd,83d91898-7763-47d7-b03b-b92132375c47,7,Brain Damage,1270336,10753555,41b1c226-e57c-46dd-8282-45e5daf4a0cf,212653
89,Pink Floyd,83d91898-7763-47d7-b03b-b92132375c47,8,Hey You,1231397,10301219,225fc289-fb1d-4258-8d54-2b202d03942c,310000
89,Pink Floyd,83d91898-7763-47d7-b03b-b92132375c47,9,On the Run,1151379,7683239,2174a641-4857-4aa9-ac4c-a94af43cdd8b,275173
89,Pink Floyd,83d91898-7763-47d7-b03b-b92132375c47,10,Eclipse,1138025,8694438,31fac5f7-86fe-425e-9784-13d461479a65,76000
89,Pink Floyd,83d91898-7763-47d7-b03b-b92132375c47,11,Breathe (In the Air),1124354,10602472,78c8e491-d2f3-4379-b536-173b1d9357df,174200
89,Pink Floyd,83d91898-7763-47d7-b03b-b92132375c47,12,Any Colour You Like,1087729,8035276,2144465a-0028-4ec2-9cd0-fd63f12bbe07,518000
89,Pink Floyd,83d91898-7763-47d7-b03b-b92132375c47,13,"Another Brick in the Wall, Pt. 2",1047003,7398168,d2ad3f40-2104-4175-ad8f-b9aed2443b88,205851
89,Pink Floyd,83d91898-7763-47d7-b03b-b92132375c47,14,Have a Cigar,1010343,7873050,9ba0c047-6fd2-4801-9600-715bec255585,277000
89,Pink Floyd,83d91898-7763-47d7-b03b-b92132375c47,15,Young Lust,889732,5961448,c6317ffe-9218-4780-af83-cba2060894c5,178906
90,J. Cole,875203e1-8e58-4b86-8dcb-7190faf411c5,1,No Role Modelz,1526140,23621196,c453ad80-ef98-4d51-867c-7c16f1d0772f,293000
90,J. Cole,875203e1-8e58-4b86-8dcb-7190faf411c5,2,Wet Dreamz,1155078,15345128,394567ff-586c-44e7-9d05-322d172c8196,266000
90,J. Cole,875203e1-8e58-4b86-8dcb-7190faf411c5,3,Work Out,1039577,10025523,4cf21adb-b896-45be-a80e-5ebc434de4e4,227120
90,J. Cole,875203e1-8e58-4b86-8dcb-7190faf411c5,4,MIDDLE CHILD,840933,10392955,3f6861eb-7173-43e3-bd3b-242ab94fcde2,213000
90,J. Cole,875203e1-8e58-4b86-8dcb-7190faf411c5,5,She Knows (feat. Amber Coffman & Cults),668376,6369871,,
90,J. Cole,875203e1-8e58-4b86-8dcb-7190faf411c5,6,m y . l i f e (with 21 Savage & Morray),620810,8935800,,
90,J. Cole,875203e1-8e58-4b86-8dcb-7190faf411c5,7,Power Trip (feat. Miguel),609228,7269105,,
90,J. Cole,875203e1-8e58-4b86-8dcb-7190faf411c5,8,Lights Please,582364,2388018,0c5dde4b-4304-4f88-a111-43c9d48ed81b,265000
90,J. Cole,875203e1-8e58-4b86-8dcb-7190faf411c5,9,Love Yourz,579912,6797064,42600c98-f2e7-44d5-a90a-ee02f1a149c5,211496
90,J. Cole,875203e1-8e58-4b86-8dcb-7190faf411c5,10,Kevin’s Heart,508243,6478406,332e711f-c6c6-4f10-8ed8-b88ad51816e8,200000
90,J. Cole,875203e1-8e58-4b86-8dcb-7190faf411c5,11,Neighbors,503508,5329633,59fcc1a8-32ec-44e7-a82b-bace35fe3af5,216510
90,J. Cole,875203e1-8e58-4b86-8dcb-7190faf411c5,12,p r i d e . i s . t h e . d e v i l (with Lil Baby),449828,6051067,,
90,J. Cole,875203e1-8e58-4b86-8dcb-7190faf411c5,13,Apparently,437057,4098767,06867ed4-ffb0-4e68-a620-0630f00e49a3,
90,J. Cole,875203e1-8e58-4b86-8dcb-7190faf411c5,14,January 28th,425504,3942994,90783750-d61a-4495-a15a-4f1231ca9284,
90,J. Cole,875203e1-8e58-4b86-8dcb-7190faf411c5,15,a m a r i,423539,5225341,90564b61-898e-4990-a9ae-97ef3562378e,148000
91,The Cranberries,c98d40fd-f6cf-4b26-883e-eaa515ee2851,1,Zombie,2475581,20815166,5c535664-4d8f-474d-b650-f19a7b8b690b,344826
91,The Cranberries,c98d40fd-f6cf-4b26-883e-eaa515ee2851,2,Linger,2254271,28929422,966ad344-6e2c-4f09-bbe4-2cde95bde44f,311160
91,The Cranberries,c98d40fd-f6cf-4b26-883e-eaa515ee2851,3,Dreams,1523592,12946954,7694ff8a-e371-4f76-bac3-9d6a271f6a39,277720
91,The Cranberries,c98d40fd-f6cf-4b26-883e-eaa515ee2851,4,Ode to My Family,919351,5551768,d125d9e2-c03a-4145-99a6-c1e208bcd1ff,372573
91,The Cranberries,c98d40fd-f6cf-4b26-883e-eaa515ee2851,5,Sunday,867930,8860677,95bd5e21-c0a2-4bb8-925a-596b59949b65,212333
91,The Cranberries,c98d40fd-f6cf-4b26-883e-eaa515ee2851,6,When You're Gone,609881,4049411,97b2b103-0060-4a0f-bef5-b77c93aec6d5,299866
91,The Cranberries,c98d40fd-f6cf-4b26-883e-eaa515ee2851,7,Animal Instinct,535806,3279308,7e1ebbea-3c89-40b1-bffe-9e451ac87deb,225000
91,The Cranberries,c98d40fd-f6cf-4b26-883e-eaa515ee2851,8,Just My Imagination,448389,2437498,a169f259-61d5-4ccd-a16d-dad57f7bd761,193360
91,The Cranberries,c98d40fd-f6cf-4b26-883e-eaa515ee2851,9,I Can't Be with You,429303,2050730,f7db79d5-a37e-400e-872d-9c286534c63e,210733
91,The Cranberries,c98d40fd-f6cf-4b26-883e-eaa515ee2851,10,Salvation,422110,2165311,241b9c62-7e41-47fa-8fe2-45345468e616,164000
91,The Cranberries,c98d40fd-f6cf-4b26-883e-eaa515ee2851,11,Pretty,392240,1836330,18bcebb4-a00b-4aa6-9cb9-93b78aa7ccf0,133040
91,The Cranberries,c98d40fd-f6cf-4b26-883e-eaa515ee2851,12,I Still Do,386852,1909852,f44407c7-e843-4ace-a4c0-47203f55d732,211000
91,The Cranberries,c98d40fd-f6cf-4b26-883e-eaa515ee2851,13,Promises,347178,1941504,5d3388d2-39f7-4c95-8d8d-1232c3816784,212266
91,The Cranberries,c98d40fd-f6cf-4b26-883e-eaa515ee2851,14,Ridiculous Thoughts,318860,1553115,864aee1f-9e4d-4eab-847e-59154c904ad0,255000
91,The Cranberries,c98d40fd-f6cf-4b26-883e-eaa515ee2851,15,Put Me Down,284518,1442154,dc344415-8ffd-4769-a7f2-adc8bd30dd7d,215200
92,Sade,67930b3e-e00b-469f-8c74-fd69f20522ec,1,Smooth Operator - Single Version,1088929,9144543,,
92,Sade,67930b3e-e00b-469f-8c74-fd69f20522ec,2,Kiss Of Life,1010874,9767127,9ac799da-1849-439f-8768-5464b027d48a,322107
92,Sade,67930b3e-e00b-469f-8c74-fd69f20522ec,3,Like a Tattoo,994532,11747080,27eb51b5-dd5b-4477-a959-386e1be4cfab,256480
92,Sade,67930b3e-e00b-469f-8c74-fd69f20522ec,4,No Ordinary Love,718370,5032268,c4c0899f-c285-4ea9-abfb-0b268e66bbd9,324000
92,Sade,67930b3e-e00b-469f-8c74-fd69f20522ec,5,Paradise,671704,3998436,cc600c3c-9e0c-45aa-8905-4d73e8d278c5,215000
92,Sade,67930b3e-e00b-469f-8c74-fd69f20522ec,6,Your Love Is King,649787,3662985,4985c616-f1f3-4780-89cd-c881edb04a3a,239000
92,Sade,67930b3e-e00b-469f-8c74-fd69f20522ec,7,By Your Side,640097,3759822,87a3f3a0-a939-4b4c-8ab4-038686b743ed,258893
92,Sade,67930b3e-e00b-469f-8c74-fd69f20522ec,8,Is It a Crime,606072,4666849,bf118828-114b-4c70-a32b-9e113e583fff,
92,Sade,67930b3e-e00b-469f-8c74-fd69f20522ec,9,The Sweetest Taboo,593465,3507999,5e4d1492-a82f-4652-a033-ca8e5dda33d8,339000
92,Sade,67930b3e-e00b-469f-8c74-fd69f20522ec,10,Smooth Operator,568130,3285529,d8290ac3-d122-4849-b7af-ec1728bf262f,247360
92,Sade,67930b3e-e00b-469f-8c74-fd69f20522ec,11,Cherish the Day,487250,3269571,84484aab-2297-417a-9449-58dddaf10940,108684
92,Sade,67930b3e-e00b-469f-8c74-fd69f20522ec,12,Pearls,458907,3326650,b38a7b88-054f-45f2-81ae-180bda94ed82,294000
92,Sade,67930b3e-e00b-469f-8c74-fd69f20522ec,13,Hang On to Your Love,442254,2210582,605a2066-1a0b-46dc-813a-99e2045317f9,217000
92,Sade,67930b3e-e00b-469f-8c74-fd69f20522ec,14,Nothing Can Come Between Us,373664,1784407,9ffab079-a438-41a4-90c9-9c5b39d78b19,
92,Sade,67930b3e-e00b-469f-8c74-fd69f20522ec,15,Jezebel,333771,1630388,0f80b50c-3f7b-4749-a98b-a98f8faedb07,
93,Conan Gray,850a8b03-98a7-4fd3-afbd-5e5520b4ef5f,1,Heather,1402694,19603619,aec921c0-1e88-42d9-afed-a60c6660ddac,205000
93,Conan Gray,850a8b03-98a7-4fd3-afbd-5e5520b4ef5f,2,Maniac,1057065,14126678,c65abacf-8663-412e-9756-827abca03375,213000
93,Conan Gray,850a8b03-98a7-4fd3-afbd-5e5520b4ef5f,3,Astronomy,724705,10284425,da1ae1a0-c38a-4f7f-aa51-7d59386be307,243907
93,Conan Gray,850a8b03-98a7-4fd3-afbd-5e5520b4ef5f,4,People Watching,714845,12884163,5812290c-fad0-4362-9064-6bf64ce87c4b,158537
93,Conan Gray,850a8b03-98a7-4fd3-afbd-5e5520b4ef5f,5,Memories,705189,11580363,7be58bb6-de57-47e2-bc0d-f9a414cab620,290000
93,Conan Gray,850a8b03-98a7-4fd3-afbd-5e5520b4ef5f,6,The Cut That Always Bleeds,648199,9401594,732040c8-5f2c-49cf-bd77-207d6ee4dfd0,238193
93,Conan Gray,850a8b03-98a7-4fd3-afbd-5e5520b4ef5f,7,Wish You Were Sober,629942,8945488,792d412c-b87c-42e4-a6e9-e59b919c098a,191000
93,Conan Gray,850a8b03-98a7-4fd3-afbd-5e5520b4ef5f,8,Crush Culture,486871,4713291,c77aeda9-0238-4a1d-9d5e-1ff80bf33dba,204120
93,Conan Gray,850a8b03-98a7-4fd3-afbd-5e5520b4ef5f,9,Family Line,486064,7681941,ae4c2451-f885-4ac0-a397-baf38e2f4286,216095
93,Conan Gray,850a8b03-98a7-4fd3-afbd-5e5520b4ef5f,10,Comfort Crowd,474956,5264248,7abf89ab-3e14-4f30-80ac-9653c7e97fe4,193000
93,Conan Gray,850a8b03-98a7-4fd3-afbd-5e5520b4ef5f,11,Lookalike,457024,4903207,94b7a677-8a29-4628-9454-125a07e9f722,220866
93,Conan Gray,850a8b03-98a7-4fd3-afbd-5e5520b4ef5f,12,Overdrive,398371,4242079,9fdbe255-b7f1-454a-a4e4-3ae9eb1fc0f0,183000
93,Conan Gray,850a8b03-98a7-4fd3-afbd-5e5520b4ef5f,13,The Story,379054,3832272,87683693-f4aa-40ce-8a0a-92e7c7f3a15e,245228
93,Conan Gray,850a8b03-98a7-4fd3-afbd-5e5520b4ef5f,14,The Exit,373688,5972606,327ba2ef-edfa-4b37-9641-68ca3eafd6d9,221054
93,Conan Gray,850a8b03-98a7-4fd3-afbd-5e5520b4ef5f,15,Fight or Flight,336721,3976474,0fdc97c5-abe4-47f4-88d6-c88604ab7ca2,171476
94,Black Eyed Peas,d5be5333-4171-427e-8e12-732087c6b78e,1,I Gotta Feeling,2061053,14858845,923d766a-6c9d-430a-9485-91adb9126116,290080
94,Black Eyed Peas,d5be5333-4171-427e-8e12-732087c6b78e,2,Pump It,1547397,10261637,6722bb1a-d849-4e27-8901-8afd5b767e43,
94,Black Eyed Peas,d5be5333-4171-427e-8e12-732087c6b78e,3,Meet Me Halfway,1424536,13851327,6804596a-46e9-48b3-abf5-8ab20a7061d0,283000
94,Black Eyed Peas,d5be5333-4171-427e-8e12-732087c6b78e,4,Boom Boom Pow,1259585,7139965,30773167-c32e-42d4-9e8c-f4a2f9f408cf,241000
94,Black Eyed Peas,d5be5333-4171-427e-8e12-732087c6b78e,5,My Humps,1089222,5465342,c91f2c77-615b-4a85-950a-3bb7871cc629,217000
94,Black Eyed Peas,d5be5333-4171-427e-8e12-732087c6b78e,6,Rock That Body,965631,7321275,30e7d085-479e-4902-af37-f32339e60462,
94,Black Eyed Peas,d5be5333-4171-427e-8e12-732087c6b78e,7,Where Is the Love?,824862,4804844,b2f4ec92-ab22-47a8-be05-15d95877a97d,274000
94,Black Eyed Peas,d5be5333-4171-427e-8e12-732087c6b78e,8,Just Can’t Get Enough,782913,5579372,d546b69c-ffab-429e-b774-9e68103d4de5,221000
94,Black Eyed Peas,d5be5333-4171-427e-8e12-732087c6b78e,9,Imma Be,731926,4517423,67156be2-2402-4a55-83b2-5ed99c89c16d,255000
94,Black Eyed Peas,d5be5333-4171-427e-8e12-732087c6b78e,10,Don't Phunk with My Heart,629274,3348421,90b1932c-b6f5-4d77-a8f2-9cd6ff16cc61,240573
94,Black Eyed Peas,d5be5333-4171-427e-8e12-732087c6b78e,11,Shut Up,591752,3034873,19db7e6c-c31f-4b71-bdca-6df4eaf98d46,308106
94,Black Eyed Peas,d5be5333-4171-427e-8e12-732087c6b78e,12,Don't Lie,463936,2483156,facd5899-e204-4ad6-828c-41974bf874c7,219000
94,Black Eyed Peas,d5be5333-4171-427e-8e12-732087c6b78e,13,The Time (Dirty Bit),451659,2589677,e29ec50a-5440-4d19-b36e-81b67f624546,308000
94,Black Eyed Peas,d5be5333-4171-427e-8e12-732087c6b78e,14,Hey Mama,448939,2121045,1d111783-686c-460e-939b-74912c16708a,214000
94,Black Eyed Peas,d5be5333-4171-427e-8e12-732087c6b78e,15,Let's Get It Started - Spike Mix,360390,1680602,,
95,Dua Lipa,6f1a58bf-9b1b-49cf-a44a-6cefad7ae04f,1,Don't Start Now,1459601,22789945,bd53c333-f1bd-465b-81ae-3c1f2ff28fa3,189000
95,Dua Lipa,6f1a58bf-9b1b-49cf-a44a-6cefad7ae04f,2,New Rules,1220125,12748743,7ebd2be8-66db-4770-80bb-89b4ea578608,233000
95,Dua Lipa,6f1a58bf-9b1b-49cf-a44a-6cefad7ae04f,3,Levitating (feat. DaBaby),1169479,10855273,,
95,Dua Lipa,6f1a58bf-9b1b-49cf-a44a-6cefad7ae04f,4,Levitating,1123351,15751343,d1f8ccd0-6898-48dc-acd6-e42a4c60956e,204000
95,Dua Lipa,6f1a58bf-9b1b-49cf-a44a-6cefad7ae04f,5,Break My Heart,1053126,14259611,d982d693-d118-4052-9da1-ecb1f3198d03,222000
95,Dua Lipa,6f1a58bf-9b1b-49cf-a44a-6cefad7ae04f,6,Physical,951459,17760421,509a83a4-03d8-45d3-a0e2-641b3f281857,123000
95,Dua Lipa,6f1a58bf-9b1b-49cf-a44a-6cefad7ae04f,7,Houdini,911450,16608121,fc90b98b-a090-42aa-9d49-f90131acf9bf,188000
95,Dua Lipa,6f1a58bf-9b1b-49cf-a44a-6cefad7ae04f,8,IDGAF,886730,8730695,daff3437-1eb6-4617-8ce4-feaf7321cc44,
95,Dua Lipa,6f1a58bf-9b1b-49cf-a44a-6cefad7ae04f,9,Dance The Night - From Barbie The Album,810708,6416273,,
95,Dua Lipa,6f1a58bf-9b1b-49cf-a44a-6cefad7ae04f,10,Love Again,771349,10794427,995e56ff-272f-45c9-b3fb-4e196f29a114,258000
95,Dua Lipa,6f1a58bf-9b1b-49cf-a44a-6cefad7ae04f,11,Training Season,708024,10456115,415824fa-6315-4043-aeb0-eb84a9dfa552,209487
95,Dua Lipa,6f1a58bf-9b1b-49cf-a44a-6cefad7ae04f,12,Hallucinate,608290,9043055,99705448-06bd-46a8-83dd-e0b1490fae0b,209000
95,Dua Lipa,6f1a58bf-9b1b-49cf-a44a-6cefad7ae04f,13,Blow Your Mind (Mwah),593338,6200568,9a156521-fff8-4457-8b00-6d8d3c90a6b2,178583
95,Dua Lipa,6f1a58bf-9b1b-49cf-a44a-6cefad7ae04f,14,Pretty Please,573864,8117555,765bfecf-760a-4ad5-adb4-c89537501554,194607
95,Dua Lipa,6f1a58bf-9b1b-49cf-a44a-6cefad7ae04f,15,Be the One,570117,6488667,cb6cf879-50d3-464f-ab32-87dea4cd74e1,202914
96,BTS,0d79fe8e-ba27-4859-bb8c-2f255f346853,1,Dynamite,968009,148121427,2e3df1b2-7d1e-4300-8bdb-48784a9c40fc,199000
96,BTS,0d79fe8e-ba27-4859-bb8c-2f255f346853,2,Boy With Luv (feat. Halsey),826533,73756586,,
96,BTS,0d79fe8e-ba27-4859-bb8c-2f255f346853,3,Butter,750378,140018012,4b38141e-404e-4a32-bbf6-6a0c3dacc377,183000
96,BTS,0d79fe8e-ba27-4859-bb8c-2f255f346853,4,FAKE LOVE,729283,119210945,b2ff1df0-eff0-4bdc-b584-620d27226082,242000
96,BTS,0d79fe8e-ba27-4859-bb8c-2f255f346853,5,DNA,693019,24604548,4e7bfe28-623f-4123-b688-e55ef346b8fe,223000
96,BTS,0d79fe8e-ba27-4859-bb8c-2f255f346853,6,Blood Sweat & Tears,686323,20567484,38f1f272-d7e8-4ae7-93ff-3e574eeef484,46410
96,BTS,0d79fe8e-ba27-4859-bb8c-2f255f346853,7,IDOL,592963,32402765,057fb67c-9aa9-405d-9bc0-0d14cf9ca3e0,223000
96,BTS,0d79fe8e-ba27-4859-bb8c-2f255f346853,8,I NEED U,592829,14874153,607c82e7-1227-44e3-b349-db2caf925f4d,211000
96,BTS,0d79fe8e-ba27-4859-bb8c-2f255f346853,9,Black Swan,585207,31920657,d2738c05-38a4-487c-ab10-dc7c6270a6f1,198260
96,BTS,0d79fe8e-ba27-4859-bb8c-2f255f346853,10,Spring Day,581209,19999795,aec719f1-1e34-4f74-96bd-58e0a7508cb2,276693
96,BTS,0d79fe8e-ba27-4859-bb8c-2f255f346853,11,Euphoria,568321,34738595,5b96b5c8-66b0-48fa-a1f2-ccbd9aa398ce,229000
96,BTS,0d79fe8e-ba27-4859-bb8c-2f255f346853,12,Pied Piper,564291,14279443,096c01bf-921b-4ca5-897b-ce51cd118e8a,245000
96,BTS,0d79fe8e-ba27-4859-bb8c-2f255f346853,13,Dimple,551674,15920972,,
96,BTS,0d79fe8e-ba27-4859-bb8c-2f255f346853,14,RUN,539028,12534825,98ff1a0b-706b-4313-86c8-932d0d4c5c4b,237000
96,BTS,0d79fe8e-ba27-4859-bb8c-2f255f346853,15,ON,534605,33858231,daee9b09-d34a-4594-82ed-b11808275ace,355000
97,XXXTENTACION,61af87f4-16ee-4431-8504-cc06187079fb,1,Revenge,1200242,19867233,1b53241e-5233-4be1-947b-2106fcadc89c,120026
97,XXXTENTACION,61af87f4-16ee-4431-8504-cc06187079fb,2,Jocelyn Flores,1140167,15447965,4181d588-8286-462f-9331-2f8340ffcccb,119000
97,XXXTENTACION,61af87f4-16ee-4431-8504-cc06187079fb,3,Sad!,1081249,12713770,f55b8704-f119-4103-9988-0eb4f713c880,166613
97,XXXTENTACION,61af87f4-16ee-4431-8504-cc06187079fb,4,Moonlight,1047452,12163102,89fefa63-c7ec-49a8-8b19-4d7e0d52eb8d,135000
97,XXXTENTACION,61af87f4-16ee-4431-8504-cc06187079fb,5,Look at Me!,983036,11225388,5463ad45-2fd2-48d8-ae24-c5994c0be736,125786
97,XXXTENTACION,61af87f4-16ee-4431-8504-cc06187079fb,6,Everybody Dies in Their Nightmares,934424,12640783,a057eefe-4a71-4503-aa79-ed6991cfb4f0,95000
97,XXXTENTACION,61af87f4-16ee-4431-8504-cc06187079fb,7,HOPE,825300,10487645,b3f69098-878d-4ebb-85bc-50dfeb496ea6,105000
97,XXXTENTACION,61af87f4-16ee-4431-8504-cc06187079fb,8,fuck love,770801,9689828,4d3336fd-5428-40b8-8325-7754520eba30,146000
97,XXXTENTACION,61af87f4-16ee-4431-8504-cc06187079fb,9,RIOT,660207,7793191,cc41e13a-eb6d-409d-b4a2-072af1209171,79000
97,XXXTENTACION,61af87f4-16ee-4431-8504-cc06187079fb,10,changes,619602,6355223,7ff615ac-fda2-4d54-a36e-e38ff382241e,121880
97,XXXTENTACION,61af87f4-16ee-4431-8504-cc06187079fb,11,I don't wanna do this anymore,607271,10331284,0975f296-69ab-4022-840c-e0a399536572,87561
97,XXXTENTACION,61af87f4-16ee-4431-8504-cc06187079fb,12,BAD!,576237,5069658,d5ddede3-e821-4a77-aecf-e51794a76366,94246
97,XXXTENTACION,61af87f4-16ee-4431-8504-cc06187079fb,13,Fuck Love (Feat. Trippie Redd),576109,8261292,,
97,XXXTENTACION,61af87f4-16ee-4431-8504-cc06187079fb,14,the remedy for a broken heart (why am i so in love),551215,6645495,ccbf480e-9685-4ff7-9c6a-e14c20dd12ae,160000
97,XXXTENTACION,61af87f4-16ee-4431-8504-cc06187079fb,15,infinity (888) - feat. Joey Bada$$,542301,7611021,,
98,Fall Out Boy,516cef4d-0718-4007-9939-f9b38af3f784,1,"Dance, Dance",1734712,19570559,5290b9c5-f404-4d71-b17d-eb40d4900b91,203000
98,Fall Out Boy,516cef4d-0718-4007-9939-f9b38af3f784,2,Thnks fr th Mmrs,1635305,18209123,2429d86c-e444-467f-9f5e-aa883f79e334,
98,Fall Out Boy,516cef4d-0718-4007-9939-f9b38af3f784,3,"Sugar, We're Goin Down",1396049,13931250,443ee9b7-95af-4452-9db1-b1334117638b,217120
98,Fall Out Boy,516cef4d-0718-4007-9939-f9b38af3f784,4,"This Ain't a Scene, It's an Arms Race",1162716,10947496,3dd51cfd-bf00-42f9-b835-badebd7aa470,204068
98,Fall Out Boy,516cef4d-0718-4007-9939-f9b38af3f784,5,Centuries,1099485,9844617,e9d3cf45-2ef2-4c43-968f-f4e5fd0fdf02,287666
98,Fall Out Boy,516cef4d-0718-4007-9939-f9b38af3f784,6,My Songs Know What You Did in the Dark (Light Em Up),918022,8939042,fec14afa-2565-4557-818b-304f43f711e9,192000
98,Fall Out Boy,516cef4d-0718-4007-9939-f9b38af3f784,7,I Don't Care,677040,6687776,bc86f3e1-fc1f-4560-8fd8-952d84e12e11,451546
98,Fall Out Boy,516cef4d-0718-4007-9939-f9b38af3f784,8,Immortals,641254,5814446,fe68feb5-e3b2-448e-836e-d04f19d7e910,195026
98,Fall Out Boy,516cef4d-0718-4007-9939-f9b38af3f784,9,"A Little Less Sixteen Candles, a Little More ""Touch Me""",593728,5678436,,
98,Fall Out Boy,516cef4d-0718-4007-9939-f9b38af3f784,10,The Phoenix,563212,6281664,36b02c04-bf13-4d65-ba48-e00dab4a7453,245000
98,Fall Out Boy,516cef4d-0718-4007-9939-f9b38af3f784,11,Nobody Puts Baby in the Corner,518516,4932917,a5d876a2-ba3d-4d4d-9fb3-62026125b559,213000
98,Fall Out Boy,516cef4d-0718-4007-9939-f9b38af3f784,12,Uma Thurman,502450,4226213,84603bb1-4c9c-4d07-950e-7e6bbe430e9b,211905
98,Fall Out Boy,516cef4d-0718-4007-9939-f9b38af3f784,13,I'm Like a Lawyer With the Way I'm Always Trying to Get You Off (Me & You),497838,4905194,41cfbf8d-89f6-41f0-acbf-73539aa60b08,211748
98,Fall Out Boy,516cef4d-0718-4007-9939-f9b38af3f784,14,Hum Hallelujah,478008,4364420,5042bec2-e840-4a4e-a6d0-60f68f781bb0,239333
98,Fall Out Boy,516cef4d-0718-4007-9939-f9b38af3f784,15,Thriller,463795,3750229,3b1f5460-410f-4242-a9e6-abdedcccd194,203000
99,Kid Cudi,e0e1db18-f7ba-4dee-95ff-7ae8cf545460,1,Pursuit of Happiness (Nightmare),1206625,13056445,2213d5ec-78da-4810-911c-b0870daf2351,379693
99,Kid Cudi,e0e1db18-f7ba-4dee-95ff-7ae8cf545460,2,Day 'n' Nite (Nightmare),1113122,11777453,19b67c41-d412-49de-94e5-984b755233d9,223000
99,Kid Cudi,e0e1db18-f7ba-4dee-95ff-7ae8cf545460,3,Soundtrack 2 My Life,1097644,9515700,1a77c62c-da36-43cc-8121-fb101872382f,232000
99,Kid Cudi,e0e1db18-f7ba-4dee-95ff-7ae8cf545460,4,Mr. Rager,1046060,14635103,fa3bb417-be26-4907-b6e1-78259c869aca,401000
99,Kid Cudi,e0e1db18-f7ba-4dee-95ff-7ae8cf545460,5,Cudi Zone,705275,5162705,1849fb91-c6ac-4944-91e5-903ab5cc94a9,259000
99,Kid Cudi,e0e1db18-f7ba-4dee-95ff-7ae8cf545460,6,Sky Might Fall,619939,3818822,76c35ff2-e744-4ede-aab1-736f27d8a2f1,220973
99,Kid Cudi,e0e1db18-f7ba-4dee-95ff-7ae8cf545460,7,Simple As...,598345,3149204,ccc541d8-5130-43d0-86c4-f910f4c9fd20,151000
99,Kid Cudi,e0e1db18-f7ba-4dee-95ff-7ae8cf545460,8,Up Up & Away,578289,4526873,5c8629cc-b2f2-4660-8b31-a9921b363981,227346
99,Kid Cudi,e0e1db18-f7ba-4dee-95ff-7ae8cf545460,9,Erase Me - Main,529826,5904634,,
99,Kid Cudi,e0e1db18-f7ba-4dee-95ff-7ae8cf545460,10,Heart of a Lion (Kid Cudi Theme Music),518813,3067968,3e6233fb-f4ae-4f17-ba8b-a29ce661117d,261000
99,Kid Cudi,e0e1db18-f7ba-4dee-95ff-7ae8cf545460,11,Solo Dolo (Nightmare),477510,2896096,c3405993-72c5-4af2-ade6-82daa188ab8a,266000
99,Kid Cudi,e0e1db18-f7ba-4dee-95ff-7ae8cf545460,12,In My Dreams (Cudder Anthem),453683,2310804,5e5e1f06-759b-4e20-a2c6-053100c888a1,199000
99,Kid Cudi,e0e1db18-f7ba-4dee-95ff-7ae8cf545460,13,Marijuana,436537,3168167,484573c8-98be-45a0-b984-f100e731e61f,260000
99,Kid Cudi,e0e1db18-f7ba-4dee-95ff-7ae8cf545460,14,Make Her Say,435329,2852289,ff2a00b6-3750-4a99-ae9f-a2ddd1b07d68,197000
99,Kid Cudi,e0e1db18-f7ba-4dee-95ff-7ae8cf545460,15,Tequila Shots,434052,5462479,1612b161-c4ba-47a8-9822-350301143ec8,193293
100,Lil Peep,92da4329-77a4-425c-8e92-4280110cace9,1,Star Shopping,982674,22981595,ad3cc0a5-4584-47cd-b2f5-8fa790d424d5,141000
100,Lil Peep,92da4329-77a4-425c-8e92-4280110cace9,2,Falling Down - Bonus Track,969610,13863795,,
100,Lil Peep,92da4329-77a4-425c-8e92-4280110cace9,3,Save That Shit,677116,10761886,4bf90b55-930c-4ca3-88ab-0f642c12dbea,232000
100,Lil Peep,92da4329-77a4-425c-8e92-4280110cace9,4,nuts,664186,14970924,9afe2751-116e-494c-aac5-1f2f46bbcfd4,85236
100,Lil Peep,92da4329-77a4-425c-8e92-4280110cace9,5,white tee,570000,9780960,4f77d04b-5b80-4493-af53-01245808a38e,115931
100,Lil Peep,92da4329-77a4-425c-8e92-4280110cace9,6,Beamer Boy,527015,8433171,9f4b3ba9-2223-4330-8782-a4eb0e4491be,203000
100,Lil Peep,92da4329-77a4-425c-8e92-4280110cace9,7,witchblades,453457,7234330,703270de-f405-4677-9a42-ae78a78f06f8,150000
100,Lil Peep,92da4329-77a4-425c-8e92-4280110cace9,8,Benz Truck (гелик),422981,6300699,60871e52-3627-4c18-9965-2befa01bb024,160000
100,Lil Peep,92da4329-77a4-425c-8e92-4280110cace9,9,Your Favorite Dress,371890,5853693,a3e5a4a7-6f6b-4727-af46-710573def2ee,177386
100,Lil Peep,92da4329-77a4-425c-8e92-4280110cace9,10,ghost boy,360359,6085571,1b8121fc-0a53-4c76-ac8f-f03fe742c9af,130973
100,Lil Peep,92da4329-77a4-425c-8e92-4280110cace9,11,Awful Things,356716,4728062,7eb5f623-24d7-4e8b-b82a-fc48bb4772f2,205688
100,Lil Peep,92da4329-77a4-425c-8e92-4280110cace9,12,Life is Beautiful,354639,5156545,946dddd3-a298-4dda-ae7a-61941d06f4ac,207587
100,Lil Peep,92da4329-77a4-425c-8e92-4280110cace9,13,gym class,328192,5511628,98457c66-6f39-4288-8b12-6aa8c33293e7,217000
100,Lil Peep,92da4329-77a4-425c-8e92-4280110cace9,14,Runaway,306186,3917416,ec04e646-1a1d-4e73-925b-65207ac2722e,192760
100,Lil Peep,92da4329-77a4-425c-8e92-4280110cace9,15,The Brightside,304780,4201078,4724183b-9b8a-441c-93c4-081d583dd79d,216000
101,NewJeans,49204a7a-ed85-407a-828f-6fd46f1d8126,1,Super Shy,1079599,27208293,df4c608f-9487-438c-a07e-23b740977988,155000
101,NewJeans,49204a7a-ed85-407a-828f-6fd46f1d8126,2,Ditto,922192,32273432,f990b8da-784e-4a37-a3bd-2fd6481e2e06,185507
101,NewJeans,49204a7a-ed85-407a-828f-6fd46f1d8126,3,OMG,916292,27639563,1357cb76-0307-4e79-83f0-f3ba3a2d9e68,212000
101,NewJeans,49204a7a-ed85-407a-828f-6fd46f1d8126,4,New Jeans,890645,21512344,2c124b3c-e76b-4046-9980-e88c5ffa4ab2,210000
101,NewJeans,49204a7a-ed85-407a-828f-6fd46f1d8126,5,Hype Boy,801471,25568532,93878983-b722-4db5-aba3-d257a0a95cf0,180000
101,NewJeans,49204a7a-ed85-407a-828f-6fd46f1d8126,6,Attention,800253,21690360,cf7bf743-30f9-4ac8-beae-a32d977626ae,179000
101,NewJeans,49204a7a-ed85-407a-828f-6fd46f1d8126,7,ETA,788601,21810933,af974cc8-b7fc-436c-9a9b-fdccba7ecd84,216000
101,NewJeans,49204a7a-ed85-407a-828f-6fd46f1d8126,8,Cool With You,610798,15146653,53d569c4-0593-4e38-87ed-05dc5303e22a,148000
101,NewJeans,49204a7a-ed85-407a-828f-6fd46f1d8126,9,Cookie,601124,14420790,059e932b-45aa-4ba1-8b1e-32e7f517f111,238000
101,NewJeans,49204a7a-ed85-407a-828f-6fd46f1d8126,10,Hurt,540358,12537585,f7922d21-bfdc-463d-8403-896e3990d030,176000
101,NewJeans,49204a7a-ed85-407a-828f-6fd46f1d8126,11,ASAP,533093,9745542,789eb954-e825-4f89-adfc-cf278e7fd176,135000
101,NewJeans,49204a7a-ed85-407a-828f-6fd46f1d8126,12,How Sweet,520270,11069986,466dcccd-0e69-46fb-840f-d1412f2e09c0,219000
101,NewJeans,49204a7a-ed85-407a-828f-6fd46f1d8126,13,Get Up,505926,20780130,5506d4aa-da8c-4490-a9e0-0ed4c1473f95,36000
101,NewJeans,49204a7a-ed85-407a-828f-6fd46f1d8126,14,Supernatural,462907,11251261,b8526072-3a60-426b-850c-5a9fb2257dbf,191000
101,NewJeans,49204a7a-ed85-407a-828f-6fd46f1d8126,15,Bubble Gum,357655,6504837,be642626-1e93-495a-8d96-2a1630aa92a2,200000
104,Magdalena Bay,68c261d5-48c8-4ea9-9466-9fc908dc79bb,1,Killshot,620599,6884312,bb1dd654-4fc6-4839-a79b-6ddfe940ea95,236363
104,Magdalena Bay,68c261d5-48c8-4ea9-9466-9fc908dc79bb,2,Image,583924,8148232,e47b391b-885c-45b5-ad5c-aec562465609,230000
104,Magdalena Bay,68c261d5-48c8-4ea9-9466-9fc908dc79bb,3,Death & Romance,421351,5070633,5b34596b-e458-40c9-91e5-5b97491fb07c,314733
104,Magdalena Bay,68c261d5-48c8-4ea9-9466-9fc908dc79bb,4,Killing Time,373394,3749856,b2fc55d4-30ce-416d-a03b-0d8892584663,233000
104,Magdalena Bay,68c261d5-48c8-4ea9-9466-9fc908dc79bb,5,Love Is Everywhere,348984,2960844,e15047be-ea52-4817-a1d4-d556818a49f0,194000
104,Magdalena Bay,68c261d5-48c8-4ea9-9466-9fc908dc79bb,6,Killshot - Slowed + Reverb,339313,2705742,,
104,Magdalena Bay,68c261d5-48c8-4ea9-9466-9fc908dc79bb,7,She Looked Like Me!,313811,2789823,70487029-1d32-4b7a-ba2a-acfe2462f312,193000
104,Magdalena Bay,68c261d5-48c8-4ea9-9466-9fc908dc79bb,8,"Fear, Sex",303659,3210876,85c1f4b0-4381-4ca1-bc00-220e6c37c7df,152000
104,Magdalena Bay,68c261d5-48c8-4ea9-9466-9fc908dc79bb,9,Cry For Me,291507,3401877,433484b9-4d7d-47d8-a1bb-32a7a216b0f3,307000
104,Magdalena Bay,68c261d5-48c8-4ea9-9466-9fc908dc79bb,10,Vampire In The Corner,276801,2972527,d818b0d0-b7fa-4277-b018-90799627bbed,202000
104,Magdalena Bay,68c261d5-48c8-4ea9-9466-9fc908dc79bb,11,True Blue Interlude,271298,2063512,825a791f-f00c-4fd8-8e75-260e9838d704,109000
104,Magdalena Bay,68c261d5-48c8-4ea9-9466-9fc908dc79bb,12,That's My Floor,263246,2620628,8ecc6ae7-857e-41cd-8a73-ac330210fe70,209000
104,Magdalena Bay,68c261d5-48c8-4ea9-9466-9fc908dc79bb,13,Tunnel Vision,262808,2363473,de410730-4c29-41f9-8c92-7828f99ee492,305000
104,Magdalena Bay,68c261d5-48c8-4ea9-9466-9fc908dc79bb,14,Watching T.V.,260660,2582497,82b44587-0a63-483d-8fab-be34801d83f9,245000
104,Magdalena Bay,68c261d5-48c8-4ea9-9466-9fc908dc79bb,15,Secrets (Your Fire),251758,2745615,e8aeffe6-6f20-455c-961e-f4139e4cede9,245897
105,Gracie Abrams,f7441bc7-d7de-4813-a2fc-31a4033d396d,1,that’s so true,894568,18723889,c5e1ac44-ce03-49ef-8db9-86efeed55b20,242000
105,Gracie Abrams,f7441bc7-d7de-4813-a2fc-31a4033d396d,2,"I Love You, I'm Sorry",807828,17712952,f322ed94-e8d9-401f-9c3d-f3cfed1a41d9,157270
105,Gracie Abrams,f7441bc7-d7de-4813-a2fc-31a4033d396d,3,"I miss you, I’m sorry",741873,14239043,6879e9ff-5604-45c6-bff5-d61df688b061,171000
105,Gracie Abrams,f7441bc7-d7de-4813-a2fc-31a4033d396d,4,Close to You,638924,12168108,c77235bc-604e-4c59-abac-c9b1b08c51c4,225973
105,Gracie Abrams,f7441bc7-d7de-4813-a2fc-31a4033d396d,5,Risk,481394,11003176,769fa594-1bac-44b0-8523-3e980e699b17,218000
105,Gracie Abrams,f7441bc7-d7de-4813-a2fc-31a4033d396d,6,Feels Like,474768,8849986,05532a34-ef45-46cf-8d83-613de246c475,220000
105,Gracie Abrams,f7441bc7-d7de-4813-a2fc-31a4033d396d,7,Mess It Up,463920,9215439,92a979ec-b4d8-4641-9e5c-215a8264f315,171280
105,Gracie Abrams,f7441bc7-d7de-4813-a2fc-31a4033d396d,8,21,448690,7656611,0cadae10-a549-4695-8548-843462357708,185172
105,Gracie Abrams,f7441bc7-d7de-4813-a2fc-31a4033d396d,9,I know it won't work,441989,8322016,f69929c2-c13a-48a0-904b-771776e72c4f,245000
105,Gracie Abrams,f7441bc7-d7de-4813-a2fc-31a4033d396d,10,us. (feat. Taylor Swift),437522,8044164,,
105,Gracie Abrams,f7441bc7-d7de-4813-a2fc-31a4033d396d,11,Blowing Smoke,313125,6099528,e78218e7-d38d-4b5f-a16d-5a12f392720f,232267
105,Gracie Abrams,f7441bc7-d7de-4813-a2fc-31a4033d396d,12,Stay,308407,3572659,91b2ea1f-a6f3-41a6-91d3-4c36e6521966,177000
105,Gracie Abrams,f7441bc7-d7de-4813-a2fc-31a4033d396d,13,Where do we go now?,290030,5328069,7b66ef31-3be6-4035-9c94-f15f8372d956,279000
105,Gracie Abrams,f7441bc7-d7de-4813-a2fc-31a4033d396d,14,"I Love You, I'm Sorry - Live From Vevo",271338,4456638,,
105,Gracie Abrams,f7441bc7-d7de-4813-a2fc-31a4033d396d,15,Tough Love,261148,4815493,6f3edcd4-83e1-4dcc-9036-163eeb647617,169000
106,Alex G,7df4c4de-3181-4a69-bd36-9d663970cebb,1,Sarah,1012696,17903463,62f3900e-a74f-4001-b7e8-fdac1b26c744,176000
106,Alex G,7df4c4de-3181-4a69-bd36-9d663970cebb,2,Mary,978268,14691743,91321f3d-211b-4b77-ae00-9e83ae3346bd,
106,Alex G,7df4c4de-3181-4a69-bd36-9d663970cebb,3,Treehouse,863014,9932775,9b5a4037-fee1-4233-9931-c9e8cdea04b8,92000
106,Alex G,7df4c4de-3181-4a69-bd36-9d663970cebb,4,Advice,741345,9310350,ec5fda73-1f8c-416b-a65b-91d5a0b68a5f,160000
106,Alex G,7df4c4de-3181-4a69-bd36-9d663970cebb,5,16 Mirrors,667542,10536995,3be39b7b-1b7a-40fd-82ff-af28bf458c24,87170
106,Alex G,7df4c4de-3181-4a69-bd36-9d663970cebb,6,Change,571116,6567950,18a5d459-7996-495e-ad34-c68e66bc1f42,127000
106,Alex G,7df4c4de-3181-4a69-bd36-9d663970cebb,7,Forever,568941,7162880,02296fc1-74b5-4f41-9f8b-0cb0b561fd88,
106,Alex G,7df4c4de-3181-4a69-bd36-9d663970cebb,8,Mis,480742,6672401,afdb40f6-15e7-4b1e-bfa3-fc12e645de11,200680
106,Alex G,7df4c4de-3181-4a69-bd36-9d663970cebb,9,Things to Do,453725,6471298,cccb9b27-071f-4b95-bd02-8809529e9650,157875
106,Alex G,7df4c4de-3181-4a69-bd36-9d663970cebb,10,Gnaw,411179,6284615,20f021d9-bd52-494c-8db8-a9d934a48697,201818
106,Alex G,7df4c4de-3181-4a69-bd36-9d663970cebb,11,Harvey,402243,7351240,d5b85886-ff4a-48dc-8090-8d2d2f2ac943,99000
106,Alex G,7df4c4de-3181-4a69-bd36-9d663970cebb,12,TV,356489,3452202,97e535ec-2056-44b1-8ddc-63b2464ec909,75525
106,Alex G,7df4c4de-3181-4a69-bd36-9d663970cebb,13,Race,355602,4532554,f4bdd956-4147-4422-aed8-587995886549,223256
106,Alex G,7df4c4de-3181-4a69-bd36-9d663970cebb,14,Sorry,327183,3868577,5206d510-6889-4ca3-b79b-42849373165d,162000
106,Alex G,7df4c4de-3181-4a69-bd36-9d663970cebb,15,Memory,288804,2462146,eabfbf0d-4e58-464a-bfd8-7f8db04ded83,207000
107,LE SSERAFIM,1ee37742-1e3d-4e61-84d2-bc85f4c1459a,1,ANTIFRAGILE,784289,22605537,10e29aa9-6634-444e-a1e2-c51d1616049d,
107,LE SSERAFIM,1ee37742-1e3d-4e61-84d2-bc85f4c1459a,2,CRAZY,765546,16901856,849e77ba-3ae0-438b-9367-d4031e291862,174000
107,LE SSERAFIM,1ee37742-1e3d-4e61-84d2-bc85f4c1459a,3,Perfect Night,656508,16612466,299d376d-e568-44d8-bdbd-aca427671469,159080
107,LE SSERAFIM,1ee37742-1e3d-4e61-84d2-bc85f4c1459a,4,"Eve, Psyche & The Bluebeard’s wife",563412,12189667,3b7e06a1-a666-4d96-a287-92009e3d1e63,
107,LE SSERAFIM,1ee37742-1e3d-4e61-84d2-bc85f4c1459a,5,Smart,532711,11194552,9b8c07f6-f0b4-4b7b-9d92-5f503307baaa,166384
107,LE SSERAFIM,1ee37742-1e3d-4e61-84d2-bc85f4c1459a,6,EASY,513468,10963958,d8456b5a-b4b1-4dca-90cd-b4c8c563a8d1,165000
107,LE SSERAFIM,1ee37742-1e3d-4e61-84d2-bc85f4c1459a,7,Sour Grapes,505250,10723914,ade4f3d2-6522-4c95-b4f4-42fe09512373,
107,LE SSERAFIM,1ee37742-1e3d-4e61-84d2-bc85f4c1459a,8,Impurities,475681,10414726,62a0f044-601b-4cc0-a03f-f0f742a213b1,222000
107,LE SSERAFIM,1ee37742-1e3d-4e61-84d2-bc85f4c1459a,9,UNFORGIVEN (feat. Nile Rodgers),475228,9877825,,
107,LE SSERAFIM,1ee37742-1e3d-4e61-84d2-bc85f4c1459a,10,FEARLESS,447773,11002753,f59ba637-f97b-4ed7-b5a3-25540cb11cec,182000
107,LE SSERAFIM,1ee37742-1e3d-4e61-84d2-bc85f4c1459a,11,FEARLESS (2023 ver.),379028,3152593,3dc85b37-3b98-400c-abfa-9a5a1f8c5d50,168440
107,LE SSERAFIM,1ee37742-1e3d-4e61-84d2-bc85f4c1459a,12,1-800-hot-n-fun,347429,6065666,28138ea5-d861-4dc9-84fe-be987d69865a,173000
107,LE SSERAFIM,1ee37742-1e3d-4e61-84d2-bc85f4c1459a,13,Blue Flame,330256,7847910,50a79497-0690-4220-96a2-d62ca5d5ed96,202000
107,LE SSERAFIM,1ee37742-1e3d-4e61-84d2-bc85f4c1459a,14,Blue Flame (2023 ver.),327862,3179276,401a52a6-cc93-4f63-a75b-154ea1acc474,201893
107,LE SSERAFIM,1ee37742-1e3d-4e61-84d2-bc85f4c1459a,15,HOT,302451,6293280,0f551c5d-b971-4fa8-a9a7-788149d7702a,143797
108,Lil Wayne,ac9a487a-d9d2-4f27-bb23-0f4686488345,1,Love Me,950515,12096015,2d753ebb-32ed-4b4a-8e83-45e5c7db591b,38000
108,Lil Wayne,ac9a487a-d9d2-4f27-bb23-0f4686488345,2,A Milli,786290,6049141,bfd6079c-8051-455c-b0a8-5d8fed0d7286,222000
108,Lil Wayne,ac9a487a-d9d2-4f27-bb23-0f4686488345,3,Lollipop,726863,4926768,20a09cb5-cd49-44d6-a128-cc854d007a41,247000
108,Lil Wayne,ac9a487a-d9d2-4f27-bb23-0f4686488345,4,"Sucker For Pain (with Wiz Khalifa, Imagine Dragons, Logic & Ty Dolla $ign feat. X Ambassadors)",636031,4219611,,
108,Lil Wayne,ac9a487a-d9d2-4f27-bb23-0f4686488345,5,She Will,548088,4981976,cdbf3ed5-8530-4b44-ae39-781103fa3636,437733
108,Lil Wayne,ac9a487a-d9d2-4f27-bb23-0f4686488345,6,6 Foot 7 Foot,543002,4653762,ff4b6319-a33a-4a84-b658-f0ea2833bdd7,236000
108,Lil Wayne,ac9a487a-d9d2-4f27-bb23-0f4686488345,7,Mirror,489167,3600127,665c1932-4a63-4b34-a384-843bc55b5280,228000
108,Lil Wayne,ac9a487a-d9d2-4f27-bb23-0f4686488345,8,Mrs. Officer,432555,3206677,763c4198-00d9-4fad-aa4f-a7693c69cdb1,118000
108,Lil Wayne,ac9a487a-d9d2-4f27-bb23-0f4686488345,9,How to Love,405489,3184257,37ef3c77-6d47-4ec3-b5a0-29934cc724c2,244000
108,Lil Wayne,ac9a487a-d9d2-4f27-bb23-0f4686488345,10,Mona Lisa (feat. Kendrick Lamar),352857,3677232,,
108,Lil Wayne,ac9a487a-d9d2-4f27-bb23-0f4686488345,11,Scared of the Dark (feat. XXXTENTACION),305568,2441181,,
108,Lil Wayne,ac9a487a-d9d2-4f27-bb23-0f4686488345,12,Let It All Work Out,252666,2343076,f5cb22fb-0d78-412d-984f-d3678061377f,316000
108,Lil Wayne,ac9a487a-d9d2-4f27-bb23-0f4686488345,13,Drop The World,250501,1622292,78921f83-e7cb-486c-8708-5dfa3c77a7af,
108,Lil Wayne,ac9a487a-d9d2-4f27-bb23-0f4686488345,14,Uproar,236138,1887305,630854cf-741a-4b68-bc9d-c648862b4180,194130
108,Lil Wayne,ac9a487a-d9d2-4f27-bb23-0f4686488345,15,3 Peat,207639,1311710,1b1c2e2f-1f30-4a28-b757-d7e604e42fc2,199000
109,David Guetta,302bd7b9-d012-4360-897a-93b00c855680,1,Titanium (feat. Sia),1307767,9364488,,
109,David Guetta,302bd7b9-d012-4360-897a-93b00c855680,2,Memories (feat. Kid Cudi),1228554,9725295,,
109,David Guetta,302bd7b9-d012-4360-897a-93b00c855680,3,Sexy Bitch (feat. Akon),1127298,8465789,,
109,David Guetta,302bd7b9-d012-4360-897a-93b00c855680,4,Where Them Girls At (feat. Nicki Minaj & Flo Rida),865328,5421978,,
109,David Guetta,302bd7b9-d012-4360-897a-93b00c855680,5,I'm Good (Blue),755367,7890045,d0807545-7192-47da-9063-e46606f0ce4b,
109,David Guetta,302bd7b9-d012-4360-897a-93b00c855680,6,Turn Me On (feat. Nicki Minaj),611576,4509303,,
109,David Guetta,302bd7b9-d012-4360-897a-93b00c855680,7,Without You (feat. Usher),596556,3444579,,
109,David Guetta,302bd7b9-d012-4360-897a-93b00c855680,8,When Love Takes Over (feat. Kelly Rowland),592875,3921850,,
109,David Guetta,302bd7b9-d012-4360-897a-93b00c855680,9,"Hey Mama (feat. Nicki Minaj, Bebe Rexha & Afrojack)",540580,3150060,,
109,David Guetta,302bd7b9-d012-4360-897a-93b00c855680,10,Who's That Chick? (feat. Rihanna),518094,3542528,,
109,David Guetta,302bd7b9-d012-4360-897a-93b00c855680,11,Play Hard (feat. Ne-Yo & Akon),439227,2319525,,
109,David Guetta,302bd7b9-d012-4360-897a-93b00c855680,12,She Wolf (Falling to Pieces) [feat. Sia],429389,3139806,,
109,David Guetta,302bd7b9-d012-4360-897a-93b00c855680,13,Bad (feat. Vassy) - radio edit,402736,2441826,,
109,David Guetta,302bd7b9-d012-4360-897a-93b00c855680,14,Lovers on the Sun (feat. Sam Martin),397883,2802760,,
109,David Guetta,302bd7b9-d012-4360-897a-93b00c855680,15,Dangerous (feat. Sam Martin),367797,2622500,,
110,Kesha,fab34286-b8e1-4879-bce3-194e1358fbd2,1,TiK ToK,1843974,13628977,51a39510-6186-40f5-bfc4-17d3e3c9e525,162826
110,Kesha,fab34286-b8e1-4879-bce3-194e1358fbd2,2,Die Young,1142723,8150954,3cd2319e-de54-433f-978f-39e5796eadc3,
110,Kesha,fab34286-b8e1-4879-bce3-194e1358fbd2,3,We R Who We R,811287,5330407,2ca8f1f0-b4ce-46d3-8b9b-80dee5b1201b,
110,Kesha,fab34286-b8e1-4879-bce3-194e1358fbd2,4,Your Love Is My Drug,796865,5940665,5f42fd0b-5d2a-448a-9630-bcd549d5cbfb,
110,Kesha,fab34286-b8e1-4879-bce3-194e1358fbd2,5,Blow,718453,4789302,ee505f42-b4f8-413c-b837-c3f4e61e0460,211000
110,Kesha,fab34286-b8e1-4879-bce3-194e1358fbd2,6,Backstabber,580558,5020669,,
110,Kesha,fab34286-b8e1-4879-bce3-194e1358fbd2,7,Cannibal,561137,4097004,,
110,Kesha,fab34286-b8e1-4879-bce3-194e1358fbd2,8,Take It Off,553288,3707055,a0c961ca-c4f4-46c8-86f6-7b7da7957be8,222000
110,Kesha,fab34286-b8e1-4879-bce3-194e1358fbd2,9,Blah Blah Blah (feat. 3OH!3),455944,3295684,,
110,Kesha,fab34286-b8e1-4879-bce3-194e1358fbd2,10,JOYRIDE,399837,5980421,63a90cb0-0f62-4b23-8540-4553bde30359,150000
110,Kesha,fab34286-b8e1-4879-bce3-194e1358fbd2,11,Praying,370142,3785523,7f76b5ed-232f-4f30-b0c3-2f33112e206c,230266
110,Kesha,fab34286-b8e1-4879-bce3-194e1358fbd2,12,JOYRIDE.,240886,1695635,63a90cb0-0f62-4b23-8540-4553bde30359,150000
110,Kesha,fab34286-b8e1-4879-bce3-194e1358fbd2,13,Grow a Pear,237681,1606121,,
110,Kesha,fab34286-b8e1-4879-bce3-194e1358fbd2,14,C'mon,216003,1633575,32f31432-3325-4c9c-9615-50b04b7143a6,238583
110,Kesha,fab34286-b8e1-4879-bce3-194e1358fbd2,15,Woman (feat. The Dap-Kings Horns),164287,1061118,,
111,Nicki Minaj,1036b808-f58c-4a3e-b461-a2c4492ecf1b,1,Starships,1652161,13857081,dc1751f2-68ef-46dd-b483-6a2e069e810a,205480
111,Nicki Minaj,1036b808-f58c-4a3e-b461-a2c4492ecf1b,2,Super Bass,1627456,15309757,533e32e2-3980-4b6b-9074-8ebbc107b396,202000
111,Nicki Minaj,1036b808-f58c-4a3e-b461-a2c4492ecf1b,3,Anaconda,889967,7056795,0ef43ad7-168e-4bc8-a192-289aeaa273f1,252320
111,Nicki Minaj,1036b808-f58c-4a3e-b461-a2c4492ecf1b,4,Super Freaky Girl,787238,10380724,27e36d94-a0a8-4e35-8572-87069382fe0b,170977
111,Nicki Minaj,1036b808-f58c-4a3e-b461-a2c4492ecf1b,5,Barbie World (with Aqua) [From Barbie the Album],752933,7813046,,
111,Nicki Minaj,1036b808-f58c-4a3e-b461-a2c4492ecf1b,6,Va Va Voom,691128,7585892,d21b0057-bf1b-4076-8158-4449f56c500e,182000
111,Nicki Minaj,1036b808-f58c-4a3e-b461-a2c4492ecf1b,7,Pound the Alarm,674812,5485818,7f8cbb07-d4e8-4341-93a2-b4e4439d297a,205640
111,Nicki Minaj,1036b808-f58c-4a3e-b461-a2c4492ecf1b,8,The Night Is Still Young,575324,5122517,20c611bb-3e4d-4d1a-9b0b-8dfcf0545da3,227712
111,Nicki Minaj,1036b808-f58c-4a3e-b461-a2c4492ecf1b,9,Chun-Li,572948,6783463,37d5a5b7-2409-447b-b499-63c4881d1b61,191600
111,Nicki Minaj,1036b808-f58c-4a3e-b461-a2c4492ecf1b,10,Only,535318,3725091,a4105434-eb17-47c8-8bc3-0a439a5da38a,185299
111,Nicki Minaj,1036b808-f58c-4a3e-b461-a2c4492ecf1b,11,Feeling Myself,531294,4364758,1bd81d97-001d-45bf-a813-95f34396a389,174000
111,Nicki Minaj,1036b808-f58c-4a3e-b461-a2c4492ecf1b,12,FTCU,490649,5382445,b7bc5981-a29d-4e66-ab16-5faecc0ddc0c,172137
111,Nicki Minaj,1036b808-f58c-4a3e-b461-a2c4492ecf1b,13,Your Love,479059,3138916,c3fbbacd-f871-4c96-9b99-11da80e783de,203000
111,Nicki Minaj,1036b808-f58c-4a3e-b461-a2c4492ecf1b,14,Moment 4 Life,443301,3098241,e9ad1ac2-9fa2-48cf-9b81-25d7086a183d,271600
111,Nicki Minaj,1036b808-f58c-4a3e-b461-a2c4492ecf1b,15,Massive Attack,397799,1087229,cad0e7dc-457d-482b-9912-968d6487639f,187000
112,Miley Cyrus,7e9bd05a-117f-4cce-87bc-e011527a8b18,1,Party in the U.S.A.,2008313,14824556,dbf2b144-d959-4ff5-a968-d82bcf16ffab,421000
112,Miley Cyrus,7e9bd05a-117f-4cce-87bc-e011527a8b18,2,We Can't Stop,1210790,10877529,add943a5-a428-4ecb-b714-48e71d0da84b,232026
112,Miley Cyrus,7e9bd05a-117f-4cce-87bc-e011527a8b18,3,Wrecking Ball,1185200,9929552,b4c142b4-42d4-456b-8b04-f0db4ae44ecf,221000
112,Miley Cyrus,7e9bd05a-117f-4cce-87bc-e011527a8b18,4,Flowers,1121136,14910626,a02ab3b2-fb2d-45af-912d-79140ec05b58,201000
112,Miley Cyrus,7e9bd05a-117f-4cce-87bc-e011527a8b18,5,The Climb,1000133,7376460,197d2e4a-2134-48d7-bda9-c7360f8edaae,
112,Miley Cyrus,7e9bd05a-117f-4cce-87bc-e011527a8b18,6,Angels Like You,800671,10812722,dcba8e17-df75-4119-9ea4-828588bd8c62,245000
112,Miley Cyrus,7e9bd05a-117f-4cce-87bc-e011527a8b18,7,Midnight Sky,654626,11001834,e1cb4e81-08af-4756-a506-3d6d6a837116,223000
112,Miley Cyrus,7e9bd05a-117f-4cce-87bc-e011527a8b18,8,Malibu,641737,6349136,0ff80622-47e7-47a9-b2cb-fd73bce97274,232000
112,Miley Cyrus,7e9bd05a-117f-4cce-87bc-e011527a8b18,9,Prisoner (feat. Dua Lipa),621220,6275053,,
112,Miley Cyrus,7e9bd05a-117f-4cce-87bc-e011527a8b18,10,See You Again,583126,4668467,2befe019-675b-423f-b1c7-983b1677a7d5,
112,Miley Cyrus,7e9bd05a-117f-4cce-87bc-e011527a8b18,11,When I Look at You,511773,4583570,d9e3d829-c84c-4932-abfd-4191d3957167,248586
112,Miley Cyrus,7e9bd05a-117f-4cce-87bc-e011527a8b18,12,Adore You,505220,4277720,ce86953c-af56-43ca-b825-cf4d2ed104a1,279000
112,Miley Cyrus,7e9bd05a-117f-4cce-87bc-e011527a8b18,13,Can't Be Tamed,468669,5188367,0b7e7c12-e8cb-4ae4-8413-5c1220adbd8e,168213
112,Miley Cyrus,7e9bd05a-117f-4cce-87bc-e011527a8b18,14,7 Things,441916,3509245,b8ee0933-2a3b-4c0c-8821-a937069f728b,245000
112,Miley Cyrus,7e9bd05a-117f-4cce-87bc-e011527a8b18,15,Plastic Hearts,410497,5106445,40d992ca-efe8-4610-99bd-071d7248a9bf,205000
113,Weezer,6fe07aa5-fec0-4eca-a456-f29bff451b04,1,Buddy Holly,2155205,21112955,337e2e7b-1180-437f-b448-3964386d5230,160000
113,Weezer,6fe07aa5-fec0-4eca-a456-f29bff451b04,2,Island in the Sun,2129669,17821333,471ffcf2-2a4b-4847-813c-fedc66d58dce,234000
113,Weezer,6fe07aa5-fec0-4eca-a456-f29bff451b04,3,Say It Ain't So,1649289,14549864,b12b0e2b-fb5e-460e-9843-8d9a129305b0,250000
113,Weezer,6fe07aa5-fec0-4eca-a456-f29bff451b04,4,Beverly Hills,1083728,6768704,90e963d5-9ed8-494a-b9ef-ad3b0c12c908,235000
113,Weezer,6fe07aa5-fec0-4eca-a456-f29bff451b04,5,My Name Is Jonas,1058589,6834315,b3431860-ed72-4446-b598-d7323e21fbcd,
113,Weezer,6fe07aa5-fec0-4eca-a456-f29bff451b04,6,Hash Pipe,977420,6386821,a91793a9-7b86-4f75-90e1-9bfa22b03bef,
113,Weezer,6fe07aa5-fec0-4eca-a456-f29bff451b04,7,Undone - The Sweater Song,918608,8447017,42966329-b15f-4371-9f3d-77f038f6d83b,233840
113,Weezer,6fe07aa5-fec0-4eca-a456-f29bff451b04,8,Pink Triangle,693345,6254515,2aa8e52a-d912-4682-a4ae-838fcf02e8c8,260000
113,Weezer,6fe07aa5-fec0-4eca-a456-f29bff451b04,9,The World Has Turned and Left Me Here,677153,4537222,75999dca-ea3a-4146-b232-9008c2b95919,
113,Weezer,6fe07aa5-fec0-4eca-a456-f29bff451b04,10,Only in Dreams,660320,4319913,c5782c2f-2123-4c7c-b185-0a93dcc3944b,
113,Weezer,6fe07aa5-fec0-4eca-a456-f29bff451b04,11,Pork and Beans,654515,4948010,a7e91343-6370-4314-9938-317a71fd35fd,
113,Weezer,6fe07aa5-fec0-4eca-a456-f29bff451b04,12,No One Else,643239,3892683,57088bb8-df3f-41cf-81d5-b7f38542fa4d,
113,Weezer,6fe07aa5-fec0-4eca-a456-f29bff451b04,13,In the Garage,628044,3575419,6e7147f0-efb7-42d3-8c6a-724b8380f207,
113,Weezer,6fe07aa5-fec0-4eca-a456-f29bff451b04,14,Surf Wax America,625513,3759592,5bf7c61c-2e39-4421-a880-7908e330a8b2,
113,Weezer,6fe07aa5-fec0-4eca-a456-f29bff451b04,15,El Scorcho,616174,4925349,cb5bb413-c55f-41ac-a5a3-00e093748afd,231826
114,ABBA,d87e52c5-bb8d-4da8-b941-9f4928627dc8,1,Dancing Queen,2368689,19236417,d5524b71-42a7-48d3-9be7-fac1a9088f42,262226
114,ABBA,d87e52c5-bb8d-4da8-b941-9f4928627dc8,2,Gimme! Gimme! Gimme! (A Man After Midnight),1556257,11894885,371bbd8e-1054-4a5c-867b-d961bc0503c3,
114,ABBA,d87e52c5-bb8d-4da8-b941-9f4928627dc8,3,Mamma Mia,1454423,9321188,201b25ce-d1ad-4cbb-be36-cc4d3221d79a,110320
114,ABBA,d87e52c5-bb8d-4da8-b941-9f4928627dc8,4,Lay All Your Love on Me,1292263,10451749,1f1e871e-0e4d-4acd-acf1-639048e877d1,
114,ABBA,d87e52c5-bb8d-4da8-b941-9f4928627dc8,5,The Winner Takes It All,1237226,9790409,1d953409-03f8-4e64-8268-ffc4fad130a4,292000
114,ABBA,d87e52c5-bb8d-4da8-b941-9f4928627dc8,6,Take a Chance on Me,1068576,6453192,20443b22-2580-4b4a-a6f9-2dd32423102c,273000
114,ABBA,d87e52c5-bb8d-4da8-b941-9f4928627dc8,7,Waterloo,1037196,6709036,750e4cb9-305f-45e3-9e25-250e7236b981,227000
114,ABBA,d87e52c5-bb8d-4da8-b941-9f4928627dc8,8,"Money, Money, Money",977171,5940018,5abbbc8d-a662-4f4e-82fc-31e8a00b1a60,203133
114,ABBA,d87e52c5-bb8d-4da8-b941-9f4928627dc8,9,Super Trouper,909781,5570973,30183fea-f8eb-4a18-960f-4aa8c948fe66,249000
114,ABBA,d87e52c5-bb8d-4da8-b941-9f4928627dc8,10,Chiquitita,858594,5983103,f1a28a05-b926-41db-afe6-a80e94d7c3fe,338106
114,ABBA,d87e52c5-bb8d-4da8-b941-9f4928627dc8,11,Voulez-Vous,729828,4728473,fe5ca369-39f4-4dae-bae1-333aebe38866,284733
114,ABBA,d87e52c5-bb8d-4da8-b941-9f4928627dc8,12,Fernando,696437,3822035,6e36710f-3b21-4eca-b2bf-5deed12547e9,339186
114,ABBA,d87e52c5-bb8d-4da8-b941-9f4928627dc8,13,"Knowing Me, Knowing You",640299,3641890,5c126038-bd2a-4be2-b166-98b20bebc699,274000
114,ABBA,d87e52c5-bb8d-4da8-b941-9f4928627dc8,14,Angeleyes,612236,5233299,07ff4f5b-f9d4-43cd-9557-7fb4daa94f23,
114,ABBA,d87e52c5-bb8d-4da8-b941-9f4928627dc8,15,Does Your Mother Know,577321,3553100,5dc8233b-d231-457e-86fd-8285e65ddd35,
115,Adele,cc2c9c3c-b7bc-4b8b-84d8-4fbd8779e493,1,Rolling in the Deep,2514800,27231750,9b7e22ed-fa95-41bc-b8b3-decc21ad87ec,
115,Adele,cc2c9c3c-b7bc-4b8b-84d8-4fbd8779e493,2,Someone Like You,2066339,21160688,aaea0060-e286-4ca8-b216-f80d381264ab,294000
115,Adele,cc2c9c3c-b7bc-4b8b-84d8-4fbd8779e493,3,Set Fire to the Rain,1965993,21421417,0c47fc76-04e0-452b-bb33-bc66d94c1968,
115,Adele,cc2c9c3c-b7bc-4b8b-84d8-4fbd8779e493,4,Chasing Pavements,1537307,13723163,005bda23-33d9-4115-85ee-b6c3e0eeaf8b,229053
115,Adele,cc2c9c3c-b7bc-4b8b-84d8-4fbd8779e493,5,Skyfall,1221514,12194031,831c1790-6745-47e6-aa69-3fc78a219c56,366973
115,Adele,cc2c9c3c-b7bc-4b8b-84d8-4fbd8779e493,6,Make You Feel My Love,1166303,9548635,a5cf1148-a3d5-4a7e-a491-4747eb453835,228000
115,Adele,cc2c9c3c-b7bc-4b8b-84d8-4fbd8779e493,7,Rumour Has It,1048262,8254866,6816b4e7-fb04-42dd-9818-8c202f6b1ca4,226793
115,Adele,cc2c9c3c-b7bc-4b8b-84d8-4fbd8779e493,8,Easy on Me,1038771,11853014,a7720370-b5a1-49b0-983a-85081f0bcbfe,224000
115,Adele,cc2c9c3c-b7bc-4b8b-84d8-4fbd8779e493,9,Hello,984157,8845178,f9c7447b-6e87-4614-81ec-c52d9d4b1d18,364000
115,Adele,cc2c9c3c-b7bc-4b8b-84d8-4fbd8779e493,10,When We Were Young,951642,9121704,c5ad2611-071b-4003-bb22-eee8b4f48fe9,290900
115,Adele,cc2c9c3c-b7bc-4b8b-84d8-4fbd8779e493,11,Turning Tables,917384,7659821,2d38a79a-dc4f-47f5-8a8b-74efa349432c,251000
115,Adele,cc2c9c3c-b7bc-4b8b-84d8-4fbd8779e493,12,Send My Love (to Your New Lover),857524,6957879,b1834954-5090-43c4-a964-4d13f3c9da5e,301000
115,Adele,cc2c9c3c-b7bc-4b8b-84d8-4fbd8779e493,13,Hometown Glory,821093,7362773,0f2b8b32-1faa-4072-ba5d-2bb47cec731a,257000
115,Adele,cc2c9c3c-b7bc-4b8b-84d8-4fbd8779e493,14,Don't You Remember,782037,6066968,739156c3-01c6-4abb-8f1e-de8a3d23d425,
115,Adele,cc2c9c3c-b7bc-4b8b-84d8-4fbd8779e493,15,One and Only,733389,5671190,9589db6a-97de-4b37-92ad-0a467db57d42,
116,Limp Bizkit,8f9d6bb2-dba4-4cca-9967-cc02b9f4820c,1,Break Stuff,1720903,20081012,50ad6b47-6880-4a65-a007-8a150a70659f,181000
116,Limp Bizkit,8f9d6bb2-dba4-4cca-9967-cc02b9f4820c,2,Rollin' (Air Raid Vehicle),1328434,12363098,9e4fd333-9b59-460d-b345-ec94765e2aee,213880
116,Limp Bizkit,8f9d6bb2-dba4-4cca-9967-cc02b9f4820c,3,Behind Blue Eyes,1324532,9320474,dd1a0591-6e51-4b44-9ed0-54da032017fa,365800
116,Limp Bizkit,8f9d6bb2-dba4-4cca-9967-cc02b9f4820c,4,Take a Look Around,1134945,8728436,372a1495-5e19-405e-86da-c0f028177241,350000
116,Limp Bizkit,8f9d6bb2-dba4-4cca-9967-cc02b9f4820c,5,My Way,1042940,8669883,346cd0de-361d-4d4c-bd38-b6693375aa9f,298000
116,Limp Bizkit,8f9d6bb2-dba4-4cca-9967-cc02b9f4820c,6,My Generation,894057,6343664,c572a009-e7cb-4142-9371-b4552b744fa1,274106
116,Limp Bizkit,8f9d6bb2-dba4-4cca-9967-cc02b9f4820c,7,Nookie,879500,6809916,61732642-9b75-403b-b123-34d61fc78daa,204840
116,Limp Bizkit,8f9d6bb2-dba4-4cca-9967-cc02b9f4820c,8,Hot Dog,681440,4863457,f2219aed-c5d8-4ebf-b25f-92191027a6cb,230000
116,Limp Bizkit,8f9d6bb2-dba4-4cca-9967-cc02b9f4820c,9,Faith,576564,3502024,12d3bbb8-07ad-4363-8ffd-46642d23a9d0,232333
116,Limp Bizkit,8f9d6bb2-dba4-4cca-9967-cc02b9f4820c,10,Eat You Alive,471687,3146320,a77ceffa-e46b-49e3-a0a6-bebdf83bb4f1,252493
116,Limp Bizkit,8f9d6bb2-dba4-4cca-9967-cc02b9f4820c,11,Boiler,450102,2670834,fa8d200e-9960-4311-9280-a28d03f769af,357000
116,Limp Bizkit,8f9d6bb2-dba4-4cca-9967-cc02b9f4820c,12,Re-Arranged,440887,2681856,0fef4285-fd9b-4cb8-8140-891739598d68,346000
116,Limp Bizkit,8f9d6bb2-dba4-4cca-9967-cc02b9f4820c,13,Livin' It Up,413131,2563054,4448b708-3ca5-4ebf-95e5-70e08d7e1ea8,382000
116,Limp Bizkit,8f9d6bb2-dba4-4cca-9967-cc02b9f4820c,14,Full Nelson,394805,2301122,8434a518-3c50-454e-b376-4301ac846919,233613
116,Limp Bizkit,8f9d6bb2-dba4-4cca-9967-cc02b9f4820c,15,N 2 Gether Now,389154,1997236,c90225d8-6cbf-447e-bed6-d292361df566,290000
117,The 1975,5b6ebfe0-f72b-4902-bba9-74c8af0f1af0,1,Somebody Else,1019313,15017714,7752d517-bc49-4a05-84cf-3378d6aed890,401000
117,The 1975,5b6ebfe0-f72b-4902-bba9-74c8af0f1af0,2,About You,903162,20663851,9c9c9f83-e7df-4fc8-9ce8-5d751e4d50ab,328000
117,The 1975,5b6ebfe0-f72b-4902-bba9-74c8af0f1af0,3,Chocolate,861279,9541974,1c186333-1b83-438d-802a-69cff0366648,224757
117,The 1975,5b6ebfe0-f72b-4902-bba9-74c8af0f1af0,4,Robbers,789836,11634556,3950bbbc-afeb-4192-8be1-2aa5fd153144,372000
117,The 1975,5b6ebfe0-f72b-4902-bba9-74c8af0f1af0,5,It's Not Living (If It's Not With You),640226,10653905,8040c433-9072-4c1d-b74c-a4f7cd8749f0,253000
117,The 1975,5b6ebfe0-f72b-4902-bba9-74c8af0f1af0,6,Sex,570164,7702730,736bca8f-243e-40f1-a0b7-189138e0ff58,206000
117,The 1975,5b6ebfe0-f72b-4902-bba9-74c8af0f1af0,7,Love It If We Made It,565575,8424123,d9d848b0-2857-475d-bf54-ce03a8deb32f,256000
117,The 1975,5b6ebfe0-f72b-4902-bba9-74c8af0f1af0,8,Girls,542972,5758985,5c1e7c48-9625-4efd-8acc-588539d9e974,254600
117,The 1975,5b6ebfe0-f72b-4902-bba9-74c8af0f1af0,9,Be My Mistake,538859,5789438,23b4d8ea-f944-43f3-b98e-85723ba066d4,256689
117,The 1975,5b6ebfe0-f72b-4902-bba9-74c8af0f1af0,10,The Sound,519904,6231438,395ebc61-838f-4393-ba76-5efd055e66a4,
117,The 1975,5b6ebfe0-f72b-4902-bba9-74c8af0f1af0,11,Fallingforyou,519134,5692146,e014a351-54e7-439e-b054-f68c23e16b50,302466
117,The 1975,5b6ebfe0-f72b-4902-bba9-74c8af0f1af0,12,The 1975,463081,5558929,7d77b602-6bc8-4324-b408-3e1ecbb74539,81000
117,The 1975,5b6ebfe0-f72b-4902-bba9-74c8af0f1af0,13,I'm in Love with You,412010,5917732,573f617b-d308-4cf5-a47c-42bed6417e32,261320
117,The 1975,5b6ebfe0-f72b-4902-bba9-74c8af0f1af0,14,I Always Wanna Die (Sometimes),366968,4236544,b9c53a4b-b294-420a-838b-cf587e5f4102,278198
117,The 1975,5b6ebfe0-f72b-4902-bba9-74c8af0f1af0,15,The City,353391,3371422,07143cef-cbf9-40ff-b7c4-3c81294a2bd8,221908
118,21 Savage,37b2cb82-ef79-4d46-a184-a549450aa231,1,a lot,954641,14676445,401f7e9c-dede-4aea-a7f3-4a85456bc268,
118,21 Savage,37b2cb82-ef79-4d46-a184-a549450aa231,2,ball w/o you,865856,13815996,f8b2a800-f3b0-46a9-93e6-5d4856a73564,195047
118,21 Savage,37b2cb82-ef79-4d46-a184-a549450aa231,3,Glock In My Lap,851196,12945686,6a72137d-3573-44f4-8e81-3915b344df18,193591
118,21 Savage,37b2cb82-ef79-4d46-a184-a549450aa231,4,redrum,846451,10029452,23332a78-b544-403c-a6ef-1578e7877278,271000
118,21 Savage,37b2cb82-ef79-4d46-a184-a549450aa231,5,Runnin,807060,10901281,e2a7c952-6ce2-48a0-be32-d5eb07b2ca7f,206000
118,21 Savage,37b2cb82-ef79-4d46-a184-a549450aa231,6,Rich Nigga Shit (feat. Young Thug),692238,9879351,,
118,21 Savage,37b2cb82-ef79-4d46-a184-a549450aa231,7,Bank Account,689266,6785427,024d29ad-f8ee-4961-ad37-d03fa3f3dac0,
118,21 Savage,37b2cb82-ef79-4d46-a184-a549450aa231,8,née-nah,496982,5661664,fd560fd0-40ff-427c-87cb-deaec7b9f4f0,221000
118,21 Savage,37b2cb82-ef79-4d46-a184-a549450aa231,9,n.h.i.e.,488897,4259750,16560b24-3721-40a1-9b32-f8f913d08756,144000
118,21 Savage,37b2cb82-ef79-4d46-a184-a549450aa231,10,No Heart,463436,4784477,05279366-60ae-4505-b3c8-741f7066e364,256000
118,21 Savage,37b2cb82-ef79-4d46-a184-a549450aa231,11,X (feat. Future),440138,4586829,,
118,21 Savage,37b2cb82-ef79-4d46-a184-a549450aa231,12,can't leave without it,427214,5693486,3f77e7e3-5537-4c8a-999c-7bd7fedb3391,205352
118,21 Savage,37b2cb82-ef79-4d46-a184-a549450aa231,13,prove it,420051,4078592,fd9e3083-8fc8-4ef4-87de-709b9903db9f,208000
118,21 Savage,37b2cb82-ef79-4d46-a184-a549450aa231,14,all of me,404552,3430886,606a45c2-adf2-4cc3-910e-7ea8ca516764,198000
118,21 Savage,37b2cb82-ef79-4d46-a184-a549450aa231,15,Mr. Right Now (feat. Drake),371971,3791823,,
119,Metallica,65f4f0c5-ef9e-490c-aee3-909e7ae6b2ab,1,Enter Sandman,1876332,18584314,b872c2e4-d6a6-44ac-9c5f-65f6bcdd5513,333000
119,Metallica,65f4f0c5-ef9e-490c-aee3-909e7ae6b2ab,2,Nothing Else Matters,1697780,17001471,0d90af70-6f1f-4ff4-a217-9e551881193c,351826
119,Metallica,65f4f0c5-ef9e-490c-aee3-909e7ae6b2ab,3,Master of Puppets,1561793,15756304,841e0711-21b0-4842-86e8-d18f91d53472,443733
119,Metallica,65f4f0c5-ef9e-490c-aee3-909e7ae6b2ab,4,One,1342235,13285195,62b81a17-b05f-44f2-a16d-3361708a4f59,
119,Metallica,65f4f0c5-ef9e-490c-aee3-909e7ae6b2ab,5,The Unforgiven,1173278,10768504,66894625-78e5-4601-aa25-3b2921b13cc2,408000
119,Metallica,65f4f0c5-ef9e-490c-aee3-909e7ae6b2ab,6,Sad but True,1030130,8989847,660eb982-3f9f-402d-aa26-f0a6e6e90a2c,346266
119,Metallica,65f4f0c5-ef9e-490c-aee3-909e7ae6b2ab,7,Fuel,961266,8376423,784686a9-df92-4dcd-9dba-4f11bf58a1dd,265000
119,Metallica,65f4f0c5-ef9e-490c-aee3-909e7ae6b2ab,8,Battery,888715,7718410,c4208bc7-09b8-4fb1-ba32-643741a8a735,316240
119,Metallica,65f4f0c5-ef9e-490c-aee3-909e7ae6b2ab,9,Whiskey in the Jar,877968,7670893,726d49f1-f0f8-4595-b419-2c55f15d276f,340000
119,Metallica,65f4f0c5-ef9e-490c-aee3-909e7ae6b2ab,10,Wherever I May Roam,823972,6506670,3f34e7af-7e67-42fe-86e1-0c69745f3f52,423293
119,Metallica,65f4f0c5-ef9e-490c-aee3-909e7ae6b2ab,11,Fade to Black,737343,7114893,edf028fb-cc06-421b-a738-f0e07b3846c3,484533
119,Metallica,65f4f0c5-ef9e-490c-aee3-909e7ae6b2ab,12,For Whom the Bell Tolls,699480,6639647,3657c5f4-d73b-4cef-97ef-6ec76e3c9e60,339920
119,Metallica,65f4f0c5-ef9e-490c-aee3-909e7ae6b2ab,13,The Day That Never Comes,660629,6274582,42b28c77-cf06-45bf-a236-45ba7511b0f7,499000
119,Metallica,65f4f0c5-ef9e-490c-aee3-909e7ae6b2ab,14,The Unforgiven II,641300,5457561,da2c8c56-dccc-45ff-b0a7-1cf1706925f1,406737
119,Metallica,65f4f0c5-ef9e-490c-aee3-909e7ae6b2ab,15,Welcome Home (Sanitarium),618097,5037577,2fa5c3db-0a10-4182-8379-4355e4b270e4,464666
120,Nelly Furtado,13655113-cd16-4b43-9dca-cadbbf26ee05,1,Promiscuous,2047949,19382112,18f34262-0347-46fd-937b-d6efee2efc0c,237000
120,Nelly Furtado,13655113-cd16-4b43-9dca-cadbbf26ee05,2,Maneater,2042266,20333678,a7ac8f1d-3c19-42a9-8406-63345306b159,181253
120,Nelly Furtado,13655113-cd16-4b43-9dca-cadbbf26ee05,3,Say It Right,1886973,16379842,bb8eb7dd-dbe1-4932-9ef1-dc079cccd7fb,222000
120,Nelly Furtado,13655113-cd16-4b43-9dca-cadbbf26ee05,4,I'm Like a Bird,860489,4656760,29bcf4ab-e600-4668-89b1-797029fabb9c,240780
120,Nelly Furtado,13655113-cd16-4b43-9dca-cadbbf26ee05,5,All Good Things (Come to an End),581839,4086352,d42fad75-21a9-45dd-9d39-0699a1f5066a,263000
120,Nelly Furtado,13655113-cd16-4b43-9dca-cadbbf26ee05,6,Turn Off the Light,387789,1955409,e53ed9a8-32db-413c-a5e8-16d4f55e8d45,401813
120,Nelly Furtado,13655113-cd16-4b43-9dca-cadbbf26ee05,7,Do It,372574,2140392,2c82d885-81ef-41fc-adff-5ebac703a19b,
120,Nelly Furtado,13655113-cd16-4b43-9dca-cadbbf26ee05,8,Try,318226,2090095,53aea201-1669-44d3-9f55-b6b8c822bd2e,252000
120,Nelly Furtado,13655113-cd16-4b43-9dca-cadbbf26ee05,9,Glow,263307,1179364,ea8be85f-5a7a-4100-b02f-928c73bf2e6f,242000
120,Nelly Furtado,13655113-cd16-4b43-9dca-cadbbf26ee05,10,In God's Hands,254892,1201378,8d6f36a3-0ecd-4001-bd50-0c1d1e8afbb7,252000
120,Nelly Furtado,13655113-cd16-4b43-9dca-cadbbf26ee05,11,Showtime,235484,1055753,4dab8f14-873d-4721-bad2-5d7944feb3c3,256000
120,Nelly Furtado,13655113-cd16-4b43-9dca-cadbbf26ee05,12,No Hay Igual,217396,951482,0c125d1d-ad08-47e1-8c64-cce1c6c2b408,216000
120,Nelly Furtado,13655113-cd16-4b43-9dca-cadbbf26ee05,13,Wait for You,206025,990009,2023fe72-0ad9-4439-8467-223591411514,277368
120,Nelly Furtado,13655113-cd16-4b43-9dca-cadbbf26ee05,14,Afraid,166839,759058,e2e32309-2503-4cff-b71d-5ebe8e442e6a,98146
120,Nelly Furtado,13655113-cd16-4b43-9dca-cadbbf26ee05,15,Powerless (Say What You Want),152185,785925,ace85807-891c-4efd-8e4b-2dec0dd2e654,232000
121,One Direction,1a425bbd-cca4-4b2c-aeb7-71cb176c828a,1,What Makes You Beautiful,1563551,13407299,ee01611a-6222-4e5d-b77c-d12f94ae5ed9,382000
121,One Direction,1a425bbd-cca4-4b2c-aeb7-71cb176c828a,2,Night Changes,1145077,12876570,f4fb45d5-a3c7-4da8-9bcc-8ae65d6b64a5,226000
121,One Direction,1a425bbd-cca4-4b2c-aeb7-71cb176c828a,3,Story of My Life,1129857,9570935,f6328ef6-62f6-4d08-8e33-e201d07e321d,244560
121,One Direction,1a425bbd-cca4-4b2c-aeb7-71cb176c828a,4,Drag Me Down,985478,8347504,73870a9b-6ef5-4b29-ba65-fab85e6f3482,192120
121,One Direction,1a425bbd-cca4-4b2c-aeb7-71cb176c828a,5,Best Song Ever,920399,7469328,2f881674-0ab9-49ae-9be8-5bb4d1605c39,181573
121,One Direction,1a425bbd-cca4-4b2c-aeb7-71cb176c828a,6,Steal My Girl,913026,7737480,023c53b1-5d3d-4765-bfc9-7edf238f2cfc,318000
121,One Direction,1a425bbd-cca4-4b2c-aeb7-71cb176c828a,7,Perfect,780402,8055469,d93a1f8b-ee26-494e-8354-216feb6a7b31,200000
121,One Direction,1a425bbd-cca4-4b2c-aeb7-71cb176c828a,8,Kiss You,735653,6397401,579e0874-20f0-4197-9be5-172a5fa676e9,183907
121,One Direction,1a425bbd-cca4-4b2c-aeb7-71cb176c828a,9,One Thing,735491,6367411,7462b999-26f5-4e42-b0e3-779b385814ec,270000
121,One Direction,1a425bbd-cca4-4b2c-aeb7-71cb176c828a,10,Live While We're Young,719529,5587861,95b4a4fd-59f6-4f40-bb0e-e06afd8ab490,200000
121,One Direction,1a425bbd-cca4-4b2c-aeb7-71cb176c828a,11,You & I,668861,5558079,60bfc148-f29b-48e5-bee7-8fc13c223cdf,237933
121,One Direction,1a425bbd-cca4-4b2c-aeb7-71cb176c828a,12,Little Things,628897,5564462,1858ade6-2743-4c52-b8b1-12f4fa7ce6d9,227773
121,One Direction,1a425bbd-cca4-4b2c-aeb7-71cb176c828a,13,18,602166,6092481,bc405140-3f79-4533-80c1-5fa8ee2c7ee6,248000
121,One Direction,1a425bbd-cca4-4b2c-aeb7-71cb176c828a,14,They Don't Know About Us,540918,5105637,aee8bd6b-a369-4908-9f40-754b8adeadb2,201693
121,One Direction,1a425bbd-cca4-4b2c-aeb7-71cb176c828a,15,History,538332,4081563,3d46340b-2531-499c-927d-1385175a2db4,195000
122,Muse,9c9f1380-2516-4fc9-a3e6-f9f61941d090,1,Supermassive Black Hole,2739533,32753814,dc31a584-828a-455d-8b7f-6a3f01e59fa3,249000
122,Muse,9c9f1380-2516-4fc9-a3e6-f9f61941d090,2,Starlight,2040721,21742588,374fea29-1253-447d-9909-fe3b5887d776,272000
122,Muse,9c9f1380-2516-4fc9-a3e6-f9f61941d090,3,Hysteria,1964317,21992192,480f5d10-c87b-4687-b216-594f61965bb8,261240
122,Muse,9c9f1380-2516-4fc9-a3e6-f9f61941d090,4,Time Is Running Out,1783868,18409682,da9eb5bb-a432-4671-b2d7-303f5bd4e9c0,245000
122,Muse,9c9f1380-2516-4fc9-a3e6-f9f61941d090,5,Uprising,1654292,17264894,0ca789c6-3618-48f1-8ee0-977f70a621d6,302826
122,Muse,9c9f1380-2516-4fc9-a3e6-f9f61941d090,6,Knights of Cydonia,1535849,15372497,564a65df-1fb7-43d8-bb60-859676530b2d,447000
122,Muse,9c9f1380-2516-4fc9-a3e6-f9f61941d090,7,Plug In Baby,1318732,13451812,a9388e2d-1622-481b-a514-8d9b88210bdd,
122,Muse,9c9f1380-2516-4fc9-a3e6-f9f61941d090,8,Stockholm Syndrome,1139549,10474720,6a598d2d-cfdc-4207-a4e2-b125cd07bdd2,461000
122,Muse,9c9f1380-2516-4fc9-a3e6-f9f61941d090,9,Feeling Good,1103134,9430285,d5d86dcd-e00d-40e1-988e-0e74674630d4,
122,Muse,9c9f1380-2516-4fc9-a3e6-f9f61941d090,10,Undisclosed Desires,1051112,12310400,fef56205-701b-433c-900f-f0e26a60bfa2,
122,Muse,9c9f1380-2516-4fc9-a3e6-f9f61941d090,11,Map of the Problematique,1016873,10821654,4dec0f88-6c6b-45bd-b9e5-0f6a6fb48063,308000
122,Muse,9c9f1380-2516-4fc9-a3e6-f9f61941d090,12,New Born,989654,9238748,bef779fc-0310-4c4c-85ef-1e4797b1dc9e,
122,Muse,9c9f1380-2516-4fc9-a3e6-f9f61941d090,13,Sing for Absolution,955610,7192708,01906feb-48c2-4867-8680-fedd48d3cce9,289053
122,Muse,9c9f1380-2516-4fc9-a3e6-f9f61941d090,14,Bliss,908431,8413888,390392e5-3a02-496d-ae64-36ace73cae79,228022
122,Muse,9c9f1380-2516-4fc9-a3e6-f9f61941d090,15,Apocalypse Please,857877,6301430,79128935-d4d4-4ee5-aab3-130e40337324,285253
123,Ed Sheeran,b8a7c51f-362c-4dcb-a259-bc6e0095f0a6,1,Shape of You,1248821,11218477,87feb8b6-d5a9-4e0a-89bf-0e5e28591203,234000
123,Ed Sheeran,b8a7c51f-362c-4dcb-a259-bc6e0095f0a6,2,Thinking Out Loud,1172701,10256170,9b09bad5-54e2-4cc6-b4f3-23d141aa0887,226275
123,Ed Sheeran,b8a7c51f-362c-4dcb-a259-bc6e0095f0a6,3,Photograph,1157386,10924354,638bc1df-309f-45de-9088-18362c25ff83,510000
123,Ed Sheeran,b8a7c51f-362c-4dcb-a259-bc6e0095f0a6,4,The A Team,1102400,10057732,93cf8f33-6c85-414d-a355-7e1de1fc1585,299000
123,Ed Sheeran,b8a7c51f-362c-4dcb-a259-bc6e0095f0a6,5,Perfect,979933,8669134,92547ce7-08c1-48f1-a1c6-a4fe7c5f215e,264000
123,Ed Sheeran,b8a7c51f-362c-4dcb-a259-bc6e0095f0a6,6,Don't,747548,5915698,9037fd5b-e74f-49c9-90aa-9c8d08ee160a,219840
123,Ed Sheeran,b8a7c51f-362c-4dcb-a259-bc6e0095f0a6,7,Lego House,710113,6356497,3657c485-921d-4398-8ea9-895996d1aa9a,185000
123,Ed Sheeran,b8a7c51f-362c-4dcb-a259-bc6e0095f0a6,8,Bad Habits,706341,7245240,44dd4957-185f-4e40-bf4a-62fe58ac76d5,216000
123,Ed Sheeran,b8a7c51f-362c-4dcb-a259-bc6e0095f0a6,9,Castle on the Hill,686504,6014842,4396f93f-c637-4919-810e-cd4e363fddb6,262000
123,Ed Sheeran,b8a7c51f-362c-4dcb-a259-bc6e0095f0a6,10,Galway Girl,671791,5296814,04a6f0d9-2f10-4a4f-b40e-c88ebf83d890,170000
123,Ed Sheeran,b8a7c51f-362c-4dcb-a259-bc6e0095f0a6,11,Shivers,633124,6423107,ada399b1-5036-43af-b4c5-c45f9176e5a4,346000
123,Ed Sheeran,b8a7c51f-362c-4dcb-a259-bc6e0095f0a6,12,Sing,625664,4560218,4b0bc8b7-0e49-4479-a8f4-bd66db96e576,236000
123,Ed Sheeran,b8a7c51f-362c-4dcb-a259-bc6e0095f0a6,13,I See Fire,608992,5379479,ea33cdb1-b489-4614-98f6-da067d3ed6f6,299000
123,Ed Sheeran,b8a7c51f-362c-4dcb-a259-bc6e0095f0a6,14,Give Me Love,606555,5047089,ebf2db1b-6723-4f5c-8ece-26a2a0a203bf,262000
123,Ed Sheeran,b8a7c51f-362c-4dcb-a259-bc6e0095f0a6,15,Happier,530584,4187478,948407f0-9923-431d-bab6-050e1f202c5f,208000
124,David Bowie,5441c29d-3602-4898-b1a1-b77fa23b8e50,1,Starman - 2012 Remaster,1092557,11463082,,
124,David Bowie,5441c29d-3602-4898-b1a1-b77fa23b8e50,2,Heroes - 2017 Remaster,913958,8234698,,
124,David Bowie,5441c29d-3602-4898-b1a1-b77fa23b8e50,3,Ziggy Stardust,842498,5510419,1b34aeee-18c6-4f08-adf8-95d1e8486aae,372000
124,David Bowie,5441c29d-3602-4898-b1a1-b77fa23b8e50,4,Space Oddity,839739,5654135,0d80c4ba-d753-4249-aba1-64aa5d5cf76c,313000
124,David Bowie,5441c29d-3602-4898-b1a1-b77fa23b8e50,5,Changes,762230,4684495,9478fdbf-db2a-4b74-97c3-df682b64297b,195000
124,David Bowie,5441c29d-3602-4898-b1a1-b77fa23b8e50,6,Space Oddity - 2015 Remaster,723915,5560272,,
124,David Bowie,5441c29d-3602-4898-b1a1-b77fa23b8e50,7,Starman,699374,4880101,12e22108-6682-4393-8e61-b0744327478c,239226
124,David Bowie,5441c29d-3602-4898-b1a1-b77fa23b8e50,8,Life on Mars?,657216,4455507,b8d074c6-bfc4-4e3e-a87b-c78ebec18733,250608
124,David Bowie,5441c29d-3602-4898-b1a1-b77fa23b8e50,9,Suffragette City,656960,3755711,08c5a252-d266-4688-bffe-43313cc8293d,226000
124,David Bowie,5441c29d-3602-4898-b1a1-b77fa23b8e50,10,Life on Mars? - 2015 Remaster,654219,5721337,,
124,David Bowie,5441c29d-3602-4898-b1a1-b77fa23b8e50,11,Let's Dance,640469,3419555,6472f72d-b86b-4390-966c-f3853302c82c,250000
124,David Bowie,5441c29d-3602-4898-b1a1-b77fa23b8e50,12,Moonage Daydream - 2012 Remaster,634279,5134605,,
124,David Bowie,5441c29d-3602-4898-b1a1-b77fa23b8e50,13,Rebel Rebel,612850,3509510,b6edcb52-e1bd-475e-ad63-f26192b2d13f,146909
124,David Bowie,5441c29d-3602-4898-b1a1-b77fa23b8e50,14,Rebel Rebel - 2016 Remaster,605786,3965948,,
124,David Bowie,5441c29d-3602-4898-b1a1-b77fa23b8e50,15,Heroes,569065,3705667,3ecf0abe-aa68-4803-9ab4-89923cd52fb7,370886
125,The Killers,95e1ead9-4d31-4808-a7ac-32c3614c116b,1,Mr. Brightside,3438964,46106416,402bbf27-9549-4025-8449-bbd6501eca5a,238213
125,The Killers,95e1ead9-4d31-4808-a7ac-32c3614c116b,2,Somebody Told Me,2810571,27795026,83e2f85e-c2e2-4159-8ffc-ea25ca6187d2,244986
125,The Killers,95e1ead9-4d31-4808-a7ac-32c3614c116b,3,When You Were Young,2237799,21799707,e19e0b08-1802-423d-aac5-a15c3b3f658f,217000
125,The Killers,95e1ead9-4d31-4808-a7ac-32c3614c116b,4,All These Things That I've Done,1761648,15011552,97050fd4-420f-4955-a9f5-237cc7f3fd13,411000
125,The Killers,95e1ead9-4d31-4808-a7ac-32c3614c116b,5,Smile Like You Mean It,1670447,13273975,7b73c434-3b88-4141-9ba3-e8e2fe608d8d,211000
125,The Killers,95e1ead9-4d31-4808-a7ac-32c3614c116b,6,Human,1400888,14000168,c3412fbe-44b6-4e76-8222-3396cd89c3ff,321704
125,The Killers,95e1ead9-4d31-4808-a7ac-32c3614c116b,7,Read My Mind,1371352,12054554,d89210e2-8a94-4257-82ff-3b1054ff6c0b,243040
125,The Killers,95e1ead9-4d31-4808-a7ac-32c3614c116b,8,Jenny Was a Friend of Mine,1263197,9309740,9883dd67-fc98-4e61-a444-ff867264cfc0,239112
125,The Killers,95e1ead9-4d31-4808-a7ac-32c3614c116b,9,On Top,965680,5929553,e4589480-93be-4c92-bc3d-50737e52fadd,236640
125,The Killers,95e1ead9-4d31-4808-a7ac-32c3614c116b,10,"Andy, You're a Star",921737,5610159,8dd3804a-f377-4d30-a1d6-ea379bf2c245,194000
125,The Killers,95e1ead9-4d31-4808-a7ac-32c3614c116b,11,Spaceman,921637,8146354,178a77da-03d5-42ac-8f6e-83183a850dda,323933
125,The Killers,95e1ead9-4d31-4808-a7ac-32c3614c116b,12,Bones,912105,6849090,f3a045ba-a29a-41c2-a5e7-2390512a431b,228280
125,The Killers,95e1ead9-4d31-4808-a7ac-32c3614c116b,13,Midnight Show,817245,4701971,5cb2ee48-ffec-4001-8943-379b0118f55b,260986
125,The Killers,95e1ead9-4d31-4808-a7ac-32c3614c116b,14,For Reasons Unknown,807762,6329784,391e2f43-aac1-44f0-be63-743ab1e70287,380000
125,The Killers,95e1ead9-4d31-4808-a7ac-32c3614c116b,15,Believe Me Natalie,788039,4398093,27839290-8ec8-4df3-9d00-e0cd6175d24b,304606
126,PARTYNEXTDOOR,f23ef341-33bd-47c1-b83c-846a78581f05,1,Break from Toronto,1061993,19726437,6caa8fde-9af0-4a15-b477-01ee92a0a7a4,99000
126,PARTYNEXTDOOR,f23ef341-33bd-47c1-b83c-846a78581f05,2,Come and See Me (feat. Drake),510456,5908254,,
126,PARTYNEXTDOOR,f23ef341-33bd-47c1-b83c-846a78581f05,3,Belong to the City,503118,7979869,4417b14f-87fc-4cfe-9e0f-5a5e4028f216,98000
126,PARTYNEXTDOOR,f23ef341-33bd-47c1-b83c-846a78581f05,4,Her Way,420536,5055702,dfa72762-9415-4e91-8452-0ff491345a16,216000
126,PARTYNEXTDOOR,f23ef341-33bd-47c1-b83c-846a78581f05,5,Recognize (feat. Drake),380510,4254576,,
126,PARTYNEXTDOOR,f23ef341-33bd-47c1-b83c-846a78581f05,6,DIE TRYING,349425,5442507,024c0350-1544-4a37-8dff-6042111cc6ee,
126,PARTYNEXTDOOR,f23ef341-33bd-47c1-b83c-846a78581f05,7,Wus Good / Curious,345300,4259189,a675b577-18dd-4073-9e8e-483be7e81842,212000
126,PARTYNEXTDOOR,f23ef341-33bd-47c1-b83c-846a78581f05,8,M a k e I t T o T h e M o r n i n g,332614,5385306,ff0dcbf1-8c45-45ce-a650-f31eff33d2a9,168000
126,PARTYNEXTDOOR,f23ef341-33bd-47c1-b83c-846a78581f05,9,BELIEVE IT,322154,2240490,b3ee8860-c0cd-436b-a57a-6e5f3b9ee44b,183219
126,PARTYNEXTDOOR,f23ef341-33bd-47c1-b83c-846a78581f05,10,Dreamin,315871,3779702,e5f82b13-7b79-429f-8cb1-73145819aba2,147000
126,PARTYNEXTDOOR,f23ef341-33bd-47c1-b83c-846a78581f05,11,PERSIAN RUGS,295084,3140869,1be54736-23f1-4414-839a-122b14a4000a,173956
126,PARTYNEXTDOOR,f23ef341-33bd-47c1-b83c-846a78581f05,12,TBH,294827,5321405,8a75c1f4-a916-44a6-92c1-7d617c0efbe7,123000
126,PARTYNEXTDOOR,f23ef341-33bd-47c1-b83c-846a78581f05,13,LOYAL (feat. Drake),263644,1811636,,
126,PARTYNEXTDOOR,f23ef341-33bd-47c1-b83c-846a78581f05,14,CN TOWER,233945,1914673,e1e009ed-eb89-4d8a-9523-1203d6fe4d48,
126,PARTYNEXTDOOR,f23ef341-33bd-47c1-b83c-846a78581f05,15,N o C h i l l,233477,2833102,fa7aeea5-994b-400a-b3a1-5df4a67cc0e2,265000
127,Slipknot,a466c2a2-6517-42fb-a160-1087c3bafd9f,1,Duality,1674874,22178703,b9cda9c4-16f1-4224-b4fc-49d45c6c114b,237000
127,Slipknot,a466c2a2-6517-42fb-a160-1087c3bafd9f,2,Wait and Bleed,1552117,17406841,eb833d76-042c-4a13-92ab-7528cd739649,148000
127,Slipknot,a466c2a2-6517-42fb-a160-1087c3bafd9f,3,Before I Forget,1519131,15778297,5c050f53-a6a7-43f4-a839-d687ec2ba3b5,279000
127,Slipknot,a466c2a2-6517-42fb-a160-1087c3bafd9f,4,Psychosocial,1324087,17206062,486fef73-fd68-4ae7-8005-284e92876649,
127,Slipknot,a466c2a2-6517-42fb-a160-1087c3bafd9f,5,Spit It Out,852816,8872078,02a45637-91c7-453b-9abf-8cf217d97057,377893
127,Slipknot,a466c2a2-6517-42fb-a160-1087c3bafd9f,6,Snuff,849290,11373080,45a001b3-7c7c-41b7-97c2-39d368b8351b,276146
127,Slipknot,a466c2a2-6517-42fb-a160-1087c3bafd9f,7,People = Shit,819108,7590348,627812a5-d5c3-4fcb-9459-3a50b8f42801,229000
127,Slipknot,a466c2a2-6517-42fb-a160-1087c3bafd9f,8,Eyeless,798831,8923145,d33d1c5e-1c44-488c-8cd3-2c24f4bc1613,241694
127,Slipknot,a466c2a2-6517-42fb-a160-1087c3bafd9f,9,Vermilion,727285,6085495,b8d6ab29-9b1c-4508-9365-6d972052ab45,
127,Slipknot,a466c2a2-6517-42fb-a160-1087c3bafd9f,10,Dead Memories,688682,6892050,01f0d3b4-9ace-46e4-ab3d-f36ff4829ffd,
127,Slipknot,a466c2a2-6517-42fb-a160-1087c3bafd9f,11,Left Behind,669034,5299922,36afd7b6-d8ff-4a23-a78b-e5ebec93f963,209413
127,Slipknot,a466c2a2-6517-42fb-a160-1087c3bafd9f,12,(Sic),665628,6599440,ed453ec0-ce0c-4ba9-8adb-b396f5290486,
127,Slipknot,a466c2a2-6517-42fb-a160-1087c3bafd9f,13,Custer,648850,8174973,4fe8253e-d83a-4c49-a7fb-7f85b907c96e,277000
127,Slipknot,a466c2a2-6517-42fb-a160-1087c3bafd9f,14,My Plague,634498,4579988,230f850e-b024-4d75-bd89-ac69f3691159,181733
127,Slipknot,a466c2a2-6517-42fb-a160-1087c3bafd9f,15,The Devil in I,628432,6542667,7a278ab6-0f18-415e-8b3c-7929f7bd6c9c,384000
128,Phoebe Bridgers,96855c21-b832-4366-ba12-0d2330c36a86,1,Motion Sickness,1239791,25871812,d6d23026-0379-479e-8e40-d7a56ef63015,229760
128,Phoebe Bridgers,96855c21-b832-4366-ba12-0d2330c36a86,2,Scott Street,950380,17203722,f2561302-c7be-490f-9dfe-a6f007904e58,332000
128,Phoebe Bridgers,96855c21-b832-4366-ba12-0d2330c36a86,3,I Know the End,879901,18933378,8846d338-a4c5-4e2c-b48b-babba2958d6c,344692
128,Phoebe Bridgers,96855c21-b832-4366-ba12-0d2330c36a86,4,Kyoto,850508,18213830,da642ef6-64db-4adf-8aeb-8ad4cacb6966,184524
128,Phoebe Bridgers,96855c21-b832-4366-ba12-0d2330c36a86,5,Moon Song,753647,15743350,00359df0-75ec-4480-9c77-b880a3024791,277000
128,Phoebe Bridgers,96855c21-b832-4366-ba12-0d2330c36a86,6,Savior Complex,698724,13833859,1c7442be-1ec8-4022-a68b-6b6e0bbbc847,241693
128,Phoebe Bridgers,96855c21-b832-4366-ba12-0d2330c36a86,7,Garden Song,671894,12054882,ae3f6267-1434-4e83-86ad-4b88dceb4c28,220000
128,Phoebe Bridgers,96855c21-b832-4366-ba12-0d2330c36a86,8,Funeral,667610,11343269,51a87b21-aace-482f-8777-e32ed819f2ec,272000
128,Phoebe Bridgers,96855c21-b832-4366-ba12-0d2330c36a86,9,Punisher,571086,10684739,00839a86-3386-4039-890e-500949856edc,189000
128,Phoebe Bridgers,96855c21-b832-4366-ba12-0d2330c36a86,10,Waiting Room,563080,12014222,1676bafb-842e-477e-85fa-5e6ceba4efca,394000
128,Phoebe Bridgers,96855c21-b832-4366-ba12-0d2330c36a86,11,Graceland Too,558041,12044693,89ba00da-54fd-40a3-b100-a6a7ff4366ba,236000
128,Phoebe Bridgers,96855c21-b832-4366-ba12-0d2330c36a86,12,Smoke Signals,539372,8322042,99256c5f-95ea-48c7-a4e2-165f2574d643,
128,Phoebe Bridgers,96855c21-b832-4366-ba12-0d2330c36a86,13,ICU,499420,9137007,c2503885-e1b6-4e30-98ed-d18b5a865251,190000
128,Phoebe Bridgers,96855c21-b832-4366-ba12-0d2330c36a86,14,Chinese Satellite,460450,8610711,7755714e-353d-4827-9a6f-22b251426327,217000
128,Phoebe Bridgers,96855c21-b832-4366-ba12-0d2330c36a86,15,Halloween,436501,6380416,b385640a-b6c8-422a-b541-f009224b4c10,271000
129,Brent Faiyaz,201412c6-7ced-472b-87a9-9259ec3c07d3,1,Clouded,909396,15474620,27bd9436-1711-43d6-b833-d902af29acdd,109901
129,Brent Faiyaz,201412c6-7ced-472b-87a9-9259ec3c07d3,2,Best Time,732961,9842138,ef80404d-35db-44c3-9d27-371aeba4d6fc,82000
129,Brent Faiyaz,201412c6-7ced-472b-87a9-9259ec3c07d3,3,Trust,723853,9930187,97f9605e-5fe8-468c-bbe8-365be29fcc27,158421
129,Brent Faiyaz,201412c6-7ced-472b-87a9-9259ec3c07d3,4,"Gravity (feat. Tyler, The Creator)",707660,9827940,,
129,Brent Faiyaz,201412c6-7ced-472b-87a9-9259ec3c07d3,5,Poison,697145,9762726,224b99c4-ab72-4f91-a966-44630dfd5296,212992
129,Brent Faiyaz,201412c6-7ced-472b-87a9-9259ec3c07d3,6,All Mine,690647,10766368,f39e56e5-24e0-4d37-93dd-04bd8eedc378,216063
129,Brent Faiyaz,201412c6-7ced-472b-87a9-9259ec3c07d3,7,Forever Yours,682317,7908606,d7d648a7-3f42-492d-b7bf-7a494e1692fb,96000
129,Brent Faiyaz,201412c6-7ced-472b-87a9-9259ec3c07d3,8,Dead Man Walking,651314,8720839,d1391193-565e-4ac5-823b-d84a71415a2d,247080
129,Brent Faiyaz,201412c6-7ced-472b-87a9-9259ec3c07d3,9,Been Away,627038,9206410,ca7cff93-3ed3-4e9f-b31f-d76eeecc607c,222472
129,Brent Faiyaz,201412c6-7ced-472b-87a9-9259ec3c07d3,10,Upset (feat. Tommy Richman & FELIX!),551135,5149604,,
129,Brent Faiyaz,201412c6-7ced-472b-87a9-9259ec3c07d3,11,JACKIE BROWN,503089,5936157,e385d240-8c39-418e-a7bb-94638a73ffd8,169014
129,Brent Faiyaz,201412c6-7ced-472b-87a9-9259ec3c07d3,12,Rehab (Winter In Paris),470301,6712672,fae42d0a-b8bc-4c7c-9e26-2c2c40397fed,157532
129,Brent Faiyaz,201412c6-7ced-472b-87a9-9259ec3c07d3,13,ROLE MODEL,399957,4949125,0278242f-5291-4035-8136-1213dbbe2414,194000
129,Brent Faiyaz,201412c6-7ced-472b-87a9-9259ec3c07d3,14,Rolling Stone,382368,4651676,ae5bbd7c-beca-468c-a1b3-882212cfeb6f,162007
129,Brent Faiyaz,201412c6-7ced-472b-87a9-9259ec3c07d3,15,Fuck the World (Summer in London),371195,4757377,23947630-6859-4813-97b2-661e7b202d50,236704
130,Marina,cbf7888b-30db-48a8-8575-1d4b1df41af0,1,Bubblegum Bitch,1151952,13728843,5ce99341-45cd-4a29-8686-80a5c1d64fb8,152653
130,Marina,cbf7888b-30db-48a8-8575-1d4b1df41af0,2,Primadonna,1001922,10640626,2cf1fbb0-a463-435d-89e7-79ccd4516e77,234000
130,Marina,cbf7888b-30db-48a8-8575-1d4b1df41af0,3,Oh No!,801216,9241473,0121354b-5fcd-4397-852a-4ea3cbf90611,182000
130,Marina,cbf7888b-30db-48a8-8575-1d4b1df41af0,4,How to Be a Heartbreaker,776006,6930622,3054d99c-5939-4747-86c7-4d4a03edc3f7,220000
130,Marina,cbf7888b-30db-48a8-8575-1d4b1df41af0,5,Are You Satisfied?,675359,7517740,68e0cc0a-abe5-466b-a0dd-8c05ff575d2c,201106
130,Marina,cbf7888b-30db-48a8-8575-1d4b1df41af0,6,Teen Idle,540360,5593632,30a798d0-062c-4fda-bf55-f563bb96f3c1,194000
130,Marina,cbf7888b-30db-48a8-8575-1d4b1df41af0,7,Hermit the Frog,498700,4711224,27c7bdd8-ac7a-4a37-aef0-c194957f77e4,212573
130,Marina,cbf7888b-30db-48a8-8575-1d4b1df41af0,8,Ancient Dreams in a Modern Land,402093,5125447,5dbd27ba-ebbf-4e5a-9423-981be14806cc,206000
130,Marina,cbf7888b-30db-48a8-8575-1d4b1df41af0,9,Seventeen,324877,2687990,ad62e460-5adb-4630-98f3-dc4a7f963639,179000
130,Marina,cbf7888b-30db-48a8-8575-1d4b1df41af0,10,Venus Fly Trap,320731,4088299,3d21fa7b-c810-4926-b509-14e1a05f5b98,158720
130,Marina,cbf7888b-30db-48a8-8575-1d4b1df41af0,11,Man's World,304252,2911105,c08adf95-028f-4a61-a6fb-e96040e26783,208000
130,Marina,cbf7888b-30db-48a8-8575-1d4b1df41af0,12,Purge the Poison,273672,3423900,f122cf96-edca-451c-a7eb-7d2a57eb0ea9,196000
130,Marina,cbf7888b-30db-48a8-8575-1d4b1df41af0,13,Homewrecker,258032,2198114,098c8ed3-b423-4987-a427-81aef1e3b9bb,202000
130,Marina,cbf7888b-30db-48a8-8575-1d4b1df41af0,14,CUNTISSIMO,255268,3254618,885f1a3f-2792-49d7-aa14-63c2f6fc0ac1,240000
130,Marina,cbf7888b-30db-48a8-8575-1d4b1df41af0,15,I Am Not a Robot,254260,2100417,fd7d9162-a284-4a10-906c-faae4f1e166b,215000
131,Trippie Redd,8032cf05-d916-4b2a-9c53-6e75d4a24bd8,1,Taking a Walk,579407,8665271,1bfba222-943e-4323-8ff9-9092bbea8da0,121680
131,Trippie Redd,8032cf05-d916-4b2a-9c53-6e75d4a24bd8,2,Miss The Rage,524652,3847284,73400d36-1059-4b78-a4a5-cd32baf4a05e,224000
131,Trippie Redd,8032cf05-d916-4b2a-9c53-6e75d4a24bd8,3,The Grinch,511943,6798048,424d44db-a29d-46d3-95bb-3e9f7f8ac10c,91288
131,Trippie Redd,8032cf05-d916-4b2a-9c53-6e75d4a24bd8,4,Dark Knight Dummo (feat. Travis Scott),463056,4505734,,
131,Trippie Redd,8032cf05-d916-4b2a-9c53-6e75d4a24bd8,5,Love Scars,450321,5509951,b1a6ef9c-0e6c-463d-aa82-8007f44e4bb4,
131,Trippie Redd,8032cf05-d916-4b2a-9c53-6e75d4a24bd8,6,Topanga,394402,4643939,9cb39fa6-400d-43d7-bb36-f35babfe203e,215364
131,Trippie Redd,8032cf05-d916-4b2a-9c53-6e75d4a24bd8,7,Excitement,359800,3269944,90406cd0-cba3-474a-8a59-dd844859ec52,283270
131,Trippie Redd,8032cf05-d916-4b2a-9c53-6e75d4a24bd8,8,1400 / 999 Freestyle,329421,4783165,005799cd-fe2c-4575-9dc1-bb17560736ff,176000
131,Trippie Redd,8032cf05-d916-4b2a-9c53-6e75d4a24bd8,9,Leray,308789,3893031,bca53ffe-07f9-4e94-a22c-ec6104e86599,122706
131,Trippie Redd,8032cf05-d916-4b2a-9c53-6e75d4a24bd8,10,1400 / 999 Freestyle (feat. Juice WRLD),274548,2359380,,
131,Trippie Redd,8032cf05-d916-4b2a-9c53-6e75d4a24bd8,11,who needs love,261915,2829070,69454b50-eefc-4b16-8467-f8bce7f6b4c4,160653
131,Trippie Redd,8032cf05-d916-4b2a-9c53-6e75d4a24bd8,12,Poles 1469,241448,2086032,4e079686-d407-432d-9033-276a7725ac70,149576
131,Trippie Redd,8032cf05-d916-4b2a-9c53-6e75d4a24bd8,13,Dark Knight Dummo,230015,2147636,35f57b9e-d563-4284-8874-b084c7024b27,256000
131,Trippie Redd,8032cf05-d916-4b2a-9c53-6e75d4a24bd8,14,Forever Ever (feat. Young Thug & Reese Laflare),206364,2304945,,
131,Trippie Redd,8032cf05-d916-4b2a-9c53-6e75d4a24bd8,15,Love Scars 3,186883,2042291,6684955c-f5de-4e26-ad65-67b30a0ad347,130000
132,Beach House,d5cc67b8-1cc4-453b-96e8-44487acdebea,1,Space Song,1896544,30761026,5a8f7959-6906-4672-ac64-f994e98976ae,320000
132,Beach House,d5cc67b8-1cc4-453b-96e8-44487acdebea,2,Silver Soul,1220393,12085721,1cd0e296-1501-408d-b154-f79f8adc9968,299000
132,Beach House,d5cc67b8-1cc4-453b-96e8-44487acdebea,3,Myth,1123029,11795221,eea564f4-4dc5-4115-adad-d03edb631e8c,258653
132,Beach House,d5cc67b8-1cc4-453b-96e8-44487acdebea,4,Master of None,987694,10846584,a8c7a6a5-1cb8-4962-b332-73b69a025618,199413
132,Beach House,d5cc67b8-1cc4-453b-96e8-44487acdebea,5,Wildflower,688444,6548001,568a3db4-f1dd-406b-b92b-eded6da5639a,219453
132,Beach House,d5cc67b8-1cc4-453b-96e8-44487acdebea,6,Lazuli,662057,5549762,2360ddae-451c-49f9-a0ee-01487ee4b351,301867
132,Beach House,d5cc67b8-1cc4-453b-96e8-44487acdebea,7,PPP,646602,6393772,63b40e6a-c07b-45b3-9067-1c72f21d77b5,368546
132,Beach House,d5cc67b8-1cc4-453b-96e8-44487acdebea,8,Zebra,640522,5353147,eaa05e83-c937-4334-ab6c-96ec432a4aa9,287000
132,Beach House,d5cc67b8-1cc4-453b-96e8-44487acdebea,9,Take Care,619534,4795037,3786c06c-6491-4e9d-a123-964f2a2081da,308000
132,Beach House,d5cc67b8-1cc4-453b-96e8-44487acdebea,10,Norway,535076,4321272,49886301-8cc7-4eb2-8920-790518194f10,240586
132,Beach House,d5cc67b8-1cc4-453b-96e8-44487acdebea,11,Walk in the Park,515379,4373011,ccafad2a-0a91-4fca-a2f4-6bf502e718f5,316000
132,Beach House,d5cc67b8-1cc4-453b-96e8-44487acdebea,12,Lemon Glow,499119,4258952,3bb6ad23-e46e-4d16-9cab-b9a2a2dfffa6,244946
132,Beach House,d5cc67b8-1cc4-453b-96e8-44487acdebea,13,Used to Be,434952,3458702,762139e6-f45a-4b7f-8fb4-c9cd7f9a20ba,241792
132,Beach House,d5cc67b8-1cc4-453b-96e8-44487acdebea,14,Other People,434771,3513919,9a41ff17-277b-48bd-9cee-258b1d524d41,234868
132,Beach House,d5cc67b8-1cc4-453b-96e8-44487acdebea,15,10 Mile Stereo,419099,3063934,5de6191a-5eca-4bc6-b57b-1a2b291ab843,303853
133,Billy Joel,64b94289-9474-4d43-8c93-918ccc1920d1,1,Uptown Girl,1615187,11148505,c2039168-458f-4a7f-b666-8537e0cd1a19,204666
133,Billy Joel,64b94289-9474-4d43-8c93-918ccc1920d1,2,Piano Man,1518679,11841970,7f411deb-d677-4ecf-9085-98e968891a5a,322333
133,Billy Joel,64b94289-9474-4d43-8c93-918ccc1920d1,3,Vienna,1300014,16310626,b0f4003e-d44c-460b-a4a3-44e33bb33b8f,215533
133,Billy Joel,64b94289-9474-4d43-8c93-918ccc1920d1,4,We Didn't Start the Fire,1058240,7107605,5ec8b3ad-8382-4571-a969-0f2be5ef29ad,317800
133,Billy Joel,64b94289-9474-4d43-8c93-918ccc1920d1,5,She's Always a Woman,857701,6318143,4e4a182d-8ec4-42e1-8fb2-25d92788d589,208000
133,Billy Joel,64b94289-9474-4d43-8c93-918ccc1920d1,6,Movin' Out (Anthony's Song),680547,5571907,eabc6cea-9cb9-4b34-8f49-ba0f459e523c,135266
133,Billy Joel,64b94289-9474-4d43-8c93-918ccc1920d1,7,My Life,655864,3590489,e908b8fb-93ea-4a86-a2f2-07cb61587d18,347666
133,Billy Joel,64b94289-9474-4d43-8c93-918ccc1920d1,8,Just the Way You Are,604823,3153248,d0e102de-d06f-484c-8b8b-e38c6a1179b5,114120
133,Billy Joel,64b94289-9474-4d43-8c93-918ccc1920d1,9,Only the Good Die Young,537558,3124902,eeaaa8f4-38a6-4d99-8533-07c4e882ea36,229866
133,Billy Joel,64b94289-9474-4d43-8c93-918ccc1920d1,10,It's Still Rock and Roll to Me,465449,2475848,71ff7557-59c0-4896-ad77-61c9fcb65257,
133,Billy Joel,64b94289-9474-4d43-8c93-918ccc1920d1,11,The Longest Time,421424,2438192,16ab68e1-a07b-41d8-96f2-f02baee7bb0d,32026
133,Billy Joel,64b94289-9474-4d43-8c93-918ccc1920d1,12,New York State Of Mind,361184,1778541,10545cd6-7483-4ac3-91a3-e6df5297e32f,509000
133,Billy Joel,64b94289-9474-4d43-8c93-918ccc1920d1,13,Scenes from an Italian Restaurant,319332,1884268,83bcd501-28e2-4372-a5c8-40b4237a76dc,540000
133,Billy Joel,64b94289-9474-4d43-8c93-918ccc1920d1,14,You May Be Right,291447,1484839,940c4d07-26d4-4e9b-adcd-ad418c295990,364000
133,Billy Joel,64b94289-9474-4d43-8c93-918ccc1920d1,15,The River of Dreams,284560,1407563,b20f1241-33c7-463f-bca6-a40a01a527d8,318000
134,Juice WRLD,4e4ebde4-0c56-4dec-844b-6c73adcdd92d,1,Lucid Dreams,1192032,17123578,9ee6446d-445c-4737-b6ca-f441a0b905e2,239000
134,Juice WRLD,4e4ebde4-0c56-4dec-844b-6c73adcdd92d,2,All Girls Are the Same,897260,16641058,07e81e14-dad8-48ae-a44a-dc254bb0b4d3,166000
134,Juice WRLD,4e4ebde4-0c56-4dec-844b-6c73adcdd92d,3,Robbery,654283,10639870,2bdb0ea6-90fe-4794-8e3c-feec3a559034,240527
134,Juice WRLD,4e4ebde4-0c56-4dec-844b-6c73adcdd92d,4,Lean Wit Me,601355,11048502,f591ccda-be1c-44c6-ab1e-0a7b3427bc64,241000
134,Juice WRLD,4e4ebde4-0c56-4dec-844b-6c73adcdd92d,5,let me know (I wonder why freestyle),578366,8414734,501f853f-c841-4406-8675-10f3c5f02301,215380
134,Juice WRLD,4e4ebde4-0c56-4dec-844b-6c73adcdd92d,6,Wishing Well,545581,8484569,f0e71635-1001-474e-a474-50b8d17aede8,195000
134,Juice WRLD,4e4ebde4-0c56-4dec-844b-6c73adcdd92d,7,Armed and Dangerous,539922,8760489,80cbf2b8-3a77-40c9-9f3f-95010bbb6ff3,170000
134,Juice WRLD,4e4ebde4-0c56-4dec-844b-6c73adcdd92d,8,Come & Go (with Marshmello),527889,7278209,,
134,Juice WRLD,4e4ebde4-0c56-4dec-844b-6c73adcdd92d,9,Bandit (with YoungBoy Never Broke Again),524013,7196492,,
134,Juice WRLD,4e4ebde4-0c56-4dec-844b-6c73adcdd92d,10,Wasted (feat. Lil Uzi Vert),505250,7865911,,
134,Juice WRLD,4e4ebde4-0c56-4dec-844b-6c73adcdd92d,11,legends,411176,6350604,b9406057-4da5-442a-9b25-d811ba663398,192000
134,Juice WRLD,4e4ebde4-0c56-4dec-844b-6c73adcdd92d,12,Righteous,394235,6991070,0a198d19-63ad-4114-93a4-f7a06317d710,242173
134,Juice WRLD,4e4ebde4-0c56-4dec-844b-6c73adcdd92d,13,Smile (with The Weeknd),392624,4985431,,
134,Juice WRLD,4e4ebde4-0c56-4dec-844b-6c73adcdd92d,14,Hide (feat. Seezyn),391719,5201992,,
134,Juice WRLD,4e4ebde4-0c56-4dec-844b-6c73adcdd92d,15,Black & White,382487,6121397,eb5dd5f6-0e5d-4fad-893b-1b4ef774ee62,209350
135,Yeat,9e6a6a2f-f696-4cc0-87f1-e4f712e46802,1,Out Thë Way,671981,11686775,6ebb6d0d-608d-45a8-a907-0f88403d6a43,150000
135,Yeat,9e6a6a2f-f696-4cc0-87f1-e4f712e46802,2,Monëy So Big,629069,9772146,ff61a220-fe4b-4573-b98a-42c86d9e742f,160052
135,Yeat,9e6a6a2f-f696-4cc0-87f1-e4f712e46802,3,If We Being Rëal,499190,7260329,2677c415-0fc1-48f1-9772-fe109aef033d,172000
135,Yeat,9e6a6a2f-f696-4cc0-87f1-e4f712e46802,4,Breathe,494992,6918154,b7bba3e9-adfc-48a7-b676-d0b97fe562ec,170000
135,Yeat,9e6a6a2f-f696-4cc0-87f1-e4f712e46802,5,Flawlëss (feat. Lil Uzi Vert),488415,7849388,,
135,Yeat,9e6a6a2f-f696-4cc0-87f1-e4f712e46802,6,Talk,481071,8062925,8b7212b1-a143-4641-a2ff-f7e209cba250,174000
135,Yeat,9e6a6a2f-f696-4cc0-87f1-e4f712e46802,7,Sorry Bout That,449409,6294985,fb589b74-d2db-4f4d-b9d8-1ac2401f0674,186017
135,Yeat,9e6a6a2f-f696-4cc0-87f1-e4f712e46802,8,On tha linë,440547,6347032,d36ad19a-aef6-4892-8d3b-f9d0558d005c,154786
135,Yeat,9e6a6a2f-f696-4cc0-87f1-e4f712e46802,9,Gët Busy,428838,7029879,db19df2b-564e-4112-b0d8-d2dbd067d1f0,157779
135,Yeat,9e6a6a2f-f696-4cc0-87f1-e4f712e46802,10,Poppin,418333,7345871,0059a558-f552-45a6-af28-2331bdad04b6,167159
135,Yeat,9e6a6a2f-f696-4cc0-87f1-e4f712e46802,11,Turban,343638,6160242,2fe67895-de85-4a0b-a27b-01c1d609fa8f,155742
135,Yeat,9e6a6a2f-f696-4cc0-87f1-e4f712e46802,12,Nun Id Change,333686,5133558,604064da-0533-40b9-a129-9de5e9d59d96,211000
135,Yeat,9e6a6a2f-f696-4cc0-87f1-e4f712e46802,13,ALREADY RICH,332512,3901026,a81ec7a5-e178-46da-a750-ea2ea68ee895,145528
135,Yeat,9e6a6a2f-f696-4cc0-87f1-e4f712e46802,14,Swërved It,274633,3831435,9f32f123-37a6-4e9f-bc9f-c81354616a9c,154044
135,Yeat,9e6a6a2f-f696-4cc0-87f1-e4f712e46802,15,My wrist (with Young Thug),270005,3366681,,
136,Tory Lanez,5b8ec72b-9e39-4a06-a2bf-964166b92a71,1,The Color Violet,994552,24546304,deafa37f-53af-43c5-b045-a1b2e2cae9fe,226467
136,Tory Lanez,5b8ec72b-9e39-4a06-a2bf-964166b92a71,2,Say It,545753,5950731,86ed3f7d-f907-4978-b33b-462ed4aab48d,238000
136,Tory Lanez,5b8ec72b-9e39-4a06-a2bf-964166b92a71,3,Hurts Me,524446,6691310,83d41034-8020-489b-b16c-7b1d7656347d,
136,Tory Lanez,5b8ec72b-9e39-4a06-a2bf-964166b92a71,4,Broke In A Minute,465631,4939759,5589ddb1-7466-4591-9db0-f1f7e1cd3d96,131790
136,Tory Lanez,5b8ec72b-9e39-4a06-a2bf-964166b92a71,5,Lavender Sunflower,420336,6067903,9970c4a7-f26a-43f4-847e-0f6b86dce05d,151967
136,Tory Lanez,5b8ec72b-9e39-4a06-a2bf-964166b92a71,6,Lady of Namek,338479,5128842,1f40992a-1ad0-415c-ab18-b4159f11718a,193994
136,Tory Lanez,5b8ec72b-9e39-4a06-a2bf-964166b92a71,7,In For It,321680,3176768,52a662b1-d6a4-458e-910f-36328889773d,117000
136,Tory Lanez,5b8ec72b-9e39-4a06-a2bf-964166b92a71,8,I LIKE,251124,2392358,c5f9dc44-a186-4851-b2c9-941afc6de4a7,133521
136,Tory Lanez,5b8ec72b-9e39-4a06-a2bf-964166b92a71,9,Pink Dolphin Sunset (feat. Tee),246934,2742453,,
136,Tory Lanez,5b8ec72b-9e39-4a06-a2bf-964166b92a71,10,‘87 Stingray,236717,2742048,de44204f-d85d-4dc6-b465-aa81b280c504,141333
136,Tory Lanez,5b8ec72b-9e39-4a06-a2bf-964166b92a71,11,Luv,225453,1599803,3f0413c3-1e81-4a57-90c3-aef0204859cb,74000
136,Tory Lanez,5b8ec72b-9e39-4a06-a2bf-964166b92a71,12,The Take (feat. Chris Brown),208205,1553082,,
136,Tory Lanez,5b8ec72b-9e39-4a06-a2bf-964166b92a71,13,Y.D.L.R.,196394,1996145,15dea808-3d5f-4275-8f21-946b4a42d9a3,146000
136,Tory Lanez,5b8ec72b-9e39-4a06-a2bf-964166b92a71,14,Midnight's Interlude,191730,1736523,298743f7-35ce-451f-bf1b-7983859cd0b0,114090
136,Tory Lanez,5b8ec72b-9e39-4a06-a2bf-964166b92a71,15,And This is Just The Intro,190117,2861746,28a12e40-3221-4438-b141-c5c1a6435ebb,326813
137,bôa,ca1dcba2-792c-4550-abf2-7b45396e81ca,1,Duvet,1760218,35957271,f4d36326-da1b-4b43-af19-7113c2adb92d,203000
137,bôa,ca1dcba2-792c-4550-abf2-7b45396e81ca,2,Twilight,862808,11797673,4e7d739b-f717-45c4-bf86-3d15da73748f,228000
137,bôa,ca1dcba2-792c-4550-abf2-7b45396e81ca,3,Elephant,456561,3385553,4baa1381-e71a-471a-b62f-a6a4cf084e8e,234160
137,bôa,ca1dcba2-792c-4550-abf2-7b45396e81ca,4,Fool,340762,2611146,edbf8cf4-9c48-4e5b-beb3-854d804f5702,307200
137,bôa,ca1dcba2-792c-4550-abf2-7b45396e81ca,5,Duvet - acoustic,306704,2013136,,
137,bôa,ca1dcba2-792c-4550-abf2-7b45396e81ca,6,Rain,303467,1848155,077d19be-1b45-4ea6-8c74-67479c3b8855,236266
137,bôa,ca1dcba2-792c-4550-abf2-7b45396e81ca,7,Little Miss,230607,1514969,6ce3314e-145d-4371-9994-a86a82fc1b98,233480
137,bôa,ca1dcba2-792c-4550-abf2-7b45396e81ca,8,Drinking,208273,1147885,419fdf82-840e-4303-b321-20ea0c170750,252000
137,bôa,ca1dcba2-792c-4550-abf2-7b45396e81ca,9,For Jasmine,168085,1000285,57669e9d-89cf-427a-a84d-79eb42badde8,317000
137,bôa,ca1dcba2-792c-4550-abf2-7b45396e81ca,10,Deeply,167871,961535,6f650266-f065-49a3-bc54-01a74390fd4d,274000
137,bôa,ca1dcba2-792c-4550-abf2-7b45396e81ca,11,Duvet - Sped Up Version,158851,651567,,
137,bôa,ca1dcba2-792c-4550-abf2-7b45396e81ca,12,Get There,156575,842056,ef8e6b5e-1bf5-4ab3-b659-62ebefe49691,273880
137,bôa,ca1dcba2-792c-4550-abf2-7b45396e81ca,13,Scoring,137522,644293,78682660-5bad-4f27-94bb-83d10c58f774,230000
137,bôa,ca1dcba2-792c-4550-abf2-7b45396e81ca,14,Welcome,136182,741734,67909b76-3a3a-4654-a80e-4b34a3a58227,353000
137,bôa,ca1dcba2-792c-4550-abf2-7b45396e81ca,15,One Day,123107,638654,99f047a8-df05-4a14-b79a-ff106688decc,160000
138,Pitbull,d262ea27-3ffe-40f7-b922-85c42d625e67,1,Hotel Room Service,1213503,7354050,511f3f54-a839-4ed9-a767-bf605fe190fa,238760
138,Pitbull,d262ea27-3ffe-40f7-b922-85c42d625e67,2,Timber,1185440,6531688,f020bfce-d729-4987-9702-acbb5a27ee84,202653
138,Pitbull,d262ea27-3ffe-40f7-b922-85c42d625e67,3,Time of Our Lives,1139958,8590228,be40fc02-46a4-42e3-bdd6-ba6c0cfb12df,229000
138,Pitbull,d262ea27-3ffe-40f7-b922-85c42d625e67,4,Give Me Everything (feat. Nayer),901150,5324835,,
138,Pitbull,d262ea27-3ffe-40f7-b922-85c42d625e67,5,I Know You Want Me (Calle Ocho),830833,3561408,348f4e59-a587-42dd-901b-8af2037abc1e,205000
138,Pitbull,d262ea27-3ffe-40f7-b922-85c42d625e67,6,Feel This Moment (feat. Christina Aguilera),770099,4734693,,
138,Pitbull,d262ea27-3ffe-40f7-b922-85c42d625e67,7,Timber (feat. Ke$ha),694108,4436089,,
138,Pitbull,d262ea27-3ffe-40f7-b922-85c42d625e67,8,International Love (feat. Chris Brown),652236,4892413,,
138,Pitbull,d262ea27-3ffe-40f7-b922-85c42d625e67,9,"Give Me Everything (feat. Ne-Yo, Afrojack & Nayer)",640525,4310948,,
138,Pitbull,d262ea27-3ffe-40f7-b922-85c42d625e67,10,Fireball (feat. John Ryan),553234,3088998,,
138,Pitbull,d262ea27-3ffe-40f7-b922-85c42d625e67,11,Hey Baby (Drop It to the Floor) (feat. T-Pain),526373,3846911,,
138,Pitbull,d262ea27-3ffe-40f7-b922-85c42d625e67,12,Rain Over Me (feat. Marc Anthony),273783,1809614,,
138,Pitbull,d262ea27-3ffe-40f7-b922-85c42d625e67,13,Don't Stop the Party (feat. TJR),251845,1177348,,
138,Pitbull,d262ea27-3ffe-40f7-b922-85c42d625e67,14,We Are One (Ole Ola) [The Official 2014 FIFA World Cup Song] (feat. Jennifer Lopez & Claudia Leitte),248697,1468540,,
138,Pitbull,d262ea27-3ffe-40f7-b922-85c42d625e67,15,Give Me Everything,233654,1070053,58574746-a19c-446d-b676-740646e90592,284933
139,Doechii,9f75277c-b283-4846-ac8c-f932255cd0ac,1,DENIAL IS A RIVER,1159827,14034896,5660333e-d9ba-4df1-9e91-86dedaa79a41,164957
139,Doechii,9f75277c-b283-4846-ac8c-f932255cd0ac,2,NISSAN ALTIMA,850372,10627854,c24f8a4a-456e-489c-8a6a-44ee1c8e39b8,127000
139,Doechii,9f75277c-b283-4846-ac8c-f932255cd0ac,3,Anxiety,628132,3870133,43d7be59-74d3-409f-a8b8-59636354e64c,249302
139,Doechii,9f75277c-b283-4846-ac8c-f932255cd0ac,4,CATFISH,613981,4965532,344bd1ab-e96f-4fc8-8b68-9d0b3cfc593e,171000
139,Doechii,9f75277c-b283-4846-ac8c-f932255cd0ac,5,What It Is (Solo Version),482098,3440081,64a99335-828f-4423-ae6f-2a7e8afc2cd2,189746
139,Doechii,9f75277c-b283-4846-ac8c-f932255cd0ac,6,BOILED PEANUTS,458717,2855945,93393f8c-f561-4721-a5db-b5f35792f0dc,98000
139,Doechii,9f75277c-b283-4846-ac8c-f932255cd0ac,7,Alter Ego (with JT),450832,5547686,,
139,Doechii,9f75277c-b283-4846-ac8c-f932255cd0ac,8,BULLFROG,407324,1981381,ac80fe8e-f1e7-4eaf-b4ba-b24b6663dd3e,94587
139,Doechii,9f75277c-b283-4846-ac8c-f932255cd0ac,9,STANKA POOH,357329,1485233,0d216272-1890-4ff0-9825-a3c0ea1eb42b,121000
139,Doechii,9f75277c-b283-4846-ac8c-f932255cd0ac,10,SKIPP,346091,1583016,ca04ca6a-0468-4171-9717-bbaf8bbad7e0,101000
139,Doechii,9f75277c-b283-4846-ac8c-f932255cd0ac,11,WAIT,344733,1791166,7ef1ee18-fbe1-4fa7-aef7-e10d5bf363d0,184894
139,Doechii,9f75277c-b283-4846-ac8c-f932255cd0ac,12,HIDE N SEEK,311151,1381704,eb4dda6d-ff78-45c8-9c6d-d319350677b3,178000
139,Doechii,9f75277c-b283-4846-ac8c-f932255cd0ac,13,DEATH ROLL,309476,1573619,749247b3-adfa-49dd-ad1c-65b98cbeee8e,139259
139,Doechii,9f75277c-b283-4846-ac8c-f932255cd0ac,14,Persuasive (with SZA),306867,2037308,,
139,Doechii,9f75277c-b283-4846-ac8c-f932255cd0ac,15,SLIDE,304963,1846410,159ad2d9-9eee-4428-ac8d-aa8919a3d814,174000
140,Mazzy Star,c48d4327-8122-4286-af66-05e1ee6ac4d8,1,Fade Into You,1971693,29555915,a05c0a99-f0a4-44bb-9610-3e3565d21cae,273000
140,Mazzy Star,c48d4327-8122-4286-af66-05e1ee6ac4d8,2,Halah,730253,6624195,0969b54d-2791-437f-b5c1-fca7bc9f702f,197000
140,Mazzy Star,c48d4327-8122-4286-af66-05e1ee6ac4d8,3,Blue Light,699728,5653549,13e50b73-f868-41a5-818e-993952ee22fc,329000
140,Mazzy Star,c48d4327-8122-4286-af66-05e1ee6ac4d8,4,Into Dust,583569,3782867,90a1beeb-713b-4a63-974c-5d6248f472e9,334000
140,Mazzy Star,c48d4327-8122-4286-af66-05e1ee6ac4d8,5,Be My Angel,535496,4627972,c81cdd17-3f59-4f43-8484-b25a0e2e5e36,197333
140,Mazzy Star,c48d4327-8122-4286-af66-05e1ee6ac4d8,6,Look on Down From the Bridge,525935,3901722,e5771b32-1437-46fe-8339-c538127cb8f9,286218
140,Mazzy Star,c48d4327-8122-4286-af66-05e1ee6ac4d8,7,Five String Serenade,435556,2426982,babd654b-092a-4081-99b1-378e45e444f8,304000
140,Mazzy Star,c48d4327-8122-4286-af66-05e1ee6ac4d8,8,Bells Ring,413593,2106915,5f9791e0-04a7-4798-8bfd-c84e42776852,227000
140,Mazzy Star,c48d4327-8122-4286-af66-05e1ee6ac4d8,9,"Cry, Cry",411735,2678873,445e1164-3165-4ad5-99e7-d3d77f72cca3,238160
140,Mazzy Star,c48d4327-8122-4286-af66-05e1ee6ac4d8,10,Blue Flower,362289,2239953,79a10331-2bc4-4358-a591-f566e85cd005,231000
140,Mazzy Star,c48d4327-8122-4286-af66-05e1ee6ac4d8,11,Give You My Lovin,357632,2297104,7cd2559f-7494-4f80-ad92-f8bca7f51a10,231000
140,Mazzy Star,c48d4327-8122-4286-af66-05e1ee6ac4d8,12,Flowers In December,356489,2365127,2d238455-d953-41e0-8127-1231bf484a7c,305226
140,Mazzy Star,c48d4327-8122-4286-af66-05e1ee6ac4d8,13,Rose Blood,321791,2852275,,
140,Mazzy Star,c48d4327-8122-4286-af66-05e1ee6ac4d8,14,She's My Baby,296113,1317441,3f107e99-6bc1-4c11-a0cb-dac128f33651,262000
140,Mazzy Star,c48d4327-8122-4286-af66-05e1ee6ac4d8,15,"Quiet, The Winter Harbor",279807,2518005,6a6ac233-e278-434c-b29f-604601d56d9e,255358
141,Madison Beer,749ef494-8518-4b49-b685-63d8e728d25c,1,Make You Mine,603400,8459834,adcc3fb7-b7d7-498a-8da8-7d9922e26ee4,
141,Madison Beer,749ef494-8518-4b49-b685-63d8e728d25c,2,Reckless,511359,6467951,fa88f150-05a9-4c33-9f03-0f21136a5aee,203384
141,Madison Beer,749ef494-8518-4b49-b685-63d8e728d25c,3,Selfish,397763,4410347,6bc22daa-6f4d-405e-92a1-a4c4b207a9a5,223581
141,Madison Beer,749ef494-8518-4b49-b685-63d8e728d25c,4,Good in Goodbye,365543,4373712,89407667-6a10-44de-a762-a973c3733d27,142571
141,Madison Beer,749ef494-8518-4b49-b685-63d8e728d25c,5,Baby,297752,3916014,37d90223-e343-449d-ac1d-896c9f5b280b,208232
141,Madison Beer,749ef494-8518-4b49-b685-63d8e728d25c,6,Home to Another One,247065,4046032,950334ae-e866-4ca9-af69-df1d59891fbe,149108
141,Madison Beer,749ef494-8518-4b49-b685-63d8e728d25c,7,Dead,218365,1747830,8bfb62f9-0117-4a9a-84f2-bfc58c7d7308,194827
141,Madison Beer,749ef494-8518-4b49-b685-63d8e728d25c,8,BOYSHIT,213256,2427989,52f108e2-79cc-4f01-aaf2-3658ee5a8652,160398
141,Madison Beer,749ef494-8518-4b49-b685-63d8e728d25c,9,Hurts Like Hell (feat. Offset),204688,1669545,,
141,Madison Beer,749ef494-8518-4b49-b685-63d8e728d25c,10,Dear Society,204619,2139605,4cd2683d-dcd4-4405-9d97-725c64884eb4,179000
141,Madison Beer,749ef494-8518-4b49-b685-63d8e728d25c,11,Home with You,198963,1671904,cbf1bb3b-c7cb-4a8a-822d-facb903c5cab,190635
141,Madison Beer,749ef494-8518-4b49-b685-63d8e728d25c,12,Spinnin,183599,2372471,73ffe59f-7e0d-4974-885c-a0d293a75fd9,167000
141,Madison Beer,749ef494-8518-4b49-b685-63d8e728d25c,13,Sweet Relief,177656,2322921,a7a2f64a-7900-4a97-87c1-a7153969a6fe,162000
141,Madison Beer,749ef494-8518-4b49-b685-63d8e728d25c,14,15 Minutes,169094,2066460,5dad04fc-4a08-4388-a53f-cb80631bef60,189000
141,Madison Beer,749ef494-8518-4b49-b685-63d8e728d25c,15,Teenager in Love,144650,1030597,8b366a32-2a58-4305-8bde-cd8fe14c115e,214970
142,Oasis,39ab1aed-75e0-4140-bd47-540276886b60,1,Wonderwall,2664996,24381773,1b04cca9-10f9-4d1c-9228-e55f9c7bd987,191800
142,Oasis,39ab1aed-75e0-4140-bd47-540276886b60,2,Don't Look Back in Anger,1572652,13711183,7ac31d8f-1ae9-4297-8cc1-60d852ae2adf,309266
142,Oasis,39ab1aed-75e0-4140-bd47-540276886b60,3,Wonderwall - Remastered,1327084,10832322,,
142,Oasis,39ab1aed-75e0-4140-bd47-540276886b60,4,Champagne Supernova,1215053,8512440,d64e43c6-dd16-4271-b768-29891d781533,556906
142,Oasis,39ab1aed-75e0-4140-bd47-540276886b60,5,Stop Crying Your Heart Out,1150378,9975224,24f7b207-bf99-45a2-a69b-29afd65774bb,
142,Oasis,39ab1aed-75e0-4140-bd47-540276886b60,6,Live Forever,1028094,8193588,a522b62d-0d02-4c1c-b883-9e898cca5e9a,328000
142,Oasis,39ab1aed-75e0-4140-bd47-540276886b60,7,Don't Look Back In Anger - Remastered,937290,9155341,,
142,Oasis,39ab1aed-75e0-4140-bd47-540276886b60,8,Supersonic,750569,5614404,6d3af4d6-b10c-4d4c-86b2-c92216119703,179093
142,Oasis,39ab1aed-75e0-4140-bd47-540276886b60,9,Stand By Me,746979,5390811,f8390d53-5e98-475b-b47e-d9ff501a04fe,359360
142,Oasis,39ab1aed-75e0-4140-bd47-540276886b60,10,Some Might Say,734002,4402865,69e1f0bb-a978-42c0-b353-59ffc6f698f9,297173
142,Oasis,39ab1aed-75e0-4140-bd47-540276886b60,11,Morning Glory,718222,4601644,22f61588-6030-4567-a56e-8d457df5bde1,188000
142,Oasis,39ab1aed-75e0-4140-bd47-540276886b60,12,Roll with It,649700,3673736,b6edca4b-8391-423d-b638-60f197c6ecd5,274000
142,Oasis,39ab1aed-75e0-4140-bd47-540276886b60,13,She's Electric,626542,3805424,95bf6a56-a5d8-4206-b624-522797976446,220533
142,Oasis,39ab1aed-75e0-4140-bd47-540276886b60,14,Champagne Supernova - Remastered,574039,4289017,,
142,Oasis,39ab1aed-75e0-4140-bd47-540276886b60,15,Hello,542927,2906837,0e7a200f-5965-47af-92a4-e5d64741aee9,206000
143,Foo Fighters,67f66c07-6e61-4026-ade5-7e782fad3a5d,1,Everlong,2932362,42053365,7d6db365-566e-497e-b2fe-380f0aa64e0a,
143,Foo Fighters,67f66c07-6e61-4026-ade5-7e782fad3a5d,2,The Pretender,2113666,21555171,c8bdd218-5761-45b7-aad5-6761d3fac87f,
143,Foo Fighters,67f66c07-6e61-4026-ade5-7e782fad3a5d,3,My Hero,1731866,14135717,b559cb6a-9287-4d52-be5b-aa07ee20d14e,391000
143,Foo Fighters,67f66c07-6e61-4026-ade5-7e782fad3a5d,4,Best of You,1706065,14038873,8307c013-4a8a-40a9-8ec1-5c920ec4bf67,314000
143,Foo Fighters,67f66c07-6e61-4026-ade5-7e782fad3a5d,5,Learn to Fly,1694098,12953742,696d39df-893b-4608-a9f7-87a0df379342,
143,Foo Fighters,67f66c07-6e61-4026-ade5-7e782fad3a5d,6,All My Life,1434969,10821959,63b4bd42-033f-4b91-9295-a1fd69ea6bd1,326826
143,Foo Fighters,67f66c07-6e61-4026-ade5-7e782fad3a5d,7,Monkey Wrench,1277109,9015387,0c3289f8-2d45-47f9-acba-28c625178176,
143,Foo Fighters,67f66c07-6e61-4026-ade5-7e782fad3a5d,8,Times Like These,1196547,8338946,2f917b17-45ec-45c0-bf2e-7dd36069366d,268000
143,Foo Fighters,67f66c07-6e61-4026-ade5-7e782fad3a5d,9,Big Me,861960,5098445,550c5136-5829-4cfd-a70b-68d4bf4d9bb2,160493
143,Foo Fighters,67f66c07-6e61-4026-ade5-7e782fad3a5d,10,Long Road to Ruin,785003,5382205,10937d98-fc09-4aa4-99d8-3cb7263dde17,
143,Foo Fighters,67f66c07-6e61-4026-ade5-7e782fad3a5d,11,Breakout,723325,4349764,e70abbb7-9e1a-43b6-923b-45d83cca5fa5,311120
143,Foo Fighters,67f66c07-6e61-4026-ade5-7e782fad3a5d,12,Walk,719158,6211133,98fc6e21-4dee-44e8-ad66-3b1df27e0e7e,265000
143,Foo Fighters,67f66c07-6e61-4026-ade5-7e782fad3a5d,13,Doll,692116,3312899,04de13c1-6b3e-405c-97a8-9cc9638ffdf7,
143,Foo Fighters,67f66c07-6e61-4026-ade5-7e782fad3a5d,14,This Is a Call,646860,3326338,7c0cbf6e-a65f-49b1-8606-26fec8ea8d46,
143,Foo Fighters,67f66c07-6e61-4026-ade5-7e782fad3a5d,15,Let It Die,624275,4204672,498d3d62-2df9-4241-b4bf-7e7c07b031f5,
144,Faye Webster,ce4a1c08-6912-423f-bf6c-97ce69f5e89f,1,Kingston,1124367,18904651,2c5148ad-02ce-45a1-85fd-ebd5271f9c52,202160
144,Faye Webster,ce4a1c08-6912-423f-bf6c-97ce69f5e89f,2,Right Side of My Neck,857369,13507388,c17c99b4-8773-4d6b-9360-d9cfb7a133d4,153320
144,Faye Webster,ce4a1c08-6912-423f-bf6c-97ce69f5e89f,3,I Know You,839207,13001163,4492acaf-d7ea-4eb1-8a0d-5b9262444c9a,252000
144,Faye Webster,ce4a1c08-6912-423f-bf6c-97ce69f5e89f,4,In a Good Way,700051,9315724,e2334adb-fbc0-4642-8e1b-b9267ccad5c6,224000
144,Faye Webster,ce4a1c08-6912-423f-bf6c-97ce69f5e89f,5,Hurts Me Too,482446,5710481,8b28c85a-c013-4f07-b30a-10381623da74,201000
144,Faye Webster,ce4a1c08-6912-423f-bf6c-97ce69f5e89f,6,Jonny,476260,6384638,6a9e2e0f-30a8-49dc-8192-34cf259d2898,226000
144,Faye Webster,ce4a1c08-6912-423f-bf6c-97ce69f5e89f,7,She Won't Go Away,446030,4860278,06b517b2-183f-4d43-a4e1-8ea978275e7f,186000
144,Faye Webster,ce4a1c08-6912-423f-bf6c-97ce69f5e89f,8,A Dream with a Baseball Player,414597,4408541,7e644146-7b26-4d50-9dfb-193b6e2db902,221186
144,Faye Webster,ce4a1c08-6912-423f-bf6c-97ce69f5e89f,9,But Not Kiss,377547,3365551,4dfca251-8d87-44c5-b4f1-2902f1a3654b,222556
144,Faye Webster,ce4a1c08-6912-423f-bf6c-97ce69f5e89f,10,I Know I'm Funny haha,282453,2350012,fb259d94-d304-438a-bde8-8e510fbd3a07,163880
144,Faye Webster,ce4a1c08-6912-423f-bf6c-97ce69f5e89f,11,Better Distractions,275181,2368246,8669864b-17b0-4103-b993-7d8331edd6d4,249985
144,Faye Webster,ce4a1c08-6912-423f-bf6c-97ce69f5e89f,12,Thinking About You,264820,1955796,e6613a11-58b4-44ba-941c-6a0e9e8f6e1f,396158
144,Faye Webster,ce4a1c08-6912-423f-bf6c-97ce69f5e89f,13,Jonny (Reprise),251988,2047997,5cdc6e86-327b-4d5c-b034-33a6172d5fdc,120000
144,Faye Webster,ce4a1c08-6912-423f-bf6c-97ce69f5e89f,14,Come to Atlanta,243869,1773686,4641ad21-bc1f-45d5-b76b-ddf438973fb8,152000
144,Faye Webster,ce4a1c08-6912-423f-bf6c-97ce69f5e89f,15,Sometimes,225533,1747093,d19421d3-aadf-43af-a95b-486150b18843,273266
145,Young Thug,800760de-bdf8-43a2-8fe0-44a2401a5515,1,Pick up the Phone,705621,9708802,634cb18b-3d56-400f-9b11-8cc68ebcae17,252256
145,Young Thug,800760de-bdf8-43a2-8fe0-44a2401a5515,2,The London (feat. J. Cole & Travis Scott),597280,6713416,,
145,Young Thug,800760de-bdf8-43a2-8fe0-44a2401a5515,3,Hot (Remix) [feat. Gunna and Travis Scott],501336,5935631,,
145,Young Thug,800760de-bdf8-43a2-8fe0-44a2401a5515,4,Bad Bad Bad (feat. Lil Baby),457753,5407248,,
145,Young Thug,800760de-bdf8-43a2-8fe0-44a2401a5515,5,Hot (feat. Gunna),453634,3859671,,
145,Young Thug,800760de-bdf8-43a2-8fe0-44a2401a5515,6,Digits,432945,5199552,ced1dc21-a56b-44f2-8c3e-49a220ea38fa,176000
145,Young Thug,800760de-bdf8-43a2-8fe0-44a2401a5515,7,Wyclef Jean,346670,4002985,0f4aa1df-56cb-49c4-a6e2-55386f144b12,236000
145,Young Thug,800760de-bdf8-43a2-8fe0-44a2401a5515,8,Bubbly (with Drake & Travis Scott),338484,4469958,,
145,Young Thug,800760de-bdf8-43a2-8fe0-44a2401a5515,9,Relationship (feat. Future),317623,3274538,,
145,Young Thug,800760de-bdf8-43a2-8fe0-44a2401a5515,10,Check,310888,3686117,ad8b398d-f77c-49de-89e9-fbf05a7927a2,230693
145,Young Thug,800760de-bdf8-43a2-8fe0-44a2401a5515,11,Oh U Went (feat. Drake),278608,2908770,,
145,Young Thug,800760de-bdf8-43a2-8fe0-44a2401a5515,12,With Them,231332,2811540,ba32f4fc-6cd1-4f69-9aef-051a2036bafb,197000
145,Young Thug,800760de-bdf8-43a2-8fe0-44a2401a5515,13,Livin It Up (with Post Malone & A$AP Rocky),230166,1652303,,
145,Young Thug,800760de-bdf8-43a2-8fe0-44a2401a5515,14,Mannequin Challenge (feat. Juice WRLD),224839,3017889,,
145,Young Thug,800760de-bdf8-43a2-8fe0-44a2401a5515,15,Surf (feat. Gunna),221100,2334750,f54823ea-8839-4ba0-93ec-88ecc94f1d91,289422
146,Chris Brown,c234fa42-e6a6-443e-937e-2f4b073538a3,1,Forever,1042889,7409941,6aceae60-db0b-4b1d-b71e-e3f27b214395,277400
146,Chris Brown,c234fa42-e6a6-443e-937e-2f4b073538a3,2,With You,962160,5886266,ddca5a69-f6ac-4eaf-827a-d084746b79d2,252467
146,Chris Brown,c234fa42-e6a6-443e-937e-2f4b073538a3,3,Under the Influence,734397,8401496,99fbbb06-806f-4f85-997c-1d36e53b9e9c,82000
146,Chris Brown,c234fa42-e6a6-443e-937e-2f4b073538a3,4,No Guidance (feat. Drake),584742,5840400,,
146,Chris Brown,c234fa42-e6a6-443e-937e-2f4b073538a3,5,Say Goodbye,551387,2418098,10715f9e-2fe0-40d3-8811-5161741dcd95,289760
146,Chris Brown,c234fa42-e6a6-443e-937e-2f4b073538a3,6,Gimme That,417702,1642184,6c7ef5c5-c845-41c9-a0f5-8b1a7796cb7f,183466
146,Chris Brown,c234fa42-e6a6-443e-937e-2f4b073538a3,7,Yeah 3X,413868,2765853,0935d99b-7efa-46f9-8dba-01f38278e492,239787
146,Chris Brown,c234fa42-e6a6-443e-937e-2f4b073538a3,8,Run It! (feat. Juelz Santana),388720,2096873,,
146,Chris Brown,c234fa42-e6a6-443e-937e-2f4b073538a3,9,Yo (Excuse Me Miss),383723,2352130,c0ba46e9-fb4b-4195-baac-ed39bb5cbe9e,
146,Chris Brown,c234fa42-e6a6-443e-937e-2f4b073538a3,10,Wall to Wall,383619,1822877,63863d17-f446-4dac-96e0-2f0cf8c80d2c,
146,Chris Brown,c234fa42-e6a6-443e-937e-2f4b073538a3,11,Go Crazy,380406,3896597,6b43ad0e-d189-44d6-b023-9ac09e18ca8a,176000
146,Chris Brown,c234fa42-e6a6-443e-937e-2f4b073538a3,12,Kiss Kiss (feat. T-Pain),371200,2347279,,
146,Chris Brown,c234fa42-e6a6-443e-937e-2f4b073538a3,13,Turn Up the Music,366608,2212707,493df83f-2e92-4995-87c3-0d6f1aa36bcb,222893
146,Chris Brown,c234fa42-e6a6-443e-937e-2f4b073538a3,14,Don't Wake Me Up,335126,1962821,2c59f11b-15b4-47ed-a1d7-91d60233de99,
146,Chris Brown,c234fa42-e6a6-443e-937e-2f4b073538a3,15,Loyal (feat. Lil Wayne & Tyga),330642,2415759,,
147,The Kid LAROI,80609a00-b394-4a49-975b-2db6b543fa97,1,STAY (with Justin Bieber),1253466,20033695,,
147,The Kid LAROI,80609a00-b394-4a49-975b-2db6b543fa97,2,NIGHTS LIKE THIS,910918,15964480,1942ae28-ee62-47ba-b1bd-a98264cbaf9b,86026
147,The Kid LAROI,80609a00-b394-4a49-975b-2db6b543fa97,3,WITHOUT YOU,401396,4324890,592e9efc-4562-4a94-bc24-d2d33acfd898,171456
147,The Kid LAROI,80609a00-b394-4a49-975b-2db6b543fa97,4,GO (feat. Juice WRLD),338935,5694490,,
147,The Kid LAROI,80609a00-b394-4a49-975b-2db6b543fa97,5,TOO MUCH,318881,8792261,b45a3065-1877-4c5b-9523-f853cbe109b0,157000
147,The Kid LAROI,80609a00-b394-4a49-975b-2db6b543fa97,6,SO DONE,277461,3701579,83ca1d30-ecf1-4e51-ade8-32e1651ec22f,126386
147,The Kid LAROI,80609a00-b394-4a49-975b-2db6b543fa97,7,Girls,272224,3020959,e6569d42-aed9-4294-8088-741b8c9821bd,152000
147,The Kid LAROI,80609a00-b394-4a49-975b-2db6b543fa97,8,Thousand Miles,253769,3311591,a80731ae-cada-4be1-9e76-cc7285aa83a5,163000
147,The Kid LAROI,80609a00-b394-4a49-975b-2db6b543fa97,9,Diva (feat. Lil Tecca),252959,3364487,,
147,The Kid LAROI,80609a00-b394-4a49-975b-2db6b543fa97,10,LOVE AGAIN,243636,3151968,bf47af98-a27a-4d26-9882-4dc91d886a23,146000
147,The Kid LAROI,80609a00-b394-4a49-975b-2db6b543fa97,11,BABY I'M BACK,232497,2929749,7e05b9d5-2430-426f-87a4-13890db3eac6,171243
147,The Kid LAROI,80609a00-b394-4a49-975b-2db6b543fa97,12,WITHOUT YOU (with Miley Cyrus),212597,1461433,,
147,The Kid LAROI,80609a00-b394-4a49-975b-2db6b543fa97,13,BLEED,187889,3369630,8cf3405c-7fd0-4a76-88db-51adc932180d,172000
147,The Kid LAROI,80609a00-b394-4a49-975b-2db6b543fa97,14,"F*CK YOU, GOODBYE (feat. Machine Gun Kelly)",186506,2240244,,
147,The Kid LAROI,80609a00-b394-4a49-975b-2db6b543fa97,15,ALWAYS DO,166028,2266498,f22b49ab-3388-491e-8625-ee87cdcf9219,151704
148,Gunna,100b8734-f4f0-4536-9960-47f7c59d1b4c,1,fukumean,905605,12960374,08d7ca4d-e054-4053-8cb9-f9e2befa7756,35000
148,Gunna,100b8734-f4f0-4536-9960-47f7c59d1b4c,2,one of wun,561841,6670082,286ab625-c03d-4292-a636-94f21a33d98d,144000
148,Gunna,100b8734-f4f0-4536-9960-47f7c59d1b4c,3,P power (feat. Drake),541590,7952298,72c07002-edad-458d-8d01-bdb24bd8191a,193346
148,Gunna,100b8734-f4f0-4536-9960-47f7c59d1b4c,4,pushin P (feat. Young Thug),507041,5720597,,
148,Gunna,100b8734-f4f0-4536-9960-47f7c59d1b4c,5,on one tonight,475241,5404632,2c892fc1-3335-4125-a135-3bba2dbdfcbd,90760
148,Gunna,100b8734-f4f0-4536-9960-47f7c59d1b4c,6,Who You Foolin,453056,4992845,b1fb98b2-8062-46b5-9af1-e930690010af,151539
148,Gunna,100b8734-f4f0-4536-9960-47f7c59d1b4c,7,DOLLAZ ON MY HEAD (feat. Young Thug),420039,5165311,fcf619f6-b15a-4b6f-9049-88b7b910b643,197760
148,Gunna,100b8734-f4f0-4536-9960-47f7c59d1b4c,8,hakuna matata,398370,3454987,2e31be70-4400-45e7-958c-104af128b663,127853
148,Gunna,100b8734-f4f0-4536-9960-47f7c59d1b4c,9,Drip or Drown,396738,3755448,80425225-3bd3-42cb-b471-db2f98625a3c,126168
148,Gunna,100b8734-f4f0-4536-9960-47f7c59d1b4c,10,TOP FLOOR (feat. Travis Scott),285842,2806170,,
148,Gunna,100b8734-f4f0-4536-9960-47f7c59d1b4c,11,banking on me,279677,3322395,7647cc98-687c-4b7d-b073-e37aa33cacdf,200000
148,Gunna,100b8734-f4f0-4536-9960-47f7c59d1b4c,12,200 FOR LUNCH,269758,2471485,d29cc51f-647e-420e-8c5f-968735f2131c,149000
148,Gunna,100b8734-f4f0-4536-9960-47f7c59d1b4c,13,prada dem (feat. Offset),269067,2117299,,
148,Gunna,100b8734-f4f0-4536-9960-47f7c59d1b4c,14,Sold Out Dates (feat. Lil Baby),252069,2971491,7202cb7a-832e-45d9-a99a-311ffee819fe,166368
148,Gunna,100b8734-f4f0-4536-9960-47f7c59d1b4c,15,thought i was playing,251564,2951018,95965f91-457b-4ebd-80d7-78fbec650a5b,167000
149,Madonna,79239441-bfd5-4981-a70c-55c3f15c1287,1,Hung Up,1490051,14706065,921f40d5-013a-4e69-88cf-2b51dd3ae28e,564000
149,Madonna,79239441-bfd5-4981-a70c-55c3f15c1287,2,Like a Prayer,1349938,10788406,21094cfb-3a22-4458-8b93-203f5b691a88,266400
149,Madonna,79239441-bfd5-4981-a70c-55c3f15c1287,3,Material Girl,1284695,7971655,855573e2-03c8-4c78-b27b-92f09105bc6c,268000
149,Madonna,79239441-bfd5-4981-a70c-55c3f15c1287,4,Like a Virgin,1036952,6420492,263648f8-6bf9-4bc0-8f27-54c82905530d,118052
149,Madonna,79239441-bfd5-4981-a70c-55c3f15c1287,5,La Isla Bonita,960889,6957684,45ea9cd8-dc03-429c-ba90-779483d4c232,455000
149,Madonna,79239441-bfd5-4981-a70c-55c3f15c1287,6,Vogue,893625,7152693,4489bc36-eafb-4529-adca-c9717f861eca,327000
149,Madonna,79239441-bfd5-4981-a70c-55c3f15c1287,7,Frozen,808014,6834986,3502689a-700e-4a12-b70f-ffcd20547a89,330000
149,Madonna,79239441-bfd5-4981-a70c-55c3f15c1287,8,4 Minutes (feat. Justin Timberlake & Timbaland),658889,4569962,,
149,Madonna,79239441-bfd5-4981-a70c-55c3f15c1287,9,Sorry,655272,6302787,d0c766b1-32f5-4d81-b3d2-83b55efe58aa,278000
149,Madonna,79239441-bfd5-4981-a70c-55c3f15c1287,10,Holiday,615819,3659199,4e27c862-3eb3-47d2-baa8-f26e3bd253d8,339000
149,Madonna,79239441-bfd5-4981-a70c-55c3f15c1287,11,Papa Don't Preach,595746,3975214,2be7bc6d-0791-422a-86d5-048cc77f34c0,251000
149,Madonna,79239441-bfd5-4981-a70c-55c3f15c1287,12,Into the Groove,575034,3873183,5b9d9b8d-d0a9-48bd-aa77-b3b5e910ac4e,486133
149,Madonna,79239441-bfd5-4981-a70c-55c3f15c1287,13,Ray of Light,558176,4850490,7329b911-939b-41b1-89ad-171335759f9d,274666
149,Madonna,79239441-bfd5-4981-a70c-55c3f15c1287,14,Music,522747,3876582,10185ec5-c493-4087-81e8-00018b3eea61,219013
149,Madonna,79239441-bfd5-4981-a70c-55c3f15c1287,15,Jump,448758,3798083,66cd2b9a-db60-4ec4-a70e-c9663e4293ff,204670
150,Halsey,3377f3bb-60fc-4403-aea9-7e800612e060,1,Without Me,1054600,12905548,888bb953-61ed-45e8-9c4f-33c3346dc16f,201633
150,Halsey,3377f3bb-60fc-4403-aea9-7e800612e060,2,Colors,701309,7634728,7a087124-755d-4a5b-a858-837df6041994,169000
150,Halsey,3377f3bb-60fc-4403-aea9-7e800612e060,3,Bad at Love,658032,6616429,79a1f37c-0128-4bba-ba37-6b2eb9f7d1cb,228000
150,Halsey,3377f3bb-60fc-4403-aea9-7e800612e060,4,Gasoline,590707,5325047,ddc986d2-72fe-4abf-a8f5-d478bf6837b5,199600
150,Halsey,3377f3bb-60fc-4403-aea9-7e800612e060,5,Walls Could Talk,507182,4116755,9896ae5c-4a7c-4d31-ae5a-4ae1712302cf,101790
150,Halsey,3377f3bb-60fc-4403-aea9-7e800612e060,6,Control,470406,3828119,62aa7ae9-a039-41f8-8037-e058af53991a,215000
150,Halsey,3377f3bb-60fc-4403-aea9-7e800612e060,7,New Americana,459219,3834450,af80dc9c-d0d0-4ae9-a543-5773e0c512ba,270080
150,Halsey,3377f3bb-60fc-4403-aea9-7e800612e060,8,You should be sad,403514,4976859,b60b799c-1ec3-4f64-affc-250797d27f58,205000
150,Halsey,3377f3bb-60fc-4403-aea9-7e800612e060,9,Graveyard,391722,4437457,f9cefee6-0711-4416-9287-bbd7118d7158,178000
150,Halsey,3377f3bb-60fc-4403-aea9-7e800612e060,10,Sorry,389867,3496984,e7a01433-d380-4555-9666-dfd9bba57a7f,220541
150,Halsey,3377f3bb-60fc-4403-aea9-7e800612e060,11,Nightmare,387036,4875909,7ea8826d-436c-420f-943d-ceb3d0c20892,232014
150,Halsey,3377f3bb-60fc-4403-aea9-7e800612e060,12,Castle,385529,3022948,7157014f-ae0e-4f24-992b-f3c5c69333b3,278000
150,Halsey,3377f3bb-60fc-4403-aea9-7e800612e060,13,Now or Never,364511,3196884,8a3f95d0-5d3a-4bd5-9963-d64af600d298,287666
150,Halsey,3377f3bb-60fc-4403-aea9-7e800612e060,14,Ghost,351397,4055560,82b4913b-785f-474c-8fe0-d22ca4e19c80,152000
150,Halsey,3377f3bb-60fc-4403-aea9-7e800612e060,15,SUGA's Interlude,331493,9545228,80fcae63-1b7b-41c5-9367-d27eed012e39,138000
151,Lil Tecca,e6fdf3f9-8077-4126-b0cf-94da9a8b627e,1,Ransom,911363,9592373,6a4be581-37be-45d9-9b14-522b7f0dd183,131213
151,Lil Tecca,e6fdf3f9-8077-4126-b0cf-94da9a8b627e,2,500lbs,738569,12148842,da1c244a-949d-4d30-9887-64670c20c6d6,144390
151,Lil Tecca,e6fdf3f9-8077-4126-b0cf-94da9a8b627e,3,Lot Of Me,494536,5471038,cc75e12f-7de9-4f68-bb9d-91e54ebe5ff5,123870
151,Lil Tecca,e6fdf3f9-8077-4126-b0cf-94da9a8b627e,4,Dark Thoughts,485403,7175742,e22add95-e652-46d2-84b2-a15fbb2e3464,136991
151,Lil Tecca,e6fdf3f9-8077-4126-b0cf-94da9a8b627e,5,Did It Again,402944,4552178,9682a865-bb86-4193-af3c-ba18272c08c4,116000
151,Lil Tecca,e6fdf3f9-8077-4126-b0cf-94da9a8b627e,6,Love Me,376444,4184732,5899d281-0140-4c42-b9c9-0083e6754c11,117000
151,Lil Tecca,e6fdf3f9-8077-4126-b0cf-94da9a8b627e,7,Ransom (with Juice WRLD) - Remix,375507,4081482,,
151,Lil Tecca,e6fdf3f9-8077-4126-b0cf-94da9a8b627e,8,Our Time,370604,4298490,3d5985ab-6f51-4a99-b47c-c5607f541e7c,98413
151,Lil Tecca,e6fdf3f9-8077-4126-b0cf-94da9a8b627e,9,Number 2,342649,4228646,3b27dd19-be26-4bf8-8c3a-b4c9c5564915,137904
151,Lil Tecca,e6fdf3f9-8077-4126-b0cf-94da9a8b627e,10,Out Of Love (feat. Internet Money),321014,3908136,,
151,Lil Tecca,e6fdf3f9-8077-4126-b0cf-94da9a8b627e,11,HVN ON EARTH (with Kodak Black),317785,3635375,,
151,Lil Tecca,e6fdf3f9-8077-4126-b0cf-94da9a8b627e,12,Down With Me,311701,3752710,7b5023d9-3fc3-4e30-9550-825e00b6c60c,120000
151,Lil Tecca,e6fdf3f9-8077-4126-b0cf-94da9a8b627e,13,OWA OWA,297602,2785307,80bb9c88-efd3-4119-a797-a360198b0ebc,132000
151,Lil Tecca,e6fdf3f9-8077-4126-b0cf-94da9a8b627e,14,Never Left,273596,3310877,d812d3e0-a0e6-4bd7-bbfb-184ea6aa8892,168727
151,Lil Tecca,e6fdf3f9-8077-4126-b0cf-94da9a8b627e,15,Bad Time,253930,2643729,c94b1d97-36fb-4918-8491-a23cb1748f02,210803
152,Blood Orange,e43daa78-3cf3-4cf9-bc27-af4d4e675a02,1,Champagne Coast,857534,13967136,b77c2ea6-cae3-4ce1-bfa0-0179efc9dbe2,291000
152,Blood Orange,e43daa78-3cf3-4cf9-bc27-af4d4e675a02,2,Charcoal Baby,663064,7134580,0864322e-1a7f-40a0-9282-4474475cf354,242333
152,Blood Orange,e43daa78-3cf3-4cf9-bc27-af4d4e675a02,3,You're Not Good Enough,468652,3705712,4915e0cc-e344-4616-89e3-063d629f3b95,
152,Blood Orange,e43daa78-3cf3-4cf9-bc27-af4d4e675a02,4,I Wanna C U,421420,2933217,ebd92afa-93a0-4086-b4f3-25f5e72916b5,74726
152,Blood Orange,e43daa78-3cf3-4cf9-bc27-af4d4e675a02,5,Minetta Creek,322745,2155645,8f9115c5-18e0-40ed-9efa-877c3ff75b10,118000
152,Blood Orange,e43daa78-3cf3-4cf9-bc27-af4d4e675a02,6,Chewing Gum,316442,2818012,5fe51e29-9cf5-4dfa-a1a5-3cfce0fc23c5,263000
152,Blood Orange,e43daa78-3cf3-4cf9-bc27-af4d4e675a02,7,Best to You,309540,2656791,243ac9a7-3c39-4f31-9c8b-6e0c6dcbe6e9,225000
152,Blood Orange,e43daa78-3cf3-4cf9-bc27-af4d4e675a02,8,Uncle Ace,289032,2576637,f929a2b8-b65f-4606-842e-48b2b8f0df70,256000
152,Blood Orange,e43daa78-3cf3-4cf9-bc27-af4d4e675a02,9,Orlando,280825,2020693,cf2ed6c0-c973-4d7b-a5b1-e13490f2168a,182000
152,Blood Orange,e43daa78-3cf3-4cf9-bc27-af4d4e675a02,10,Sutphin Boulevard,274102,1731750,4008b9dd-6f1d-4e33-be1c-24db3beab8cd,196933
152,Blood Orange,e43daa78-3cf3-4cf9-bc27-af4d4e675a02,11,Out of Your League,246391,1756530,115d4fc7-c87b-455d-af78-325172f35b83,
152,Blood Orange,e43daa78-3cf3-4cf9-bc27-af4d4e675a02,12,Hope,230050,1702488,ab9774d0-c789-4ccc-8fe5-d165414f0a32,239000
152,Blood Orange,e43daa78-3cf3-4cf9-bc27-af4d4e675a02,13,Jesus Freak Lighter,222864,1727563,90b10565-2fba-40dc-8f48-35eda0e2c808,152000
152,Blood Orange,e43daa78-3cf3-4cf9-bc27-af4d4e675a02,14,Chamakay,219650,1310378,a23d855a-627c-4e76-bff0-1ecde0b8adeb,257440
152,Blood Orange,e43daa78-3cf3-4cf9-bc27-af4d4e675a02,15,"Mind Loaded (feat. Caroline Polachek, Lorde & Mustafa)",211782,995094,94606a20-e936-4899-84d3-0d4b05f52fc2,
153,Big Thief,9f81247f-7f57-42f3-a8ba-75bef554e591,1,Vampire Empire,630012,9820080,d4470319-8ee2-4e3a-8679-8cd122ebd277,192127
153,Big Thief,9f81247f-7f57-42f3-a8ba-75bef554e591,2,Velvet Ring - 2023 Remaster,604266,7230794,,
153,Big Thief,9f81247f-7f57-42f3-a8ba-75bef554e591,3,Simulation Swarm,593915,9832988,80c62ac3-f0b6-4322-9f1f-cea21c1cc779,252733
153,Big Thief,9f81247f-7f57-42f3-a8ba-75bef554e591,4,Paul,462611,5270352,60e11f3a-29dd-4247-aa0f-fa193acd1d27,
153,Big Thief,9f81247f-7f57-42f3-a8ba-75bef554e591,5,Velvet Ring,443806,5274756,e6f96075-6b0b-4c02-83ef-2c0e4eb1cdfa,
153,Big Thief,9f81247f-7f57-42f3-a8ba-75bef554e591,6,Paul - 2023 Remaster,371822,3422253,,
153,Big Thief,9f81247f-7f57-42f3-a8ba-75bef554e591,7,Shark Smile - Edit,355804,2683525,,
153,Big Thief,9f81247f-7f57-42f3-a8ba-75bef554e591,8,Change,310238,2900722,f1c5d152-c670-4f95-993c-fcbadfcefa7b,295454
153,Big Thief,9f81247f-7f57-42f3-a8ba-75bef554e591,9,Certainty,300706,2746790,dddad668-977b-4172-b111-b5d3a5fa27b6,187386
153,Big Thief,9f81247f-7f57-42f3-a8ba-75bef554e591,10,Not,289754,3211643,d7a83b9e-3623-4a2f-8a19-715a8ae374a5,367093
153,Big Thief,9f81247f-7f57-42f3-a8ba-75bef554e591,11,Mythological Beauty,279423,2397420,e663f366-c0b1-4a74-a410-83a01e2c491c,313000
153,Big Thief,9f81247f-7f57-42f3-a8ba-75bef554e591,12,Masterpiece,245022,2043033,ace8d306-2fd8-4d64-8dc4-d9872a8393d0,
153,Big Thief,9f81247f-7f57-42f3-a8ba-75bef554e591,13,Shark Smile,219819,1529986,9aee691a-9dc4-497c-9769-71edbf9043f6,237627
153,Big Thief,9f81247f-7f57-42f3-a8ba-75bef554e591,14,UFOF,204988,1371618,39032acb-ea30-4de9-b1eb-2216b46d8a88,188413
153,Big Thief,9f81247f-7f57-42f3-a8ba-75bef554e591,15,Time Escaping,197049,1454062,d365022e-158b-4fd6-9c21-094a3a159875,228520
154,BLACKPINK,48646387-1664-4c9a-9139-9bfd091b823c,1,How You Like That,829661,26847355,ddffbf3a-7b8f-4531-933c-e18ef375fb46,180946
154,BLACKPINK,48646387-1664-4c9a-9139-9bfd091b823c,2,Kill This Love,788385,14138697,12482e22-2534-443b-8462-629a0476b622,191000
154,BLACKPINK,48646387-1664-4c9a-9139-9bfd091b823c,3,DDU-DU DDU-DU,727890,12389176,7ecfbff0-aabc-48c3-ae1f-a9320fc93a70,216000
154,BLACKPINK,48646387-1664-4c9a-9139-9bfd091b823c,4,Pink Venom,719875,24885069,dbd3264b-c3a6-4709-b3ba-f059e20ecdda,187000
154,BLACKPINK,48646387-1664-4c9a-9139-9bfd091b823c,5,Shut Down,671757,20413654,f89656a8-2e74-496c-8350-ee80bceb56d2,175889
154,BLACKPINK,48646387-1664-4c9a-9139-9bfd091b823c,6,AS IF IT'S YOUR LAST,646716,11516872,4c5eadff-c86a-45e0-ba80-47ed21cc269d,
154,BLACKPINK,48646387-1664-4c9a-9139-9bfd091b823c,7,BOOMBAYAH,627575,9477978,7924ad45-8914-48f7-835e-0fe3ef4e7ff7,
154,BLACKPINK,48646387-1664-4c9a-9139-9bfd091b823c,8,Lovesick Girls,576202,10713783,81db2828-7570-495e-9389-c52b3da3d74a,
154,BLACKPINK,48646387-1664-4c9a-9139-9bfd091b823c,9,Pretty Savage,550973,8473367,cf69bd7e-769a-479c-bc7d-ca38ed93071f,199000
154,BLACKPINK,48646387-1664-4c9a-9139-9bfd091b823c,10,Ice Cream (with Selena Gomez),540889,10417151,,
154,BLACKPINK,48646387-1664-4c9a-9139-9bfd091b823c,11,PLAYING WITH FIRE,539418,8904501,7a77964a-e3c5-4615-9e71-3bf1d534127a,
154,BLACKPINK,48646387-1664-4c9a-9139-9bfd091b823c,12,JUMP,532402,11523281,752d837b-a4bc-40c5-ab85-b485de42df12,164000
154,BLACKPINK,48646387-1664-4c9a-9139-9bfd091b823c,13,WHISTLE,512478,7300777,d4748c1e-915a-41cf-944f-e225842aaf3e,212000
154,BLACKPINK,48646387-1664-4c9a-9139-9bfd091b823c,14,Typa Girl,459971,10242240,ff89cf6a-d535-4ae5-a7e2-37b5e2d55270,179172
154,BLACKPINK,48646387-1664-4c9a-9139-9bfd091b823c,15,Forever Young,454361,7366241,f99172e8-51d3-4c46-8e68-826b7d0856ac,
155,Selena Gomez,e4bc69e2-a064-4f93-ada1-f7f209cc1cc3,1,Come & Get It,757159,6620483,98d27957-dff2-4ce5-a25c-e943648a3715,231000
155,Selena Gomez,e4bc69e2-a064-4f93-ada1-f7f209cc1cc3,2,Good for You,728408,6968019,a62e9c50-23ea-47f9-a8a8-6772d9395752,190933
155,Selena Gomez,e4bc69e2-a064-4f93-ada1-f7f209cc1cc3,3,Lose You to Love Me,723479,10285811,87370e5e-be85-4708-94dd-389a2b471ada,206458
155,Selena Gomez,e4bc69e2-a064-4f93-ada1-f7f209cc1cc3,4,Same Old Love,721929,6335689,c4416548-9651-46e8-87fb-c1ea2f25dc74,229000
155,Selena Gomez,e4bc69e2-a064-4f93-ada1-f7f209cc1cc3,5,Hands to Myself,675935,6651507,7e396dcc-855f-49a1-a6a2-1f6740add5a7,200680
155,Selena Gomez,e4bc69e2-a064-4f93-ada1-f7f209cc1cc3,6,Fetish (feat. Gucci Mane),667514,8424421,,
155,Selena Gomez,e4bc69e2-a064-4f93-ada1-f7f209cc1cc3,7,Wolves,655097,6287817,ff67fcb7-365a-4164-87e9-ef7768767528,197993
155,Selena Gomez,e4bc69e2-a064-4f93-ada1-f7f209cc1cc3,8,The Heart Wants What It Wants,608475,6496003,2f5fdeb0-d276-4b73-b289-d8df34f856b6,275000
155,Selena Gomez,e4bc69e2-a064-4f93-ada1-f7f209cc1cc3,9,Bad Liar,478629,4809740,7ef86173-771f-481a-a8f4-de1d39bc1419,214647
155,Selena Gomez,e4bc69e2-a064-4f93-ada1-f7f209cc1cc3,10,People You Know,441352,5530481,d48229e9-d846-499b-a6a8-d16c813e0ea1,197000
155,Selena Gomez,e4bc69e2-a064-4f93-ada1-f7f209cc1cc3,11,Back to You - From 13 Reasons Why – Season 2 Soundtrack,432393,4014646,,
155,Selena Gomez,e4bc69e2-a064-4f93-ada1-f7f209cc1cc3,12,Kill Em with Kindness,430769,3632535,2931d66d-e1a7-49d7-b654-2258e46635df,217000
155,Selena Gomez,e4bc69e2-a064-4f93-ada1-f7f209cc1cc3,13,Slow Down,409843,4260473,717d61b9-17da-4df5-8593-58b089eecba4,210000
155,Selena Gomez,e4bc69e2-a064-4f93-ada1-f7f209cc1cc3,14,Single Soon,366628,3577613,d577b68d-dcc3-4da6-b676-d6771325a05e,171000
155,Selena Gomez,e4bc69e2-a064-4f93-ada1-f7f209cc1cc3,15,Ojos Tristes (with The Marías),355255,3131060,,
156,Grimes,7e5a2a59-6d9f-4a17-b7c2-e1eedb7bd222,1,Oblivion,1546977,21234331,231c7683-e777-46f3-9f89-4b2e9c8cd0a2,
156,Grimes,7e5a2a59-6d9f-4a17-b7c2-e1eedb7bd222,2,Genesis,1485407,20808429,11df5570-5a32-44cd-9fd2-3bcbfcc1cb26,271000
156,Grimes,7e5a2a59-6d9f-4a17-b7c2-e1eedb7bd222,3,Kill V. Maim,697788,10603067,7897dc14-1e7d-4f47-9d2a-c62d2ad7fc21,277000
156,Grimes,7e5a2a59-6d9f-4a17-b7c2-e1eedb7bd222,4,Flesh without Blood,479440,6081721,26faec05-c7cc-4bf5-990f-bee3bb2e40a2,266318
156,Grimes,7e5a2a59-6d9f-4a17-b7c2-e1eedb7bd222,5,4ÆM,454194,5603941,40a8cce9-e2eb-4a21-a76b-a87fc6579809,270982
156,Grimes,7e5a2a59-6d9f-4a17-b7c2-e1eedb7bd222,6,Circumambient,429473,3280580,a057f37e-b84b-4a07-ab18-050015e56ad9,223026
156,Grimes,7e5a2a59-6d9f-4a17-b7c2-e1eedb7bd222,7,Eight,407286,2708203,8e7e59b4-ae49-4b90-9597-83e4ec0cf635,107853
156,Grimes,7e5a2a59-6d9f-4a17-b7c2-e1eedb7bd222,8,Symphonia IX (My Wait Is U),398705,2754854,7b8fb58b-833b-4edc-9829-280dbd296b60,292653
156,Grimes,7e5a2a59-6d9f-4a17-b7c2-e1eedb7bd222,9,Be a Body,388177,2896957,0ab5e2ce-6d4c-4351-8bea-819f357022b3,396000
156,Grimes,7e5a2a59-6d9f-4a17-b7c2-e1eedb7bd222,10,Visiting Statue,376894,2404213,d77f0e2e-ba44-47f9-b436-621017b2b1c8,118853
156,Grimes,7e5a2a59-6d9f-4a17-b7c2-e1eedb7bd222,11,Vowels = space and time,375897,2563707,46ccedd5-8800-4daf-b2c6-4fcd4bf47d74,261266
156,Grimes,7e5a2a59-6d9f-4a17-b7c2-e1eedb7bd222,12,REALiTi,358767,4464504,4b6bdd49-9e6f-4b8d-849f-4213518ab464,306532
156,Grimes,7e5a2a59-6d9f-4a17-b7c2-e1eedb7bd222,13,Infinite Love Without Fulfilment,358650,1979205,,
156,Grimes,7e5a2a59-6d9f-4a17-b7c2-e1eedb7bd222,14,California,337375,3197572,a9a2fa52-4e6e-4ee5-9f77-43b67d7183b3,200150
156,Grimes,7e5a2a59-6d9f-4a17-b7c2-e1eedb7bd222,15,Skin,325528,2091091,f1ab6563-fafe-4187-9a3f-1ac8c77536bc,206000
157,Chase Atlantic,ecab255c-3af3-4154-87ec-2685041ce297,1,Swim,1027266,15278179,53c45d5f-c284-4a1c-8f94-8a04099bbb28,228786
157,Chase Atlantic,ecab255c-3af3-4154-87ec-2685041ce297,2,Friends,942447,14731047,57518a5d-3236-4e51-aede-4aedd5fddbb9,230000
157,Chase Atlantic,ecab255c-3af3-4154-87ec-2685041ce297,3,Into It,775932,10782473,406a5029-e565-46e0-8364-3dae4116425b,196000
157,Chase Atlantic,ecab255c-3af3-4154-87ec-2685041ce297,4,Slow Down,621608,9023454,b268542b-2a88-4f04-88a2-5fa10d784d19,
157,Chase Atlantic,ecab255c-3af3-4154-87ec-2685041ce297,5,Consume (feat. Goon Des Garcons),517539,8338145,,
157,Chase Atlantic,ecab255c-3af3-4154-87ec-2685041ce297,6,Meddle About,471027,7377711,047ca3f8-0526-4ac6-9fbe-87f8b565c3ef,203000
157,Chase Atlantic,ecab255c-3af3-4154-87ec-2685041ce297,7,Heaven and Back,413738,7017750,04976db5-a927-4872-bcd8-b084b26deb8c,248000
157,Chase Atlantic,ecab255c-3af3-4154-87ec-2685041ce297,8,Right Here,342555,4299409,bb0f6686-b1de-4f8d-9c38-3b576445e33b,235000
157,Chase Atlantic,ecab255c-3af3-4154-87ec-2685041ce297,9,OHMAMI,331596,4801183,2141bbf0-d397-4fa6-8a82-2b98214dcc6b,226000
157,Chase Atlantic,ecab255c-3af3-4154-87ec-2685041ce297,10,Okay,325033,3665312,216f7b92-3adb-461f-ac07-5819d98155b5,215000
157,Chase Atlantic,ecab255c-3af3-4154-87ec-2685041ce297,11,Moonlight,319692,3493352,e4f6f9ef-9b57-45cd-8772-10ad30800daf,
157,Chase Atlantic,ecab255c-3af3-4154-87ec-2685041ce297,12,Church,315163,4052885,f4993783-5d12-4d03-9e0f-c79cae095536,220000
157,Chase Atlantic,ecab255c-3af3-4154-87ec-2685041ce297,13,The Walls,268548,3179784,1157fb9d-af87-465b-9128-19b83bc43e4c,232000
157,Chase Atlantic,ecab255c-3af3-4154-87ec-2685041ce297,14,Falling,228782,2515887,1043b5eb-2ee4-40da-9bac-5926dd611f53,
157,Chase Atlantic,ecab255c-3af3-4154-87ec-2685041ce297,15,Her,210705,3196098,224f9ce7-46c5-48c5-85a0-eb27c483b332,169000
158,Cage the Elephant,b41b38d4-ef3e-4f37-8c75-cfe9af999696,1,Cigarette Daydreams,1599268,22683249,9490a7aa-107a-4cd7-bd87-035be61f72b9,225000
158,Cage the Elephant,b41b38d4-ef3e-4f37-8c75-cfe9af999696,2,Come a Little Closer,1155024,11938001,3a07bc5b-ede2-4e8a-b807-966aaf790536,225000
158,Cage the Elephant,b41b38d4-ef3e-4f37-8c75-cfe9af999696,3,Ain't No Rest for the Wicked,950497,8590436,7ca2d1fe-fe91-44dd-b094-143bcd95cb04,186000
158,Cage the Elephant,b41b38d4-ef3e-4f37-8c75-cfe9af999696,4,Trouble,798682,7079937,1435da5b-a01f-458d-a3e0-5ed7d33ec3d1,225981
158,Cage the Elephant,b41b38d4-ef3e-4f37-8c75-cfe9af999696,5,Cold Cold Cold,623875,5308998,0da88965-3ad4-47a6-beee-0476deb07349,207000
158,Cage the Elephant,b41b38d4-ef3e-4f37-8c75-cfe9af999696,6,Telescope,529922,4517413,f6cfcf2c-0b87-408b-be0f-6bf060e7b7fa,228293
158,Cage the Elephant,b41b38d4-ef3e-4f37-8c75-cfe9af999696,7,Shake Me Down,527467,3676526,62567e7a-95c2-445b-a2e1-9d64a738d668,206000
158,Cage the Elephant,b41b38d4-ef3e-4f37-8c75-cfe9af999696,8,In One Ear,491610,3071346,1e0a3eb0-892b-44b4-80f9-9a34db3be36b,241475
158,Cage the Elephant,b41b38d4-ef3e-4f37-8c75-cfe9af999696,9,Spiderhead,432276,3284185,9885c66d-10de-4e66-86da-2d7e8b97bd88,214000
158,Cage the Elephant,b41b38d4-ef3e-4f37-8c75-cfe9af999696,10,Social Cues,429964,3922199,a751e5a2-3ce6-4403-98ff-065b55e601d0,219053
158,Cage the Elephant,b41b38d4-ef3e-4f37-8c75-cfe9af999696,11,Back Against the Wall,427982,2764033,95cbac83-2993-4d47-95b8-628a65df2a41,182622
158,Cage the Elephant,b41b38d4-ef3e-4f37-8c75-cfe9af999696,12,Ain't No Rest for the Wicked - Original Version,420149,3395420,,
158,Cage the Elephant,b41b38d4-ef3e-4f37-8c75-cfe9af999696,13,Black Madonna,311079,2782874,8ac94bb8-7910-497b-97ab-910be116a7fa,226533
158,Cage the Elephant,b41b38d4-ef3e-4f37-8c75-cfe9af999696,14,Aberdeen,308593,1923773,8e5a1931-b69d-4be9-a40b-be5d8d0c1bdd,192000
158,Cage the Elephant,b41b38d4-ef3e-4f37-8c75-cfe9af999696,15,Mess Around,301296,1762195,f3b0b2e5-44e6-4b78-876e-361165eb0eaa,173000
159,Ravyn Lenae,94c64122-dbd4-4927-b2fa-f204b0b4b0c2,1,Love Me Not,967606,13120226,731727ec-bf42-4b0a-8d26-06072173d04d,214000
159,Ravyn Lenae,94c64122-dbd4-4927-b2fa-f204b0b4b0c2,2,Love Me Not (feat. Rex Orange County),442813,2899253,,
159,Ravyn Lenae,94c64122-dbd4-4927-b2fa-f204b0b4b0c2,3,Skin Tight (feat. Steve Lacy),272985,2059958,,
159,Ravyn Lenae,94c64122-dbd4-4927-b2fa-f204b0b4b0c2,4,Genius,255236,1687107,9ab1b432-3846-48f2-90ed-cc9b2199a5f4,155560
159,Ravyn Lenae,94c64122-dbd4-4927-b2fa-f204b0b4b0c2,5,One Wish (feat. Childish Gambino),215864,1272413,,
159,Ravyn Lenae,94c64122-dbd4-4927-b2fa-f204b0b4b0c2,6,Sticky,184058,1462143,bf31e953-5355-4956-82b0-59caab496a02,196755
159,Ravyn Lenae,94c64122-dbd4-4927-b2fa-f204b0b4b0c2,7,Free Room (feat. Appleby),164373,994851,,
159,Ravyn Lenae,94c64122-dbd4-4927-b2fa-f204b0b4b0c2,8,Computer Luv (feat. Steve Lacy),149669,1078131,,
159,Ravyn Lenae,94c64122-dbd4-4927-b2fa-f204b0b4b0c2,9,4 Leaf Clover (feat. Steve Lacy),134205,856928,,
159,Ravyn Lenae,94c64122-dbd4-4927-b2fa-f204b0b4b0c2,10,Venom,96641,742859,eb695e5b-a3ed-4f6a-866f-7971f8fe6d24,209000
159,Ravyn Lenae,94c64122-dbd4-4927-b2fa-f204b0b4b0c2,11,Cameo,94215,466568,9f8c7ffb-61ef-4b52-b8f2-e94fff0e3e33,84000
159,Ravyn Lenae,94c64122-dbd4-4927-b2fa-f204b0b4b0c2,12,Bad Idea,91231,483680,f15b5bd9-8e7f-429e-8399-cbec664de3ac,134787
159,Ravyn Lenae,94c64122-dbd4-4927-b2fa-f204b0b4b0c2,13,Days,90624,467884,61277fcd-ef57-43a4-b98d-e8634588df7c,243240
159,Ravyn Lenae,94c64122-dbd4-4927-b2fa-f204b0b4b0c2,14,Dream Girl,85875,511374,f9cf5079-4835-4ce4-80bf-b2c8a3267bc2,219026
159,Ravyn Lenae,94c64122-dbd4-4927-b2fa-f204b0b4b0c2,15,Pilot,76617,437388,9a170555-472f-4f13-bf65-008df78e82ac,193733
160,Cocteau Twins,000fc734-b7e1-4a01-92d1-f544261b43f5,1,Cherry-Coloured Funk,1118392,15512921,292096de-30bc-4ed7-8faa-373fa0c548de,195346
160,Cocteau Twins,000fc734-b7e1-4a01-92d1-f544261b43f5,2,Heaven or Las Vegas,928641,11467205,189281b0-2138-47bf-bc60-484f671cf526,308000
160,Cocteau Twins,000fc734-b7e1-4a01-92d1-f544261b43f5,3,"Sea, Swallow Me",789224,10373353,f016ae07-73cb-49d6-8080-082fc4b1b27b,181173
160,Cocteau Twins,000fc734-b7e1-4a01-92d1-f544261b43f5,4,Pitch the Baby,667758,6322465,caf74dda-f251-479e-ba45-d5e5bf43c1a8,254000
160,Cocteau Twins,000fc734-b7e1-4a01-92d1-f544261b43f5,5,Lorelei,575215,4468525,01ae8626-7118-4415-83bc-b708d202f84d,222986
160,Cocteau Twins,000fc734-b7e1-4a01-92d1-f544261b43f5,6,Iceblink Luck,529210,4230675,ef7c02cb-4456-40c7-8ea3-53a632a6db51,
160,Cocteau Twins,000fc734-b7e1-4a01-92d1-f544261b43f5,7,Frou-Frou Foxes in Midsummer Fires,511981,4657314,7e942133-030b-493b-b532-34c620f59edc,336800
160,Cocteau Twins,000fc734-b7e1-4a01-92d1-f544261b43f5,8,Fifty-Fifty Clown,482106,3781847,123feb4a-b17d-4f7c-a3d5-d42a04a0f3f2,243000
160,Cocteau Twins,000fc734-b7e1-4a01-92d1-f544261b43f5,9,Serpentskirt,455522,3820936,13c90911-336f-41a3-9c5d-3f9c773ce8c8,224666
160,Cocteau Twins,000fc734-b7e1-4a01-92d1-f544261b43f5,10,Wolf in the Breast,418412,2803836,dd552e1f-f01f-4834-9321-3111ba72b2f3,218540
160,Cocteau Twins,000fc734-b7e1-4a01-92d1-f544261b43f5,11,I Wear Your Ring,409960,2866310,66828b7a-5cf8-443c-8a99-ee0a717653d7,245000
160,Cocteau Twins,000fc734-b7e1-4a01-92d1-f544261b43f5,12,Fotzepolitic,360622,2374199,f6f4e461-97da-4044-982c-170f85c02e69,210933
160,Cocteau Twins,000fc734-b7e1-4a01-92d1-f544261b43f5,13,"Sea, Swallow Me - 2024 Remaster",320601,1658719,,
160,Cocteau Twins,000fc734-b7e1-4a01-92d1-f544261b43f5,14,"Road, River and Rail",313084,1791751,ab57727b-19e8-4187-8780-d1b4b07ed3a9,203000
160,Cocteau Twins,000fc734-b7e1-4a01-92d1-f544261b43f5,15,Persephone,307715,1910347,5c8cbccb-04e1-461f-a2b0-47153525673b,266320
161,aespa,b51c672b-85e0-48fe-8648-470a2422229f,1,Supernova,565929,18184329,35127ea4-451f-4e84-bc18-ac6fab8afcef,179906
161,aespa,b51c672b-85e0-48fe-8648-470a2422229f,2,Drama,565747,16735748,f58b119f-7e16-4378-ba8f-7ba9f3f8889c,227000
161,aespa,b51c672b-85e0-48fe-8648-470a2422229f,3,Savage,526469,12076361,d73a5c4c-4c7b-484f-854f-82ac981050eb,252000
161,aespa,b51c672b-85e0-48fe-8648-470a2422229f,4,Next Level,511089,11769480,b85c88bb-27a2-4773-bd0e-763144fe5c10,235000
161,aespa,b51c672b-85e0-48fe-8648-470a2422229f,5,Whiplash,506519,14179516,8d2a5b05-ed16-48d9-a82c-b4ad8c96d82c,190000
161,aespa,b51c672b-85e0-48fe-8648-470a2422229f,6,Armageddon,483690,12576118,3fb5e8d9-e9a3-43c8-a6be-1e7f6ea7406f,196000
161,aespa,b51c672b-85e0-48fe-8648-470a2422229f,7,Black Mamba,476930,8907882,2b2ef2aa-dfd5-4770-8e1b-b6dfb0823fa2,174000
161,aespa,b51c672b-85e0-48fe-8648-470a2422229f,8,Spicy,434218,10198972,2d646b0c-4ff2-43d5-8daa-15ed56ab590c,197040
161,aespa,b51c672b-85e0-48fe-8648-470a2422229f,9,Hold On Tight,412251,8443152,c8224bb7-5732-4a5d-9a28-c1a6ab7ac323,151000
161,aespa,b51c672b-85e0-48fe-8648-470a2422229f,10,Illusion,389003,9241801,8a7614dd-79c8-4d29-9e6f-e617e36fedf8,195000
161,aespa,b51c672b-85e0-48fe-8648-470a2422229f,11,Lucid Dream,386895,7812311,ee16b25c-509a-48e7-b676-373419ec0656,210573
161,aespa,b51c672b-85e0-48fe-8648-470a2422229f,12,Girls,336216,7347908,a7d86bff-b8a3-4602-b72e-9023795077f5,240000
161,aespa,b51c672b-85e0-48fe-8648-470a2422229f,13,Dreams Come True,297043,6751126,e8fa470f-a491-4de2-859e-37e0bf98dca7,204933
161,aespa,b51c672b-85e0-48fe-8648-470a2422229f,14,Better Things,288688,4881050,61cb6b82-673a-4ad2-bb77-2f4f594bca0e,203000
161,aespa,b51c672b-85e0-48fe-8648-470a2422229f,15,aenergy,278636,4254775,319b38e1-5770-4332-a8f5-48c45febe36d,147400
162,Evanescence,f4a31f0a-51dd-4fa7-986d-3095c40c5ed9,1,Bring Me to Life,2601763,26795630,e408cf50-3439-4c7e-928c-487081f3c9dc,252000
162,Evanescence,f4a31f0a-51dd-4fa7-986d-3095c40c5ed9,2,Going Under,1541325,13925470,cac86c6d-4e96-4fe2-9051-7832d82e07bd,189933
162,Evanescence,f4a31f0a-51dd-4fa7-986d-3095c40c5ed9,3,My Immortal,1523845,13569235,e4c894f4-7b9c-412b-aa0b-6b34bcbca45c,299000
162,Evanescence,f4a31f0a-51dd-4fa7-986d-3095c40c5ed9,4,Everybody's Fool,978556,7962103,43b7634d-b419-4926-9919-a74fac874404,
162,Evanescence,f4a31f0a-51dd-4fa7-986d-3095c40c5ed9,5,Call Me When You're Sober,958629,7628840,3097fed1-2252-4574-9750-3d8d3b5dfe34,213000
162,Evanescence,f4a31f0a-51dd-4fa7-986d-3095c40c5ed9,6,Tourniquet,708118,5468738,20316aaa-05ea-4428-aaa2-709723fd99c5,
162,Evanescence,f4a31f0a-51dd-4fa7-986d-3095c40c5ed9,7,Haunted,686997,4897116,eacc6dcf-798b-43d9-a0ca-2def55b2cccd,188080
162,Evanescence,f4a31f0a-51dd-4fa7-986d-3095c40c5ed9,8,Lithium,660409,5879099,73ca47af-c1bb-4cfa-8069-0d1f52f1c7b5,233000
162,Evanescence,f4a31f0a-51dd-4fa7-986d-3095c40c5ed9,9,Imaginary,630099,5159941,1907eaf9-83e1-4b66-81a3-a06929ba10bf,309106
162,Evanescence,f4a31f0a-51dd-4fa7-986d-3095c40c5ed9,10,Hello,628776,4823776,51874a36-d66c-40f7-a6a9-0b3bb2d6d006,215933
162,Evanescence,f4a31f0a-51dd-4fa7-986d-3095c40c5ed9,11,Taking Over Me,593015,4298159,c7a61c03-838a-4efb-b467-ed123b3c6f9b,239000
162,Evanescence,f4a31f0a-51dd-4fa7-986d-3095c40c5ed9,12,My Last Breath,558778,4154916,e8957b85-dcba-4ddc-b1ec-9ae417dbbebe,299733
162,Evanescence,f4a31f0a-51dd-4fa7-986d-3095c40c5ed9,13,Whisper,551165,4158659,a8910c09-e7e9-4607-bbcd-2425af4dda6a,360000
162,Evanescence,f4a31f0a-51dd-4fa7-986d-3095c40c5ed9,14,Sweet Sacrifice,506373,3871944,d5b0227e-3448-434b-a2a1-1ccdf3e49bf3,235000
162,Evanescence,f4a31f0a-51dd-4fa7-986d-3095c40c5ed9,15,Lacrymosa,337986,2604238,ada64d79-22d0-4c14-8ea6-0132f79f1ea9,222000
163,Zara Larsson,134e6410-6954-45d1-bd4a-0f2d2ad5471d,1,Lush Life,1036678,9018494,ce47e11c-e35a-4870-8bb0-c39233721367,202000
163,Zara Larsson,134e6410-6954-45d1-bd4a-0f2d2ad5471d,2,Never Forget You,550533,3743789,bb2066aa-f62a-4ae9-87cc-228bc0076edd,229605
163,Zara Larsson,134e6410-6954-45d1-bd4a-0f2d2ad5471d,3,Ain't My Fault,418089,3224663,32bf0882-1e71-41e4-aafc-67ebf7b24b53,223337
163,Zara Larsson,134e6410-6954-45d1-bd4a-0f2d2ad5471d,4,Ruin My Life,348172,3230842,f5b74201-357b-4078-bd62-996eb114c5f1,188000
163,Zara Larsson,134e6410-6954-45d1-bd4a-0f2d2ad5471d,5,Midnight Sun,239056,3235231,0dc48d9b-8cb1-4494-a8ae-498949369f4e,189898
163,Zara Larsson,134e6410-6954-45d1-bd4a-0f2d2ad5471d,6,Can't Tame Her,189363,2346820,996f0d85-47ca-4b75-bb5c-8564b09c1ed1,200000
163,Zara Larsson,134e6410-6954-45d1-bd4a-0f2d2ad5471d,7,I Would Like,180984,1308859,e61cd373-cd97-4324-8c77-34c9d1418797,224576
163,Zara Larsson,134e6410-6954-45d1-bd4a-0f2d2ad5471d,8,Uncover,166360,1064825,07d40920-f681-42b3-8ec3-ce1c6c640364,211932
163,Zara Larsson,134e6410-6954-45d1-bd4a-0f2d2ad5471d,9,I Can't Fall in Love Without You,155998,973825,5a5c8967-ab8a-4305-aadc-e1d7b69fb971,177844
163,Zara Larsson,134e6410-6954-45d1-bd4a-0f2d2ad5471d,10,On My Love,147032,893582,cc7fec5e-e450-4f25-9a97-f0f1c7f0c23f,238000
163,Zara Larsson,134e6410-6954-45d1-bd4a-0f2d2ad5471d,11,WOW,146848,1376095,b80086db-90eb-4bd0-83a2-40118ae39691,180000
163,Zara Larsson,134e6410-6954-45d1-bd4a-0f2d2ad5471d,12,WOW (feat. Sabrina Carpenter) - Remix,145425,867809,,
163,Zara Larsson,134e6410-6954-45d1-bd4a-0f2d2ad5471d,13,Love Me Land,140936,2090440,0cee677f-8ca2-4aa8-a6f1-61f7629baeed,164000
163,Zara Larsson,134e6410-6954-45d1-bd4a-0f2d2ad5471d,14,All the Time,130249,1472381,ccb3ce81-3a47-4757-b908-ba9c1de4c188,228253
163,Zara Larsson,134e6410-6954-45d1-bd4a-0f2d2ad5471d,15,Pretty Ugly,127483,1129463,2f449916-ddfe-44bb-8a03-92202014c2ee,158000
164,Shakira,bf24ca37-25f4-4e34-9aec-460b94364cfc,1,Hips Don't Lie (feat. Wyclef Jean),1466635,10549177,,
164,Shakira,bf24ca37-25f4-4e34-9aec-460b94364cfc,2,"Whenever, Wherever",1111356,7430149,8e69f563-a364-4978-a641-fa02829c10ad,342185
164,Shakira,bf24ca37-25f4-4e34-9aec-460b94364cfc,3,She Wolf,1109731,9699947,f5a80983-b292-4910-bc73-9f256c73675b,188000
164,Shakira,bf24ca37-25f4-4e34-9aec-460b94364cfc,4,Can't Remember to Forget You (feat. Rihanna),784121,6962735,,
164,Shakira,bf24ca37-25f4-4e34-9aec-460b94364cfc,5,Waka Waka (This Time for Africa) [The Official 2010 FIFA World Cup (TM) Song] (feat. Freshlyground),586575,2974607,,
164,Shakira,bf24ca37-25f4-4e34-9aec-460b94364cfc,6,Chantaje (feat. Maluma),515146,3923478,,
164,Shakira,bf24ca37-25f4-4e34-9aec-460b94364cfc,7,Hips Don't Lie,464413,2410364,16cc7590-9fa1-4b9a-9094-372c5c1c50e6,219000
164,Shakira,bf24ca37-25f4-4e34-9aec-460b94364cfc,8,Underneath Your Clothes,441880,2710761,cf820441-9aee-45c6-871e-cb553c1a2cb7,219626
164,Shakira,bf24ca37-25f4-4e34-9aec-460b94364cfc,9,Loba,401485,3278273,cb1d46a1-ec03-471d-b412-0cae71c080bc,189000
164,Shakira,bf24ca37-25f4-4e34-9aec-460b94364cfc,10,La Tortura (feat. Alejandro Sanz),350094,2885125,,
164,Shakira,bf24ca37-25f4-4e34-9aec-460b94364cfc,11,Loca (feat. El Cata),285166,1693689,,
164,Shakira,bf24ca37-25f4-4e34-9aec-460b94364cfc,12,Addicted to You,279243,2156726,15b1c3c7-2a57-4ce7-b6a9-dcee6349189a,191000
164,Shakira,bf24ca37-25f4-4e34-9aec-460b94364cfc,13,Inevitable,278940,2200158,daf75d2c-48e4-4381-8a1d-8a39ed3a44ab,232200
164,Shakira,bf24ca37-25f4-4e34-9aec-460b94364cfc,14,"Suerte (Whenever, Wherever)",270035,1673095,eb75aa97-b7bd-47c5-a7c3-85e28da40f23,196040
164,Shakira,bf24ca37-25f4-4e34-9aec-460b94364cfc,15,"Ciega, Sordomuda",267519,2052958,2fbcd551-6fa1-4182-973d-984826f2fd06,249733
165,Bring Me the Horizon,074e3847-f67f-49f9-81f1-8c8cea147e8e,1,Can You Feel My Heart,1062584,13911227,60a67d5e-ae35-4878-b276-2d3b60270256,229000
165,Bring Me the Horizon,074e3847-f67f-49f9-81f1-8c8cea147e8e,2,Throne,736733,10521256,e4947b35-422b-4547-ad99-a107c1a40861,191000
165,Bring Me the Horizon,074e3847-f67f-49f9-81f1-8c8cea147e8e,3,Sleepwalking,611825,8901276,1d3efb58-8dd6-485f-8bd8-b3b684b03e3d,297000
165,Bring Me the Horizon,074e3847-f67f-49f9-81f1-8c8cea147e8e,4,Drown,524412,6900421,9f60a9ac-3ca0-4149-ae48-ae74c27b7df2,429000
165,Bring Me the Horizon,074e3847-f67f-49f9-81f1-8c8cea147e8e,5,Kingslayer (feat. BABYMETAL),518609,9117839,,
165,Bring Me the Horizon,074e3847-f67f-49f9-81f1-8c8cea147e8e,6,Shadow Moses,510842,7200330,499c0039-6bde-4084-b123-728c4b3f59ff,255000
165,Bring Me the Horizon,074e3847-f67f-49f9-81f1-8c8cea147e8e,7,Follow You,456289,6293513,a9f93124-c005-4f20-b918-11ffa4ae3c21,290000
165,Bring Me the Horizon,074e3847-f67f-49f9-81f1-8c8cea147e8e,8,Happy Song,412898,5440186,78659fca-ff54-4506-9935-37f93140e964,239000
165,Bring Me the Horizon,074e3847-f67f-49f9-81f1-8c8cea147e8e,9,Chelsea Smile,387254,5381372,7586c435-58e4-4680-992a-e01a6979adb4,415000
165,Bring Me the Horizon,074e3847-f67f-49f9-81f1-8c8cea147e8e,10,True Friends,365012,4346715,fbb974e0-fd9a-4740-97d2-a56c78302ea1,375000
165,Bring Me the Horizon,074e3847-f67f-49f9-81f1-8c8cea147e8e,11,Parasite Eve,355730,5531576,5bff79a1-f4f9-46b2-8e4d-4f311fe12b09,296000
165,Bring Me the Horizon,074e3847-f67f-49f9-81f1-8c8cea147e8e,12,It Never Ends,352423,4397906,91740197-a452-4644-9e51-d484e87dbddd,281000
165,Bring Me the Horizon,074e3847-f67f-49f9-81f1-8c8cea147e8e,13,The House of Wolves,341111,4129204,12abeb2c-7b10-49f2-95de-7f12cb94e235,277000
165,Bring Me the Horizon,074e3847-f67f-49f9-81f1-8c8cea147e8e,14,Pray for Plagues,340960,3516103,61e935c4-310a-49b7-b176-d7805e52dd60,460000
165,Bring Me the Horizon,074e3847-f67f-49f9-81f1-8c8cea147e8e,15,Doomed,310089,4813288,83340604-1696-4f6e-9e89-ce1786fc8625,283000
166,Demi Lovato,faf4cefb-036c-4c88-b93a-5b03dd0a0e6b,1,Cool for the Summer,1112341,11997801,3f3df16c-2e09-4d1b-a9f4-64daac774fac,209915
166,Demi Lovato,faf4cefb-036c-4c88-b93a-5b03dd0a0e6b,2,Heart Attack,1026814,9358787,a6ea2ffb-02e9-4792-b8ec-2a7a0c8b64d1,210400
166,Demi Lovato,faf4cefb-036c-4c88-b93a-5b03dd0a0e6b,3,Give Your Heart a Break,680842,6476279,21d7b206-91a2-4bb4-8fd6-409084364369,211000
166,Demi Lovato,faf4cefb-036c-4c88-b93a-5b03dd0a0e6b,4,Sorry Not Sorry,651939,6679777,cd9f6898-7444-4ae6-acce-f6f02455bb2e,205000
166,Demi Lovato,faf4cefb-036c-4c88-b93a-5b03dd0a0e6b,5,Confident,568977,4217881,4065ec77-8a54-4e80-b232-06b4536b7443,
166,Demi Lovato,faf4cefb-036c-4c88-b93a-5b03dd0a0e6b,6,Really Don't Care,470798,2866050,f7857677-754a-4407-9fa9-5728ac86962a,210933
166,Demi Lovato,faf4cefb-036c-4c88-b93a-5b03dd0a0e6b,7,La La Land,444785,3242728,838266eb-eabb-46ec-a8d1-c453e96d5dc8,238000
166,Demi Lovato,faf4cefb-036c-4c88-b93a-5b03dd0a0e6b,8,Skyscraper,413890,4189357,f086ffb2-a01f-413d-a409-b7b9c4370bfe,221280
166,Demi Lovato,faf4cefb-036c-4c88-b93a-5b03dd0a0e6b,9,Stone Cold,363375,2931756,c4a4b83f-0cfa-4373-98e8-4b5fbe0a80e1,191307
166,Demi Lovato,faf4cefb-036c-4c88-b93a-5b03dd0a0e6b,10,Neon Lights,348176,2765799,6542efeb-aee6-4883-b1db-bf62775b64df,239660
166,Demi Lovato,faf4cefb-036c-4c88-b93a-5b03dd0a0e6b,11,Don't Forget,327668,2719354,cd7fa115-a072-4437-9511-12c35a9f4f2d,212000
166,Demi Lovato,faf4cefb-036c-4c88-b93a-5b03dd0a0e6b,12,This Is Me,302869,1706922,e1806d06-2878-4bbb-81c1-45946b1229a4,
166,Demi Lovato,faf4cefb-036c-4c88-b93a-5b03dd0a0e6b,13,Here We Go Again,290685,2735710,2a2c440b-dc37-4403-bae0-e5c79d3f0f09,244000
166,Demi Lovato,faf4cefb-036c-4c88-b93a-5b03dd0a0e6b,14,29,242854,3064621,57912aa6-7a6b-4b1c-a3ec-ab925a9715db,163000
166,Demi Lovato,faf4cefb-036c-4c88-b93a-5b03dd0a0e6b,15,Get Back,225860,1768241,aed58fc2-e29e-4447-8790-14c7a0fddf4b,244000
167,Frank Sinatra,197450cd-0124-4164-b723-3c22dd16494d,1,My Way,1124615,6904624,7a97e36c-f592-42e1-b432-26489166ba61,360067
167,Frank Sinatra,197450cd-0124-4164-b723-3c22dd16494d,2,Somethin' Stupid,1016369,10504641,0dc27ce5-4139-4ab2-a1b3-6aecf2c4de10,158066
167,Frank Sinatra,197450cd-0124-4164-b723-3c22dd16494d,3,Strangers in the Night,923081,5188664,969d6cf2-b215-40c5-9050-4e180ddc7eda,159973
167,Frank Sinatra,197450cd-0124-4164-b723-3c22dd16494d,4,That's Life,805382,5013842,51ec500b-3210-4897-a86c-e2054d8b08ec,
167,Frank Sinatra,197450cd-0124-4164-b723-3c22dd16494d,5,Fly Me to the Moon (In Other Words),742915,4034745,47e14ba6-d12d-4263-82fc-b185cfeb79c4,155000
167,Frank Sinatra,197450cd-0124-4164-b723-3c22dd16494d,6,Fly Me to the Moon,680324,3061136,e794f036-3b79-4424-837a-813f0ae76fcc,152693
167,Frank Sinatra,197450cd-0124-4164-b723-3c22dd16494d,7,Let It Snow! Let It Snow! Let It Snow! (with The B. Swanson Quartet),645884,2421492,745de8f5-565a-4ee8-9019-20ea97a4c25c,155498
167,Frank Sinatra,197450cd-0124-4164-b723-3c22dd16494d,8,The Way You Look Tonight,571519,2464514,b6eb9d2e-964e-4495-bc2b-52a0b2f5dc03,
167,Frank Sinatra,197450cd-0124-4164-b723-3c22dd16494d,9,I've Got You Under My Skin,474468,2083306,c877b1a1-1b25-4c59-84fa-9d21efe1010e,181733
167,Frank Sinatra,197450cd-0124-4164-b723-3c22dd16494d,10,Jingle Bells,472114,1418806,bfd8a805-3111-42ed-9730-0e01871be147,125066
167,Frank Sinatra,197450cd-0124-4164-b723-3c22dd16494d,11,The World We Knew (Over And Over),446133,4086115,389011d0-269d-437e-b2c9-b8b29ed08f8b,166600
167,Frank Sinatra,197450cd-0124-4164-b723-3c22dd16494d,12,Have Yourself A Merry Little Christmas - Remastered 1999,435162,1368328,,
167,Frank Sinatra,197450cd-0124-4164-b723-3c22dd16494d,13,Come Fly With Me,423440,1869851,edb2013f-784b-479f-92c2-1221dc267c32,174800
167,Frank Sinatra,197450cd-0124-4164-b723-3c22dd16494d,14,"Theme from New York, New York",402704,1756665,a6b73567-dc49-46b6-83bf-205d98726509,251946
167,Frank Sinatra,197450cd-0124-4164-b723-3c22dd16494d,15,Summer Wind,396283,1563363,8a59c410-eb3c-40a8-b960-be267810c76d,176160
168,MGMT,c485632c-b784-4ee9-8ea1-c5fb365681fc,1,Kids,2874311,31238211,ba5b662d-1a8c-421e-8cb3-75b0c995942d,302000
168,MGMT,c485632c-b784-4ee9-8ea1-c5fb365681fc,2,Electric Feel,2664809,28081351,3eb9af9f-a7e7-43cb-be93-7198f314662d,287000
168,MGMT,c485632c-b784-4ee9-8ea1-c5fb365681fc,3,Time to Pretend,2436715,25644626,3e8eceb1-7016-44ee-8763-d7628d55ad06,233000
168,MGMT,c485632c-b784-4ee9-8ea1-c5fb365681fc,4,Little Dark Age,1401596,19008954,2ed9e30b-e3e7-46db-976e-550cb17965fe,299933
168,MGMT,c485632c-b784-4ee9-8ea1-c5fb365681fc,5,Weekend Wars,1169858,8361883,f6423f4a-1b4a-4a06-9685-5ee3075c8a77,275000
168,MGMT,c485632c-b784-4ee9-8ea1-c5fb365681fc,6,The Youth,1032516,6995934,21a40099-7897-4439-a959-56a192d4b28f,238000
168,MGMT,c485632c-b784-4ee9-8ea1-c5fb365681fc,7,"Of Moons, Birds & Monsters",912394,5668167,7a817555-4748-43d4-887c-65be170f8b4e,353000
168,MGMT,c485632c-b784-4ee9-8ea1-c5fb365681fc,8,Pieces of What,895183,5405919,a6d92890-dc87-4add-8eca-4ec7f31bcb92,231000
168,MGMT,c485632c-b784-4ee9-8ea1-c5fb365681fc,9,4th Dimensional Transition,830092,4699804,f452b7db-a391-4974-8c13-1879f481fbbc,238013
168,MGMT,c485632c-b784-4ee9-8ea1-c5fb365681fc,10,The Handshake,811127,4759940,848097b5-7a2c-4482-a14f-c4ee0d6c4db4,278000
168,MGMT,c485632c-b784-4ee9-8ea1-c5fb365681fc,11,Future Reflections,744526,4028223,7384929e-d20b-4c58-868f-f2286d8c37e2,248000
168,MGMT,c485632c-b784-4ee9-8ea1-c5fb365681fc,12,When You Die,665643,6735889,45aff48a-6200-4109-b23c-f7fc66b4befd,263880
168,MGMT,c485632c-b784-4ee9-8ea1-c5fb365681fc,13,Congratulations,630572,4297629,5ad359f7-e12b-4be0-9eff-7865b2e0fd7e,243000
168,MGMT,c485632c-b784-4ee9-8ea1-c5fb365681fc,14,Me and Michael,446828,3827126,23a68619-c818-4ed7-83c0-02b4a66ad412,289880
168,MGMT,c485632c-b784-4ee9-8ea1-c5fb365681fc,15,Flash Delirium,430312,3257162,5bdd94f0-f9f5-4f6c-a481-63cda514a972,257000
169,girl in red,4ae429fe-735c-4968-8253-a591421b1bd0,1,we fell in love in october,1656151,21842385,46bfc9d7-a4d9-4a1b-b1f6-0b23216229f2,184153
169,girl in red,4ae429fe-735c-4968-8253-a591421b1bd0,2,bad idea!,867170,9132985,711902fa-9225-49ea-a057-fcef6cae9cc2,219638
169,girl in red,4ae429fe-735c-4968-8253-a591421b1bd0,3,i wanna be your girlfriend,859271,8219419,3f24fe97-0f19-4b2a-8118-3166cecfb324,204991
169,girl in red,4ae429fe-735c-4968-8253-a591421b1bd0,4,girls,736088,6820684,b925ed37-d081-4847-8b7f-3871fa550033,198000
169,girl in red,4ae429fe-735c-4968-8253-a591421b1bd0,5,midnight love,642239,6139651,667d9247-c07d-46ec-b9e6-aefc893e397f,193929
169,girl in red,4ae429fe-735c-4968-8253-a591421b1bd0,6,summer depression,498699,3987061,cee44a53-5f2b-42b5-853c-289a86a5f708,151000
169,girl in red,4ae429fe-735c-4968-8253-a591421b1bd0,7,i'll die anyway.,459901,3643494,e8cf545e-d093-456e-83db-42a037987c3d,192612
169,girl in red,4ae429fe-735c-4968-8253-a591421b1bd0,8,4am,420423,2947904,2e787e38-7124-4ea4-b168-abecaccbe9de,110000
169,girl in red,4ae429fe-735c-4968-8253-a591421b1bd0,9,.,413886,3343123,b8bb45e8-985f-41ad-a498-7a344453d72e,166240
169,girl in red,4ae429fe-735c-4968-8253-a591421b1bd0,10,October Passed Me By,381725,3010821,29a2b132-4adb-4e4c-8f42-5fc412dc0da9,165000
169,girl in red,4ae429fe-735c-4968-8253-a591421b1bd0,11,Serotonin,369298,3606585,87627aca-431c-430d-9518-5428290cfe5f,180702
169,girl in red,4ae429fe-735c-4968-8253-a591421b1bd0,12,I'll Call You Mine,337541,3054308,07923e95-4b53-492a-8b97-46bc2d174f66,201946
169,girl in red,4ae429fe-735c-4968-8253-a591421b1bd0,13,watch you sleep.,333484,2714751,f9036962-010f-4131-8d61-c869101e75b2,180000
169,girl in red,4ae429fe-735c-4968-8253-a591421b1bd0,14,forget her,324503,2078623,4adda7a7-aa5c-4261-8230-17983b0eb867,143355
169,girl in red,4ae429fe-735c-4968-8253-a591421b1bd0,15,You Need Me Now? (feat. Sabrina Carpenter),324382,2516182,,
170,Men I Trust,25ab7547-a4d2-480b-b028-c7f3497bc858,1,Show Me How,1528432,24917034,133495e3-f465-41a7-981c-d03061d3e664,213120
170,Men I Trust,25ab7547-a4d2-480b-b028-c7f3497bc858,2,Oncle Jazz,805815,5883645,34c8bf4c-336c-456b-89e8-b9d0890f6827,57877
170,Men I Trust,25ab7547-a4d2-480b-b028-c7f3497bc858,3,Numb,691675,6558238,9f7415d2-6838-4a8b-827c-4af7b87890cc,219340
170,Men I Trust,25ab7547-a4d2-480b-b028-c7f3497bc858,4,Tree Among Shrubs,568686,5100438,707362f0-36e3-4cb8-baa8-98ad3ba38396,188293
170,Men I Trust,25ab7547-a4d2-480b-b028-c7f3497bc858,5,Sugar,509337,4287196,04feefdc-5b49-4b6e-bbe1-a2aafadd8b9c,184939
170,Men I Trust,25ab7547-a4d2-480b-b028-c7f3497bc858,6,Lauren,432302,3185814,0d0741ad-9467-40c9-a43f-b754e605f54d,222680
170,Men I Trust,25ab7547-a4d2-480b-b028-c7f3497bc858,7,I Hope to Be Around,423818,3219315,b5d78e9a-e1c5-465a-b9cb-2f62b6439670,226000
170,Men I Trust,25ab7547-a4d2-480b-b028-c7f3497bc858,8,Seven,421323,3132775,4c6af829-1015-4e95-9988-4e564cc92780,248370
170,Men I Trust,25ab7547-a4d2-480b-b028-c7f3497bc858,9,Billie Toppy,321720,2131623,50e30813-9175-475b-97f2-4b1ef3a7740e,195000
170,Men I Trust,25ab7547-a4d2-480b-b028-c7f3497bc858,10,Organon,316764,1916883,c21859a6-d2b4-43f8-9d6f-9c2bd4b22a72,150920
170,Men I Trust,25ab7547-a4d2-480b-b028-c7f3497bc858,11,All Night,310837,2122976,b706959b-2abe-4516-9979-876bb7e7bb71,188469
170,Men I Trust,25ab7547-a4d2-480b-b028-c7f3497bc858,12,Tailwhip,302312,2065014,7a8a4c5d-dd06-47e3-aa9e-6f68d412593c,231000
170,Men I Trust,25ab7547-a4d2-480b-b028-c7f3497bc858,13,Serenade of Water,293956,2016409,1cea9580-d8d0-4cb4-a7bc-aba48dc602b7,258750
170,Men I Trust,25ab7547-a4d2-480b-b028-c7f3497bc858,14,"Say, Can You Hear",278804,1569832,52a70f09-fceb-48e5-92a7-df58241e58f7,214425
170,Men I Trust,25ab7547-a4d2-480b-b028-c7f3497bc858,15,You Deserve This,259264,1587507,e53396e0-b7cf-4943-815b-0a1bf40a101e,190000
171,Baby Keem,81d12ca7-5b89-4d21-8736-860b7400b4eb,1,family ties (with Kendrick Lamar),1224337,26763061,,
171,Baby Keem,81d12ca7-5b89-4d21-8736-860b7400b4eb,2,ORANGE SODA,1017884,15963796,08c80e89-2914-4c7a-afaf-83f50bfafa4b,129882
171,Baby Keem,81d12ca7-5b89-4d21-8736-860b7400b4eb,3,HONEST,863862,15792137,d262a298-7c01-468e-a6ea-d7c31a40031b,172672
171,Baby Keem,81d12ca7-5b89-4d21-8736-860b7400b4eb,4,16,805019,17270138,98b74bca-c8e4-4ab2-af68-9ccbb77fd6f4,156040
171,Baby Keem,81d12ca7-5b89-4d21-8736-860b7400b4eb,5,trademark usa,537386,8714615,c6231be9-e769-47d9-b279-bc3a38aca2fe,270670
171,Baby Keem,81d12ca7-5b89-4d21-8736-860b7400b4eb,6,vent,461801,5996247,6c87a766-307f-4fc0-8295-b17654b5b2c5,136572
171,Baby Keem,81d12ca7-5b89-4d21-8736-860b7400b4eb,7,lost souls (with Brent Faiyaz),422062,5520915,,
171,Baby Keem,81d12ca7-5b89-4d21-8736-860b7400b4eb,8,durag activity (with Travis Scott),419295,4998458,,
171,Baby Keem,81d12ca7-5b89-4d21-8736-860b7400b4eb,9,highway 95,417299,3685398,dec6f9fa-a63c-47a7-a121-0255848f51e3,91000
171,Baby Keem,81d12ca7-5b89-4d21-8736-860b7400b4eb,10,range brothers (with Kendrick Lamar),413111,5346771,,
171,Baby Keem,81d12ca7-5b89-4d21-8736-860b7400b4eb,11,STATS,403546,5922622,28254948-a572-4c19-b99a-5de5d7b4ebe4,65000
171,Baby Keem,81d12ca7-5b89-4d21-8736-860b7400b4eb,12,The Hillbillies,377412,4557151,14ebf076-efe7-4ffa-a36f-0c855e3fc890,214000
171,Baby Keem,81d12ca7-5b89-4d21-8736-860b7400b4eb,13,hooligan,343290,4197110,d30785d7-d841-4882-8827-672651e4efec,156774
171,Baby Keem,81d12ca7-5b89-4d21-8736-860b7400b4eb,14,Baby Keem,305971,3015929,f159b307-b906-46a2-b529-b6a8e63bf7d9,127000
171,Baby Keem,81d12ca7-5b89-4d21-8736-860b7400b4eb,15,scapegoats,273390,2501336,8464832b-ce09-4058-ace3-3f1644311299,76831
172,Malcolm Todd,6c2a79b8-2b5c-4c2d-b495-6a446811bf9d,1,Roommates,414767,4839596,9b20d764-df1d-40f9-9687-460c3700ea0e,214504
172,Malcolm Todd,6c2a79b8-2b5c-4c2d-b495-6a446811bf9d,2,Chest Pain (I Love),387909,4945157,9bffc418-e7b3-49c2-b94d-69fefc866679,202000
172,Malcolm Todd,6c2a79b8-2b5c-4c2d-b495-6a446811bf9d,3,Sweet Boy,372487,4175015,49cc105a-3b13-4b02-903c-0166221e79c4,180022
172,Malcolm Todd,6c2a79b8-2b5c-4c2d-b495-6a446811bf9d,4,Bleed (feat. Omar Apollo),262246,2722524,,
172,Malcolm Todd,6c2a79b8-2b5c-4c2d-b495-6a446811bf9d,5,Art House,163705,1435533,f2e0189b-0781-4a41-b5db-4bf989e62ee5,177142
172,Malcolm Todd,6c2a79b8-2b5c-4c2d-b495-6a446811bf9d,6,Earrings,159321,1548375,5167d8a8-f450-4062-be89-4d427a436540,151500
172,Malcolm Todd,6c2a79b8-2b5c-4c2d-b495-6a446811bf9d,7,4Me 4Me,144549,1689736,033f905a-1806-449a-95b4-01835743f186,210000
172,Malcolm Todd,6c2a79b8-2b5c-4c2d-b495-6a446811bf9d,8,Mr. Incorrect,124362,1355259,dda363f7-453b-4990-bc61-72bc881faed3,170000
172,Malcolm Todd,6c2a79b8-2b5c-4c2d-b495-6a446811bf9d,9,Out of Bounds,116572,756728,9db8eaab-436b-4c8e-8d4d-2a24ff8d92a0,101647
172,Malcolm Todd,6c2a79b8-2b5c-4c2d-b495-6a446811bf9d,10,Original,115284,735566,948ca4bd-991a-48fa-b47e-4da927577415,195147
172,Malcolm Todd,6c2a79b8-2b5c-4c2d-b495-6a446811bf9d,11,You Owe Me,111086,988439,d513eace-342e-4aa4-bcca-ce287fc7a5be,220645
172,Malcolm Todd,6c2a79b8-2b5c-4c2d-b495-6a446811bf9d,12,Make Me a Better Man,102237,884062,f93045f2-e36d-4458-b0bf-051b0948b2ea,210026
172,Malcolm Todd,6c2a79b8-2b5c-4c2d-b495-6a446811bf9d,13,Hesitating,96784,728396,08a54937-f804-4ed9-9fc6-3f4f19a52ff0,144761
172,Malcolm Todd,6c2a79b8-2b5c-4c2d-b495-6a446811bf9d,14,Hot in NY,95396,834610,69ca9a96-cbcb-4341-bb6d-992e8c049eb7,118000
172,Malcolm Todd,6c2a79b8-2b5c-4c2d-b495-6a446811bf9d,15,walk to class,88329,713422,8250f4d6-ed19-4079-ab0c-f2e4ec952fd0,228480
173,Avril Lavigne,0103c1cc-4a09-4a5d-a344-56ad99a77193,1,Complicated,2016989,17515604,7853e246-a95e-41fa-b491-a72c7cee9300,
173,Avril Lavigne,0103c1cc-4a09-4a5d-a344-56ad99a77193,2,Girlfriend,1662523,12496596,abf81737-730c-4b36-b720-a4d8702c01ac,242000
173,Avril Lavigne,0103c1cc-4a09-4a5d-a344-56ad99a77193,3,Sk8er Boi,1581456,12110512,4285227f-fbd6-4063-a898-337f2db4e9e2,
173,Avril Lavigne,0103c1cc-4a09-4a5d-a344-56ad99a77193,4,What the Hell,1193240,11501072,42abdd93-709c-4ff6-98b3-90e2cf2bd058,220000
173,Avril Lavigne,0103c1cc-4a09-4a5d-a344-56ad99a77193,5,I'm with You,1123315,9584845,96170c4c-ea7d-4f04-a552-55ec1bf3dc13,274386
173,Avril Lavigne,0103c1cc-4a09-4a5d-a344-56ad99a77193,6,My Happy Ending,1003965,8132750,87a7ddc9-734a-4431-861d-2735a0e08c83,
173,Avril Lavigne,0103c1cc-4a09-4a5d-a344-56ad99a77193,7,When You're Gone,894656,7262945,9a12515c-c372-4f6d-bfd1-1ecfdfbaefa0,238640
173,Avril Lavigne,0103c1cc-4a09-4a5d-a344-56ad99a77193,8,Nobody's Home,649790,5966543,7a5ff01c-8e7e-42a8-95df-345319794cf3,
173,Avril Lavigne,0103c1cc-4a09-4a5d-a344-56ad99a77193,9,Hot,626493,5749317,9aeb6ba8-86ed-4faa-a43f-bde13d84dc54,201186
173,Avril Lavigne,0103c1cc-4a09-4a5d-a344-56ad99a77193,10,Losing Grip,597806,4654788,ba0d2577-e068-42fd-b947-421f31aff919,233000
173,Avril Lavigne,0103c1cc-4a09-4a5d-a344-56ad99a77193,11,Keep Holding On,550295,4179401,f47a40b3-63c3-44ff-9471-664c05aed6f4,240000
173,Avril Lavigne,0103c1cc-4a09-4a5d-a344-56ad99a77193,12,Here's to Never Growing Up,499595,3974035,4455d2dd-8f54-43da-9d5e-677d043148da,225000
173,Avril Lavigne,0103c1cc-4a09-4a5d-a344-56ad99a77193,13,Don't Tell Me,489388,3980398,71cdb773-ae18-4815-923c-9f182dd8cee5,204000
173,Avril Lavigne,0103c1cc-4a09-4a5d-a344-56ad99a77193,14,Wish You Were Here,450826,4705294,79bfc739-10a5-4676-91ab-b6f4b73c8478,223000
173,Avril Lavigne,0103c1cc-4a09-4a5d-a344-56ad99a77193,15,Things I'll Never Say,427683,3176012,8caf1dda-9c81-4f0f-b85e-d2e0ba74359a,224000
174,Imagine Dragons,012151a8-0f9a-44c9-997f-ebd68b5389f9,1,Radioactive,1926615,21400523,96ef52af-de85-474f-b878-907509623272,261973
174,Imagine Dragons,012151a8-0f9a-44c9-997f-ebd68b5389f9,2,Demons,1647566,17020143,a5a494ee-d088-4e25-aabe-bfc11cbcd7ef,
174,Imagine Dragons,012151a8-0f9a-44c9-997f-ebd68b5389f9,3,Believer,1174391,11400886,8e404c8a-439d-4325-8ea1-723aec558161,
174,Imagine Dragons,012151a8-0f9a-44c9-997f-ebd68b5389f9,4,On Top of the World,1134558,9365030,473f44db-b081-4810-bb5c-2eb999187325,
174,Imagine Dragons,012151a8-0f9a-44c9-997f-ebd68b5389f9,5,It's Time,1107771,10236107,8638cbd8-a0a9-4fb0-94ee-243a7c3e1215,240000
174,Imagine Dragons,012151a8-0f9a-44c9-997f-ebd68b5389f9,6,Enemy (with JID) - from the series Arcane League of Legends,985740,12429097,,
174,Imagine Dragons,012151a8-0f9a-44c9-997f-ebd68b5389f9,7,Thunder,973347,8893768,98b93886-d83d-43cc-8e4b-ab12f589ae33,
174,Imagine Dragons,012151a8-0f9a-44c9-997f-ebd68b5389f9,8,Bones,748873,8860701,900eb187-7f2f-427f-afc6-2259fe9de724,243000
174,Imagine Dragons,012151a8-0f9a-44c9-997f-ebd68b5389f9,9,Whatever It Takes,676705,6895915,56ea8e99-e9fc-456f-aaf5-bb5e3bd9ef64,322000
174,Imagine Dragons,012151a8-0f9a-44c9-997f-ebd68b5389f9,10,Natural,668917,7136881,7347472e-a25b-4c4a-8317-f5f9c5e998d1,189000
174,Imagine Dragons,012151a8-0f9a-44c9-997f-ebd68b5389f9,11,Warriors,639353,6100145,a7d56b31-5348-468a-9ba2-0e26bdc7e873,170000
174,Imagine Dragons,012151a8-0f9a-44c9-997f-ebd68b5389f9,12,Bleeding Out,476797,3622839,f774506d-2da9-45a3-bd00-de81a710234d,66524
174,Imagine Dragons,012151a8-0f9a-44c9-997f-ebd68b5389f9,13,Bad Liar,459766,4049135,71126864-4ea3-428c-ab50-c22acc2a542e,
174,Imagine Dragons,012151a8-0f9a-44c9-997f-ebd68b5389f9,14,Amsterdam,448123,3448411,eb5913a4-c8d6-4e1c-81e5-03fed0b6a8ee,241426
174,Imagine Dragons,012151a8-0f9a-44c9-997f-ebd68b5389f9,15,Tiptoe,444803,3073523,e8e2d45d-0067-4b9e-a007-da79824dc3d8,194200
175,Slowdive,a16371b9-7d36-497a-a9d4-42b0a0440c5e,1,When the Sun Hits,1372887,22674575,f7f5715b-1ef6-4b6a-9d31-9beb906c3be2,351000
175,Slowdive,a16371b9-7d36-497a-a9d4-42b0a0440c5e,2,Alison,1007800,13342669,a5ba5a37-5370-4e08-9322-226661a8da1a,280306
175,Slowdive,a16371b9-7d36-497a-a9d4-42b0a0440c5e,3,Dagger,719465,8782551,084739c1-e0d7-4be2-86f4-bd3153527235,214826
175,Slowdive,a16371b9-7d36-497a-a9d4-42b0a0440c5e,4,40 Days,717730,8108446,6dfdbe18-5f1f-469e-b772-93498751e289,263000
175,Slowdive,a16371b9-7d36-497a-a9d4-42b0a0440c5e,5,Machine Gun,594343,5733759,690e5885-fcf3-4c0a-b7b6-67dbab927739,268466
175,Slowdive,a16371b9-7d36-497a-a9d4-42b0a0440c5e,6,Here She Comes,590876,4859075,c2d153c6-84de-4699-b048-2446ed63798a,141200
175,Slowdive,a16371b9-7d36-497a-a9d4-42b0a0440c5e,7,Souvlaki Space Station,573554,5235847,967c4b8b-96cf-4052-a945-29ac3129c278,361000
175,Slowdive,a16371b9-7d36-497a-a9d4-42b0a0440c5e,8,Sugar for the Pill,536242,4865704,e4eb460e-29d0-4100-b597-c5f787ddb4c0,272973
175,Slowdive,a16371b9-7d36-497a-a9d4-42b0a0440c5e,9,Altogether,463821,3664966,e21cd6b9-512e-4cb5-89d3-cf76434c7015,222066
175,Slowdive,a16371b9-7d36-497a-a9d4-42b0a0440c5e,10,Sing,422612,3170925,e5105959-8474-4c13-b073-17cbb5edf7f0,291240
175,Slowdive,a16371b9-7d36-497a-a9d4-42b0a0440c5e,11,Melon Yellow,390648,2735472,dbbf3bb6-b553-4ab9-b3e0-d7d7f9aa516f,234960
175,Slowdive,a16371b9-7d36-497a-a9d4-42b0a0440c5e,12,Slomo,340397,2749414,9cbe3212-28a4-44ff-a207-3b9aa6eb22c4,413160
175,Slowdive,a16371b9-7d36-497a-a9d4-42b0a0440c5e,13,Catch the Breeze,339939,2204099,00489959-6600-47c9-94e1-8850d94f600e,256320
175,Slowdive,a16371b9-7d36-497a-a9d4-42b0a0440c5e,14,Star Roving,329549,2581199,0082db6f-9c9b-4e15-b670-86c19601ea62,338880
175,Slowdive,a16371b9-7d36-497a-a9d4-42b0a0440c5e,15,Celia's Dream,324317,2062141,d753217a-c7af-4a11-9d96-6b3d12cab430,252573
176,Alice in Chains,4bd95eea-b9f6-4d70-a36c-cfea77431553,1,Man in the Box,1289772,13331844,4518e2a5-1aa8-4345-907a-78966f81faa0,268000
176,Alice in Chains,4bd95eea-b9f6-4d70-a36c-cfea77431553,2,Nutshell,1047376,13311875,7ee9fce5-8009-4d13-a7a3-c28f2bc5528e,
176,Alice in Chains,4bd95eea-b9f6-4d70-a36c-cfea77431553,3,Would?,893561,7588461,6ac60ed9-0c31-4045-b350-758c09cc2de0,237000
176,Alice in Chains,4bd95eea-b9f6-4d70-a36c-cfea77431553,4,Them Bones,769597,5853646,0c2352c1-b315-4aca-8e80-9567c42fde78,
176,Alice in Chains,4bd95eea-b9f6-4d70-a36c-cfea77431553,5,Rooster,766212,5535703,1d4b3db1-0b05-4ee6-a78e-b91809b0dd0c,377000
176,Alice in Chains,4bd95eea-b9f6-4d70-a36c-cfea77431553,6,No Excuses,723828,5593980,bbece52a-44cc-4ea5-8938-24e9d0361ebb,297000
176,Alice in Chains,4bd95eea-b9f6-4d70-a36c-cfea77431553,7,Would? (2022 remaster),663331,7910669,,
176,Alice in Chains,4bd95eea-b9f6-4d70-a36c-cfea77431553,8,Down in a Hole,626010,4746082,22fcea84-5881-446c-b7b2-4efa9d594db7,346000
176,Alice in Chains,4bd95eea-b9f6-4d70-a36c-cfea77431553,9,Heaven Beside You,609571,4333324,27a45adc-e85a-42c8-acd7-7283027e25a2,336000
176,Alice in Chains,4bd95eea-b9f6-4d70-a36c-cfea77431553,10,I Stay Away,577221,4273550,f5cda7b3-630b-4e7a-bbac-c36b80439648,250000
176,Alice in Chains,4bd95eea-b9f6-4d70-a36c-cfea77431553,11,We Die Young,558393,4614110,332570a3-8083-49db-a7a3-c934086ae520,149573
176,Alice in Chains,4bd95eea-b9f6-4d70-a36c-cfea77431553,12,Them Bones (2022 Remaster),504880,5681932,,
176,Alice in Chains,4bd95eea-b9f6-4d70-a36c-cfea77431553,13,Rotten Apple,503217,4708495,061a0605-08fc-48a1-a575-f16184988e59,419000
176,Alice in Chains,4bd95eea-b9f6-4d70-a36c-cfea77431553,14,Bleed the Freak,484499,4424776,b768b611-b5cd-4efc-a32d-fd24aaae238d,235000
176,Alice in Chains,4bd95eea-b9f6-4d70-a36c-cfea77431553,15,Angry Chair,484280,3245051,02ab7999-d80e-4174-8bc8-eba8c2ffb5a9,278000
177,Imogen Heap,328d146c-79f1-4eb6-9e40-8ee5710c14e5,1,Headlock,1408254,21892571,02eaddcd-0838-46b3-8c28-dd6de6c7dd11,227000
177,Imogen Heap,328d146c-79f1-4eb6-9e40-8ee5710c14e5,2,Hide and Seek,1114923,10252637,d3abb02c-63f4-42e1-b431-200ed41673c9,180000
