artist_rank,artist_name,artist_mbid,track_rank,track_title,lastfm_listeners,lastfm_playcount,mb_recording_id,mb_recording_length_ms
1,The Weeknd,c8b03190-306c-4120-bb0b-6f2ebfc06ea9,1,Blinding Lights,2200565,36236274,5bdbfe86-4ad5-4c19-8d29-ee5f30ba628b,262000
1,The Weeknd,c8b03190-306c-4120-bb0b-6f2ebfc06ea9,2,Starboy,2154136,30477093,196f19ab-9c4d-49c7-ac59-9cc70de66845,245000
1,The Weeknd,c8b03190-306c-4120-bb0b-6f2ebfc06ea9,3,The Hills,1968048,25135873,2a37fbe6-f3e7-418e-90d0-a09453f630ab,242290
1,The Weeknd,c8b03190-306c-4120-bb0b-6f2ebfc06ea9,4,Die for You,1838768,30725091,fc251bae-e606-466a-a554-3ade762ba70d,167000
1,The Weeknd,c8b03190-306c-4120-bb0b-6f2ebfc06ea9,5,Can't Feel My Face,1726024,17175434,08b815da-5d60-4807-a605-f6af03d5471d,213640
1,The Weeknd,c8b03190-306c-4120-bb0b-6f2ebfc06ea9,6,Save Your Tears,1722569,25406934,fbf4ba44-621c-42c4-b9df-1c22a5b8109a,221000
1,The Weeknd,c8b03190-306c-4120-bb0b-6f2ebfc06ea9,7,Stargirl Interlude,1700966,34693531,761749b4-4b1b-4ab7-9646-3262f37a1773,113000
1,The Weeknd,c8b03190-306c-4120-bb0b-6f2ebfc06ea9,8,Call Out My Name,1459211,19281937,d1b933f0-00eb-423d-ac57-00840f4d5e68,242899
1,The Weeknd,c8b03190-306c-4120-bb0b-6f2ebfc06ea9,9,I Feel It Coming,1342722,14540073,9688d807-0f2d-45a6-8df5-cd4fdc37938c,234114
1,The Weeknd,c8b03190-306c-4120-bb0b-6f2ebfc06ea9,10,"One of the Girls (with JENNIE, Lily Rose Depp)",1279273,23790299,,
1,The Weeknd,c8b03190-306c-4120-bb0b-6f2ebfc06ea9,11,Heartless,1195293,18896222,e1f6d6ad-16ce-4d88-84d5-c692c1088eca,124255
1,The Weeknd,c8b03190-306c-4120-bb0b-6f2ebfc06ea9,12,Often,1141793,12880164,7a445048-9883-4d6d-aaf3-538c9b6250d9,250000
1,The Weeknd,c8b03190-306c-4120-bb0b-6f2ebfc06ea9,13,Is There Someone Else?,1138959,19356160,8a106831-6cb2-4d94-95d7-69be51c68df8,237904
1,The Weeknd,c8b03190-306c-4120-bb0b-6f2ebfc06ea9,14,After Hours,1119787,18156368,f41f1c89-7778-4398-9986-1a37b57ff898,367000
1,The Weeknd,c8b03190-306c-4120-bb0b-6f2ebfc06ea9,15,Reminder,1040942,15117305,2354098a-c7de-4691-88fa-0f147b29000b,218879
2,Taylor Swift,20244d07-534f-4eff-b4d4-930878889970,1,Blank Space,1696723,26380820,07eea45c-c211-4c20-8b13-e8818ef0ebe3,183000
2,Taylor Swift,20244d07-534f-4eff-b4d4-930878889970,2,Cruel Summer,1605620,47057046,992debd8-0411-4cc9-9ae8-61b6e9407bc9,229566
2,Taylor Swift,20244d07-534f-4eff-b4d4-930878889970,3,Shake It Off,1531308,17933343,2ccf1b28-9986-4643-85fc-41488db48619,
2,Taylor Swift,20244d07-534f-4eff-b4d4-930878889970,4,cardigan,1461612,42423695,eb623fb9-ed07-4f13-a8aa-446f014c5fee,232000
2,Taylor Swift,20244d07-534f-4eff-b4d4-930878889970,5,Style,1451764,31077989,6b432d18-38fa-41bb-b80f-05adab2dc140,
2,Taylor Swift,20244d07-534f-4eff-b4d4-930878889970,6,Love Story,1428223,13813136,321cc770-1c16-4457-a569-7997d431995b,
2,Taylor Swift,20244d07-534f-4eff-b4d4-930878889970,7,You Belong with Me,1349806,13013238,9a7cef9a-9466-4345-8463-cff44e58f0a5,287555
2,Taylor Swift,20244d07-534f-4eff-b4d4-930878889970,8,august,1310547,40822290,b4587dea-4933-4cc4-9f09-b511f5e5be83,261923
2,Taylor Swift,20244d07-534f-4eff-b4d4-930878889970,9,Anti-Hero,1301998,33162747,617e898f-2c50-4943-a844-f41c21506062,203000
2,Taylor Swift,20244d07-534f-4eff-b4d4-930878889970,10,Lover,1280348,26233006,d47c6853-6877-4e83-bc88-e2341f2161a2,221000
2,Taylor Swift,20244d07-534f-4eff-b4d4-930878889970,11,Don’t Blame Me,1194588,25389066,3ac7617c-f754-432c-82dd-2cd4d076bf01,
2,Taylor Swift,20244d07-534f-4eff-b4d4-930878889970,12,Look What You Made Me Do,1182429,22213779,9850a8f8-5686-4766-bd8a-bcdef2c5faba,
2,Taylor Swift,20244d07-534f-4eff-b4d4-930878889970,13,We Are Never Ever Getting Back Together,1158129,11228313,12fd2a9e-8442-49f5-9ebf-697bf651e9d6,216000
2,Taylor Swift,20244d07-534f-4eff-b4d4-930878889970,14,Wildest Dreams,1158108,14727453,d6dfa2b0-0db1-491e-bc3e-eec64b673f91,
2,Taylor Swift,20244d07-534f-4eff-b4d4-930878889970,15,Bad Blood,1116521,13598290,73e33139-0789-4a94-8156-3d79ebf02fc0,128000
3,"Tyler, The Creator",f6beac20-5dfe-4d1f-ae02-0b0a740aafd6,1,See You Again (feat. Kali Uchis),2373200,51660433,,
3,"Tyler, The Creator",f6beac20-5dfe-4d1f-ae02-0b0a740aafd6,2,EARFQUAKE,1957952,36629226,c3c6a3db-8876-449e-859d-62e1a0427df7,218000
3,"Tyler, The Creator",f6beac20-5dfe-4d1f-ae02-0b0a740aafd6,3,NEW MAGIC WAND,1685186,29937972,999d967d-508b-4bfc-b2f6-f61202b69da9,219000
3,"Tyler, The Creator",f6beac20-5dfe-4d1f-ae02-0b0a740aafd6,4,ARE WE STILL FRIENDS?,1672140,28522966,e3111316-c43d-4abb-912b-b734fce7c797,306000
3,"Tyler, The Creator",f6beac20-5dfe-4d1f-ae02-0b0a740aafd6,5,BEST INTEREST,1521604,23217713,bf69d97a-64c1-4730-9895-a3d7ada35f27,127921
3,"Tyler, The Creator",f6beac20-5dfe-4d1f-ae02-0b0a740aafd6,6,"GONE, GONE / THANK YOU",1300524,20820544,1b27ca76-48fd-4362-952a-37ad0f342bff,272000
3,"Tyler, The Creator",f6beac20-5dfe-4d1f-ae02-0b0a740aafd6,7,Like Him (feat. Lola Young),1265874,18603310,,
3,"Tyler, The Creator",f6beac20-5dfe-4d1f-ae02-0b0a740aafd6,8,I THINK,1262508,20436592,08937107-2213-4e9f-8077-79542245fe9c,212000
3,"Tyler, The Creator",f6beac20-5dfe-4d1f-ae02-0b0a740aafd6,9,RUNNING OUT OF TIME,1253318,16727120,305c3e1b-2bdf-4257-889c-ed05fc3180c5,176000
3,"Tyler, The Creator",f6beac20-5dfe-4d1f-ae02-0b0a740aafd6,10,She,1229260,23735509,0247b8a4-603f-4dde-aa0a-46696ab5a2d5,69000
3,"Tyler, The Creator",f6beac20-5dfe-4d1f-ae02-0b0a740aafd6,11,WUSYANAME (feat. Youngboy Never Broke Again & Ty Dolla $ign),1221477,20078234,,
3,"Tyler, The Creator",f6beac20-5dfe-4d1f-ae02-0b0a740aafd6,12,"STICKY (feat. GloRilla, Sexyy Red & Lil Wayne)",1144410,13640000,,
3,"Tyler, The Creator",f6beac20-5dfe-4d1f-ae02-0b0a740aafd6,13,911 / Mr. Lonely (feat. Frank Ocean & Steve Lacy),1072983,14684531,609ca4c9-0f65-4999-ada2-5ea508317b60,255653
3,"Tyler, The Creator",f6beac20-5dfe-4d1f-ae02-0b0a740aafd6,14,A BOY IS A GUN*,1037455,14565901,a914c14d-18ef-45fa-8e6b-867886d7e14b,210000
3,"Tyler, The Creator",f6beac20-5dfe-4d1f-ae02-0b0a740aafd6,15,SWEET / I THOUGHT YOU WANTED TO DANCE (feat. Brent Faiyaz & Fana Hues),1024434,15162376,,
4,Radiohead,a74b1b7f-71a5-4011-9441-d0b5e4122711,1,Creep,3810811,53031610,f5fdaa7e-5986-4eba-a394-af37e3705677,
4,Radiohead,a74b1b7f-71a5-4011-9441-d0b5e4122711,2,No Surprises,3161406,49509552,da329fde-9fec-4306-8e9a-5f6f0657cff4,227000
4,Radiohead,a74b1b7f-71a5-4011-9441-d0b5e4122711,3,Karma Police,3137011,39490048,83d77ed3-4360-4d11-98cc-60370f60db87,282800
4,Radiohead,a74b1b7f-71a5-4011-9441-d0b5e4122711,4,High and Dry,2374228,26547016,b8e38cdf-a07c-4c24-80ab-c9207716998a,273893
4,Radiohead,a74b1b7f-71a5-4011-9441-d0b5e4122711,5,Paranoid Android,2373622,26028305,2321576e-141e-4a00-b403-bfd8da62b17c,389000
4,Radiohead,a74b1b7f-71a5-4011-9441-d0b5e4122711,6,Fake Plastic Trees,2260601,29338039,9cc2f575-077c-4434-a0f8-1ed84b314e75,
4,Radiohead,a74b1b7f-71a5-4011-9441-d0b5e4122711,7,All I Need,2259724,35706019,db95907d-d2fe-46f9-bbdc-93cb72404f67,
4,Radiohead,a74b1b7f-71a5-4011-9441-d0b5e4122711,8,Let Down,2256474,32957080,d139df02-7767-4140-9f70-7a27d23cce4c,321000
4,Radiohead,a74b1b7f-71a5-4011-9441-d0b5e4122711,9,Exit Music (for a Film),2199491,27628172,802db836-4fe5-4063-9f8a-baf7b1326723,293000
4,Radiohead,a74b1b7f-71a5-4011-9441-d0b5e4122711,10,Jigsaw Falling Into Place,2173342,36524047,13fbb221-808f-4b89-8a40-7dc2677804cf,249906
4,Radiohead,a74b1b7f-71a5-4011-9441-d0b5e4122711,11,Just,1961498,23766458,090e177a-af4f-4361-823f-ffb54d3dd93c,236746
4,Radiohead,a74b1b7f-71a5-4011-9441-d0b5e4122711,12,Everything in Its Right Place,1907725,20600836,07ee995f-7c5c-4084-afdd-13687f963f7b,462800
4,Radiohead,a74b1b7f-71a5-4011-9441-d0b5e4122711,13,Nude,1894775,27134118,8fa2de7e-49e0-4201-87ae-d9f2bab81730,297933
4,Radiohead,a74b1b7f-71a5-4011-9441-d0b5e4122711,14,Airbag,1709851,13823274,8a790107-4a4a-41bb-8a65-8dac04bbccf9,
4,Radiohead,a74b1b7f-71a5-4011-9441-d0b5e4122711,15,15 Step,1675304,18980797,30b871ca-5ecb-4dc3-8313-4513b6242250,333000
5,Kendrick Lamar,381086ea-f511-4aba-bdf9-71c753dc5077,1,HUMBLE.,2139269,29055682,678f23c7-4726-48af-ad6d-4144d4a75109,
5,Kendrick Lamar,381086ea-f511-4aba-bdf9-71c753dc5077,2,Money Trees,1979118,32244987,a615b25c-6a78-4878-b536-e963ccb3d54a,127269
5,Kendrick Lamar,381086ea-f511-4aba-bdf9-71c753dc5077,3,All the Stars (with SZA),1840672,26431465,,
5,Kendrick Lamar,381086ea-f511-4aba-bdf9-71c753dc5077,4,Not Like Us,1804389,27660333,167b0a18-8923-4f64-82dd-30fb57e6216f,274192
5,Kendrick Lamar,381086ea-f511-4aba-bdf9-71c753dc5077,5,Alright,1765992,29014710,4dcea7a0-4ca0-4190-a85d-d4944e5e5420,194490
5,Kendrick Lamar,381086ea-f511-4aba-bdf9-71c753dc5077,6,PRIDE.,1699373,30503563,514ce85b-c9d2-4fd9-9795-5c1af5e7f36e,275253
5,Kendrick Lamar,381086ea-f511-4aba-bdf9-71c753dc5077,7,DNA.,1634433,22907897,6cf20e9f-a788-4291-90a0-ffd8ffc9bf60,
5,Kendrick Lamar,381086ea-f511-4aba-bdf9-71c753dc5077,8,LOVE. FEAT. ZACARI.,1590971,23488606,,
5,Kendrick Lamar,381086ea-f511-4aba-bdf9-71c753dc5077,9,"Bitch, Don’t Kill My Vibe",1449210,17466091,a5a4d3ec-f47b-4c50-a7e9-2b4c1232f704,311000
5,Kendrick Lamar,381086ea-f511-4aba-bdf9-71c753dc5077,10,luther (with SZA),1365938,23668180,,
5,Kendrick Lamar,381086ea-f511-4aba-bdf9-71c753dc5077,11,King Kunta,1352619,18384001,025a4d55-4ba8-4943-9269-6c05bf035328,72690
5,Kendrick Lamar,381086ea-f511-4aba-bdf9-71c753dc5077,12,Swimming Pools (Drank),1337534,12858042,fe804d21-fa21-4ed1-a6e6-d1674bb62462,202000
5,Kendrick Lamar,381086ea-f511-4aba-bdf9-71c753dc5077,13,LOYALTY. FEAT. RIHANNA.,1219263,14378758,,
5,Kendrick Lamar,381086ea-f511-4aba-bdf9-71c753dc5077,14,N95,1200995,18960760,6476b30b-0c08-4305-9acb-9dfd8f3f36f8,195933
5,Kendrick Lamar,381086ea-f511-4aba-bdf9-71c753dc5077,15,United in Grief,1142802,13263462,b5d8d43c-92d9-4e42-8198-eda816641965,255346
6,Tame Impala,63aa26c3-d59b-4da4-84ac-716b54f1ef4d,1,The Less I Know the Better,2464261,42070409,78be434c-0908-458f-9693-f16cdebb68ef,217000
6,Tame Impala,63aa26c3-d59b-4da4-84ac-716b54f1ef4d,2,Borderline,1712114,25195084,ebbf5e17-edb5-4e4f-847d-ae8268f0612a,274000
6,Tame Impala,63aa26c3-d59b-4da4-84ac-716b54f1ef4d,3,Feels Like We Only Go Backwards,1674266,17754151,74bbaf1e-220c-4329-b494-bcfd7da17ec0,192960
6,Tame Impala,63aa26c3-d59b-4da4-84ac-716b54f1ef4d,4,"New Person, Same Old Mistakes",1596535,20725470,f078699c-9b68-4040-9ba4-b1e4f7d86598,362000
6,Tame Impala,63aa26c3-d59b-4da4-84ac-716b54f1ef4d,5,Let It Happen,1584656,22713808,684ae0af-c99f-4492-830d-86d201f5928f,244440
6,Tame Impala,63aa26c3-d59b-4da4-84ac-716b54f1ef4d,6,Eventually,1475968,17414179,95b2467f-677a-41c3-90a9-60b0dddfb76d,422000
6,Tame Impala,63aa26c3-d59b-4da4-84ac-716b54f1ef4d,7,Elephant,1262435,11276897,aee0bf1f-785e-459e-a3cf-80585f4c5e22,
6,Tame Impala,63aa26c3-d59b-4da4-84ac-716b54f1ef4d,8,Nangs,1258356,11911836,c9f0e0e0-3789-4a78-a91e-03bc0c3ea998,107000
6,Tame Impala,63aa26c3-d59b-4da4-84ac-716b54f1ef4d,9,Yes I'm Changing,1068786,10195583,f6685670-fd58-4ea1-84f0-31485aee8eaf,266000
6,Tame Impala,63aa26c3-d59b-4da4-84ac-716b54f1ef4d,10,Disciples,946397,7577974,9cbbdb07-8942-48c9-b80e-568149744453,108000
6,Tame Impala,63aa26c3-d59b-4da4-84ac-716b54f1ef4d,11,The Moment,864799,7480609,6bf76079-edc9-4f95-b802-3fc5e5637fef,266000
6,Tame Impala,63aa26c3-d59b-4da4-84ac-716b54f1ef4d,12,One More Hour,779784,6475114,03f1b16a-af43-4cd7-b22c-d2991bf011a3,433000
6,Tame Impala,63aa26c3-d59b-4da4-84ac-716b54f1ef4d,13,Love/Paranoia,776372,6308729,30888632-0b8d-40a9-bfed-333819728ba4,228000
6,Tame Impala,63aa26c3-d59b-4da4-84ac-716b54f1ef4d,14,Is It True,717098,6401502,7a235148-133e-457a-a0fe-102f24953b97,238147
6,Tame Impala,63aa26c3-d59b-4da4-84ac-716b54f1ef4d,15,'Cause I'm a Man,691346,5302269,6e09b29c-ea7d-4f57-ad43-66db3d0ad421,237826
7,Lady Gaga,650e7db6-b795-4eb5-a702-5ea2fc46c848,1,Poker Face,3403356,38597840,01fbfb3f-5deb-455e-8d3f-51f7dc291739,
7,Lady Gaga,650e7db6-b795-4eb5-a702-5ea2fc46c848,2,Bad Romance,2877096,36164647,43e6f44b-7279-48bb-ac4e-c02075f218ae,240000
7,Lady Gaga,650e7db6-b795-4eb5-a702-5ea2fc46c848,3,Paparazzi,2633629,29624446,4c5b2a8c-f046-425a-bab6-20ade1ed3a8a,
7,Lady Gaga,650e7db6-b795-4eb5-a702-5ea2fc46c848,4,Just Dance,2586170,25405033,240a5a28-6f86-4395-bca7-ad50e4a2f236,273000
7,Lady Gaga,650e7db6-b795-4eb5-a702-5ea2fc46c848,5,LoveGame,1945077,20409702,96af0d3d-443d-4d21-a682-bffdb74fb7c1,223000
7,Lady Gaga,650e7db6-b795-4eb5-a702-5ea2fc46c848,6,Alejandro,1873020,23799741,597d8cac-2176-4495-a72f-5b909ee3867b,239000
7,Lady Gaga,650e7db6-b795-4eb5-a702-5ea2fc46c848,7,Judas,1775818,30673998,1f946333-5da4-4a8d-a9a9-f9db8ed7eb48,245533
7,Lady Gaga,650e7db6-b795-4eb5-a702-5ea2fc46c848,8,Telephone,1669269,19806756,102a7713-bc57-46a4-9299-fff64acc7b31,174000
7,Lady Gaga,650e7db6-b795-4eb5-a702-5ea2fc46c848,9,Die with a Smile,1604657,27899928,d1cda359-8133-4225-ac66-04ab3e10e522,
7,Lady Gaga,650e7db6-b795-4eb5-a702-5ea2fc46c848,10,Born This Way,1497794,21662487,bd60b700-7a28-4354-8c83-4deb26547a9d,109000
7,Lady Gaga,650e7db6-b795-4eb5-a702-5ea2fc46c848,11,Applause,1460445,19436336,2c2a5f3c-b8cd-4d14-bd3c-ccfa637e4c1f,207000
7,Lady Gaga,650e7db6-b795-4eb5-a702-5ea2fc46c848,12,Monster,1110409,14536197,8b69be44-65d6-4468-a452-6f47cbbb2c69,256000
7,Lady Gaga,650e7db6-b795-4eb5-a702-5ea2fc46c848,13,Bloody Mary,1082066,14836644,97628249-9cdc-461a-8db8-6c023df6ab1b,
7,Lady Gaga,650e7db6-b795-4eb5-a702-5ea2fc46c848,14,Abracadabra,1010890,22136534,91a060d5-fedf-433e-bd20-ce940070bd3a,223000
7,Lady Gaga,650e7db6-b795-4eb5-a702-5ea2fc46c848,15,The Edge of Glory,913081,10640948,eb492db1-6881-430b-8e04-d5beaf3b050b,263000
8,Sabrina Carpenter,1882fe91-cdd9-49c9-9956-8e06a3810bd4,1,Espresso,1990869,50440380,c733559e-0294-40ca-b6a8-b4b022fdef9e,194000
8,Sabrina Carpenter,1882fe91-cdd9-49c9-9956-8e06a3810bd4,2,Please Please Please,1582960,32846075,726b5875-2297-44c8-bf1f-f76de3043b4c,45589
8,Sabrina Carpenter,1882fe91-cdd9-49c9-9956-8e06a3810bd4,3,Taste,1399528,27647169,6226ac34-34cf-4dcd-9a47-9fb8eb891ae3,
8,Sabrina Carpenter,1882fe91-cdd9-49c9-9956-8e06a3810bd4,4,Nonsense,1350030,26779106,0910e2e4-d0da-479b-b5f0-7cf45d2f0674,171000
8,Sabrina Carpenter,1882fe91-cdd9-49c9-9956-8e06a3810bd4,5,Feather,1289073,25703944,28584338-3db9-489c-b67d-5d2ba7de4c04,186000
8,Sabrina Carpenter,1882fe91-cdd9-49c9-9956-8e06a3810bd4,6,Bed Chem,1143075,22756705,f924d22d-61da-4412-ae5d-f8c1eb126b63,171000
8,Sabrina Carpenter,1882fe91-cdd9-49c9-9956-8e06a3810bd4,7,Juno,1016038,21757047,480cbd51-f290-4935-b447-f6c402ece991,223000
8,Sabrina Carpenter,1882fe91-cdd9-49c9-9956-8e06a3810bd4,8,Manchild,957243,15254510,44a89ba2-3f6f-46e1-bc7e-8c4676203b69,214000
8,Sabrina Carpenter,1882fe91-cdd9-49c9-9956-8e06a3810bd4,9,Good Graces,885515,16117454,ab0d81a8-8195-40a0-b03e-7d29cd6b208c,185000
8,Sabrina Carpenter,1882fe91-cdd9-49c9-9956-8e06a3810bd4,10,because i liked a boy,849991,13683002,9c6f03c3-f9b9-4103-a6c2-8bf137bf4960,196458
8,Sabrina Carpenter,1882fe91-cdd9-49c9-9956-8e06a3810bd4,11,Tears,752370,8097657,5e42c3fe-1089-4548-910b-cdbc6671f3c0,160000
8,Sabrina Carpenter,1882fe91-cdd9-49c9-9956-8e06a3810bd4,12,Busy Woman,747808,12279101,d58be255-6fd9-46b5-8eba-528546c8b1b4,187000
8,Sabrina Carpenter,1882fe91-cdd9-49c9-9956-8e06a3810bd4,13,Coincidence,681797,9904662,bb106da5-ef6e-4d27-b6cc-4a81bbb9155f,164000
8,Sabrina Carpenter,1882fe91-cdd9-49c9-9956-8e06a3810bd4,14,Sharpest Tool,668866,9942958,69aa0c8d-73cf-4bfe-afff-e42c2fd4e93b,219000
8,Sabrina Carpenter,1882fe91-cdd9-49c9-9956-8e06a3810bd4,15,Don’t Smile,661847,11675776,9c76a04a-d3a4-4df4-b794-db48f020b229,206000
9,Ariana Grande,f4fdbb4c-e4b7-47a0-b83b-d91bbfcfa387,1,7 rings,1562552,26578268,fc8a804f-7c62-4e99-b614-1f7eb75a9482,225000
9,Ariana Grande,f4fdbb4c-e4b7-47a0-b83b-d91bbfcfa387,2,Into You,1492450,22962437,688e0e1c-8bd2-47f9-be0f-f36d29ecedf3,238000
9,Ariana Grande,f4fdbb4c-e4b7-47a0-b83b-d91bbfcfa387,3,One Last Time,1386289,16487574,9f24c0f7-a644-4074-8fbd-a1dba03de129,197000
9,Ariana Grande,f4fdbb4c-e4b7-47a0-b83b-d91bbfcfa387,4,"thank u, next",1381497,19988280,46d32ced-77f7-4f85-b38b-1b547dc0722b,207000
9,Ariana Grande,f4fdbb4c-e4b7-47a0-b83b-d91bbfcfa387,5,Dangerous Woman,1282503,15632326,c4c5ee2f-93db-4cc6-9b20-f89e33d844aa,212000
9,Ariana Grande,f4fdbb4c-e4b7-47a0-b83b-d91bbfcfa387,6,we can't be friends (wait for your love),1258814,30915532,6a2609d0-ca0e-47dc-ab7e-056f01c547df,227000
9,Ariana Grande,f4fdbb4c-e4b7-47a0-b83b-d91bbfcfa387,7,Love Me Harder,1245949,13492142,6e079d94-ef83-42c4-bb7f-a6db49bb7de3,84000
9,Ariana Grande,f4fdbb4c-e4b7-47a0-b83b-d91bbfcfa387,8,Santa Tell Me,1196267,8744056,3ab99413-4326-422c-99ae-53557a0b04df,204000
9,Ariana Grande,f4fdbb4c-e4b7-47a0-b83b-d91bbfcfa387,9,Side to Side,1193324,11524840,521ad022-b3fb-49c6-9fa4-70d5644c870d,226266
9,Ariana Grande,f4fdbb4c-e4b7-47a0-b83b-d91bbfcfa387,10,Break Free,1188731,10843514,37322c5d-9b0d-4a1a-8d60-a71165fb0c82,152000
9,Ariana Grande,f4fdbb4c-e4b7-47a0-b83b-d91bbfcfa387,11,Problem,1182856,9137729,47aee8db-3efd-4acf-91ff-1545dc190970,
9,Ariana Grande,f4fdbb4c-e4b7-47a0-b83b-d91bbfcfa387,12,positions,1151391,15303003,3cd81a88-fd70-4ac2-b68e-4b2b6a15709f,260000
9,Ariana Grande,f4fdbb4c-e4b7-47a0-b83b-d91bbfcfa387,13,no tears left to cry,1146323,19019148,33bf02a1-ca99-44b0-8bd6-252a1fb7e561,207000
9,Ariana Grande,f4fdbb4c-e4b7-47a0-b83b-d91bbfcfa387,14,God is a woman,1099128,17258211,821208e4-132e-4f01-9e32-c4053c59992f,201026
9,Ariana Grande,f4fdbb4c-e4b7-47a0-b83b-d91bbfcfa387,15,"yes, and?",1055478,24200181,fcd643c0-9ccb-48d8-a2f4-3cf820c8bf68,215000
10,Kanye West,0eb17834-1d29-47ef-a422-9dc68d73c5e4,1,Heard 'Em Say,87,188,838db018-12ee-4d53-828f-304769f1933d,151000
10,Kanye West,0eb17834-1d29-47ef-a422-9dc68d73c5e4,2,Gold Digger,32,91,c6fad580-504a-4a0a-9ee4-19d63848b69c,157000
10,Kanye West,0eb17834-1d29-47ef-a422-9dc68d73c5e4,3,Slow Jamz,21,38,49ff2879-25ad-4562-b8f4-83f6c132612b,297000
10,Kanye West,0eb17834-1d29-47ef-a422-9dc68d73c5e4,4,Through the Wire,17,31,05ede182-4b93-4127-ad75-f66e35afc6bc,
10,Kanye West,0eb17834-1d29-47ef-a422-9dc68d73c5e4,5,Touch the Sky,16,88,ca46aad7-b59a-4124-b4de-954d829d0955,129746
10,Kanye West,0eb17834-1d29-47ef-a422-9dc68d73c5e4,6,Jesus Walks,16,43,c793dceb-0857-406d-b467-932f889a89e1,190333
10,Kanye West,0eb17834-1d29-47ef-a422-9dc68d73c5e4,7,All Falls Down,12,53,30040ba9-feac-4ce8-bc6f-019734ff1bb7,225000
10,Kanye West,0eb17834-1d29-47ef-a422-9dc68d73c5e4,8,Bring Me Down,12,28,ee29335c-76dc-4b1b-ad11-9ea550af500b,234000
10,Kanye West,0eb17834-1d29-47ef-a422-9dc68d73c5e4,9,Family Business,10,30,f08d57e0-1fb0-46d4-b6af-6de65377a6d0,279000
10,Kanye West,0eb17834-1d29-47ef-a422-9dc68d73c5e4,10,We Don't Care,10,22,f86e9809-9e3f-4fd7-90aa-9d4a9c57e6db,239880
10,Kanye West,0eb17834-1d29-47ef-a422-9dc68d73c5e4,11,Heard Em Say,1,1,838db018-12ee-4d53-828f-304769f1933d,151000
10,Kanye West,0eb17834-1d29-47ef-a422-9dc68d73c5e4,12,Kanye West and John Legend - All Falls Down,1,1,,
11,Drake,9fff2f8a-21e6-47de-a2b8-7f449929d43f,1,One Dance,1745964,19670587,af522884-a7a1-4336-990c-583b1b9e1ebf,174000
11,Drake,9fff2f8a-21e6-47de-a2b8-7f449929d43f,2,Best I Ever Had,1730331,11503007,7d1aca00-bce1-4eda-b1a9-032079b1aad4,257690
11,Drake,9fff2f8a-21e6-47de-a2b8-7f449929d43f,3,Passionfruit,1457136,24895441,8eccc484-bba1-4ca0-8600-41c8be9976a9,298941
11,Drake,9fff2f8a-21e6-47de-a2b8-7f449929d43f,4,God's Plan,1345858,13458447,841bb140-860a-44d6-b212-84ffeb7d8fdc,198973
11,Drake,9fff2f8a-21e6-47de-a2b8-7f449929d43f,5,Hotline Bling,1283363,11131204,8751d504-d313-4ef5-9f93-28932be6373e,271000
11,Drake,9fff2f8a-21e6-47de-a2b8-7f449929d43f,6,Forever,1205844,6196603,2c6a5f2c-164e-455a-aa53-06df7e0ba1d9,160826
11,Drake,9fff2f8a-21e6-47de-a2b8-7f449929d43f,7,"Hold On, We're Going Home",1172760,13629189,6a343073-4eb1-4c7a-a10c-d550a9cf0f3e,220000
11,Drake,9fff2f8a-21e6-47de-a2b8-7f449929d43f,8,Headlines,1004797,13096476,8bc77795-d811-4854-9a97-a3415094039b,236000
11,Drake,9fff2f8a-21e6-47de-a2b8-7f449929d43f,9,Jimmy Cooks (feat. 21 Savage),969310,16407222,,
11,Drake,9fff2f8a-21e6-47de-a2b8-7f449929d43f,10,Over,960889,6163950,432febad-339e-4661-983a-f9b3ba87cd4f,225000
11,Drake,9fff2f8a-21e6-47de-a2b8-7f449929d43f,11,Rich Flex,902244,11449095,239bf00c-2a75-49e1-9efa-8a2f4e7e2002,
11,Drake,9fff2f8a-21e6-47de-a2b8-7f449929d43f,12,Take Care,900772,7397302,81c0211a-195b-4812-8f44-6ad7b6ce014b,268640
11,Drake,9fff2f8a-21e6-47de-a2b8-7f449929d43f,13,Nice for What,888204,11170201,f9782a27-8a01-4b83-bcc3-5236701465ab,210747
11,Drake,9fff2f8a-21e6-47de-a2b8-7f449929d43f,14,Fair Trade (with Travis Scott),823523,12617759,,
11,Drake,9fff2f8a-21e6-47de-a2b8-7f449929d43f,15,Teenage Fever,809685,11505597,b0846646-a763-4d03-a460-4a6b319f034d,219692
12,Charli xcx,260b6184-8828-48eb-945c-bc4cb6fc34ca,1,360,1498597,30729800,fb19f984-a708-4321-a7c5-ece459deb44f,118000
12,Charli xcx,260b6184-8828-48eb-945c-bc4cb6fc34ca,2,Guess featuring billie eilish,1447021,26372100,,
12,Charli xcx,260b6184-8828-48eb-945c-bc4cb6fc34ca,3,Apple,1338642,21527162,5ea77309-61d9-497f-aa79-43455a285279,105000
12,Charli xcx,260b6184-8828-48eb-945c-bc4cb6fc34ca,4,Von dutch,1300329,27506725,b79eaf2b-4f3d-43d4-9e61-26938d19726a,85000
12,Charli xcx,260b6184-8828-48eb-945c-bc4cb6fc34ca,5,365,1195158,20228333,3d153ce9-a996-48de-b1e7-89571fcf889a,212000
12,Charli xcx,260b6184-8828-48eb-945c-bc4cb6fc34ca,6,Boom Clap,1111478,8320994,6c5510cf-b472-4af0-a2ec-930648474c97,217268
12,Charli xcx,260b6184-8828-48eb-945c-bc4cb6fc34ca,7,party 4 u,1039286,16466844,b5c28377-d62f-4225-9818-87d254812eec,145008
12,Charli xcx,260b6184-8828-48eb-945c-bc4cb6fc34ca,8,Club classics,1031239,16247925,0adf9718-4cd3-4b93-9ad2-645fb84b798e,154000
12,Charli xcx,260b6184-8828-48eb-945c-bc4cb6fc34ca,9,Sympathy is a knife,982887,16281073,41b8bd05-77aa-4088-977e-56a31644e44a,151000
12,Charli xcx,260b6184-8828-48eb-945c-bc4cb6fc34ca,10,B2b,982529,16419129,316274e2-6043-41c3-97dd-0f570822b319,178000
12,Charli xcx,260b6184-8828-48eb-945c-bc4cb6fc34ca,11,"Girl, so confusing featuring lorde",923465,13376463,,
12,Charli xcx,260b6184-8828-48eb-945c-bc4cb6fc34ca,12,Talk talk,903520,12086832,8f3aef30-cdb9-4405-8e0a-f22f1b0d6a3d,185000
12,Charli xcx,260b6184-8828-48eb-945c-bc4cb6fc34ca,13,Everything is romantic,864755,11918715,1a71f575-7876-4339-a086-8607938de13a,203000
12,Charli xcx,260b6184-8828-48eb-945c-bc4cb6fc34ca,14,"Girl, so confusing",842523,8243260,01a70574-fcf4-4292-a29b-bd5dc6892cfa,175000
12,Charli xcx,260b6184-8828-48eb-945c-bc4cb6fc34ca,15,I might say something stupid,791083,6980933,49344dd3-315e-4422-bcf8-1d04d7aeb4fa,109000
13,Rihanna,73e5e69d-3554-40d8-8516-00cb38737a1c,1,Don't Stop the Music,2311151,17057119,b2d1ed17-37d1-4eed-901d-cb52e3e1507d,240000
13,Rihanna,73e5e69d-3554-40d8-8516-00cb38737a1c,2,Only Girl (In the World),2149069,22199294,1cd8f8bc-263b-42ff-b757-7aa0398dc061,237520
13,Rihanna,73e5e69d-3554-40d8-8516-00cb38737a1c,3,Umbrella,2147298,15702637,b6b9f687-e0ed-483a-93b8-e8c3cb22299b,226000
13,Rihanna,73e5e69d-3554-40d8-8516-00cb38737a1c,4,S&M,2032584,20164030,8e1ff385-157d-4776-81b4-bae4405857f0,246000
13,Rihanna,73e5e69d-3554-40d8-8516-00cb38737a1c,5,Disturbia,1949601,16718931,5c6f94ff-408b-4c55-afb2-b1ff6b3642f4,240000
13,Rihanna,73e5e69d-3554-40d8-8516-00cb38737a1c,6,We Found Love,1802617,14971616,46febbd8-c43b-4d5a-8165-f7b18479e7de,
13,Rihanna,73e5e69d-3554-40d8-8516-00cb38737a1c,7,Rude Boy,1659677,13298466,5b47ceb7-af37-4d92-a25c-125e341428b9,225000
13,Rihanna,73e5e69d-3554-40d8-8516-00cb38737a1c,8,Diamonds,1596926,15161253,e41fd72e-9b42-4c1a-89c1-0fb18f5bceeb,223506
13,Rihanna,73e5e69d-3554-40d8-8516-00cb38737a1c,9,Shut Up and Drive,1536709,11581971,2ef20664-a3b7-4090-9fd1-01bfafc8d61a,278000
13,Rihanna,73e5e69d-3554-40d8-8516-00cb38737a1c,10,Where Have You Been,1369684,12627133,ececc62a-07e6-4e79-a7e8-6e1a89011fd7,241000
13,Rihanna,73e5e69d-3554-40d8-8516-00cb38737a1c,11,Pon de Replay,1357247,8352287,d2954b9a-c358-4faa-bf68-96b5a4af3153,135520
13,Rihanna,73e5e69d-3554-40d8-8516-00cb38737a1c,12,Love on the Brain,1353962,16384037,89ed2829-94e4-4f67-b437-42d9978f0a80,224000
13,Rihanna,73e5e69d-3554-40d8-8516-00cb38737a1c,13,Needed Me,1341741,15309399,9f5b68b5-496f-47d1-af9c-c6e0ad5dc5f4,192000
13,Rihanna,73e5e69d-3554-40d8-8516-00cb38737a1c,14,Breakin' Dishes,1257213,12916994,87570a22-702b-40c1-a22b-6d30255b54e7,202580
13,Rihanna,73e5e69d-3554-40d8-8516-00cb38737a1c,15,SOS,1238398,8592003,225a9273-0ba0-458b-b0dd-1ae6df436bfa,240000
14,Billie Eilish,f4abc0b5-3f7a-4eff-8f78-ac078dbce533,1,BIRDS OF A FEATHER,2028013,49848086,12e33ece-1c00-4de4-a96b-06886ba8d611,210000
14,Billie Eilish,f4abc0b5-3f7a-4eff-8f78-ac078dbce533,2,bad guy,1580204,19329433,694da04d-1ffc-435c-8b4b-59cc23ac8003,194000
14,Billie Eilish,f4abc0b5-3f7a-4eff-8f78-ac078dbce533,3,when the party's over,1506507,20499393,ba7a88da-f864-4ead-9a63-36f92d10de46,196080
14,Billie Eilish,f4abc0b5-3f7a-4eff-8f78-ac078dbce533,4,LUNCH,1485903,25339313,860db050-0743-4378-bbf5-8f97da27dd7e,182000
14,Billie Eilish,f4abc0b5-3f7a-4eff-8f78-ac078dbce533,5,WILDFLOWER,1437369,30729472,951e38c3-ce41-441f-b469-100acbb4d056,262000
14,Billie Eilish,f4abc0b5-3f7a-4eff-8f78-ac078dbce533,6,Happier Than Ever,1435181,26866083,24134481-599d-4e30-bffd-3080739f3d58,298899
14,Billie Eilish,f4abc0b5-3f7a-4eff-8f78-ac078dbce533,7,lovely (with Khalid),1400678,16776484,,
14,Billie Eilish,f4abc0b5-3f7a-4eff-8f78-ac078dbce533,8,CHIHIRO,1397632,28057011,a8d598cc-0ecb-4332-b1d4-6e786c601a83,304293
14,Billie Eilish,f4abc0b5-3f7a-4eff-8f78-ac078dbce533,9,ocean eyes,1394278,16505877,e131db28-dee8-4f62-9d1c-238f77b38f99,201000
14,Billie Eilish,f4abc0b5-3f7a-4eff-8f78-ac078dbce533,10,everything i wanted,1345153,19947128,dc0a9f7e-94ef-44e2-9307-7dd7d6d7b8cb,244000
14,Billie Eilish,f4abc0b5-3f7a-4eff-8f78-ac078dbce533,11,"What Was I Made For? [From the Motion Picture ""Barbie""]",1265378,18872757,,
14,Billie Eilish,f4abc0b5-3f7a-4eff-8f78-ac078dbce533,12,i love you,1149720,17080688,853e1775-727f-4b7f-b91d-09be9bb55ef8,291800
14,Billie Eilish,f4abc0b5-3f7a-4eff-8f78-ac078dbce533,13,idontwannabeyouanymore,1130841,13915190,acffab4b-194a-43b5-8370-5f64e33dc483,203569
14,Billie Eilish,f4abc0b5-3f7a-4eff-8f78-ac078dbce533,14,bellyache,1099029,12999739,43e3e5fa-0198-4b0f-aa3a-d29114b619b5,186000
14,Billie Eilish,f4abc0b5-3f7a-4eff-8f78-ac078dbce533,15,you should see me in a crown,1090723,11771326,f27d980c-15af-4f7c-8628-1bfe2483eb33,
15,Lana Del Rey,b7539c32-53e7-4908-bda3-81449c367da6,1,Summertime Sadness,2315640,32512823,9a68f6af-8776-412d-8356-2480cb34ab5f,282000
15,Lana Del Rey,b7539c32-53e7-4908-bda3-81449c367da6,2,Video Games,2082082,29206691,4234b025-9249-47cd-a071-b27d00a661c3,
15,Lana Del Rey,b7539c32-53e7-4908-bda3-81449c367da6,3,Young and Beautiful,1928587,24387135,862216f6-9ad2-4d61-8754-c28977facb4d,236053
15,Lana Del Rey,b7539c32-53e7-4908-bda3-81449c367da6,4,Born to Die,1927954,29930243,7bc922b3-4fdf-471b-8577-3d7e68df901e,
15,Lana Del Rey,b7539c32-53e7-4908-bda3-81449c367da6,5,Diet Mountain Dew,1710499,23122879,d9ebb923-eeee-40e7-b6d4-ec72be8c5817,
15,Lana Del Rey,b7539c32-53e7-4908-bda3-81449c367da6,6,West Coast,1700068,30544112,7d0e9387-3a50-4d50-9f89-ae644acc0ca7,247120
15,Lana Del Rey,b7539c32-53e7-4908-bda3-81449c367da6,7,Brooklyn Baby,1575548,25895216,3d1f19f1-9c52-4ffb-9e5d-b401231f0180,326373
15,Lana Del Rey,b7539c32-53e7-4908-bda3-81449c367da6,8,National Anthem,1540600,23832512,ab8767ad-210d-4bd5-bb69-7648843ce308,
15,Lana Del Rey,b7539c32-53e7-4908-bda3-81449c367da6,9,Radio,1534785,21155147,ace61e8e-4d1f-47b9-829b-818d563bd5cc,277000
15,Lana Del Rey,b7539c32-53e7-4908-bda3-81449c367da6,10,Doin' Time,1443096,23944583,ccbfb87d-ca92-461c-a8e3-a530e165e60b,265000
15,Lana Del Rey,b7539c32-53e7-4908-bda3-81449c367da6,11,Dark Paradise,1402087,18596018,bf7c7d50-bbac-442a-b437-c3c67b4b93cd,347000
15,Lana Del Rey,b7539c32-53e7-4908-bda3-81449c367da6,12,Cinnamon Girl,1372413,25215821,93c05b1f-0366-4bb5-9a2b-d7007526bd7f,300683
15,Lana Del Rey,b7539c32-53e7-4908-bda3-81449c367da6,13,Blue Jeans,1322376,20866531,f1bffdf5-bf30-45cc-9dc4-3eb2172488df,
15,Lana Del Rey,b7539c32-53e7-4908-bda3-81449c367da6,14,Say Yes to Heaven,1223382,15256909,7b14bd24-7287-4873-b01b-79f65b12616d,209156
15,Lana Del Rey,b7539c32-53e7-4908-bda3-81449c367da6,15,Ultraviolence,1214594,20622172,8b50c14a-635b-4ca2-be00-3a49bfee247e,
16,Doja Cat,5df62a88-cac9-490a-b62c-c7c88f4020f4,1,Kiss Me More (feat. SZA),1740569,26576283,,
16,Doja Cat,5df62a88-cac9-490a-b62c-c7c88f4020f4,2,Woman,1576448,23453124,e12939f6-bab0-4a17-bd3c-9350911a59c8,172626
16,Doja Cat,5df62a88-cac9-490a-b62c-c7c88f4020f4,3,Need to Know,1363760,21969917,80408b75-d28f-44ac-b02b-aa3474f0156f,210560
16,Doja Cat,5df62a88-cac9-490a-b62c-c7c88f4020f4,4,Streets,1360123,20252154,a1fc4545-0a2e-467b-9811-4ba120c65727,226987
16,Doja Cat,5df62a88-cac9-490a-b62c-c7c88f4020f4,5,Say So,1233361,14291850,b41b5a0b-11f9-4de9-8b61-4b2d311db72f,237893
16,Doja Cat,5df62a88-cac9-490a-b62c-c7c88f4020f4,6,Paint the Town Red,1199940,15957918,b1dcb4f1-ae89-4cbb-9868-2785ab1055ed,232493
16,Doja Cat,5df62a88-cac9-490a-b62c-c7c88f4020f4,7,You Right,1170297,15814393,4a685094-5c70-43c8-b66c-87961b1f4933,186000
16,Doja Cat,5df62a88-cac9-490a-b62c-c7c88f4020f4,8,Ain't Shit,1078094,14054294,efc2620f-6ac0-4d82-9d7c-e4329fd35f41,174000
16,Doja Cat,5df62a88-cac9-490a-b62c-c7c88f4020f4,9,Agora Hills,1032301,18585536,a4099868-aa5d-43f3-b62f-fcb63363c1e7,265360
16,Doja Cat,5df62a88-cac9-490a-b62c-c7c88f4020f4,10,Get Into It (Yuh),1003177,14021449,e825393a-b38b-4c9a-9976-8598e053dc39,163000
16,Doja Cat,5df62a88-cac9-490a-b62c-c7c88f4020f4,11,Boss Bitch,968347,11787110,840d13d2-b128-4b62-b075-023f24190c44,134000
16,Doja Cat,5df62a88-cac9-490a-b62c-c7c88f4020f4,12,So High,886204,10777221,47391908-f542-48be-8264-a39fb3a838f1,313382
16,Doja Cat,5df62a88-cac9-490a-b62c-c7c88f4020f4,13,Rules,859109,11578805,95bb28d3-8207-4996-a8cb-927bb51f8b1e,187000
16,Doja Cat,5df62a88-cac9-490a-b62c-c7c88f4020f4,14,Candy,810449,8500981,9dd57e53-1fd2-4c11-8e41-2cebbbedd3fe,190927
16,Doja Cat,5df62a88-cac9-490a-b62c-c7c88f4020f4,15,Tia Tamera (feat. Rico Nasty),751665,8309718,,
17,Arctic Monkeys,ada7a83c-e3e1-40f1-93f9-3e73dbc9298a,1,505,2788961,51944790,96df0f68-3094-4f86-9f03-aa7be895d587,275733
17,Arctic Monkeys,ada7a83c-e3e1-40f1-93f9-3e73dbc9298a,2,Do I Wanna Know?,2701263,41333983,a4f19eb5-ae5f-4fb1-8b5e-9d2e278cf240,281093
17,Arctic Monkeys,ada7a83c-e3e1-40f1-93f9-3e73dbc9298a,3,Why'd You Only Call Me When You're High?,2499614,37946631,3f18e952-fc2f-48f7-a8e7-d3cc86b73fa7,181272
17,Arctic Monkeys,ada7a83c-e3e1-40f1-93f9-3e73dbc9298a,4,I Wanna Be Yours,2404652,38316262,c30fe22d-ddf5-4b96-b232-2673fa033e44,55000
17,Arctic Monkeys,ada7a83c-e3e1-40f1-93f9-3e73dbc9298a,5,Fluorescent Adolescent,2382100,31727779,9b05db8a-2afa-40b9-984e-a1a85ae0a8a0,213000
17,Arctic Monkeys,ada7a83c-e3e1-40f1-93f9-3e73dbc9298a,6,R U Mine?,2087634,29906013,c99bc041-5d23-4a8e-a767-7c7847d24896,201116
17,Arctic Monkeys,ada7a83c-e3e1-40f1-93f9-3e73dbc9298a,7,I Bet You Look Good on the Dancefloor,2050944,22727071,31f12af1-1b20-4051-bf67-b972e39911de,168089
17,Arctic Monkeys,ada7a83c-e3e1-40f1-93f9-3e73dbc9298a,8,Mardy Bum,1859010,19684108,f9b884d8-1fd8-48b8-8689-c40fcddae617,205000
17,Arctic Monkeys,ada7a83c-e3e1-40f1-93f9-3e73dbc9298a,9,When the Sun Goes Down,1760266,19320915,e3791b84-f675-40f5-b73a-f13fbe2bee9d,192000
17,Arctic Monkeys,ada7a83c-e3e1-40f1-93f9-3e73dbc9298a,10,Snap Out of It,1534218,18630154,3a91b1aa-9cdc-4a19-b322-0b73ad75aedf,202175
17,Arctic Monkeys,ada7a83c-e3e1-40f1-93f9-3e73dbc9298a,11,Teddy Picker,1510907,16664007,6b3a7328-c9c3-45e5-9d49-149b5f3e4bb4,165000
17,Arctic Monkeys,ada7a83c-e3e1-40f1-93f9-3e73dbc9298a,12,Arabella,1495324,17495661,0ec33911-1f1e-4212-8416-94e03fa97b00,273996
17,Arctic Monkeys,ada7a83c-e3e1-40f1-93f9-3e73dbc9298a,13,No. 1 Party Anthem,1464971,20737738,71d3508a-ff24-466b-bceb-62df63e2f826,270889
17,Arctic Monkeys,ada7a83c-e3e1-40f1-93f9-3e73dbc9298a,14,Brianstorm,1432035,16167846,1a784ab4-3879-4f94-9e8f-2e43960a5a8f,190611
17,Arctic Monkeys,ada7a83c-e3e1-40f1-93f9-3e73dbc9298a,15,Fake Tales of San Francisco,1408848,12094175,4a5d422c-38cb-4173-84f3-86006d52d4b5,283000
18,PinkPantheress,7441014f-f8f5-494f-81db-ff166fbc078d,1,Pain,1726159,32433561,cdfe8a75-28c0-4029-831b-e61257519f4a,98544
18,PinkPantheress,7441014f-f8f5-494f-81db-ff166fbc078d,2,Boy's a liar Pt. 2,1478668,21108966,c40ed0c1-63e7-470e-802b-052af9e43e90,131013
18,PinkPantheress,7441014f-f8f5-494f-81db-ff166fbc078d,3,I Must Apologise,1079609,14040128,5fd04647-4a8b-436b-8ba7-ebe31046b69d,108373
18,PinkPantheress,7441014f-f8f5-494f-81db-ff166fbc078d,4,Attracted to You,960182,15715559,54100470-534b-48ec-a7a7-ea46f20abadc,67638
18,PinkPantheress,7441014f-f8f5-494f-81db-ff166fbc078d,5,Break It Off - Bonus,958668,9910515,,
18,PinkPantheress,7441014f-f8f5-494f-81db-ff166fbc078d,6,Illegal,839735,8508014,8e92bd2d-d78b-47e8-bed1-155fda8befbe,149666
18,PinkPantheress,7441014f-f8f5-494f-81db-ff166fbc078d,7,Just for Me,790942,9530642,595d6275-49b9-4897-a1a3-c199ec89fde1,116213
18,PinkPantheress,7441014f-f8f5-494f-81db-ff166fbc078d,8,Boy's a liar,711333,6241983,f023b965-beb9-44d9-95e6-71cf95d848ac,131253
18,PinkPantheress,7441014f-f8f5-494f-81db-ff166fbc078d,9,Passion,668415,7997047,16976154-03e7-47ce-b410-a7d6ad79421b,138268
18,PinkPantheress,7441014f-f8f5-494f-81db-ff166fbc078d,10,Tonight,630947,8728091,91fe0e2b-c6d9-4196-8011-8a397e93b46a,174880
18,PinkPantheress,7441014f-f8f5-494f-81db-ff166fbc078d,11,Mosquito,545845,7554793,0483ff69-b09a-4e1e-8640-14d379faa37e,146240
18,PinkPantheress,7441014f-f8f5-494f-81db-ff166fbc078d,12,Take me home,487188,4665156,17ee68c3-e5c3-427a-b5f1-5e2d617610e1,200000
18,PinkPantheress,7441014f-f8f5-494f-81db-ff166fbc078d,13,Stateside,468752,6582022,681de3ef-a617-4634-bf39-484bafe28810,168000
18,PinkPantheress,7441014f-f8f5-494f-81db-ff166fbc078d,14,All My Friends Know,450876,4527427,46676e05-a31c-44be-afa2-8400a634d5a4,118813
18,PinkPantheress,7441014f-f8f5-494f-81db-ff166fbc078d,15,Break It Off,432789,5071672,0dcb877b-9aeb-4e12-a908-daef3f4b238b,95318
19,Gorillaz,e21857d5-3256-4547-afb3-4b6ded592596,1,Feel Good Inc.,3005321,34967583,e155ab72-ddc3-497a-994b-552cf191e0dd,
19,Gorillaz,e21857d5-3256-4547-afb3-4b6ded592596,2,Clint Eastwood,2498605,21065069,8e215061-8b97-4f05-987c-3b631904ef0a,272000
19,Gorillaz,e21857d5-3256-4547-afb3-4b6ded592596,3,DARE,2138462,19233617,8952507f-c220-42a3-a099-b58d5b15f999,326000
19,Gorillaz,e21857d5-3256-4547-afb3-4b6ded592596,4,On Melancholy Hill,2108177,24849757,ce3783ac-6b7a-49ed-994c-3c101b9a75c1,263000
19,Gorillaz,e21857d5-3256-4547-afb3-4b6ded592596,5,Rhinestone Eyes,1699431,17272088,c64706c1-5b5f-44b2-bf60-96b96e221e13,202000
19,Gorillaz,e21857d5-3256-4547-afb3-4b6ded592596,6,Dirty Harry,1598586,11898983,ab9deeb8-fd25-4714-8ed0-ddab4f0dc780,
19,Gorillaz,e21857d5-3256-4547-afb3-4b6ded592596,7,Kids with Guns,1400936,9833848,fe4bbca5-c0c9-4f0b-bc52-6eb5de136b05,227000
19,Gorillaz,e21857d5-3256-4547-afb3-4b6ded592596,8,19-2000,1185752,8099530,afa222e1-3f1d-42bf-9d59-11e89e76dce2,230000
19,Gorillaz,e21857d5-3256-4547-afb3-4b6ded592596,9,She's My Collar (feat. Kali Uchis),1101522,12524473,,
19,Gorillaz,e21857d5-3256-4547-afb3-4b6ded592596,10,November Has Come,1087987,7033836,197270a4-5943-42cb-b81e-8a58359d56f6,163000
19,Gorillaz,e21857d5-3256-4547-afb3-4b6ded592596,11,O Green World,1083365,6682944,3b4242c4-48fa-4bc6-abbb-8821caf3c8cd,319000
19,Gorillaz,e21857d5-3256-4547-afb3-4b6ded592596,12,Last Living Souls,993428,5585880,e50b6311-5bf2-457f-b62b-058c6cc43c2d,205000
19,Gorillaz,e21857d5-3256-4547-afb3-4b6ded592596,13,Tomorrow Comes Today,957387,6313615,10158322-1be6-44ee-ab59-e175b969500e,200000
19,Gorillaz,e21857d5-3256-4547-afb3-4b6ded592596,14,Every Planet We Reach Is Dead,923663,5282311,2b797ce9-c15e-49d3-89ce-8c8ace291a16,344000
19,Gorillaz,e21857d5-3256-4547-afb3-4b6ded592596,15,Feel Good Inc,866017,6445588,f1bc0b9b-2c27-44fb-aafa-ae8fa338a7ab,221400
20,Frank Ocean,e520459c-dff4-491d-a6e4-c97be35e0044,1,Pink + White,2273491,54658697,2f3b06db-e7c4-4409-a807-499efe7b7d0d,
20,Frank Ocean,e520459c-dff4-491d-a6e4-c97be35e0044,2,Thinkin Bout You,2054336,33025910,98a7d71f-c16a-4bfa-9617-fbf3a1748586,199000
20,Frank Ocean,e520459c-dff4-491d-a6e4-c97be35e0044,3,Lost,1863504,29632567,28a1ff2e-a126-4858-a95f-4e73b817c1cb,283000
20,Frank Ocean,e520459c-dff4-491d-a6e4-c97be35e0044,4,Ivy,1742625,39952966,fe8b367d-78ef-4ec3-9c9a-ff3435a65d5b,249000
20,Frank Ocean,e520459c-dff4-491d-a6e4-c97be35e0044,5,White Ferrari,1548354,36011572,a1f25623-f56c-4f36-bcce-67488d04e7cc,249000
20,Frank Ocean,e520459c-dff4-491d-a6e4-c97be35e0044,6,Nights,1529650,38220312,290d0846-1190-4e53-a1ed-21769c0a848c,171000
20,Frank Ocean,e520459c-dff4-491d-a6e4-c97be35e0044,7,Pyramids,1388315,21232934,6663470e-57d7-450a-bbf5-be672640d14e,592920
20,Frank Ocean,e520459c-dff4-491d-a6e4-c97be35e0044,8,Chanel,1370200,22735170,eff2afd0-8d3a-4efb-99cb-fa88e1fae2a2,210285
20,Frank Ocean,e520459c-dff4-491d-a6e4-c97be35e0044,9,Novacane,1362775,23321520,2e689177-6d5c-4a8d-a800-4e3ec3d74d4e,301000
20,Frank Ocean,e520459c-dff4-491d-a6e4-c97be35e0044,10,Super Rich Kids,1327375,17317276,b76012a9-8b64-434d-95a4-8cb2550a83fc,304453
20,Frank Ocean,e520459c-dff4-491d-a6e4-c97be35e0044,11,Self Control,1252423,30184433,039326dc-e853-4de8-84c5-dd91c31d4256,250000
20,Frank Ocean,e520459c-dff4-491d-a6e4-c97be35e0044,12,Pink Matter,1166102,18226116,9ac93b0d-f1b3-4fa0-b8df-99266215e835,268000
20,Frank Ocean,e520459c-dff4-491d-a6e4-c97be35e0044,13,Godspeed,1135575,17141367,6f390fd7-6806-4d0c-aa34-7b748b7a099e,177968
20,Frank Ocean,e520459c-dff4-491d-a6e4-c97be35e0044,14,In My Room,1134325,19486852,8cf8241b-196e-4baa-a7c5-c7ac08970c43,133680
20,Frank Ocean,e520459c-dff4-491d-a6e4-c97be35e0044,15,Nikes,1119499,19995437,ff19c6e3-1d7c-4e64-bb1e-9a08d19f9295,370000
21,Chappell Roan,56a55378-f155-48de-80a5-d80104221267,1,"Good Luck, Babe!",1908668,53449267,c88ece2b-ee87-4325-83ef-215cd258b6d6,218000
21,Chappell Roan,56a55378-f155-48de-80a5-d80104221267,2,HOT TO GO!,1478781,30366802,2a353d78-0eb2-43d6-9a80-88343b5be5a4,211000
21,Chappell Roan,56a55378-f155-48de-80a5-d80104221267,3,Pink Pony Club,1360261,23542286,6bb6cb41-9f5e-4693-8456-cf3735316617,270000
21,Chappell Roan,56a55378-f155-48de-80a5-d80104221267,4,Red Wine Supernova,1225413,28842162,7aad5f38-942b-40cd-91e9-2aed34f00a3b,
21,Chappell Roan,56a55378-f155-48de-80a5-d80104221267,5,Casual,1187371,26344020,6f50902b-3819-48fe-b2f8-777327f8aaab,233000
21,Chappell Roan,56a55378-f155-48de-80a5-d80104221267,6,Femininomenon,1025008,18043528,2f6c9292-f6fd-41bc-8c2b-8595ed89f632,
21,Chappell Roan,56a55378-f155-48de-80a5-d80104221267,7,My Kink Is Karma,940890,17706960,77ee919e-f074-4ac1-9ef7-26f87c36ecbe,223000
21,Chappell Roan,56a55378-f155-48de-80a5-d80104221267,8,Naked in Manhattan,813952,13246464,a04ab22a-a568-42a3-a914-711e57d005c8,211000
21,Chappell Roan,56a55378-f155-48de-80a5-d80104221267,9,Super Graphic Ultra Modern Girl,804901,12558802,fea8217a-d6b5-46d8-97f8-938cc1413c37,187000
21,Chappell Roan,56a55378-f155-48de-80a5-d80104221267,10,Picture You,794021,11393391,4a265932-2ea7-462b-83f9-992763d545ba,187000
21,Chappell Roan,56a55378-f155-48de-80a5-d80104221267,11,The Subway,790523,11755702,1291f98f-157e-4cc3-b5a3-5a82e4747451,271000
21,Chappell Roan,56a55378-f155-48de-80a5-d80104221267,12,After Midnight,774184,11381199,d3784772-0271-4ff9-bd9d-37075c938822,205000
21,Chappell Roan,56a55378-f155-48de-80a5-d80104221267,13,The Giver,616171,6505743,a4d28b98-ccb8-4bdd-b960-9e3dd4fae77a,203000
21,Chappell Roan,56a55378-f155-48de-80a5-d80104221267,14,Coffee,595158,5481380,f048e2b4-8118-48a6-a43d-a30c30e40de1,206000
21,Chappell Roan,56a55378-f155-48de-80a5-d80104221267,15,Kaleidoscope,563543,5502922,6ad8c257-d0ec-4986-993a-a10ec57e2a8b,236000
22,Paramore,44cf61b8-5197-448a-b82b-cef6ee89fac5,1,Misery Business,2530960,34189985,126130e8-345f-4179-955d-b667172f7e8b,226000
22,Paramore,44cf61b8-5197-448a-b82b-cef6ee89fac5,2,Still Into You,1811133,23878048,8f4210ff-d4d7-466f-ac58-a141b2259de7,207124
22,Paramore,44cf61b8-5197-448a-b82b-cef6ee89fac5,3,The Only Exception,1752483,21352794,d771c353-1ddf-4271-96f7-d36a703a3717,267586
22,Paramore,44cf61b8-5197-448a-b82b-cef6ee89fac5,4,That's What You Get,1530743,16962884,ec749845-fabf-4187-81b7-61d19be04698,303000
22,Paramore,44cf61b8-5197-448a-b82b-cef6ee89fac5,5,All I Wanted,1527669,20064705,0ab54d82-750a-422b-88c6-81e597c4aa8d,
22,Paramore,44cf61b8-5197-448a-b82b-cef6ee89fac5,6,crushcrushcrush,1501251,17787491,cee55061-c2af-4fa2-b6f0-3cf213d3abad,185000
22,Paramore,44cf61b8-5197-448a-b82b-cef6ee89fac5,7,Decode,1445811,19254622,7647820d-304d-48ec-a161-ce4431f620ef,252000
22,Paramore,44cf61b8-5197-448a-b82b-cef6ee89fac5,8,Hard Times,1296588,16523561,be99b6bc-d611-4c8f-b8f6-5a8ec8c3d88f,198713
22,Paramore,44cf61b8-5197-448a-b82b-cef6ee89fac5,9,Ain't It Fun,1289963,13229389,e04e76f6-0158-43ff-85f7-31367dade9c2,231000
22,Paramore,44cf61b8-5197-448a-b82b-cef6ee89fac5,10,Ignorance,1256279,15967248,79122bb0-8440-427a-9de1-81629b47e51e,
22,Paramore,44cf61b8-5197-448a-b82b-cef6ee89fac5,11,Brick by Boring Brick,997297,12197281,9aee10d7-f2e5-4b0f-8b4e-afa61f5185a9,253924
22,Paramore,44cf61b8-5197-448a-b82b-cef6ee89fac5,12,Pressure,893990,8877558,a461f49b-4191-48da-9d24-8061a50deacc,194000
22,Paramore,44cf61b8-5197-448a-b82b-cef6ee89fac5,13,Emergency,774130,7706457,6ae6a5db-ce3b-496d-a8ea-044c51bdd631,235333
22,Paramore,44cf61b8-5197-448a-b82b-cef6ee89fac5,14,When It Rains,772157,7654655,58774dc3-1093-4424-8dfd-7b39fefbe702,243760
22,Paramore,44cf61b8-5197-448a-b82b-cef6ee89fac5,15,Fences,750163,7543732,c77c686f-10f1-42b4-8ea0-e889e295d409,215000
23,The Marías,7a3970c9-ecd8-4eee-a267-4d8c77d97ff3,1,No One Noticed,1310148,25677833,d13a634b-9f69-4256-9415-b7e95aac101d,236906
23,The Marías,7a3970c9-ecd8-4eee-a267-4d8c77d97ff3,2,Sienna,873188,12391725,33d69e0f-7b27-4c0c-a0d6-a6c3e81bb78c,224840
23,The Marías,7a3970c9-ecd8-4eee-a267-4d8c77d97ff3,3,Heavy,837166,12563332,c09e14e5-97ee-4c52-ae4a-a28d0084e44c,253000
23,The Marías,7a3970c9-ecd8-4eee-a267-4d8c77d97ff3,4,Only in My Dreams,721850,7337496,77724ba2-3f48-4450-adcc-424bf07fa815,170000
23,The Marías,7a3970c9-ecd8-4eee-a267-4d8c77d97ff3,5,Run Your Mouth,678124,7087769,7c6b5dff-ea89-428c-9bcf-854fb7ef3d86,160000
23,The Marías,7a3970c9-ecd8-4eee-a267-4d8c77d97ff3,6,Cariño,673632,8098748,c55840a9-cb74-440c-b5b3-ca801b166528,258713
23,The Marías,7a3970c9-ecd8-4eee-a267-4d8c77d97ff3,7,No One Noticed (Extended Spanish),652042,5650389,2c263950-246f-49aa-9e6f-6f8619df9ed2,284466
23,The Marías,7a3970c9-ecd8-4eee-a267-4d8c77d97ff3,8,Paranoia,579665,5647962,287b0ee0-16fb-4a43-828e-79e134cfb0ba,231787
23,The Marías,7a3970c9-ecd8-4eee-a267-4d8c77d97ff3,9,Over the Moon,574192,6298681,7dc478bd-c285-4933-afa9-0d9cd7a4f64a,182000
23,The Marías,7a3970c9-ecd8-4eee-a267-4d8c77d97ff3,10,LeJos De Ti,563654,5065644,468e22ef-8499-4f89-baf5-4b913a39b144,179520
23,The Marías,7a3970c9-ecd8-4eee-a267-4d8c77d97ff3,11,Nobody New,552855,5369558,11bb6328-85a5-425c-8db3-bffe469ae057,215200
23,The Marías,7a3970c9-ecd8-4eee-a267-4d8c77d97ff3,12,Back To Me,544939,5924820,f7df1da3-38e4-4819-83d5-36720beecb0f,214800
23,The Marías,7a3970c9-ecd8-4eee-a267-4d8c77d97ff3,13,I Don't Know You,525161,4844927,15fc2507-75b0-4c83-a0d6-a44195af482e,209450
23,The Marías,7a3970c9-ecd8-4eee-a267-4d8c77d97ff3,14,Real Life,509233,4054546,557f8e04-19a0-4e10-9ad9-e0ba4a89ea75,206973
23,The Marías,7a3970c9-ecd8-4eee-a267-4d8c77d97ff3,15,No One Noticed (Extended English),461010,3727457,7681d373-b368-4eb4-acad-2d24ca371d55,284466
24,Travis Scott,e4a51f17-a57b-47b1-b37b-f552d0f8e9e6,1,goosebumps,1593363,21805441,7b8f5668-4da1-435e-a92e-b1cafc35f726,359210
24,Travis Scott,e4a51f17-a57b-47b1-b37b-f552d0f8e9e6,2,SICKO MODE,1418572,18914583,73784600-a665-4a6c-9687-187dbefc556d,312820
24,Travis Scott,e4a51f17-a57b-47b1-b37b-f552d0f8e9e6,3,FE!N (feat. Playboi Carti),1326986,24508758,,
24,Travis Scott,e4a51f17-a57b-47b1-b37b-f552d0f8e9e6,4,HIGHEST IN THE ROOM,1320551,18305442,1ac7b5b2-ede9-43a7-a01d-3d71b32a768d,175720
24,Travis Scott,e4a51f17-a57b-47b1-b37b-f552d0f8e9e6,5,BUTTERFLY EFFECT,1223415,17061231,d467d9f6-f59d-463b-b3ce-37143ca1d291,
24,Travis Scott,e4a51f17-a57b-47b1-b37b-f552d0f8e9e6,6,90210 (feat. Kacy Hill),1061464,23227842,,
24,Travis Scott,e4a51f17-a57b-47b1-b37b-f552d0f8e9e6,7,I KNOW ?,965803,18677409,7b5f4f0d-fbde-481b-b211-c662a835e455,212000
24,Travis Scott,e4a51f17-a57b-47b1-b37b-f552d0f8e9e6,8,SKELETONS,946169,19275988,7a394f0d-caeb-4e1c-b96e-b7e9f566bd5c,145588
24,Travis Scott,e4a51f17-a57b-47b1-b37b-f552d0f8e9e6,9,CAN'T SAY,939865,16173180,c8b6303b-3a39-454c-be96-c29ebd67f471,197000
24,Travis Scott,e4a51f17-a57b-47b1-b37b-f552d0f8e9e6,10,sdp interlude,868810,12996684,f2c1ef66-a862-4570-87c5-c9110beb51bb,191640
24,Travis Scott,e4a51f17-a57b-47b1-b37b-f552d0f8e9e6,11,MY EYES,849042,18855031,10615e42-e1ca-4d54-91ff-e81a50cd6e8d,251000
24,Travis Scott,e4a51f17-a57b-47b1-b37b-f552d0f8e9e6,12,ASTROTHUNDER,838053,16270919,694f7088-87df-4219-84e1-e23b5177f802,142969
24,Travis Scott,e4a51f17-a57b-47b1-b37b-f552d0f8e9e6,13,5% TINT,825933,10164392,864b5a39-2ba5-4aad-adfb-c2138affd940,196138
24,Travis Scott,e4a51f17-a57b-47b1-b37b-f552d0f8e9e6,14,STARGAZING,790652,12662195,d96bd8fa-d0e7-4c5e-9a70-753778e583fe,315000
24,Travis Scott,e4a51f17-a57b-47b1-b37b-f552d0f8e9e6,15,YOSEMITE,767339,10632551,87e0d372-3066-4781-9f1a-9bb08727c2db,272000
25,Deftones,7527f6c2-d762-4b88-b5e2-9244f1e34c46,1,Change (In the House of Flies),1725677,24349088,a55ca4d1-9b66-41fb-a227-c9685cf84419,355986
25,Deftones,7527f6c2-d762-4b88-b5e2-9244f1e34c46,2,My Own Summer (Shove It),1671464,23786510,5a963b21-ba6e-4eda-a563-fb9d56cb8065,255000
25,Deftones,7527f6c2-d762-4b88-b5e2-9244f1e34c46,3,Be Quiet and Drive (Far Away),1473158,24621735,5ade0609-f183-4807-99cf-76ece313d033,266813
25,Deftones,7527f6c2-d762-4b88-b5e2-9244f1e34c46,4,Sextape,1379805,24252408,5a97b963-3f1a-4da0-8b08-add3cb57fdca,241533
25,Deftones,7527f6c2-d762-4b88-b5e2-9244f1e34c46,5,Cherry Waves,1201002,19443665,c556d467-b6ee-4c83-b714-7c9b08629c8b,294000
25,Deftones,7527f6c2-d762-4b88-b5e2-9244f1e34c46,6,Digital Bath,1153054,12657481,5f445bde-a1f0-4573-b887-9a23752a0901,252000
25,Deftones,7527f6c2-d762-4b88-b5e2-9244f1e34c46,7,Mascara,1132468,14034959,ce2beba5-4312-4d62-8fe0-4a2707032abe,287000
25,Deftones,7527f6c2-d762-4b88-b5e2-9244f1e34c46,8,Around the Fur,921199,9157395,84fdf853-e609-4cbc-b9f7-2f3d26c19580,224066
25,Deftones,7527f6c2-d762-4b88-b5e2-9244f1e34c46,9,Rosemary,875661,11971961,177fc88e-c9e7-4da6-b8fb-5eddbdcc0270,
25,Deftones,7527f6c2-d762-4b88-b5e2-9244f1e34c46,10,Passenger,874079,8050574,140f723f-f4dc-4a91-8b93-18059a056b3a,338000
25,Deftones,7527f6c2-d762-4b88-b5e2-9244f1e34c46,11,Please Please Please Let Me Get What I Want - 2005 Remaster,858314,14053593,,
25,Deftones,7527f6c2-d762-4b88-b5e2-9244f1e34c46,12,Diamond Eyes,811559,9390772,bfd15ee2-52d6-40cc-9b6d-aee82053b84d,189000
25,Deftones,7527f6c2-d762-4b88-b5e2-9244f1e34c46,13,Entombed,751629,9621226,cdf4e60d-aefa-4378-bf18-fcf89506900d,299000
25,Deftones,7527f6c2-d762-4b88-b5e2-9244f1e34c46,14,Hole in the Earth,751454,8594573,232634a7-57e9-42bf-82f1-deb5e78107c2,300000
25,Deftones,7527f6c2-d762-4b88-b5e2-9244f1e34c46,15,7 Words,751215,7728992,1a826083-5585-445f-a708-415dc90aa050,250000
26,Joji,74922d42-c3ec-4f7d-8a24-20da6eda6ba6,1,SLOW DANCING IN THE DARK,1662330,32721652,38662c62-3b11-441f-848f-8e0ddf1cae40,217000
26,Joji,74922d42-c3ec-4f7d-8a24-20da6eda6ba6,2,Glimpse of Us,1376323,28849293,57c319d6-31ed-4668-acf1-13350ab8b67b,233000
26,Joji,74922d42-c3ec-4f7d-8a24-20da6eda6ba6,3,YEAH RIGHT,1005943,17286510,4c08f425-3c1e-4348-a896-7e85a82e6948,174358
26,Joji,74922d42-c3ec-4f7d-8a24-20da6eda6ba6,4,Worldstar Money (Interlude),988612,14867614,4a2c97e7-f149-4016-9ed9-e7f61d514b42,126000
26,Joji,74922d42-c3ec-4f7d-8a24-20da6eda6ba6,5,Sanctuary,866510,14214942,a7aa28c6-9db9-43ff-baf8-f8d5b6874379,180018
26,Joji,74922d42-c3ec-4f7d-8a24-20da6eda6ba6,6,Gimme Love,786725,11340794,e12b8bee-a22c-4a63-8703-f5c4ec51829c,214557
26,Joji,74922d42-c3ec-4f7d-8a24-20da6eda6ba6,7,Die for You,779464,13490601,90703a64-dd81-49db-95d4-e51f606a5e9c,211000
26,Joji,74922d42-c3ec-4f7d-8a24-20da6eda6ba6,8,Will He,777116,11116693,9303eed7-cda3-44af-9fb2-5d783cbee210,202000
26,Joji,74922d42-c3ec-4f7d-8a24-20da6eda6ba6,9,Run,655379,10632605,59841c17-7a55-46e6-89fb-9cd0983cfc13,173000
26,Joji,74922d42-c3ec-4f7d-8a24-20da6eda6ba6,10,CAN'T GET OVER YOU (feat. Clams Casino),603419,7653975,,
26,Joji,74922d42-c3ec-4f7d-8a24-20da6eda6ba6,11,Like You Do,538887,8803052,c1f24f05-f4ad-4713-9400-6c96fe12dda0,240294
26,Joji,74922d42-c3ec-4f7d-8a24-20da6eda6ba6,12,TEST DRIVE,513317,6469682,b8a92d54-87be-4cd0-8065-9d68a2f4e562,180000
26,Joji,74922d42-c3ec-4f7d-8a24-20da6eda6ba6,13,WANTED U,504992,6494449,6ede9909-c660-4544-9ec4-0d4394261408,251000
26,Joji,74922d42-c3ec-4f7d-8a24-20da6eda6ba6,14,Daylight,480783,6169592,fda1e4d4-4167-467f-907e-cc110b8a6b0e,163905
26,Joji,74922d42-c3ec-4f7d-8a24-20da6eda6ba6,15,Demons,459404,5153903,0cfcba80-944d-4ab2-abb1-3ce8acb58fbc,176000
27,The Smiths,40f5d9e4-2de7-4f2d-ad41-e31a9a9fea27,1,There Is a Light That Never Goes Out - 2011 Remaster,1695900,26497344,,
27,The Smiths,40f5d9e4-2de7-4f2d-ad41-e31a9a9fea27,2,This Charming Man - 2011 Remaster,1492348,22250427,,
27,The Smiths,40f5d9e4-2de7-4f2d-ad41-e31a9a9fea27,3,Heaven Knows I'm Miserable Now - 2011 Remaster,1482894,21739938,,
27,The Smiths,40f5d9e4-2de7-4f2d-ad41-e31a9a9fea27,4,"Please, Please, Please, Let Me Get What I Want - 2011 Remaster",1291599,18116156,,
27,The Smiths,40f5d9e4-2de7-4f2d-ad41-e31a9a9fea27,5,Back to the Old House - 2011 Remaster,1243226,18982895,,
27,The Smiths,40f5d9e4-2de7-4f2d-ad41-e31a9a9fea27,6,This Night Has Opened My Eyes - 2011 Remaster,1176319,17768901,,
27,The Smiths,40f5d9e4-2de7-4f2d-ad41-e31a9a9fea27,7,Bigmouth Strikes Again - 2011 Remaster,982092,11857185,,
27,The Smiths,40f5d9e4-2de7-4f2d-ad41-e31a9a9fea27,8,How Soon Is Now? - 2011 Remaster,979244,9874785,,
27,The Smiths,40f5d9e4-2de7-4f2d-ad41-e31a9a9fea27,9,There Is a Light That Never Goes Out,939222,10108734,54cb4217-da50-4e7f-b20f-11810f44f8ce,215253
27,The Smiths,40f5d9e4-2de7-4f2d-ad41-e31a9a9fea27,10,I Know It's Over - 2011 Remaster,913330,11073887,,
27,The Smiths,40f5d9e4-2de7-4f2d-ad41-e31a9a9fea27,11,This Charming Man,849813,8136347,4aa76e42-4e4a-4c59-a9f6-b4920559edaa,153146
27,The Smiths,40f5d9e4-2de7-4f2d-ad41-e31a9a9fea27,12,Pretty Girls Make Graves - 2011 Remaster,733334,7098877,,
27,The Smiths,40f5d9e4-2de7-4f2d-ad41-e31a9a9fea27,13,That Joke Isn't Funny Anymore,698696,4902831,8749c344-ce45-4668-86b0-76c8f1790f50,240146
27,The Smiths,40f5d9e4-2de7-4f2d-ad41-e31a9a9fea27,14,Bigmouth Strikes Again,670813,6094535,910e5e6c-1be7-450f-bb52-7ceacfa6f2be,247928
27,The Smiths,40f5d9e4-2de7-4f2d-ad41-e31a9a9fea27,15,Well I Wonder - 2011 Remaster,651967,5473844,,
28,Justin Bieber,e0140a67-e4d1-4f13-8a01-364355bee46e,1,Beauty and a Beat,1380239,12439905,05e45817-39d5-4c23-a6e9-762836d01fe8,144000
28,Justin Bieber,e0140a67-e4d1-4f13-8a01-364355bee46e,2,Sorry,1349968,11616163,336810fb-be64-487c-a9f7-41db19fc0615,186266
28,Justin Bieber,e0140a67-e4d1-4f13-8a01-364355bee46e,3,Baby,1242422,7868613,0cf9f0b9-083d-42e6-9d7a-33c8b05468e3,216000
28,Justin Bieber,e0140a67-e4d1-4f13-8a01-364355bee46e,4,What Do You Mean?,1136463,9675555,08a74c67-1002-46ed-bfa0-1f4a03f122a9,298000
28,Justin Bieber,e0140a67-e4d1-4f13-8a01-364355bee46e,5,Love Yourself,1136010,9736058,f2083448-3398-4964-b382-262a1c1c0e8b,221000
28,Justin Bieber,e0140a67-e4d1-4f13-8a01-364355bee46e,6,Boyfriend,1001875,7368788,868af248-773a-4bc0-b79b-45c1d42c7d8f,171306
28,Justin Bieber,e0140a67-e4d1-4f13-8a01-364355bee46e,7,Mistletoe,877428,4685931,bc1a0481-66d9-4f0e-aea6-ed2c7e4b8c6b,182000
28,Justin Bieber,e0140a67-e4d1-4f13-8a01-364355bee46e,8,Confident,864014,9370263,af34e61f-f15c-44e0-90ba-e54165093c1a,
28,Justin Bieber,e0140a67-e4d1-4f13-8a01-364355bee46e,9,Peaches (feat. Daniel Caesar & Giveon),780545,7070704,,
28,Justin Bieber,e0140a67-e4d1-4f13-8a01-364355bee46e,10,Ghost,761058,9719016,7814664e-6d1a-44d8-b07a-ea9bf34184f2,157000
28,Justin Bieber,e0140a67-e4d1-4f13-8a01-364355bee46e,11,One Time,696115,5326969,9a274ba0-d6cd-48b9-91aa-d545210a716f,215960
28,Justin Bieber,e0140a67-e4d1-4f13-8a01-364355bee46e,12,Company,664213,5979600,d6695be4-1b21-4972-bb82-8f6b257d4bb7,202000
28,Justin Bieber,e0140a67-e4d1-4f13-8a01-364355bee46e,13,Somebody to Love,617625,4358526,1ba4f411-f3c4-46c9-ac88-830d2aab3e34,221000
28,Justin Bieber,e0140a67-e4d1-4f13-8a01-364355bee46e,14,As Long as You Love Me,590085,3774849,61faa8dc-4ed0-4750-9803-3f0aec05a4b7,353000
28,Justin Bieber,e0140a67-e4d1-4f13-8a01-364355bee46e,15,DAISIES,519288,3991450,6be45a90-ae92-42ac-bc56-925e4454ba60,176453
29,Fleetwood Mac,bd13909f-1c29-4c27-a874-d4aaf27c5b1a,1,Dreams - 2004 Remaster,1764697,23985269,,
29,Fleetwood Mac,bd13909f-1c29-4c27-a874-d4aaf27c5b1a,2,The Chain - 2004 Remaster,1550158,18846339,,
29,Fleetwood Mac,bd13909f-1c29-4c27-a874-d4aaf27c5b1a,3,Landslide,1357770,12688362,4a63089b-c7ef-4923-b865-343426be2ca1,218326
29,Fleetwood Mac,bd13909f-1c29-4c27-a874-d4aaf27c5b1a,4,Rhiannon,1258925,10429018,067f31d2-148b-4c36-8024-fd74aa6cac5c,462080
29,Fleetwood Mac,bd13909f-1c29-4c27-a874-d4aaf27c5b1a,5,Everywhere - 2017 Remaster,1012847,9153145,,
29,Fleetwood Mac,bd13909f-1c29-4c27-a874-d4aaf27c5b1a,6,Go Your Own Way - 2004 Remaster,991346,8423046,,
29,Fleetwood Mac,bd13909f-1c29-4c27-a874-d4aaf27c5b1a,7,Go Your Own Way,949572,6305466,87997d61-019b-4ef9-bf4f-b00733eeecf2,363800
29,Fleetwood Mac,bd13909f-1c29-4c27-a874-d4aaf27c5b1a,8,Dreams,939112,6734908,59478fd7-a0b1-4219-88a5-b968d7b2df45,255600
29,Fleetwood Mac,bd13909f-1c29-4c27-a874-d4aaf27c5b1a,9,Gypsy,890922,6638430,327400e1-bb60-462d-810a-cf0fd5c75d10,263000
29,Fleetwood Mac,bd13909f-1c29-4c27-a874-d4aaf27c5b1a,10,Everywhere,761012,4850133,1f2b3526-955e-41b8-b33d-f0990b366aaf,195000
29,Fleetwood Mac,bd13909f-1c29-4c27-a874-d4aaf27c5b1a,11,Silver Springs - 2004 Remaster,744907,9028853,,
29,Fleetwood Mac,bd13909f-1c29-4c27-a874-d4aaf27c5b1a,12,Little Lies - 2017 Remaster,656465,4983128,,
29,Fleetwood Mac,bd13909f-1c29-4c27-a874-d4aaf27c5b1a,13,Never Going Back Again - 2004 Remaster,653991,4766447,,
29,Fleetwood Mac,bd13909f-1c29-4c27-a874-d4aaf27c5b1a,14,Don't Stop - 2004 Remaster,635437,3657763,,
29,Fleetwood Mac,bd13909f-1c29-4c27-a874-d4aaf27c5b1a,15,Little Lies,625612,4001080,0487991f-c2ca-4ea0-8e33-a43a36bd072f,218000
30,SZA,272989c8-5535-492d-a25c-9f58803e027f,1,Kill Bill,2052732,42242241,ab21b230-2954-4a91-a2ef-6f10054cb519,43000
30,SZA,272989c8-5535-492d-a25c-9f58803e027f,2,Snooze,1430999,23897402,6cf2ac53-82d4-4c6d-94ca-083cfd23db6d,201800
30,SZA,272989c8-5535-492d-a25c-9f58803e027f,3,Good Days,1412097,24668909,72d17fc2-f18c-4dfb-9e91-24b36375a985,201493
30,SZA,272989c8-5535-492d-a25c-9f58803e027f,4,Broken Clocks,1142499,19027529,8310eb87-08da-4fe4-8468-ac126295277a,231257
30,SZA,272989c8-5535-492d-a25c-9f58803e027f,5,Saturn,1103057,16500267,6640ed65-426d-422f-9698-7603394f7da4,115000
30,SZA,272989c8-5535-492d-a25c-9f58803e027f,6,Low,1086168,18158695,c0bd5ef6-4545-43d1-b1ae-3b6ca8ef3e49,294544
30,SZA,272989c8-5535-492d-a25c-9f58803e027f,7,Love Galore (feat. Travis Scott),1076337,16297528,,
30,SZA,272989c8-5535-492d-a25c-9f58803e027f,8,Nobody Gets Me,1044555,17389959,75825439-44c7-47d6-8e61-436b4586cea9,181000
30,SZA,272989c8-5535-492d-a25c-9f58803e027f,9,Shirt,1009781,15013388,d974be20-b524-490d-bf04-2eb1b0a11ef1,181840
30,SZA,272989c8-5535-492d-a25c-9f58803e027f,10,Open Arms (feat. Travis Scott),1006959,15048644,,
30,SZA,272989c8-5535-492d-a25c-9f58803e027f,11,The Weekend,924213,11159810,f2ac754b-2c12-4e2d-93b5-1f739a2d5e49,272186
30,SZA,272989c8-5535-492d-a25c-9f58803e027f,12,Drew Barrymore,881446,14780089,8b79e6af-fc22-403a-af0a-93a8c736b81d,231400
30,SZA,272989c8-5535-492d-a25c-9f58803e027f,13,Blind,873427,12242910,e7e53f8f-3d1b-4ef5-b637-3d8612709585,150720
30,SZA,272989c8-5535-492d-a25c-9f58803e027f,14,I Hate U,862932,11632732,3b54d6dc-dd0b-491f-a3e3-a22367c5f6f4,168066
30,SZA,272989c8-5535-492d-a25c-9f58803e027f,15,Normal Girl,845898,13479225,0b07e5a0-4711-4d9f-bd6f-fef9c3e3482c,253591
31,Playboi Carti,2baf3276-ed6a-4349-8d2e-f4601e7b2167,1,Sky,1220216,23100515,e2b872a1-608b-4fda-b048-2f9d57aeb69b,193000
31,Playboi Carti,2baf3276-ed6a-4349-8d2e-f4601e7b2167,2,Magnolia,1210663,18971493,b71c45fc-ba9c-47c8-8b66-563af1ae2306,182000
31,Playboi Carti,2baf3276-ed6a-4349-8d2e-f4601e7b2167,3,Location,1077571,23087833,96475c55-ae4b-4889-b9f6-d516c4a7c517,168783
31,Playboi Carti,2baf3276-ed6a-4349-8d2e-f4601e7b2167,4,ILoveUIHateU,911831,21236521,b6628013-adcf-4fab-a0a5-7f81f039ff2a,135000
31,Playboi Carti,2baf3276-ed6a-4349-8d2e-f4601e7b2167,5,R.I.P.,876538,19852572,f802669f-45aa-4ec6-8221-26a73739e440,192000
31,Playboi Carti,2baf3276-ed6a-4349-8d2e-f4601e7b2167,6,Vamp Anthem,860589,13905967,2c212f60-eba8-4e2a-a0a9-36b3b1338fca,124000
31,Playboi Carti,2baf3276-ed6a-4349-8d2e-f4601e7b2167,7,wokeuplikethis*,755776,12328503,82f900c6-9a4c-4fad-8fb3-f307d271a7fd,236000
31,Playboi Carti,2baf3276-ed6a-4349-8d2e-f4601e7b2167,8,New Tank,721818,14613828,1d102422-150e-49c9-90e6-8a1795f5316d,90000
31,Playboi Carti,2baf3276-ed6a-4349-8d2e-f4601e7b2167,9,Foreign,711815,11376414,146e9ab9-eaf2-474d-8693-61a708b2a948,142893
31,Playboi Carti,2baf3276-ed6a-4349-8d2e-f4601e7b2167,10,EVIL J0RDAN,651103,7819511,f7ea30de-771f-47b0-8ea1-fd4314e3276e,124000
31,Playboi Carti,2baf3276-ed6a-4349-8d2e-f4601e7b2167,11,Stop Breathing,646319,12976911,1ff918b7-0a24-46e6-951f-cbb75c435655,219000
31,Playboi Carti,2baf3276-ed6a-4349-8d2e-f4601e7b2167,12,Rockstar Made,610666,10704943,4571ed3a-2434-476c-a404-fd783257bdea,193574
31,Playboi Carti,2baf3276-ed6a-4349-8d2e-f4601e7b2167,13,FlatBed Freestyle,608293,8739699,f172dc4d-906a-46b7-956f-70c1da062fe9,194000
31,Playboi Carti,2baf3276-ed6a-4349-8d2e-f4601e7b2167,14,Lean 4 Real (feat. Skepta),604935,10521616,,
31,Playboi Carti,2baf3276-ed6a-4349-8d2e-f4601e7b2167,15,Yah Mean,568469,9071004,896f4238-02f2-43aa-93af-e06b09053ad7,165642
32,Linkin Park,f59c5520-5f46-4d2c-b2c4-822eabf53419,1,In the End,3070296,36035761,2bd914ad-0d9f-4080-a2f4-ddf69174b986,236000
32,Linkin Park,f59c5520-5f46-4d2c-b2c4-822eabf53419,2,Numb,2858788,32931475,a9919c7b-745b-45dd-ad08-daf9387a40ec,211000
32,Linkin Park,f59c5520-5f46-4d2c-b2c4-822eabf53419,3,Faint,2140045,25543229,74205d10-5462-4daf-893f-8b3d8f402038,
32,Linkin Park,f59c5520-5f46-4d2c-b2c4-822eabf53419,4,One Step Closer,2079471,22413497,c92ba922-c7c1-4de3-9f98-51fb6fb32f2b,234000
32,Linkin Park,f59c5520-5f46-4d2c-b2c4-822eabf53419,5,What I've Done,1982826,21174740,553abeb0-6fdc-42d4-9430-c2f4c4834e44,236000
32,Linkin Park,f59c5520-5f46-4d2c-b2c4-822eabf53419,6,Crawling,1837806,17837217,2d36dfd3-8ca0-4908-8e3b-1cdac474d32b,
32,Linkin Park,f59c5520-5f46-4d2c-b2c4-822eabf53419,7,Somewhere I Belong,1804294,19012177,8e5d5fb0-7c78-4538-9181-88cc0b832ee0,
32,Linkin Park,f59c5520-5f46-4d2c-b2c4-822eabf53419,8,Papercut,1649932,17674536,22575d46-2ada-4659-b40f-5113c0878600,206000
32,Linkin Park,f59c5520-5f46-4d2c-b2c4-822eabf53419,9,Breaking the Habit,1614120,17217025,e5f42a09-6e57-49ee-a58f-31e9e66fec88,320000
32,Linkin Park,f59c5520-5f46-4d2c-b2c4-822eabf53419,10,Bleed It Out,1510627,15933556,5ce1e341-6bfb-46ee-9734-c1a8d63af5c5,396000
32,Linkin Park,f59c5520-5f46-4d2c-b2c4-822eabf53419,11,Lying from You,1337296,13712973,1b38646b-0415-49de-a70c-652df4ca3f37,
32,Linkin Park,f59c5520-5f46-4d2c-b2c4-822eabf53419,12,Leave Out All the Rest,1252341,12716774,c38748b8-655a-456e-8648-9f0c6504319d,
32,Linkin Park,f59c5520-5f46-4d2c-b2c4-822eabf53419,13,Given Up,1207053,13042643,a7be91b2-eee1-4520-9e5d-a7b9caa68066,186000
32,Linkin Park,f59c5520-5f46-4d2c-b2c4-822eabf53419,14,Points of Authority,1126929,10153195,00da4f67-d9d4-4e6a-907b-d7cbdf3393ff,207000
32,Linkin Park,f59c5520-5f46-4d2c-b2c4-822eabf53419,15,Runaway,1092871,9012179,a83ee2ce-ee47-4f6b-93ec-da143667720e,226000
33,Clairo,d786f59b-1836-4ddb-8393-ab753edbe984,1,Sofia,1556538,24652059,5860a83e-3655-41eb-a5af-10abf2f7bb7d,188000
33,Clairo,d786f59b-1836-4ddb-8393-ab753edbe984,2,Bags,1428232,30983849,9433df6b-037b-41f8-9edf-0e8c9ffaf390,260000
33,Clairo,d786f59b-1836-4ddb-8393-ab753edbe984,3,Pretty Girl,1214259,14397263,3a45c9d1-6884-472b-8d74-bb11ceb5193c,179848
33,Clairo,d786f59b-1836-4ddb-8393-ab753edbe984,4,Juna,1113633,18414302,4731ba75-fe94-4e61-8121-723cfb38f22b,195000
33,Clairo,d786f59b-1836-4ddb-8393-ab753edbe984,5,4EVER,1092359,15094041,3a8e5ec6-b206-4aa0-90b5-eb7088d48a96,159595
33,Clairo,d786f59b-1836-4ddb-8393-ab753edbe984,6,Flaming Hot Cheetos,1061774,13127138,7ea24326-42c3-4595-aa99-6089a46fbcfb,122244
33,Clairo,d786f59b-1836-4ddb-8393-ab753edbe984,7,Amoeba,1043252,18477274,3438bc61-52ec-4a3b-b113-210f68e8205e,228000
33,Clairo,d786f59b-1836-4ddb-8393-ab753edbe984,8,bubble gum,1013650,12908393,,
33,Clairo,d786f59b-1836-4ddb-8393-ab753edbe984,9,Sexy To Someone,899460,12429464,4b4e3304-8655-4e2e-a91c-192a0f486134,208000
33,Clairo,d786f59b-1836-4ddb-8393-ab753edbe984,10,Hello?,822843,8692069,b812e9d2-c346-4fb3-a405-aea4d76f9186,135016
33,Clairo,d786f59b-1836-4ddb-8393-ab753edbe984,11,Softly,762409,9504576,e87ea248-3a00-4974-950a-f5ec7ffc9fd7,185000
33,Clairo,d786f59b-1836-4ddb-8393-ab753edbe984,12,Slow Dance,630325,6131929,b073c842-791f-4a8b-8073-2ab3d58dc770,235000
33,Clairo,d786f59b-1836-4ddb-8393-ab753edbe984,13,Add Up My Love,614365,7341073,8de1a5f1-653c-45be-bf4c-e1fff37a5376,205000
33,Clairo,d786f59b-1836-4ddb-8393-ab753edbe984,14,Terrapin,577288,5635891,8368a6bd-67d3-4944-8800-b17dce16cd6d,258000
33,Clairo,d786f59b-1836-4ddb-8393-ab753edbe984,15,How - demo,554026,5324610,,
34,The Neighbourhood,53b06622-ec51-4924-a554-58b0affde6b5,1,Sweater Weather,2726252,44841989,b1997ba7-162d-4c21-ae7e-0dbd5e17a89d,240400
34,The Neighbourhood,53b06622-ec51-4924-a554-58b0affde6b5,2,Daddy Issues,1720674,27682123,4be55175-5cf4-44a1-813b-66a421a5219e,260000
34,The Neighbourhood,53b06622-ec51-4924-a554-58b0affde6b5,3,Softcore,1369668,23244644,0e016d69-1afe-435a-b159-f528eea505c6,206280
34,The Neighbourhood,53b06622-ec51-4924-a554-58b0affde6b5,4,You Get Me So High,1282988,20911586,a38c819c-0887-44ea-95f0-87c6948d0aba,153267
34,The Neighbourhood,53b06622-ec51-4924-a554-58b0affde6b5,5,Afraid,1089652,11314467,95aa317f-0742-4b2c-ad84-188794abe467,251186
34,The Neighbourhood,53b06622-ec51-4924-a554-58b0affde6b5,6,Reflections,1016694,15942330,1a37d78c-7003-4bb0-8ac4-d4fd40d5704b,244093
34,The Neighbourhood,53b06622-ec51-4924-a554-58b0affde6b5,7,Pretty Boy,915397,12043854,18c2388f-1bc9-404a-bf2f-2c3c844c1d6e,234093
34,The Neighbourhood,53b06622-ec51-4924-a554-58b0affde6b5,8,The Beach,835081,9675537,25d3db0c-6483-46cd-ab75-81937ccb161d,255000
34,The Neighbourhood,53b06622-ec51-4924-a554-58b0affde6b5,9,Cry Baby,807293,10704863,cbe10829-c5ba-4062-8538-ee79751f1c83,235258
34,The Neighbourhood,53b06622-ec51-4924-a554-58b0affde6b5,10,Stargazing,754759,8533745,dbfc68ee-6888-46f6-9cbe-2ccb103a7d4f,217000
34,The Neighbourhood,53b06622-ec51-4924-a554-58b0affde6b5,11,Wires,601855,5891607,9481dc0a-e0fe-4eed-9367-285b0e762b65,193080
34,The Neighbourhood,53b06622-ec51-4924-a554-58b0affde6b5,12,Nervous,592052,6858108,28a1d37d-a6b5-4252-8b7e-f2a16af34e07,249040
34,The Neighbourhood,53b06622-ec51-4924-a554-58b0affde6b5,13,A Little Death,587286,7128576,d11d62e9-dcb5-4632-b34f-453439a56f49,209000
34,The Neighbourhood,53b06622-ec51-4924-a554-58b0affde6b5,14,Flawless,549705,5429899,7d3458d2-1a86-4a67-a8dd-1c5d33d0ec84,246493
34,The Neighbourhood,53b06622-ec51-4924-a554-58b0affde6b5,15,Devil's Advocate,523681,6067368,45547ebd-c8b6-4010-9b70-3b8cbd612042,186307
35,Coldplay,cc197bad-dc9c-440d-a5b5-d52ba2e14234,1,Yellow,3393508,36443003,f15eb81a-b021-4208-9f1c-f4db2a9f09ae,285200
35,Coldplay,cc197bad-dc9c-440d-a5b5-d52ba2e14234,2,Viva la Vida,3367526,38933796,9d53f140-d6ae-42c0-80e3-bb703038e975,324000
35,Coldplay,cc197bad-dc9c-440d-a5b5-d52ba2e14234,3,The Scientist,2914877,30409925,b582382c-6d69-4519-a6c4-39646b751b58,301400
35,Coldplay,cc197bad-dc9c-440d-a5b5-d52ba2e14234,4,Clocks,2736362,23657455,c9dedff4-4954-4dcc-8d75-ae9349e4461b,
35,Coldplay,cc197bad-dc9c-440d-a5b5-d52ba2e14234,5,Fix You,2526710,25273801,f5df50a2-ecb9-4a30-a80b-bb9d8552bac8,361000
35,Coldplay,cc197bad-dc9c-440d-a5b5-d52ba2e14234,6,Sparks,2346147,32762931,06a86ec3-636d-4f9f-9c5e-43a7448fdc41,283733
35,Coldplay,cc197bad-dc9c-440d-a5b5-d52ba2e14234,7,Paradise,1883197,18384955,78fd80bc-b000-4d01-b098-0faf6e3ea1df,369000
35,Coldplay,cc197bad-dc9c-440d-a5b5-d52ba2e14234,8,Don't Panic,1734823,15779420,5bb0d3c3-b0a3-4b9e-8657-ad6018a4de97,
35,Coldplay,cc197bad-dc9c-440d-a5b5-d52ba2e14234,9,Trouble,1647327,12548398,a1b972f8-0ee5-40f0-94dd-82f645071caf,261960
35,Coldplay,cc197bad-dc9c-440d-a5b5-d52ba2e14234,10,In My Place,1568145,12248094,7ded9e85-ccc6-4c59-a903-4f800a9ac657,253000
35,Coldplay,cc197bad-dc9c-440d-a5b5-d52ba2e14234,11,Speed of Sound,1522504,11605500,1d7cac97-c2ae-410d-85b2-fb38264d1341,266000
35,Coldplay,cc197bad-dc9c-440d-a5b5-d52ba2e14234,12,Violet Hill,1339897,12205032,bb94e501-78bd-4da8-8cad-9cbc5e4996fd,198506
35,Coldplay,cc197bad-dc9c-440d-a5b5-d52ba2e14234,13,A Sky Full of Stars,1332866,11721180,6144af21-27c8-471a-a43b-c18d9f2a7d08,293653
35,Coldplay,cc197bad-dc9c-440d-a5b5-d52ba2e14234,14,Shiver,1266662,9730586,6d60020f-30d7-4517-b548-4600a6748054,
35,Coldplay,cc197bad-dc9c-440d-a5b5-d52ba2e14234,15,Talk,1215913,9187489,4629174f-f9a1-409a-80a9-d3e3ea3174d4,267426
36,Lorde,8e494408-8620-4c6a-82c2-c2ca4a1e4f12,1,Royals,1977206,20441189,c67440be-a4a2-4c7b-af77-cbf7b35f592f,220233
36,Lorde,8e494408-8620-4c6a-82c2-c2ca4a1e4f12,2,Ribs,1692762,31353834,711b498d-28ab-4776-b7e7-3d90d75d640a,259000
36,Lorde,8e494408-8620-4c6a-82c2-c2ca4a1e4f12,3,Team,1624051,18979452,51a1079a-6378-4a01-bdae-2cb4f59017b5,200463
36,Lorde,8e494408-8620-4c6a-82c2-c2ca4a1e4f12,4,Tennis Court,1163154,13585376,fdcaf7a9-707d-4221-b99d-97a4122f82b2,202000
36,Lorde,8e494408-8620-4c6a-82c2-c2ca4a1e4f12,5,Green Light,1133527,19030634,89eca809-918e-488c-9426-a66817410b55,409185
36,Lorde,8e494408-8620-4c6a-82c2-c2ca4a1e4f12,6,Buzzcut Season,1118195,16120461,8b2256a2-b8f0-4c49-b4df-5836ef3ab6b6,
36,Lorde,8e494408-8620-4c6a-82c2-c2ca4a1e4f12,7,Liability,1056224,17846622,01e95279-32b8-4484-bcda-8f5eaecc14a9,171802
36,Lorde,8e494408-8620-4c6a-82c2-c2ca4a1e4f12,8,Supercut,1004964,19532460,83a713e2-7f5f-42ca-9138-0dee9709ab52,238000
36,Lorde,8e494408-8620-4c6a-82c2-c2ca4a1e4f12,9,Perfect Places,873699,15347823,4ecbb820-8b7e-49cc-8b5a-8e4833fbffbc,222014
36,Lorde,8e494408-8620-4c6a-82c2-c2ca4a1e4f12,10,400 Lux,838940,10145365,1c5a93f7-b5ce-4894-b640-48878d654452,273000
36,Lorde,8e494408-8620-4c6a-82c2-c2ca4a1e4f12,11,Glory and Gore,829529,8118638,c2f3e097-a63d-41e3-bc60-116733cc59ac,208000
36,Lorde,8e494408-8620-4c6a-82c2-c2ca4a1e4f12,12,The Love Club,758248,7000502,cb7df8ca-3fc0-4227-bf0e-65e0838b4640,201000
36,Lorde,8e494408-8620-4c6a-82c2-c2ca4a1e4f12,13,Writer in the Dark,733540,10633136,c823796f-0802-41aa-beba-c7b11aba15b5,217000
36,Lorde,8e494408-8620-4c6a-82c2-c2ca4a1e4f12,14,A World Alone,725132,7899213,f09d3918-83a8-430b-b65b-e3fd22376c45,294222
36,Lorde,8e494408-8620-4c6a-82c2-c2ca4a1e4f12,15,The Louvre,708648,11871025,e65eab1b-20b6-4a44-b4f5-b140e792f46e,
37,Mitski,fa58cf24-0e44-421d-8519-8bf461dcfaa5,1,My Love Mine All Mine,1876287,46143691,e7cf14ac-6e99-4634-a666-03e59816fc67,138000
37,Mitski,fa58cf24-0e44-421d-8519-8bf461dcfaa5,2,Washing Machine Heart,1732727,32753197,114596bb-bd4c-4851-a62d-fdf6ef35f53d,128000
37,Mitski,fa58cf24-0e44-421d-8519-8bf461dcfaa5,3,I Bet on Losing Dogs,1324239,29167778,6a670c6d-d695-4447-9bde-dabd5c9adede,170240
37,Mitski,fa58cf24-0e44-421d-8519-8bf461dcfaa5,4,Nobody,1321346,21671482,e77b161d-664d-413e-bd04-f0a8ac205735,193426
37,Mitski,fa58cf24-0e44-421d-8519-8bf461dcfaa5,5,Francis Forever,1191193,23143406,b76fdbf7-f816-45ef-b511-5ae743fc0e34,174000
37,Mitski,fa58cf24-0e44-421d-8519-8bf461dcfaa5,6,First Love/Late Spring,1114226,16870717,6e33f448-9740-47a7-ac77-150fff621d1c,227000
37,Mitski,fa58cf24-0e44-421d-8519-8bf461dcfaa5,7,Me and My Husband,1101107,17891683,aa2e409c-ab42-4cf4-b6bb-005ff1dfb2a3,137146
37,Mitski,fa58cf24-0e44-421d-8519-8bf461dcfaa5,8,A Pearl,926669,15856734,fe92cc74-a146-4548-b8ab-eb4a15df5add,156146
37,Mitski,fa58cf24-0e44-421d-8519-8bf461dcfaa5,9,Liquid Smooth,905048,15347015,5fe7b07a-74e3-4203-b62f-b835b751d028,169773
37,Mitski,fa58cf24-0e44-421d-8519-8bf461dcfaa5,10,I Want You,885547,15433979,4d5f13e5-b62f-469c-843f-55d7a1d36218,183000
37,Mitski,fa58cf24-0e44-421d-8519-8bf461dcfaa5,11,Your Best American Girl,843025,13691650,171082e8-61df-4473-881b-d18805c35e5e,212186
37,Mitski,fa58cf24-0e44-421d-8519-8bf461dcfaa5,12,Once More to See You,657439,12053841,e6810a18-ab6d-40ac-a039-009d0af6fe54,180999
37,Mitski,fa58cf24-0e44-421d-8519-8bf461dcfaa5,13,Last Words of a Shooting Star,652808,10647233,187ecf04-19d0-4d2e-aeb0-cb5d3701ff81,214000
37,Mitski,fa58cf24-0e44-421d-8519-8bf461dcfaa5,14,A Burning Hill,651947,9881578,38e404da-797c-4eb7-b209-2914b9a01da7,109626
37,Mitski,fa58cf24-0e44-421d-8519-8bf461dcfaa5,15,Strawberry Blond,638115,7489080,824aaac9-9891-4fff-9dc1-6ea90582a558,114000
38,Olivia Rodrigo,6925db17-f35e-42f3-a4eb-84ee6bf5d4b0,1,good 4 u,1692371,34205183,3317fb20-7b5e-4905-92d1-8da68f5da27e,178000
38,Olivia Rodrigo,6925db17-f35e-42f3-a4eb-84ee6bf5d4b0,2,deja vu,1507567,28255074,e08ac98b-c383-4bca-be97-85b2803995f1,
38,Olivia Rodrigo,6925db17-f35e-42f3-a4eb-84ee6bf5d4b0,3,drivers license,1500773,28774890,50aeed66-cd0a-4373-be02-5abb48cf4e55,
38,Olivia Rodrigo,6925db17-f35e-42f3-a4eb-84ee6bf5d4b0,4,vampire,1382812,31343300,e5edcad2-e354-4464-9a2b-1e5f2075f48a,220000
38,Olivia Rodrigo,6925db17-f35e-42f3-a4eb-84ee6bf5d4b0,5,traitor,1359039,23628667,dd1f71f1-22a4-4023-80e8-a26bbb20c6cb,
38,Olivia Rodrigo,6925db17-f35e-42f3-a4eb-84ee6bf5d4b0,6,"jealousy, jealousy",1314294,23374844,56d96285-d2f9-42ce-8057-2c810204d7b9,
38,Olivia Rodrigo,6925db17-f35e-42f3-a4eb-84ee6bf5d4b0,7,brutal,1245545,21624214,2080f1d7-97dc-464c-b75f-9b7e7b17a5fb,173000
38,Olivia Rodrigo,6925db17-f35e-42f3-a4eb-84ee6bf5d4b0,8,favorite crime,1207837,23998093,7c276972-b589-45b1-ad5e-205b35dbbc58,
38,Olivia Rodrigo,6925db17-f35e-42f3-a4eb-84ee6bf5d4b0,9,bad idea right?,1121200,23366927,d0bc9084-72f7-4009-86f2-8919157faa4c,190000
38,Olivia Rodrigo,6925db17-f35e-42f3-a4eb-84ee6bf5d4b0,10,happier,1096050,17420376,e7551fe5-a22c-4af0-8b8a-7f80d1dd2e14,175000
38,Olivia Rodrigo,6925db17-f35e-42f3-a4eb-84ee6bf5d4b0,11,lacy,927946,18331930,b988187a-0248-42d6-9785-5b889750c690,
38,Olivia Rodrigo,6925db17-f35e-42f3-a4eb-84ee6bf5d4b0,12,all-american bitch,921485,19740983,487cbdd9-375e-4fce-8dae-dd0434da23a6,166000
38,Olivia Rodrigo,6925db17-f35e-42f3-a4eb-84ee6bf5d4b0,13,get him back!,911424,18721095,4457da8f-5fc2-43c1-bcf4-cbe0157eac65,211000
38,Olivia Rodrigo,6925db17-f35e-42f3-a4eb-84ee6bf5d4b0,14,"1 step forward, 3 steps back",894769,13783982,2aa86ccb-c84b-4a2c-992d-31881937374e,163000
38,Olivia Rodrigo,6925db17-f35e-42f3-a4eb-84ee6bf5d4b0,15,enough for you,851891,13568575,78856ae0-7607-488d-a2c1-baa9f48ff24e,202000
39,Childish Gambino,7fb57fba-a6ef-44c2-abab-2fa3bdee607e,1,Redbone,1856326,26480275,90401b17-f5f3-4357-8d08-e7676c950b0d,388000
39,Childish Gambino,7fb57fba-a6ef-44c2-abab-2fa3bdee607e,2,3005,1400071,20386771,ee292c70-30b7-4093-b9b1-4cf19163fb3f,235000
39,Childish Gambino,7fb57fba-a6ef-44c2-abab-2fa3bdee607e,3,Me and Your Mama,1352077,20631692,0d432f1e-60d7-40bd-b52a-2b89b1332d08,379227
39,Childish Gambino,7fb57fba-a6ef-44c2-abab-2fa3bdee607e,4,Heartbeat,1313485,18306911,f721e713-fc13-4b34-b04f-1546026afd3d,270000
39,Childish Gambino,7fb57fba-a6ef-44c2-abab-2fa3bdee607e,5,LES,1266090,22027748,aab4c449-63d6-4509-a3a8-06727091d866,318000
39,Childish Gambino,7fb57fba-a6ef-44c2-abab-2fa3bdee607e,6,Bonfire,985523,9840092,59717e31-48e1-418a-bf45-2bfd14a0e13a,194747
39,Childish Gambino,7fb57fba-a6ef-44c2-abab-2fa3bdee607e,7,III. Urn,913787,9543817,c97d33aa-4add-4d67-8c19-cf5ac31c2be0,73386
39,Childish Gambino,7fb57fba-a6ef-44c2-abab-2fa3bdee607e,8,Sober,855739,8160732,868c5487-48a7-4d74-85a4-6f71f9ed4d7b,252000
39,Childish Gambino,7fb57fba-a6ef-44c2-abab-2fa3bdee607e,9,This Is America,833414,6804342,22516f3b-9148-4712-a50e-993778dd7c59,226560
39,Childish Gambino,7fb57fba-a6ef-44c2-abab-2fa3bdee607e,10,IV. Sweatpants,829531,8952718,f5c8178b-e30b-401f-ab4d-fd28464d73b8,69000
39,Childish Gambino,7fb57fba-a6ef-44c2-abab-2fa3bdee607e,11,Feels Like Summer,786285,7248377,5f128427-da80-4d5a-89eb-1255fbd5f223,228000
39,Childish Gambino,7fb57fba-a6ef-44c2-abab-2fa3bdee607e,12,"III. Telegraph Ave. (""Oakland"" by Lloyd)",586093,6887816,c697be09-6f2c-4c09-af46-7403d90a4f36,210673
39,Childish Gambino,7fb57fba-a6ef-44c2-abab-2fa3bdee607e,13,I. The Worst Guys,508115,5024985,4368f9c5-de7f-42e7-ad8c-5226b544f63b,219740
39,Childish Gambino,7fb57fba-a6ef-44c2-abab-2fa3bdee607e,14,Lithonia,464031,5111252,249422d6-1453-414d-bf05-c82e3bc61665,179000
39,Childish Gambino,7fb57fba-a6ef-44c2-abab-2fa3bdee607e,15,Terrified,405081,2544383,dfad68df-2ce4-4539-8450-9f89f1109243,365000
40,sombr,502cf908-9921-48bc-bf0e-265c881c0156,1,back to friends,1081583,16335407,eecff9a8-52a5-422f-9031-856187ec3db5,202000
40,sombr,502cf908-9921-48bc-bf0e-265c881c0156,2,undressed,888172,11050325,9a79c037-0ef6-4146-81a5-8cdd8c558b9e,182088
40,sombr,502cf908-9921-48bc-bf0e-265c881c0156,3,12 to 12,487742,4338193,aa4d95ad-3db9-45c0-a11e-6094765cc0d4,242903
40,sombr,502cf908-9921-48bc-bf0e-265c881c0156,4,would've been you,454357,3542122,774a97a1-f2e4-43c4-8a28-bba7d59c7575,183586
40,sombr,502cf908-9921-48bc-bf0e-265c881c0156,5,do i ever cross your mind,410066,2852181,a2bf97cf-c609-49c2-a894-b617bc543d7b,168856
40,sombr,502cf908-9921-48bc-bf0e-265c881c0156,6,we never dated,404628,3397545,0ef3cc50-33b9-4d65-b7bd-0186387765e5,196932
40,sombr,502cf908-9921-48bc-bf0e-265c881c0156,7,i don't know you anymore,260332,1660082,b265507f-db24-480b-89d4-409e0043e409,227000
40,sombr,502cf908-9921-48bc-bf0e-265c881c0156,8,i wish i knew how to quit you,221875,927016,388588c4-d992-4c89-9a18-818e1ccd3cc9,232000
40,sombr,502cf908-9921-48bc-bf0e-265c881c0156,9,Crushing,170069,822285,e3f4721f-4759-4157-b7d0-49d519950f74,207000
40,sombr,502cf908-9921-48bc-bf0e-265c881c0156,10,caroline,160894,1079840,8995b6c0-65a1-49f0-ac6b-ebd5ae119413,198000
40,sombr,502cf908-9921-48bc-bf0e-265c881c0156,11,makes me want you,148909,940262,46a323dd-cddb-4306-b74d-43183f29a709,160923
40,sombr,502cf908-9921-48bc-bf0e-265c881c0156,12,canal street,121916,489521,d3341a38-1b47-4a7a-9bca-773e33a0c0f3,302000
40,sombr,502cf908-9921-48bc-bf0e-265c881c0156,13,come closer,109830,517980,380737cb-5379-4356-a9d8-1c2236db3396,194000
40,sombr,502cf908-9921-48bc-bf0e-265c881c0156,14,dime,88747,410934,dd22d2db-cd2d-47b9-bdeb-de3b78a408f6,225000
40,sombr,502cf908-9921-48bc-bf0e-265c881c0156,15,never find u,88391,461531,bb037181-dc17-4d01-b753-c90d487492ce,166263
41,Tate McRae,f9133869-f87c-459c-9aa7-2f176cda7e06,1,greedy,1177990,21686805,882c925d-125e-415c-b236-c78f1b1db436,131000
41,Tate McRae,f9133869-f87c-459c-9aa7-2f176cda7e06,2,you broke me first,817060,8970560,e37c60f1-d9df-4fe1-aca8-be326fde4228,165760
41,Tate McRae,f9133869-f87c-459c-9aa7-2f176cda7e06,3,Sports car,755346,16442846,c1e8f0b7-3473-4ada-a1d5-4343df6f291a,
41,Tate McRae,f9133869-f87c-459c-9aa7-2f176cda7e06,4,exes,679931,11412742,ad96139d-6ca9-455d-aefa-5cd69f5e5546,159400
41,Tate McRae,f9133869-f87c-459c-9aa7-2f176cda7e06,5,It's ok I'm ok,609475,12348599,0a1ad628-680f-402e-af35-89e307b8e063,
41,Tate McRae,f9133869-f87c-459c-9aa7-2f176cda7e06,6,Revolving door,588542,10797888,a0306258-e12b-41ee-a060-553795f2fd4c,180033
41,Tate McRae,f9133869-f87c-459c-9aa7-2f176cda7e06,7,she's all i wanna be,521453,6703509,b197fdfe-f9c9-4b27-bb35-9e832295fcbc,230000
41,Tate McRae,f9133869-f87c-459c-9aa7-2f176cda7e06,8,Just Keep Watching (From F1® The Movie),506080,6627294,df1bd13a-0527-4bc2-b19c-29acedfaf065,142550
41,Tate McRae,f9133869-f87c-459c-9aa7-2f176cda7e06,9,run for the hills,489174,8302619,ee06ec10-b09b-4d6c-8778-59947d685530,143940
41,Tate McRae,f9133869-f87c-459c-9aa7-2f176cda7e06,10,that way,395988,3365738,0f9590fc-7d4b-41fc-abc8-88df48105429,175000
41,Tate McRae,f9133869-f87c-459c-9aa7-2f176cda7e06,11,2 hands,352662,6358985,7d76f753-f9ef-4a1f-9ef9-be80cbda40cd,182026
41,Tate McRae,f9133869-f87c-459c-9aa7-2f176cda7e06,12,Dear god,322557,5349041,d60cebc2-43b5-43be-8816-b137d7fa7c5c,171000
41,Tate McRae,f9133869-f87c-459c-9aa7-2f176cda7e06,13,Miss possessive,318894,4966546,313dd92b-62d8-47fe-a2f4-422b3da2ef46,139000
41,Tate McRae,f9133869-f87c-459c-9aa7-2f176cda7e06,14,TIT FOR TAT,309897,3100661,aadfe8a5-229d-42a6-a948-437b1baf41dd,176000
41,Tate McRae,f9133869-f87c-459c-9aa7-2f176cda7e06,15,I know love (feat. The Kid LAROI),297801,3717523,,
42,A$AP Rocky,25b7b584-d952-4662-a8b9-dd8cdfbfeb64,1,Sundress,1290958,23356887,a0429eba-d183-4471-aceb-e617b9a9739a,158205
42,A$AP Rocky,25b7b584-d952-4662-a8b9-dd8cdfbfeb64,2,Praise the Lord (Da Shine) (feat. Skepta),1192834,16660817,,
42,A$AP Rocky,25b7b584-d952-4662-a8b9-dd8cdfbfeb64,3,Fashion Killa,1007917,14552663,0d6037a5-9463-4f26-a565-c2ee81e921a8,237760
42,A$AP Rocky,25b7b584-d952-4662-a8b9-dd8cdfbfeb64,4,I Smoked Away My Brain (I'm God x Demons Mashup) (feat. Imogen Heap & Clams Casino),909505,14905908,,
42,A$AP Rocky,25b7b584-d952-4662-a8b9-dd8cdfbfeb64,5,L$D,892987,11944361,22133fa7-d918-45ba-b6c9-3e97b999fc15,234013
42,A$AP Rocky,25b7b584-d952-4662-a8b9-dd8cdfbfeb64,6,LVL,883752,12117993,65a23443-e846-4a24-9fad-09fe7ccf0c24,220133
42,A$AP Rocky,25b7b584-d952-4662-a8b9-dd8cdfbfeb64,7,"F**kin' Problems (feat. Drake, 2 Chainz & Kendrick Lamar)",852222,8456626,,
42,A$AP Rocky,25b7b584-d952-4662-a8b9-dd8cdfbfeb64,8,"Everyday (feat. Rod Stewart, Miguel & Mark Ronson)",821292,8644035,,
42,A$AP Rocky,25b7b584-d952-4662-a8b9-dd8cdfbfeb64,9,Lord Pretty Flacko Jodye 2 (LPFJ2),756004,9266981,ac78bdda-b144-4645-8fb6-846c7d6d0018,127000
42,A$AP Rocky,25b7b584-d952-4662-a8b9-dd8cdfbfeb64,10,Peso,689201,7342917,5fa97709-82dd-4343-a652-561419f10325,174466
42,A$AP Rocky,25b7b584-d952-4662-a8b9-dd8cdfbfeb64,11,Jukebox Joints (feat. Joe Fox & Kanye West),667462,9740974,,
42,A$AP Rocky,25b7b584-d952-4662-a8b9-dd8cdfbfeb64,12,Goldie,616874,5165946,11954493-5c69-44c8-8c8e-be8fe0da2afd,192066
42,A$AP Rocky,25b7b584-d952-4662-a8b9-dd8cdfbfeb64,13,Purity (feat. Frank Ocean),531667,6246477,,
42,A$AP Rocky,25b7b584-d952-4662-a8b9-dd8cdfbfeb64,14,Babushka Boi,416383,4274948,92991d59-bec7-4a07-9b8d-8c1659358463,187000
42,A$AP Rocky,25b7b584-d952-4662-a8b9-dd8cdfbfeb64,15,Fukk Sleep (feat. FKA twigs),415459,3800715,,
43,Future,48262e82-db9f-4a92-b650-dfef979b73ec,1,Mask Off,1218446,11717061,8167e1a6-edaf-4170-9025-848b3171c20c,204360
43,Future,48262e82-db9f-4a92-b650-dfef979b73ec,2,Like That,1163952,19838547,d4133a55-d72a-4ced-9a4d-d8afb4bd2058,267706
43,Future,48262e82-db9f-4a92-b650-dfef979b73ec,3,Type Shit,845248,13772251,024750ac-0643-4a6b-8b9e-e70861d5dc2b,34934
43,Future,48262e82-db9f-4a92-b650-dfef979b73ec,4,WAIT FOR U (feat. Drake & Tems),839430,12508023,,
43,Future,48262e82-db9f-4a92-b650-dfef979b73ec,5,Life Is Good (feat. Drake),795223,9220970,,
43,Future,48262e82-db9f-4a92-b650-dfef979b73ec,6,Low Life (feat. The Weeknd),729743,9505182,,
43,Future,48262e82-db9f-4a92-b650-dfef979b73ec,7,Solo,720575,11092398,34c22f77-8e18-4f36-a07a-17e5f6543ff0,265000
43,Future,48262e82-db9f-4a92-b650-dfef979b73ec,8,PUFFIN ON ZOOTIEZ,649578,10921472,e5f34c1a-1635-470b-8c25-3491fdc93645,172000
43,Future,48262e82-db9f-4a92-b650-dfef979b73ec,9,The Percocet & Stripper Joint,524253,8120113,ff106af3-59bb-4e83-ab11-1388135431d7,118000
43,Future,48262e82-db9f-4a92-b650-dfef979b73ec,10,I Serve the Base,487536,6698852,b3f99f6f-a86c-4af9-99a0-672b18f22d3d,190755
43,Future,48262e82-db9f-4a92-b650-dfef979b73ec,11,Cinderella,470267,6514107,8531e207-d132-4583-aa0b-baa76bcf708a,169840
43,Future,48262e82-db9f-4a92-b650-dfef979b73ec,12,Young Metro,418406,3990800,d56ee306-14e4-4d06-ac38-d81e9ba52458,205347
43,Future,48262e82-db9f-4a92-b650-dfef979b73ec,13,WE STILL DON'T TRUST YOU,411811,4678663,6c654ff6-c08e-4141-bb60-3ede410d8375,252920
43,Future,48262e82-db9f-4a92-b650-dfef979b73ec,14,Codeine Crazy,406203,7476876,5b7f6c1c-eb6e-4fdb-92ab-80ae2c040961,503000
43,Future,48262e82-db9f-4a92-b650-dfef979b73ec,15,We Don't Trust You,393350,3453904,dec4a4c9-8b43-4a37-b445-cde2792caa43,226000
44,Michael Jackson,f27ec8db-af05-4f36-916e-3d57f91ecf5e,1,Billie Jean,2905155,22804473,f440cdb7-5068-434c-9beb-1458e9743f0b,122693
44,Michael Jackson,f27ec8db-af05-4f36-916e-3d57f91ecf5e,2,Beat It,2338768,16496031,49c679a2-01e3-4bef-b40e-98689bf10990,387000
44,Michael Jackson,f27ec8db-af05-4f36-916e-3d57f91ecf5e,3,Thriller,2100636,12455913,9a2685b4-d501-4798-8c58-f086113edad5,249000
44,Michael Jackson,f27ec8db-af05-4f36-916e-3d57f91ecf5e,4,Rock With You - Single Version,1203006,9002495,,
44,Michael Jackson,f27ec8db-af05-4f36-916e-3d57f91ecf5e,5,P.Y.T. (Pretty Young Thing),1196109,8090536,7fff1927-3c34-413a-b3fb-0bfbaff40939,257000
44,Michael Jackson,f27ec8db-af05-4f36-916e-3d57f91ecf5e,6,Don't Stop 'Til You Get Enough,1152294,6412491,1d95d69e-6640-470e-9af1-cb01606659b1,367973
44,Michael Jackson,f27ec8db-af05-4f36-916e-3d57f91ecf5e,7,Smooth Criminal - 2012 Remaster,1087661,6965623,,
44,Michael Jackson,f27ec8db-af05-4f36-916e-3d57f91ecf5e,8,Black or White,1074415,6139177,f122df7f-f120-45ac-803f-de5b5810ebe6,23000
44,Michael Jackson,f27ec8db-af05-4f36-916e-3d57f91ecf5e,9,Remember the Time,1071737,7657194,a5c8dd89-bbcd-4bda-a250-25c70bf2d35f,124573
44,Michael Jackson,f27ec8db-af05-4f36-916e-3d57f91ecf5e,10,Human Nature,993940,6465963,38bda093-43f7-4b83-9726-f50e41446421,261000
44,Michael Jackson,f27ec8db-af05-4f36-916e-3d57f91ecf5e,11,Wanna Be Startin' Somethin',925362,5204917,a6449b65-5433-423a-8083-8eb53983bff5,325000
44,Michael Jackson,f27ec8db-af05-4f36-916e-3d57f91ecf5e,12,Man in the Mirror,867559,5495814,1cfb4341-39ac-4061-9cca-cc3be6733649,308800
44,Michael Jackson,f27ec8db-af05-4f36-916e-3d57f91ecf5e,13,They Don't Care About Us,858836,5546422,e57316e0-ebc7-4e69-a80c-10577fad67c9,288000
44,Michael Jackson,f27ec8db-af05-4f36-916e-3d57f91ecf5e,14,Bad,855839,4998784,e004cf4f-5faf-4f83-b866-5d410414d113,83000
44,Michael Jackson,f27ec8db-af05-4f36-916e-3d57f91ecf5e,15,Chicago,847191,8572345,6c9aee0a-ffa7-4ce7-a343-1946addcd8d2,245440
45,Mac DeMarco,f2492c31-54a8-4347-a1fc-f81f72873bbf,1,Chamber of Reflection,1696766,24912146,d8721fd8-6f1c-4c6e-8b0e-52e9b88169fc,231000
45,Mac DeMarco,f2492c31-54a8-4347-a1fc-f81f72873bbf,2,My Kind of Woman,1628661,25270985,d38ba98c-854a-4434-afab-ba216f482c5e,190000
45,Mac DeMarco,f2492c31-54a8-4347-a1fc-f81f72873bbf,3,For the First Time,1462862,22920349,688da0d9-0e25-48fa-9c44-028251ef2e5f,182307
45,Mac DeMarco,f2492c31-54a8-4347-a1fc-f81f72873bbf,4,Heart to Heart,1332512,20777445,31ef2e3e-7747-4930-b942-47ae9201507a,211140
45,Mac DeMarco,f2492c31-54a8-4347-a1fc-f81f72873bbf,5,Freaking Out the Neighborhood,1221790,14108315,cae6d352-32a0-4844-a6a3-bcd0fae8c4f2,169000
45,Mac DeMarco,f2492c31-54a8-4347-a1fc-f81f72873bbf,6,Moonlight on the River,967023,13148702,8a51c317-e813-4dd5-b16b-1857dcac8347,422613
45,Mac DeMarco,f2492c31-54a8-4347-a1fc-f81f72873bbf,7,Still Beating,915831,9642934,cb85b719-144e-4bf8-8bee-c5fa57ee30b1,181587
45,Mac DeMarco,f2492c31-54a8-4347-a1fc-f81f72873bbf,8,No Other Heart,846266,9900464,4afd87f2-e4cd-41e1-9d18-07caee047444,172173
45,Mac DeMarco,f2492c31-54a8-4347-a1fc-f81f72873bbf,9,Watching Him Fade Away,834956,9849784,e1908849-7f73-41b5-bbd3-da97f611dcdd,143080
45,Mac DeMarco,f2492c31-54a8-4347-a1fc-f81f72873bbf,10,Salad Days,801507,7257945,95e09a02-7c46-46e0-bda0-5ffc20fa13d7,145573
45,Mac DeMarco,f2492c31-54a8-4347-a1fc-f81f72873bbf,11,20191009 I Like Her,717339,7249635,e325d5a5-a50c-4e54-9cbd-fb6ff01b5615,137000
45,Mac DeMarco,f2492c31-54a8-4347-a1fc-f81f72873bbf,12,Another One,699947,6194068,75f3c785-2fd8-4bce-9a2a-2224739a867c,160991
45,Mac DeMarco,f2492c31-54a8-4347-a1fc-f81f72873bbf,13,One More Love Song,684069,6936276,db57ba5f-f4f1-4430-b558-4d263c55bbd1,241067
45,Mac DeMarco,f2492c31-54a8-4347-a1fc-f81f72873bbf,14,On the Level,669130,6009153,36e0d914-8043-4949-91e6-8e87a89234e4,221000
45,Mac DeMarco,f2492c31-54a8-4347-a1fc-f81f72873bbf,15,Blue Boy,600203,4810868,371a649d-dd4e-4d15-bdf3-6aeb62926d33,126000
46,Bruno Mars,afb680f2-b6eb-4cd7-a70b-a63b25c763d5,1,Locked Out of Heaven,2247880,22607019,20edb5bc-d4b7-41ab-8805-1bdbe03b0a83,217974
46,Bruno Mars,afb680f2-b6eb-4cd7-a70b-a63b25c763d5,2,Just the Way You Are,2033334,18081810,93a89b89-3a02-4501-a55b-ca1d8f6575da,48000
46,Bruno Mars,afb680f2-b6eb-4cd7-a70b-a63b25c763d5,3,Grenade,1726854,15666411,dc9bbccb-5323-430c-80f1-11b5243b3b8a,160000
46,Bruno Mars,afb680f2-b6eb-4cd7-a70b-a63b25c763d5,4,When I Was Your Man,1724957,16764929,63bc042a-058b-41f8-9618-432b32a24960,402239
46,Bruno Mars,afb680f2-b6eb-4cd7-a70b-a63b25c763d5,5,That's What I Like,1633839,15089819,de868033-cdf6-4303-9cdf-b52d9c396ef4,
46,Bruno Mars,afb680f2-b6eb-4cd7-a70b-a63b25c763d5,6,Treasure,1430722,11351306,835e527b-f37c-409b-b9f7-18977d0a0460,
46,Bruno Mars,afb680f2-b6eb-4cd7-a70b-a63b25c763d5,7,Talking to the Moon,1381916,12704854,7c2aef54-866a-4906-9143-546ad1ef93d1,217773
46,Bruno Mars,afb680f2-b6eb-4cd7-a70b-a63b25c763d5,8,The Lazy Song,1363168,8469792,d1f002d7-b80e-4e58-88aa-42d92f5285d1,199000
46,Bruno Mars,afb680f2-b6eb-4cd7-a70b-a63b25c763d5,9,24K Magic,1301302,9912139,c1974102-b843-493a-b949-a2213dc9172d,225000
46,Bruno Mars,afb680f2-b6eb-4cd7-a70b-a63b25c763d5,10,Marry You,1262278,9246902,3e020d84-374c-4248-b747-b06d2fc57056,227000
46,Bruno Mars,afb680f2-b6eb-4cd7-a70b-a63b25c763d5,11,Leave the Door Open,1205433,12177857,026ac1eb-a361-4382-8d42-69f51274a935,610220
46,Bruno Mars,afb680f2-b6eb-4cd7-a70b-a63b25c763d5,12,It Will Rain,1061382,9438479,2cca4426-0679-48be-bd29-9ec8d0173b4b,145658
46,Bruno Mars,afb680f2-b6eb-4cd7-a70b-a63b25c763d5,13,Runaway Baby,958589,8039111,a323da57-33ba-4dac-9ff9-48ef7bba6482,148000
46,Bruno Mars,afb680f2-b6eb-4cd7-a70b-a63b25c763d5,14,Smokin Out The Window,831881,9404293,,
46,Bruno Mars,afb680f2-b6eb-4cd7-a70b-a63b25c763d5,15,Count on Me,754880,4818206,3faedd5b-5e62-402f-96c9-b85851805eb2,197373
47,Beyoncé,859d0860-d480-4efd-970c-c05d5f1776b8,1,Halo,1719237,14050987,bd104a2b-d34f-4841-badd-73ce41046828,391893
47,Beyoncé,859d0860-d480-4efd-970c-c05d5f1776b8,2,Crazy in Love (feat. JAY-Z),1583931,12256093,,
47,Beyoncé,859d0860-d480-4efd-970c-c05d5f1776b8,3,Single Ladies (Put a Ring on It),1532782,10087732,c4666ee2-220a-4708-8993-cc88da120c7d,340560
47,Beyoncé,859d0860-d480-4efd-970c-c05d5f1776b8,4,Irreplaceable,1440490,9853071,aa32e3f6-d6ff-47b3-b114-63fbc714c4f2,337746
47,Beyoncé,859d0860-d480-4efd-970c-c05d5f1776b8,5,If I Were a Boy,1067400,7262840,af6f2c6b-163c-4946-b915-345ada8b9c8e,
47,Beyoncé,859d0860-d480-4efd-970c-c05d5f1776b8,6,Sweet Dreams,1041218,9042411,aa1f5538-8277-4e5e-b00c-fc51c357aa65,
47,Beyoncé,859d0860-d480-4efd-970c-c05d5f1776b8,7,Love on Top,1000240,9358531,7d4d5e4f-ed6b-4c08-8f68-5679b87de716,177000
47,Beyoncé,859d0860-d480-4efd-970c-c05d5f1776b8,8,Diva,977929,8159577,15c4072a-c3c6-4cc3-88aa-bd94c83a21c7,179893
47,Beyoncé,859d0860-d480-4efd-970c-c05d5f1776b8,9,CUFF IT,911018,15978547,67d1be6e-1549-4946-993b-a0ca0f1777bf,117000
47,Beyoncé,859d0860-d480-4efd-970c-c05d5f1776b8,10,Run the World (Girls),834706,6479197,2dc6749b-75c3-444f-9c2c-1dcde02d9cb7,
47,Beyoncé,859d0860-d480-4efd-970c-c05d5f1776b8,11,Naughty Girl,776069,5251176,897b5b01-8953-4188-ab8d-7f67ea78bee6,95000
47,Beyoncé,859d0860-d480-4efd-970c-c05d5f1776b8,12,Partition,765501,8782103,5dc9902f-e7dd-4d2a-af6a-41329345e64d,195000
47,Beyoncé,859d0860-d480-4efd-970c-c05d5f1776b8,13,7/11,735060,6390430,f9e47e74-b21b-4adb-b47d-732006ade023,213507
47,Beyoncé,859d0860-d480-4efd-970c-c05d5f1776b8,14,BREAK MY SOUL,717736,12779766,9b08607e-b244-44bb-aede-fcb5be5b6a4a,363000
47,Beyoncé,859d0860-d480-4efd-970c-c05d5f1776b8,15,Formation,717709,9713164,4c1f93a2-dd28-426f-83fb-7b40e16f7de1,211000
48,TV Girl,38f0c7ac-46eb-49ca-b3ab-c785ccd05a60,1,Lovers Rock,1966898,44604917,697eea7f-0067-496c-bc50-2921538e2cc4,213000
48,TV Girl,38f0c7ac-46eb-49ca-b3ab-c785ccd05a60,2,Not Allowed,1536777,34438817,75d28825-110a-46b7-b08b-8001f7aacfd8,167864
48,TV Girl,38f0c7ac-46eb-49ca-b3ab-c785ccd05a60,3,Cigarettes out the Window,1492604,27517705,b589b70d-e156-4276-9c15-55b9398d4a0f,198960
48,TV Girl,38f0c7ac-46eb-49ca-b3ab-c785ccd05a60,4,Blue Hair,1259999,18856903,77a807b4-5512-4250-9f42-cb57412124ad,217000
48,TV Girl,38f0c7ac-46eb-49ca-b3ab-c785ccd05a60,5,The Blonde,1051740,13755733,530103a2-b515-44d1-b6f2-22ce54549af5,227000
48,TV Girl,38f0c7ac-46eb-49ca-b3ab-c785ccd05a60,6,It Almost Worked,833066,11413950,cb292186-aab7-46b6-99ee-2dc4e190732c,152000
48,TV Girl,38f0c7ac-46eb-49ca-b3ab-c785ccd05a60,7,Taking What's Not Yours,822864,11310776,d45b3548-31b4-428e-9c6c-5546cac71cf6,205651
48,TV Girl,38f0c7ac-46eb-49ca-b3ab-c785ccd05a60,8,Loving Machine,786017,9300783,f0d7f6b7-33b1-49a6-abcc-8e1344645748,227000
48,TV Girl,38f0c7ac-46eb-49ca-b3ab-c785ccd05a60,9,Birds Dont Sing,771432,8708607,,
48,TV Girl,38f0c7ac-46eb-49ca-b3ab-c785ccd05a60,10,Louise,667472,7550232,a71ed673-30fd-483d-b674-9e77f1696d12,194000
48,TV Girl,38f0c7ac-46eb-49ca-b3ab-c785ccd05a60,11,Hate Yourself,547976,5849884,a90b82e0-6c2e-4c76-a8ca-aeb0252e9cc3,214000
48,TV Girl,38f0c7ac-46eb-49ca-b3ab-c785ccd05a60,12,Song About Me,447537,5148773,808f530c-e71a-4ace-9f9c-6d362bd7e458,243727
48,TV Girl,38f0c7ac-46eb-49ca-b3ab-c785ccd05a60,13,Daughter of a Cop,423301,3451058,aba5307b-bb19-4cd7-bba3-d43dea3f2f63,153000
48,TV Girl,38f0c7ac-46eb-49ca-b3ab-c785ccd05a60,14,Safeword,413188,3780492,,
48,TV Girl,38f0c7ac-46eb-49ca-b3ab-c785ccd05a60,15,Pantyhose,383941,3046045,e46e0e4f-19db-4ba3-9669-9bb50d0bec15,176000
49,Nirvana,5b11f4ce-a62d-471e-81fc-a69a8278c7da,1,Smells Like Teen Spirit,3849896,38800919,6fd45825-5e07-48b7-801c-433c48d3262e,280800
49,Nirvana,5b11f4ce-a62d-471e-81fc-a69a8278c7da,2,Come as You Are,3662258,37198443,4c5730b2-af2c-4e0f-aced-82a718c26eb9,226933
49,Nirvana,5b11f4ce-a62d-471e-81fc-a69a8278c7da,3,Lithium,2685079,23896961,23c93eaa-dd97-42f0-aae8-7f434f947620,247493
49,Nirvana,5b11f4ce-a62d-471e-81fc-a69a8278c7da,4,About a Girl,2482221,21971192,e54c571d-160f-4ae4-930c-cc82b56e3d28,221106
49,Nirvana,5b11f4ce-a62d-471e-81fc-a69a8278c7da,5,Heart-Shaped Box,2208365,22634218,9dd8ea25-e325-4480-8155-327d211f1592,271426
49,Nirvana,5b11f4ce-a62d-471e-81fc-a69a8278c7da,6,Dumb,2205874,19989164,92f1baa8-1b3e-4978-b45d-e28d5a05e9d1,155000
49,Nirvana,5b11f4ce-a62d-471e-81fc-a69a8278c7da,7,In Bloom,2147210,16642457,a631071a-a3cd-4818-9f99-c4a02e68e35d,266040
49,Nirvana,5b11f4ce-a62d-471e-81fc-a69a8278c7da,8,Something in the Way,1990268,17658631,acb95f30-dd62-43d1-9960-640027abb8c5,199906
49,Nirvana,5b11f4ce-a62d-471e-81fc-a69a8278c7da,9,All Apologies,1986943,15765368,689d5e71-1364-489e-96e6-25433458bf6e,201000
49,Nirvana,5b11f4ce-a62d-471e-81fc-a69a8278c7da,10,Rape Me,1983643,15910372,cf061728-ba74-4b7b-8587-8845e72d2396,162000
49,Nirvana,5b11f4ce-a62d-471e-81fc-a69a8278c7da,11,Polly,1739126,12278818,767066ea-6537-4c9b-98cf-ac1015626cb2,191840
49,Nirvana,5b11f4ce-a62d-471e-81fc-a69a8278c7da,12,Breed,1643388,12504790,25564ead-cd03-4399-86ff-22519705ffa3,202493
49,Nirvana,5b11f4ce-a62d-471e-81fc-a69a8278c7da,13,Drain You,1613010,12782622,fe91f05d-a655-426f-99c9-cf7b6f4b4d3a,178000
49,Nirvana,5b11f4ce-a62d-471e-81fc-a69a8278c7da,14,The Man Who Sold the World,1411960,10321106,628a41da-6898-409c-bcc1-9f24888d70d1,308654
49,Nirvana,5b11f4ce-a62d-471e-81fc-a69a8278c7da,15,On a Plain,1340965,8800809,594e96cf-bdb5-4134-8e81-3bd3951fc97a,166720
50,beabadoobee,88d17133-abbc-42db-9526-4e2c1db60336,1,the perfect pair,1318957,26145060,0744d70f-b619-4c23-976f-4af2a36927c8,138709
50,beabadoobee,88d17133-abbc-42db-9526-4e2c1db60336,2,Glue Song,1107489,17849663,2144b494-8847-48c5-aa5f-1e5f48a066e8,176000
50,beabadoobee,88d17133-abbc-42db-9526-4e2c1db60336,3,Glue Song (feat. Clairo),799506,9411958,,
50,beabadoobee,88d17133-abbc-42db-9526-4e2c1db60336,4,the way things go,791668,12553936,0e011401-8380-48f3-b4bf-ad89e5e8e6ae,188000
50,beabadoobee,88d17133-abbc-42db-9526-4e2c1db60336,5,Apple Cider,734748,11248133,99fc23d3-9d93-49af-a970-45b735da98e4,172343
50,beabadoobee,88d17133-abbc-42db-9526-4e2c1db60336,6,Tired,725580,8334054,de83443a-003c-4bfb-9f15-7725f8313d92,199000
50,beabadoobee,88d17133-abbc-42db-9526-4e2c1db60336,7,A Night To Remember,711775,9960755,26a9c7ba-38db-4f26-a42e-630d879e015e,239000
50,beabadoobee,88d17133-abbc-42db-9526-4e2c1db60336,8,real man,708674,9551145,0027f5d5-b3e8-4aa3-8351-967eff1019f1,161000
50,beabadoobee,88d17133-abbc-42db-9526-4e2c1db60336,9,take a bite,671851,10184152,19c3dbbc-d153-4c43-97c4-13440fc812b6,
50,beabadoobee,88d17133-abbc-42db-9526-4e2c1db60336,10,Beaches,647457,9132062,17b58f95-0162-4fc8-a4aa-2c9b75400246,230000
50,beabadoobee,88d17133-abbc-42db-9526-4e2c1db60336,11,Coffee,618825,5891828,9325c23d-e466-403f-b3aa-3b81d2485a13,
50,beabadoobee,88d17133-abbc-42db-9526-4e2c1db60336,12,Cologne,594851,10067061,aba89a10-fd4c-4d8b-b643-6744d85cf4e3,164690
50,beabadoobee,88d17133-abbc-42db-9526-4e2c1db60336,13,Sunny day,512633,6323942,669eb7e5-69df-4d76-8fc0-306bb1e4d6d4,160000
50,beabadoobee,88d17133-abbc-42db-9526-4e2c1db60336,14,If You Want To,504002,5413187,2c12b59e-656d-4e75-8a0d-25e210e42b95,223000
50,beabadoobee,88d17133-abbc-42db-9526-4e2c1db60336,15,Talk,500270,8328077,d9bed275-a29c-49b7-af84-82361f9be95b,225000
51,Don Toliver,a0723a3c-4135-438e-85c5-012712144ede,1,No Idea,1093322,14233784,98a03888-e736-4b30-8b74-8c2ae9465779,154424
51,Don Toliver,a0723a3c-4135-438e-85c5-012712144ede,2,After Party,836054,9023960,c95e9d28-1240-48ab-88b0-1d26b9cc7ea3,167915
51,Don Toliver,a0723a3c-4135-438e-85c5-012712144ede,3,No Pole,824507,13103840,c44742a1-ef4a-4493-84d6-969ef837d125,187613
51,Don Toliver,a0723a3c-4135-438e-85c5-012712144ede,4,BANDIT,693556,9731526,ac3fb342-fd41-44fa-bc93-5f18eb513d19,147706
51,Don Toliver,a0723a3c-4135-438e-85c5-012712144ede,5,Cardigan,649053,7210330,0fd79d24-f1be-4de4-8d70-f013c5f357f1,158708
51,Don Toliver,a0723a3c-4135-438e-85c5-012712144ede,6,NEW DROP,602659,6938853,5dabaf6a-82f0-40dd-b7df-b2c0255f3540,217333
51,Don Toliver,a0723a3c-4135-438e-85c5-012712144ede,7,Private Landing (feat. Justin Bieber & Future),601725,6747201,,
51,Don Toliver,a0723a3c-4135-438e-85c5-012712144ede,8,TORE UP,519806,8952296,48008538-194c-4dd0-a973-772336640f05,126960
51,Don Toliver,a0723a3c-4135-438e-85c5-012712144ede,9,Had Enough (feat. Quavo & Offset),486941,6014658,,
51,Don Toliver,a0723a3c-4135-438e-85c5-012712144ede,10,Drugs N Hella Melodies (feat. Kali Uchis),421516,4707922,,
51,Don Toliver,a0723a3c-4135-438e-85c5-012712144ede,11,You (feat. Travis Scott),385976,5055604,,
51,Don Toliver,a0723a3c-4135-438e-85c5-012712144ede,12,Embarrassed (feat. Travis Scott),384792,4643521,,
51,Don Toliver,a0723a3c-4135-438e-85c5-012712144ede,13,BROTHER STONE (FEAT. KODAK BLACK),343640,3371524,,
51,Don Toliver,a0723a3c-4135-438e-85c5-012712144ede,14,Flocky Flocky (feat. Travis Scott),302276,3230307,,
51,Don Toliver,a0723a3c-4135-438e-85c5-012712144ede,15,KRYPTONITE,286975,3092120,9b9b9795-2215-4295-8b6c-c6c2a338ccb4,182306
52,Kali Uchis,d0c7656d-8169-4f77-9dbe-b8f24e40105d,1,"After the Storm (feat. Tyler, the Creator & Bootsy Collins)",1550621,22853094,,
52,Kali Uchis,d0c7656d-8169-4f77-9dbe-b8f24e40105d,2,Telepatía,1500287,21208091,21ba6f2f-f11d-4801-8f57-8f467a1360b0,161000
52,Kali Uchis,d0c7656d-8169-4f77-9dbe-b8f24e40105d,3,Moonlight,1311026,18539904,52c1af81-18f4-4e57-8d75-0b15c0206094,187557
52,Kali Uchis,d0c7656d-8169-4f77-9dbe-b8f24e40105d,4,Dead to Me,1181662,15670742,89bcc515-6f24-4969-958f-31589f17aa6b,200000
52,Kali Uchis,d0c7656d-8169-4f77-9dbe-b8f24e40105d,5,Melting,1046574,12264148,41530d86-2eeb-40dc-b041-28f990611a11,208000
52,Kali Uchis,d0c7656d-8169-4f77-9dbe-b8f24e40105d,6,Just a Stranger (feat. Steve Lacy),656704,7313595,,
52,Kali Uchis,d0c7656d-8169-4f77-9dbe-b8f24e40105d,7,I Wish You Roses,655158,8553853,77cdb76f-6eae-4c80-832b-6dbf01d9adcb,219954
52,Kali Uchis,d0c7656d-8169-4f77-9dbe-b8f24e40105d,8,Your Teeth in My Neck,652590,7549970,7ac1b984-5e63-4d7a-a0a4-215581b3a8b9,186181
52,Kali Uchis,d0c7656d-8169-4f77-9dbe-b8f24e40105d,9,Igual Que Un Ángel (with Peso Pluma),451481,6093517,,
52,Kali Uchis,d0c7656d-8169-4f77-9dbe-b8f24e40105d,10,Fantasy (feat. Don Toliver),415470,3870851,,
52,Kali Uchis,d0c7656d-8169-4f77-9dbe-b8f24e40105d,11,fue mejor (feat. SZA),410854,4634033,,
52,Kali Uchis,d0c7656d-8169-4f77-9dbe-b8f24e40105d,12,Tyrant (feat. Jorja Smith),402412,4075856,,
52,Kali Uchis,d0c7656d-8169-4f77-9dbe-b8f24e40105d,13,Hasta Cuando,363143,4535215,8834c7da-57a8-4d09-84b3-700e3977b40c,129448
52,Kali Uchis,d0c7656d-8169-4f77-9dbe-b8f24e40105d,14,Loner,330819,2909570,73a191c3-2ff0-4729-869a-e517fd7b769e,212000
52,Kali Uchis,d0c7656d-8169-4f77-9dbe-b8f24e40105d,15,Love Between...,318995,2539116,388e6a4a-0519-4e28-95dc-971bd3d66560,155000
53,KATSEYE,abbf7d85-9a7f-4a6c-80bd-bf71f2c7d520,1,Touch,782520,12458658,2c343baf-98b3-495b-a67f-1e3cbb1ce770,129882
53,KATSEYE,abbf7d85-9a7f-4a6c-80bd-bf71f2c7d520,2,Gnarly,745210,15381270,d6ff1a8a-49fa-4896-9436-6153afc00485,141000
53,KATSEYE,abbf7d85-9a7f-4a6c-80bd-bf71f2c7d520,3,Gabriela,710863,11310037,cb6ddab8-e752-4508-b067-e5ebc9d5b21b,196840
53,KATSEYE,abbf7d85-9a7f-4a6c-80bd-bf71f2c7d520,4,Debut,500061,7407587,39d7c92e-e8dc-475e-a395-96f28362a4d1,123000
53,KATSEYE,abbf7d85-9a7f-4a6c-80bd-bf71f2c7d520,5,Gameboy,429216,4743004,508a3a9b-a0ba-4c7d-87e5-964f76e357b1,185000
53,KATSEYE,abbf7d85-9a7f-4a6c-80bd-bf71f2c7d520,6,M.I.A,345479,3799943,7c851ffd-9331-4dfd-affb-b51032c67060,129683
53,KATSEYE,abbf7d85-9a7f-4a6c-80bd-bf71f2c7d520,7,Mean Girls,257835,2317348,69ed8268-fdd2-4715-9ce5-0a65ce339e70,217000
53,KATSEYE,abbf7d85-9a7f-4a6c-80bd-bf71f2c7d520,8,My Way,240326,2134982,c104103a-07d9-4314-888e-f9660a8b1cef,154987
53,KATSEYE,abbf7d85-9a7f-4a6c-80bd-bf71f2c7d520,9,Gnarly - Ice Spice Remix,193726,1032990,,
53,KATSEYE,abbf7d85-9a7f-4a6c-80bd-bf71f2c7d520,10,Touch (ft. YEONJUN of TOMORROW X TOGETHER),182305,1422256,,
53,KATSEYE,abbf7d85-9a7f-4a6c-80bd-bf71f2c7d520,11,Tonight I Might,181754,1612225,a0c6e156-693d-4698-9dd1-8505d745acc7,156000
53,KATSEYE,abbf7d85-9a7f-4a6c-80bd-bf71f2c7d520,12,I'm Pretty,148292,1127314,7839d18a-2da7-4ff8-ab90-6eec5f5cb949,143000
53,KATSEYE,abbf7d85-9a7f-4a6c-80bd-bf71f2c7d520,13,Gabriela (with Young Miko) - Young Miko Remix,104890,372727,,
53,KATSEYE,abbf7d85-9a7f-4a6c-80bd-bf71f2c7d520,14,"Flame (from the Netflix Series ""Jentry Chau vs the Underworld"")",86126,475930,,
53,KATSEYE,abbf7d85-9a7f-4a6c-80bd-bf71f2c7d520,15,Gnarly - Clean Edit,71005,595892,,
54,Katy Perry,122d63fc-8671-43e4-9752-34e846d62a9c,1,I Kissed a Girl,2617109,21542841,6d85794f-bbc5-4bc1-b185-937d8f932245,191000
54,Katy Perry,122d63fc-8671-43e4-9752-34e846d62a9c,2,Hot n Cold,2343131,18024761,cfddcc55-a0ac-4821-9cb3-b9312c50dff2,221066
54,Katy Perry,122d63fc-8671-43e4-9752-34e846d62a9c,3,Last Friday Night (T.G.I.F.),2277023,20261719,5752780f-e035-4f10-9e58-e75d4a1831f2,235000
54,Katy Perry,122d63fc-8671-43e4-9752-34e846d62a9c,4,Teenage Dream,2128188,22589715,8799c59c-6ec0-4a6d-ae48-c58ae6678c9a,227773
54,Katy Perry,122d63fc-8671-43e4-9752-34e846d62a9c,5,Firework,2009479,17696785,ddfea92f-2db6-404a-9b6a-09ce2cd59c6f,
54,Katy Perry,122d63fc-8671-43e4-9752-34e846d62a9c,6,The One That Got Away,1645036,17457544,50be45d8-4463-4d62-808d-67b1eefe8ff0,344000
54,Katy Perry,122d63fc-8671-43e4-9752-34e846d62a9c,7,California Gurls,1539322,12100885,3ddb9f27-cc84-425b-914d-3f1d728dfa1f,236000
54,Katy Perry,122d63fc-8671-43e4-9752-34e846d62a9c,8,Dark Horse,1496745,12042082,29559be7-bfa6-4b38-8f42-fedf2c96d915,
54,Katy Perry,122d63fc-8671-43e4-9752-34e846d62a9c,9,E.T.,1450766,14506592,8b4d8ff1-fa36-4bf1-b80d-80274bf9eb03,206933
54,Katy Perry,122d63fc-8671-43e4-9752-34e846d62a9c,10,Roar,1303444,11953470,f9168111-a172-494e-85a5-a64d31462ff8,270120
54,Katy Perry,122d63fc-8671-43e4-9752-34e846d62a9c,11,Part of Me,1112726,10123412,fbafd7af-d3f5-4e97-9882-544d4e2f1c18,
54,Katy Perry,122d63fc-8671-43e4-9752-34e846d62a9c,12,Wide Awake,979883,8878124,e3cbebb8-e3ff-4ce3-abb6-61d63e4378fa,270000
54,Katy Perry,122d63fc-8671-43e4-9752-34e846d62a9c,13,Waking Up in Vegas,862291,6795853,0cfc62e3-d2f5-4224-81ee-e37108b38467,208408
54,Katy Perry,122d63fc-8671-43e4-9752-34e846d62a9c,14,Thinking of You,829458,8373792,6622746f-feba-4259-904f-4d1442038ca8,
54,Katy Perry,122d63fc-8671-43e4-9752-34e846d62a9c,15,Unconditionally,736700,6596002,29700743-ab38-41c9-b549-bdf31e3a972b,231000
55,Britney Spears,45a663b5-b1cb-4a91-bff6-2bef7bbfdd76,1,Toxic,2828521,27689469,b780feae-6525-4d82-8558-3b0ed107319f,191000
55,Britney Spears,45a663b5-b1cb-4a91-bff6-2bef7bbfdd76,2,Gimme More,1954302,22696782,8a6d50cd-fa04-442c-a940-fe27bc65563a,240000
55,Britney Spears,45a663b5-b1cb-4a91-bff6-2bef7bbfdd76,3,Womanizer,1931861,19947213,64d6bbf3-f2c5-43e0-9c7c-54008b5a5da9,229000
55,Britney Spears,45a663b5-b1cb-4a91-bff6-2bef7bbfdd76,4,...Baby One More Time,1850251,14764130,cea45ed4-d279-42f7-87e7-2e4380198280,210600
55,Britney Spears,45a663b5-b1cb-4a91-bff6-2bef7bbfdd76,5,Oops!...I Did It Again,1597725,12093680,471c9812-0fdd-4173-83c9-00b87fcc549d,
55,Britney Spears,45a663b5-b1cb-4a91-bff6-2bef7bbfdd76,6,Circus,1547121,16663646,f012c115-7b62-414a-b41b-0f0ab3cc39d3,215000
55,Britney Spears,45a663b5-b1cb-4a91-bff6-2bef7bbfdd76,7,If U Seek Amy,1103314,11703018,7c958bcf-223f-4b94-ae27-63584092f227,
55,Britney Spears,45a663b5-b1cb-4a91-bff6-2bef7bbfdd76,8,I'm a Slave 4 U,1001859,9438835,31c50bd3-b242-4751-b73d-d43be1b29577,259000
55,Britney Spears,45a663b5-b1cb-4a91-bff6-2bef7bbfdd76,9,Piece of Me,894705,10545586,672f1b3f-c950-40b0-8dd4-0454b97f8cff,204306
55,Britney Spears,45a663b5-b1cb-4a91-bff6-2bef7bbfdd76,10,I Wanna Go,807309,9427726,733f405f-4bc8-44e9-a63c-537f9de03e65,210000
55,Britney Spears,45a663b5-b1cb-4a91-bff6-2bef7bbfdd76,11,Criminal,763423,7688475,508315f7-93d2-4b25-9561-0034d7e07717,225000
55,Britney Spears,45a663b5-b1cb-4a91-bff6-2bef7bbfdd76,12,Till the World Ends,760161,9944331,f08bdfc1-3d91-4e5d-8b01-1f93ea17848a,238000
55,Britney Spears,45a663b5-b1cb-4a91-bff6-2bef7bbfdd76,13,Break the Ice,700621,8529295,82c676c5-5f4c-474e-a069-93d811cef741,196000
55,Britney Spears,45a663b5-b1cb-4a91-bff6-2bef7bbfdd76,14,3,667065,7738826,f084f4de-eb31-476d-b448-d7d7244a3180,210000
55,Britney Spears,45a663b5-b1cb-4a91-bff6-2bef7bbfdd76,15,Everytime,643837,5911292,8b637093-095b-4b55-98d0-0b5e399afaac,
56,The Beatles,b10bbbfc-cf9e-42e0-be17-e2c3e1d2600d,1,Here Comes the Sun - Remastered 2009,1408733,11798930,,
56,The Beatles,b10bbbfc-cf9e-42e0-be17-e2c3e1d2600d,2,Eleanor Rigby,1265655,9206149,a98e5b30-938a-43c8-8dd0-2b13a6846a81,129373
56,The Beatles,b10bbbfc-cf9e-42e0-be17-e2c3e1d2600d,3,Hey Jude,1253737,8667114,7953cb71-41c1-449a-bd23-aa2daf394332,239000
56,The Beatles,b10bbbfc-cf9e-42e0-be17-e2c3e1d2600d,4,Come Together,1172419,8796391,4181ff9d-401e-4914-b72c-fa0390b32278,
56,The Beatles,b10bbbfc-cf9e-42e0-be17-e2c3e1d2600d,5,Let It Be,1150818,9136475,b925d2a3-3bd3-4dee-b342-8b9d27ecaebc,170000
56,The Beatles,b10bbbfc-cf9e-42e0-be17-e2c3e1d2600d,6,Yellow Submarine,1119741,7187200,659768fa-50b7-4658-bdd7-8412876985c5,160000
56,The Beatles,b10bbbfc-cf9e-42e0-be17-e2c3e1d2600d,7,Yesterday,1102880,8771654,fac250f5-2753-4738-b34f-2afbafc5586a,126000
56,The Beatles,b10bbbfc-cf9e-42e0-be17-e2c3e1d2600d,8,Help!,1049464,7736708,0fbdb97b-0412-421f-9de2-db8f85f12d83,
56,The Beatles,b10bbbfc-cf9e-42e0-be17-e2c3e1d2600d,9,All You Need Is Love,1046409,7063969,30d8dd46-27eb-41b3-a8ef-e646d93a7b8c,226000
56,The Beatles,b10bbbfc-cf9e-42e0-be17-e2c3e1d2600d,10,Here Comes the Sun,1027553,8412005,e49e51e8-4ee1-4321-a048-d0d9dfe49e7b,184000
56,The Beatles,b10bbbfc-cf9e-42e0-be17-e2c3e1d2600d,11,Come Together - Remastered 2009,1018519,7244996,,
56,The Beatles,b10bbbfc-cf9e-42e0-be17-e2c3e1d2600d,12,Lucy in the Sky With Diamonds,978267,7172421,44f2890a-21bd-483e-9eac-e63612c8868e,
56,The Beatles,b10bbbfc-cf9e-42e0-be17-e2c3e1d2600d,13,Something,968263,7344523,f2763493-bcea-4dd3-9570-48156a3fc1cd,221000
56,The Beatles,b10bbbfc-cf9e-42e0-be17-e2c3e1d2600d,14,Yesterday - Remastered 2009,955411,7560462,,
56,The Beatles,b10bbbfc-cf9e-42e0-be17-e2c3e1d2600d,15,Penny Lane,907606,5565526,5a6becfb-07e3-4286-8de0-5b4fa826f3f2,178000
57,Steve Lacy,ca9766a0-1c30-43e6-a213-bac1334efc4a,1,Dark Red,2001341,36827306,bc0f4be2-29bd-4f4b-a850-862bbd130db5,173104
57,Steve Lacy,ca9766a0-1c30-43e6-a213-bac1334efc4a,2,Bad Habit,1746477,30678488,be62d1e4-c803-40a7-b806-62af232f9972,231746
57,Steve Lacy,ca9766a0-1c30-43e6-a213-bac1334efc4a,3,Some,1492728,23419858,d3d1a743-a512-49c7-b38d-0610c3433a39,118000
57,Steve Lacy,ca9766a0-1c30-43e6-a213-bac1334efc4a,4,C U Girl,1399966,21468841,7d81daec-341a-4931-bec6-8b0f533254c3,130000
57,Steve Lacy,ca9766a0-1c30-43e6-a213-bac1334efc4a,5,Infrunami,1143899,17907613,8edeccb0-a6e1-4333-9f2b-806b66651662,178000
57,Steve Lacy,ca9766a0-1c30-43e6-a213-bac1334efc4a,6,Static,950942,12785655,99b48239-18cf-44fc-bc4c-9f1e2f60c65b,
57,Steve Lacy,ca9766a0-1c30-43e6-a213-bac1334efc4a,7,Uuuu,925738,10785657,4d7d6760-8abb-4b3a-a545-4fff60c5c833,90000
57,Steve Lacy,ca9766a0-1c30-43e6-a213-bac1334efc4a,8,atomic vomit,792589,6295066,0a6da998-28aa-4b97-a281-8ee7004609a2,90000
57,Steve Lacy,ca9766a0-1c30-43e6-a213-bac1334efc4a,9,N Side,781437,9436497,aa03fca2-4c9e-4ee9-95c3-c30fa0a91004,224400
57,Steve Lacy,ca9766a0-1c30-43e6-a213-bac1334efc4a,10,When I,695731,4898874,a69a709f-d1b9-4aad-83dc-ad57b0b11a92,60000
57,Steve Lacy,ca9766a0-1c30-43e6-a213-bac1334efc4a,11,Ryd,627920,7905431,ac4ac2c0-1a76-4cc3-88b5-1ab654404b20,140182
57,Steve Lacy,ca9766a0-1c30-43e6-a213-bac1334efc4a,12,Helmet,571675,7517951,0df88f36-3fff-4a57-9943-9a50841135c5,201506
57,Steve Lacy,ca9766a0-1c30-43e6-a213-bac1334efc4a,13,Sunshine (feat. Fousheé),542227,6764616,,
57,Steve Lacy,ca9766a0-1c30-43e6-a213-bac1334efc4a,14,Basement Jack,533508,5792238,7aa7339d-9e70-46b0-b603-c3c8d949113d,109826
57,Steve Lacy,ca9766a0-1c30-43e6-a213-bac1334efc4a,15,Mercury,503707,6813215,20c11264-1d5b-49a8-8ccb-a6bcff003d5d,295413
58,Laufey,21a89505-10a9-4ac0-8388-833bc07b9f86,1,From the Start,1297892,23188304,07d30250-a5a4-496f-9bd2-d0d8047d275b,169000
58,Laufey,21a89505-10a9-4ac0-8388-833bc07b9f86,2,Falling Behind,963334,14749839,91c21917-42b2-446b-b1f6-0a4cddf1ed73,173640
58,Laufey,21a89505-10a9-4ac0-8388-833bc07b9f86,3,Valentine,801926,11634778,6063c1ea-a990-421f-a6a9-730d2d64c522,168907
58,Laufey,21a89505-10a9-4ac0-8388-833bc07b9f86,4,Promise,731680,12123551,614668fc-0b28-4e37-a220-535cce6d1da6,
58,Laufey,21a89505-10a9-4ac0-8388-833bc07b9f86,5,Let You Break My Heart Again,695401,11361885,18cb3143-1722-4089-a93d-0e39c46e9c70,280120
58,Laufey,21a89505-10a9-4ac0-8388-833bc07b9f86,6,I Wish You Love,427042,5050378,84c3c0a2-4ac8-4ae1-86c6-b7fbe0573e94,155138
58,Laufey,21a89505-10a9-4ac0-8388-833bc07b9f86,7,Winter Wonderland - Spotify Singles Holiday,419234,1582451,,
58,Laufey,21a89505-10a9-4ac0-8388-833bc07b9f86,8,Lover Girl,412645,3948973,b3f97c93-de02-4760-b91d-8364d2754248,164000
58,Laufey,21a89505-10a9-4ac0-8388-833bc07b9f86,9,Like the Movies,408286,4130715,f0633f33-f0dd-470c-ae2d-d4318f830340,156944
58,Laufey,21a89505-10a9-4ac0-8388-833bc07b9f86,10,Fragile,399894,5205082,a9f40727-5357-4cb0-8f98-ffa1a99539fc,241000
58,Laufey,21a89505-10a9-4ac0-8388-833bc07b9f86,11,Dreamer,394468,4889933,c422add7-03c8-45d9-a07b-2ef7bb88b786,210000
58,Laufey,21a89505-10a9-4ac0-8388-833bc07b9f86,12,Lovesick,387961,5347930,8664ef37-2d09-43f7-b42f-2b3195c2d167,225000
58,Laufey,21a89505-10a9-4ac0-8388-833bc07b9f86,13,Bewitched,370325,4718679,808bf3e5-9d3a-4265-b54e-f11fb8696c5c,260000
58,Laufey,21a89505-10a9-4ac0-8388-833bc07b9f86,14,Second Best,349771,4333935,a423030d-1577-4106-85c4-56a015e783c5,205000
58,Laufey,21a89505-10a9-4ac0-8388-833bc07b9f86,15,Goddess,342756,4537215,ef57f686-9a0a-41d1-91a6-86bc06fe9c72,268000
59,Mac Miller,a0e8a1b1-5f8f-475a-a253-17415c17d0ff,1,The Spins,1153183,19310450,f48c8842-95c7-4fb2-9b3a-82cde7be8bd7,196000
59,Mac Miller,a0e8a1b1-5f8f-475a-a253-17415c17d0ff,2,Self Care,988505,14922874,eaa56493-9460-46bc-8094-1cd3fa03e6c2,345000
59,Mac Miller,a0e8a1b1-5f8f-475a-a253-17415c17d0ff,3,Small Worlds,905459,11501811,5ae01fb4-0df9-4f6d-ad3d-4b308c9c80e9,337000
59,Mac Miller,a0e8a1b1-5f8f-475a-a253-17415c17d0ff,4,Knock Knock,833410,5858893,0ff1d945-6612-4643-afe7-643e48eb5408,198000
59,Mac Miller,a0e8a1b1-5f8f-475a-a253-17415c17d0ff,5,Come Back to Earth,804673,11409218,74b43e55-c328-4034-a959-149b9cbc2072,162000
59,Mac Miller,a0e8a1b1-5f8f-475a-a253-17415c17d0ff,6,Congratulations (feat. Bilal),780968,10903488,,
59,Mac Miller,a0e8a1b1-5f8f-475a-a253-17415c17d0ff,7,Blue World,761471,9572721,69169f55-46a9-4f76-b478-159a56567a4b,209440
59,Mac Miller,a0e8a1b1-5f8f-475a-a253-17415c17d0ff,8,Good News,717309,10867915,9ed53176-1cb7-4f7a-a1b4-b4fc8f20cfce,342000
59,Mac Miller,a0e8a1b1-5f8f-475a-a253-17415c17d0ff,9,Weekend (feat. Miguel),708795,8098441,,
59,Mac Miller,a0e8a1b1-5f8f-475a-a253-17415c17d0ff,10,Dang! (feat. Anderson .Paak),664413,7003923,,
59,Mac Miller,a0e8a1b1-5f8f-475a-a253-17415c17d0ff,11,My Favorite Part,651700,6486504,d4003b8c-4deb-4946-b7f0-988460a02d1a,216000
59,Mac Miller,a0e8a1b1-5f8f-475a-a253-17415c17d0ff,12,Hurt Feelings,578007,6868128,30758121-7fb6-4eea-8bcc-7eb7aa2f3664,246000
59,Mac Miller,a0e8a1b1-5f8f-475a-a253-17415c17d0ff,13,Donald Trump,575431,4043339,b62d92d5-2906-4f97-b012-f7467272a67f,156520
59,Mac Miller,a0e8a1b1-5f8f-475a-a253-17415c17d0ff,14,Ladders,570720,6573480,b8c1a18f-df09-4847-99f9-bd33bdda0b33,287000
59,Mac Miller,a0e8a1b1-5f8f-475a-a253-17415c17d0ff,15,What's the Use?,567018,6709612,0eee5737-3baf-46ee-87fa-cfdcbf544bcf,289000
60,Maroon 5,0ab49580-c84f-44d4-875f-d83760ea2cfe,1,This Love,2294834,17979089,c41b4ec2-2e8f-436d-aa49-fc6e0de79901,237786
60,Maroon 5,0ab49580-c84f-44d4-875f-d83760ea2cfe,2,She Will Be Loved,1655246,12196900,4f06b082-c8ac-4cb0-97a3-f6b175f5af61,281000
60,Maroon 5,0ab49580-c84f-44d4-875f-d83760ea2cfe,3,Payphone,1523036,13488834,91b9dec2-8c0e-4bcc-9126-4343819303b3,223000
60,Maroon 5,0ab49580-c84f-44d4-875f-d83760ea2cfe,4,Maps,1421072,13958258,f3885daf-38b5-47b0-86f3-5ac9a81f50a1,
60,Maroon 5,0ab49580-c84f-44d4-875f-d83760ea2cfe,5,Sunday Morning,1374681,10109168,902c26cc-744b-4b27-8f82-405cbe9ed940,
60,Maroon 5,0ab49580-c84f-44d4-875f-d83760ea2cfe,6,One More Night,1286217,10482869,b003cf8c-c422-4151-9882-1e823aa344a9,223000
60,Maroon 5,0ab49580-c84f-44d4-875f-d83760ea2cfe,7,Animals,1255327,10112805,7c0ed007-5118-4086-917a-fd9cfb0d338e,231013
60,Maroon 5,0ab49580-c84f-44d4-875f-d83760ea2cfe,8,Sugar,1195279,8800821,83a1d0f8-355f-44a4-8527-7679d70c27d1,235493
60,Maroon 5,0ab49580-c84f-44d4-875f-d83760ea2cfe,9,"Moves Like Jagger - Studio Recording From ""The Voice"" Performance",1011180,5854496,c832691f-fe0c-448a-bf22-54e28335627e,202000
60,Maroon 5,0ab49580-c84f-44d4-875f-d83760ea2cfe,10,Harder to Breathe,950274,6100266,76d6ada3-19f1-4a45-bf76-b87a8d63171e,174000
60,Maroon 5,0ab49580-c84f-44d4-875f-d83760ea2cfe,11,Makes Me Wonder,870203,6526663,f6017b6e-bdcb-4f65-8b58-9fd1ca2e7edd,404000
60,Maroon 5,0ab49580-c84f-44d4-875f-d83760ea2cfe,12,Misery,862997,6854762,5c475298-76fd-4a87-8867-fa34465f1ddd,208000
60,Maroon 5,0ab49580-c84f-44d4-875f-d83760ea2cfe,13,Won't Go Home Without You,816129,6206895,3d9fad83-8b11-45ef-9688-14e78ce2e407,259000
60,Maroon 5,0ab49580-c84f-44d4-875f-d83760ea2cfe,14,She Will Be Loved - Radio Mix,784623,4776778,,
60,Maroon 5,0ab49580-c84f-44d4-875f-d83760ea2cfe,15,Memories,654144,5018841,61c3a0dc-0ddf-4b8e-a5d4-f81cc4ad7df3,189486
61,My Chemical Romance,c07f0676-9143-4217-8a9f-4c26bd636f13,1,Teenagers,2165886,24730617,298a48ae-ca98-45d3-8378-15082474f33c,171000
61,My Chemical Romance,c07f0676-9143-4217-8a9f-4c26bd636f13,2,Welcome to the Black Parade,2003486,22600956,aabb92a5-3a5f-4cfb-b670-0623300bdcc2,302000
61,My Chemical Romance,c07f0676-9143-4217-8a9f-4c26bd636f13,3,Helena,1789205,23400082,b087f4e6-7d30-43d0-8819-4a7e809ee450,
61,My Chemical Romance,c07f0676-9143-4217-8a9f-4c26bd636f13,4,I'm Not Okay (I Promise),1573388,20474090,2fb2b70d-8dd7-4f86-9106-5adc7d37762c,210000
61,My Chemical Romance,c07f0676-9143-4217-8a9f-4c26bd636f13,5,The Ghost of You,1285914,17057124,c8ebb453-fc4b-4e06-ab61-fc9d06706b70,194213
61,My Chemical Romance,c07f0676-9143-4217-8a9f-4c26bd636f13,6,I Don't Love You,1284141,15303325,4c5a5bf4-b4f0-46df-be4a-53910e3ab55c,894394
61,My Chemical Romance,c07f0676-9143-4217-8a9f-4c26bd636f13,7,Famous Last Words,1281017,15656339,4931bbfe-3cda-48b4-b185-a2603846dfb0,286000
61,My Chemical Romance,c07f0676-9143-4217-8a9f-4c26bd636f13,8,Cancer,1051704,12347320,5d9ecbb8-1c79-4899-af87-4f99f571f928,196000
61,My Chemical Romance,c07f0676-9143-4217-8a9f-4c26bd636f13,9,Dead!,1043690,13193150,7b414c58-597d-498f-b8a0-b20cf776017a,222000
61,My Chemical Romance,c07f0676-9143-4217-8a9f-4c26bd636f13,10,The Sharpest Lives,959819,11694061,2f31bd0e-2a0e-49e2-8cf0-bbb546a65685,280000
61,My Chemical Romance,c07f0676-9143-4217-8a9f-4c26bd636f13,11,Mama,930979,10947082,718fac86-d056-4555-9dec-7d9a16ae522d,329549
61,My Chemical Romance,c07f0676-9143-4217-8a9f-4c26bd636f13,12,You Know What They Do to Guys Like Us in Prison,920920,11831220,39d15a0a-9209-401f-8e9d-56a78241b3e3,244000
61,My Chemical Romance,c07f0676-9143-4217-8a9f-4c26bd636f13,13,This Is How I Disappear,874111,9722267,eabf4ab3-ef7a-4462-b71a-9f94f5c91d04,239053
61,My Chemical Romance,c07f0676-9143-4217-8a9f-4c26bd636f13,14,Thank You for the Venom,867016,10983336,565669d6-9b1c-436c-884e-cc67ffbc8798,245000
61,My Chemical Romance,c07f0676-9143-4217-8a9f-4c26bd636f13,15,Disenchanted,833985,8903849,9581d35f-1644-4264-91fb-cf9870bc423c,324000
62,TWICE,8da127cc-c432-418f-b356-ef36210d82ac,1,FANCY,818745,17620958,55407857-babb-4f04-9915-4884f6acdc63,215000
62,TWICE,8da127cc-c432-418f-b356-ef36210d82ac,2,The Feels,737313,15818062,e7df2f01-59b7-4947-b383-c78bbbf7169a,198053
62,TWICE,8da127cc-c432-418f-b356-ef36210d82ac,3,Feel Special,637930,12633441,3ad48c12-7a9b-404d-87bf-777f238417ae,221000
62,TWICE,8da127cc-c432-418f-b356-ef36210d82ac,4,I CAN'T STOP ME,637926,10980357,771b9edb-dfb1-4013-94ff-632d1b672a59,205493
62,TWICE,8da127cc-c432-418f-b356-ef36210d82ac,5,What Is Love,536828,8644075,a378614e-9462-431c-b160-cb973fb02ba7,224000
62,TWICE,8da127cc-c432-418f-b356-ef36210d82ac,6,What is Love?,509817,4917420,c38af30a-6f3f-428e-a9c2-d77d2baebaad,210000
62,TWICE,8da127cc-c432-418f-b356-ef36210d82ac,7,Talk that Talk,508997,12449499,3b1092ab-82d8-4c07-a745-8c30043bb13f,178493
62,TWICE,8da127cc-c432-418f-b356-ef36210d82ac,8,TT,501830,7993251,8e40475b-5889-4cd1-85d0-6aa6df98b42b,
62,TWICE,8da127cc-c432-418f-b356-ef36210d82ac,9,LIKEY,496847,8072173,7e9280e1-e28f-4055-97c9-5475d177999f,
62,TWICE,8da127cc-c432-418f-b356-ef36210d82ac,10,Alcohol-Free,480140,9721236,886b0846-4f05-4ef2-87ed-969eeb7fe63e,213000
62,TWICE,8da127cc-c432-418f-b356-ef36210d82ac,11,YES or YES,455692,6613440,aa6ad8e1-d16b-4044-aa79-3a6437ba689b,270000
62,TWICE,8da127cc-c432-418f-b356-ef36210d82ac,12,CRY FOR ME,455190,7389539,8954e184-8906-459f-a328-39bc7b057233,204853
62,TWICE,8da127cc-c432-418f-b356-ef36210d82ac,13,MOONLIGHT SUNRISE,445269,10943637,1441a1c9-f295-4104-a97c-50c663349f19,180000
62,TWICE,8da127cc-c432-418f-b356-ef36210d82ac,14,Dance the Night Away,437426,5967784,d54734d7-4dc3-4382-9baa-6deb8ffc5ef5,182000
62,TWICE,8da127cc-c432-418f-b356-ef36210d82ac,15,CHEER UP,430190,6081657,fe230bce-8b6d-4df0-b244-e7d6aa5cc47c,208573
63,Lil Uzi Vert,8837b875-3689-4646-b3fd-d8b53815c7a8,1,XO TOUR Llif3,1381678,23041624,8029413d-5c5c-4894-873c-7fbcaa778551,180000
63,Lil Uzi Vert,8837b875-3689-4646-b3fd-d8b53815c7a8,2,20 Min,1184172,21357620,d3751b25-067e-41f7-97d9-60669fd933a3,221000
63,Lil Uzi Vert,8837b875-3689-4646-b3fd-d8b53815c7a8,3,Just Wanna Rock,977140,12435369,a4531a5e-68c5-4be6-a8b7-157f6cac592b,146000
63,Lil Uzi Vert,8837b875-3689-4646-b3fd-d8b53815c7a8,4,The Way Life Goes (feat. Oh Wonder),885162,14868488,,
63,Lil Uzi Vert,8837b875-3689-4646-b3fd-d8b53815c7a8,5,Money Longer,691034,8263482,45b8ddfa-b336-4fe6-b8f4-bdaf12318d18,198944
63,Lil Uzi Vert,8837b875-3689-4646-b3fd-d8b53815c7a8,6,Watch This - ARIZONATEARS Pluggnb Remix,642944,7235602,,
63,Lil Uzi Vert,8837b875-3689-4646-b3fd-d8b53815c7a8,7,Neon Guts (feat. Pharrell Williams),628494,7935277,,
63,Lil Uzi Vert,8837b875-3689-4646-b3fd-d8b53815c7a8,8,Homecoming,592223,6714096,691a9d83-514a-49a8-a757-6166c6fb01da,213885
63,Lil Uzi Vert,8837b875-3689-4646-b3fd-d8b53815c7a8,9,Silly Watch,517019,6278355,0262bdd4-3e27-420c-ad79-a2b934c40b6c,195692
63,Lil Uzi Vert,8837b875-3689-4646-b3fd-d8b53815c7a8,10,Erase Your Social,506462,7201427,85be392a-fef4-4a42-9e7c-9d242979a28d,199993
63,Lil Uzi Vert,8837b875-3689-4646-b3fd-d8b53815c7a8,11,Flooded the Face,486980,6312751,bb819264-b55c-494e-be19-4bc4321ea203,193000
63,Lil Uzi Vert,8837b875-3689-4646-b3fd-d8b53815c7a8,12,Myron,481485,6094259,09980b18-23dd-4283-af65-d1df75571174,
63,Lil Uzi Vert,8837b875-3689-4646-b3fd-d8b53815c7a8,13,Sauce It Up,449876,5349901,7e765e46-2bea-4843-b13c-cfc5fa9f64a4,207000
63,Lil Uzi Vert,8837b875-3689-4646-b3fd-d8b53815c7a8,14,Sanguine Paradise,445693,6169888,5d02cafc-0913-4853-a056-60ac0b0704d9,244000
63,Lil Uzi Vert,8837b875-3689-4646-b3fd-d8b53815c7a8,15,Baby Pluto,415755,5150194,cbe2d20d-3df8-4f70-ba4d-e2ced024f679,210261
64,Cigarettes After Sex,34557d8f-ee4a-44ab-ae6e-49bb8ac604d0,1,Apocalypse,1902260,37324212,839cfb8e-9d3f-4ea5-a695-d964e25025fd,206066
64,Cigarettes After Sex,34557d8f-ee4a-44ab-ae6e-49bb8ac604d0,2,Sunsetz,1418744,23121610,ad97c14b-59b7-4545-9b27-d858394e5dd0,214000
64,Cigarettes After Sex,34557d8f-ee4a-44ab-ae6e-49bb8ac604d0,3,K.,1368336,23452828,b35f707a-f06d-47a1-bf34-51f60cbac473,319000
64,Cigarettes After Sex,34557d8f-ee4a-44ab-ae6e-49bb8ac604d0,4,Cry,1236275,21466045,470c0abc-b276-4a01-95b6-79326e0a4e7f,256800
64,Cigarettes After Sex,34557d8f-ee4a-44ab-ae6e-49bb8ac604d0,5,Sweet,1167989,17764807,9361a21e-c304-402d-9383-b114a538fc4f,291000
64,Cigarettes After Sex,34557d8f-ee4a-44ab-ae6e-49bb8ac604d0,6,Nothing's Gonna Hurt You Baby,1053420,12429193,a91bb323-f019-4897-a2c5-4c64408ddfa6,286293
64,Cigarettes After Sex,34557d8f-ee4a-44ab-ae6e-49bb8ac604d0,7,Heavenly,909964,12429836,53daeb29-a4e4-4da7-8d9b-3066c67b5a0b,286773
64,Cigarettes After Sex,34557d8f-ee4a-44ab-ae6e-49bb8ac604d0,8,John Wayne,640724,7709025,5fcd9ee6-8fa0-49a5-ba8d-65070de8541b,258000
64,Cigarettes After Sex,34557d8f-ee4a-44ab-ae6e-49bb8ac604d0,9,Touch,632566,7020189,7d511839-beaf-42b4-8b36-e674ddc90cc3,292853
64,Cigarettes After Sex,34557d8f-ee4a-44ab-ae6e-49bb8ac604d0,10,Falling in Love,584355,6581612,9fca824b-9067-49b3-9964-53d4d34f07b1,245840
64,Cigarettes After Sex,34557d8f-ee4a-44ab-ae6e-49bb8ac604d0,11,You're All I Want,580352,5747205,950dce65-0860-48fc-a00f-8cc9521fff72,264453
64,Cigarettes After Sex,34557d8f-ee4a-44ab-ae6e-49bb8ac604d0,12,Each Time You Fall in Love,540196,5963387,f0ca38ca-5666-41cf-a6a4-bf8842476bd0,
64,Cigarettes After Sex,34557d8f-ee4a-44ab-ae6e-49bb8ac604d0,13,Crush,487567,4732856,8a3eeb0a-6bf5-428f-a7da-caeefef1a82e,264000
64,Cigarettes After Sex,34557d8f-ee4a-44ab-ae6e-49bb8ac604d0,14,Opera House,466305,4866169,8d0d6dd6-c73e-4e52-a894-c7c82c5a2004,364000
64,Cigarettes After Sex,34557d8f-ee4a-44ab-ae6e-49bb8ac604d0,15,Pistol,461253,4709423,34f2fea6-7e73-4939-ab96-f45f072a8b54,234174
65,Bad Bunny,89aa5ecb-59ad-46f5-b3eb-2d424e941f19,1,DtMF,734891,8948664,5098d5cd-7f48-4cd7-8928-43e4f84cae0f,237000
65,Bad Bunny,89aa5ecb-59ad-46f5-b3eb-2d424e941f19,2,Tití Me Preguntó,678635,9177930,8e34e6aa-126e-46f3-a7fd-e6761dd2fef2,229000
65,Bad Bunny,89aa5ecb-59ad-46f5-b3eb-2d424e941f19,3,Me Porto Bonito,629194,8882828,aaab6788-00a8-4f91-9bd2-dfb77cefc3c2,178000
65,Bad Bunny,89aa5ecb-59ad-46f5-b3eb-2d424e941f19,4,NUEVAYoL,583580,6789273,c5eee37f-9f97-48c9-b2e9-ffd20a6bb06e,183685
65,Bad Bunny,89aa5ecb-59ad-46f5-b3eb-2d424e941f19,5,BAILE INoLVIDABLE,525812,7010127,587289b2-90f4-4aea-b3c4-8a0aee6bf661,367725
65,Bad Bunny,89aa5ecb-59ad-46f5-b3eb-2d424e941f19,6,DÁKITI,514360,6936082,b6e10c60-9abb-4b67-860b-876d2a2eeaec,205000
65,Bad Bunny,89aa5ecb-59ad-46f5-b3eb-2d424e941f19,7,Moscow Mule,510717,7917597,5c7cee55-714f-4acd-9bad-c8e6d48f8bbd,226000
65,Bad Bunny,89aa5ecb-59ad-46f5-b3eb-2d424e941f19,8,VOY A LLeVARTE PA PR,461284,5793132,b7949cc8-4f21-4232-a55a-250cb2a03779,156000
65,Bad Bunny,89aa5ecb-59ad-46f5-b3eb-2d424e941f19,9,Ojitos Lindos,453544,6826000,40f1bb4f-44e0-435b-b0e0-31c0b0d29b2d,258000
65,Bad Bunny,89aa5ecb-59ad-46f5-b3eb-2d424e941f19,10,Otro Atardecer,438805,5668077,8a28bab4-c56c-40da-b4f7-2c3c734082e1,244000
65,Bad Bunny,89aa5ecb-59ad-46f5-b3eb-2d424e941f19,11,EoO,438363,5461688,d57ffa1d-4670-4627-a2ff-b4d39e282a85,204768
65,Bad Bunny,89aa5ecb-59ad-46f5-b3eb-2d424e941f19,12,Callaita,420059,4975865,3f288b3a-3270-4984-9638-201c4d6754d3,250649
65,Bad Bunny,89aa5ecb-59ad-46f5-b3eb-2d424e941f19,13,Efecto,417777,6084501,782ee794-afb3-4adb-a1d7-c6fdc1d945de,213000
65,Bad Bunny,89aa5ecb-59ad-46f5-b3eb-2d424e941f19,14,MONACO,393090,4201625,8e85f0b4-cfb4-4bcd-94dd-003c4d8b8e28,440000
65,Bad Bunny,89aa5ecb-59ad-46f5-b3eb-2d424e941f19,15,Neverita,387861,5460321,0b500297-1d57-4934-b620-9f8d2612d19e,173000
66,System of a Down,cc0b7089-c08d-4c10-b6b0-873582c17fd6,1,Chop Suey!,2605521,31792990,a4093501-5140-4a42-835f-265ef1dca159,
66,System of a Down,cc0b7089-c08d-4c10-b6b0-873582c17fd6,2,Toxicity,2393708,26609223,a8b8cc70-00be-4efb-8f12-82244d6c97aa,220000
66,System of a Down,cc0b7089-c08d-4c10-b6b0-873582c17fd6,3,Lonely Day,2041054,22886438,69e70147-0470-4afd-8088-729e4e7ef37a,167000
66,System of a Down,cc0b7089-c08d-4c10-b6b0-873582c17fd6,4,Aerials,1966128,20233100,d585c548-4033-471d-95c7-b0eee97dd83f,203000
66,System of a Down,cc0b7089-c08d-4c10-b6b0-873582c17fd6,5,B.Y.O.B.,1629687,16563240,5b07636e-5058-49ae-81a7-ed5eac8b5705,261000
66,System of a Down,cc0b7089-c08d-4c10-b6b0-873582c17fd6,6,Sugar,1350169,13970939,7c63b68e-98b1-4332-94be-b50ca3de76c3,154000
66,System of a Down,cc0b7089-c08d-4c10-b6b0-873582c17fd6,7,Hypnotize,1251706,10346222,67e5105d-3a32-4516-a68a-64e77ad0372e,
66,System of a Down,cc0b7089-c08d-4c10-b6b0-873582c17fd6,8,ATWA,1211628,9863543,fac34c7d-666e-497b-8bfa-0b8e0dfc3415,167000
66,System of a Down,cc0b7089-c08d-4c10-b6b0-873582c17fd6,9,Prison Song,1186462,9578011,a60e6338-b9a4-4f2d-81bc-10d371fcfd28,74000
66,System of a Down,cc0b7089-c08d-4c10-b6b0-873582c17fd6,10,Violent Pornography,1181098,10614702,5d3306c1-51b3-4a19-a1ec-27716dd8c4cd,211000
66,System of a Down,cc0b7089-c08d-4c10-b6b0-873582c17fd6,11,Deer Dance,1079089,8624854,23b5d9af-e5b5-4085-8ee3-4409b03b5f1f,206000
66,System of a Down,cc0b7089-c08d-4c10-b6b0-873582c17fd6,12,Cigaro,1067187,9264243,007de677-3174-4520-86c0-d35ffc3069f1,131706
66,System of a Down,cc0b7089-c08d-4c10-b6b0-873582c17fd6,13,Radio/Video,982139,8709591,7de49743-ced4-47dd-b190-ee2e0b1470fc,254000
66,System of a Down,cc0b7089-c08d-4c10-b6b0-873582c17fd6,14,Question!,975921,7832891,7ec47081-74a1-4538-9367-96ac254ccc79,235000
66,System of a Down,cc0b7089-c08d-4c10-b6b0-873582c17fd6,15,Forest,956800,6888856,caaf2207-79a0-445d-a85d-cf3ab7ea4e1a,
67,The Strokes,f181961b-20f7-459e-89de-920ef03c7ed0,1,Reptilia,2383208,25936630,8d60813d-a495-4c15-8067-af82b57ee9cb,
67,The Strokes,f181961b-20f7-459e-89de-920ef03c7ed0,2,Someday,2208401,23498413,104861ef-07a7-4d1f-8811-1b5e79fb4e2c,
67,The Strokes,f181961b-20f7-459e-89de-920ef03c7ed0,3,Last Nite,2011893,19837546,686af23d-c57c-4923-a2f2-05012a4472d1,
67,The Strokes,f181961b-20f7-459e-89de-920ef03c7ed0,4,You Only Live Once,1582322,16885330,c7a994fa-617a-4636-8b2a-da957349d68d,186000
67,The Strokes,f181961b-20f7-459e-89de-920ef03c7ed0,5,The Adults Are Talking,1464764,24918683,ceb67619-cc26-4f7f-815b-7e702f243a39,285000
67,The Strokes,f181961b-20f7-459e-89de-920ef03c7ed0,6,Hard to Explain,1452449,13933342,0d4f6d59-2762-4e85-9d83-2b504b84b277,
67,The Strokes,f181961b-20f7-459e-89de-920ef03c7ed0,7,Is This It,1412672,13936634,3ecc20ef-bf12-4a88-8573-dba78320a593,145986
67,The Strokes,f181961b-20f7-459e-89de-920ef03c7ed0,8,The Modern Age,1098049,9219660,af74bced-53e0-4ef4-b358-47fa2baf1c1b,214000
67,The Strokes,f181961b-20f7-459e-89de-920ef03c7ed0,9,12:51,1098022,10585448,4149fdc2-b619-4692-88e7-42eb7745763c,
67,The Strokes,f181961b-20f7-459e-89de-920ef03c7ed0,10,Barely Legal,1061153,9071364,3838dcf8-8592-4fef-9428-e1fcde17407a,250080
67,The Strokes,f181961b-20f7-459e-89de-920ef03c7ed0,11,Soma,1021704,8451159,c5b098e2-206d-4e28-8f83-38fd2c859176,176000
67,The Strokes,f181961b-20f7-459e-89de-920ef03c7ed0,12,Under Cover of Darkness,990011,10466024,1917599b-c749-46a2-ae98-3cbd494aaaf4,
67,The Strokes,f181961b-20f7-459e-89de-920ef03c7ed0,13,Automatic Stop,985960,7476688,67f3edb0-df9b-4dd1-bf96-35293ffa7b57,206960
67,The Strokes,f181961b-20f7-459e-89de-920ef03c7ed0,14,"Call It Fate, Call It Karma",970043,12763476,f77547b6-b113-485b-a327-1ecb3325c47a,204752
67,The Strokes,f181961b-20f7-459e-89de-920ef03c7ed0,15,Heart In a Cage,921405,7919238,fe624bdc-ad59-45b5-8071-3b15b5a726af,203000
68,Red Hot Chili Peppers,8bfac288-ccc5-448d-9573-c33ea2aa5c30,1,Californication,2886228,26259602,e22b60f6-c398-42b4-94eb-5015baea3203,314000
68,Red Hot Chili Peppers,8bfac288-ccc5-448d-9573-c33ea2aa5c30,2,Under the Bridge,2641360,23484283,0777c7a9-b025-4319-98f6-c0d5cea19a18,290000
68,Red Hot Chili Peppers,8bfac288-ccc5-448d-9573-c33ea2aa5c30,3,Scar Tissue,2619857,25398014,15ab4385-88ae-4901-886f-db547f25ff53,211293
68,Red Hot Chili Peppers,8bfac288-ccc5-448d-9573-c33ea2aa5c30,4,Otherside,2351748,21390780,a192f432-99e5-4cd7-9eee-6a4c56a18f1e,265000
68,Red Hot Chili Peppers,8bfac288-ccc5-448d-9573-c33ea2aa5c30,5,Can't Stop,2342323,23803758,b17c7cc5-34df-4742-a152-b7651657c156,293000
68,Red Hot Chili Peppers,8bfac288-ccc5-448d-9573-c33ea2aa5c30,6,Dani California,2140458,18909906,dc920bec-ddef-47b4-9134-266648096231,294000
68,Red Hot Chili Peppers,8bfac288-ccc5-448d-9573-c33ea2aa5c30,7,By the Way,1832193,15528782,5c2214e2-95ad-47f8-8da2-7105135c2cfb,235000
68,Red Hot Chili Peppers,8bfac288-ccc5-448d-9573-c33ea2aa5c30,8,Snow (Hey Oh),1567092,14030688,db2ade2c-9345-4940-9bfd-733606da7067,351449
68,Red Hot Chili Peppers,8bfac288-ccc5-448d-9573-c33ea2aa5c30,9,Give It Away,1376207,8901274,c1ab1d60-edd7-4561-b69e-533dba892302,453933
68,Red Hot Chili Peppers,8bfac288-ccc5-448d-9573-c33ea2aa5c30,10,Around the World,1184603,7950941,a36c916f-15f9-4b8c-95ed-04156cce7934,231400
68,Red Hot Chili Peppers,8bfac288-ccc5-448d-9573-c33ea2aa5c30,11,The Zephyr Song,1182815,8995564,6fefd499-2c8e-45e5-aa91-e37d80ec17ff,243000
68,Red Hot Chili Peppers,8bfac288-ccc5-448d-9573-c33ea2aa5c30,12,Parallel Universe,1088612,6725133,73d59d52-a4e4-4a34-b6e2-e54c3409ed1a,334000
68,Red Hot Chili Peppers,8bfac288-ccc5-448d-9573-c33ea2aa5c30,13,Road Trippin',1035307,6277457,76ecba2f-1ebe-4f44-9ee3-b8fe3fabc04a,357933
68,Red Hot Chili Peppers,8bfac288-ccc5-448d-9573-c33ea2aa5c30,14,Tell Me Baby,971045,6672584,b9297cda-cee0-4ff8-b675-e201e8ef5ebf,
68,Red Hot Chili Peppers,8bfac288-ccc5-448d-9573-c33ea2aa5c30,15,Suck My Kiss,960539,5773293,8e4ab70b-7c6f-4b6d-9c8a-a4e955f83b3e,370866
69,twenty one pilots,a6c6897a-7415-4f8d-b5a5-3a5e05f3be67,1,Stressed Out,1756847,19180850,57253ea8-04f3-41dc-b222-e69f1c7e8520,283995
69,twenty one pilots,a6c6897a-7415-4f8d-b5a5-3a5e05f3be67,2,Ride,1413189,14239083,65006b71-e166-4e94-b5a9-5cb1b1a9b58d,266977
69,twenty one pilots,a6c6897a-7415-4f8d-b5a5-3a5e05f3be67,3,Heathens,1273504,11655230,53ef2da3-8230-4fd4-8da1-99922b7126a2,195000
69,twenty one pilots,a6c6897a-7415-4f8d-b5a5-3a5e05f3be67,4,Tear in My Heart,957396,10472764,34c23bc2-755f-48bb-835e-1d54ac24ac30,141766
69,twenty one pilots,a6c6897a-7415-4f8d-b5a5-3a5e05f3be67,5,Heavydirtysoul,676138,7716969,151f50cc-622a-4aaf-8df8-f5e80159927c,245000
69,twenty one pilots,a6c6897a-7415-4f8d-b5a5-3a5e05f3be67,6,Chlorine,664577,8417064,c9995761-9989-412b-a327-400c257b5f5b,319000
69,twenty one pilots,a6c6897a-7415-4f8d-b5a5-3a5e05f3be67,7,Doubt,624596,6522703,c4c6251b-44b5-478e-b806-3401488d1070,244287
69,twenty one pilots,a6c6897a-7415-4f8d-b5a5-3a5e05f3be67,8,Car Radio,623251,7567827,ff21a789-0093-4853-959a-f848ffc09e59,301000
69,twenty one pilots,a6c6897a-7415-4f8d-b5a5-3a5e05f3be67,9,House of Gold,533986,5049002,a647fa50-e546-4dfb-848a-ff7a7a23a377,184000
69,twenty one pilots,a6c6897a-7415-4f8d-b5a5-3a5e05f3be67,10,My Blood,485724,6459123,6537cbfb-1807-4a70-9563-8b63b119e594,235964
69,twenty one pilots,a6c6897a-7415-4f8d-b5a5-3a5e05f3be67,11,Jumpsuit,478489,6223160,996b97e9-a4d1-4646-8e5b-290b1bcd479b,284000
69,twenty one pilots,a6c6897a-7415-4f8d-b5a5-3a5e05f3be67,12,Lane Boy,472214,4867835,2f8be966-7625-4560-af9b-623dd8045e31,306048
69,twenty one pilots,a6c6897a-7415-4f8d-b5a5-3a5e05f3be67,13,Holding on to You,456225,6007399,f029d08e-cdc3-4381-a3b1-f45fd9240eb1,488827
69,twenty one pilots,a6c6897a-7415-4f8d-b5a5-3a5e05f3be67,14,Migraine,456194,5395356,35766243-a040-4fbd-95ef-0b787999f6d4,239000
69,twenty one pilots,a6c6897a-7415-4f8d-b5a5-3a5e05f3be67,15,Fairly Local,425668,4177424,f0d2a915-d8ae-4197-bed9-8ef0da76e71f,151000
70,Eminem,b95ce3ff-3d05-4e87-9e01-c97b66af13d4,1,Without Me,2186464,19618638,b548f235-4751-4996-a25b-8cbb1824420c,106000
70,Eminem,b95ce3ff-3d05-4e87-9e01-c97b66af13d4,2,The Real Slim Shady,2130149,16990706,545fc53a-613d-49c5-a0fc-1e5e1b5e6021,
70,Eminem,b95ce3ff-3d05-4e87-9e01-c97b66af13d4,3,Lose Yourself,1681905,13044565,83829a95-18a1-4df8-b390-d51ca9e93257,405946
70,Eminem,b95ce3ff-3d05-4e87-9e01-c97b66af13d4,4,Mockingbird,1592806,13789848,badebed5-e36e-4a9e-a496-456810fedfb2,218000
70,Eminem,b95ce3ff-3d05-4e87-9e01-c97b66af13d4,5,Stan,1546323,12339995,2c3b56fe-2347-4349-9a7e-479769872b9b,459200
70,Eminem,b95ce3ff-3d05-4e87-9e01-c97b66af13d4,6,Love the Way You Lie,1467475,10984151,460cc251-8e19-4996-bb26-d386a4553ef3,
70,Eminem,b95ce3ff-3d05-4e87-9e01-c97b66af13d4,7,My Name Is,1259796,7401464,136c6183-7bbb-465a-9409-68ca8c75d4f5,104480
70,Eminem,b95ce3ff-3d05-4e87-9e01-c97b66af13d4,8,Not Afraid,1250683,10495529,6ee90a1b-ad17-4086-85bd-8c8a1be87ef6,251000
70,Eminem,b95ce3ff-3d05-4e87-9e01-c97b66af13d4,9,Superman,1167553,9642681,9f41ff31-d86e-4a8a-bf05-22e132f99d85,286000
70,Eminem,b95ce3ff-3d05-4e87-9e01-c97b66af13d4,10,Sing for the Moment,1076810,7695926,ff45867c-7add-4249-8438-c1c5ced92957,
70,Eminem,b95ce3ff-3d05-4e87-9e01-c97b66af13d4,11,The Monster,1000905,7067242,b71b5926-bc37-4af2-b699-992de6d58219,249560
70,Eminem,b95ce3ff-3d05-4e87-9e01-c97b66af13d4,12,The Way I Am,985219,6774971,f32e8c77-5ab2-4e21-9c0e-7a19d7ef2483,276640
70,Eminem,b95ce3ff-3d05-4e87-9e01-c97b66af13d4,13,Godzilla (feat. Juice WRLD),880645,10346890,,
70,Eminem,b95ce3ff-3d05-4e87-9e01-c97b66af13d4,14,Rap God,864267,6965426,b023e866-6fac-4839-b7d8-95075574309a,
70,Eminem,b95ce3ff-3d05-4e87-9e01-c97b66af13d4,15,Till I Collapse,766622,6028524,af55867a-05d8-4ee7-b94c-34dc39eab387,249000
71,Metro Boomin,59db3d82-86ea-451f-881f-dffc8ec387c9,1,Creepin' (with The Weeknd & 21 Savage),1160668,16731241,,
71,Metro Boomin,59db3d82-86ea-451f-881f-dffc8ec387c9,2,Too Many Nights (feat. Don Toliver & with Future),982668,19681452,,
71,Metro Boomin,59db3d82-86ea-451f-881f-dffc8ec387c9,3,Trance (with Travis Scott & Young Thug),913487,17921475,,
71,Metro Boomin,59db3d82-86ea-451f-881f-dffc8ec387c9,4,Superhero (Heroes & Villains) [with Future & Chris Brown],877258,14171237,b02d506c-7c8b-45a5-8253-6338a39090ed,
71,Metro Boomin,59db3d82-86ea-451f-881f-dffc8ec387c9,5,Space Cadet (feat. Gunna),840661,10194308,,
71,Metro Boomin,59db3d82-86ea-451f-881f-dffc8ec387c9,6,Overdue (with Travis Scott),756782,12428420,,
71,Metro Boomin,59db3d82-86ea-451f-881f-dffc8ec387c9,7,10 Freaky Girls (with 21 Savage),651485,8772779,,
71,Metro Boomin,59db3d82-86ea-451f-881f-dffc8ec387c9,8,Around Me (feat. Don Toliver),612149,9601667,,
71,Metro Boomin,59db3d82-86ea-451f-881f-dffc8ec387c9,9,I Can't Save You (Interlude) [with Future & feat. Don Toliver],578798,8237808,,
71,Metro Boomin,59db3d82-86ea-451f-881f-dffc8ec387c9,10,Niagara Falls (Foot or 2) [with Travis Scott & 21 Savage],555172,7972512,,
71,Metro Boomin,59db3d82-86ea-451f-881f-dffc8ec387c9,11,"Am I Dreaming (Metro Boomin & A$AP Rocky, Roisee)",545268,7351847,,
71,Metro Boomin,59db3d82-86ea-451f-881f-dffc8ec387c9,12,Raindrops (Insane) [with Travis Scott],523437,7288972,,
71,Metro Boomin,59db3d82-86ea-451f-881f-dffc8ec387c9,13,Feel the Fiyaaaah (with A$AP Rocky & feat. Takeoff),464278,6112790,,
71,Metro Boomin,59db3d82-86ea-451f-881f-dffc8ec387c9,14,"Annihilate (Spider-Man: Across the Spider-Verse) (Metro Boomin & Swae Lee, Lil Wayne, Offset)",453370,4988712,,
71,Metro Boomin,59db3d82-86ea-451f-881f-dffc8ec387c9,15,"Calling (Spider-Man: Across the Spider-Verse) (Metro Boomin & Swae Lee, NAV, feat. A Boogie Wit da Hoodie)",443911,4626427,,
72,Green Day,084308bd-1654-436f-ba03-df6697104e19,1,Basket Case,2414785,21084772,ba29d0bf-3806-47f1-ae94-f4a978f254df,172866
72,Green Day,084308bd-1654-436f-ba03-df6697104e19,2,American Idiot,2398119,22206442,ed56570d-a9f3-4b2d-afd6-88cd75b02594,252000
72,Green Day,084308bd-1654-436f-ba03-df6697104e19,3,Boulevard of Broken Dreams,2244676,18416609,b3cf0833-61de-45f0-b713-15db7a859f6f,284960
72,Green Day,084308bd-1654-436f-ba03-df6697104e19,4,Wake Me Up When September Ends,1985165,15930738,d711eca0-9ea5-4fe9-9173-d8c0b1a5eb0d,283000
72,Green Day,084308bd-1654-436f-ba03-df6697104e19,5,When I Come Around,1688677,12933909,96a0c4b4-339c-4ee9-9061-ac91c9019e9c,498760
72,Green Day,084308bd-1654-436f-ba03-df6697104e19,6,Holiday,1574549,12308059,a4b0cbc1-ab2f-4944-8b89-ca2ee2a301a9,258000
72,Green Day,084308bd-1654-436f-ba03-df6697104e19,7,Good Riddance (Time of Your Life),1421302,11790988,ff5a4809-40b4-47a0-837e-68c3a7dc9503,
72,Green Day,084308bd-1654-436f-ba03-df6697104e19,8,21 Guns,1274866,11232568,08046a90-9087-40aa-8e11-483336bd1523,321373
72,Green Day,084308bd-1654-436f-ba03-df6697104e19,9,Brain Stew,1244761,10603557,0b6b80bf-c7b6-489a-98ba-5ef3c25fdc90,
72,Green Day,084308bd-1654-436f-ba03-df6697104e19,10,Welcome to Paradise,1059497,7846092,37e6195d-d620-4d9f-b9f5-820a5dc49318,220373
72,Green Day,084308bd-1654-436f-ba03-df6697104e19,11,Jesus of Suburbia,952273,7830251,a7ffaf81-8418-478d-ba2a-fcbd2e999ec2,
72,Green Day,084308bd-1654-436f-ba03-df6697104e19,12,She,882079,6067373,d6fd6242-52b4-47fb-a150-4e09966a3702,
72,Green Day,084308bd-1654-436f-ba03-df6697104e19,13,Longview,859472,5892344,abae2f5a-916b-44a8-b45e-e3bdb6ea5e37,
72,Green Day,084308bd-1654-436f-ba03-df6697104e19,14,Whatsername,681746,5292661,badc7d8d-0de0-4379-b0e9-a8c91b92d1ef,252000
72,Green Day,084308bd-1654-436f-ba03-df6697104e19,15,Know Your Enemy,669129,5358312,8df835aa-3d17-4b4e-87f3-4ac2dfe63e71,204000
73,The Cure,69ee3720-a7cb-4402-b48d-a02c366f2bcf,1,Friday I'm in Love,2179086,20926947,739fea2e-ef6c-4556-8401-0657a04d924a,
73,The Cure,69ee3720-a7cb-4402-b48d-a02c366f2bcf,2,Boys Don't Cry,2167962,23576923,51978295-e073-4e49-8c7a-c9283e070c48,155093
73,The Cure,69ee3720-a7cb-4402-b48d-a02c366f2bcf,3,Just Like Heaven,2163380,24228935,5d5200a4-1341-4bf7-9379-226c17e531b6,252306
73,The Cure,69ee3720-a7cb-4402-b48d-a02c366f2bcf,4,Close to Me,1299892,9837257,3e42b8a5-9186-4971-bcfb-f2d3b7ae6323,206000
73,The Cure,69ee3720-a7cb-4402-b48d-a02c366f2bcf,5,Lullaby,1024257,7875105,e0dc2577-297a-436d-8175-7ad513f38e12,248000
73,The Cure,69ee3720-a7cb-4402-b48d-a02c366f2bcf,6,A Forest,1012108,7736772,ca76eb3b-52a6-4678-bf3c-aaac8a47c2fd,406173
73,The Cure,69ee3720-a7cb-4402-b48d-a02c366f2bcf,7,The Lovecats,879148,5975727,5ba073e7-9c96-4eb5-9a2f-8fcd3a0dcd70,275893
73,The Cure,69ee3720-a7cb-4402-b48d-a02c366f2bcf,8,Lovesong,849585,6127141,68ab8768-9abb-409a-9e64-639759d375e2,213655
73,The Cure,69ee3720-a7cb-4402-b48d-a02c366f2bcf,9,Inbetween Days,743828,5726896,83e1ea47-f858-41ea-8a54-de5ca4417830,209031
73,The Cure,69ee3720-a7cb-4402-b48d-a02c366f2bcf,10,Pictures of You,738288,5159202,01d46542-bb9c-472a-acdc-85abb1c4054d,447080
73,The Cure,69ee3720-a7cb-4402-b48d-a02c366f2bcf,11,Let's Go to Bed,704621,5178266,2badc079-ec7d-461b-afbb-ce26b953f030,214333
73,The Cure,69ee3720-a7cb-4402-b48d-a02c366f2bcf,12,Lovesong - Remastered,641549,6510493,,
73,The Cure,69ee3720-a7cb-4402-b48d-a02c366f2bcf,13,High,635295,3426890,3a0ec796-8cd6-4a0b-871a-ae800bc7effc,217652
73,The Cure,69ee3720-a7cb-4402-b48d-a02c366f2bcf,14,Why Can't I Be You?,602622,3534491,df6106df-6e6e-4688-8e2f-ddc1e1810bd0,
73,The Cure,69ee3720-a7cb-4402-b48d-a02c366f2bcf,15,A Letter to Elise,515284,3320874,a1605217-59b4-4a5c-96d0-fb02ae67742e,290733
74,Post Malone,b1e26560-60e5-4236-bbdb-9aa5a8d5ee19,1,Sunflower - Spider-Man: Into the Spider-Verse,1649932,24284425,,
74,Post Malone,b1e26560-60e5-4236-bbdb-9aa5a8d5ee19,2,Circles,1413794,20389464,a02e147c-18d3-4d2a-aa3d-4444ce90b517,215277
74,Post Malone,b1e26560-60e5-4236-bbdb-9aa5a8d5ee19,3,rockstar (feat. 21 Savage),1135742,12131137,,
74,Post Malone,b1e26560-60e5-4236-bbdb-9aa5a8d5ee19,4,Congratulations,1035379,10279389,18b9ead9-ad4d-47ce-9bea-a248b88e8734,270000
74,Post Malone,b1e26560-60e5-4236-bbdb-9aa5a8d5ee19,5,Better Now,1002276,11153059,2b632288-0cca-4cc8-85cc-8272f862920e,231261
74,Post Malone,b1e26560-60e5-4236-bbdb-9aa5a8d5ee19,6,Wow.,876945,9891531,afa29727-df4c-4c73-9116-fda1d0d235a4,149520
74,Post Malone,b1e26560-60e5-4236-bbdb-9aa5a8d5ee19,7,White Iverson,744309,7676098,583c097a-20fa-4c3b-ad54-52ba36521c44,256531
74,Post Malone,b1e26560-60e5-4236-bbdb-9aa5a8d5ee19,8,I Like You (A Happier Song) (with Doja Cat),726061,7610712,,
74,Post Malone,b1e26560-60e5-4236-bbdb-9aa5a8d5ee19,9,I Fall Apart,708700,7371514,62da8490-45f6-4cbd-87ac-e2609d1f754f,223350
74,Post Malone,b1e26560-60e5-4236-bbdb-9aa5a8d5ee19,10,Goodbyes (feat. Young Thug),684864,8519410,,
74,Post Malone,b1e26560-60e5-4236-bbdb-9aa5a8d5ee19,11,Psycho (feat. Ty Dolla $ign),679431,7035560,,
74,Post Malone,b1e26560-60e5-4236-bbdb-9aa5a8d5ee19,12,One Right Now (with The Weeknd),613904,6239226,,
74,Post Malone,b1e26560-60e5-4236-bbdb-9aa5a8d5ee19,13,I Had Some Help (feat. Morgan Wallen),610220,6807047,,
74,Post Malone,b1e26560-60e5-4236-bbdb-9aa5a8d5ee19,14,Take What You Want (feat. Ozzy Osbourne & Travis Scott),575603,6532897,,
74,Post Malone,b1e26560-60e5-4236-bbdb-9aa5a8d5ee19,15,Go Flex,557582,6246698,8bc81149-7ec5-4ae5-994d-e23f7b732320,181000
75,Hozier,b4691384-50c3-4afd-9988-51d3ec5db65d,1,Take Me to Church,2085728,25989611,c11179f1-046a-4716-8315-95a8f50bc830,
75,Hozier,b4691384-50c3-4afd-9988-51d3ec5db65d,2,Too Sweet,1275526,18768583,abc45ef4-a3a9-42bb-a14c-09c77f26936d,251424
75,Hozier,b4691384-50c3-4afd-9988-51d3ec5db65d,3,Work Song,943260,12131713,53c36f52-0b75-4959-ab35-c7b731ad4cce,230000
75,Hozier,b4691384-50c3-4afd-9988-51d3ec5db65d,4,Like Real People Do,928373,12562554,5c4b8241-b0a1-41f6-aa90-7153fc90fbb0,231000
75,Hozier,b4691384-50c3-4afd-9988-51d3ec5db65d,5,Someone New,925524,9967839,d67a2852-638a-4924-b784-1260a1b77264,263383
75,Hozier,b4691384-50c3-4afd-9988-51d3ec5db65d,6,From Eden,785384,8399645,1ef6a6d8-41de-4aae-b400-5e23690aaf96,283466
75,Hozier,b4691384-50c3-4afd-9988-51d3ec5db65d,7,Cherry Wine - Live,745143,9341060,,
75,Hozier,b4691384-50c3-4afd-9988-51d3ec5db65d,8,Jackie and Wilson,625604,7616700,10ca00e2-4132-411b-87cb-401165cecac6,223120
75,Hozier,b4691384-50c3-4afd-9988-51d3ec5db65d,9,Would That I,623195,8669345,1fc1ce98-1a82-48e8-a2a9-81cb8d56f69a,268293
75,Hozier,b4691384-50c3-4afd-9988-51d3ec5db65d,10,Almost (Sweet Music),562682,6647123,18fc91e7-a675-4951-818b-7998e6d5c4fd,218000
75,Hozier,b4691384-50c3-4afd-9988-51d3ec5db65d,11,Eat Your Young,556113,7092982,fb9d68d2-d492-4680-a4c3-4dde04189871,242293
75,Hozier,b4691384-50c3-4afd-9988-51d3ec5db65d,12,Movement,461151,4941401,754104a2-a7d2-421f-84c7-f5a6cd144f76,252290
75,Hozier,b4691384-50c3-4afd-9988-51d3ec5db65d,13,Arsonist's Lullabye,410559,3311232,f861bd59-ac75-408d-9adc-e4ee89203ed9,266613
75,Hozier,b4691384-50c3-4afd-9988-51d3ec5db65d,14,Shrike,377086,3734481,525084ae-0a09-493c-9454-7944d515e774,298880
75,Hozier,b4691384-50c3-4afd-9988-51d3ec5db65d,15,"Wasteland, Baby!",372954,4864600,b7011c1f-60cc-4611-8f08-01c33b768734,266467
76,Daft Punk,056e4f3e-d505-4dad-8ec1-d04f521cbb56,1,One More Time,2200416,17512155,d1c944a9-704e-4401-8f4c-c50625cfd3d6,179946
76,Daft Punk,056e4f3e-d505-4dad-8ec1-d04f521cbb56,2,"Harder, Better, Faster, Stronger",1728831,15129342,162acc03-b432-45d9-9db8-1117f6c30ddb,195360
76,Daft Punk,056e4f3e-d505-4dad-8ec1-d04f521cbb56,3,Around the World,1621363,10431797,c8698a5f-987c-4458-a304-c12e749154bc,245000
76,Daft Punk,056e4f3e-d505-4dad-8ec1-d04f521cbb56,4,Something About Us,1469361,13612113,5b10deac-1257-43f1-8716-50dd976f3f59,221373
76,Daft Punk,056e4f3e-d505-4dad-8ec1-d04f521cbb56,5,Digital Love,1407803,12192413,75ea0cd7-41aa-433c-b8c4-fbbd49f21442,266000
76,Daft Punk,056e4f3e-d505-4dad-8ec1-d04f521cbb56,6,Aerodynamic,1279860,9313969,1a592963-4193-496d-9725-a34de1d81626,194000
76,Daft Punk,056e4f3e-d505-4dad-8ec1-d04f521cbb56,7,Veridis Quo,1106388,8630723,06515e28-7a02-4b52-843d-369a923e5211,
76,Daft Punk,056e4f3e-d505-4dad-8ec1-d04f521cbb56,8,Voyager,1016783,7034788,3e89e2fa-8e35-4573-988a-c572c95af692,227920
76,Daft Punk,056e4f3e-d505-4dad-8ec1-d04f521cbb56,9,Face to Face,994276,7758562,d70c0bbe-d4fa-44f7-a700-5d171550a96b,198333
76,Daft Punk,056e4f3e-d505-4dad-8ec1-d04f521cbb56,10,Da Funk,966317,5543679,27b2066e-1f29-4958-8474-9f6aca75e7f6,438000
76,Daft Punk,056e4f3e-d505-4dad-8ec1-d04f521cbb56,11,Instant Crush (feat. Julian Casablancas),964191,12821987,,
76,Daft Punk,056e4f3e-d505-4dad-8ec1-d04f521cbb56,12,Technologic,962117,5663228,04d6ea77-9328-40a2-8eee-d9fc6e80c979,329000
76,Daft Punk,056e4f3e-d505-4dad-8ec1-d04f521cbb56,13,Crescendolls,911404,5746091,f7afb18f-ee31-41fb-b773-1a08fecc354b,235000
76,Daft Punk,056e4f3e-d505-4dad-8ec1-d04f521cbb56,14,Robot Rock,895959,5234146,449734a3-7784-462a-bc98-0782a85111c7,226546
76,Daft Punk,056e4f3e-d505-4dad-8ec1-d04f521cbb56,15,Give Life Back to Music,885457,6133651,4383e23d-59a3-4631-8727-0b3248061cf9,179000
77,Queen,0383dadf-2a4e-4d10-a46a-e9e041da8eb3,1,Bohemian Rhapsody,2169622,15757090,3eea5cf7-feba-49bc-be94-1b155dbcb165,363106
77,Queen,0383dadf-2a4e-4d10-a46a-e9e041da8eb3,2,Bohemian Rhapsody - Remastered 2011,1535005,11777261,,
77,Queen,0383dadf-2a4e-4d10-a46a-e9e041da8eb3,3,Don't Stop Me Now - Remastered 2011,1482634,11979320,,
77,Queen,0383dadf-2a4e-4d10-a46a-e9e041da8eb3,4,Another One Bites the Dust,1381939,8599670,6028766d-7d68-478f-a2d0-93555d1ee29f,391280
77,Queen,0383dadf-2a4e-4d10-a46a-e9e041da8eb3,5,Another One Bites The Dust - Remastered 2011,1376806,9980278,,
77,Queen,0383dadf-2a4e-4d10-a46a-e9e041da8eb3,6,Don't Stop Me Now,1319393,9861914,2249ade0-63d7-4d14-8267-ea966dfce374,299000
77,Queen,0383dadf-2a4e-4d10-a46a-e9e041da8eb3,7,We Will Rock You,1265078,7455400,d2996094-743e-4d41-8cb4-2924e1be2c12,262960
77,Queen,0383dadf-2a4e-4d10-a46a-e9e041da8eb3,8,Under Pressure - Remastered 2011,1243915,9625695,b01e9e3f-6abb-4f0b-b39c-291a0bd03f59,248440
77,Queen,0383dadf-2a4e-4d10-a46a-e9e041da8eb3,9,Killer Queen,1231419,8256341,25238788-53d1-420a-b6c0-198357722a82,187186
77,Queen,0383dadf-2a4e-4d10-a46a-e9e041da8eb3,10,Killer Queen - Remastered 2011,1158275,9509540,c9aef6d1-b6cd-405e-9164-e55ad8bfe7eb,184066
77,Queen,0383dadf-2a4e-4d10-a46a-e9e041da8eb3,11,I Want to Break Free,1127331,6840629,69ec9008-574c-485b-8059-5e5564d192af,386120
77,Queen,0383dadf-2a4e-4d10-a46a-e9e041da8eb3,12,We Are the Champions,1079064,6131563,d24b121e-3376-4f84-9812-97ae2023e88b,240000
77,Queen,0383dadf-2a4e-4d10-a46a-e9e041da8eb3,13,Under Pressure,1040558,6736365,73d36cd9-a9cd-4caa-8309-b4c01f911ffb,225440
77,Queen,0383dadf-2a4e-4d10-a46a-e9e041da8eb3,14,Somebody to Love,1026709,6428271,a0460df0-e45a-441f-b692-a5972ae29d23,430574
77,Queen,0383dadf-2a4e-4d10-a46a-e9e041da8eb3,15,Crazy Little Thing Called Love,939428,5581628,c4a7ae63-cb97-4ba0-9b36-c8026c4590e3,272000
78,Daniel Caesar,b46e298d-d3a5-4695-a03e-63e8c523b23e,1,Get You (feat. Kali Uchis),1251598,20213886,,
78,Daniel Caesar,b46e298d-d3a5-4695-a03e-63e8c523b23e,2,Best Part (feat. H.E.R.),1111828,15074466,,
78,Daniel Caesar,b46e298d-d3a5-4695-a03e-63e8c523b23e,3,Japanese Denim,915554,14558221,8979c29a-6c76-4b66-bf71-2ec4a15187c4,270847
78,Daniel Caesar,b46e298d-d3a5-4695-a03e-63e8c523b23e,4,Loose,641878,9812920,16894bd5-854e-41e3-81f4-ec99b4e4fa86,185523
78,Daniel Caesar,b46e298d-d3a5-4695-a03e-63e8c523b23e,5,Hold Me Down,588117,7841128,3512ca9e-6346-4449-9dd5-a9bd263a9fb0,231268
78,Daniel Caesar,b46e298d-d3a5-4695-a03e-63e8c523b23e,6,CYANIDE,585829,8313582,c7de8ee1-da66-4ab1-9b26-8267ea58b6f2,195000
78,Daniel Caesar,b46e298d-d3a5-4695-a03e-63e8c523b23e,7,Superpowers,583979,7994504,8c72686d-fc25-4e9c-aefe-0f5b2670bcec,175000
78,Daniel Caesar,b46e298d-d3a5-4695-a03e-63e8c523b23e,8,Always,568886,9623478,d7b68421-b496-49c7-a898-92df7fde5f48,225312
78,Daniel Caesar,b46e298d-d3a5-4695-a03e-63e8c523b23e,9,Valentina,478927,5501892,40426eee-28a3-42dd-b94d-a04b286a2a19,154531
78,Daniel Caesar,b46e298d-d3a5-4695-a03e-63e8c523b23e,10,Do You Like Me?,475657,5520847,cac00a86-8b7a-4948-bff8-14106d5cb94c,227560
78,Daniel Caesar,b46e298d-d3a5-4695-a03e-63e8c523b23e,11,Let Me Go,473639,6092275,cf63a0de-a055-4f2a-bdbd-52942fb614a2,216524
78,Daniel Caesar,b46e298d-d3a5-4695-a03e-63e8c523b23e,12,Who Hurt You?,460296,5576117,f12c7033-64a2-432e-bc92-650872d1052d,231000
78,Daniel Caesar,b46e298d-d3a5-4695-a03e-63e8c523b23e,13,We Find Love,415133,4300529,afb02149-7058-4794-a1d2-41ac92d93aa1,254000
78,Daniel Caesar,b46e298d-d3a5-4695-a03e-63e8c523b23e,14,Streetcar,404796,5152230,105e89ce-0462-4eba-9cd7-e3b2639d0ffa,247000
78,Daniel Caesar,b46e298d-d3a5-4695-a03e-63e8c523b23e,15,Blessed,353645,3651664,571e376a-42e0-42fc-b834-27378be408a8,240000
79,Addison Rae,610b71d9-fa78-47d6-9073-083922e73840,1,Diet Pepsi,933782,19445041,3be89e63-d488-4506-8c7f-34664bdc6dbc,170000
79,Addison Rae,610b71d9-fa78-47d6-9073-083922e73840,2,Fame Is a Gun,614323,9914647,afdef3db-3855-4d71-9347-2adb42503c1b,183000
79,Addison Rae,610b71d9-fa78-47d6-9073-083922e73840,3,Aquamarine,500993,9314489,705b5541-93e2-4a39-99fa-a2c0e4a4f19c,163000
79,Addison Rae,610b71d9-fa78-47d6-9073-083922e73840,4,Headphones On,488487,7545933,4cb93373-36f5-47f8-81a7-697a97712b13,240000
79,Addison Rae,610b71d9-fa78-47d6-9073-083922e73840,5,High Fashion,348937,5549538,6accb684-364c-470b-97b4-003acbfaca67,198000
79,Addison Rae,610b71d9-fa78-47d6-9073-083922e73840,6,New York,312855,3946668,7c2f5208-8b3c-46a5-b98a-402ee368c7ab,152493
79,Addison Rae,610b71d9-fa78-47d6-9073-083922e73840,7,Money Is Everything,309271,3809325,f0026cfa-3335-45fe-a592-bc4966a43505,123000
79,Addison Rae,610b71d9-fa78-47d6-9073-083922e73840,8,Times Like These,290436,3260167,d49ff145-7a3c-4b8e-b3b3-2a6cf2fc57ba,233000
79,Addison Rae,610b71d9-fa78-47d6-9073-083922e73840,9,2 Die 4 (feat. Charli XCX),278964,2536558,,
79,Addison Rae,610b71d9-fa78-47d6-9073-083922e73840,10,Summer Forever,269297,2767605,fb2a5f46-3c4b-4494-a831-0aabf9f5acb4,228000
79,Addison Rae,610b71d9-fa78-47d6-9073-083922e73840,11,In the Rain,251538,2602097,f2122876-7dde-4180-9864-acabb8d10ad0,214000
79,Addison Rae,610b71d9-fa78-47d6-9073-083922e73840,12,Lost & Found,227649,1824114,c1aab8e9-2b78-4755-829f-ed2839c292c2,48346
79,Addison Rae,610b71d9-fa78-47d6-9073-083922e73840,13,I got it bad,212074,2273775,043c05b1-f2a5-4f9e-ac10-9389c3113c8b,175998
79,Addison Rae,610b71d9-fa78-47d6-9073-083922e73840,14,Life's No Fun Through Clear Waters,193176,1497738,31731c9d-e3af-4457-902f-3721f1e14462,57013
79,Addison Rae,610b71d9-fa78-47d6-9073-083922e73840,15,Nothing On (But The Radio),185101,1827115,4e85d9d4-07b4-45b4-9ed9-31082fb608dd,149745
80,Pierce the Veil,8ed919fb-eaee-45a1-ba99-b3ede9ca5f1d,1,King for a Day,936477,18169390,aaa5e94a-ec26-4c36-b647-e073b4bdd5c1,144000
80,Pierce the Veil,8ed919fb-eaee-45a1-ba99-b3ede9ca5f1d,2,A Match Into Water,739100,11867574,8e57019e-b2b8-4965-a442-63993c3d1216,212546
80,Pierce the Veil,8ed919fb-eaee-45a1-ba99-b3ede9ca5f1d,3,Bulls in the Bronx,616895,10213348,796d61e5-9315-4140-b6f1-39a69338703b,267867
80,Pierce the Veil,8ed919fb-eaee-45a1-ba99-b3ede9ca5f1d,4,Caraphernelia,583615,10104252,98d821b3-418f-4606-aa05-f40697ed9db4,267000
80,Pierce the Veil,8ed919fb-eaee-45a1-ba99-b3ede9ca5f1d,5,Hell Above,568271,9221635,0feafb92-02a4-4d49-9408-6468bdb18867,324000
80,Pierce the Veil,8ed919fb-eaee-45a1-ba99-b3ede9ca5f1d,6,Bulletproof Love,475373,6650066,2a4cf2b1-1c25-4e01-b08c-385a0ab9f043,238000
80,Pierce the Veil,8ed919fb-eaee-45a1-ba99-b3ede9ca5f1d,7,Hold On Till May,427440,7123187,aa19e647-3e57-4957-87c2-e423d4417090,281987
80,Pierce the Veil,8ed919fb-eaee-45a1-ba99-b3ede9ca5f1d,8,Circles,420985,5682320,eacbe1ef-9768-46c6-9672-9ec78610c1ae,315000
80,Pierce the Veil,8ed919fb-eaee-45a1-ba99-b3ede9ca5f1d,9,So Far So Fake,399746,4524782,2b91c212-c1d3-4a0a-8790-9c2f84769622,236000
80,Pierce the Veil,8ed919fb-eaee-45a1-ba99-b3ede9ca5f1d,10,Pass the Nirvana,385672,5235334,1dd170f0-0fb6-4a04-a03b-250959b02db5,244000
80,Pierce the Veil,8ed919fb-eaee-45a1-ba99-b3ede9ca5f1d,11,Besitos,357373,5585940,fc76b669-0857-4b7a-bb1a-4f16b862274a,264653
80,Pierce the Veil,8ed919fb-eaee-45a1-ba99-b3ede9ca5f1d,12,One Hundred Sleepless Nights,351375,4794736,32464a50-6832-4bed-b04f-93804c667324,221840
80,Pierce the Veil,8ed919fb-eaee-45a1-ba99-b3ede9ca5f1d,13,I'm Low on Gas and You Need a Jacket,319152,4572334,f62ae39d-b7fc-4b66-a2dd-0cac62f45d65,252000
80,Pierce the Veil,8ed919fb-eaee-45a1-ba99-b3ede9ca5f1d,14,Disasterology,313259,5157531,8d84b9fb-84f4-4bdc-a7ae-6fbcaeb3a428,205346
80,Pierce the Veil,8ed919fb-eaee-45a1-ba99-b3ede9ca5f1d,15,Yeah Boy and Doll Face,311731,4328642,a3a87d7c-a74d-4bff-bc9f-c2164577bbc5,246000
81,Harry Styles,7eb1ce54-a355-41f9-8d68-e018b096d427,1,As It Was,1856464,39304485,5c942492-9757-4817-b8e8-7d41cf19adb6,167000
81,Harry Styles,7eb1ce54-a355-41f9-8d68-e018b096d427,2,Watermelon Sugar,1410395,18763166,d275d6cf-801f-445a-a236-c0667e5a154f,174000
81,Harry Styles,7eb1ce54-a355-41f9-8d68-e018b096d427,3,Adore You,1291098,18776144,6578d0ae-8955-4828-904a-539b057269ba,207133
81,Harry Styles,7eb1ce54-a355-41f9-8d68-e018b096d427,4,Sign of the Times,1254850,15907539,3125b023-6a45-4a68-98ec-a88634866983,340000
81,Harry Styles,7eb1ce54-a355-41f9-8d68-e018b096d427,5,Late Night Talking,1011196,15562183,5a9fca52-8c22-4911-b71f-09042cf7af05,196000
81,Harry Styles,7eb1ce54-a355-41f9-8d68-e018b096d427,6,Falling,1002865,13515102,2f103895-6fb4-4c8e-a75a-a4623d078db0,240000
81,Harry Styles,7eb1ce54-a355-41f9-8d68-e018b096d427,7,Golden,957197,14217021,1906584d-d18c-4818-ad57-aad41e2c5386,209000
81,Harry Styles,7eb1ce54-a355-41f9-8d68-e018b096d427,8,Matilda,879182,14893594,f2a0d02f-d4ce-4b33-bee6-c1c01853538f,246000
81,Harry Styles,7eb1ce54-a355-41f9-8d68-e018b096d427,9,Fine Line,841340,13874476,a29e57b7-2318-488b-81fb-c2afe68b2d41,377960
81,Harry Styles,7eb1ce54-a355-41f9-8d68-e018b096d427,10,Satellite,761802,14174280,2df03232-d68c-4aa1-9b87-a3fa0a35bd2a,218577
81,Harry Styles,7eb1ce54-a355-41f9-8d68-e018b096d427,11,Lights Up,743311,12121698,1d1b8996-4848-4c31-9247-dd9d6ca1c3dd,172213
81,Harry Styles,7eb1ce54-a355-41f9-8d68-e018b096d427,12,Kiwi,741339,9120893,10660f7f-8023-4150-b50d-e618b46ff4de,176000
81,Harry Styles,7eb1ce54-a355-41f9-8d68-e018b096d427,13,Sweet Creature,715000,8065969,5f2a2848-ff23-4628-bef1-ebe92173311d,225000
81,Harry Styles,7eb1ce54-a355-41f9-8d68-e018b096d427,14,Music for a Sushi Restaurant,705803,9422764,ab6249e4-0dfa-4548-b556-a39be56b511c,194000
81,Harry Styles,7eb1ce54-a355-41f9-8d68-e018b096d427,15,Cherry,693944,9502933,f47eaf17-57d0-4efd-8fc7-bebe128fc54c,259000
82,Olivia Dean,15e0d608-0869-429b-898d-3d8db3ecedd5,1,Nice To Each Other,370679,2736959,92403d75-4e2b-4f44-8f73-58c4d1f6f495,209053
82,Olivia Dean,15e0d608-0869-429b-898d-3d8db3ecedd5,2,Man I Need,365307,2522364,db8b9781-8b70-4411-8211-86349857e0de,188000
82,Olivia Dean,15e0d608-0869-429b-898d-3d8db3ecedd5,3,Dive,335686,2506352,e20673ab-7876-4ed4-ad21-4c2876d89187,191000
82,Olivia Dean,15e0d608-0869-429b-898d-3d8db3ecedd5,4,So Easy (To Fall In Love),246827,1121546,58320a3a-43f3-4188-826a-a762ca7f04f1,169000
82,Olivia Dean,15e0d608-0869-429b-898d-3d8db3ecedd5,5,The Hardest Part,229207,1585090,49e96073-ac7f-4d18-9466-49e046cd0791,197785
82,Olivia Dean,15e0d608-0869-429b-898d-3d8db3ecedd5,6,Ok Love You Bye,190640,1367477,faea1394-c352-4613-a8db-2fa7880cd76c,169000
82,Olivia Dean,15e0d608-0869-429b-898d-3d8db3ecedd5,7,Lady Lady,170516,918154,67e62bb9-eeec-41a0-a0fc-a8e451ecef1d,209000
82,Olivia Dean,15e0d608-0869-429b-898d-3d8db3ecedd5,8,Baby Steps,139473,566584,580e1cbc-5934-4923-927c-3ea989da199e,197000
82,Olivia Dean,15e0d608-0869-429b-898d-3d8db3ecedd5,9,Let Alone The One You Love,137381,614620,8f352d34-0573-4332-ad5d-594991d584b1,186000
82,Olivia Dean,15e0d608-0869-429b-898d-3d8db3ecedd5,10,Ladies Room,123630,760016,0555ae05-522e-4a31-a458-24715144dc62,315965
82,Olivia Dean,15e0d608-0869-429b-898d-3d8db3ecedd5,11,A Couple Minutes,122459,520364,edc7b398-8e98-47fa-8322-57d2d4dd33b0,212000
82,Olivia Dean,15e0d608-0869-429b-898d-3d8db3ecedd5,12,The Hardest Part (feat. Leon Bridges),110505,536847,,
82,Olivia Dean,15e0d608-0869-429b-898d-3d8db3ecedd5,13,Close Up,109235,449942,958a51b3-e82f-4c38-9d3a-dda2a4cb87e9,195000
82,Olivia Dean,15e0d608-0869-429b-898d-3d8db3ecedd5,14,I've Seen It,106643,470929,5d341006-aacd-4ee0-b81e-8ed5414040b0,126000
82,Olivia Dean,15e0d608-0869-429b-898d-3d8db3ecedd5,15,Echo,105265,578713,466989ce-7db5-4039-b901-ef12df4e3189,175813
83,The Smashing Pumpkins,ba0d6274-db14-4ef5-b28d-657ebde1a396,1,1979 - Remastered 2012,1247057,15375435,,
83,The Smashing Pumpkins,ba0d6274-db14-4ef5-b28d-657ebde1a396,2,1979,1077345,7193052,768244eb-6c5b-4f67-8e82-96a213a46acf,268733
83,The Smashing Pumpkins,ba0d6274-db14-4ef5-b28d-657ebde1a396,3,Today,1059398,6585706,44aadd77-f500-46e0-b1cc-1f6de1152239,208133
83,The Smashing Pumpkins,ba0d6274-db14-4ef5-b28d-657ebde1a396,4,Bullet With Butterfly Wings - remastered 2012,867784,8421820,,
83,The Smashing Pumpkins,ba0d6274-db14-4ef5-b28d-657ebde1a396,5,Bullet With Butterfly Wings,798135,4731390,4b3ee0c7-083a-4b5f-8f33-30a9540a2475,493254
83,The Smashing Pumpkins,ba0d6274-db14-4ef5-b28d-657ebde1a396,6,"Tonight, Tonight",734220,4193120,a02601c7-bc99-48e9-8c28-bc529a1ca25a,311360
83,The Smashing Pumpkins,ba0d6274-db14-4ef5-b28d-657ebde1a396,7,Today - 2011 Remaster,701768,6512216,,
83,The Smashing Pumpkins,ba0d6274-db14-4ef5-b28d-657ebde1a396,8,Disarm,695944,4200728,d5510ffd-0041-4e4b-b412-eda9bd0df200,204000
83,The Smashing Pumpkins,ba0d6274-db14-4ef5-b28d-657ebde1a396,9,Perfect,683062,4485815,c6b00dfd-2f12-456b-82c4-df217a76c7bc,225306
83,The Smashing Pumpkins,ba0d6274-db14-4ef5-b28d-657ebde1a396,10,Zero - Remastered 2012,661099,7031819,,
83,The Smashing Pumpkins,ba0d6274-db14-4ef5-b28d-657ebde1a396,11,Zero,646912,3822949,b73898e0-d688-4a9e-9463-b4af615f072e,152333
83,The Smashing Pumpkins,ba0d6274-db14-4ef5-b28d-657ebde1a396,12,Cherub Rock,620722,3279365,43b9196d-06aa-42a9-999b-b8c2ee3b9d7e,269866
83,The Smashing Pumpkins,ba0d6274-db14-4ef5-b28d-657ebde1a396,13,"Tonight, Tonight - Remastered 2012",616796,4641390,,
83,The Smashing Pumpkins,ba0d6274-db14-4ef5-b28d-657ebde1a396,14,Luna - 2011 Remaster,580705,5708076,,
83,The Smashing Pumpkins,ba0d6274-db14-4ef5-b28d-657ebde1a396,15,Ava Adore,567813,3600702,689c16e5-0ad4-4099-85e0-740e9149c001,362373
84,Panic! at the Disco,b9472588-93f3-4922-a1a2-74082cdf9ce8,1,I Write Sins Not Tragedies,2081082,20529706,5edcf598-bb95-405d-96f2-05ef0d872dfe,244000
84,Panic! at the Disco,b9472588-93f3-4922-a1a2-74082cdf9ce8,2,Lying Is the Most Fun a Girl Can Have Without Taking Her Clothes Off,1195657,14021399,e8d49121-d263-48a7-a0bc-e629f7c54aa7,200000
84,Panic! at the Disco,b9472588-93f3-4922-a1a2-74082cdf9ce8,3,High Hopes,882950,8832252,f3e9f6f4-130c-420f-b90e-aa1bad4263b5,167050
84,Panic! at the Disco,b9472588-93f3-4922-a1a2-74082cdf9ce8,4,But It's Better If You Do,877985,8796507,3035c372-44d5-401f-ad96-155fd89f8de5,205000
84,Panic! at the Disco,b9472588-93f3-4922-a1a2-74082cdf9ce8,5,The Only Difference Between Martyrdom and Suicide Is Press Coverage,861941,8627966,3e4d1d4e-b0d5-4a56-ac2c-88ed707c4752,175333
84,Panic! at the Disco,b9472588-93f3-4922-a1a2-74082cdf9ce8,6,"Build God, Then We'll Talk",846837,9397538,97a7622c-cb65-4c06-bc8f-9b63a51d9d5e,
84,Panic! at the Disco,b9472588-93f3-4922-a1a2-74082cdf9ce8,7,House of Memories,772358,7579716,49b12c1a-a7a1-4f20-87f3-7e938d723930,208706
84,Panic! at the Disco,b9472588-93f3-4922-a1a2-74082cdf9ce8,8,The Ballad of Mona Lisa,760075,8039280,efc6c80d-6316-420c-a96c-5ef0ba409d01,285373
84,Panic! at the Disco,b9472588-93f3-4922-a1a2-74082cdf9ce8,9,Camisado,707856,7230602,51cdfeec-128f-4257-a4c8-c5eb0c1c4d72,191000
84,Panic! at the Disco,b9472588-93f3-4922-a1a2-74082cdf9ce8,10,Time to Dance,694915,7092067,0e8bf4fc-3a19-46ff-8023-7010c5125ef2,202000
84,Panic! at the Disco,b9472588-93f3-4922-a1a2-74082cdf9ce8,11,London Beckoned Songs About Money Written by Machines,638876,5789248,37cf5ddd-222b-4d5d-8c04-79b1e3a2a710,203000
84,Panic! at the Disco,b9472588-93f3-4922-a1a2-74082cdf9ce8,12,I Constantly Thank God for Esteban,605715,5246649,8bdc83da-2bcb-4399-9959-993d01036259,214569
84,Panic! at the Disco,b9472588-93f3-4922-a1a2-74082cdf9ce8,13,Death of a Bachelor,591789,5343165,2ae54183-10a7-4940-886a-3adce39ec580,212610
84,Panic! at the Disco,b9472588-93f3-4922-a1a2-74082cdf9ce8,14,Emperor's New Clothes,586161,5364094,c5c63baa-697b-4401-8009-7b0dfaa1a692,159000
84,Panic! at the Disco,b9472588-93f3-4922-a1a2-74082cdf9ce8,15,"There's a Good Reason These Tables Are Numbered Honey, You Just Haven't Thought of It Yet",581923,5804159,69718c36-9056-44b0-b97c-58c389a1e568,196000
85,Justin Timberlake,596ffa74-3d08-44ef-b113-765d43d12738,1,Rock Your Body,1801622,13127803,e1c22093-654e-499b-8630-74cc1f648fa7,242000
85,Justin Timberlake,596ffa74-3d08-44ef-b113-765d43d12738,2,Cry Me a River,1418865,9322617,0958556a-8eed-4143-8b83-78026ef840af,240000
85,Justin Timberlake,596ffa74-3d08-44ef-b113-765d43d12738,3,Mirrors,1395932,12407733,fa3cb5ad-b2db-4998-aea0-f51f5b12b27e,274000
85,Justin Timberlake,596ffa74-3d08-44ef-b113-765d43d12738,4,SexyBack (feat. Timbaland),1334127,9146280,,
85,Justin Timberlake,596ffa74-3d08-44ef-b113-765d43d12738,5,My Love (feat. T.I.),872810,6618873,,
85,Justin Timberlake,596ffa74-3d08-44ef-b113-765d43d12738,6,SexyBack,679245,3907253,05721060-825d-470b-a8dd-2c332d21f861,180000
85,Justin Timberlake,596ffa74-3d08-44ef-b113-765d43d12738,7,Summer Love,572061,3413505,92028f05-c230-4fb1-8451-fe8df300e842,252973
85,Justin Timberlake,596ffa74-3d08-44ef-b113-765d43d12738,8,What Goes Around.../...Comes Around (Interlude),560201,4170148,b031e8cf-a4fe-4fa9-b39f-19ca584dc77b,448573
85,Justin Timberlake,596ffa74-3d08-44ef-b113-765d43d12738,9,Like I Love You,491424,2550081,92de7033-4ab4-4790-863e-091c1b2ed4f8,111000
85,Justin Timberlake,596ffa74-3d08-44ef-b113-765d43d12738,10,"CAN'T STOP THE FEELING! (From DreamWorks Animation's ""Trolls"")",479842,2208655,97e92778-b873-400a-89d5-9b9807bbf26a,235000
85,Justin Timberlake,596ffa74-3d08-44ef-b113-765d43d12738,11,Señorita,476271,2282220,c182446b-6ad8-42ab-bb51-40abfd4a8e23,
85,Justin Timberlake,596ffa74-3d08-44ef-b113-765d43d12738,12,My Love,458168,2540760,5a368cad-906d-4c65-8ca7-85cf7cb2f523,
85,Justin Timberlake,596ffa74-3d08-44ef-b113-765d43d12738,13,"Can't Stop the Feeling! (Original Song from Dreamworks Animation's ""Trolls"")",383725,2849913,97e92778-b873-400a-89d5-9b9807bbf26a,235000
85,Justin Timberlake,596ffa74-3d08-44ef-b113-765d43d12738,14,Suit & Tie (feat. Jay-Z),351079,2521322,,
85,Justin Timberlake,596ffa74-3d08-44ef-b113-765d43d12738,15,Losing My Way,335679,1834209,bc76d06b-1700-46a5-896d-26ed725f5778,322079
86,RAYE,8be564c3-dfba-440b-af8c-4ffbceeef45e,1,Escapism.,899849,11669275,b7e549c7-99e9-4170-9471-2032ae525808,631874
86,RAYE,8be564c3-dfba-440b-af8c-4ffbceeef45e,2,WHERE IS MY HUSBAND!,368380,2666210,f5a50c6b-7e30-47e2-b03e-33c30998e36b,224000
86,RAYE,8be564c3-dfba-440b-af8c-4ffbceeef45e,3,Oscar Winning Tears.,367112,3719164,1d6e5a9a-04ee-48e7-bd94-8045a480299f,183653
86,RAYE,8be564c3-dfba-440b-af8c-4ffbceeef45e,4,Escapism. - Sped Up,340166,2780999,,
86,RAYE,8be564c3-dfba-440b-af8c-4ffbceeef45e,5,Worth It.,333520,2294754,f1e21780-6d72-44c2-9a5c-4f2470b9fe13,202826
86,RAYE,8be564c3-dfba-440b-af8c-4ffbceeef45e,6,Flip a Switch.,171796,1559532,7b1c8bd0-83b6-4f58-a83e-b65cedb7aa52,201373
86,RAYE,8be564c3-dfba-440b-af8c-4ffbceeef45e,7,Hard Out Here.,171142,1559120,eae3bc24-c27a-4d04-a0e4-eba19c869b5f,191164
86,RAYE,8be564c3-dfba-440b-af8c-4ffbceeef45e,8,The Thrill Is Gone.,155795,1159413,6a903374-3ffb-4542-8e2d-081f5bb9e862,311777
86,RAYE,8be564c3-dfba-440b-af8c-4ffbceeef45e,9,Black Mascara.,152632,1561392,f8ab7175-a29c-4af1-b7ad-7878357c18d0,241264
86,RAYE,8be564c3-dfba-440b-af8c-4ffbceeef45e,10,Ice Cream Man.,122294,795034,d9c41e32-6145-466a-857d-c07db8f3b27e,248733
86,RAYE,8be564c3-dfba-440b-af8c-4ffbceeef45e,11,Genesis.,109864,671587,4bdd7d67-cd52-476d-84c2-32e0ffcef685,281010
86,RAYE,8be564c3-dfba-440b-af8c-4ffbceeef45e,12,Five Star Hotels. (feat. Mahalia),104891,878719,,
86,RAYE,8be564c3-dfba-440b-af8c-4ffbceeef45e,13,Introduction.,104387,404211,34b95ddd-fa1a-42a4-b1b7-dacafa33b50e,57813
86,RAYE,8be564c3-dfba-440b-af8c-4ffbceeef45e,14,Regardless,103950,737244,ec674270-2fc6-4428-9065-7ab29d02321f,224053
86,RAYE,8be564c3-dfba-440b-af8c-4ffbceeef45e,15,Mary Jane.,102962,551698,c5cd9a3d-1760-443d-80fd-bb464ea59da4,232053
87,Calvin Harris,8dd98bdc-80ec-4e93-8509-2f46bafc09a7,1,Summer,1419971,10757951,2702ac5f-e600-4e3b-936b-da04dfe320db,112000
87,Calvin Harris,8dd98bdc-80ec-4e93-8509-2f46bafc09a7,2,Feel So Close - Radio Edit,1187596,8389802,,
87,Calvin Harris,8dd98bdc-80ec-4e93-8509-2f46bafc09a7,3,One Kiss (with Dua Lipa),1169823,10845077,,
87,Calvin Harris,8dd98bdc-80ec-4e93-8509-2f46bafc09a7,4,This Is What You Came For,1158407,7622529,72a5483d-7ec5-4b63-8311-79ec93cb8181,239000
87,Calvin Harris,8dd98bdc-80ec-4e93-8509-2f46bafc09a7,5,Slide (feat. Frank Ocean & Migos),986390,11440204,,
87,Calvin Harris,8dd98bdc-80ec-4e93-8509-2f46bafc09a7,6,Outside (feat. Ellie Goulding),976681,8938458,,
87,Calvin Harris,8dd98bdc-80ec-4e93-8509-2f46bafc09a7,7,How Deep Is Your Love,950917,6846595,06f201e2-e2ee-4274-b3e1-6160d18daaf5,205000
87,Calvin Harris,8dd98bdc-80ec-4e93-8509-2f46bafc09a7,8,"Feels (feat. Pharrell Williams, Katy Perry & Big Sean)",842424,6759030,,
87,Calvin Harris,8dd98bdc-80ec-4e93-8509-2f46bafc09a7,9,My Way,657712,4344463,dcf3fb4a-abff-4f01-b1bd-b46ccf602d0a,219159
87,Calvin Harris,8dd98bdc-80ec-4e93-8509-2f46bafc09a7,10,Blame (feat. John Newman),620710,4555711,,
87,Calvin Harris,8dd98bdc-80ec-4e93-8509-2f46bafc09a7,11,Sweet Nothing (feat. Florence Welch),574889,5284072,,
87,Calvin Harris,8dd98bdc-80ec-4e93-8509-2f46bafc09a7,12,I Need Your Love (feat. Ellie Goulding),490242,3387388,,
87,Calvin Harris,8dd98bdc-80ec-4e93-8509-2f46bafc09a7,13,Promises (with Sam Smith),433421,3446784,,
87,Calvin Harris,8dd98bdc-80ec-4e93-8509-2f46bafc09a7,14,Acceptable in the 80's,408156,2606312,f68c45d4-926b-4679-85ac-284eb1e29934,180000
87,Calvin Harris,8dd98bdc-80ec-4e93-8509-2f46bafc09a7,15,Sweet Nothing,364030,2333885,c273e5a7-b863-4840-8b70-f4e12affdffa,213840
88,Jeff Buckley,e6e879c0-3d56-4f12-b3c5-3ce459661a8e,1,Hallelujah,1490511,12207137,99617d3c-cfa6-4a54-b6c3-ac00b4e0964d,
88,Jeff Buckley,e6e879c0-3d56-4f12-b3c5-3ce459661a8e,2,"Lover, You Should've Come Over",1409245,24972258,51a0131d-da57-46f5-b43c-b87a42bcb489,453826
88,Jeff Buckley,e6e879c0-3d56-4f12-b3c5-3ce459661a8e,3,Last Goodbye,1042867,9232263,d23aeadb-ec0f-49ab-814d-dfdb7c47c687,309000
88,Jeff Buckley,e6e879c0-3d56-4f12-b3c5-3ce459661a8e,4,Grace,998241,9139902,e4070ed1-49d8-4d47-bde3-2288f9393ca2,
88,Jeff Buckley,e6e879c0-3d56-4f12-b3c5-3ce459661a8e,5,So Real,905039,9009732,73974f4a-dd52-4ca1-909d-9435f5f2b038,318466
88,Jeff Buckley,e6e879c0-3d56-4f12-b3c5-3ce459661a8e,6,Lilac Wine,793791,5794830,99d3f321-4294-48f0-8eb2-993753b3308e,
88,Jeff Buckley,e6e879c0-3d56-4f12-b3c5-3ce459661a8e,7,Mojo Pin,770798,6058968,f15c6f11-ee29-4c83-bf9e-213023d2c0c2,318600
88,Jeff Buckley,e6e879c0-3d56-4f12-b3c5-3ce459661a8e,8,Forget Her,697689,8714766,a7bf7a6d-36bd-4a33-a745-de8788101160,
88,Jeff Buckley,e6e879c0-3d56-4f12-b3c5-3ce459661a8e,9,Everybody Here Wants You,624429,6174004,aa14c192-4bcf-4c60-a8b1-2e358048cd05,
88,Jeff Buckley,e6e879c0-3d56-4f12-b3c5-3ce459661a8e,10,Dream Brother,597568,4203272,f19bf118-2a87-48ba-a9ef-77d4521b82b8,463106
88,Jeff Buckley,e6e879c0-3d56-4f12-b3c5-3ce459661a8e,11,Eternal Life,577148,3639170,edce5486-dd08-433a-aba3-d5d3a2d495f6,390840
88,Jeff Buckley,e6e879c0-3d56-4f12-b3c5-3ce459661a8e,12,Corpus Christi Carol,480963,2525593,b6aa1abf-7ea0-4a5a-b1be-8f57571d6547,
88,Jeff Buckley,e6e879c0-3d56-4f12-b3c5-3ce459661a8e,13,I Know It's Over,326955,2979212,0401ef7b-52f9-42d3-a009-581805eca80d,
88,Jeff Buckley,e6e879c0-3d56-4f12-b3c5-3ce459661a8e,14,I Want Someone Badly,323830,2792083,242f817e-cdbc-4451-8840-acec7bc6e558,156960
88,Jeff Buckley,e6e879c0-3d56-4f12-b3c5-3ce459661a8e,15,Vancouver,280475,1724031,d81fd733-90bd-4704-b155-21b34ac97802,275546
89,Pink Floyd,83d91898-7763-47d7-b03b-b92132375c47,1,Wish You Were Here,2065671,24041069,822b24b0-25f2-428b-8398-2f057783be46,365000
89,Pink Floyd,83d91898-7763-47d7-b03b-b92132375c47,2,Money,1710079,14312521,ddbe87d1-1343-4cbf-9a28-aad66f05da0d,492306
89,Pink Floyd,83d91898-7763-47d7-b03b-b92132375c47,3,Comfortably Numb,1695113,17897040,4c1f8798-d37d-456c-be19-2974afd8ae01,652400
89,Pink Floyd,83d91898-7763-47d7-b03b-b92132375c47,4,The Great Gig in the Sky,1665262,14555129,1aae5eb3-a750-4270-8790-d8aded87ad65,263000
89,Pink Floyd,83d91898-7763-47d7-b03b-b92132375c47,5,Time,1639334,16250084,e9563e86-e74d-472c-b237-7377aa80355a,329666
89,Pink Floyd,83d91898-7763-47d7-b03b-b92132375c47,6,Us and Them,1295859,10738484,349f8102-6ee2-4ab7-8243-262ffec80cc8,138000
89,Pink Floyd,83d91898-7763-47d7-b03b-b92132375c47,7,Brain Damage,1270336,10753555,41b1c226-e57c-46dd-8282-45e5daf4a0cf,212653
89,Pink Floyd,83d91898-7763-47d7-b03b-b92132375c47,8,Hey You,1231397,10301219,225fc289-fb1d-4258-8d54-2b202d03942c,310000
89,Pink Floyd,83d91898-7763-47d7-b03b-b92132375c47,9,On the Run,1151379,7683239,2174a641-4857-4aa9-ac4c-a94af43cdd8b,275173
89,Pink Floyd,83d91898-7763-47d7-b03b-b92132375c47,10,Eclipse,1138025,8694438,31fac5f7-86fe-425e-9784-13d461479a65,76000
89,Pink Floyd,83d91898-7763-47d7-b03b-b92132375c47,11,Breathe (In the Air),1124354,10602472,78c8e491-d2f3-4379-b536-173b1d9357df,174200
89,Pink Floyd,83d91898-7763-47d7-b03b-b92132375c47,12,Any Colour You Like,1087729,8035276,2144465a-0028-4ec2-9cd0-fd63f12bbe07,518000
89,Pink Floyd,83d91898-7763-47d7-b03b-b92132375c47,13,"Another Brick in the Wall, Pt. 2",1047003,7398168,d2ad3f40-2104-4175-ad8f-b9aed2443b88,205851
89,Pink Floyd,83d91898-7763-47d7-b03b-b92132375c47,14,Have a Cigar,1010343,7873050,9ba0c047-6fd2-4801-9600-715bec255585,277000
89,Pink Floyd,83d91898-7763-47d7-b03b-b92132375c47,15,Young Lust,889732,5961448,c6317ffe-9218-4780-af83-cba2060894c5,178906
90,J. Cole,875203e1-8e58-4b86-8dcb-7190faf411c5,1,No Role Modelz,1526140,23621196,c453ad80-ef98-4d51-867c-7c16f1d0772f,293000
90,J. Cole,875203e1-8e58-4b86-8dcb-7190faf411c5,2,Wet Dreamz,1155078,15345128,394567ff-586c-44e7-9d05-322d172c8196,266000
90,J. Cole,875203e1-8e58-4b86-8dcb-7190faf411c5,3,Work Out,1039577,10025523,4cf21adb-b896-45be-a80e-5ebc434de4e4,227120
90,J. Cole,875203e1-8e58-4b86-8dcb-7190faf411c5,4,MIDDLE CHILD,840933,10392955,3f6861eb-7173-43e3-bd3b-242ab94fcde2,213000
90,J. Cole,875203e1-8e58-4b86-8dcb-7190faf411c5,5,She Knows (feat. Amber Coffman & Cults),668376,6369871,,
90,J. Cole,875203e1-8e58-4b86-8dcb-7190faf411c5,6,m y . l i f e (with 21 Savage & Morray),620810,8935800,,
90,J. Cole,875203e1-8e58-4b86-8dcb-7190faf411c5,7,Power Trip (feat. Miguel),609228,7269105,,
90,J. Cole,875203e1-8e58-4b86-8dcb-7190faf411c5,8,Lights Please,582364,2388018,0c5dde4b-4304-4f88-a111-43c9d48ed81b,265000
90,J. Cole,875203e1-8e58-4b86-8dcb-7190faf411c5,9,Love Yourz,579912,6797064,42600c98-f2e7-44d5-a90a-ee02f1a149c5,211496
90,J. Cole,875203e1-8e58-4b86-8dcb-7190faf411c5,10,Kevin’s Heart,508243,6478406,332e711f-c6c6-4f10-8ed8-b88ad51816e8,200000
90,J. Cole,875203e1-8e58-4b86-8dcb-7190faf411c5,11,Neighbors,503508,5329633,59fcc1a8-32ec-44e7-a82b-bace35fe3af5,216510
90,J. Cole,875203e1-8e58-4b86-8dcb-7190faf411c5,12,p r i d e . i s . t h e . d e v i l (with Lil Baby),449828,6051067,,
90,J. Cole,875203e1-8e58-4b86-8dcb-7190faf411c5,13,Apparently,437057,4098767,06867ed4-ffb0-4e68-a620-0630f00e49a3,
90,J. Cole,875203e1-8e58-4b86-8dcb-7190faf411c5,14,January 28th,425504,3942994,90783750-d61a-4495-a15a-4f1231ca9284,
90,J. Cole,875203e1-8e58-4b86-8dcb-7190faf411c5,15,a m a r i,423539,5225341,90564b61-898e-4990-a9ae-97ef3562378e,148000
91,The Cranberries,c98d40fd-f6cf-4b26-883e-eaa515ee2851,1,Zombie,2475581,20815166,5c535664-4d8f-474d-b650-f19a7b8b690b,344826
91,The Cranberries,c98d40fd-f6cf-4b26-883e-eaa515ee2851,2,Linger,2254271,28929422,966ad344-6e2c-4f09-bbe4-2cde95bde44f,311160
91,The Cranberries,c98d40fd-f6cf-4b26-883e-eaa515ee2851,3,Dreams,1523592,12946954,7694ff8a-e371-4f76-bac3-9d6a271f6a39,277720
91,The Cranberries,c98d40fd-f6cf-4b26-883e-eaa515ee2851,4,Ode to My Family,919351,5551768,d125d9e2-c03a-4145-99a6-c1e208bcd1ff,372573
91,The Cranberries,c98d40fd-f6cf-4b26-883e-eaa515ee2851,5,Sunday,867930,8860677,95bd5e21-c0a2-4bb8-925a-596b59949b65,212333
91,The Cranberries,c98d40fd-f6cf-4b26-883e-eaa515ee2851,6,When You're Gone,609881,4049411,97b2b103-0060-4a0f-bef5-b77c93aec6d5,299866
91,The Cranberries,c98d40fd-f6cf-4b26-883e-eaa515ee2851,7,Animal Instinct,535806,3279308,7e1ebbea-3c89-40b1-bffe-9e451ac87deb,225000
91,The Cranberries,c98d40fd-f6cf-4b26-883e-eaa515ee2851,8,Just My Imagination,448389,2437498,a169f259-61d5-4ccd-a16d-dad57f7bd761,193360
91,The Cranberries,c98d40fd-f6cf-4b26-883e-eaa515ee2851,9,I Can't Be with You,429303,2050730,f7db79d5-a37e-400e-872d-9c286534c63e,210733
91,The Cranberries,c98d40fd-f6cf-4b26-883e-eaa515ee2851,10,Salvation,422110,2165311,241b9c62-7e41-47fa-8fe2-45345468e616,164000
91,The Cranberries,c98d40fd-f6cf-4b26-883e-eaa515ee2851,11,Pretty,392240,1836330,18bcebb4-a00b-4aa6-9cb9-93b78aa7ccf0,133040
91,The Cranberries,c98d40fd-f6cf-4b26-883e-eaa515ee2851,12,I Still Do,386852,1909852,f44407c7-e843-4ace-a4c0-47203f55d732,211000
91,The Cranberries,c98d40fd-f6cf-4b26-883e-eaa515ee2851,13,Promises,347178,1941504,5d3388d2-39f7-4c95-8d8d-1232c3816784,212266
91,The Cranberries,c98d40fd-f6cf-4b26-883e-eaa515ee2851,14,Ridiculous Thoughts,318860,1553115,864aee1f-9e4d-4eab-847e-59154c904ad0,255000
91,The Cranberries,c98d40fd-f6cf-4b26-883e-eaa515ee2851,15,Put Me Down,284518,1442154,dc344415-8ffd-4769-a7f2-adc8bd30dd7d,215200
92,Sade,67930b3e-e00b-469f-8c74-fd69f20522ec,1,Smooth Operator - Single Version,1088929,9144543,,
92,Sade,67930b3e-e00b-469f-8c74-fd69f20522ec,2,Kiss Of Life,1010874,9767127,9ac799da-1849-439f-8768-5464b027d48a,322107
92,Sade,67930b3e-e00b-469f-8c74-fd69f20522ec,3,Like a Tattoo,994532,11747080,27eb51b5-dd5b-4477-a959-386e1be4cfab,256480
92,Sade,67930b3e-e00b-469f-8c74-fd69f20522ec,4,No Ordinary Love,718370,5032268,c4c0899f-c285-4ea9-abfb-0b268e66bbd9,324000
92,Sade,67930b3e-e00b-469f-8c74-fd69f20522ec,5,Paradise,671704,3998436,cc600c3c-9e0c-45aa-8905-4d73e8d278c5,215000
92,Sade,67930b3e-e00b-469f-8c74-fd69f20522ec,6,Your Love Is King,649787,3662985,4985c616-f1f3-4780-89cd-c881edb04a3a,239000
92,Sade,67930b3e-e00b-469f-8c74-fd69f20522ec,7,By Your Side,640097,3759822,87a3f3a0-a939-4b4c-8ab4-038686b743ed,258893
92,Sade,67930b3e-e00b-469f-8c74-fd69f20522ec,8,Is It a Crime,606072,4666849,bf118828-114b-4c70-a32b-9e113e583fff,
92,Sade,67930b3e-e00b-469f-8c74-fd69f20522ec,9,The Sweetest Taboo,593465,3507999,5e4d1492-a82f-4652-a033-ca8e5dda33d8,339000
92,Sade,67930b3e-e00b-469f-8c74-fd69f20522ec,10,Smooth Operator,568130,3285529,d8290ac3-d122-4849-b7af-ec1728bf262f,247360
92,Sade,67930b3e-e00b-469f-8c74-fd69f20522ec,11,Cherish the Day,487250,3269571,84484aab-2297-417a-9449-58dddaf10940,108684
92,Sade,67930b3e-e00b-469f-8c74-fd69f20522ec,12,Pearls,458907,3326650,b38a7b88-054f-45f2-81ae-180bda94ed82,294000
92,Sade,67930b3e-e00b-469f-8c74-fd69f20522ec,13,Hang On to Your Love,442254,2210582,605a2066-1a0b-46dc-813a-99e2045317f9,217000
92,Sade,67930b3e-e00b-469f-8c74-fd69f20522ec,14,Nothing Can Come Between Us,373664,1784407,9ffab079-a438-41a4-90c9-9c5b39d78b19,
92,Sade,67930b3e-e00b-469f-8c74-fd69f20522ec,15,Jezebel,333771,1630388,0f80b50c-3f7b-4749-a98b-a98f8faedb07,
93,Conan Gray,850a8b03-98a7-4fd3-afbd-5e5520b4ef5f,1,Heather,1402694,19603619,aec921c0-1e88-42d9-afed-a60c6660ddac,205000
93,Conan Gray,850a8b03-98a7-4fd3-afbd-5e5520b4ef5f,2,Maniac,1057065,14126678,c65abacf-8663-412e-9756-827abca03375,213000
93,Conan Gray,850a8b03-98a7-4fd3-afbd-5e5520b4ef5f,3,Astronomy,724705,10284425,da1ae1a0-c38a-4f7f-aa51-7d59386be307,243907
93,Conan Gray,850a8b03-98a7-4fd3-afbd-5e5520b4ef5f,4,People Watching,714845,12884163,5812290c-fad0-4362-9064-6bf64ce87c4b,158537
93,Conan Gray,850a8b03-98a7-4fd3-afbd-5e5520b4ef5f,5,Memories,705189,11580363,7be58bb6-de57-47e2-bc0d-f9a414cab620,290000
93,Conan Gray,850a8b03-98a7-4fd3-afbd-5e5520b4ef5f,6,The Cut That Always Bleeds,648199,9401594,732040c8-5f2c-49cf-bd77-207d6ee4dfd0,238193
93,Conan Gray,850a8b03-98a7-4fd3-afbd-5e5520b4ef5f,7,Wish You Were Sober,629942,8945488,792d412c-b87c-42e4-a6e9-e59b919c098a,191000
93,Conan Gray,850a8b03-98a7-4fd3-afbd-5e5520b4ef5f,8,Crush Culture,486871,4713291,c77aeda9-0238-4a1d-9d5e-1ff80bf33dba,204120
93,Conan Gray,850a8b03-98a7-4fd3-afbd-5e5520b4ef5f,9,Family Line,486064,7681941,ae4c2451-f885-4ac0-a397-baf38e2f4286,216095
93,Conan Gray,850a8b03-98a7-4fd3-afbd-5e5520b4ef5f,10,Comfort Crowd,474956,5264248,7abf89ab-3e14-4f30-80ac-9653c7e97fe4,193000
93,Conan Gray,850a8b03-98a7-4fd3-afbd-5e5520b4ef5f,11,Lookalike,457024,4903207,94b7a677-8a29-4628-9454-125a07e9f722,220866
93,Conan Gray,850a8b03-98a7-4fd3-afbd-5e5520b4ef5f,12,Overdrive,398371,4242079,9fdbe255-b7f1-454a-a4e4-3ae9eb1fc0f0,183000
93,Conan Gray,850a8b03-98a7-4fd3-afbd-5e5520b4ef5f,13,The Story,379054,3832272,87683693-f4aa-40ce-8a0a-92e7c7f3a15e,245228
93,Conan Gray,850a8b03-98a7-4fd3-afbd-5e5520b4ef5f,14,The Exit,373688,5972606,327ba2ef-edfa-4b37-9641-68ca3eafd6d9,221054
93,Conan Gray,850a8b03-98a7-4fd3-afbd-5e5520b4ef5f,15,Fight or Flight,336721,3976474,0fdc97c5-abe4-47f4-88d6-c88604ab7ca2,171476
94,Black Eyed Peas,d5be5333-4171-427e-8e12-732087c6b78e,1,I Gotta Feeling,2061053,14858845,923d766a-6c9d-430a-9485-91adb9126116,290080
94,Black Eyed Peas,d5be5333-4171-427e-8e12-732087c6b78e,2,Pump It,1547397,10261637,6722bb1a-d849-4e27-8901-8afd5b767e43,
94,Black Eyed Peas,d5be5333-4171-427e-8e12-732087c6b78e,3,Meet Me Halfway,1424536,13851327,6804596a-46e9-48b3-abf5-8ab20a7061d0,283000
94,Black Eyed Peas,d5be5333-4171-427e-8e12-732087c6b78e,4,Boom Boom Pow,1259585,7139965,30773167-c32e-42d4-9e8c-f4a2f9f408cf,241000
94,Black Eyed Peas,d5be5333-4171-427e-8e12-732087c6b78e,5,My Humps,1089222,5465342,c91f2c77-615b-4a85-950a-3bb7871cc629,217000
94,Black Eyed Peas,d5be5333-4171-427e-8e12-732087c6b78e,6,Rock That Body,965631,7321275,30e7d085-479e-4902-af37-f32339e60462,
94,Black Eyed Peas,d5be5333-4171-427e-8e12-732087c6b78e,7,Where Is the Love?,824862,4804844,b2f4ec92-ab22-47a8-be05-15d95877a97d,274000
94,Black Eyed Peas,d5be5333-4171-427e-8e12-732087c6b78e,8,Just Can’t Get Enough,782913,5579372,d546b69c-ffab-429e-b774-9e68103d4de5,221000
94,Black Eyed Peas,d5be5333-4171-427e-8e12-732087c6b78e,9,Imma Be,731926,4517423,67156be2-2402-4a55-83b2-5ed99c89c16d,255000
94,Black Eyed Peas,d5be5333-4171-427e-8e12-732087c6b78e,10,Don't Phunk with My Heart,629274,3348421,90b1932c-b6f5-4d77-a8f2-9cd6ff16cc61,240573
94,Black Eyed Peas,d5be5333-4171-427e-8e12-732087c6b78e,11,Shut Up,591752,3034873,19db7e6c-c31f-4b71-bdca-6df4eaf98d46,308106
94,Black Eyed Peas,d5be5333-4171-427e-8e12-732087c6b78e,12,Don't Lie,463936,2483156,facd5899-e204-4ad6-828c-41974bf874c7,219000
94,Black Eyed Peas,d5be5333-4171-427e-8e12-732087c6b78e,13,The Time (Dirty Bit),451659,2589677,e29ec50a-5440-4d19-b36e-81b67f624546,308000
94,Black Eyed Peas,d5be5333-4171-427e-8e12-732087c6b78e,14,Hey Mama,448939,2121045,1d111783-686c-460e-939b-74912c16708a,214000
94,Black Eyed Peas,d5be5333-4171-427e-8e12-732087c6b78e,15,Let's Get It Started - Spike Mix,360390,1680602,,
95,Dua Lipa,6f1a58bf-9b1b-49cf-a44a-6cefad7ae04f,1,Don't Start Now,1459601,22789945,bd53c333-f1bd-465b-81ae-3c1f2ff28fa3,189000
95,Dua Lipa,6f1a58bf-9b1b-49cf-a44a-6cefad7ae04f,2,New Rules,1220125,12748743,7ebd2be8-66db-4770-80bb-89b4ea578608,233000
95,Dua Lipa,6f1a58bf-9b1b-49cf-a44a-6cefad7ae04f,3,Levitating (feat. DaBaby),1169479,10855273,,
95,Dua Lipa,6f1a58bf-9b1b-49cf-a44a-6cefad7ae04f,4,Levitating,1123351,15751343,d1f8ccd0-6898-48dc-acd6-e42a4c60956e,204000
95,Dua Lipa,6f1a58bf-9b1b-49cf-a44a-6cefad7ae04f,5,Break My Heart,1053126,14259611,d982d693-d118-4052-9da1-ecb1f3198d03,222000
95,Dua Lipa,6f1a58bf-9b1b-49cf-a44a-6cefad7ae04f,6,Physical,951459,17760421,509a83a4-03d8-45d3-a0e2-641b3f281857,123000
95,Dua Lipa,6f1a58bf-9b1b-49cf-a44a-6cefad7ae04f,7,Houdini,911450,16608121,fc90b98b-a090-42aa-9d49-f90131acf9bf,188000
95,Dua Lipa,6f1a58bf-9b1b-49cf-a44a-6cefad7ae04f,8,IDGAF,886730,8730695,daff3437-1eb6-4617-8ce4-feaf7321cc44,
95,Dua Lipa,6f1a58bf-9b1b-49cf-a44a-6cefad7ae04f,9,Dance The Night - From Barbie The Album,810708,6416273,,
95,Dua Lipa,6f1a58bf-9b1b-49cf-a44a-6cefad7ae04f,10,Love Again,771349,10794427,995e56ff-272f-45c9-b3fb-4e196f29a114,258000
95,Dua Lipa,6f1a58bf-9b1b-49cf-a44a-6cefad7ae04f,11,Training Season,708024,10456115,415824fa-6315-4043-aeb0-eb84a9dfa552,209487
95,Dua Lipa,6f1a58bf-9b1b-49cf-a44a-6cefad7ae04f,12,Hallucinate,608290,9043055,99705448-06bd-46a8-83dd-e0b1490fae0b,209000
95,Dua Lipa,6f1a58bf-9b1b-49cf-a44a-6cefad7ae04f,13,Blow Your Mind (Mwah),593338,6200568,9a156521-fff8-4457-8b00-6d8d3c90a6b2,178583
95,Dua Lipa,6f1a58bf-9b1b-49cf-a44a-6cefad7ae04f,14,Pretty Please,573864,8117555,765bfecf-760a-4ad5-adb4-c89537501554,194607
95,Dua Lipa,6f1a58bf-9b1b-49cf-a44a-6cefad7ae04f,15,Be the One,570117,6488667,cb6cf879-50d3-464f-ab32-87dea4cd74e1,202914
96,BTS,0d79fe8e-ba27-4859-bb8c-2f255f346853,1,Dynamite,968009,148121427,2e3df1b2-7d1e-4300-8bdb-48784a9c40fc,199000
96,BTS,0d79fe8e-ba27-4859-bb8c-2f255f346853,2,Boy With Luv (feat. Halsey),826533,73756586,,
96,BTS,0d79fe8e-ba27-4859-bb8c-2f255f346853,3,Butter,750378,140018012,4b38141e-404e-4a32-bbf6-6a0c3dacc377,183000
96,BTS,0d79fe8e-ba27-4859-bb8c-2f255f346853,4,FAKE LOVE,729283,119210945,b2ff1df0-eff0-4bdc-b584-620d27226082,242000
96,BTS,0d79fe8e-ba27-4859-bb8c-2f255f346853,5,DNA,693019,24604548,4e7bfe28-623f-4123-b688-e55ef346b8fe,223000
96,BTS,0d79fe8e-ba27-4859-bb8c-2f255f346853,6,Blood Sweat & Tears,686323,20567484,38f1f272-d7e8-4ae7-93ff-3e574eeef484,46410
96,BTS,0d79fe8e-ba27-4859-bb8c-2f255f346853,7,IDOL,592963,32402765,057fb67c-9aa9-405d-9bc0-0d14cf9ca3e0,223000
96,BTS,0d79fe8e-ba27-4859-bb8c-2f255f346853,8,I NEED U,592829,14874153,607c82e7-1227-44e3-b349-db2caf925f4d,211000
96,BTS,0d79fe8e-ba27-4859-bb8c-2f255f346853,9,Black Swan,585207,31920657,d2738c05-38a4-487c-ab10-dc7c6270a6f1,198260
96,BTS,0d79fe8e-ba27-4859-bb8c-2f255f346853,10,Spring Day,581209,19999795,aec719f1-1e34-4f74-96bd-58e0a7508cb2,276693
96,BTS,0d79fe8e-ba27-4859-bb8c-2f255f346853,11,Euphoria,568321,34738595,5b96b5c8-66b0-48fa-a1f2-ccbd9aa398ce,229000
96,BTS,0d79fe8e-ba27-4859-bb8c-2f255f346853,12,Pied Piper,564291,14279443,096c01bf-921b-4ca5-897b-ce51cd118e8a,245000
96,BTS,0d79fe8e-ba27-4859-bb8c-2f255f346853,13,Dimple,551674,15920972,,
96,BTS,0d79fe8e-ba27-4859-bb8c-2f255f346853,14,RUN,539028,12534825,98ff1a0b-706b-4313-86c8-932d0d4c5c4b,237000
96,BTS,0d79fe8e-ba27-4859-bb8c-2f255f346853,15,ON,534605,33858231,daee9b09-d34a-4594-82ed-b11808275ace,355000
97,XXXTENTACION,61af87f4-16ee-4431-8504-cc06187079fb,1,Revenge,1200242,19867233,1b53241e-5233-4be1-947b-2106fcadc89c,120026
97,XXXTENTACION,61af87f4-16ee-4431-8504-cc06187079fb,2,Jocelyn Flores,1140167,15447965,4181d588-8286-462f-9331-2f8340ffcccb,119000
97,XXXTENTACION,61af87f4-16ee-4431-8504-cc06187079fb,3,Sad!,1081249,12713770,f55b8704-f119-4103-9988-0eb4f713c880,166613
97,XXXTENTACION,61af87f4-16ee-4431-8504-cc06187079fb,4,Moonlight,1047452,12163102,89fefa63-c7ec-49a8-8b19-4d7e0d52eb8d,135000
97,XXXTENTACION,61af87f4-16ee-4431-8504-cc06187079fb,5,Look at Me!,983036,11225388,5463ad45-2fd2-48d8-ae24-c5994c0be736,125786
97,XXXTENTACION,61af87f4-16ee-4431-8504-cc06187079fb,6,Everybody Dies in Their Nightmares,934424,12640783,a057eefe-4a71-4503-aa79-ed6991cfb4f0,95000
97,XXXTENTACION,61af87f4-16ee-4431-8504-cc06187079fb,7,HOPE,825300,10487645,b3f69098-878d-4ebb-85bc-50dfeb496ea6,105000
97,XXXTENTACION,61af87f4-16ee-4431-8504-cc06187079fb,8,fuck love,770801,9689828,4d3336fd-5428-40b8-8325-7754520eba30,146000
97,XXXTENTACION,61af87f4-16ee-4431-8504-cc06187079fb,9,RIOT,660207,7793191,cc41e13a-eb6d-409d-b4a2-072af1209171,79000
97,XXXTENTACION,61af87f4-16ee-4431-8504-cc06187079fb,10,changes,619602,6355223,7ff615ac-fda2-4d54-a36e-e38ff382241e,121880
97,XXXTENTACION,61af87f4-16ee-4431-8504-cc06187079fb,11,I don't wanna do this anymore,607271,10331284,0975f296-69ab-4022-840c-e0a399536572,87561
97,XXXTENTACION,61af87f4-16ee-4431-8504-cc06187079fb,12,BAD!,576237,5069658,d5ddede3-e821-4a77-aecf-e51794a76366,94246
97,XXXTENTACION,61af87f4-16ee-4431-8504-cc06187079fb,13,Fuck Love (Feat. Trippie Redd),576109,8261292,,
97,XXXTENTACION,61af87f4-16ee-4431-8504-cc06187079fb,14,the remedy for a broken heart (why am i so in love),551215,6645495,ccbf480e-9685-4ff7-9c6a-e14c20dd12ae,160000
97,XXXTENTACION,61af87f4-16ee-4431-8504-cc06187079fb,15,infinity (888) - feat. Joey Bada$$,542301,7611021,,
98,Fall Out Boy,516cef4d-0718-4007-9939-f9b38af3f784,1,"Dance, Dance",1734712,19570559,5290b9c5-f404-4d71-b17d-eb40d4900b91,203000
98,Fall Out Boy,516cef4d-0718-4007-9939-f9b38af3f784,2,Thnks fr th Mmrs,1635305,18209123,2429d86c-e444-467f-9f5e-aa883f79e334,
98,Fall Out Boy,516cef4d-0718-4007-9939-f9b38af3f784,3,"Sugar, We're Goin Down",1396049,13931250,443ee9b7-95af-4452-9db1-b1334117638b,217120
98,Fall Out Boy,516cef4d-0718-4007-9939-f9b38af3f784,4,"This Ain't a Scene, It's an Arms Race",1162716,10947496,3dd51cfd-bf00-42f9-b835-badebd7aa470,204068
98,Fall Out Boy,516cef4d-0718-4007-9939-f9b38af3f784,5,Centuries,1099485,9844617,e9d3cf45-2ef2-4c43-968f-f4e5fd0fdf02,287666
98,Fall Out Boy,516cef4d-0718-4007-9939-f9b38af3f784,6,My Songs Know What You Did in the Dark (Light Em Up),918022,8939042,fec14afa-2565-4557-818b-304f43f711e9,192000
98,Fall Out Boy,516cef4d-0718-4007-9939-f9b38af3f784,7,I Don't Care,677040,6687776,bc86f3e1-fc1f-4560-8fd8-952d84e12e11,451546
98,Fall Out Boy,516cef4d-0718-4007-9939-f9b38af3f784,8,Immortals,641254,5814446,fe68feb5-e3b2-448e-836e-d04f19d7e910,195026
98,Fall Out Boy,516cef4d-0718-4007-9939-f9b38af3f784,9,"A Little Less Sixteen Candles, a Little More ""Touch Me""",593728,5678436,,
98,Fall Out Boy,516cef4d-0718-4007-9939-f9b38af3f784,10,The Phoenix,563212,6281664,36b02c04-bf13-4d65-ba48-e00dab4a7453,245000
98,Fall Out Boy,516cef4d-0718-4007-9939-f9b38af3f784,11,Nobody Puts Baby in the Corner,518516,4932917,a5d876a2-ba3d-4d4d-9fb3-62026125b559,213000
98,Fall Out Boy,516cef4d-0718-4007-9939-f9b38af3f784,12,Uma Thurman,502450,4226213,84603bb1-4c9c-4d07-950e-7e6bbe430e9b,211905
98,Fall Out Boy,516cef4d-0718-4007-9939-f9b38af3f784,13,I'm Like a Lawyer With the Way I'm Always Trying to Get You Off (Me & You),497838,4905194,41cfbf8d-89f6-41f0-acbf-73539aa60b08,211748
98,Fall Out Boy,516cef4d-0718-4007-9939-f9b38af3f784,14,Hum Hallelujah,478008,4364420,5042bec2-e840-4a4e-a6d0-60f68f781bb0,239333
98,Fall Out Boy,516cef4d-0718-4007-9939-f9b38af3f784,15,Thriller,463795,3750229,3b1f5460-410f-4242-a9e6-abdedcccd194,203000
99,Kid Cudi,e0e1db18-f7ba-4dee-95ff-7ae8cf545460,1,Pursuit of Happiness (Nightmare),1206625,13056445,2213d5ec-78da-4810-911c-b0870daf2351,379693
99,Kid Cudi,e0e1db18-f7ba-4dee-95ff-7ae8cf545460,2,Day 'n' Nite (Nightmare),1113122,11777453,19b67c41-d412-49de-94e5-984b755233d9,223000
99,Kid Cudi,e0e1db18-f7ba-4dee-95ff-7ae8cf545460,3,Soundtrack 2 My Life,1097644,9515700,1a77c62c-da36-43cc-8121-fb101872382f,232000
99,Kid Cudi,e0e1db18-f7ba-4dee-95ff-7ae8cf545460,4,Mr. Rager,1046060,14635103,fa3bb417-be26-4907-b6e1-78259c869aca,401000
99,Kid Cudi,e0e1db18-f7ba-4dee-95ff-7ae8cf545460,5,Cudi Zone,705275,5162705,1849fb91-c6ac-4944-91e5-903ab5cc94a9,259000
99,Kid Cudi,e0e1db18-f7ba-4dee-95ff-7ae8cf545460,6,Sky Might Fall,619939,3818822,76c35ff2-e744-4ede-aab1-736f27d8a2f1,220973
99,Kid Cudi,e0e1db18-f7ba-4dee-95ff-7ae8cf545460,7,Simple As...,598345,3149204,ccc541d8-5130-43d0-86c4-f910f4c9fd20,151000
99,Kid Cudi,e0e1db18-f7ba-4dee-95ff-7ae8cf545460,8,Up Up & Away,578289,4526873,5c8629cc-b2f2-4660-8b31-a9921b363981,227346
99,Kid Cudi,e0e1db18-f7ba-4dee-95ff-7ae8cf545460,9,Erase Me - Main,529826,5904634,,
99,Kid Cudi,e0e1db18-f7ba-4dee-95ff-7ae8cf545460,10,Heart of a Lion (Kid Cudi Theme Music),518813,3067968,3e6233fb-f4ae-4f17-ba8b-a29ce661117d,261000
99,Kid Cudi,e0e1db18-f7ba-4dee-95ff-7ae8cf545460,11,Solo Dolo (Nightmare),477510,2896096,c3405993-72c5-4af2-ade6-82daa188ab8a,266000
99,Kid Cudi,e0e1db18-f7ba-4dee-95ff-7ae8cf545460,12,In My Dreams (Cudder Anthem),453683,2310804,5e5e1f06-759b-4e20-a2c6-053100c888a1,199000
99,Kid Cudi,e0e1db18-f7ba-4dee-95ff-7ae8cf545460,13,Marijuana,436537,3168167,484573c8-98be-45a0-b984-f100e731e61f,260000
99,Kid Cudi,e0e1db18-f7ba-4dee-95ff-7ae8cf545460,14,Make Her Say,435329,2852289,ff2a00b6-3750-4a99-ae9f-a2ddd1b07d68,197000
99,Kid Cudi,e0e1db18-f7ba-4dee-95ff-7ae8cf545460,15,Tequila Shots,434052,5462479,1612b161-c4ba-47a8-9822-350301143ec8,193293
100,Lil Peep,92da4329-77a4-425c-8e92-4280110cace9,1,Star Shopping,982674,22981595,ad3cc0a5-4584-47cd-b2f5-8fa790d424d5,141000
100,Lil Peep,92da4329-77a4-425c-8e92-4280110cace9,2,Falling Down - Bonus Track,969610,13863795,,
100,Lil Peep,92da4329-77a4-425c-8e92-4280110cace9,3,Save That Shit,677116,10761886,4bf90b55-930c-4ca3-88ab-0f642c12dbea,232000
100,Lil Peep,92da4329-77a4-425c-8e92-4280110cace9,4,nuts,664186,14970924,9afe2751-116e-494c-aac5-1f2f46bbcfd4,85236
100,Lil Peep,92da4329-77a4-425c-8e92-4280110cace9,5,white tee,570000,9780960,4f77d04b-5b80-4493-af53-01245808a38e,115931
100,Lil Peep,92da4329-77a4-425c-8e92-4280110cace9,6,Beamer Boy,527015,8433171,9f4b3ba9-2223-4330-8782-a4eb0e4491be,203000
100,Lil Peep,92da4329-77a4-425c-8e92-4280110cace9,7,witchblades,453457,7234330,703270de-f405-4677-9a42-ae78a78f06f8,150000
100,Lil Peep,92da4329-77a4-425c-8e92-4280110cace9,8,Benz Truck (гелик),422981,6300699,60871e52-3627-4c18-9965-2befa01bb024,160000
100,Lil Peep,92da4329-77a4-425c-8e92-4280110cace9,9,Your Favorite Dress,371890,5853693,a3e5a4a7-6f6b-4727-af46-710573def2ee,177386
100,Lil Peep,92da4329-77a4-425c-8e92-4280110cace9,10,ghost boy,360359,6085571,1b8121fc-0a53-4c76-ac8f-f03fe742c9af,130973
100,Lil Peep,92da4329-77a4-425c-8e92-4280110cace9,11,Awful Things,356716,4728062,7eb5f623-24d7-4e8b-b82a-fc48bb4772f2,205688
100,Lil Peep,92da4329-77a4-425c-8e92-4280110cace9,12,Life is Beautiful,354639,5156545,946dddd3-a298-4dda-ae7a-61941d06f4ac,207587
100,Lil Peep,92da4329-77a4-425c-8e92-4280110cace9,13,gym class,328192,5511628,98457c66-6f39-4288-8b12-6aa8c33293e7,217000
100,Lil Peep,92da4329-77a4-425c-8e92-4280110cace9,14,Runaway,306186,3917416,ec04e646-1a1d-4e73-925b-65207ac2722e,192760
100,Lil Peep,92da4329-77a4-425c-8e92-4280110cace9,15,The Brightside,304780,4201078,4724183b-9b8a-441c-93c4-081d583dd79d,216000
