u,v,weight_raw,weight_size_adj,first_collab_date,last_collab_date,recency_weight,roles_overlap,genre_overlap,low_overlap
0ef9b4c4-4a41-4ad8-9c64-98c0419c0150,1ac73985-2cfa-433a-a6f8-379480e87179,1,0.166667,1984-01-01,1984-01-01,1.0,1.0,1.0,0
0ef9b4c4-4a41-4ad8-9c64-98c0419c0150,2093207d-cb69-4789-866b-5ac772c9ebd3,1,0.166667,1984-01-01,1984-01-01,1.0,1.0,1.0,0
0ef9b4c4-4a41-4ad8-9c64-98c0419c0150,c8b03190-306c-4120-bb0b-6f2ebfc06ea9,1,0.166667,1984-01-01,1984-01-01,1.0,0.1,0.125,1
1ac73985-2cfa-433a-a6f8-379480e87179,2093207d-cb69-4789-866b-5ac772c9ebd3,1,0.166667,1984-01-01,1984-01-01,1.0,1.0,1.0,0
1ac73985-2cfa-433a-a6f8-379480e87179,c8b03190-306c-4120-bb0b-6f2ebfc06ea9,1,0.166667,1984-01-01,1984-01-01,1.0,0.1,0.125,1
2093207d-cb69-4789-866b-5ac772c9ebd3,c8b03190-306c-4120-bb0b-6f2ebfc06ea9,1,0.166667,1984-01-01,1984-01-01,1.0,0.1,0.125,1
0ce1a4c2-ad1e-40d0-80da-d3396bc6518a,1f52af22-0207-40ac-9a15-e5052bb670c2,6,0.6,1982-09-01,1992-01-01,1.0,1.0,1.0,0
0ce1a4c2-ad1e-40d0-80da-d3396bc6518a,7f347782-eb14-40c3-98e2-17b6e1bfe56c,6,0.6,1982-09-01,1992-01-01,1.0,0.5,1.0,0
0ce1a4c2-ad1e-40d0-80da-d3396bc6518a,8bfac288-ccc5-448d-9573-c33ea2aa5c30,1,0.1,1982-09-01,1982-09-01,1.0,0.0,1.0,0
0ce1a4c2-ad1e-40d0-80da-d3396bc6518a,a94e530f-4e9f-40e6-b44b-ebec06f7900e,6,0.6,1982-09-01,1992-01-01,1.0,0.5,1.0,0
1f52af22-0207-40ac-9a15-e5052bb670c2,7f347782-eb14-40c3-98e2-17b6e1bfe56c,6,0.6,1982-09-01,1992-01-01,1.0,0.5,1.0,0
1f52af22-0207-40ac-9a15-e5052bb670c2,8bfac288-ccc5-448d-9573-c33ea2aa5c30,1,0.1,1982-09-01,1982-09-01,1.0,0.0,1.0,0
1f52af22-0207-40ac-9a15-e5052bb670c2,a94e530f-4e9f-40e6-b44b-ebec06f7900e,6,0.6,1982-09-01,1992-01-01,1.0,0.5,1.0,0
7f347782-eb14-40c3-98e2-17b6e1bfe56c,8bfac288-ccc5-448d-9573-c33ea2aa5c30,1,0.1,1982-09-01,1982-09-01,1.0,0.0,1.0,0
7f347782-eb14-40c3-98e2-17b6e1bfe56c,a94e530f-4e9f-40e6-b44b-ebec06f7900e,6,0.6,1982-09-01,1992-01-01,1.0,1.0,1.0,0
8bfac288-ccc5-448d-9573-c33ea2aa5c30,a94e530f-4e9f-40e6-b44b-ebec06f7900e,1,0.1,1982-09-01,1982-09-01,1.0,0.0,1.0,0
1a9d7ebe-2bab-47b7-9c08-8ebff789d134,f6beac20-5dfe-4d1f-ae02-0b0a740aafd6,2,1.035714,2011-05-10,2012-01-01,1.0,0.083333,0.0,1
20244d07-534f-4eff-b4d4-930878889970,20ed1946-1317-4f9e-ae72-817548b4ace2,1,0.166667,1978-01-01,1978-01-01,1.0,0.090909,1.0,0
20244d07-534f-4eff-b4d4-930878889970,54e105a9-4515-47e2-8953-9b5f9cdcbf1c,1,0.166667,1978-01-01,1978-01-01,1.0,0.181818,1.0,0
20244d07-534f-4eff-b4d4-930878889970,e16cc224-7803-46cb-8615-ccf9068199a1,1,0.166667,1978-01-01,1978-01-01,1.0,0.090909,1.0,0
20ed1946-1317-4f9e-ae72-817548b4ace2,54e105a9-4515-47e2-8953-9b5f9cdcbf1c,1,0.166667,1978-01-01,1978-01-01,1.0,0.5,1.0,0
20ed1946-1317-4f9e-ae72-817548b4ace2,e16cc224-7803-46cb-8615-ccf9068199a1,1,0.166667,1978-01-01,1978-01-01,1.0,1.0,1.0,0
54e105a9-4515-47e2-8953-9b5f9cdcbf1c,e16cc224-7803-46cb-8615-ccf9068199a1,1,0.166667,1978-01-01,1978-01-01,1.0,0.5,1.0,0
381086ea-f511-4aba-bdf9-71c753dc5077,3c6a1239-9858-4ec6-8bf2-208fd2659c68,1,0.1,1992-01-01,1992-01-01,0.15749,0.166667,0.0,1
381086ea-f511-4aba-bdf9-71c753dc5077,83cf2a60-3970-445a-bfef-3fdbe2a75f8a,1,0.1,1992-01-01,1992-01-01,0.15749,0.083333,0.0,1
381086ea-f511-4aba-bdf9-71c753dc5077,ccccc434-290b-434b-9ff1-0c9e32a1ac8f,1,0.1,1992-01-01,1992-01-01,0.15749,0.083333,0.0,1
381086ea-f511-4aba-bdf9-71c753dc5077,eb28cee9-090d-4f96-8490-5504180caa45,1,0.1,1992-01-01,1992-01-01,0.15749,0.083333,0.0,1
3c6a1239-9858-4ec6-8bf2-208fd2659c68,83cf2a60-3970-445a-bfef-3fdbe2a75f8a,6,0.6,1992-01-01,2000-01-01,1.0,0.5,1.0,0
3c6a1239-9858-4ec6-8bf2-208fd2659c68,ccccc434-290b-434b-9ff1-0c9e32a1ac8f,6,0.6,1992-01-01,2000-01-01,1.0,0.5,1.0,0
3c6a1239-9858-4ec6-8bf2-208fd2659c68,eb28cee9-090d-4f96-8490-5504180caa45,6,0.6,1992-01-01,2000-01-01,1.0,0.5,1.0,0
83cf2a60-3970-445a-bfef-3fdbe2a75f8a,ccccc434-290b-434b-9ff1-0c9e32a1ac8f,6,0.6,1992-01-01,2000-01-01,1.0,1.0,1.0,0
83cf2a60-3970-445a-bfef-3fdbe2a75f8a,eb28cee9-090d-4f96-8490-5504180caa45,6,0.6,1992-01-01,2000-01-01,1.0,1.0,1.0,0
ccccc434-290b-434b-9ff1-0c9e32a1ac8f,eb28cee9-090d-4f96-8490-5504180caa45,6,0.6,1992-01-01,2000-01-01,1.0,1.0,1.0,0
ccb8f30e-4d71-40c4-8b1d-846dafe73e2c,fd36f43e-5bd1-488e-b844-0e059250ef78,1,1.0,1984-01-01,1984-01-01,1.0,0.428571,0.545455,0
5e645519-a175-4fe0-9a9b-eb9dc9f506b5,650e7db6-b795-4eb5-a702-5ea2fc46c848,1,1.0,1935-01-01,1935-01-01,0.049614,0.142857,1.0,0
54799c0e-eb45-4eea-996d-c4d71a63c499,b342d50e-401c-4c77-b7e4-2b3e7beaf00a,1,0.333333,1936-01-01,1936-01-01,1.0,0.142857,0.0,1
54799c0e-eb45-4eea-996d-c4d71a63c499,f81cf9ba-53fc-4b02-88ca-853689320111,1,0.333333,1936-01-01,1936-01-01,1.0,0.142857,0.0,1
b342d50e-401c-4c77-b7e4-2b3e7beaf00a,f81cf9ba-53fc-4b02-88ca-853689320111,1,0.333333,1936-01-01,1936-01-01,1.0,0.0,0.0,1
3bcb90e6-c8d9-463d-870a-3cc1e480a060,d0693759-d13d-4661-871d-0eb8500acecc,1,1.0,1934-01-01,1934-01-01,1.0,0.0,1.0,0
1036b808-f58c-4a3e-b461-a2c4492ecf1b,23e6234d-d57c-42e4-a7e9-e84e072adb25,1,0.1,2005-01-01,2005-01-01,1.0,0.1,0.0,1
1036b808-f58c-4a3e-b461-a2c4492ecf1b,a13b1d65-ccb3-4934-9bec-5a90f7c23386,1,0.1,2005-01-01,2005-01-01,1.0,0.1,0.0,1
1036b808-f58c-4a3e-b461-a2c4492ecf1b,bab29dd5-510a-4c10-b1f1-657d60a9ee6e,1,0.1,2005-01-01,2005-01-01,0.086898,0.1,0.0,1
1036b808-f58c-4a3e-b461-a2c4492ecf1b,df953bcc-b2c6-4148-a088-18140ebcc647,1,0.1,2005-01-01,2005-01-01,1.0,0.1,0.0,1
23e6234d-d57c-42e4-a7e9-e84e072adb25,a13b1d65-ccb3-4934-9bec-5a90f7c23386,1,0.1,2005-01-01,2005-01-01,1.0,1.0,0.0,0
23e6234d-d57c-42e4-a7e9-e84e072adb25,bab29dd5-510a-4c10-b1f1-657d60a9ee6e,1,0.1,2005-01-01,2005-01-01,1.0,1.0,0.0,0
23e6234d-d57c-42e4-a7e9-e84e072adb25,df953bcc-b2c6-4148-a088-18140ebcc647,1,0.1,2005-01-01,2005-01-01,1.0,1.0,0.0,0
a13b1d65-ccb3-4934-9bec-5a90f7c23386,bab29dd5-510a-4c10-b1f1-657d60a9ee6e,1,0.1,2005-01-01,2005-01-01,1.0,1.0,0.0,0
a13b1d65-ccb3-4934-9bec-5a90f7c23386,df953bcc-b2c6-4148-a088-18140ebcc647,1,0.1,2005-01-01,2005-01-01,1.0,1.0,0.0,0
bab29dd5-510a-4c10-b1f1-657d60a9ee6e,df953bcc-b2c6-4148-a088-18140ebcc647,1,0.1,2005-01-01,2005-01-01,1.0,1.0,0.0,0
1c7a2235-5d08-403b-834a-3f00b7a7736c,d38c64ea-a084-49c5-ac73-f57ef53f1195,1,0.333333,1994-01-01,1994-01-01,1.0,1.0,0.0,0
1c7a2235-5d08-403b-834a-3f00b7a7736c,dbc997aa-da05-4dd3-a36d-a07af8f862d7,1,0.333333,1994-01-01,1994-01-01,1.0,1.0,0.0,0
d38c64ea-a084-49c5-ac73-f57ef53f1195,dbc997aa-da05-4dd3-a36d-a07af8f862d7,1,0.333333,1994-01-01,1994-01-01,1.0,1.0,0.0,0
6ab31970-6077-4906-a185-cbce90c1c8b3,6c447015-044a-4d5f-9521-410e17d46d42,1,0.166667,1996-01-01,1996-01-01,1.0,1.0,0.0,0
6ab31970-6077-4906-a185-cbce90c1c8b3,b5396d77-58c1-4efe-842a-f40e346a9f45,1,0.166667,1996-01-01,1996-01-01,1.0,1.0,0.0,0
6ab31970-6077-4906-a185-cbce90c1c8b3,f94db5b3-9260-4e81-9d35-6806e50c713f,1,0.166667,1996-01-01,1996-01-01,1.0,1.0,0.0,0
6c447015-044a-4d5f-9521-410e17d46d42,b5396d77-58c1-4efe-842a-f40e346a9f45,1,0.166667,1996-01-01,1996-01-01,1.0,1.0,0.0,0
6c447015-044a-4d5f-9521-410e17d46d42,f94db5b3-9260-4e81-9d35-6806e50c713f,1,0.166667,1996-01-01,1996-01-01,1.0,1.0,0.0,0
b5396d77-58c1-4efe-842a-f40e346a9f45,f94db5b3-9260-4e81-9d35-6806e50c713f,1,0.166667,1996-01-01,1996-01-01,1.0,1.0,0.0,0
73e5e69d-3554-40d8-8516-00cb38737a1c,ed2ac1e9-d51d-4eff-a2c2-85e81abd6360,2,2.0,1978-01-01,1979-01-01,1.0,0.333333,0.727273,0
4d5447d7-c61c-4120-ba1b-d7f471d385b9,56a55378-f155-48de-80a5-d80104221267,1,0.333333,1957-01-01,1957-01-01,1.0,0.428571,0.052632,1
4d5447d7-c61c-4120-ba1b-d7f471d385b9,ba550d0e-adac-4864-b88b-407cab5e76af,37,18.166667,1957-01-01,1970-01-01,0.793826,0.478261,1.0,0
56a55378-f155-48de-80a5-d80104221267,ba550d0e-adac-4864-b88b-407cab5e76af,1,0.333333,1957-01-01,1957-01-01,1.0,0.363636,0.052632,1
260b6184-8828-48eb-945c-bc4cb6fc34ca,55bc7f0d-bc56-4a5e-8555-77557bb757cd,1,0.333333,1959-08-01,1959-08-01,1.0,0.090909,0.625,0
260b6184-8828-48eb-945c-bc4cb6fc34ca,f23bf5f5-4246-4e5f-9f8e-6a104a813e23,1,0.333333,1959-08-01,1959-08-01,1.0,0.090909,0.625,0
55bc7f0d-bc56-4a5e-8555-77557bb757cd,f23bf5f5-4246-4e5f-9f8e-6a104a813e23,1,0.333333,1959-08-01,1959-08-01,1.0,1.0,1.0,0
509086c2-9cc8-4e77-89e9-322e34240ffc,65744963-191a-44ef-a3c7-b693a808a158,1,0.1,1935-01-01,1935-01-01,1.0,0.0,1.0,0
509086c2-9cc8-4e77-89e9-322e34240ffc,82953e0d-464a-4fb8-80fc-78dbf8b49b1b,1,0.1,1935-01-01,1935-01-01,1.0,1.0,1.0,0
509086c2-9cc8-4e77-89e9-322e34240ffc,a6de8ef9-b1a1-4756-97aa-481bbb8a4069,1,0.1,1935-01-01,1935-01-01,1.0,0.111111,0.4,1
509086c2-9cc8-4e77-89e9-322e34240ffc,bf23ae35-d26d-4180-b7da-7fc9841b2cd9,1,0.1,1935-01-01,1935-01-01,1.0,1.0,1.0,0
65744963-191a-44ef-a3c7-b693a808a158,82953e0d-464a-4fb8-80fc-78dbf8b49b1b,1,0.1,1935-01-01,1935-01-01,1.0,0.0,1.0,0
65744963-191a-44ef-a3c7-b693a808a158,a6de8ef9-b1a1-4756-97aa-481bbb8a4069,1,0.1,1935-01-01,1935-01-01,1.0,0.111111,0.4,1
65744963-191a-44ef-a3c7-b693a808a158,bf23ae35-d26d-4180-b7da-7fc9841b2cd9,1,0.1,1935-01-01,1935-01-01,1.0,0.0,1.0,0
82953e0d-464a-4fb8-80fc-78dbf8b49b1b,a6de8ef9-b1a1-4756-97aa-481bbb8a4069,1,0.1,1935-01-01,1935-01-01,1.0,0.111111,0.4,1
82953e0d-464a-4fb8-80fc-78dbf8b49b1b,bf23ae35-d26d-4180-b7da-7fc9841b2cd9,1,0.1,1935-01-01,1935-01-01,1.0,1.0,1.0,0
a6de8ef9-b1a1-4756-97aa-481bbb8a4069,bf23ae35-d26d-4180-b7da-7fc9841b2cd9,1,0.1,1935-01-01,1935-01-01,1.0,0.111111,0.4,1
03f8ade0-201a-43ee-90b4-96c36dc591b0,6fca9aa3-8e72-40c0-bac9-7c4b73c9786e,7,0.635714,1997-01-01,2012-06-25,1.0,1.0,0.0,0
03f8ade0-201a-43ee-90b4-96c36dc591b0,7d7a5fdd-0d04-4c36-8bee-906feeae239c,7,0.635714,1997-01-01,2012-06-25,1.0,0.666667,0.0,0
03f8ade0-201a-43ee-90b4-96c36dc591b0,e21857d5-3256-4547-afb3-4b6ded592596,1,0.1,1997-01-01,1997-01-01,1.0,0.222222,0.0,1
03f8ade0-201a-43ee-90b4-96c36dc591b0,fb56cc34-2ab1-4621-ac18-9bf2895e5f4f,7,0.635714,1997-01-01,2012-06-25,1.0,0.666667,0.0,0
6fca9aa3-8e72-40c0-bac9-7c4b73c9786e,7d7a5fdd-0d04-4c36-8bee-906feeae239c,7,0.635714,1997-01-01,2012-06-25,1.0,0.666667,0.0,0
6fca9aa3-8e72-40c0-bac9-7c4b73c9786e,e21857d5-3256-4547-afb3-4b6ded592596,1,0.1,1997-01-01,1997-01-01,1.0,0.222222,0.0,1
6fca9aa3-8e72-40c0-bac9-7c4b73c9786e,fb56cc34-2ab1-4621-ac18-9bf2895e5f4f,7,0.635714,1997-01-01,2012-06-25,1.0,0.666667,0.0,0
7d7a5fdd-0d04-4c36-8bee-906feeae239c,e21857d5-3256-4547-afb3-4b6ded592596,1,0.1,1997-01-01,1997-01-01,1.0,0.333333,0.0,1
7d7a5fdd-0d04-4c36-8bee-906feeae239c,fb56cc34-2ab1-4621-ac18-9bf2895e5f4f,7,0.635714,1997-01-01,2012-06-25,1.0,1.0,0.0,0
e21857d5-3256-4547-afb3-4b6ded592596,fb56cc34-2ab1-4621-ac18-9bf2895e5f4f,1,0.1,1997-01-01,1997-01-01,1.0,0.333333,0.0,1
4d5447d7-c61c-4120-ba1b-d7f471d385b9,b4d32cff-f19e-455f-86c4-f347d824ca61,1,0.333333,1969-01-01,1969-01-01,0.63016,0.230769,0.190476,1
b4d32cff-f19e-455f-86c4-f347d824ca61,ba550d0e-adac-4864-b88b-407cab5e76af,1,0.333333,1969-01-01,1969-01-01,0.049614,0.181818,0.190476,1
54751645-0f65-4529-9526-35285ae252b3,661e20c8-3d82-4da2-94a2-97d9e11691c0,1,0.333333,1971-01-01,1971-01-01,1.0,0.0,0.0,1
54751645-0f65-4529-9526-35285ae252b3,ada7a83c-e3e1-40f1-93f9-3e73dbc9298a,1,0.333333,1971-01-01,1971-01-01,1.0,0.2,0.0,1
661e20c8-3d82-4da2-94a2-97d9e11691c0,ada7a83c-e3e1-40f1-93f9-3e73dbc9298a,1,0.333333,1971-01-01,1971-01-01,1.0,0.4,0.0,1
31d2041c-985d-48f7-b6e2-2a70cdf14853,3cbfd3e3-6d9b-4327-84ba-42cf646c98f9,1,0.166667,1998-01-01,1998-01-01,1.0,0.333333,0.0,1
31d2041c-985d-48f7-b6e2-2a70cdf14853,5df62a88-cac9-490a-b62c-c7c88f4020f4,1,0.166667,1998-01-01,1998-01-01,1.0,0.125,0.0,1
31d2041c-985d-48f7-b6e2-2a70cdf14853,b3461bc9-768d-40fe-8d47-c93c2c0e2789,1,0.166667,1998-01-01,1998-01-01,1.0,1.0,0.0,0
3cbfd3e3-6d9b-4327-84ba-42cf646c98f9,5df62a88-cac9-490a-b62c-c7c88f4020f4,1,0.166667,1998-01-01,1998-01-01,1.0,0.375,0.0,1
3cbfd3e3-6d9b-4327-84ba-42cf646c98f9,b3461bc9-768d-40fe-8d47-c93c2c0e2789,1,0.166667,1998-01-01,1998-01-01,1.0,0.333333,0.0,1
5df62a88-cac9-490a-b62c-c7c88f4020f4,b3461bc9-768d-40fe-8d47-c93c2c0e2789,1,0.166667,1998-01-01,1998-01-01,1.0,0.125,0.0,1
83e71a21-caf7-4e48-8ff7-6512d51e88a3,b342d50e-401c-4c77-b7e4-2b3e7beaf00a,1,0.333333,1961-01-01,1961-01-01,1.0,0.0,1.0,0
83e71a21-caf7-4e48-8ff7-6512d51e88a3,e520459c-dff4-491d-a6e4-c97be35e0044,1,0.333333,1961-01-01,1961-01-01,1.0,0.125,1.0,0
b342d50e-401c-4c77-b7e4-2b3e7beaf00a,e520459c-dff4-491d-a6e4-c97be35e0044,1,0.333333,1961-01-01,1961-01-01,1.0,0.125,1.0,0
44cf61b8-5197-448a-b82b-cef6ee89fac5,613260c3-d620-4645-94cd-33cd55f29b1e,1,1.0,1966-09-10,1966-09-10,1.0,0.0,0.0,1
4d5447d7-c61c-4120-ba1b-d7f471d385b9,7527f6c2-d762-4b88-b5e2-9244f1e34c46,1,1.0,1971-01-01,1971-01-01,1.0,0.461538,0.052632,1
013fa897-86db-41d3-8e9f-386c8a34f4e6,ff621094-2a76-401f-8398-b75b5fd2be24,9,7.0,1984-01-01,1987-01-01,1.0,0.333333,1.0,0
2b2a7e94-fdc6-4c2e-859c-441faa4089cd,48555d10-ded8-4172-a737-33bffc0125d5,2,0.166667,1987-01-01,1987-01-01,1.0,1.0,1.0,0
2b2a7e94-fdc6-4c2e-859c-441faa4089cd,7d1a1624-784b-4f89-8ff9-b9b493cd059d,2,0.166667,1987-01-01,1987-01-01,1.0,0.5,1.0,0
2b2a7e94-fdc6-4c2e-859c-441faa4089cd,d7557f83-02a4-47c4-b48e-ac9d49f9c92c,2,0.166667,1987-01-01,1987-01-01,1.0,1.0,1.0,0
2b2a7e94-fdc6-4c2e-859c-441faa4089cd,e8c7f193-0db6-4175-a469-ebce1c340429,2,0.166667,1987-01-01,1987-01-01,1.0,1.0,1.0,0
2b2a7e94-fdc6-4c2e-859c-441faa4089cd,f59c5520-5f46-4d2c-b2c4-822eabf53419,1,0.066667,1987-01-01,1987-01-01,1.0,0.125,1.0,0
48555d10-ded8-4172-a737-33bffc0125d5,7d1a1624-784b-4f89-8ff9-b9b493cd059d,2,0.166667,1987-01-01,1987-01-01,1.0,0.5,1.0,0
48555d10-ded8-4172-a737-33bffc0125d5,d7557f83-02a4-47c4-b48e-ac9d49f9c92c,2,0.166667,1987-01-01,1987-01-01,1.0,1.0,1.0,0
48555d10-ded8-4172-a737-33bffc0125d5,e8c7f193-0db6-4175-a469-ebce1c340429,2,0.166667,1987-01-01,1987-01-01,1.0,1.0,1.0,0
48555d10-ded8-4172-a737-33bffc0125d5,f59c5520-5f46-4d2c-b2c4-822eabf53419,1,0.066667,1987-01-01,1987-01-01,1.0,0.125,1.0,0
7d1a1624-784b-4f89-8ff9-b9b493cd059d,d7557f83-02a4-47c4-b48e-ac9d49f9c92c,2,0.166667,1987-01-01,1987-01-01,1.0,0.5,1.0,0
7d1a1624-784b-4f89-8ff9-b9b493cd059d,e8c7f193-0db6-4175-a469-ebce1c340429,2,0.166667,1987-01-01,1987-01-01,1.0,0.5,1.0,0
7d1a1624-784b-4f89-8ff9-b9b493cd059d,f59c5520-5f46-4d2c-b2c4-822eabf53419,1,0.066667,1987-01-01,1987-01-01,1.0,0.25,1.0,0
d7557f83-02a4-47c4-b48e-ac9d49f9c92c,e8c7f193-0db6-4175-a469-ebce1c340429,2,0.166667,1987-01-01,1987-01-01,1.0,1.0,1.0,0
d7557f83-02a4-47c4-b48e-ac9d49f9c92c,f59c5520-5f46-4d2c-b2c4-822eabf53419,1,0.066667,1987-01-01,1987-01-01,1.0,0.125,1.0,0
e8c7f193-0db6-4175-a469-ebce1c340429,f59c5520-5f46-4d2c-b2c4-822eabf53419,1,0.066667,1987-01-01,1987-01-01,1.0,0.125,1.0,0
494e8d09-f85b-4543-892f-a5096aed1cd4,60c05c03-e33e-44a7-bef8-6fb245aaea51,1,0.333333,1994-01-01,1994-01-01,1.0,0.285714,0.714286,0
494e8d09-f85b-4543-892f-a5096aed1cd4,f634fc9c-da81-4627-9913-455d638bbfdf,3,2.333333,1991-01-01,1994-01-01,1.0,0.142857,0.714286,0
60c05c03-e33e-44a7-bef8-6fb245aaea51,f634fc9c-da81-4627-9913-455d638bbfdf,1,0.333333,1994-01-01,1994-01-01,1.0,0.2,1.0,0
044fd265-79dd-43eb-afc4-8b20becf7e17,15d7ee5c-f9eb-4a3a-9721-0edb0b21f168,1,0.1,2016-01-01,2016-01-01,1.0,0.111111,0.0,1
044fd265-79dd-43eb-afc4-8b20becf7e17,272989c8-5535-492d-a25c-9f58803e027f,1,0.1,2016-01-01,2016-01-01,1.0,0.4,0.0,1
044fd265-79dd-43eb-afc4-8b20becf7e17,381086ea-f511-4aba-bdf9-71c753dc5077,1,0.1,2016-01-01,2016-01-01,1.0,0.615385,0.0,0
044fd265-79dd-43eb-afc4-8b20becf7e17,9032140b-c6ba-448d-8f05-5ac16e3aa165,1,0.1,2016-01-01,2016-01-01,1.0,0.222222,0.0,1
15d7ee5c-f9eb-4a3a-9721-0edb0b21f168,272989c8-5535-492d-a25c-9f58803e027f,1,0.1,2016-01-01,2016-01-01,1.0,0.2,0.0,1
15d7ee5c-f9eb-4a3a-9721-0edb0b21f168,381086ea-f511-4aba-bdf9-71c753dc5077,1,0.1,2016-01-01,2016-01-01,1.0,0.083333,0.0,1
15d7ee5c-f9eb-4a3a-9721-0edb0b21f168,9032140b-c6ba-448d-8f05-5ac16e3aa165,1,0.1,2016-01-01,2016-01-01,1.0,0.5,0.0,0
272989c8-5535-492d-a25c-9f58803e027f,381086ea-f511-4aba-bdf9-71c753dc5077,2,0.2,2016-01-01,2018-01-01,1.0,0.416667,0.0,1
272989c8-5535-492d-a25c-9f58803e027f,9032140b-c6ba-448d-8f05-5ac16e3aa165,2,0.2,2016-01-01,2018-01-01,1.0,0.4,0.0,1
381086ea-f511-4aba-bdf9-71c753dc5077,9032140b-c6ba-448d-8f05-5ac16e3aa165,3,0.247619,2016-01-01,2019-07-19,1.0,0.166667,0.0,1
01ad46b5-59c5-4295-a500-88742320ec3a,272989c8-5535-492d-a25c-9f58803e027f,1,0.333333,2016-01-01,2016-01-01,1.0,0.2,0.0,1
01ad46b5-59c5-4295-a500-88742320ec3a,73e5e69d-3554-40d8-8516-00cb38737a1c,1,0.333333,2016-01-01,2016-01-01,1.0,0.2,0.0,1
272989c8-5535-492d-a25c-9f58803e027f,73e5e69d-3554-40d8-8516-00cb38737a1c,1,0.333333,2016-01-01,2016-01-01,1.0,0.428571,0.0,1
272989c8-5535-492d-a25c-9f58803e027f,56756959-1e78-429c-b897-e1d056cb0225,1,0.1,2017-06-01,2017-06-01,1.0,0.333333,0.0,1
272989c8-5535-492d-a25c-9f58803e027f,5e652056-eacd-471d-96d8-636ecd73829c,1,0.1,2017-06-01,2017-06-01,1.0,0.2,0.0,1
272989c8-5535-492d-a25c-9f58803e027f,8e494408-8620-4c6a-82c2-c2ca4a1e4f12,1,0.1,2017-06-01,2017-06-01,1.0,0.444444,0.0,1
272989c8-5535-492d-a25c-9f58803e027f,f4e8368d-3570-45eb-bdf1-23987955b3e6,1,0.1,2017-06-01,2017-06-01,1.0,0.2,0.0,1
56756959-1e78-429c-b897-e1d056cb0225,5e652056-eacd-471d-96d8-636ecd73829c,1,0.1,2017-06-01,2017-06-01,1.0,0.090909,0.0,1
56756959-1e78-429c-b897-e1d056cb0225,8e494408-8620-4c6a-82c2-c2ca4a1e4f12,1,0.1,2017-06-01,2017-06-01,1.0,0.583333,0.0,0
56756959-1e78-429c-b897-e1d056cb0225,f4e8368d-3570-45eb-bdf1-23987955b3e6,1,0.1,2017-06-01,2017-06-01,1.0,0.090909,0.0,1
5e652056-eacd-471d-96d8-636ecd73829c,8e494408-8620-4c6a-82c2-c2ca4a1e4f12,1,0.1,2017-06-01,2017-06-01,1.0,0.125,0.0,1
5e652056-eacd-471d-96d8-636ecd73829c,f4e8368d-3570-45eb-bdf1-23987955b3e6,1,0.1,2017-06-01,2017-06-01,1.0,1.0,0.0,0
8e494408-8620-4c6a-82c2-c2ca4a1e4f12,f4e8368d-3570-45eb-bdf1-23987955b3e6,1,0.1,2017-06-01,2017-06-01,1.0,0.125,0.0,1
0b1b3996-d4e5-4b04-986c-340d57ae8d3b,272989c8-5535-492d-a25c-9f58803e027f,1,0.1,2018-01-01,2018-01-01,1.0,0.2,0.0,1
0b1b3996-d4e5-4b04-986c-340d57ae8d3b,381086ea-f511-4aba-bdf9-71c753dc5077,1,0.1,2018-01-01,2018-01-01,1.0,0.083333,0.0,1
0b1b3996-d4e5-4b04-986c-340d57ae8d3b,3da7c19e-9e09-41c3-8420-d834f6c95f51,1,0.1,2018-01-01,2018-01-01,1.0,1.0,0.0,0
0b1b3996-d4e5-4b04-986c-340d57ae8d3b,9032140b-c6ba-448d-8f05-5ac16e3aa165,1,0.1,2018-01-01,2018-01-01,1.0,0.5,0.0,0
272989c8-5535-492d-a25c-9f58803e027f,3da7c19e-9e09-41c3-8420-d834f6c95f51,1,0.1,2018-01-01,2018-01-01,1.0,0.2,0.0,1
381086ea-f511-4aba-bdf9-71c753dc5077,3da7c19e-9e09-41c3-8420-d834f6c95f51,1,0.1,2018-01-01,2018-01-01,1.0,0.083333,0.0,1
3da7c19e-9e09-41c3-8420-d834f6c95f51,9032140b-c6ba-448d-8f05-5ac16e3aa165,1,0.1,2018-01-01,2018-01-01,1.0,0.5,0.0,0
272989c8-5535-492d-a25c-9f58803e027f,2a11b7c9-12d6-495d-a577-7412dd1f7aca,1,0.1,2018-01-01,2018-01-01,1.0,0.2,1.0,0
272989c8-5535-492d-a25c-9f58803e027f,2f3c4d70-0462-40da-bba3-0aec5772c556,1,0.1,2018-01-01,2018-01-01,1.0,0.666667,0.333333,0
272989c8-5535-492d-a25c-9f58803e027f,91376b53-c37d-4eed-ac24-63d167af6885,1,0.1,2018-01-01,2018-01-01,1.0,0.4,1.0,0
272989c8-5535-492d-a25c-9f58803e027f,ba991ec6-049b-479f-9020-be2a84dc1473,1,0.1,2018-01-01,2018-01-01,1.0,0.2,1.0,0
2a11b7c9-12d6-495d-a577-7412dd1f7aca,2f3c4d70-0462-40da-bba3-0aec5772c556,2,0.135714,2017-10-29,2018-01-01,1.0,0.2,0.333333,1
2a11b7c9-12d6-495d-a577-7412dd1f7aca,91376b53-c37d-4eed-ac24-63d167af6885,2,0.135714,2017-10-29,2018-01-01,0.707946,0.5,1.0,0
2a11b7c9-12d6-495d-a577-7412dd1f7aca,ba991ec6-049b-479f-9020-be2a84dc1473,5,0.28658,2017-10-29,2019-07-01,1.0,1.0,1.0,0
2f3c4d70-0462-40da-bba3-0aec5772c556,91376b53-c37d-4eed-ac24-63d167af6885,2,0.135714,2017-10-29,2018-01-01,1.0,0.4,0.333333,1
2f3c4d70-0462-40da-bba3-0aec5772c556,ba991ec6-049b-479f-9020-be2a84dc1473,2,0.135714,2017-10-29,2018-01-01,1.0,0.2,0.333333,1
91376b53-c37d-4eed-ac24-63d167af6885,ba991ec6-049b-479f-9020-be2a84dc1473,2,0.135714,2017-10-29,2018-01-01,0.707946,0.5,1.0,0
11f64d5e-77a6-48f7-ac1f-6d17b3ac2ba9,2c449bbd-b19e-456b-af78-f2e592ff2245,1,0.047619,1996-08-18,1996-08-18,1.0,1.0,0.0,0
11f64d5e-77a6-48f7-ac1f-6d17b3ac2ba9,438cfe24-e99c-4b74-94ff-7289ede0bb46,1,0.047619,1996-08-18,1996-08-18,1.0,1.0,0.0,0
11f64d5e-77a6-48f7-ac1f-6d17b3ac2ba9,730e20a5-66d3-4052-9143-a3ea7b56f568,1,0.047619,1996-08-18,1996-08-18,1.0,1.0,0.0,0
11f64d5e-77a6-48f7-ac1f-6d17b3ac2ba9,bb9fe2b7-87fa-43e6-95ca-bc4592d8d5bc,1,0.047619,1996-08-18,1996-08-18,1.0,1.0,0.0,0
11f64d5e-77a6-48f7-ac1f-6d17b3ac2ba9,cc197bad-dc9c-440d-a5b5-d52ba2e14234,1,0.047619,1996-08-18,1996-08-18,1.0,0.0,0.0,1
11f64d5e-77a6-48f7-ac1f-6d17b3ac2ba9,f71f8e0d-c109-4a50-9826-2559981d915e,1,0.047619,1996-08-18,1996-08-18,1.0,1.0,0.0,0
2c449bbd-b19e-456b-af78-f2e592ff2245,438cfe24-e99c-4b74-94ff-7289ede0bb46,1,0.047619,1996-08-18,1996-08-18,1.0,1.0,0.0,0
2c449bbd-b19e-456b-af78-f2e592ff2245,730e20a5-66d3-4052-9143-a3ea7b56f568,1,0.047619,1996-08-18,1996-08-18,1.0,1.0,0.0,0
2c449bbd-b19e-456b-af78-f2e592ff2245,bb9fe2b7-87fa-43e6-95ca-bc4592d8d5bc,1,0.047619,1996-08-18,1996-08-18,1.0,1.0,0.0,0
2c449bbd-b19e-456b-af78-f2e592ff2245,cc197bad-dc9c-440d-a5b5-d52ba2e14234,1,0.047619,1996-08-18,1996-08-18,1.0,0.0,0.0,1
2c449bbd-b19e-456b-af78-f2e592ff2245,f71f8e0d-c109-4a50-9826-2559981d915e,1,0.047619,1996-08-18,1996-08-18,1.0,1.0,0.0,0
438cfe24-e99c-4b74-94ff-7289ede0bb46,730e20a5-66d3-4052-9143-a3ea7b56f568,1,0.047619,1996-08-18,1996-08-18,1.0,1.0,0.0,0
438cfe24-e99c-4b74-94ff-7289ede0bb46,bb9fe2b7-87fa-43e6-95ca-bc4592d8d5bc,1,0.047619,1996-08-18,1996-08-18,1.0,1.0,0.0,0
438cfe24-e99c-4b74-94ff-7289ede0bb46,cc197bad-dc9c-440d-a5b5-d52ba2e14234,1,0.047619,1996-08-18,1996-08-18,1.0,0.0,0.0,1
438cfe24-e99c-4b74-94ff-7289ede0bb46,f71f8e0d-c109-4a50-9826-2559981d915e,1,0.047619,1996-08-18,1996-08-18,1.0,1.0,0.0,0
730e20a5-66d3-4052-9143-a3ea7b56f568,bb9fe2b7-87fa-43e6-95ca-bc4592d8d5bc,1,0.047619,1996-08-18,1996-08-18,1.0,1.0,0.0,0
730e20a5-66d3-4052-9143-a3ea7b56f568,cc197bad-dc9c-440d-a5b5-d52ba2e14234,1,0.047619,1996-08-18,1996-08-18,1.0,0.0,0.0,1
730e20a5-66d3-4052-9143-a3ea7b56f568,f71f8e0d-c109-4a50-9826-2559981d915e,1,0.047619,1996-08-18,1996-08-18,1.0,1.0,0.0,0
bb9fe2b7-87fa-43e6-95ca-bc4592d8d5bc,cc197bad-dc9c-440d-a5b5-d52ba2e14234,1,0.047619,1996-08-18,1996-08-18,1.0,0.0,0.0,1
bb9fe2b7-87fa-43e6-95ca-bc4592d8d5bc,f71f8e0d-c109-4a50-9826-2559981d915e,1,0.047619,1996-08-18,1996-08-18,1.0,1.0,0.0,0
cc197bad-dc9c-440d-a5b5-d52ba2e14234,f71f8e0d-c109-4a50-9826-2559981d915e,1,0.047619,1996-08-18,1996-08-18,1.0,0.0,0.0,1
65314b12-0e08-43fa-ba33-baaa7b874c15,d786f59b-1836-4ddb-8393-ab753edbe984,1,1.0,1967-01-01,1967-01-01,0.019689,0.2,0.0,1
6925db17-f35e-42f3-a4eb-84ee6bf5d4b0,c4df30f5-5487-4806-9189-b69c9f27532c,1,1.0,1972-01-01,1972-01-01,1.0,0.285714,1.0,0
fa58cf24-0e44-421d-8519-8bf461dcfaa5,fb147b8f-0144-4418-acaa-90b2d9779840,1,1.0,1980-01-01,1980-01-01,1.0,0.333333,0.0,1
65380f7e-cb7a-4594-ae44-28ff55160746,7fb57fba-a6ef-44c2-abab-2fa3bdee607e,1,0.333333,2010-01-01,2010-01-01,0.793826,0.428571,1.0,0
65380f7e-cb7a-4594-ae44-28ff55160746,cc2c9c3c-b7bc-4b8b-84d8-4fbd8779e493,1,0.333333,2010-01-01,2010-01-01,0.793826,0.375,0.681818,0
7fb57fba-a6ef-44c2-abab-2fa3bdee607e,cc2c9c3c-b7bc-4b8b-84d8-4fbd8779e493,1,0.333333,2010-01-01,2010-01-01,0.793826,0.666667,0.681818,0
0e5bf20d-a6ff-4ba2-89b5-bce7bd677750,2ebbf6bc-77f7-4759-8784-63bd77c2712c,1,0.166667,2011-04-08,2011-04-08,1.0,1.0,0.0,0
0e5bf20d-a6ff-4ba2-89b5-bce7bd677750,3ce513c5-bdd4-492c-a875-07e0f3e1993b,1,0.166667,2011-04-08,2011-04-08,1.0,1.0,0.0,0
0e5bf20d-a6ff-4ba2-89b5-bce7bd677750,7fb57fba-a6ef-44c2-abab-2fa3bdee607e,1,0.166667,2011-04-08,2011-04-08,1.0,0.142857,0.0,1
2ebbf6bc-77f7-4759-8784-63bd77c2712c,3ce513c5-bdd4-492c-a875-07e0f3e1993b,1,0.166667,2011-04-08,2011-04-08,1.0,1.0,0.0,0
2ebbf6bc-77f7-4759-8784-63bd77c2712c,7fb57fba-a6ef-44c2-abab-2fa3bdee607e,1,0.166667,2011-04-08,2011-04-08,1.0,0.142857,0.0,1
3ce513c5-bdd4-492c-a875-07e0f3e1993b,7fb57fba-a6ef-44c2-abab-2fa3bdee607e,1,0.166667,2011-04-08,2011-04-08,0.844061,0.142857,0.0,1
47cd0173-2278-40b1-9e74-9bd87971cf69,589ef702-7f3a-4a1c-8f2c-4727005cfc0e,1,0.066667,2012-01-01,2012-01-01,1.0,1.0,0.0,0
47cd0173-2278-40b1-9e74-9bd87971cf69,6fda57e7-57ca-4d18-a0a0-2be85e56ec72,1,0.066667,2012-01-01,2012-01-01,1.0,1.0,0.0,0
47cd0173-2278-40b1-9e74-9bd87971cf69,7fb57fba-a6ef-44c2-abab-2fa3bdee607e,1,0.066667,2012-01-01,2012-01-01,1.0,0.142857,0.0,1
47cd0173-2278-40b1-9e74-9bd87971cf69,8385ae48-812d-4bae-a240-74ecdbaf6dce,1,0.066667,2012-01-01,2012-01-01,1.0,1.0,0.0,0
47cd0173-2278-40b1-9e74-9bd87971cf69,b301026a-00c7-441e-aca7-8b01f6c88d96,1,0.066667,2012-01-01,2012-01-01,1.0,1.0,0.0,0
589ef702-7f3a-4a1c-8f2c-4727005cfc0e,6fda57e7-57ca-4d18-a0a0-2be85e56ec72,1,0.066667,2012-01-01,2012-01-01,1.0,1.0,0.0,0
589ef702-7f3a-4a1c-8f2c-4727005cfc0e,7fb57fba-a6ef-44c2-abab-2fa3bdee607e,1,0.066667,2012-01-01,2012-01-01,1.0,0.142857,0.0,1
589ef702-7f3a-4a1c-8f2c-4727005cfc0e,8385ae48-812d-4bae-a240-74ecdbaf6dce,1,0.066667,2012-01-01,2012-01-01,1.0,1.0,0.0,0
589ef702-7f3a-4a1c-8f2c-4727005cfc0e,b301026a-00c7-441e-aca7-8b01f6c88d96,1,0.066667,2012-01-01,2012-01-01,1.0,1.0,0.0,0
6fda57e7-57ca-4d18-a0a0-2be85e56ec72,7fb57fba-a6ef-44c2-abab-2fa3bdee607e,1,0.066667,2012-01-01,2012-01-01,1.0,0.142857,0.0,1
6fda57e7-57ca-4d18-a0a0-2be85e56ec72,8385ae48-812d-4bae-a240-74ecdbaf6dce,1,0.066667,2012-01-01,2012-01-01,1.0,1.0,0.0,0
6fda57e7-57ca-4d18-a0a0-2be85e56ec72,b301026a-00c7-441e-aca7-8b01f6c88d96,1,0.066667,2012-01-01,2012-01-01,1.0,1.0,0.0,0
7fb57fba-a6ef-44c2-abab-2fa3bdee607e,8385ae48-812d-4bae-a240-74ecdbaf6dce,1,0.066667,2012-01-01,2012-01-01,1.0,0.142857,0.0,1
7fb57fba-a6ef-44c2-abab-2fa3bdee607e,b301026a-00c7-441e-aca7-8b01f6c88d96,1,0.066667,2012-01-01,2012-01-01,1.0,0.142857,0.0,1
8385ae48-812d-4bae-a240-74ecdbaf6dce,b301026a-00c7-441e-aca7-8b01f6c88d96,1,0.066667,2012-01-01,2012-01-01,1.0,1.0,0.0,0
37af6e7e-f13d-45e4-85f8-62ed4e9517ff,48262e82-db9f-4a92-b650-dfef979b73ec,1,1.0,2012-01-01,2012-01-01,0.202451,0.125,0.0,1
02f314c0-2136-4172-8ea0-07149c77c722,1c009a08-74d1-4682-bc56-8bfbe9e66b62,1,0.035714,2013-01-01,2013-01-01,1.0,0.25,0.0,1
02f314c0-2136-4172-8ea0-07149c77c722,24252d8a-38e7-4358-bfe7-70d845f156ba,3,0.435714,1961-01-01,2013-01-01,1.0,1.0,0.0,0
02f314c0-2136-4172-8ea0-07149c77c722,48262e82-db9f-4a92-b650-dfef979b73ec,1,0.035714,2013-01-01,2013-01-01,1.0,0.125,0.0,1
02f314c0-2136-4172-8ea0-07149c77c722,5a2071aa-0787-49fb-931c-fa85ba86e681,1,0.035714,2013-01-01,2013-01-01,1.0,0.5,0.0,0
02f314c0-2136-4172-8ea0-07149c77c722,7e9bd05a-117f-4cce-87bc-e011527a8b18,1,0.035714,2013-01-01,2013-01-01,1.0,0.1,0.0,1
02f314c0-2136-4172-8ea0-07149c77c722,837555ba-012e-45f1-9a9c-9628da13ee54,3,0.435714,1961-01-01,2013-01-01,1.0,1.0,0.0,0
02f314c0-2136-4172-8ea0-07149c77c722,c83430e1-1b8f-495d-a9f9-dca75d46da58,1,0.035714,2013-01-01,2013-01-01,1.0,1.0,0.0,0
1c009a08-74d1-4682-bc56-8bfbe9e66b62,24252d8a-38e7-4358-bfe7-70d845f156ba,1,0.035714,2013-01-01,2013-01-01,1.0,0.25,0.0,1
1c009a08-74d1-4682-bc56-8bfbe9e66b62,48262e82-db9f-4a92-b650-dfef979b73ec,1,0.035714,2013-01-01,2013-01-01,0.548638,0.5,0.0,0
1c009a08-74d1-4682-bc56-8bfbe9e66b62,5a2071aa-0787-49fb-931c-fa85ba86e681,1,0.035714,2013-01-01,2013-01-01,0.548638,0.2,0.0,1
1c009a08-74d1-4682-bc56-8bfbe9e66b62,7e9bd05a-117f-4cce-87bc-e011527a8b18,1,0.035714,2013-01-01,2013-01-01,1.0,0.4,0.0,1
1c009a08-74d1-4682-bc56-8bfbe9e66b62,837555ba-012e-45f1-9a9c-9628da13ee54,1,0.035714,2013-01-01,2013-01-01,1.0,0.25,0.0,1
1c009a08-74d1-4682-bc56-8bfbe9e66b62,c83430e1-1b8f-495d-a9f9-dca75d46da58,1,0.035714,2013-01-01,2013-01-01,1.0,0.25,0.0,1
24252d8a-38e7-4358-bfe7-70d845f156ba,48262e82-db9f-4a92-b650-dfef979b73ec,1,0.035714,2013-01-01,2013-01-01,1.0,0.125,0.0,1
24252d8a-38e7-4358-bfe7-70d845f156ba,5a2071aa-0787-49fb-931c-fa85ba86e681,1,0.035714,2013-01-01,2013-01-01,1.0,0.5,0.0,0
24252d8a-38e7-4358-bfe7-70d845f156ba,7e9bd05a-117f-4cce-87bc-e011527a8b18,1,0.035714,2013-01-01,2013-01-01,1.0,0.1,0.0,1
24252d8a-38e7-4358-bfe7-70d845f156ba,837555ba-012e-45f1-9a9c-9628da13ee54,3,0.435714,1961-01-01,2013-01-01,1.0,1.0,0.0,0
24252d8a-38e7-4358-bfe7-70d845f156ba,c83430e1-1b8f-495d-a9f9-dca75d46da58,1,0.035714,2013-01-01,2013-01-01,1.0,1.0,0.0,0
48262e82-db9f-4a92-b650-dfef979b73ec,5a2071aa-0787-49fb-931c-fa85ba86e681,3,0.202381,2013-01-01,2013-01-18,0.318436,0.25,0.0,1
48262e82-db9f-4a92-b650-dfef979b73ec,7e9bd05a-117f-4cce-87bc-e011527a8b18,1,0.035714,2013-01-01,2013-01-01,1.0,0.636364,0.0,0
48262e82-db9f-4a92-b650-dfef979b73ec,837555ba-012e-45f1-9a9c-9628da13ee54,1,0.035714,2013-01-01,2013-01-01,1.0,0.125,0.0,1
48262e82-db9f-4a92-b650-dfef979b73ec,c83430e1-1b8f-495d-a9f9-dca75d46da58,1,0.035714,2013-01-01,2013-01-01,1.0,0.125,0.0,1
5a2071aa-0787-49fb-931c-fa85ba86e681,7e9bd05a-117f-4cce-87bc-e011527a8b18,1,0.035714,2013-01-01,2013-01-01,1.0,0.2,0.0,1
5a2071aa-0787-49fb-931c-fa85ba86e681,837555ba-012e-45f1-9a9c-9628da13ee54,1,0.035714,2013-01-01,2013-01-01,1.0,0.5,0.0,0
5a2071aa-0787-49fb-931c-fa85ba86e681,c83430e1-1b8f-495d-a9f9-dca75d46da58,1,0.035714,2013-01-01,2013-01-01,1.0,0.5,0.0,0
7e9bd05a-117f-4cce-87bc-e011527a8b18,837555ba-012e-45f1-9a9c-9628da13ee54,1,0.035714,2013-01-01,2013-01-01,1.0,0.1,0.0,1
7e9bd05a-117f-4cce-87bc-e011527a8b18,c83430e1-1b8f-495d-a9f9-dca75d46da58,1,0.035714,2013-01-01,2013-01-01,1.0,0.1,0.0,1
837555ba-012e-45f1-9a9c-9628da13ee54,c83430e1-1b8f-495d-a9f9-dca75d46da58,1,0.035714,2013-01-01,2013-01-01,1.0,1.0,0.0,0
1036b808-f58c-4a3e-b461-a2c4492ecf1b,48262e82-db9f-4a92-b650-dfef979b73ec,1,0.035714,2013-01-01,2013-01-01,0.328046,0.5,0.0,0
1036b808-f58c-4a3e-b461-a2c4492ecf1b,9787f0a2-f657-4210-a630-131efd6f2a9d,1,0.035714,2013-01-01,2013-01-01,1.0,0.1,0.0,1
1036b808-f58c-4a3e-b461-a2c4492ecf1b,ac9a487a-d9d2-4f27-bb23-0f4686488345,1,0.035714,2013-01-01,2013-01-01,0.989304,0.2,0.0,1
1036b808-f58c-4a3e-b461-a2c4492ecf1b,d642aa48-79ef-4837-b8df-72ae8a4ecf52,1,0.035714,2013-01-01,2013-01-01,0.328046,0.1,0.0,1
1036b808-f58c-4a3e-b461-a2c4492ecf1b,dcf5807c-ef1f-4291-b452-6824080ecac4,1,0.035714,2013-01-01,2013-01-01,1.0,0.1,0.0,1
1036b808-f58c-4a3e-b461-a2c4492ecf1b,e8d26c70-db22-4c97-906d-3b2c995765d1,1,0.035714,2013-01-01,2013-01-01,0.328046,0.1,0.0,1
1036b808-f58c-4a3e-b461-a2c4492ecf1b,f5e17326-eb32-457f-a986-1e0532507f32,1,0.035714,2013-01-01,2013-01-01,1.0,0.1,0.0,1
48262e82-db9f-4a92-b650-dfef979b73ec,9787f0a2-f657-4210-a630-131efd6f2a9d,1,0.035714,2013-01-01,2013-01-01,1.0,0.125,0.0,1
48262e82-db9f-4a92-b650-dfef979b73ec,ac9a487a-d9d2-4f27-bb23-0f4686488345,2,0.135714,2013-01-01,2013-01-18,1.0,0.25,0.0,1
48262e82-db9f-4a92-b650-dfef979b73ec,d642aa48-79ef-4837-b8df-72ae8a4ecf52,3,0.369048,2013-01-01,2015-07-11,0.517293,0.125,0.0,1
48262e82-db9f-4a92-b650-dfef979b73ec,dcf5807c-ef1f-4291-b452-6824080ecac4,1,0.035714,2013-01-01,2013-01-01,1.0,0.125,0.0,1
48262e82-db9f-4a92-b650-dfef979b73ec,e8d26c70-db22-4c97-906d-3b2c995765d1,1,0.035714,2013-01-01,2013-01-01,0.255193,0.125,0.0,1
48262e82-db9f-4a92-b650-dfef979b73ec,f5e17326-eb32-457f-a986-1e0532507f32,1,0.035714,2013-01-01,2013-01-01,1.0,0.125,0.0,1
9787f0a2-f657-4210-a630-131efd6f2a9d,ac9a487a-d9d2-4f27-bb23-0f4686488345,1,0.035714,2013-01-01,2013-01-01,1.0,0.5,0.0,0
9787f0a2-f657-4210-a630-131efd6f2a9d,d642aa48-79ef-4837-b8df-72ae8a4ecf52,1,0.035714,2013-01-01,2013-01-01,1.0,1.0,0.0,0
9787f0a2-f657-4210-a630-131efd6f2a9d,dcf5807c-ef1f-4291-b452-6824080ecac4,1,0.035714,2013-01-01,2013-01-01,1.0,1.0,0.0,0
9787f0a2-f657-4210-a630-131efd6f2a9d,e8d26c70-db22-4c97-906d-3b2c995765d1,1,0.035714,2013-01-01,2013-01-01,1.0,1.0,0.0,0
9787f0a2-f657-4210-a630-131efd6f2a9d,f5e17326-eb32-457f-a986-1e0532507f32,1,0.035714,2013-01-01,2013-01-01,1.0,1.0,0.0,0
ac9a487a-d9d2-4f27-bb23-0f4686488345,d642aa48-79ef-4837-b8df-72ae8a4ecf52,1,0.035714,2013-01-01,2013-01-01,0.989304,0.5,0.0,0
ac9a487a-d9d2-4f27-bb23-0f4686488345,dcf5807c-ef1f-4291-b452-6824080ecac4,1,0.035714,2013-01-01,2013-01-01,1.0,0.5,0.0,0
ac9a487a-d9d2-4f27-bb23-0f4686488345,e8d26c70-db22-4c97-906d-3b2c995765d1,1,0.035714,2013-01-01,2013-01-01,0.989304,0.5,0.0,0
ac9a487a-d9d2-4f27-bb23-0f4686488345,f5e17326-eb32-457f-a986-1e0532507f32,1,0.035714,2013-01-01,2013-01-01,1.0,0.5,0.0,0
d642aa48-79ef-4837-b8df-72ae8a4ecf52,dcf5807c-ef1f-4291-b452-6824080ecac4,1,0.035714,2013-01-01,2013-01-01,1.0,1.0,0.0,0
d642aa48-79ef-4837-b8df-72ae8a4ecf52,e8d26c70-db22-4c97-906d-3b2c995765d1,1,0.035714,2013-01-01,2013-01-01,0.288878,1.0,0.0,0
d642aa48-79ef-4837-b8df-72ae8a4ecf52,f5e17326-eb32-457f-a986-1e0532507f32,1,0.035714,2013-01-01,2013-01-01,1.0,1.0,0.0,0
dcf5807c-ef1f-4291-b452-6824080ecac4,e8d26c70-db22-4c97-906d-3b2c995765d1,1,0.035714,2013-01-01,2013-01-01,1.0,1.0,0.0,0
dcf5807c-ef1f-4291-b452-6824080ecac4,f5e17326-eb32-457f-a986-1e0532507f32,1,0.035714,2013-01-01,2013-01-01,1.0,1.0,0.0,0
e8d26c70-db22-4c97-906d-3b2c995765d1,f5e17326-eb32-457f-a986-1e0532507f32,1,0.035714,2013-01-01,2013-01-01,1.0,1.0,0.0,0
48262e82-db9f-4a92-b650-dfef979b73ec,7e2900f1-2c19-4371-9bd5-4c07826f45ef,1,0.1,2013-01-18,2013-01-18,0.257952,0.25,0.0,1
48262e82-db9f-4a92-b650-dfef979b73ec,9fff2f8a-21e6-47de-a2b8-7f449929d43f,2,0.433333,2013-01-18,2015-01-01,0.417979,0.6,0.0,0
5a2071aa-0787-49fb-931c-fa85ba86e681,7e2900f1-2c19-4371-9bd5-4c07826f45ef,2,0.266667,2013-01-18,2015-01-01,0.499921,1.0,0.0,0
5a2071aa-0787-49fb-931c-fa85ba86e681,9fff2f8a-21e6-47de-a2b8-7f449929d43f,1,0.1,2013-01-18,2013-01-18,0.318436,0.25,0.0,1
5a2071aa-0787-49fb-931c-fa85ba86e681,ac9a487a-d9d2-4f27-bb23-0f4686488345,2,0.166667,2012-01-01,2013-01-18,1.0,0.333333,0.0,1
7e2900f1-2c19-4371-9bd5-4c07826f45ef,9fff2f8a-21e6-47de-a2b8-7f449929d43f,1,0.1,2013-01-18,2013-01-18,0.266241,0.25,0.0,1
7e2900f1-2c19-4371-9bd5-4c07826f45ef,ac9a487a-d9d2-4f27-bb23-0f4686488345,1,0.1,2013-01-18,2013-01-18,1.0,0.333333,0.0,1
9fff2f8a-21e6-47de-a2b8-7f449929d43f,ac9a487a-d9d2-4f27-bb23-0f4686488345,2,0.147619,2012-01-01,2013-01-18,1.0,0.25,0.0,1
3d2ee04c-c21d-424d-91da-afd66258438e,a6be1f1c-548d-48c2-a207-fa79fa4ffefc,1,0.166667,2009-01-01,2009-01-01,1.0,0.5,0.0,0
3d2ee04c-c21d-424d-91da-afd66258438e,afb680f2-b6eb-4cd7-a70b-a63b25c763d5,6,0.961111,2009-01-01,2016-01-01,1.0,0.222222,1.0,0
3d2ee04c-c21d-424d-91da-afd66258438e,ee421ee4-f861-405d-8730-29cb512dfdbd,1,0.166667,2009-01-01,2009-01-01,0.198519,0.5,0.0,0
a6be1f1c-548d-48c2-a207-fa79fa4ffefc,afb680f2-b6eb-4cd7-a70b-a63b25c763d5,1,0.166667,2009-01-01,2009-01-01,1.0,0.111111,0.0,1
a6be1f1c-548d-48c2-a207-fa79fa4ffefc,ee421ee4-f861-405d-8730-29cb512dfdbd,1,0.166667,2009-01-01,2009-01-01,1.0,1.0,0.0,0
afb680f2-b6eb-4cd7-a70b-a63b25c763d5,ee421ee4-f861-405d-8730-29cb512dfdbd,1,0.166667,2009-01-01,2009-01-01,0.14607,0.111111,0.0,1
3d2ee04c-c21d-424d-91da-afd66258438e,82ad1c73-2704-45a2-b437-679c3e74f8d9,4,0.766667,2009-01-01,2010-01-01,1.0,1.0,0.666667,0
3d2ee04c-c21d-424d-91da-afd66258438e,e8993e9d-9313-4447-ad23-791459a3790d,1,0.166667,2009-01-01,2009-01-01,1.0,0.5,0.166667,0
82ad1c73-2704-45a2-b437-679c3e74f8d9,afb680f2-b6eb-4cd7-a70b-a63b25c763d5,4,0.766667,2009-01-01,2010-01-01,1.0,0.222222,0.666667,0
82ad1c73-2704-45a2-b437-679c3e74f8d9,e8993e9d-9313-4447-ad23-791459a3790d,1,0.166667,2009-01-01,2009-01-01,1.0,0.5,0.25,0
afb680f2-b6eb-4cd7-a70b-a63b25c763d5,e8993e9d-9313-4447-ad23-791459a3790d,1,0.166667,2009-01-01,2009-01-01,1.0,0.111111,0.166667,1
3d2ee04c-c21d-424d-91da-afd66258438e,76bf7aec-83f0-47a9-8964-eea180b99ac2,1,0.166667,2010-01-01,2010-01-01,1.0,0.5,0.0,0
76bf7aec-83f0-47a9-8964-eea180b99ac2,82ad1c73-2704-45a2-b437-679c3e74f8d9,1,0.166667,2010-01-01,2010-01-01,1.0,0.5,0.0,0
76bf7aec-83f0-47a9-8964-eea180b99ac2,afb680f2-b6eb-4cd7-a70b-a63b25c763d5,1,0.166667,2010-01-01,2010-01-01,1.0,0.111111,0.0,1
23e60038-d27a-49cb-8eef-7f2b6ddcaa6d,3d2ee04c-c21d-424d-91da-afd66258438e,1,0.1,2010-01-01,2010-01-01,1.0,0.5,0.5,0
23e60038-d27a-49cb-8eef-7f2b6ddcaa6d,82ad1c73-2704-45a2-b437-679c3e74f8d9,1,0.1,2010-01-01,2010-01-01,1.0,0.5,0.75,0
23e60038-d27a-49cb-8eef-7f2b6ddcaa6d,8428f959-7662-455b-af97-f05d0d7379b9,1,0.1,2010-01-01,2010-01-01,1.0,1.0,1.0,0
23e60038-d27a-49cb-8eef-7f2b6ddcaa6d,afb680f2-b6eb-4cd7-a70b-a63b25c763d5,1,0.1,2010-01-01,2010-01-01,1.0,0.111111,0.5,0
3d2ee04c-c21d-424d-91da-afd66258438e,8428f959-7662-455b-af97-f05d0d7379b9,1,0.1,2010-01-01,2010-01-01,1.0,0.5,0.5,0
82ad1c73-2704-45a2-b437-679c3e74f8d9,8428f959-7662-455b-af97-f05d0d7379b9,1,0.1,2010-01-01,2010-01-01,1.0,0.5,0.75,0
8428f959-7662-455b-af97-f05d0d7379b9,afb680f2-b6eb-4cd7-a70b-a63b25c763d5,1,0.1,2010-01-01,2010-01-01,1.0,0.111111,0.5,0
25b7b584-d952-4662-a8b9-dd8cdfbfeb64,4387a8ed-8a80-453c-a863-73dc0b23900c,1,0.333333,1964-01-01,1964-01-01,1.0,0.125,0.0,1
25b7b584-d952-4662-a8b9-dd8cdfbfeb64,82b1f5fd-cd31-41a9-b5d4-7e33f0eb9751,1,0.333333,1964-01-01,1964-01-01,1.5e-05,0.375,0.0,1
4387a8ed-8a80-453c-a863-73dc0b23900c,82b1f5fd-cd31-41a9-b5d4-7e33f0eb9751,1,0.333333,1964-01-01,1964-01-01,1.0,0.333333,0.0,1
2d1e278a-61d6-44c0-8d21-9145a810bfbf,8e494408-8620-4c6a-82c2-c2ca4a1e4f12,1,0.333333,1974-01-01,1974-01-01,1.0,0.125,1.0,0
2d1e278a-61d6-44c0-8d21-9145a810bfbf,fb7272ba-f130-4f0a-934d-6eeea4c18c9a,1,0.333333,1974-01-01,1974-01-01,1.0,0.142857,0.875,0
8e494408-8620-4c6a-82c2-c2ca4a1e4f12,fb7272ba-f130-4f0a-934d-6eeea4c18c9a,1,0.333333,1974-01-01,1974-01-01,1.0,0.666667,0.875,0
0b2a0311-94c9-49fb-8724-17871ca156fd,25f3abd9-63b5-471a-bd25-feb9672dfa11,1,0.333333,1983-01-01,1983-01-01,1.0,0.1,0.0,1
0b2a0311-94c9-49fb-8724-17871ca156fd,779f54f8-732b-49b9-8fd8-2e9538a272ea,1,0.333333,1983-01-01,1983-01-01,1.0,0.0,0.0,1
25f3abd9-63b5-471a-bd25-feb9672dfa11,779f54f8-732b-49b9-8fd8-2e9538a272ea,1,0.333333,1983-01-01,1983-01-01,1.0,0.1,0.0,1
2f548675-008d-4332-876c-108b0c7ab9c5,4d5447d7-c61c-4120-ba1b-d7f471d385b9,1,0.333333,1968-01-01,1968-01-01,0.499921,0.615385,0.263158,0
2f548675-008d-4332-876c-108b0c7ab9c5,ba550d0e-adac-4864-b88b-407cab5e76af,1,0.333333,1968-01-01,1968-01-01,2.4e-05,0.409091,0.263158,1
4d5447d7-c61c-4120-ba1b-d7f471d385b9,5b11f4ce-a62d-471e-81fc-a69a8278c7da,1,0.333333,1964-01-01,1964-01-01,1.0,0.384615,0.210526,1
5b11f4ce-a62d-471e-81fc-a69a8278c7da,ba550d0e-adac-4864-b88b-407cab5e76af,1,0.333333,1964-01-01,1964-01-01,1.0,0.272727,0.210526,1
10d9b154-7c29-4bed-93da-3ba5965ae918,be20278d-c066-4ef5-9a4b-48b546e39f3f,1,0.166667,1943-11-01,1943-11-01,1.0,0.0,1.0,0
10d9b154-7c29-4bed-93da-3ba5965ae918,cdef887c-9798-4a3b-ad1c-8292c19dc61d,1,0.166667,1943-11-01,1943-11-01,1.0,0.0,1.0,0
10d9b154-7c29-4bed-93da-3ba5965ae918,f9133869-f87c-459c-9aa7-2f176cda7e06,1,0.166667,1943-11-01,1943-11-01,1.0,0.166667,1.0,0
be20278d-c066-4ef5-9a4b-48b546e39f3f,cdef887c-9798-4a3b-ad1c-8292c19dc61d,1,0.166667,1943-11-01,1943-11-01,1.0,0.0,1.0,0
be20278d-c066-4ef5-9a4b-48b546e39f3f,f9133869-f87c-459c-9aa7-2f176cda7e06,1,0.166667,1943-11-01,1943-11-01,1.0,0.166667,1.0,0
cdef887c-9798-4a3b-ad1c-8292c19dc61d,f9133869-f87c-459c-9aa7-2f176cda7e06,1,0.166667,1943-11-01,1943-11-01,1.0,0.166667,1.0,0
3508f3fd-3b18-493c-a362-376736bb6cde,42e52c03-27bb-4545-8924-cabff6fab531,2,0.5,1933-01-01,1939-01-01,1.0,0.0,1.0,0
3508f3fd-3b18-493c-a362-376736bb6cde,7cf92ae7-264e-45a6-aa22-d6f3118eb0e4,1,0.166667,1933-01-01,1933-01-01,1.0,0.0,0.0,1
3508f3fd-3b18-493c-a362-376736bb6cde,88d17133-abbc-42db-9526-4e2c1db60336,1,0.166667,1933-01-01,1933-01-01,0.793826,0.111111,0.210526,1
42e52c03-27bb-4545-8924-cabff6fab531,7cf92ae7-264e-45a6-aa22-d6f3118eb0e4,1,0.166667,1933-01-01,1933-01-01,1.0,1.0,0.0,0
42e52c03-27bb-4545-8924-cabff6fab531,88d17133-abbc-42db-9526-4e2c1db60336,1,0.166667,1933-01-01,1933-01-01,0.793826,0.111111,0.210526,1
7cf92ae7-264e-45a6-aa22-d6f3118eb0e4,88d17133-abbc-42db-9526-4e2c1db60336,1,0.166667,1933-01-01,1933-01-01,1.0,0.111111,0.0,1
094e4ef3-cdcf-4111-bb2e-7fe672c7ae81,2f6f210c-6103-4332-971b-cb3687d3cc28,1,0.333333,1934-01-01,1934-01-01,1.0,0.0,1.0,0
094e4ef3-cdcf-4111-bb2e-7fe672c7ae81,88d17133-abbc-42db-9526-4e2c1db60336,1,0.333333,1934-01-01,1934-01-01,1.0,0.111111,1.0,0
2f6f210c-6103-4332-971b-cb3687d3cc28,88d17133-abbc-42db-9526-4e2c1db60336,1,0.333333,1934-01-01,1934-01-01,1.0,0.111111,1.0,0
73e36439-1e9a-4925-bf2c-1d7f7885fbb0,a0723a3c-4135-438e-85c5-012712144ede,1,0.1,2018-08-03,2018-08-03,0.689385,0.25,0.0,1
73e36439-1e9a-4925-bf2c-1d7f7885fbb0,b432152b-ab35-40eb-916b-dc8d1559046b,1,0.1,2018-08-03,2018-08-03,0.723795,1.0,0.0,0
73e36439-1e9a-4925-bf2c-1d7f7885fbb0,e4a51f17-a57b-47b1-b37b-f552d0f8e9e6,3,0.235714,2018-08-03,2019-12-27,1.0,1.0,0.0,0
73e36439-1e9a-4925-bf2c-1d7f7885fbb0,e67ae23b-80ee-4a68-bdd6-6da243f164db,1,0.1,2018-08-03,2018-08-03,1.0,1.0,0.0,0
a0723a3c-4135-438e-85c5-012712144ede,b432152b-ab35-40eb-916b-dc8d1559046b,3,0.194444,2018-08-03,2019-12-27,1.0,0.25,0.0,1
a0723a3c-4135-438e-85c5-012712144ede,e4a51f17-a57b-47b1-b37b-f552d0f8e9e6,2,0.166667,2018-08-03,2019-12-27,1.0,0.25,0.0,1
a0723a3c-4135-438e-85c5-012712144ede,e67ae23b-80ee-4a68-bdd6-6da243f164db,1,0.1,2018-08-03,2018-08-03,1.0,0.25,0.0,1
b432152b-ab35-40eb-916b-dc8d1559046b,e4a51f17-a57b-47b1-b37b-f552d0f8e9e6,2,0.166667,2018-08-03,2019-12-27,1.0,1.0,0.0,0
b432152b-ab35-40eb-916b-dc8d1559046b,e67ae23b-80ee-4a68-bdd6-6da243f164db,1,0.1,2018-08-03,2018-08-03,1.0,1.0,0.0,0
e4a51f17-a57b-47b1-b37b-f552d0f8e9e6,e67ae23b-80ee-4a68-bdd6-6da243f164db,1,0.1,2018-08-03,2018-08-03,1.0,1.0,0.0,0
07ab04d4-bdbc-4c93-bfb2-457693a4ff94,298bda6b-4177-43ed-a21a-dc7d46123801,1,0.066667,2019-12-27,2019-12-27,1.0,1.0,0.0,0
07ab04d4-bdbc-4c93-bfb2-457693a4ff94,74ae1bef-78c9-4f2a-828f-c4ea4ad4f942,1,0.066667,2019-12-27,2019-12-27,1.0,1.0,0.0,0
07ab04d4-bdbc-4c93-bfb2-457693a4ff94,a0723a3c-4135-438e-85c5-012712144ede,1,0.066667,2019-12-27,2019-12-27,1.0,0.25,0.0,1
07ab04d4-bdbc-4c93-bfb2-457693a4ff94,b432152b-ab35-40eb-916b-dc8d1559046b,1,0.066667,2019-12-27,2019-12-27,1.0,1.0,0.0,0
07ab04d4-bdbc-4c93-bfb2-457693a4ff94,e4a51f17-a57b-47b1-b37b-f552d0f8e9e6,1,0.066667,2019-12-27,2019-12-27,1.0,1.0,0.0,0
298bda6b-4177-43ed-a21a-dc7d46123801,74ae1bef-78c9-4f2a-828f-c4ea4ad4f942,1,0.066667,2019-12-27,2019-12-27,1.0,1.0,0.0,0
298bda6b-4177-43ed-a21a-dc7d46123801,a0723a3c-4135-438e-85c5-012712144ede,1,0.066667,2019-12-27,2019-12-27,1.0,0.25,0.0,1
298bda6b-4177-43ed-a21a-dc7d46123801,b432152b-ab35-40eb-916b-dc8d1559046b,1,0.066667,2019-12-27,2019-12-27,1.0,1.0,0.0,0
298bda6b-4177-43ed-a21a-dc7d46123801,e4a51f17-a57b-47b1-b37b-f552d0f8e9e6,1,0.066667,2019-12-27,2019-12-27,1.0,1.0,0.0,0
74ae1bef-78c9-4f2a-828f-c4ea4ad4f942,a0723a3c-4135-438e-85c5-012712144ede,1,0.066667,2019-12-27,2019-12-27,1.0,0.25,0.0,1
74ae1bef-78c9-4f2a-828f-c4ea4ad4f942,b432152b-ab35-40eb-916b-dc8d1559046b,1,0.066667,2019-12-27,2019-12-27,1.0,1.0,0.0,0
74ae1bef-78c9-4f2a-828f-c4ea4ad4f942,e4a51f17-a57b-47b1-b37b-f552d0f8e9e6,1,0.066667,2019-12-27,2019-12-27,1.0,1.0,0.0,0
4e481ad9-aa5d-4a1a-b2fc-444c0ad48b7e,6143403a-df6c-429e-8ee6-ef869896b0da,1,0.027778,2019-12-27,2019-12-27,1.0,0.142857,0.0,1
4e481ad9-aa5d-4a1a-b2fc-444c0ad48b7e,79f80a4b-d09a-4212-9c22-327d8a8a845f,1,0.027778,2019-12-27,2019-12-27,1.0,1.0,0.0,0
4e481ad9-aa5d-4a1a-b2fc-444c0ad48b7e,92631c53-91ed-48f5-a09d-a104ba69cdc7,1,0.027778,2019-12-27,2019-12-27,1.0,1.0,0.0,0
4e481ad9-aa5d-4a1a-b2fc-444c0ad48b7e,9ccc0b15-6506-46ba-8bca-6e35d40ebfa7,1,0.027778,2019-12-27,2019-12-27,1.0,1.0,0.0,0
4e481ad9-aa5d-4a1a-b2fc-444c0ad48b7e,a0723a3c-4135-438e-85c5-012712144ede,1,0.027778,2019-12-27,2019-12-27,1.0,0.25,0.0,1
4e481ad9-aa5d-4a1a-b2fc-444c0ad48b7e,b432152b-ab35-40eb-916b-dc8d1559046b,1,0.027778,2019-12-27,2019-12-27,1.0,1.0,0.0,0
4e481ad9-aa5d-4a1a-b2fc-444c0ad48b7e,e8d26c70-db22-4c97-906d-3b2c995765d1,1,0.027778,2019-12-27,2019-12-27,1.0,1.0,0.0,0
4e481ad9-aa5d-4a1a-b2fc-444c0ad48b7e,e99e2c02-0ca7-4687-897c-efedbe5b98c2,1,0.027778,2019-12-27,2019-12-27,1.0,1.0,0.0,0
6143403a-df6c-429e-8ee6-ef869896b0da,79f80a4b-d09a-4212-9c22-327d8a8a845f,1,0.027778,2019-12-27,2019-12-27,1.0,0.142857,0.0,1
6143403a-df6c-429e-8ee6-ef869896b0da,92631c53-91ed-48f5-a09d-a104ba69cdc7,3,0.111111,2017-10-29,2019-12-27,1.0,0.142857,1.0,0
6143403a-df6c-429e-8ee6-ef869896b0da,9ccc0b15-6506-46ba-8bca-6e35d40ebfa7,1,0.027778,2019-12-27,2019-12-27,1.0,0.142857,0.0,1
6143403a-df6c-429e-8ee6-ef869896b0da,a0723a3c-4135-438e-85c5-012712144ede,1,0.027778,2019-12-27,2019-12-27,1.0,0.571429,0.0,0
6143403a-df6c-429e-8ee6-ef869896b0da,b432152b-ab35-40eb-916b-dc8d1559046b,1,0.027778,2019-12-27,2019-12-27,1.0,0.142857,0.0,1
6143403a-df6c-429e-8ee6-ef869896b0da,e8d26c70-db22-4c97-906d-3b2c995765d1,1,0.027778,2019-12-27,2019-12-27,1.0,0.142857,0.0,1
6143403a-df6c-429e-8ee6-ef869896b0da,e99e2c02-0ca7-4687-897c-efedbe5b98c2,1,0.027778,2019-12-27,2019-12-27,1.0,0.142857,0.0,1
79f80a4b-d09a-4212-9c22-327d8a8a845f,92631c53-91ed-48f5-a09d-a104ba69cdc7,1,0.027778,2019-12-27,2019-12-27,1.0,1.0,0.0,0
79f80a4b-d09a-4212-9c22-327d8a8a845f,9ccc0b15-6506-46ba-8bca-6e35d40ebfa7,1,0.027778,2019-12-27,2019-12-27,1.0,1.0,0.0,0
79f80a4b-d09a-4212-9c22-327d8a8a845f,a0723a3c-4135-438e-85c5-012712144ede,1,0.027778,2019-12-27,2019-12-27,1.0,0.25,0.0,1
79f80a4b-d09a-4212-9c22-327d8a8a845f,b432152b-ab35-40eb-916b-dc8d1559046b,1,0.027778,2019-12-27,2019-12-27,1.0,1.0,0.0,0
79f80a4b-d09a-4212-9c22-327d8a8a845f,e8d26c70-db22-4c97-906d-3b2c995765d1,1,0.027778,2019-12-27,2019-12-27,1.0,1.0,0.0,0
79f80a4b-d09a-4212-9c22-327d8a8a845f,e99e2c02-0ca7-4687-897c-efedbe5b98c2,1,0.027778,2019-12-27,2019-12-27,1.0,1.0,0.0,0
92631c53-91ed-48f5-a09d-a104ba69cdc7,9ccc0b15-6506-46ba-8bca-6e35d40ebfa7,1,0.027778,2019-12-27,2019-12-27,1.0,1.0,0.0,0
92631c53-91ed-48f5-a09d-a104ba69cdc7,a0723a3c-4135-438e-85c5-012712144ede,1,0.027778,2019-12-27,2019-12-27,1.0,0.25,0.0,1
92631c53-91ed-48f5-a09d-a104ba69cdc7,b432152b-ab35-40eb-916b-dc8d1559046b,1,0.027778,2019-12-27,2019-12-27,1.0,1.0,0.0,0
92631c53-91ed-48f5-a09d-a104ba69cdc7,e8d26c70-db22-4c97-906d-3b2c995765d1,1,0.027778,2019-12-27,2019-12-27,1.0,1.0,0.0,0
92631c53-91ed-48f5-a09d-a104ba69cdc7,e99e2c02-0ca7-4687-897c-efedbe5b98c2,1,0.027778,2019-12-27,2019-12-27,1.0,1.0,0.0,0
9ccc0b15-6506-46ba-8bca-6e35d40ebfa7,a0723a3c-4135-438e-85c5-012712144ede,1,0.027778,2019-12-27,2019-12-27,1.0,0.25,0.0,1
9ccc0b15-6506-46ba-8bca-6e35d40ebfa7,b432152b-ab35-40eb-916b-dc8d1559046b,1,0.027778,2019-12-27,2019-12-27,1.0,1.0,0.0,0
9ccc0b15-6506-46ba-8bca-6e35d40ebfa7,e8d26c70-db22-4c97-906d-3b2c995765d1,1,0.027778,2019-12-27,2019-12-27,1.0,1.0,0.0,0
9ccc0b15-6506-46ba-8bca-6e35d40ebfa7,e99e2c02-0ca7-4687-897c-efedbe5b98c2,1,0.027778,2019-12-27,2019-12-27,1.0,1.0,0.0,0
a0723a3c-4135-438e-85c5-012712144ede,e8d26c70-db22-4c97-906d-3b2c995765d1,1,0.027778,2019-12-27,2019-12-27,1.0,0.25,0.0,1
a0723a3c-4135-438e-85c5-012712144ede,e99e2c02-0ca7-4687-897c-efedbe5b98c2,1,0.027778,2019-12-27,2019-12-27,1.0,0.25,0.0,1
b432152b-ab35-40eb-916b-dc8d1559046b,e8d26c70-db22-4c97-906d-3b2c995765d1,1,0.027778,2019-12-27,2019-12-27,1.0,1.0,0.0,0
b432152b-ab35-40eb-916b-dc8d1559046b,e99e2c02-0ca7-4687-897c-efedbe5b98c2,1,0.027778,2019-12-27,2019-12-27,1.0,1.0,0.0,0
e8d26c70-db22-4c97-906d-3b2c995765d1,e99e2c02-0ca7-4687-897c-efedbe5b98c2,1,0.027778,2019-12-27,2019-12-27,1.0,1.0,0.0,0
942a9807-9c1a-4a0e-a285-1fde2c5be9d1,a0723a3c-4135-438e-85c5-012712144ede,1,0.166667,2020-01-01,2020-01-01,1.0,0.666667,0.0,0
942a9807-9c1a-4a0e-a285-1fde2c5be9d1,cfbc0924-0035-4d6c-8197-f024653af823,1,0.166667,2020-01-01,2020-01-01,1.0,0.75,0.0,0
942a9807-9c1a-4a0e-a285-1fde2c5be9d1,e9946500-8638-48bf-a130-8e2a291d03b2,1,0.166667,2020-01-01,2020-01-01,1.0,0.166667,0.0,1
a0723a3c-4135-438e-85c5-012712144ede,cfbc0924-0035-4d6c-8197-f024653af823,1,0.166667,2020-01-01,2020-01-01,1.0,0.5,0.0,0
a0723a3c-4135-438e-85c5-012712144ede,e9946500-8638-48bf-a130-8e2a291d03b2,1,0.166667,2020-01-01,2020-01-01,1.0,0.25,0.0,1
cfbc0924-0035-4d6c-8197-f024653af823,e9946500-8638-48bf-a130-8e2a291d03b2,1,0.166667,2020-01-01,2020-01-01,1.0,0.125,0.0,1
17b883f1-4f22-4173-b156-fc45801ccc0a,502cf908-9921-48bc-bf0e-265c881c0156,1,0.166667,2022-03-08,2022-03-08,1.0,0.142857,0.0,1
17b883f1-4f22-4173-b156-fc45801ccc0a,60206a25-37e1-4617-b036-71f8a965412e,1,0.166667,2022-03-08,2022-03-08,1.0,1.0,0.0,0
17b883f1-4f22-4173-b156-fc45801ccc0a,bb2b7bbf-75e5-43f8-8a9f-7769ae7d832a,1,0.166667,2022-03-08,2022-03-08,1.0,0.25,0.0,1
502cf908-9921-48bc-bf0e-265c881c0156,60206a25-37e1-4617-b036-71f8a965412e,1,0.166667,2022-03-08,2022-03-08,1.0,0.142857,0.0,1
502cf908-9921-48bc-bf0e-265c881c0156,bb2b7bbf-75e5-43f8-8a9f-7769ae7d832a,1,0.166667,2022-03-08,2022-03-08,1.0,0.571429,0.0,0
60206a25-37e1-4617-b036-71f8a965412e,bb2b7bbf-75e5-43f8-8a9f-7769ae7d832a,1,0.166667,2022-03-08,2022-03-08,1.0,0.25,0.0,1
502cf908-9921-48bc-bf0e-265c881c0156,736c4c01-029f-42d2-8a1e-ff87f65073fa,1,1.0,2024-08-30,2024-08-30,1.0,0.142857,0.0,1
3ecdd624-0fa0-4dfe-9498-5a4801724d3b,45a663b5-b1cb-4a91-bff6-2bef7bbfdd76,1,0.333333,1984-01-01,1984-01-01,1.0,0.111111,0.0,1
3ecdd624-0fa0-4dfe-9498-5a4801724d3b,a98cd83c-4f9d-4c16-a3f2-3759df41df82,2,0.666667,1984-01-01,1986-01-01,1.0,1.0,0.0,0
45a663b5-b1cb-4a91-bff6-2bef7bbfdd76,a98cd83c-4f9d-4c16-a3f2-3759df41df82,1,0.333333,1984-01-01,1984-01-01,1.0,0.111111,0.0,1
319e9d91-fd89-40d7-9aef-a28da1b7d75e,a2548ee4-433a-4ebe-ad8a-269ea70ee47f,1,1.0,2015-01-01,2015-01-01,1.0,1.0,0.0,0
21a89505-10a9-4ac0-8388-833bc07b9f86,346448f5-25a0-4f78-bbd6-acc0205f7513,1,0.333333,1937-01-01,1937-01-01,1.0,0.125,1.0,0
21a89505-10a9-4ac0-8388-833bc07b9f86,3fb75d97-5dfd-4e72-9aee-1904aa4268f4,1,0.333333,1937-01-01,1937-01-01,1.0,0.125,1.0,0
346448f5-25a0-4f78-bbd6-acc0205f7513,3fb75d97-5dfd-4e72-9aee-1904aa4268f4,3,1.0,1933-01-01,1953-01-01,1.0,0.0,1.0,0
30a67440-bf0f-4460-999d-8c056c18ff0e,7a8dbe84-f4c0-4457-bfa3-edced1f8cde0,1,0.333333,1959-01-01,1959-01-01,1.0,0.0,1.0,0
30a67440-bf0f-4460-999d-8c056c18ff0e,d0c7656d-8169-4f77-9dbe-b8f24e40105d,1,0.333333,1959-01-01,1959-01-01,1.0,0.0,1.0,0
7a8dbe84-f4c0-4457-bfa3-edced1f8cde0,d0c7656d-8169-4f77-9dbe-b8f24e40105d,1,0.333333,1959-01-01,1959-01-01,1.0,0.0,1.0,0
57c5fb41-70ac-4055-b482-a36f869ee980,8a7cf497-dc5c-4523-932d-3fcbc9a69d38,1,0.333333,1974-01-01,1974-01-01,1.0,1.0,1.0,0
57c5fb41-70ac-4055-b482-a36f869ee980,a0e8a1b1-5f8f-475a-a253-17415c17d0ff,1,0.333333,1974-01-01,1974-01-01,1.0,0.166667,1.0,0
8a7cf497-dc5c-4523-932d-3fcbc9a69d38,a0e8a1b1-5f8f-475a-a253-17415c17d0ff,1,0.333333,1974-01-01,1974-01-01,1.0,0.166667,1.0,0
4a94a6cb-e70a-418b-bb53-a37897b950ce,ca9766a0-1c30-43e6-a213-bac1334efc4a,1,1.0,1936-10-21,1936-10-21,1.0,0.285714,0.0,1
00f35f62-f3d8-49d0-bf19-a2406ca71703,415e7f97-1017-48cd-a366-6f2009f6b999,1,0.166667,1989-01-01,1989-01-01,1.0,1.0,1.0,0
00f35f62-f3d8-49d0-bf19-a2406ca71703,8837b875-3689-4646-b3fd-d8b53815c7a8,1,0.166667,1989-01-01,1989-01-01,1.0,0.2,1.0,0
00f35f62-f3d8-49d0-bf19-a2406ca71703,b2fbcd3f-f460-43e2-95c9-6f808d1012cd,1,0.166667,1989-01-01,1989-01-01,1.0,0.0,1.0,0
415e7f97-1017-48cd-a366-6f2009f6b999,8837b875-3689-4646-b3fd-d8b53815c7a8,1,0.166667,1989-01-01,1989-01-01,1.0,0.2,1.0,0
415e7f97-1017-48cd-a366-6f2009f6b999,b2fbcd3f-f460-43e2-95c9-6f808d1012cd,1,0.166667,1989-01-01,1989-01-01,1.0,0.0,1.0,0
8837b875-3689-4646-b3fd-d8b53815c7a8,b2fbcd3f-f460-43e2-95c9-6f808d1012cd,1,0.166667,1989-01-01,1989-01-01,1.0,0.2,1.0,0
72c536dc-7137-4477-a521-567eeb840fa8,c07f0676-9143-4217-8a9f-4c26bd636f13,1,1.0,1965-01-01,1965-01-01,1.0,0.181818,0.0,1
9a84344f-c450-47c9-8428-46fe2ee9db10,d46f4afe-20e7-49b8-aa8f-8609fc4b4716,1,1.0,2016-04-25,2016-04-25,1.0,0.0,0.0,1
b27d089c-6b08-4067-9293-406cebde0374,ed2ac1e9-d51d-4eff-a2c2-85e81abd6360,1,1.0,1977-01-01,1977-01-01,1.0,0.6,0.0,0
2f3c4d70-0462-40da-bba3-0aec5772c556,433b07e9-0ce5-420f-b1eb-7b06ab910b95,1,0.1,2018-01-01,2018-01-01,1.0,0.2,0.333333,1
2f3c4d70-0462-40da-bba3-0aec5772c556,5bdeb32d-56a5-4b6d-a768-264101fa0a0a,1,0.1,2018-01-01,2018-01-01,1.0,0.714286,0.285714,0
2f3c4d70-0462-40da-bba3-0aec5772c556,89aa5ecb-59ad-46f5-b3eb-2d424e941f19,1,0.1,2018-01-01,2018-01-01,1.0,0.714286,0.333333,0
2f3c4d70-0462-40da-bba3-0aec5772c556,cfbbf769-1a07-4a23-a23a-a87b5d6c1d19,1,0.1,2018-01-01,2018-01-01,1.0,0.2,0.333333,1
433b07e9-0ce5-420f-b1eb-7b06ab910b95,5bdeb32d-56a5-4b6d-a768-264101fa0a0a,1,0.1,2018-01-01,2018-01-01,1.0,0.142857,0.666667,0
433b07e9-0ce5-420f-b1eb-7b06ab910b95,89aa5ecb-59ad-46f5-b3eb-2d424e941f19,1,0.1,2018-01-01,2018-01-01,1.0,0.142857,1.0,0
433b07e9-0ce5-420f-b1eb-7b06ab910b95,cfbbf769-1a07-4a23-a23a-a87b5d6c1d19,1,0.1,2018-01-01,2018-01-01,1.0,1.0,1.0,0
5bdeb32d-56a5-4b6d-a768-264101fa0a0a,89aa5ecb-59ad-46f5-b3eb-2d424e941f19,1,0.1,2018-01-01,2018-01-01,1.0,0.555556,0.666667,0
5bdeb32d-56a5-4b6d-a768-264101fa0a0a,cfbbf769-1a07-4a23-a23a-a87b5d6c1d19,1,0.1,2018-01-01,2018-01-01,1.0,0.142857,0.666667,0
89aa5ecb-59ad-46f5-b3eb-2d424e941f19,cfbbf769-1a07-4a23-a23a-a87b5d6c1d19,1,0.1,2018-01-01,2018-01-01,1.0,0.142857,1.0,0
1f320089-1f65-4855-88e2-878a5dc056ec,89aa5ecb-59ad-46f5-b3eb-2d424e941f19,1,0.166667,2018-04-13,2018-04-13,1.0,0.142857,0.0,1
1f320089-1f65-4855-88e2-878a5dc056ec,db1a36ef-fa59-48a6-a2d6-d6da432fdca4,1,0.166667,2018-04-13,2018-04-13,1.0,1.0,0.0,0
1f320089-1f65-4855-88e2-878a5dc056ec,f2651b63-a44d-4d1d-ba64-d981d971ecd1,1,0.166667,2018-04-13,2018-04-13,1.0,0.333333,0.0,1
89aa5ecb-59ad-46f5-b3eb-2d424e941f19,db1a36ef-fa59-48a6-a2d6-d6da432fdca4,1,0.166667,2018-04-13,2018-04-13,1.0,0.142857,0.0,1
89aa5ecb-59ad-46f5-b3eb-2d424e941f19,f2651b63-a44d-4d1d-ba64-d981d971ecd1,1,0.166667,2018-04-13,2018-04-13,1.0,0.428571,0.0,1
db1a36ef-fa59-48a6-a2d6-d6da432fdca4,f2651b63-a44d-4d1d-ba64-d981d971ecd1,1,0.166667,2018-04-13,2018-04-13,1.0,0.333333,0.0,1
1c0b697f-1aed-4c47-8b95-ab4c7b1484b0,325ff0e9-6531-48d7-b454-0ea9ab5cd7dc,1,0.022222,2018-10-11,2018-10-11,1.0,1.0,0.0,0
1c0b697f-1aed-4c47-8b95-ab4c7b1484b0,395ad460-4f06-4aba-bebd-22ac99b82600,1,0.022222,2018-10-11,2018-10-11,1.0,1.0,0.0,0
1c0b697f-1aed-4c47-8b95-ab4c7b1484b0,46609f05-aac5-4714-9bfd-164b877d3b0a,1,0.022222,2018-10-11,2018-10-11,1.0,1.0,0.0,0
1c0b697f-1aed-4c47-8b95-ab4c7b1484b0,592d507e-2787-4dcb-8757-d760b7fceabf,1,0.022222,2018-10-11,2018-10-11,1.0,1.0,0.0,0
1c0b697f-1aed-4c47-8b95-ab4c7b1484b0,89aa5ecb-59ad-46f5-b3eb-2d424e941f19,1,0.022222,2018-10-11,2018-10-11,1.0,0.142857,0.0,1
1c0b697f-1aed-4c47-8b95-ab4c7b1484b0,9aeed8f0-471d-42ae-b160-175dadbfb44b,1,0.022222,2018-10-11,2018-10-11,1.0,1.0,0.0,0
1c0b697f-1aed-4c47-8b95-ab4c7b1484b0,9fff2f8a-21e6-47de-a2b8-7f449929d43f,1,0.022222,2018-10-11,2018-10-11,1.0,0.125,0.0,1
1c0b697f-1aed-4c47-8b95-ab4c7b1484b0,a6dfbea8-ffbb-4e51-ac3b-59d1c5f55974,1,0.022222,2018-10-11,2018-10-11,1.0,1.0,0.0,0
1c0b697f-1aed-4c47-8b95-ab4c7b1484b0,ce7f558d-e4c3-43c6-9be6-cbb330a97d83,1,0.022222,2018-10-11,2018-10-11,1.0,1.0,0.0,0
325ff0e9-6531-48d7-b454-0ea9ab5cd7dc,395ad460-4f06-4aba-bebd-22ac99b82600,1,0.022222,2018-10-11,2018-10-11,1.0,1.0,0.0,0
325ff0e9-6531-48d7-b454-0ea9ab5cd7dc,46609f05-aac5-4714-9bfd-164b877d3b0a,1,0.022222,2018-10-11,2018-10-11,1.0,1.0,0.0,0
325ff0e9-6531-48d7-b454-0ea9ab5cd7dc,592d507e-2787-4dcb-8757-d760b7fceabf,1,0.022222,2018-10-11,2018-10-11,1.0,1.0,0.0,0
325ff0e9-6531-48d7-b454-0ea9ab5cd7dc,89aa5ecb-59ad-46f5-b3eb-2d424e941f19,1,0.022222,2018-10-11,2018-10-11,1.0,0.142857,0.0,1
325ff0e9-6531-48d7-b454-0ea9ab5cd7dc,9aeed8f0-471d-42ae-b160-175dadbfb44b,1,0.022222,2018-10-11,2018-10-11,1.0,1.0,0.0,0
325ff0e9-6531-48d7-b454-0ea9ab5cd7dc,9fff2f8a-21e6-47de-a2b8-7f449929d43f,1,0.022222,2018-10-11,2018-10-11,1.0,0.125,0.0,1
325ff0e9-6531-48d7-b454-0ea9ab5cd7dc,a6dfbea8-ffbb-4e51-ac3b-59d1c5f55974,1,0.022222,2018-10-11,2018-10-11,1.0,1.0,0.0,0
325ff0e9-6531-48d7-b454-0ea9ab5cd7dc,ce7f558d-e4c3-43c6-9be6-cbb330a97d83,1,0.022222,2018-10-11,2018-10-11,1.0,1.0,0.0,0
395ad460-4f06-4aba-bebd-22ac99b82600,46609f05-aac5-4714-9bfd-164b877d3b0a,1,0.022222,2018-10-11,2018-10-11,1.0,1.0,0.0,0
395ad460-4f06-4aba-bebd-22ac99b82600,592d507e-2787-4dcb-8757-d760b7fceabf,1,0.022222,2018-10-11,2018-10-11,1.0,1.0,0.0,0
395ad460-4f06-4aba-bebd-22ac99b82600,89aa5ecb-59ad-46f5-b3eb-2d424e941f19,1,0.022222,2018-10-11,2018-10-11,1.0,0.142857,0.0,1
395ad460-4f06-4aba-bebd-22ac99b82600,9aeed8f0-471d-42ae-b160-175dadbfb44b,1,0.022222,2018-10-11,2018-10-11,1.0,1.0,0.0,0
395ad460-4f06-4aba-bebd-22ac99b82600,9fff2f8a-21e6-47de-a2b8-7f449929d43f,1,0.022222,2018-10-11,2018-10-11,1.0,0.125,0.0,1
395ad460-4f06-4aba-bebd-22ac99b82600,a6dfbea8-ffbb-4e51-ac3b-59d1c5f55974,1,0.022222,2018-10-11,2018-10-11,1.0,1.0,0.0,0
395ad460-4f06-4aba-bebd-22ac99b82600,ce7f558d-e4c3-43c6-9be6-cbb330a97d83,1,0.022222,2018-10-11,2018-10-11,1.0,1.0,0.0,0
46609f05-aac5-4714-9bfd-164b877d3b0a,592d507e-2787-4dcb-8757-d760b7fceabf,1,0.022222,2018-10-11,2018-10-11,1.0,1.0,0.0,0
46609f05-aac5-4714-9bfd-164b877d3b0a,89aa5ecb-59ad-46f5-b3eb-2d424e941f19,1,0.022222,2018-10-11,2018-10-11,1.0,0.142857,0.0,1
46609f05-aac5-4714-9bfd-164b877d3b0a,9aeed8f0-471d-42ae-b160-175dadbfb44b,1,0.022222,2018-10-11,2018-10-11,1.0,1.0,0.0,0
46609f05-aac5-4714-9bfd-164b877d3b0a,9fff2f8a-21e6-47de-a2b8-7f449929d43f,1,0.022222,2018-10-11,2018-10-11,1.0,0.125,0.0,1
46609f05-aac5-4714-9bfd-164b877d3b0a,a6dfbea8-ffbb-4e51-ac3b-59d1c5f55974,1,0.022222,2018-10-11,2018-10-11,1.0,1.0,0.0,0
46609f05-aac5-4714-9bfd-164b877d3b0a,ce7f558d-e4c3-43c6-9be6-cbb330a97d83,1,0.022222,2018-10-11,2018-10-11,1.0,1.0,0.0,0
592d507e-2787-4dcb-8757-d760b7fceabf,89aa5ecb-59ad-46f5-b3eb-2d424e941f19,1,0.022222,2018-10-11,2018-10-11,1.0,0.142857,0.0,1
592d507e-2787-4dcb-8757-d760b7fceabf,9aeed8f0-471d-42ae-b160-175dadbfb44b,1,0.022222,2018-10-11,2018-10-11,1.0,1.0,0.0,0
592d507e-2787-4dcb-8757-d760b7fceabf,9fff2f8a-21e6-47de-a2b8-7f449929d43f,1,0.022222,2018-10-11,2018-10-11,1.0,0.125,0.0,1
592d507e-2787-4dcb-8757-d760b7fceabf,a6dfbea8-ffbb-4e51-ac3b-59d1c5f55974,1,0.022222,2018-10-11,2018-10-11,1.0,1.0,0.0,0
592d507e-2787-4dcb-8757-d760b7fceabf,ce7f558d-e4c3-43c6-9be6-cbb330a97d83,1,0.022222,2018-10-11,2018-10-11,1.0,1.0,0.0,0
89aa5ecb-59ad-46f5-b3eb-2d424e941f19,9aeed8f0-471d-42ae-b160-175dadbfb44b,1,0.022222,2018-10-11,2018-10-11,1.0,0.142857,0.0,1
89aa5ecb-59ad-46f5-b3eb-2d424e941f19,9fff2f8a-21e6-47de-a2b8-7f449929d43f,1,0.022222,2018-10-11,2018-10-11,1.0,0.5,0.0,0
89aa5ecb-59ad-46f5-b3eb-2d424e941f19,a6dfbea8-ffbb-4e51-ac3b-59d1c5f55974,1,0.022222,2018-10-11,2018-10-11,1.0,0.142857,0.0,1
89aa5ecb-59ad-46f5-b3eb-2d424e941f19,ce7f558d-e4c3-43c6-9be6-cbb330a97d83,1,0.022222,2018-10-11,2018-10-11,1.0,0.142857,0.0,1
9aeed8f0-471d-42ae-b160-175dadbfb44b,9fff2f8a-21e6-47de-a2b8-7f449929d43f,1,0.022222,2018-10-11,2018-10-11,1.0,0.125,0.0,1
9aeed8f0-471d-42ae-b160-175dadbfb44b,a6dfbea8-ffbb-4e51-ac3b-59d1c5f55974,1,0.022222,2018-10-11,2018-10-11,1.0,1.0,0.0,0
9aeed8f0-471d-42ae-b160-175dadbfb44b,ce7f558d-e4c3-43c6-9be6-cbb330a97d83,1,0.022222,2018-10-11,2018-10-11,1.0,1.0,0.0,0
9fff2f8a-21e6-47de-a2b8-7f449929d43f,a6dfbea8-ffbb-4e51-ac3b-59d1c5f55974,1,0.022222,2018-10-11,2018-10-11,1.0,0.125,0.0,1
9fff2f8a-21e6-47de-a2b8-7f449929d43f,ce7f558d-e4c3-43c6-9be6-cbb330a97d83,1,0.022222,2018-10-11,2018-10-11,1.0,0.125,0.0,1
a6dfbea8-ffbb-4e51-ac3b-59d1c5f55974,ce7f558d-e4c3-43c6-9be6-cbb330a97d83,1,0.022222,2018-10-11,2018-10-11,1.0,1.0,0.0,0
6d47cb9a-567d-4c1a-a9b1-cb8394db3212,89aa5ecb-59ad-46f5-b3eb-2d424e941f19,1,0.166667,2020-05-10,2020-05-10,1.0,0.142857,0.0,1
6d47cb9a-567d-4c1a-a9b1-cb8394db3212,93c1cee4-2604-4cd2-8d72-8bc59aa9f6c2,1,0.166667,2020-05-10,2020-05-10,1.0,1.0,0.0,0
6d47cb9a-567d-4c1a-a9b1-cb8394db3212,ce8cda9c-051b-4ab8-ad64-fcf13b80223f,1,0.166667,2020-05-10,2020-05-10,1.0,1.0,0.0,0
89aa5ecb-59ad-46f5-b3eb-2d424e941f19,93c1cee4-2604-4cd2-8d72-8bc59aa9f6c2,1,0.166667,2020-05-10,2020-05-10,1.0,0.142857,0.0,1
89aa5ecb-59ad-46f5-b3eb-2d424e941f19,ce8cda9c-051b-4ab8-ad64-fcf13b80223f,1,0.166667,2020-05-10,2020-05-10,1.0,0.142857,0.0,1
93c1cee4-2604-4cd2-8d72-8bc59aa9f6c2,ce8cda9c-051b-4ab8-ad64-fcf13b80223f,1,0.166667,2020-05-10,2020-05-10,1.0,1.0,0.0,0
48b2fec4-8262-4834-9bf4-75be00bb9993,7e92584c-ca97-48bf-8a12-0327db0f6ac8,1,0.1,2020-05-10,2020-05-10,1.0,0.090909,0.0,1
48b2fec4-8262-4834-9bf4-75be00bb9993,89aa5ecb-59ad-46f5-b3eb-2d424e941f19,1,0.1,2020-05-10,2020-05-10,1.0,0.142857,0.0,1
48b2fec4-8262-4834-9bf4-75be00bb9993,d3273495-8c20-4689-adf7-597039d6e587,1,0.1,2020-05-10,2020-05-10,1.0,1.0,0.0,0
48b2fec4-8262-4834-9bf4-75be00bb9993,f0d4e169-33bc-4ab7-8054-df73c65323e4,1,0.1,2020-05-10,2020-05-10,1.0,1.0,0.0,0
7e92584c-ca97-48bf-8a12-0327db0f6ac8,89aa5ecb-59ad-46f5-b3eb-2d424e941f19,1,0.1,2020-05-10,2020-05-10,1.0,0.384615,0.0,1
7e92584c-ca97-48bf-8a12-0327db0f6ac8,d3273495-8c20-4689-adf7-597039d6e587,1,0.1,2020-05-10,2020-05-10,1.0,0.090909,0.0,1
7e92584c-ca97-48bf-8a12-0327db0f6ac8,f0d4e169-33bc-4ab7-8054-df73c65323e4,1,0.1,2020-05-10,2020-05-10,1.0,0.090909,0.0,1
89aa5ecb-59ad-46f5-b3eb-2d424e941f19,d3273495-8c20-4689-adf7-597039d6e587,1,0.1,2020-05-10,2020-05-10,1.0,0.142857,0.0,1
89aa5ecb-59ad-46f5-b3eb-2d424e941f19,f0d4e169-33bc-4ab7-8054-df73c65323e4,1,0.1,2020-05-10,2020-05-10,1.0,0.142857,0.0,1
d3273495-8c20-4689-adf7-597039d6e587,f0d4e169-33bc-4ab7-8054-df73c65323e4,1,0.1,2020-05-10,2020-05-10,1.0,1.0,0.0,0
4d5447d7-c61c-4120-ba1b-d7f471d385b9,bfd5aec5-62a2-4560-a316-7c46c17babda,1,0.333333,1968-01-01,1968-01-01,0.793324,0.333333,0.052632,1
ba550d0e-adac-4864-b88b-407cab5e76af,bfd5aec5-62a2-4560-a316-7c46c17babda,1,0.333333,1968-01-01,1968-01-01,0.793324,0.181818,0.052632,1
2c0a4632-6ff9-44d1-8932-adbd227d7bbb,8da127cc-c432-418f-b356-ef36210d82ac,1,1.0,1969-10-07,1969-10-07,1.0,0.25,1.0,0
c5ce487b-0462-444e-a184-4de0fef7e028,f181961b-20f7-459e-89de-920ef03c7ed0,5,5.0,2001-01-01,2001-01-01,1.0,0.0,0.0,1
1bfa27e3-0376-4206-a772-4586e25a64f5,4d5447d7-c61c-4120-ba1b-d7f471d385b9,2,0.666667,1965-01-01,1967-01-01,0.39685,0.615385,0.315789,0
1bfa27e3-0376-4206-a772-4586e25a64f5,ba550d0e-adac-4864-b88b-407cab5e76af,2,0.666667,1965-01-01,1967-01-01,0.078733,0.409091,0.315789,1
535f74d5-8328-40ff-9cea-568ef916b3c8,5f6ab597-f57a-40da-be9e-adad48708203,1,0.166667,1992-01-01,1992-01-01,1.0,0.071429,0.333333,1
535f74d5-8328-40ff-9cea-568ef916b3c8,965f5705-6eb1-49a1-b312-cd3d65bcc7c9,1,0.166667,1992-01-01,1992-01-01,1.0,0.5,0.5,0
535f74d5-8328-40ff-9cea-568ef916b3c8,b95ce3ff-3d05-4e87-9e01-c97b66af13d4,1,0.166667,1992-01-01,1992-01-01,1.0,0.083333,0.5,0
5f6ab597-f57a-40da-be9e-adad48708203,965f5705-6eb1-49a1-b312-cd3d65bcc7c9,3,0.199206,1992-01-01,2019-04-18,1.0,0.142857,0.666667,0
5f6ab597-f57a-40da-be9e-adad48708203,b95ce3ff-3d05-4e87-9e01-c97b66af13d4,1,0.166667,1992-01-01,1992-01-01,0.15749,0.733333,0.25,0
965f5705-6eb1-49a1-b312-cd3d65bcc7c9,b95ce3ff-3d05-4e87-9e01-c97b66af13d4,1,0.166667,1992-01-01,1992-01-01,0.15749,0.166667,0.333333,1
42ba45d2-4938-4bf5-9121-5caffc719c4d,cc0b7089-c08d-4c10-b6b0-873582c17fd6,5,1.166667,1996-01-01,1997-01-01,1.0,0.333333,0.0,1
42ba45d2-4938-4bf5-9121-5caffc719c4d,e471b63c-c3b5-4f62-a971-cd0b2273838f,5,1.166667,1996-01-01,1997-01-01,1.0,1.0,0.0,0
42ba45d2-4938-4bf5-9121-5caffc719c4d,e68f2984-b0e9-42d7-b132-9570b7c75e29,3,0.5,1996-01-01,1997-01-01,1.0,0.5,0.0,0
cc0b7089-c08d-4c10-b6b0-873582c17fd6,e471b63c-c3b5-4f62-a971-cd0b2273838f,5,1.166667,1996-01-01,1997-01-01,1.0,0.333333,0.0,1
cc0b7089-c08d-4c10-b6b0-873582c17fd6,e68f2984-b0e9-42d7-b132-9570b7c75e29,3,0.5,1996-01-01,1997-01-01,1.0,0.5,0.0,0
e471b63c-c3b5-4f62-a971-cd0b2273838f,e68f2984-b0e9-42d7-b132-9570b7c75e29,3,0.5,1996-01-01,1997-01-01,1.0,0.5,0.0,0
123814ce-f7f7-44c9-b84d-0088b1e230a4,8aa5b65a-5b3c-4029-92bf-47a544356934,5,0.7,1970-01-01,1970-01-01,0.099244,0.222222,0.875,0
123814ce-f7f7-44c9-b84d-0088b1e230a4,9082aea0-ee30-4175-8795-6540a8fd3605,6,0.866667,1970-01-01,1980-01-01,1.0,0.5,1.0,0
123814ce-f7f7-44c9-b84d-0088b1e230a4,e5fa0175-2e93-4ca7-90c3-33f239381252,6,0.866667,1970-01-01,1980-01-01,1.0,0.5,1.0,0
8aa5b65a-5b3c-4029-92bf-47a544356934,9082aea0-ee30-4175-8795-6540a8fd3605,5,0.7,1970-01-01,1970-01-01,0.099244,0.111111,0.875,0
8aa5b65a-5b3c-4029-92bf-47a544356934,e5fa0175-2e93-4ca7-90c3-33f239381252,5,0.7,1970-01-01,1970-01-01,0.099244,0.111111,0.875,0
9082aea0-ee30-4175-8795-6540a8fd3605,e5fa0175-2e93-4ca7-90c3-33f239381252,6,0.866667,1970-01-01,1980-01-01,1.0,1.0,1.0,0
022589ac-7177-460d-a178-9976cf70e29f,c3cceeed-3332-4cf0-8c4c-bbde425147b6,1,1.0,1977-01-01,1977-01-01,0.63016,0.0,1.0,0
48262e82-db9f-4a92-b650-dfef979b73ec,59db3d82-86ea-451f-881f-dffc8ec387c9,5,2.0,2014-11-09,2015-07-11,0.465139,0.888889,0.0,0
12ff981a-0226-46de-b9cb-c26b3364de14,48262e82-db9f-4a92-b650-dfef979b73ec,1,0.333333,2014-11-09,2014-11-09,1.0,0.125,0.0,1
12ff981a-0226-46de-b9cb-c26b3364de14,59db3d82-86ea-451f-881f-dffc8ec387c9,1,0.333333,2014-11-09,2014-11-09,1.0,0.111111,0.0,1
31bcadcc-e1da-4cad-bec8-2f4f1d41b095,48262e82-db9f-4a92-b650-dfef979b73ec,3,0.333333,2013-01-01,2018-11-30,1.0,0.333333,0.0,1
31bcadcc-e1da-4cad-bec8-2f4f1d41b095,59db3d82-86ea-451f-881f-dffc8ec387c9,1,0.166667,2015-01-01,2015-01-01,0.412202,0.3,0.0,1
31bcadcc-e1da-4cad-bec8-2f4f1d41b095,d642aa48-79ef-4837-b8df-72ae8a4ecf52,1,0.166667,2015-01-01,2015-01-01,0.45842,0.25,0.0,1
59db3d82-86ea-451f-881f-dffc8ec387c9,d642aa48-79ef-4837-b8df-72ae8a4ecf52,2,0.333333,2015-01-01,2015-07-11,0.517293,0.111111,0.0,1
59db3d82-86ea-451f-881f-dffc8ec387c9,9fff2f8a-21e6-47de-a2b8-7f449929d43f,1,0.333333,2015-01-01,2015-01-01,0.417979,0.545455,0.0,0
48262e82-db9f-4a92-b650-dfef979b73ec,b787b4f2-ad08-43ba-845b-c3393a8079eb,1,0.166667,2015-07-11,2015-07-11,1.0,0.125,0.0,1
59db3d82-86ea-451f-881f-dffc8ec387c9,b787b4f2-ad08-43ba-845b-c3393a8079eb,1,0.166667,2015-07-11,2015-07-11,1.0,0.111111,0.0,1
b787b4f2-ad08-43ba-845b-c3393a8079eb,d642aa48-79ef-4837-b8df-72ae8a4ecf52,1,0.166667,2015-07-11,2015-07-11,1.0,1.0,0.0,0
01b8b5bf-06cb-45da-85fb-61ada72fcd69,4439c2fd-a754-4f6a-b3a6-791b47726156,1,0.333333,1946-11-01,1946-11-01,1.0,0.0,0.8,0
01b8b5bf-06cb-45da-85fb-61ada72fcd69,5ca1bbb8-5438-4c40-9625-a4e79c261186,1,0.333333,1946-11-01,1946-11-01,1.0,0.0,0.8,0
4439c2fd-a754-4f6a-b3a6-791b47726156,5ca1bbb8-5438-4c40-9625-a4e79c261186,1,0.333333,1946-11-01,1946-11-01,1.0,0.5,1.0,0
72c536dc-7137-4477-a521-567eeb840fa8,9be7f096-97ec-4615-8957-8d40b5dcbc41,3,1.0,1963-01-01,1994-01-01,1.0,0.181818,0.0,1
72c536dc-7137-4477-a521-567eeb840fa8,b1e26560-60e5-4236-bbdb-9aa5a8d5ee19,1,0.333333,1963-01-01,1963-01-01,0.000775,0.5,0.0,0
9be7f096-97ec-4615-8957-8d40b5dcbc41,b1e26560-60e5-4236-bbdb-9aa5a8d5ee19,1,0.333333,1963-01-01,1963-01-01,0.000244,0.285714,0.0,1
b4691384-50c3-4afd-9988-51d3ec5db65d,f8c01287-6bff-4e63-b570-2a61c24e64d6,1,1.0,1962-01-01,1962-01-01,1.0,0.222222,1.0,0
1febab34-36bb-499c-a370-10080d3079f2,751e517d-9663-4692-8c20-942e16d484c5,1,1.0,1954-04-01,1954-04-01,1.0,0.2,0.0,1
53f73b92-14d1-4dda-8aec-962457fa17a1,8be564c3-dfba-440b-af8c-4ffbceeef45e,1,0.333333,1955-01-01,1955-01-01,1.0,0.1,1.0,0
53f73b92-14d1-4dda-8aec-962457fa17a1,ece590a3-ae0e-4311-bcf3-ee07cfb7b4f0,1,0.333333,1955-01-01,1955-01-01,1.0,0.0,1.0,0
8be564c3-dfba-440b-af8c-4ffbceeef45e,ece590a3-ae0e-4311-bcf3-ee07cfb7b4f0,1,0.333333,1955-01-01,1955-01-01,1.0,0.1,1.0,0
056e4f3e-d505-4dad-8ec1-d04f521cbb56,122a2714-24f8-4046-a532-64064b5076d2,5,1.666667,1995-01-01,1997-01-01,1.0,0.0,0.0,1
056e4f3e-d505-4dad-8ec1-d04f521cbb56,83886397-adf2-431a-b841-dc4af744a6cc,5,1.666667,1995-01-01,1997-01-01,1.0,0.0,0.0,1
122a2714-24f8-4046-a532-64064b5076d2,83886397-adf2-431a-b841-dc4af744a6cc,7,2.166667,1995-01-01,2000-01-01,1.0,1.0,1.0,0
21551f7d-93f2-4cb7-ba71-7f260058e923,5191f332-8c44-4775-a070-d517cf7e5ecb,1,0.066667,1977-01-01,1977-01-01,1.0,0.333333,0.0,1
21551f7d-93f2-4cb7-ba71-7f260058e923,5d12875c-a197-43b2-8f29-41dc0ad895c3,1,0.066667,1977-01-01,1977-01-01,1.0,0.333333,0.0,1
21551f7d-93f2-4cb7-ba71-7f260058e923,b7f2cca2-72c6-41fb-ae33-53370fc62fe7,1,0.066667,1977-01-01,1977-01-01,0.31503,0.272727,0.0,1
21551f7d-93f2-4cb7-ba71-7f260058e923,c78f0746-ea5d-44c0-92ee-f32745951345,1,0.066667,1977-01-01,1977-01-01,1.0,0.333333,0.0,1
21551f7d-93f2-4cb7-ba71-7f260058e923,f4a31f0a-51dd-4fa7-986d-3095c40c5ed9,1,0.066667,1977-01-01,1977-01-01,1.0,0.4,0.0,1
5191f332-8c44-4775-a070-d517cf7e5ecb,5d12875c-a197-43b2-8f29-41dc0ad895c3,1,0.066667,1977-01-01,1977-01-01,1.0,1.0,0.0,0
5191f332-8c44-4775-a070-d517cf7e5ecb,b7f2cca2-72c6-41fb-ae33-53370fc62fe7,1,0.066667,1977-01-01,1977-01-01,1.0,0.090909,0.0,1
5191f332-8c44-4775-a070-d517cf7e5ecb,c78f0746-ea5d-44c0-92ee-f32745951345,1,0.066667,1977-01-01,1977-01-01,1.0,1.0,0.0,0
5191f332-8c44-4775-a070-d517cf7e5ecb,f4a31f0a-51dd-4fa7-986d-3095c40c5ed9,1,0.066667,1977-01-01,1977-01-01,1.0,0.25,0.0,1
5d12875c-a197-43b2-8f29-41dc0ad895c3,b7f2cca2-72c6-41fb-ae33-53370fc62fe7,1,0.066667,1977-01-01,1977-01-01,1.0,0.090909,0.0,1
5d12875c-a197-43b2-8f29-41dc0ad895c3,c78f0746-ea5d-44c0-92ee-f32745951345,1,0.066667,1977-01-01,1977-01-01,1.0,1.0,0.0,0
5d12875c-a197-43b2-8f29-41dc0ad895c3,f4a31f0a-51dd-4fa7-986d-3095c40c5ed9,1,0.066667,1977-01-01,1977-01-01,1.0,0.25,0.0,1
b7f2cca2-72c6-41fb-ae33-53370fc62fe7,c78f0746-ea5d-44c0-92ee-f32745951345,1,0.066667,1977-01-01,1977-01-01,1.0,0.090909,0.0,1
b7f2cca2-72c6-41fb-ae33-53370fc62fe7,f4a31f0a-51dd-4fa7-986d-3095c40c5ed9,1,0.066667,1977-01-01,1977-01-01,1.0,0.363636,0.0,1
c78f0746-ea5d-44c0-92ee-f32745951345,f4a31f0a-51dd-4fa7-986d-3095c40c5ed9,1,0.066667,1977-01-01,1977-01-01,1.0,0.25,0.0,1
4490113a-3880-4f5b-a39b-105bfceaed04,519774a4-3b18-4042-b8c0-927845a616c9,4,0.5,1969-01-01,1971-01-01,1.0,0.5,0.0,0
4490113a-3880-4f5b-a39b-105bfceaed04,9c2b375c-ce68-44a8-90ac-e06b177f43f9,4,0.5,1969-01-01,1971-01-01,1.0,0.5,0.0,0
4490113a-3880-4f5b-a39b-105bfceaed04,bd53f9a7-8be9-46b0-bf7d-1deea3cb57bc,4,0.5,1969-01-01,1971-01-01,1.0,0.5,0.0,0
519774a4-3b18-4042-b8c0-927845a616c9,9c2b375c-ce68-44a8-90ac-e06b177f43f9,5,0.666667,1969-01-01,1971-01-01,1.0,1.0,0.0,0
519774a4-3b18-4042-b8c0-927845a616c9,bd53f9a7-8be9-46b0-bf7d-1deea3cb57bc,10,2.333333,1969-01-01,1973-01-01,1.0,0.333333,1.0,0
9c2b375c-ce68-44a8-90ac-e06b177f43f9,bd53f9a7-8be9-46b0-bf7d-1deea3cb57bc,5,0.666667,1969-01-01,1971-01-01,1.0,0.333333,0.0,1
3c6a1239-9858-4ec6-8bf2-208fd2659c68,67930b3e-e00b-469f-8c74-fd69f20522ec,5,0.5,2000-01-01,2000-01-01,1.0,0.0,1.0,0
67930b3e-e00b-469f-8c74-fd69f20522ec,83cf2a60-3970-445a-bfef-3fdbe2a75f8a,5,0.5,2000-01-01,2000-01-01,1.0,0.0,1.0,0
67930b3e-e00b-469f-8c74-fd69f20522ec,ccccc434-290b-434b-9ff1-0c9e32a1ac8f,5,0.5,2000-01-01,2000-01-01,1.0,0.0,1.0,0
67930b3e-e00b-469f-8c74-fd69f20522ec,eb28cee9-090d-4f96-8490-5504180caa45,5,0.5,2000-01-01,2000-01-01,1.0,0.0,1.0,0
596ffa74-3d08-44ef-b113-765d43d12738,a0b77a10-ecff-4b84-b1f3-008391038d67,1,1.0,1975-01-01,1975-01-01,0.249921,0.230769,0.0,1
5af3997f-8223-44f2-9ac0-662366be34ca,8dd98bdc-80ec-4e93-8509-2f46bafc09a7,1,0.333333,1983-01-01,1983-01-01,1.0,0.066667,0.0,1
5af3997f-8223-44f2-9ac0-662366be34ca,bc70a77e-3964-45b5-9acd-dcf6aeacb11c,1,0.333333,1983-01-01,1983-01-01,1.0,1.0,0.0,0
8dd98bdc-80ec-4e93-8509-2f46bafc09a7,bc70a77e-3964-45b5-9acd-dcf6aeacb11c,1,0.333333,1983-01-01,1983-01-01,1.0,0.066667,0.0,1
860b2707-6153-4e3a-aa57-74d2b42c55b5,86e2e2ad-6d1b-44fd-9463-b6683718a1cc,1,1.0,1984-01-01,1984-01-01,1.0,0.125,0.0,1
091e2b4f-1e60-408c-9ee2-06440cdb8846,3f6a5e0d-4288-43c1-94f2-aba26fbe6292,1,0.047619,2021-03-18,2021-03-18,1.0,0.333333,1.0,0
091e2b4f-1e60-408c-9ee2-06440cdb8846,49a0caf5-d4f5-4571-b360-211990f63194,1,0.047619,2021-03-18,2021-03-18,0.359331,1.0,1.0,0
091e2b4f-1e60-408c-9ee2-06440cdb8846,5a6131f9-f8db-4722-b4d7-6a0c7183c590,1,0.047619,2021-03-18,2021-03-18,0.396098,1.0,1.0,0
091e2b4f-1e60-408c-9ee2-06440cdb8846,610b71d9-fa78-47d6-9073-083922e73840,1,0.047619,2021-03-18,2021-03-18,0.500871,0.75,1.0,0
091e2b4f-1e60-408c-9ee2-06440cdb8846,d8f8fcf7-77a4-4aae-8402-af9d624baa67,1,0.047619,2021-03-18,2021-03-18,1.0,0.333333,1.0,0
091e2b4f-1e60-408c-9ee2-06440cdb8846,d9152066-a306-477c-b07c-e5df0eb29eeb,1,0.047619,2021-03-18,2021-03-18,1.0,0.333333,1.0,0
3f6a5e0d-4288-43c1-94f2-aba26fbe6292,49a0caf5-d4f5-4571-b360-211990f63194,1,0.047619,2021-03-18,2021-03-18,1.0,0.333333,1.0,0
3f6a5e0d-4288-43c1-94f2-aba26fbe6292,5a6131f9-f8db-4722-b4d7-6a0c7183c590,1,0.047619,2021-03-18,2021-03-18,1.0,0.333333,1.0,0
3f6a5e0d-4288-43c1-94f2-aba26fbe6292,610b71d9-fa78-47d6-9073-083922e73840,1,0.047619,2021-03-18,2021-03-18,1.0,0.25,1.0,0
3f6a5e0d-4288-43c1-94f2-aba26fbe6292,d8f8fcf7-77a4-4aae-8402-af9d624baa67,1,0.047619,2021-03-18,2021-03-18,1.0,1.0,1.0,0
3f6a5e0d-4288-43c1-94f2-aba26fbe6292,d9152066-a306-477c-b07c-e5df0eb29eeb,1,0.047619,2021-03-18,2021-03-18,1.0,1.0,1.0,0
49a0caf5-d4f5-4571-b360-211990f63194,5a6131f9-f8db-4722-b4d7-6a0c7183c590,1,0.047619,2021-03-18,2021-03-18,0.396098,1.0,1.0,0
49a0caf5-d4f5-4571-b360-211990f63194,610b71d9-fa78-47d6-9073-083922e73840,1,0.047619,2021-03-18,2021-03-18,0.500871,0.75,1.0,0
49a0caf5-d4f5-4571-b360-211990f63194,d8f8fcf7-77a4-4aae-8402-af9d624baa67,1,0.047619,2021-03-18,2021-03-18,1.0,0.333333,1.0,0
49a0caf5-d4f5-4571-b360-211990f63194,d9152066-a306-477c-b07c-e5df0eb29eeb,1,0.047619,2021-03-18,2021-03-18,1.0,0.333333,1.0,0
5a6131f9-f8db-4722-b4d7-6a0c7183c590,610b71d9-fa78-47d6-9073-083922e73840,1,0.047619,2021-03-18,2021-03-18,0.500871,0.75,1.0,0
5a6131f9-f8db-4722-b4d7-6a0c7183c590,d8f8fcf7-77a4-4aae-8402-af9d624baa67,1,0.047619,2021-03-18,2021-03-18,1.0,0.333333,1.0,0
5a6131f9-f8db-4722-b4d7-6a0c7183c590,d9152066-a306-477c-b07c-e5df0eb29eeb,1,0.047619,2021-03-18,2021-03-18,1.0,0.333333,1.0,0
610b71d9-fa78-47d6-9073-083922e73840,d8f8fcf7-77a4-4aae-8402-af9d624baa67,1,0.047619,2021-03-18,2021-03-18,1.0,0.25,1.0,0
610b71d9-fa78-47d6-9073-083922e73840,d9152066-a306-477c-b07c-e5df0eb29eeb,1,0.047619,2021-03-18,2021-03-18,1.0,0.25,1.0,0
d8f8fcf7-77a4-4aae-8402-af9d624baa67,d9152066-a306-477c-b07c-e5df0eb29eeb,1,0.047619,2021-03-18,2021-03-18,1.0,1.0,1.0,0
0f50beab-d77d-4f0f-ac26-0b87d3e9b11b,83d91898-7763-47d7-b03b-b92132375c47,2,2.0,1968-01-01,1968-01-01,1.0,0.166667,0.0,1
12327d75-47d5-45d9-84c2-3760b9210c17,83d91898-7763-47d7-b03b-b92132375c47,1,1.0,1968-01-01,1968-01-01,1.0,0.0,0.0,1
6f7e36da-79d8-4219-990d-8e9224d04ebc,83d91898-7763-47d7-b03b-b92132375c47,2,2.0,1968-01-01,1968-01-01,1.0,0.0,0.0,1
329b4e2f-b2b9-4fbf-ba47-4e3676f84bf0,6f1a58bf-9b1b-49cf-a44a-6cefad7ae04f,1,0.333333,1967-01-01,1967-01-01,1.0,0.166667,0.0,1
329b4e2f-b2b9-4fbf-ba47-4e3676f84bf0,b0bea75d-5324-4153-904a-879dc42797af,1,0.333333,1967-01-01,1967-01-01,1.0,0.0,0.0,1
6f1a58bf-9b1b-49cf-a44a-6cefad7ae04f,b0bea75d-5324-4153-904a-879dc42797af,1,0.333333,1967-01-01,1967-01-01,1.0,0.166667,0.0,1
4d5447d7-c61c-4120-ba1b-d7f471d385b9,6f1a58bf-9b1b-49cf-a44a-6cefad7ae04f,1,0.333333,1969-01-01,1969-01-01,1.0,0.5,0.0,0
6f1a58bf-9b1b-49cf-a44a-6cefad7ae04f,ba550d0e-adac-4864-b88b-407cab5e76af,1,0.333333,1969-01-01,1969-01-01,1.0,0.272727,0.0,1
4490113a-3880-4f5b-a39b-105bfceaed04,e6e879c0-3d56-4f12-b3c5-3ce459661a8e,1,0.066667,1971-01-01,1971-01-01,1.0,0.125,0.0,1
4490113a-3880-4f5b-a39b-105bfceaed04,ff748426-8873-4725-bdc7-c2b18b510d41,1,0.066667,1971-01-01,1971-01-01,1.0,1.0,0.0,0
519774a4-3b18-4042-b8c0-927845a616c9,e6e879c0-3d56-4f12-b3c5-3ce459661a8e,1,0.066667,1971-01-01,1971-01-01,0.629761,0.25,0.0,1
519774a4-3b18-4042-b8c0-927845a616c9,ff748426-8873-4725-bdc7-c2b18b510d41,1,0.066667,1971-01-01,1971-01-01,1.0,0.5,0.0,0
9c2b375c-ce68-44a8-90ac-e06b177f43f9,e6e879c0-3d56-4f12-b3c5-3ce459661a8e,1,0.066667,1971-01-01,1971-01-01,1.0,0.25,0.0,1
9c2b375c-ce68-44a8-90ac-e06b177f43f9,ff748426-8873-4725-bdc7-c2b18b510d41,1,0.066667,1971-01-01,1971-01-01,1.0,0.5,0.0,0
bd53f9a7-8be9-46b0-bf7d-1deea3cb57bc,e6e879c0-3d56-4f12-b3c5-3ce459661a8e,1,0.066667,1971-01-01,1971-01-01,0.629761,0.25,0.0,1
bd53f9a7-8be9-46b0-bf7d-1deea3cb57bc,ff748426-8873-4725-bdc7-c2b18b510d41,1,0.066667,1971-01-01,1971-01-01,1.0,0.5,0.0,0
e6e879c0-3d56-4f12-b3c5-3ce459661a8e,ff748426-8873-4725-bdc7-c2b18b510d41,1,0.066667,1971-01-01,1971-01-01,1.0,0.125,0.0,1
164f0d73-1234-4e2c-8743-d77bf2191051,1cd913a1-5641-4b2a-9624-a0417914e3e7,2,0.147619,2008-01-01,2009-09-08,1.0,0.333333,0.0,1
164f0d73-1234-4e2c-8743-d77bf2191051,875203e1-8e58-4b86-8dcb-7190faf411c5,1,0.047619,2009-09-08,2009-09-08,0.10341,0.375,0.0,1
164f0d73-1234-4e2c-8743-d77bf2191051,8b173ace-1599-47f3-84b5-946368b7e229,1,0.047619,2009-09-08,2009-09-08,1.0,0.333333,0.0,1
164f0d73-1234-4e2c-8743-d77bf2191051,8fd3eaa2-dead-412d-a2fd-23fcf1cca009,1,0.047619,2009-09-08,2009-09-08,1.0,0.333333,0.0,1
164f0d73-1234-4e2c-8743-d77bf2191051,a47d580f-fe5b-4c27-ac7d-06e0ceed534f,1,0.047619,2009-09-08,2009-09-08,1.0,0.333333,0.0,1
164f0d73-1234-4e2c-8743-d77bf2191051,f82bcf78-5b69-4622-a5ef-73800768d9ac,1,0.047619,2009-09-08,2009-09-08,0.929837,0.666667,0.0,0
1cd913a1-5641-4b2a-9624-a0417914e3e7,875203e1-8e58-4b86-8dcb-7190faf411c5,1,0.047619,2009-09-08,2009-09-08,1.0,0.125,0.0,1
1cd913a1-5641-4b2a-9624-a0417914e3e7,8b173ace-1599-47f3-84b5-946368b7e229,1,0.047619,2009-09-08,2009-09-08,1.0,1.0,0.0,0
1cd913a1-5641-4b2a-9624-a0417914e3e7,8fd3eaa2-dead-412d-a2fd-23fcf1cca009,1,0.047619,2009-09-08,2009-09-08,1.0,1.0,0.0,0
1cd913a1-5641-4b2a-9624-a0417914e3e7,a47d580f-fe5b-4c27-ac7d-06e0ceed534f,1,0.047619,2009-09-08,2009-09-08,1.0,1.0,0.0,0
1cd913a1-5641-4b2a-9624-a0417914e3e7,f82bcf78-5b69-4622-a5ef-73800768d9ac,1,0.047619,2009-09-08,2009-09-08,1.0,0.5,0.0,0
875203e1-8e58-4b86-8dcb-7190faf411c5,8b173ace-1599-47f3-84b5-946368b7e229,1,0.047619,2009-09-08,2009-09-08,1.0,0.125,0.0,1
875203e1-8e58-4b86-8dcb-7190faf411c5,8fd3eaa2-dead-412d-a2fd-23fcf1cca009,1,0.047619,2009-09-08,2009-09-08,1.0,0.125,0.0,1
875203e1-8e58-4b86-8dcb-7190faf411c5,a47d580f-fe5b-4c27-ac7d-06e0ceed534f,1,0.047619,2009-09-08,2009-09-08,1.0,0.125,0.0,1
875203e1-8e58-4b86-8dcb-7190faf411c5,f82bcf78-5b69-4622-a5ef-73800768d9ac,2,0.214286,2009-09-08,2010-01-01,1.0,0.25,0.0,1
8b173ace-1599-47f3-84b5-946368b7e229,8fd3eaa2-dead-412d-a2fd-23fcf1cca009,1,0.047619,2009-09-08,2009-09-08,1.0,1.0,0.0,0
8b173ace-1599-47f3-84b5-946368b7e229,a47d580f-fe5b-4c27-ac7d-06e0ceed534f,1,0.047619,2009-09-08,2009-09-08,1.0,1.0,0.0,0
8b173ace-1599-47f3-84b5-946368b7e229,f82bcf78-5b69-4622-a5ef-73800768d9ac,1,0.047619,2009-09-08,2009-09-08,1.0,0.5,0.0,0
8fd3eaa2-dead-412d-a2fd-23fcf1cca009,a47d580f-fe5b-4c27-ac7d-06e0ceed534f,1,0.047619,2009-09-08,2009-09-08,1.0,1.0,0.0,0
8fd3eaa2-dead-412d-a2fd-23fcf1cca009,f82bcf78-5b69-4622-a5ef-73800768d9ac,1,0.047619,2009-09-08,2009-09-08,1.0,0.5,0.0,0
a47d580f-fe5b-4c27-ac7d-06e0ceed534f,f82bcf78-5b69-4622-a5ef-73800768d9ac,1,0.047619,2009-09-08,2009-09-08,1.0,0.5,0.0,0
0d40af7f-9b4f-4c42-9e5a-c827315dd240,875203e1-8e58-4b86-8dcb-7190faf411c5,1,0.166667,2010-01-01,2010-01-01,1.0,0.125,0.0,1
0d40af7f-9b4f-4c42-9e5a-c827315dd240,bd01c9d7-89dd-4cb4-9baa-a43bfa292bed,1,0.166667,2010-01-01,2010-01-01,1.0,1.0,0.0,0
0d40af7f-9b4f-4c42-9e5a-c827315dd240,f82bcf78-5b69-4622-a5ef-73800768d9ac,1,0.166667,2010-01-01,2010-01-01,1.0,0.5,0.0,0
875203e1-8e58-4b86-8dcb-7190faf411c5,bd01c9d7-89dd-4cb4-9baa-a43bfa292bed,1,0.166667,2010-01-01,2010-01-01,0.529543,0.125,0.0,1
bd01c9d7-89dd-4cb4-9baa-a43bfa292bed,f82bcf78-5b69-4622-a5ef-73800768d9ac,1,0.166667,2010-01-01,2010-01-01,1.0,0.5,0.0,0
2307602e-a3ce-4f37-bb2b-d54f1980ed5f,552da8ff-2c8f-4060-8352-48dea991e92b,1,0.047619,2010-01-09,2010-01-09,1.0,0.5,0.0,0
2307602e-a3ce-4f37-bb2b-d54f1980ed5f,875203e1-8e58-4b86-8dcb-7190faf411c5,1,0.047619,2010-01-09,2010-01-09,1.0,0.25,0.0,1
2307602e-a3ce-4f37-bb2b-d54f1980ed5f,8bf283b9-b1e2-4632-a953-eacd212a543e,1,0.047619,2010-01-09,2010-01-09,1.0,0.5,0.0,0
2307602e-a3ce-4f37-bb2b-d54f1980ed5f,bb3cbea2-5ad4-4917-bc84-8a1975d40315,1,0.047619,2010-01-09,2010-01-09,1.0,0.5,0.0,0
2307602e-a3ce-4f37-bb2b-d54f1980ed5f,f5c4c27e-5902-4fc0-adfb-7775da3d5363,1,0.047619,2010-01-09,2010-01-09,1.0,0.5,0.0,0
2307602e-a3ce-4f37-bb2b-d54f1980ed5f,fcb6d9df-6cef-4f33-8850-7570bcc99718,1,0.047619,2010-01-09,2010-01-09,1.0,0.5,0.0,0
552da8ff-2c8f-4060-8352-48dea991e92b,875203e1-8e58-4b86-8dcb-7190faf411c5,1,0.047619,2010-01-09,2010-01-09,1.0,0.125,0.0,1
552da8ff-2c8f-4060-8352-48dea991e92b,8bf283b9-b1e2-4632-a953-eacd212a543e,1,0.047619,2010-01-09,2010-01-09,1.0,1.0,0.0,0
552da8ff-2c8f-4060-8352-48dea991e92b,bb3cbea2-5ad4-4917-bc84-8a1975d40315,1,0.047619,2010-01-09,2010-01-09,1.0,1.0,0.0,0
552da8ff-2c8f-4060-8352-48dea991e92b,f5c4c27e-5902-4fc0-adfb-7775da3d5363,1,0.047619,2010-01-09,2010-01-09,1.0,1.0,0.0,0
552da8ff-2c8f-4060-8352-48dea991e92b,fcb6d9df-6cef-4f33-8850-7570bcc99718,1,0.047619,2010-01-09,2010-01-09,1.0,1.0,0.0,0
875203e1-8e58-4b86-8dcb-7190faf411c5,8bf283b9-b1e2-4632-a953-eacd212a543e,1,0.047619,2010-01-09,2010-01-09,1.0,0.125,0.0,1
875203e1-8e58-4b86-8dcb-7190faf411c5,bb3cbea2-5ad4-4917-bc84-8a1975d40315,1,0.047619,2010-01-09,2010-01-09,1.0,0.125,0.0,1
875203e1-8e58-4b86-8dcb-7190faf411c5,f5c4c27e-5902-4fc0-adfb-7775da3d5363,1,0.047619,2010-01-09,2010-01-09,1.0,0.125,0.0,1
875203e1-8e58-4b86-8dcb-7190faf411c5,fcb6d9df-6cef-4f33-8850-7570bcc99718,1,0.047619,2010-01-09,2010-01-09,1.0,0.125,0.0,1
8bf283b9-b1e2-4632-a953-eacd212a543e,bb3cbea2-5ad4-4917-bc84-8a1975d40315,1,0.047619,2010-01-09,2010-01-09,1.0,1.0,0.0,0
8bf283b9-b1e2-4632-a953-eacd212a543e,f5c4c27e-5902-4fc0-adfb-7775da3d5363,1,0.047619,2010-01-09,2010-01-09,1.0,1.0,0.0,0
8bf283b9-b1e2-4632-a953-eacd212a543e,fcb6d9df-6cef-4f33-8850-7570bcc99718,1,0.047619,2010-01-09,2010-01-09,1.0,1.0,0.0,0
bb3cbea2-5ad4-4917-bc84-8a1975d40315,f5c4c27e-5902-4fc0-adfb-7775da3d5363,1,0.047619,2010-01-09,2010-01-09,1.0,1.0,0.0,0
bb3cbea2-5ad4-4917-bc84-8a1975d40315,fcb6d9df-6cef-4f33-8850-7570bcc99718,1,0.047619,2010-01-09,2010-01-09,1.0,1.0,0.0,0
f5c4c27e-5902-4fc0-adfb-7775da3d5363,fcb6d9df-6cef-4f33-8850-7570bcc99718,1,0.047619,2010-01-09,2010-01-09,1.0,1.0,0.0,0
4d5447d7-c61c-4120-ba1b-d7f471d385b9,fee6a7fb-80d9-4290-a171-e48f1f20e381,1,0.333333,1969-01-01,1969-01-01,1.0,0.538462,0.0,0
ba550d0e-adac-4864-b88b-407cab5e76af,fee6a7fb-80d9-4290-a171-e48f1f20e381,1,0.333333,1969-01-01,1969-01-01,1.0,0.304348,0.0,1
5d02f264-e225-41ff-83f7-d9b1f0b1874a,75167b8b-44e4-407b-9d35-effe87b223cf,1,1.0,1970-09-19,1970-09-19,1.0,0.315789,0.0,1
7db6aae5-6644-4513-9bfc-ca2e79d4469c,ed2ac1e9-d51d-4eff-a2c2-85e81abd6360,1,1.0,1973-01-01,1973-01-01,1.0,0.333333,0.090909,1
61af87f4-16ee-4431-8504-cc06187079fb,aa2e9a16-553f-41c8-b2a3-77c30ab69c4a,4,3.333333,2018-01-01,2018-03-16,1.0,0.125,0.0,1
61af87f4-16ee-4431-8504-cc06187079fb,a0d62b71-62c8-4cff-b708-64c1be011202,1,0.333333,2018-03-16,2018-03-16,1.0,0.125,0.0,1
a0d62b71-62c8-4cff-b708-64c1be011202,aa2e9a16-553f-41c8-b2a3-77c30ab69c4a,1,0.333333,2018-03-16,2018-03-16,1.0,1.0,0.0,0
071a4b21-53de-4ac0-af14-e71efd7dce3d,13c10976-99f1-4cb4-8fbe-56067e91d865,3,3.0,1990-01-01,1992-09-29,1.0,0.5,0.0,0
2361ec07-1b1e-4f3b-8fbd-ec0a6de214ae,92da4329-77a4-425c-8e92-4280110cace9,1,0.333333,2015-05-16,2015-05-16,1.0,0.25,0.0,1
2361ec07-1b1e-4f3b-8fbd-ec0a6de214ae,c36f98f6-44d6-466a-a54a-bed0aeaf4034,1,0.333333,2015-05-16,2015-05-16,1.0,1.0,0.0,0
92da4329-77a4-425c-8e92-4280110cace9,c36f98f6-44d6-466a-a54a-bed0aeaf4034,1,0.333333,2015-05-16,2015-05-16,1.0,0.25,0.0,1
3e067675-95e9-4d57-b493-45c10272d14b,44cc2d70-819d-4fb1-a65c-5c693419eea0,1,0.066667,2015-05-16,2015-05-16,1.0,1.0,0.0,0
3e067675-95e9-4d57-b493-45c10272d14b,822b10a4-37eb-4fe8-aaec-d537eee0aa43,1,0.066667,2015-05-16,2015-05-16,1.0,1.0,0.0,0
3e067675-95e9-4d57-b493-45c10272d14b,8f82df2b-a412-4f5d-9331-73d993dbce31,1,0.066667,2015-05-16,2015-05-16,1.0,1.0,0.0,0
3e067675-95e9-4d57-b493-45c10272d14b,92da4329-77a4-425c-8e92-4280110cace9,1,0.066667,2015-05-16,2015-05-16,1.0,0.25,0.0,1
3e067675-95e9-4d57-b493-45c10272d14b,ad4eaf35-0e7b-4c35-a7a5-f1bf9ef0d93f,1,0.066667,2015-05-16,2015-05-16,1.0,1.0,0.0,0
44cc2d70-819d-4fb1-a65c-5c693419eea0,822b10a4-37eb-4fe8-aaec-d537eee0aa43,1,0.066667,2015-05-16,2015-05-16,1.0,1.0,0.0,0
44cc2d70-819d-4fb1-a65c-5c693419eea0,8f82df2b-a412-4f5d-9331-73d993dbce31,1,0.066667,2015-05-16,2015-05-16,1.0,1.0,0.0,0
44cc2d70-819d-4fb1-a65c-5c693419eea0,92da4329-77a4-425c-8e92-4280110cace9,1,0.066667,2015-05-16,2015-05-16,1.0,0.25,0.0,1
44cc2d70-819d-4fb1-a65c-5c693419eea0,ad4eaf35-0e7b-4c35-a7a5-f1bf9ef0d93f,1,0.066667,2015-05-16,2015-05-16,1.0,1.0,0.0,0
822b10a4-37eb-4fe8-aaec-d537eee0aa43,8f82df2b-a412-4f5d-9331-73d993dbce31,1,0.066667,2015-05-16,2015-05-16,1.0,1.0,0.0,0
822b10a4-37eb-4fe8-aaec-d537eee0aa43,92da4329-77a4-425c-8e92-4280110cace9,1,0.066667,2015-05-16,2015-05-16,1.0,0.25,0.0,1
822b10a4-37eb-4fe8-aaec-d537eee0aa43,ad4eaf35-0e7b-4c35-a7a5-f1bf9ef0d93f,1,0.066667,2015-05-16,2015-05-16,1.0,1.0,0.0,0
8f82df2b-a412-4f5d-9331-73d993dbce31,92da4329-77a4-425c-8e92-4280110cace9,1,0.066667,2015-05-16,2015-05-16,1.0,0.25,0.0,1
8f82df2b-a412-4f5d-9331-73d993dbce31,ad4eaf35-0e7b-4c35-a7a5-f1bf9ef0d93f,1,0.066667,2015-05-16,2015-05-16,1.0,1.0,0.0,0
92da4329-77a4-425c-8e92-4280110cace9,ad4eaf35-0e7b-4c35-a7a5-f1bf9ef0d93f,1,0.066667,2015-05-16,2015-05-16,1.0,0.25,0.0,1
047c7563-6c32-4619-a0b6-1dcf218b3e1b,134150aa-338b-42fe-a0bd-f8e5a86fd1c1,1,0.066667,2018-01-01,2018-01-01,1.0,1.0,0.0,0
047c7563-6c32-4619-a0b6-1dcf218b3e1b,5a2071aa-0787-49fb-931c-fa85ba86e681,1,0.066667,2018-01-01,2018-01-01,1.0,0.5,0.0,0
047c7563-6c32-4619-a0b6-1dcf218b3e1b,61af87f4-16ee-4431-8504-cc06187079fb,1,0.066667,2018-01-01,2018-01-01,1.0,0.125,0.0,1
047c7563-6c32-4619-a0b6-1dcf218b3e1b,92da4329-77a4-425c-8e92-4280110cace9,1,0.066667,2018-01-01,2018-01-01,1.0,0.25,0.0,1
047c7563-6c32-4619-a0b6-1dcf218b3e1b,c2e5bb11-6653-4848-84de-aa15fe1fb37e,1,0.066667,2018-01-01,2018-01-01,1.0,1.0,0.0,0
134150aa-338b-42fe-a0bd-f8e5a86fd1c1,5a2071aa-0787-49fb-931c-fa85ba86e681,1,0.066667,2018-01-01,2018-01-01,1.0,0.5,0.0,0
134150aa-338b-42fe-a0bd-f8e5a86fd1c1,61af87f4-16ee-4431-8504-cc06187079fb,1,0.066667,2018-01-01,2018-01-01,1.0,0.125,0.0,1
134150aa-338b-42fe-a0bd-f8e5a86fd1c1,92da4329-77a4-425c-8e92-4280110cace9,1,0.066667,2018-01-01,2018-01-01,1.0,0.25,0.0,1
134150aa-338b-42fe-a0bd-f8e5a86fd1c1,c2e5bb11-6653-4848-84de-aa15fe1fb37e,1,0.066667,2018-01-01,2018-01-01,1.0,1.0,0.0,0
5a2071aa-0787-49fb-931c-fa85ba86e681,61af87f4-16ee-4431-8504-cc06187079fb,1,0.066667,2018-01-01,2018-01-01,1.0,0.25,0.0,1
5a2071aa-0787-49fb-931c-fa85ba86e681,92da4329-77a4-425c-8e92-4280110cace9,1,0.066667,2018-01-01,2018-01-01,1.0,0.2,0.0,1
5a2071aa-0787-49fb-931c-fa85ba86e681,c2e5bb11-6653-4848-84de-aa15fe1fb37e,1,0.066667,2018-01-01,2018-01-01,1.0,0.5,0.0,0
61af87f4-16ee-4431-8504-cc06187079fb,92da4329-77a4-425c-8e92-4280110cace9,1,0.066667,2018-01-01,2018-01-01,0.993066,0.333333,0.0,1
61af87f4-16ee-4431-8504-cc06187079fb,c2e5bb11-6653-4848-84de-aa15fe1fb37e,1,0.066667,2018-01-01,2018-01-01,1.0,0.125,0.0,1
92da4329-77a4-425c-8e92-4280110cace9,c2e5bb11-6653-4848-84de-aa15fe1fb37e,1,0.066667,2018-01-01,2018-01-01,1.0,0.25,0.0,1
9a0d0b2d-a727-44a6-a172-53766f186834,b83bc61f-8451-4a5d-8b8e-7e9ed295e822,4,2.0,1970-01-01,1974-01-01,1.0,0.1,0.8,0
9a0d0b2d-a727-44a6-a172-53766f186834,bc710bcf-8815-42cf-bad2-3f1d12246aeb,1,0.333333,1973-01-01,1973-01-01,1.0,0.0,0.5,0
b83bc61f-8451-4a5d-8b8e-7e9ed295e822,bc710bcf-8815-42cf-bad2-3f1d12246aeb,1,0.333333,1973-01-01,1973-01-01,1.0,0.363636,0.4,1
494e8d09-f85b-4543-892f-a5096aed1cd4,7de248ba-9543-4603-8048-9fa67d960a24,1,0.333333,1991-01-01,1991-01-01,1.0,0.071429,0.0,1
494e8d09-f85b-4543-892f-a5096aed1cd4,a22c5b56-9119-4420-b853-34ce0d867918,1,0.333333,1991-01-01,1991-01-01,1.0,0.071429,0.0,1
7de248ba-9543-4603-8048-9fa67d960a24,a22c5b56-9119-4420-b853-34ce0d867918,1,0.333333,1991-01-01,1991-01-01,1.0,1.0,0.0,0
494e8d09-f85b-4543-892f-a5096aed1cd4,bf6c29f5-b69f-4842-9031-37f9645d365d,1,1.0,1991-01-01,1991-01-01,1.0,0.142857,0.058824,1
494e8d09-f85b-4543-892f-a5096aed1cd4,a5124554-0dcb-42fc-9b28-8b3c52ad8358,1,1.0,1991-01-01,1991-01-01,1.0,0.071429,0.0,1
8a1980a4-0c81-4b0b-8319-15b2175210f6,f7441bc7-d7de-4813-a2fc-31a4033d396d,1,1.0,1996-01-01,1996-01-01,1.0,0.285714,0.0,1
123814ce-f7f7-44c9-b84d-0088b1e230a4,c0eee88b-47f2-4cd2-ac48-a045e902a432,1,0.1,1970-01-01,1970-01-01,0.793826,0.142857,0.0,1
8aa5b65a-5b3c-4029-92bf-47a544356934,c0eee88b-47f2-4cd2-ac48-a045e902a432,1,0.1,1970-01-01,1970-01-01,0.793826,0.363636,0.0,1
9082aea0-ee30-4175-8795-6540a8fd3605,c0eee88b-47f2-4cd2-ac48-a045e902a432,1,0.1,1970-01-01,1970-01-01,0.793826,0.166667,0.0,1
c0eee88b-47f2-4cd2-ac48-a045e902a432,e5fa0175-2e93-4ca7-90c3-33f239381252,1,0.1,1970-01-01,1970-01-01,0.793826,0.166667,0.0,1
7e9bd05a-117f-4cce-87bc-e011527a8b18,9a0d0b2d-a727-44a6-a172-53766f186834,1,0.333333,1974-01-01,1974-01-01,1.0,0.1,0.5,0
7e9bd05a-117f-4cce-87bc-e011527a8b18,b83bc61f-8451-4a5d-8b8e-7e9ed295e822,1,0.333333,1974-01-01,1974-01-01,1.0,0.818182,0.4,0
2f031686-3f01-4f33-a4fc-fb3944532efa,69b25c47-780d-46e5-ae44-1f116337b95e,4,0.833333,1975-01-01,1976-01-01,1.0,0.5,1.0,0
2f031686-3f01-4f33-a4fc-fb3944532efa,d87e52c5-bb8d-4da8-b941-9f4928627dc8,5,1.333333,1975-01-01,1977-01-01,1.0,0.333333,0.833333,0
2f031686-3f01-4f33-a4fc-fb3944532efa,ffb77292-9712-4d03-94aa-bdb1d4771d38,8,2.166667,1975-01-01,1979-01-01,1.0,1.0,1.0,0
69b25c47-780d-46e5-ae44-1f116337b95e,d87e52c5-bb8d-4da8-b941-9f4928627dc8,2,0.333333,1975-01-01,1975-01-01,0.793826,0.25,0.833333,0
69b25c47-780d-46e5-ae44-1f116337b95e,ffb77292-9712-4d03-94aa-bdb1d4771d38,4,0.833333,1975-01-01,1976-01-01,1.0,0.5,1.0,0
d87e52c5-bb8d-4da8-b941-9f4928627dc8,ffb77292-9712-4d03-94aa-bdb1d4771d38,5,1.333333,1975-01-01,1977-01-01,1.0,0.333333,0.833333,0
29c11f6b-df9f-454f-964e-75eedadb4a1e,583944a8-d43b-42e9-8e3c-29eb89f53587,1,0.1,1970-01-01,1970-01-01,1.0,1.0,1.0,0
29c11f6b-df9f-454f-964e-75eedadb4a1e,6bf692e0-baac-4428-94c3-423d52508cf0,1,0.1,1970-01-01,1970-01-01,1.0,1.0,1.0,0
29c11f6b-df9f-454f-964e-75eedadb4a1e,fc5f555c-dfa2-4f16-9da5-98342105c23a,1,0.1,1970-01-01,1970-01-01,1.0,1.0,1.0,0
29c11f6b-df9f-454f-964e-75eedadb4a1e,ff2a0e30-aec1-44dd-ae06-dc78877f512d,1,0.1,1970-01-01,1970-01-01,1.0,1.0,1.0,0
583944a8-d43b-42e9-8e3c-29eb89f53587,6bf692e0-baac-4428-94c3-423d52508cf0,1,0.1,1970-01-01,1970-01-01,1.0,1.0,1.0,0
583944a8-d43b-42e9-8e3c-29eb89f53587,fc5f555c-dfa2-4f16-9da5-98342105c23a,1,0.1,1970-01-01,1970-01-01,1.0,1.0,1.0,0
583944a8-d43b-42e9-8e3c-29eb89f53587,ff2a0e30-aec1-44dd-ae06-dc78877f512d,1,0.1,1970-01-01,1970-01-01,1.0,1.0,1.0,0
6bf692e0-baac-4428-94c3-423d52508cf0,fc5f555c-dfa2-4f16-9da5-98342105c23a,1,0.1,1970-01-01,1970-01-01,1.0,1.0,1.0,0
6bf692e0-baac-4428-94c3-423d52508cf0,ff2a0e30-aec1-44dd-ae06-dc78877f512d,1,0.1,1970-01-01,1970-01-01,1.0,1.0,1.0,0
fc5f555c-dfa2-4f16-9da5-98342105c23a,ff2a0e30-aec1-44dd-ae06-dc78877f512d,1,0.1,1970-01-01,1970-01-01,1.0,1.0,1.0,0
164f0d73-1234-4e2c-8743-d77bf2191051,a2fdc044-010f-4317-97d2-a1c67e978543,3,0.288889,2008-01-01,2008-01-01,1.0,1.0,0.0,0
164f0d73-1234-4e2c-8743-d77bf2191051,d174f580-15bb-49d1-b9d9-086954a71877,2,0.266667,2008-01-01,2008-01-01,1.0,0.666667,0.0,0
164f0d73-1234-4e2c-8743-d77bf2191051,e0e1db18-f7ba-4dee-95ff-7ae8cf545460,4,0.388889,2008-01-01,2008-01-01,0.793324,0.375,0.0,1
a2fdc044-010f-4317-97d2-a1c67e978543,d174f580-15bb-49d1-b9d9-086954a71877,2,0.266667,2008-01-01,2008-01-01,1.0,0.666667,0.0,0
a2fdc044-010f-4317-97d2-a1c67e978543,e0e1db18-f7ba-4dee-95ff-7ae8cf545460,3,0.288889,2008-01-01,2008-01-01,1.0,0.375,0.0,1
d174f580-15bb-49d1-b9d9-086954a71877,e0e1db18-f7ba-4dee-95ff-7ae8cf545460,2,0.266667,2008-01-01,2008-01-01,1.0,0.25,0.0,1
164f0d73-1234-4e2c-8743-d77bf2191051,5b64e344-b2fb-47bd-bd7b-4c793b17d472,1,0.1,2008-01-01,2008-01-01,0.355038,0.375,0.0,1
164f0d73-1234-4e2c-8743-d77bf2191051,64b15912-5f96-45cb-9514-3943d1b0f220,3,0.144444,2008-01-01,2013-01-01,1.0,0.666667,0.0,0
1cd913a1-5641-4b2a-9624-a0417914e3e7,5b64e344-b2fb-47bd-bd7b-4c793b17d472,1,0.1,2008-01-01,2008-01-01,0.677282,0.125,0.0,1
1cd913a1-5641-4b2a-9624-a0417914e3e7,64b15912-5f96-45cb-9514-3943d1b0f220,1,0.1,2008-01-01,2008-01-01,0.677282,0.5,0.0,0
1cd913a1-5641-4b2a-9624-a0417914e3e7,e0e1db18-f7ba-4dee-95ff-7ae8cf545460,1,0.1,2008-01-01,2008-01-01,0.793324,0.125,0.0,1
5b64e344-b2fb-47bd-bd7b-4c793b17d472,64b15912-5f96-45cb-9514-3943d1b0f220,1,0.1,2008-01-01,2008-01-01,0.355038,0.25,0.0,1
5b64e344-b2fb-47bd-bd7b-4c793b17d472,e0e1db18-f7ba-4dee-95ff-7ae8cf545460,1,0.1,2008-01-01,2008-01-01,0.793324,0.777778,0.0,0
64b15912-5f96-45cb-9514-3943d1b0f220,e0e1db18-f7ba-4dee-95ff-7ae8cf545460,2,0.122222,2008-01-01,2008-01-01,0.793324,0.25,0.0,1
164f0d73-1234-4e2c-8743-d77bf2191051,c2e49f7a-cd6f-48ca-8596-b03614ea4fe8,2,0.122222,2008-01-01,2008-01-01,1.0,0.666667,0.0,0
a2fdc044-010f-4317-97d2-a1c67e978543,c2e49f7a-cd6f-48ca-8596-b03614ea4fe8,2,0.122222,2008-01-01,2008-01-01,1.0,0.666667,0.0,0
c2e49f7a-cd6f-48ca-8596-b03614ea4fe8,d174f580-15bb-49d1-b9d9-086954a71877,1,0.1,2008-01-01,2008-01-01,1.0,1.0,0.0,0
c2e49f7a-cd6f-48ca-8596-b03614ea4fe8,e0e1db18-f7ba-4dee-95ff-7ae8cf545460,2,0.122222,2008-01-01,2008-01-01,1.0,0.25,0.0,1
0627192d-4fed-4f4b-bad8-383bb42fa8fa,164f0d73-1234-4e2c-8743-d77bf2191051,1,0.022222,2008-01-01,2008-01-01,1.0,0.333333,0.0,1
0627192d-4fed-4f4b-bad8-383bb42fa8fa,1bb57242-64b9-4097-b134-89d87d741d6e,1,0.022222,2008-01-01,2008-01-01,1.0,1.0,0.0,0
0627192d-4fed-4f4b-bad8-383bb42fa8fa,64b15912-5f96-45cb-9514-3943d1b0f220,1,0.022222,2008-01-01,2008-01-01,1.0,0.5,0.0,0
0627192d-4fed-4f4b-bad8-383bb42fa8fa,a2fdc044-010f-4317-97d2-a1c67e978543,1,0.022222,2008-01-01,2008-01-01,1.0,0.333333,0.0,1
0627192d-4fed-4f4b-bad8-383bb42fa8fa,a42fdc0b-09bc-4a6d-8ae6-db454bf0803a,1,0.022222,2008-01-01,2008-01-01,1.0,1.0,0.0,0
0627192d-4fed-4f4b-bad8-383bb42fa8fa,c2e49f7a-cd6f-48ca-8596-b03614ea4fe8,1,0.022222,2008-01-01,2008-01-01,1.0,0.5,0.0,0
0627192d-4fed-4f4b-bad8-383bb42fa8fa,ce55e49a-32f4-4757-9849-bf04d06d5fcc,1,0.022222,2008-01-01,2008-01-01,1.0,0.5,0.0,0
0627192d-4fed-4f4b-bad8-383bb42fa8fa,dcad99e7-3c3e-4c78-bf8a-68203e17da48,1,0.022222,2008-01-01,2008-01-01,1.0,0.5,0.0,0
0627192d-4fed-4f4b-bad8-383bb42fa8fa,e0e1db18-f7ba-4dee-95ff-7ae8cf545460,1,0.022222,2008-01-01,2008-01-01,1.0,0.125,0.0,1
164f0d73-1234-4e2c-8743-d77bf2191051,1bb57242-64b9-4097-b134-89d87d741d6e,1,0.022222,2008-01-01,2008-01-01,1.0,0.333333,0.0,1
164f0d73-1234-4e2c-8743-d77bf2191051,a42fdc0b-09bc-4a6d-8ae6-db454bf0803a,1,0.022222,2008-01-01,2008-01-01,1.0,0.333333,0.0,1
164f0d73-1234-4e2c-8743-d77bf2191051,ce55e49a-32f4-4757-9849-bf04d06d5fcc,1,0.022222,2008-01-01,2008-01-01,1.0,0.666667,0.0,0
164f0d73-1234-4e2c-8743-d77bf2191051,dcad99e7-3c3e-4c78-bf8a-68203e17da48,1,0.022222,2008-01-01,2008-01-01,1.0,0.666667,0.0,0
1bb57242-64b9-4097-b134-89d87d741d6e,64b15912-5f96-45cb-9514-3943d1b0f220,1,0.022222,2008-01-01,2008-01-01,1.0,0.5,0.0,0
1bb57242-64b9-4097-b134-89d87d741d6e,a2fdc044-010f-4317-97d2-a1c67e978543,1,0.022222,2008-01-01,2008-01-01,1.0,0.333333,0.0,1
1bb57242-64b9-4097-b134-89d87d741d6e,a42fdc0b-09bc-4a6d-8ae6-db454bf0803a,1,0.022222,2008-01-01,2008-01-01,1.0,1.0,0.0,0
1bb57242-64b9-4097-b134-89d87d741d6e,c2e49f7a-cd6f-48ca-8596-b03614ea4fe8,1,0.022222,2008-01-01,2008-01-01,1.0,0.5,0.0,0
1bb57242-64b9-4097-b134-89d87d741d6e,ce55e49a-32f4-4757-9849-bf04d06d5fcc,1,0.022222,2008-01-01,2008-01-01,1.0,0.5,0.0,0
1bb57242-64b9-4097-b134-89d87d741d6e,dcad99e7-3c3e-4c78-bf8a-68203e17da48,1,0.022222,2008-01-01,2008-01-01,1.0,0.5,0.0,0
1bb57242-64b9-4097-b134-89d87d741d6e,e0e1db18-f7ba-4dee-95ff-7ae8cf545460,1,0.022222,2008-01-01,2008-01-01,1.0,0.125,0.0,1
64b15912-5f96-45cb-9514-3943d1b0f220,a2fdc044-010f-4317-97d2-a1c67e978543,1,0.022222,2008-01-01,2008-01-01,1.0,0.666667,0.0,0
64b15912-5f96-45cb-9514-3943d1b0f220,a42fdc0b-09bc-4a6d-8ae6-db454bf0803a,1,0.022222,2008-01-01,2008-01-01,1.0,0.5,0.0,0
64b15912-5f96-45cb-9514-3943d1b0f220,c2e49f7a-cd6f-48ca-8596-b03614ea4fe8,1,0.022222,2008-01-01,2008-01-01,1.0,0.333333,0.0,1
64b15912-5f96-45cb-9514-3943d1b0f220,ce55e49a-32f4-4757-9849-bf04d06d5fcc,1,0.022222,2008-01-01,2008-01-01,1.0,0.333333,0.0,1
64b15912-5f96-45cb-9514-3943d1b0f220,dcad99e7-3c3e-4c78-bf8a-68203e17da48,1,0.022222,2008-01-01,2008-01-01,1.0,0.333333,0.0,1
a2fdc044-010f-4317-97d2-a1c67e978543,a42fdc0b-09bc-4a6d-8ae6-db454bf0803a,1,0.022222,2008-01-01,2008-01-01,1.0,0.333333,0.0,1
a2fdc044-010f-4317-97d2-a1c67e978543,ce55e49a-32f4-4757-9849-bf04d06d5fcc,1,0.022222,2008-01-01,2008-01-01,1.0,0.666667,0.0,0
a2fdc044-010f-4317-97d2-a1c67e978543,dcad99e7-3c3e-4c78-bf8a-68203e17da48,1,0.022222,2008-01-01,2008-01-01,1.0,0.666667,0.0,0
a42fdc0b-09bc-4a6d-8ae6-db454bf0803a,c2e49f7a-cd6f-48ca-8596-b03614ea4fe8,1,0.022222,2008-01-01,2008-01-01,1.0,0.5,0.0,0
a42fdc0b-09bc-4a6d-8ae6-db454bf0803a,ce55e49a-32f4-4757-9849-bf04d06d5fcc,1,0.022222,2008-01-01,2008-01-01,1.0,0.5,0.0,0
a42fdc0b-09bc-4a6d-8ae6-db454bf0803a,dcad99e7-3c3e-4c78-bf8a-68203e17da48,1,0.022222,2008-01-01,2008-01-01,1.0,0.5,0.0,0
a42fdc0b-09bc-4a6d-8ae6-db454bf0803a,e0e1db18-f7ba-4dee-95ff-7ae8cf545460,1,0.022222,2008-01-01,2008-01-01,1.0,0.125,0.0,1
c2e49f7a-cd6f-48ca-8596-b03614ea4fe8,ce55e49a-32f4-4757-9849-bf04d06d5fcc,1,0.022222,2008-01-01,2008-01-01,1.0,1.0,0.0,0
c2e49f7a-cd6f-48ca-8596-b03614ea4fe8,dcad99e7-3c3e-4c78-bf8a-68203e17da48,1,0.022222,2008-01-01,2008-01-01,1.0,1.0,0.0,0
ce55e49a-32f4-4757-9849-bf04d06d5fcc,dcad99e7-3c3e-4c78-bf8a-68203e17da48,1,0.022222,2008-01-01,2008-01-01,1.0,1.0,0.0,0
ce55e49a-32f4-4757-9849-bf04d06d5fcc,e0e1db18-f7ba-4dee-95ff-7ae8cf545460,1,0.022222,2008-01-01,2008-01-01,1.0,0.25,0.0,1
dcad99e7-3c3e-4c78-bf8a-68203e17da48,e0e1db18-f7ba-4dee-95ff-7ae8cf545460,1,0.022222,2008-01-01,2008-01-01,1.0,0.25,0.0,1
1325f8d5-ab22-4dc9-8fdc-f7fa6695c493,1c46e82f-4764-4d82-a33b-5d5aee5e2881,1,0.1,2009-01-01,2009-01-01,1.0,1.0,0.0,0
1325f8d5-ab22-4dc9-8fdc-f7fa6695c493,a813f779-77e2-42a8-a34a-cbd581fc0313,1,0.1,2009-01-01,2009-01-01,1.0,1.0,0.0,0
1325f8d5-ab22-4dc9-8fdc-f7fa6695c493,d574c9bd-46f6-440a-8d6a-8412a283eeb1,1,0.1,2009-01-01,2009-01-01,1.0,0.066667,0.0,1
1325f8d5-ab22-4dc9-8fdc-f7fa6695c493,e0e1db18-f7ba-4dee-95ff-7ae8cf545460,1,0.1,2009-01-01,2009-01-01,1.0,0.125,0.0,1
1c46e82f-4764-4d82-a33b-5d5aee5e2881,a813f779-77e2-42a8-a34a-cbd581fc0313,1,0.1,2009-01-01,2009-01-01,1.0,1.0,0.0,0
1c46e82f-4764-4d82-a33b-5d5aee5e2881,d574c9bd-46f6-440a-8d6a-8412a283eeb1,1,0.1,2009-01-01,2009-01-01,1.0,0.066667,0.0,1
1c46e82f-4764-4d82-a33b-5d5aee5e2881,e0e1db18-f7ba-4dee-95ff-7ae8cf545460,1,0.1,2009-01-01,2009-01-01,1.0,0.125,0.0,1
a813f779-77e2-42a8-a34a-cbd581fc0313,d574c9bd-46f6-440a-8d6a-8412a283eeb1,1,0.1,2009-01-01,2009-01-01,1.0,0.066667,0.0,1
a813f779-77e2-42a8-a34a-cbd581fc0313,e0e1db18-f7ba-4dee-95ff-7ae8cf545460,1,0.1,2009-01-01,2009-01-01,1.0,0.125,0.0,1
d574c9bd-46f6-440a-8d6a-8412a283eeb1,e0e1db18-f7ba-4dee-95ff-7ae8cf545460,1,0.1,2009-01-01,2009-01-01,1.0,0.533333,0.0,0
02452937-d06b-4e9f-966d-8477bae38ddc,b7f2cca2-72c6-41fb-ae33-53370fc62fe7,1,1.0,1977-01-01,1977-01-01,1.0,0.454545,0.0,1
302bd7b9-d012-4360-897a-93b00c855680,5441c29d-3602-4898-b1a1-b77fa23b8e50,1,0.333333,1977-01-01,1977-01-01,0.39685,0.578947,0.0,0
302bd7b9-d012-4360-897a-93b00c855680,ff95eb47-41c4-4f7f-a104-cdc30f02e872,1,0.333333,1977-01-01,1977-01-01,0.000194,0.071429,0.0,1
5441c29d-3602-4898-b1a1-b77fa23b8e50,ff95eb47-41c4-4f7f-a104-cdc30f02e872,1,0.333333,1977-01-01,1977-01-01,0.39685,0.0625,0.0,1
0b323c4b-1258-4775-a8e2-ee71f4bf9a45,1036b808-f58c-4a3e-b461-a2c4492ecf1b,1,0.1,2010-01-01,2010-01-01,1.0,0.1,0.0,1
0b323c4b-1258-4775-a8e2-ee71f4bf9a45,7df4c4de-3181-4a69-bd36-9d663970cebb,1,0.1,2010-01-01,2010-01-01,1.0,0.125,0.0,1
0b323c4b-1258-4775-a8e2-ee71f4bf9a45,a6f55513-0dd9-4295-a40f-9c1b6a604654,1,0.1,2010-01-01,2010-01-01,1.0,1.0,0.0,0
0b323c4b-1258-4775-a8e2-ee71f4bf9a45,b1ca2b8e-53b8-4c94-a213-8c9456d49873,1,0.1,2010-01-01,2010-01-01,1.0,1.0,0.0,0
1036b808-f58c-4a3e-b461-a2c4492ecf1b,7df4c4de-3181-4a69-bd36-9d663970cebb,1,0.1,2010-01-01,2010-01-01,1.0,0.285714,0.0,1
1036b808-f58c-4a3e-b461-a2c4492ecf1b,a6f55513-0dd9-4295-a40f-9c1b6a604654,1,0.1,2010-01-01,2010-01-01,1.0,0.1,0.0,1
1036b808-f58c-4a3e-b461-a2c4492ecf1b,b1ca2b8e-53b8-4c94-a213-8c9456d49873,1,0.1,2010-01-01,2010-01-01,1.0,0.1,0.0,1
7df4c4de-3181-4a69-bd36-9d663970cebb,a6f55513-0dd9-4295-a40f-9c1b6a604654,1,0.1,2010-01-01,2010-01-01,1.0,0.125,0.0,1
7df4c4de-3181-4a69-bd36-9d663970cebb,b1ca2b8e-53b8-4c94-a213-8c9456d49873,1,0.1,2010-01-01,2010-01-01,1.0,0.125,0.0,1
a6f55513-0dd9-4295-a40f-9c1b6a604654,b1ca2b8e-53b8-4c94-a213-8c9456d49873,1,0.1,2010-01-01,2010-01-01,1.0,1.0,0.0,0
0351a187-ef26-474a-a090-4e9f0fb1f84f,201412c6-7ced-472b-87a9-9259ec3c07d3,1,0.1,2019-03-08,2019-03-08,1.0,0.5,0.0,0
0351a187-ef26-474a-a090-4e9f0fb1f84f,48f06c6d-088f-40f8-b954-bbf9b884839b,1,0.1,2019-03-08,2019-03-08,1.0,1.0,0.0,0
0351a187-ef26-474a-a090-4e9f0fb1f84f,4e4ebde4-0c56-4dec-844b-6c73adcdd92d,1,0.1,2019-03-08,2019-03-08,1.0,0.142857,0.0,1
0351a187-ef26-474a-a090-4e9f0fb1f84f,c9900c10-fe1d-497e-9484-60c03e756992,1,0.1,2019-03-08,2019-03-08,1.0,1.0,0.0,0
201412c6-7ced-472b-87a9-9259ec3c07d3,48f06c6d-088f-40f8-b954-bbf9b884839b,1,0.1,2019-03-08,2019-03-08,1.0,0.5,0.0,0
201412c6-7ced-472b-87a9-9259ec3c07d3,4e4ebde4-0c56-4dec-844b-6c73adcdd92d,1,0.1,2019-03-08,2019-03-08,1.0,0.285714,0.0,1
201412c6-7ced-472b-87a9-9259ec3c07d3,c9900c10-fe1d-497e-9484-60c03e756992,1,0.1,2019-03-08,2019-03-08,1.0,0.5,0.0,0
48f06c6d-088f-40f8-b954-bbf9b884839b,4e4ebde4-0c56-4dec-844b-6c73adcdd92d,1,0.1,2019-03-08,2019-03-08,1.0,0.142857,0.0,1
48f06c6d-088f-40f8-b954-bbf9b884839b,c9900c10-fe1d-497e-9484-60c03e756992,1,0.1,2019-03-08,2019-03-08,1.0,1.0,0.0,0
4e4ebde4-0c56-4dec-844b-6c73adcdd92d,c9900c10-fe1d-497e-9484-60c03e756992,1,0.1,2019-03-08,2019-03-08,1.0,0.142857,0.0,1
0f50beab-d77d-4f0f-ac26-0b87d3e9b11b,1dce970e-34bc-48b2-ab51-48d87544a4c2,3,0.6,1973-01-01,1979-01-01,1.0,0.333333,1.0,0
0f50beab-d77d-4f0f-ac26-0b87d3e9b11b,6f7e36da-79d8-4219-990d-8e9224d04ebc,3,0.366667,1967-01-01,1973-01-01,1.0,0.666667,0.0,0
0f50beab-d77d-4f0f-ac26-0b87d3e9b11b,95e1ead9-4d31-4808-a7ac-32c3614c116b,1,0.1,1973-01-01,1973-01-01,1.0,0.142857,0.0,1
0f50beab-d77d-4f0f-ac26-0b87d3e9b11b,d6c37074-0155-46a3-8af2-338a4f625afc,2,0.2,1967-01-01,1973-01-01,1.0,0.333333,0.0,1
1dce970e-34bc-48b2-ab51-48d87544a4c2,6f7e36da-79d8-4219-990d-8e9224d04ebc,2,0.266667,1973-01-01,1973-01-01,1.0,0.5,0.0,0
1dce970e-34bc-48b2-ab51-48d87544a4c2,95e1ead9-4d31-4808-a7ac-32c3614c116b,1,0.1,1973-01-01,1973-01-01,1.0,0.2,0.0,1
1dce970e-34bc-48b2-ab51-48d87544a4c2,d6c37074-0155-46a3-8af2-338a4f625afc,1,0.1,1973-01-01,1973-01-01,1.0,1.0,0.0,0
6f7e36da-79d8-4219-990d-8e9224d04ebc,95e1ead9-4d31-4808-a7ac-32c3614c116b,1,0.1,1973-01-01,1973-01-01,1.0,0.166667,0.0,1
6f7e36da-79d8-4219-990d-8e9224d04ebc,d6c37074-0155-46a3-8af2-338a4f625afc,2,0.2,1967-01-01,1973-01-01,1.0,0.5,0.0,0
95e1ead9-4d31-4808-a7ac-32c3614c116b,d6c37074-0155-46a3-8af2-338a4f625afc,1,0.1,1973-01-01,1973-01-01,1.0,0.2,0.0,1
37b2cb82-ef79-4d46-a184-a549450aa231,3e7bcc53-53d4-41d8-afbc-69f82b858fd9,1,0.047619,2017-09-15,2017-09-15,1.0,0.142857,0.0,1
37b2cb82-ef79-4d46-a184-a549450aa231,9757ae7d-44b1-4d63-81ce-b463fe27b9ae,1,0.047619,2017-09-15,2017-09-15,1.0,0.571429,0.0,0
37b2cb82-ef79-4d46-a184-a549450aa231,b1e26560-60e5-4236-bbdb-9aa5a8d5ee19,1,0.047619,2017-09-15,2017-09-15,0.746581,0.555556,0.0,0
37b2cb82-ef79-4d46-a184-a549450aa231,bea9772b-b952-411f-9499-6d834735cf75,1,0.047619,2017-09-15,2017-09-15,1.0,0.142857,0.0,1
37b2cb82-ef79-4d46-a184-a549450aa231,c0367e31-dc3a-4f5e-9d24-0e3af39a8704,1,0.047619,2017-09-15,2017-09-15,0.746581,0.142857,0.0,1
37b2cb82-ef79-4d46-a184-a549450aa231,f2651b63-a44d-4d1d-ba64-d981d971ecd1,1,0.047619,2017-09-15,2017-09-15,0.875604,0.428571,0.0,1
3e7bcc53-53d4-41d8-afbc-69f82b858fd9,9757ae7d-44b1-4d63-81ce-b463fe27b9ae,1,0.047619,2017-09-15,2017-09-15,1.0,0.25,0.0,1
3e7bcc53-53d4-41d8-afbc-69f82b858fd9,b1e26560-60e5-4236-bbdb-9aa5a8d5ee19,1,0.047619,2017-09-15,2017-09-15,1.0,0.142857,0.0,1
3e7bcc53-53d4-41d8-afbc-69f82b858fd9,bea9772b-b952-411f-9499-6d834735cf75,1,0.047619,2017-09-15,2017-09-15,1.0,1.0,0.0,0
3e7bcc53-53d4-41d8-afbc-69f82b858fd9,c0367e31-dc3a-4f5e-9d24-0e3af39a8704,1,0.047619,2017-09-15,2017-09-15,1.0,1.0,0.0,0
3e7bcc53-53d4-41d8-afbc-69f82b858fd9,f2651b63-a44d-4d1d-ba64-d981d971ecd1,1,0.047619,2017-09-15,2017-09-15,1.0,0.333333,0.0,1
9757ae7d-44b1-4d63-81ce-b463fe27b9ae,b1e26560-60e5-4236-bbdb-9aa5a8d5ee19,1,0.047619,2017-09-15,2017-09-15,1.0,0.571429,0.0,0
9757ae7d-44b1-4d63-81ce-b463fe27b9ae,bea9772b-b952-411f-9499-6d834735cf75,1,0.047619,2017-09-15,2017-09-15,1.0,0.25,0.0,1
9757ae7d-44b1-4d63-81ce-b463fe27b9ae,c0367e31-dc3a-4f5e-9d24-0e3af39a8704,1,0.047619,2017-09-15,2017-09-15,1.0,0.25,0.0,1
9757ae7d-44b1-4d63-81ce-b463fe27b9ae,f2651b63-a44d-4d1d-ba64-d981d971ecd1,1,0.047619,2017-09-15,2017-09-15,1.0,0.4,0.0,1
b1e26560-60e5-4236-bbdb-9aa5a8d5ee19,bea9772b-b952-411f-9499-6d834735cf75,1,0.047619,2017-09-15,2017-09-15,1.0,0.142857,0.0,1
b1e26560-60e5-4236-bbdb-9aa5a8d5ee19,c0367e31-dc3a-4f5e-9d24-0e3af39a8704,3,0.247619,2017-09-15,2018-12-24,1.0,0.142857,0.0,1
b1e26560-60e5-4236-bbdb-9aa5a8d5ee19,f2651b63-a44d-4d1d-ba64-d981d971ecd1,1,0.047619,2017-09-15,2017-09-15,0.875604,0.25,0.0,1
bea9772b-b952-411f-9499-6d834735cf75,c0367e31-dc3a-4f5e-9d24-0e3af39a8704,1,0.047619,2017-09-15,2017-09-15,1.0,1.0,0.0,0
bea9772b-b952-411f-9499-6d834735cf75,f2651b63-a44d-4d1d-ba64-d981d971ecd1,1,0.047619,2017-09-15,2017-09-15,1.0,0.333333,0.0,1
c0367e31-dc3a-4f5e-9d24-0e3af39a8704,f2651b63-a44d-4d1d-ba64-d981d971ecd1,1,0.047619,2017-09-15,2017-09-15,0.875604,0.333333,0.0,1
2f3c4d70-0462-40da-bba3-0aec5772c556,37b2cb82-ef79-4d46-a184-a549450aa231,1,0.047619,2017-12-22,2017-12-22,0.993694,0.714286,0.333333,0
2f3c4d70-0462-40da-bba3-0aec5772c556,5a8eae6c-def4-4572-9269-8c84ccdb3fc7,1,0.047619,2017-12-22,2017-12-22,1.0,0.2,0.333333,1
2f3c4d70-0462-40da-bba3-0aec5772c556,ae44193e-8d3c-4f12-81df-c686ecec6c73,1,0.047619,2017-12-22,2017-12-22,1.0,0.2,0.333333,1
2f3c4d70-0462-40da-bba3-0aec5772c556,c1493030-c329-47eb-ac7c-4250aacb1e4c,1,0.047619,2017-12-22,2017-12-22,1.0,0.2,0.333333,1
2f3c4d70-0462-40da-bba3-0aec5772c556,f99b7df3-2df2-45d0-9e99-c5f4623b7dcc,1,0.047619,2017-12-22,2017-12-22,0.993694,0.2,0.285714,1
2f3c4d70-0462-40da-bba3-0aec5772c556,fa600a45-e948-4964-9937-dff430a51738,1,0.047619,2017-12-22,2017-12-22,1.0,0.2,0.333333,1
37b2cb82-ef79-4d46-a184-a549450aa231,5a8eae6c-def4-4572-9269-8c84ccdb3fc7,1,0.047619,2017-12-22,2017-12-22,1.0,0.142857,1.0,0
37b2cb82-ef79-4d46-a184-a549450aa231,ae44193e-8d3c-4f12-81df-c686ecec6c73,1,0.047619,2017-12-22,2017-12-22,1.0,0.142857,1.0,0
37b2cb82-ef79-4d46-a184-a549450aa231,c1493030-c329-47eb-ac7c-4250aacb1e4c,1,0.047619,2017-12-22,2017-12-22,1.0,0.142857,1.0,0
37b2cb82-ef79-4d46-a184-a549450aa231,f99b7df3-2df2-45d0-9e99-c5f4623b7dcc,1,0.047619,2017-12-22,2017-12-22,0.794328,0.142857,0.666667,0
37b2cb82-ef79-4d46-a184-a549450aa231,fa600a45-e948-4964-9937-dff430a51738,1,0.047619,2017-12-22,2017-12-22,1.0,0.142857,1.0,0
5a8eae6c-def4-4572-9269-8c84ccdb3fc7,ae44193e-8d3c-4f12-81df-c686ecec6c73,1,0.047619,2017-12-22,2017-12-22,1.0,1.0,1.0,0
5a8eae6c-def4-4572-9269-8c84ccdb3fc7,c1493030-c329-47eb-ac7c-4250aacb1e4c,1,0.047619,2017-12-22,2017-12-22,1.0,1.0,1.0,0
5a8eae6c-def4-4572-9269-8c84ccdb3fc7,f99b7df3-2df2-45d0-9e99-c5f4623b7dcc,1,0.047619,2017-12-22,2017-12-22,1.0,1.0,0.666667,0
5a8eae6c-def4-4572-9269-8c84ccdb3fc7,fa600a45-e948-4964-9937-dff430a51738,1,0.047619,2017-12-22,2017-12-22,1.0,1.0,1.0,0
ae44193e-8d3c-4f12-81df-c686ecec6c73,c1493030-c329-47eb-ac7c-4250aacb1e4c,1,0.047619,2017-12-22,2017-12-22,1.0,1.0,1.0,0
ae44193e-8d3c-4f12-81df-c686ecec6c73,f99b7df3-2df2-45d0-9e99-c5f4623b7dcc,1,0.047619,2017-12-22,2017-12-22,1.0,1.0,0.666667,0
ae44193e-8d3c-4f12-81df-c686ecec6c73,fa600a45-e948-4964-9937-dff430a51738,1,0.047619,2017-12-22,2017-12-22,1.0,1.0,1.0,0
c1493030-c329-47eb-ac7c-4250aacb1e4c,f99b7df3-2df2-45d0-9e99-c5f4623b7dcc,1,0.047619,2017-12-22,2017-12-22,1.0,1.0,0.666667,0
c1493030-c329-47eb-ac7c-4250aacb1e4c,fa600a45-e948-4964-9937-dff430a51738,1,0.047619,2017-12-22,2017-12-22,1.0,1.0,1.0,0
f99b7df3-2df2-45d0-9e99-c5f4623b7dcc,fa600a45-e948-4964-9937-dff430a51738,1,0.047619,2017-12-22,2017-12-22,1.0,1.0,0.666667,0
164f0d73-1234-4e2c-8743-d77bf2191051,37b2cb82-ef79-4d46-a184-a549450aa231,1,0.047619,2018-01-26,2018-01-26,0.812111,0.428571,0.0,1
164f0d73-1234-4e2c-8743-d77bf2191051,6143403a-df6c-429e-8ee6-ef869896b0da,1,0.047619,2018-01-26,2018-01-26,0.642233,0.428571,0.0,1
164f0d73-1234-4e2c-8743-d77bf2191051,70f5bb6e-9b87-4500-9c9f-2e1d373d07da,1,0.047619,2018-01-26,2018-01-26,1.0,0.333333,0.0,1
164f0d73-1234-4e2c-8743-d77bf2191051,829d89b2-6fc2-431b-82ce-ba2a5eaeccfa,1,0.047619,2018-01-26,2018-01-26,1.0,0.333333,0.0,1
164f0d73-1234-4e2c-8743-d77bf2191051,92631c53-91ed-48f5-a09d-a104ba69cdc7,1,0.047619,2018-01-26,2018-01-26,0.642233,0.333333,0.0,1
164f0d73-1234-4e2c-8743-d77bf2191051,af569f23-7661-4bd5-bc00-6280e4799546,1,0.047619,2018-01-26,2018-01-26,1.0,0.333333,0.0,1
37b2cb82-ef79-4d46-a184-a549450aa231,6143403a-df6c-429e-8ee6-ef869896b0da,1,0.047619,2018-01-26,2018-01-26,0.812111,0.75,1.0,0
37b2cb82-ef79-4d46-a184-a549450aa231,70f5bb6e-9b87-4500-9c9f-2e1d373d07da,1,0.047619,2018-01-26,2018-01-26,1.0,0.142857,1.0,0
37b2cb82-ef79-4d46-a184-a549450aa231,829d89b2-6fc2-431b-82ce-ba2a5eaeccfa,1,0.047619,2018-01-26,2018-01-26,1.0,0.142857,0.0,1
37b2cb82-ef79-4d46-a184-a549450aa231,92631c53-91ed-48f5-a09d-a104ba69cdc7,1,0.047619,2018-01-26,2018-01-26,0.812111,0.142857,1.0,0
37b2cb82-ef79-4d46-a184-a549450aa231,af569f23-7661-4bd5-bc00-6280e4799546,1,0.047619,2018-01-26,2018-01-26,1.0,0.142857,0.0,1
6143403a-df6c-429e-8ee6-ef869896b0da,70f5bb6e-9b87-4500-9c9f-2e1d373d07da,2,0.083333,2017-10-29,2018-01-26,1.0,0.142857,1.0,0
6143403a-df6c-429e-8ee6-ef869896b0da,829d89b2-6fc2-431b-82ce-ba2a5eaeccfa,1,0.047619,2018-01-26,2018-01-26,1.0,0.142857,0.0,1
6143403a-df6c-429e-8ee6-ef869896b0da,af569f23-7661-4bd5-bc00-6280e4799546,1,0.047619,2018-01-26,2018-01-26,1.0,0.142857,0.0,1
70f5bb6e-9b87-4500-9c9f-2e1d373d07da,829d89b2-6fc2-431b-82ce-ba2a5eaeccfa,1,0.047619,2018-01-26,2018-01-26,1.0,1.0,0.0,0
70f5bb6e-9b87-4500-9c9f-2e1d373d07da,92631c53-91ed-48f5-a09d-a104ba69cdc7,2,0.083333,2017-10-29,2018-01-26,1.0,1.0,1.0,0
70f5bb6e-9b87-4500-9c9f-2e1d373d07da,af569f23-7661-4bd5-bc00-6280e4799546,1,0.047619,2018-01-26,2018-01-26,1.0,1.0,0.0,0
829d89b2-6fc2-431b-82ce-ba2a5eaeccfa,92631c53-91ed-48f5-a09d-a104ba69cdc7,1,0.047619,2018-01-26,2018-01-26,1.0,1.0,0.0,0
829d89b2-6fc2-431b-82ce-ba2a5eaeccfa,af569f23-7661-4bd5-bc00-6280e4799546,1,0.047619,2018-01-26,2018-01-26,1.0,1.0,0.0,0
92631c53-91ed-48f5-a09d-a104ba69cdc7,af569f23-7661-4bd5-bc00-6280e4799546,1,0.047619,2018-01-26,2018-01-26,1.0,1.0,0.0,0
2a11b7c9-12d6-495d-a577-7412dd1f7aca,37b2cb82-ef79-4d46-a184-a549450aa231,1,0.035714,2018-08-03,2018-08-03,0.915247,0.142857,1.0,0
2a11b7c9-12d6-495d-a577-7412dd1f7aca,56ed6291-5643-41ab-8023-ab6df6b976c0,1,0.035714,2018-08-03,2018-08-03,1.0,1.0,0.0,0
2a11b7c9-12d6-495d-a577-7412dd1f7aca,73e36439-1e9a-4925-bf2c-1d7f7885fbb0,1,0.035714,2018-08-03,2018-08-03,0.810571,1.0,0.111111,0
2a11b7c9-12d6-495d-a577-7412dd1f7aca,99d40e84-b385-4185-a309-7c5d29b9c612,1,0.035714,2018-08-03,2018-08-03,1.0,1.0,1.0,0
2a11b7c9-12d6-495d-a577-7412dd1f7aca,e4a51f17-a57b-47b1-b37b-f552d0f8e9e6,1,0.035714,2018-08-03,2018-08-03,0.810571,1.0,0.0,0
2a11b7c9-12d6-495d-a577-7412dd1f7aca,ec7ad706-7212-43cb-8415-197780b322a5,1,0.035714,2018-08-03,2018-08-03,1.0,1.0,0.0,0
37b2cb82-ef79-4d46-a184-a549450aa231,56ed6291-5643-41ab-8023-ab6df6b976c0,1,0.035714,2018-08-03,2018-08-03,1.0,0.142857,0.0,1
37b2cb82-ef79-4d46-a184-a549450aa231,73e36439-1e9a-4925-bf2c-1d7f7885fbb0,1,0.035714,2018-08-03,2018-08-03,0.915247,0.142857,0.111111,1
37b2cb82-ef79-4d46-a184-a549450aa231,99d40e84-b385-4185-a309-7c5d29b9c612,1,0.035714,2018-08-03,2018-08-03,1.0,0.142857,1.0,0
37b2cb82-ef79-4d46-a184-a549450aa231,ba991ec6-049b-479f-9020-be2a84dc1473,1,0.035714,2018-08-03,2018-08-03,0.915247,0.142857,1.0,0
37b2cb82-ef79-4d46-a184-a549450aa231,e4a51f17-a57b-47b1-b37b-f552d0f8e9e6,2,0.135714,2018-08-03,2018-11-02,0.969479,0.142857,0.0,1
37b2cb82-ef79-4d46-a184-a549450aa231,ec7ad706-7212-43cb-8415-197780b322a5,1,0.035714,2018-08-03,2018-08-03,1.0,0.142857,0.0,1
56ed6291-5643-41ab-8023-ab6df6b976c0,73e36439-1e9a-4925-bf2c-1d7f7885fbb0,1,0.035714,2018-08-03,2018-08-03,1.0,1.0,0.0,0
56ed6291-5643-41ab-8023-ab6df6b976c0,99d40e84-b385-4185-a309-7c5d29b9c612,1,0.035714,2018-08-03,2018-08-03,1.0,1.0,0.0,0
56ed6291-5643-41ab-8023-ab6df6b976c0,ba991ec6-049b-479f-9020-be2a84dc1473,1,0.035714,2018-08-03,2018-08-03,1.0,1.0,0.0,0
56ed6291-5643-41ab-8023-ab6df6b976c0,e4a51f17-a57b-47b1-b37b-f552d0f8e9e6,1,0.035714,2018-08-03,2018-08-03,1.0,1.0,0.0,0
56ed6291-5643-41ab-8023-ab6df6b976c0,ec7ad706-7212-43cb-8415-197780b322a5,1,0.035714,2018-08-03,2018-08-03,1.0,1.0,0.0,0
73e36439-1e9a-4925-bf2c-1d7f7885fbb0,99d40e84-b385-4185-a309-7c5d29b9c612,1,0.035714,2018-08-03,2018-08-03,1.0,1.0,0.111111,0
73e36439-1e9a-4925-bf2c-1d7f7885fbb0,ba991ec6-049b-479f-9020-be2a84dc1473,1,0.035714,2018-08-03,2018-08-03,0.810571,1.0,0.111111,0
73e36439-1e9a-4925-bf2c-1d7f7885fbb0,ec7ad706-7212-43cb-8415-197780b322a5,1,0.035714,2018-08-03,2018-08-03,1.0,1.0,0.0,0
99d40e84-b385-4185-a309-7c5d29b9c612,ba991ec6-049b-479f-9020-be2a84dc1473,1,0.035714,2018-08-03,2018-08-03,1.0,1.0,1.0,0
99d40e84-b385-4185-a309-7c5d29b9c612,e4a51f17-a57b-47b1-b37b-f552d0f8e9e6,1,0.035714,2018-08-03,2018-08-03,1.0,1.0,0.0,0
99d40e84-b385-4185-a309-7c5d29b9c612,ec7ad706-7212-43cb-8415-197780b322a5,3,0.111111,2016-01-01,2018-08-03,1.0,1.0,0.0,0
ba991ec6-049b-479f-9020-be2a84dc1473,e4a51f17-a57b-47b1-b37b-f552d0f8e9e6,1,0.035714,2018-08-03,2018-08-03,0.810571,1.0,0.0,0
ba991ec6-049b-479f-9020-be2a84dc1473,ec7ad706-7212-43cb-8415-197780b322a5,1,0.035714,2018-08-03,2018-08-03,1.0,1.0,0.0,0
e4a51f17-a57b-47b1-b37b-f552d0f8e9e6,ec7ad706-7212-43cb-8415-197780b322a5,1,0.035714,2018-08-03,2018-08-03,1.0,1.0,0.0,0
37b2cb82-ef79-4d46-a184-a549450aa231,59db3d82-86ea-451f-881f-dffc8ec387c9,2,0.433333,2018-11-02,2018-11-02,1.0,0.6,0.0,0
37b2cb82-ef79-4d46-a184-a549450aa231,e5d70460-7057-4cbe-9c07-11ca2dac975c,1,0.333333,2018-11-02,2018-11-02,0.983065,0.142857,0.0,1
59db3d82-86ea-451f-881f-dffc8ec387c9,e5d70460-7057-4cbe-9c07-11ca2dac975c,1,0.333333,2018-11-02,2018-11-02,1.0,0.111111,0.0,1
3d3a797a-4902-45eb-b763-7e2dcbd1fe9c,5441c29d-3602-4898-b1a1-b77fa23b8e50,1,0.166667,1977-01-01,1977-01-01,1.0,0.0625,0.0,1
3d3a797a-4902-45eb-b763-7e2dcbd1fe9c,61acfedc-7a43-49bd-9474-bf96df0290b6,1,0.166667,1977-01-01,1977-01-01,1.0,1.0,0.0,0
3d3a797a-4902-45eb-b763-7e2dcbd1fe9c,f37b3f31-b1f8-4b88-8cb5-b34f709b17d7,1,0.166667,1977-01-01,1977-01-01,1.0,0.333333,0.0,1
5441c29d-3602-4898-b1a1-b77fa23b8e50,61acfedc-7a43-49bd-9474-bf96df0290b6,1,0.166667,1977-01-01,1977-01-01,1.0,0.0625,0.0,1
5441c29d-3602-4898-b1a1-b77fa23b8e50,f37b3f31-b1f8-4b88-8cb5-b34f709b17d7,3,1.5,1977-01-01,1977-01-01,1.0,0.1875,0.0,1
61acfedc-7a43-49bd-9474-bf96df0290b6,f37b3f31-b1f8-4b88-8cb5-b34f709b17d7,1,0.166667,1977-01-01,1977-01-01,1.0,0.333333,0.0,1
539a6364-1b25-4723-85fd-89fd6dfa51b9,5441c29d-3602-4898-b1a1-b77fa23b8e50,1,0.333333,1977-01-01,1977-01-01,1.0,0.0625,0.0,1
539a6364-1b25-4723-85fd-89fd6dfa51b9,f37b3f31-b1f8-4b88-8cb5-b34f709b17d7,2,0.666667,1977-01-01,1977-01-01,1.0,0.333333,1.0,0
13655113-cd16-4b43-9dca-cadbbf26ee05,9a0d0b2d-a727-44a6-a172-53766f186834,1,0.333333,1972-01-01,1972-01-01,1.0,0.1,0.5,0
13655113-cd16-4b43-9dca-cadbbf26ee05,b83bc61f-8451-4a5d-8b8e-7e9ed295e822,1,0.333333,1972-01-01,1972-01-01,1.0,0.666667,0.4,0
0fabbc1d-8d94-4a61-bd1d-1099ad1e4559,5441c29d-3602-4898-b1a1-b77fa23b8e50,2,2.0,1975-11-01,1976-01-01,1.0,0.0625,0.0,1
65dc768c-e53c-4de3-9d21-9522f0fcea88,9e6a6a2f-f696-4cc0-87f1-e4f712e46802,1,1.0,2021-06-11,2021-06-11,1.0,0.166667,0.0,1
2a2bf494-ac80-4ac9-901f-1ef2fece51ce,3af06bc4-68ad-4cae-bb7a-7eeeb45e411f,1,0.166667,1935-01-01,1935-01-01,1.0,0.0,1.0,0
2a2bf494-ac80-4ac9-901f-1ef2fece51ce,64b94289-9474-4d43-8c93-918ccc1920d1,1,0.166667,1935-01-01,1935-01-01,1.0,0.090909,1.0,0
2a2bf494-ac80-4ac9-901f-1ef2fece51ce,e96287e1-c455-45df-8875-355432882659,1,0.166667,1935-01-01,1935-01-01,1.0,1.0,1.0,0
3af06bc4-68ad-4cae-bb7a-7eeeb45e411f,64b94289-9474-4d43-8c93-918ccc1920d1,1,0.166667,1935-01-01,1935-01-01,1.0,0.090909,1.0,0
3af06bc4-68ad-4cae-bb7a-7eeeb45e411f,e96287e1-c455-45df-8875-355432882659,1,0.166667,1935-01-01,1935-01-01,1.0,0.0,1.0,0
64b94289-9474-4d43-8c93-918ccc1920d1,e96287e1-c455-45df-8875-355432882659,1,0.166667,1935-01-01,1935-01-01,1.0,0.090909,1.0,0
bf6c29f5-b69f-4842-9031-37f9645d365d,cad43f86-226e-4e6a-84f9-3219b48ad242,1,0.166667,1967-01-01,1967-01-01,1.0,0.0,0.636364,0
bf6c29f5-b69f-4842-9031-37f9645d365d,cc2c9c3c-b7bc-4b8b-84d8-4fbd8779e493,1,0.166667,1967-01-01,1967-01-01,0.003906,0.25,0.269231,1
bf6c29f5-b69f-4842-9031-37f9645d365d,d5709a02-30e0-4967-92ba-e584d8c21c72,1,0.166667,1967-01-01,1967-01-01,1.0,0.333333,0.636364,0
cad43f86-226e-4e6a-84f9-3219b48ad242,cc2c9c3c-b7bc-4b8b-84d8-4fbd8779e493,1,0.166667,1967-01-01,1967-01-01,1.0,0.125,0.318182,1
cad43f86-226e-4e6a-84f9-3219b48ad242,d5709a02-30e0-4967-92ba-e584d8c21c72,1,0.166667,1967-01-01,1967-01-01,1.0,0.5,1.0,0
cc2c9c3c-b7bc-4b8b-84d8-4fbd8779e493,d5709a02-30e0-4967-92ba-e584d8c21c72,1,0.166667,1967-01-01,1967-01-01,1.0,0.25,0.318182,1
15e02679-7a5f-4dd2-850c-5aa6e49d0878,2610ba0c-fe94-4e04-8e15-4b29966afffc,2,0.05,1997-10-31,1999-01-01,1.0,1.0,0.0,0
15e02679-7a5f-4dd2-850c-5aa6e49d0878,294ae9b7-1ea7-431a-997f-8f28690f3c08,2,0.05,1997-10-31,1999-01-01,1.0,1.0,0.0,0
15e02679-7a5f-4dd2-850c-5aa6e49d0878,3e3f1a27-9390-4c53-819d-5a4501165f38,2,0.05,1997-10-31,1999-01-01,1.0,1.0,0.0,0
15e02679-7a5f-4dd2-850c-5aa6e49d0878,619cbce5-7bfa-4f46-b2aa-6a19c1e96d50,2,0.05,1997-10-31,1999-01-01,1.0,1.0,0.0,0
15e02679-7a5f-4dd2-850c-5aa6e49d0878,a466c2a2-6517-42fb-a160-1087c3bafd9f,2,0.05,1997-10-31,1999-01-01,1.0,0.142857,0.0,1
15e02679-7a5f-4dd2-850c-5aa6e49d0878,ba67b04a-0c85-45b0-93ee-0d0e66fc19df,2,0.05,1997-10-31,1999-01-01,1.0,1.0,0.0,0
15e02679-7a5f-4dd2-850c-5aa6e49d0878,d77458b0-f916-4c6a-b9ed-cacbd1f6c178,2,0.05,1997-10-31,1999-01-01,1.0,1.0,0.0,0
15e02679-7a5f-4dd2-850c-5aa6e49d0878,f3fc0db0-65e7-49c8-96d9-d0b7c1e23c81,2,0.05,1997-10-31,1999-01-01,1.0,1.0,0.0,0
2610ba0c-fe94-4e04-8e15-4b29966afffc,294ae9b7-1ea7-431a-997f-8f28690f3c08,2,0.05,1997-10-31,1999-01-01,1.0,1.0,0.0,0
2610ba0c-fe94-4e04-8e15-4b29966afffc,3e3f1a27-9390-4c53-819d-5a4501165f38,2,0.05,1997-10-31,1999-01-01,1.0,1.0,0.0,0
2610ba0c-fe94-4e04-8e15-4b29966afffc,619cbce5-7bfa-4f46-b2aa-6a19c1e96d50,2,0.05,1997-10-31,1999-01-01,1.0,1.0,0.0,0
2610ba0c-fe94-4e04-8e15-4b29966afffc,a466c2a2-6517-42fb-a160-1087c3bafd9f,2,0.05,1997-10-31,1999-01-01,1.0,0.142857,0.0,1
2610ba0c-fe94-4e04-8e15-4b29966afffc,ba67b04a-0c85-45b0-93ee-0d0e66fc19df,2,0.05,1997-10-31,1999-01-01,1.0,1.0,0.0,0
2610ba0c-fe94-4e04-8e15-4b29966afffc,d77458b0-f916-4c6a-b9ed-cacbd1f6c178,2,0.05,1997-10-31,1999-01-01,1.0,1.0,0.0,0
2610ba0c-fe94-4e04-8e15-4b29966afffc,f3fc0db0-65e7-49c8-96d9-d0b7c1e23c81,2,0.05,1997-10-31,1999-01-01,1.0,1.0,0.0,0
294ae9b7-1ea7-431a-997f-8f28690f3c08,3e3f1a27-9390-4c53-819d-5a4501165f38,2,0.05,1997-10-31,1999-01-01,1.0,1.0,0.0,0
294ae9b7-1ea7-431a-997f-8f28690f3c08,619cbce5-7bfa-4f46-b2aa-6a19c1e96d50,2,0.05,1997-10-31,1999-01-01,1.0,1.0,0.0,0
294ae9b7-1ea7-431a-997f-8f28690f3c08,a466c2a2-6517-42fb-a160-1087c3bafd9f,2,0.05,1997-10-31,1999-01-01,1.0,0.142857,0.0,1
294ae9b7-1ea7-431a-997f-8f28690f3c08,ba67b04a-0c85-45b0-93ee-0d0e66fc19df,2,0.05,1997-10-31,1999-01-01,1.0,1.0,0.0,0
294ae9b7-1ea7-431a-997f-8f28690f3c08,d77458b0-f916-4c6a-b9ed-cacbd1f6c178,2,0.05,1997-10-31,1999-01-01,1.0,1.0,0.0,0
294ae9b7-1ea7-431a-997f-8f28690f3c08,f3fc0db0-65e7-49c8-96d9-d0b7c1e23c81,2,0.05,1997-10-31,1999-01-01,1.0,1.0,0.0,0
3e3f1a27-9390-4c53-819d-5a4501165f38,619cbce5-7bfa-4f46-b2aa-6a19c1e96d50,2,0.05,1997-10-31,1999-01-01,1.0,1.0,0.0,0
3e3f1a27-9390-4c53-819d-5a4501165f38,a466c2a2-6517-42fb-a160-1087c3bafd9f,2,0.05,1997-10-31,1999-01-01,1.0,0.142857,0.0,1
3e3f1a27-9390-4c53-819d-5a4501165f38,ba67b04a-0c85-45b0-93ee-0d0e66fc19df,2,0.05,1997-10-31,1999-01-01,1.0,1.0,0.0,0
3e3f1a27-9390-4c53-819d-5a4501165f38,d77458b0-f916-4c6a-b9ed-cacbd1f6c178,2,0.05,1997-10-31,1999-01-01,1.0,1.0,0.0,0
3e3f1a27-9390-4c53-819d-5a4501165f38,f3fc0db0-65e7-49c8-96d9-d0b7c1e23c81,2,0.05,1997-10-31,1999-01-01,1.0,1.0,0.0,0
619cbce5-7bfa-4f46-b2aa-6a19c1e96d50,a466c2a2-6517-42fb-a160-1087c3bafd9f,2,0.05,1997-10-31,1999-01-01,1.0,0.142857,0.0,1
619cbce5-7bfa-4f46-b2aa-6a19c1e96d50,ba67b04a-0c85-45b0-93ee-0d0e66fc19df,2,0.05,1997-10-31,1999-01-01,1.0,1.0,0.0,0
619cbce5-7bfa-4f46-b2aa-6a19c1e96d50,d77458b0-f916-4c6a-b9ed-cacbd1f6c178,2,0.05,1997-10-31,1999-01-01,1.0,1.0,0.0,0
619cbce5-7bfa-4f46-b2aa-6a19c1e96d50,f3fc0db0-65e7-49c8-96d9-d0b7c1e23c81,2,0.05,1997-10-31,1999-01-01,1.0,1.0,0.0,0
a466c2a2-6517-42fb-a160-1087c3bafd9f,ba67b04a-0c85-45b0-93ee-0d0e66fc19df,2,0.05,1997-10-31,1999-01-01,1.0,0.142857,0.0,1
a466c2a2-6517-42fb-a160-1087c3bafd9f,d77458b0-f916-4c6a-b9ed-cacbd1f6c178,2,0.05,1997-10-31,1999-01-01,1.0,0.142857,0.0,1
a466c2a2-6517-42fb-a160-1087c3bafd9f,f3fc0db0-65e7-49c8-96d9-d0b7c1e23c81,2,0.05,1997-10-31,1999-01-01,1.0,0.142857,0.0,1
ba67b04a-0c85-45b0-93ee-0d0e66fc19df,d77458b0-f916-4c6a-b9ed-cacbd1f6c178,2,0.05,1997-10-31,1999-01-01,1.0,1.0,0.0,0
ba67b04a-0c85-45b0-93ee-0d0e66fc19df,f3fc0db0-65e7-49c8-96d9-d0b7c1e23c81,2,0.05,1997-10-31,1999-01-01,1.0,1.0,0.0,0
d77458b0-f916-4c6a-b9ed-cacbd1f6c178,f3fc0db0-65e7-49c8-96d9-d0b7c1e23c81,2,0.05,1997-10-31,1999-01-01,1.0,1.0,0.0,0
15e02679-7a5f-4dd2-850c-5aa6e49d0878,fe1f7d08-abbd-4fe2-91fe-fe3a803b3ac7,1,0.022222,1999-01-01,1999-01-01,1.0,1.0,0.0,0
2610ba0c-fe94-4e04-8e15-4b29966afffc,fe1f7d08-abbd-4fe2-91fe-fe3a803b3ac7,1,0.022222,1999-01-01,1999-01-01,1.0,1.0,0.0,0
294ae9b7-1ea7-431a-997f-8f28690f3c08,fe1f7d08-abbd-4fe2-91fe-fe3a803b3ac7,1,0.022222,1999-01-01,1999-01-01,1.0,1.0,0.0,0
3e3f1a27-9390-4c53-819d-5a4501165f38,fe1f7d08-abbd-4fe2-91fe-fe3a803b3ac7,1,0.022222,1999-01-01,1999-01-01,1.0,1.0,0.0,0
619cbce5-7bfa-4f46-b2aa-6a19c1e96d50,fe1f7d08-abbd-4fe2-91fe-fe3a803b3ac7,1,0.022222,1999-01-01,1999-01-01,1.0,1.0,0.0,0
a466c2a2-6517-42fb-a160-1087c3bafd9f,fe1f7d08-abbd-4fe2-91fe-fe3a803b3ac7,1,0.022222,1999-01-01,1999-01-01,1.0,0.142857,0.0,1
ba67b04a-0c85-45b0-93ee-0d0e66fc19df,fe1f7d08-abbd-4fe2-91fe-fe3a803b3ac7,1,0.022222,1999-01-01,1999-01-01,1.0,1.0,0.0,0
d77458b0-f916-4c6a-b9ed-cacbd1f6c178,fe1f7d08-abbd-4fe2-91fe-fe3a803b3ac7,1,0.022222,1999-01-01,1999-01-01,1.0,1.0,0.0,0
f3fc0db0-65e7-49c8-96d9-d0b7c1e23c81,fe1f7d08-abbd-4fe2-91fe-fe3a803b3ac7,1,0.022222,1999-01-01,1999-01-01,1.0,1.0,0.0,0
3478a5d1-bd96-4584-aa54-4d6e0a329658,70248960-cb53-4ea4-943a-edb18f7d336f,1,1.0,1984-01-01,1984-01-01,0.793324,0.8,0.818182,0
72c536dc-7137-4477-a521-567eeb840fa8,b8a7c51f-362c-4dcb-a259-bc6e0095f0a6,1,1.0,1967-01-01,1967-01-01,0.001953,0.533333,0.666667,0
3c864557-f294-4488-9ca6-b726cc449249,73e5e69d-3554-40d8-8516-00cb38737a1c,1,0.047619,2016-01-01,2016-01-01,1.0,0.2,0.0,1
3c864557-f294-4488-9ca6-b726cc449249,94c46b35-04a6-416d-8c8b-12df90604158,1,0.047619,2016-01-01,2016-01-01,1.0,1.0,0.0,0
3c864557-f294-4488-9ca6-b726cc449249,99d40e84-b385-4185-a309-7c5d29b9c612,1,0.047619,2016-01-01,2016-01-01,1.0,1.0,0.0,0
3c864557-f294-4488-9ca6-b726cc449249,9fff2f8a-21e6-47de-a2b8-7f449929d43f,1,0.047619,2016-01-01,2016-01-01,1.0,0.125,0.0,1
3c864557-f294-4488-9ca6-b726cc449249,ec7ad706-7212-43cb-8415-197780b322a5,1,0.047619,2016-01-01,2016-01-01,1.0,1.0,0.0,0
3c864557-f294-4488-9ca6-b726cc449249,f23ef341-33bd-47c1-b83c-846a78581f05,1,0.047619,2016-01-01,2016-01-01,1.0,0.142857,0.0,1
73e5e69d-3554-40d8-8516-00cb38737a1c,94c46b35-04a6-416d-8c8b-12df90604158,1,0.047619,2016-01-01,2016-01-01,1.0,0.2,0.0,1
73e5e69d-3554-40d8-8516-00cb38737a1c,99d40e84-b385-4185-a309-7c5d29b9c612,1,0.047619,2016-01-01,2016-01-01,1.0,0.2,0.0,1
73e5e69d-3554-40d8-8516-00cb38737a1c,9fff2f8a-21e6-47de-a2b8-7f449929d43f,1,0.047619,2016-01-01,2016-01-01,1.0,0.625,0.0,0
73e5e69d-3554-40d8-8516-00cb38737a1c,ec7ad706-7212-43cb-8415-197780b322a5,1,0.047619,2016-01-01,2016-01-01,1.0,0.2,0.0,1
73e5e69d-3554-40d8-8516-00cb38737a1c,f23ef341-33bd-47c1-b83c-846a78581f05,1,0.047619,2016-01-01,2016-01-01,1.0,0.333333,0.0,1
94c46b35-04a6-416d-8c8b-12df90604158,99d40e84-b385-4185-a309-7c5d29b9c612,1,0.047619,2016-01-01,2016-01-01,1.0,1.0,0.0,0
94c46b35-04a6-416d-8c8b-12df90604158,9fff2f8a-21e6-47de-a2b8-7f449929d43f,1,0.047619,2016-01-01,2016-01-01,1.0,0.125,0.0,1
94c46b35-04a6-416d-8c8b-12df90604158,ec7ad706-7212-43cb-8415-197780b322a5,1,0.047619,2016-01-01,2016-01-01,1.0,1.0,0.0,0
94c46b35-04a6-416d-8c8b-12df90604158,f23ef341-33bd-47c1-b83c-846a78581f05,1,0.047619,2016-01-01,2016-01-01,1.0,0.142857,0.0,1
99d40e84-b385-4185-a309-7c5d29b9c612,9fff2f8a-21e6-47de-a2b8-7f449929d43f,1,0.047619,2016-01-01,2016-01-01,0.550028,0.125,0.0,1
99d40e84-b385-4185-a309-7c5d29b9c612,f23ef341-33bd-47c1-b83c-846a78581f05,1,0.047619,2016-01-01,2016-01-01,0.585205,0.142857,0.0,1
9fff2f8a-21e6-47de-a2b8-7f449929d43f,ec7ad706-7212-43cb-8415-197780b322a5,1,0.047619,2016-01-01,2016-01-01,0.550028,0.125,0.0,1
9fff2f8a-21e6-47de-a2b8-7f449929d43f,f23ef341-33bd-47c1-b83c-846a78581f05,1,0.047619,2016-01-01,2016-01-01,0.585205,0.5,0.0,0
ec7ad706-7212-43cb-8415-197780b322a5,f23ef341-33bd-47c1-b83c-846a78581f05,1,0.047619,2016-01-01,2016-01-01,0.585205,0.142857,0.0,1
04c39fec-5b44-4f11-9c73-af4f562334c7,1036b808-f58c-4a3e-b461-a2c4492ecf1b,1,0.066667,2017-01-01,2017-01-01,0.826624,0.2,0.0,1
04c39fec-5b44-4f11-9c73-af4f562334c7,3394771a-a36b-4739-bcd9-301d09121af8,6,0.332215,2012-01-01,2023-08-18,1.0,1.0,0.0,0
04c39fec-5b44-4f11-9c73-af4f562334c7,348d9656-7db6-4efc-92c9-69615bd580d8,1,0.066667,2017-01-01,2017-01-01,1.0,0.333333,0.0,1
04c39fec-5b44-4f11-9c73-af4f562334c7,a254127c-575d-4df1-a883-12b5a0748b16,1,0.066667,2017-01-01,2017-01-01,1.0,0.5,0.0,0
04c39fec-5b44-4f11-9c73-af4f562334c7,f23ef341-33bd-47c1-b83c-846a78581f05,1,0.066667,2017-01-01,2017-01-01,0.737662,0.125,0.0,1
1036b808-f58c-4a3e-b461-a2c4492ecf1b,3394771a-a36b-4739-bcd9-301d09121af8,1,0.066667,2017-01-01,2017-01-01,0.826624,0.2,0.0,1
1036b808-f58c-4a3e-b461-a2c4492ecf1b,348d9656-7db6-4efc-92c9-69615bd580d8,1,0.066667,2017-01-01,2017-01-01,1.0,0.2,0.0,1
1036b808-f58c-4a3e-b461-a2c4492ecf1b,a254127c-575d-4df1-a883-12b5a0748b16,1,0.066667,2017-01-01,2017-01-01,1.0,0.1,0.0,1
1036b808-f58c-4a3e-b461-a2c4492ecf1b,f23ef341-33bd-47c1-b83c-846a78581f05,1,0.066667,2017-01-01,2017-01-01,0.826624,0.545455,0.0,0
3394771a-a36b-4739-bcd9-301d09121af8,348d9656-7db6-4efc-92c9-69615bd580d8,1,0.066667,2017-01-01,2017-01-01,1.0,0.333333,0.0,1
3394771a-a36b-4739-bcd9-301d09121af8,a254127c-575d-4df1-a883-12b5a0748b16,1,0.066667,2017-01-01,2017-01-01,1.0,0.5,0.0,0
3394771a-a36b-4739-bcd9-301d09121af8,f23ef341-33bd-47c1-b83c-846a78581f05,1,0.066667,2017-01-01,2017-01-01,0.737662,0.125,0.0,1
348d9656-7db6-4efc-92c9-69615bd580d8,a254127c-575d-4df1-a883-12b5a0748b16,2,0.114286,2015-01-01,2017-01-01,1.0,0.5,0.0,0
348d9656-7db6-4efc-92c9-69615bd580d8,f23ef341-33bd-47c1-b83c-846a78581f05,2,0.166667,2017-01-01,2017-01-01,1.0,0.285714,0.0,1
a254127c-575d-4df1-a883-12b5a0748b16,f23ef341-33bd-47c1-b83c-846a78581f05,1,0.066667,2017-01-01,2017-01-01,1.0,0.142857,0.0,1
348d9656-7db6-4efc-92c9-69615bd580d8,91376b53-c37d-4eed-ac24-63d167af6885,1,0.1,2017-01-01,2017-01-01,1.0,1.0,0.0,0
348d9656-7db6-4efc-92c9-69615bd580d8,985f7e6f-0a7e-4de7-b9ec-a5dac63cb2f7,1,0.1,2017-01-01,2017-01-01,1.0,1.0,0.0,0
348d9656-7db6-4efc-92c9-69615bd580d8,fb7d550f-7518-41ba-95db-33db5287d8e2,1,0.1,2017-01-01,2017-01-01,1.0,1.0,0.0,0
91376b53-c37d-4eed-ac24-63d167af6885,985f7e6f-0a7e-4de7-b9ec-a5dac63cb2f7,1,0.1,2017-01-01,2017-01-01,1.0,1.0,0.0,0
91376b53-c37d-4eed-ac24-63d167af6885,f23ef341-33bd-47c1-b83c-846a78581f05,1,0.1,2017-01-01,2017-01-01,0.737662,0.285714,0.0,1
91376b53-c37d-4eed-ac24-63d167af6885,fb7d550f-7518-41ba-95db-33db5287d8e2,1,0.1,2017-01-01,2017-01-01,0.633357,1.0,0.666667,0
985f7e6f-0a7e-4de7-b9ec-a5dac63cb2f7,f23ef341-33bd-47c1-b83c-846a78581f05,1,0.1,2017-01-01,2017-01-01,1.0,0.285714,0.0,1
985f7e6f-0a7e-4de7-b9ec-a5dac63cb2f7,fb7d550f-7518-41ba-95db-33db5287d8e2,1,0.1,2017-01-01,2017-01-01,1.0,1.0,0.0,0
f23ef341-33bd-47c1-b83c-846a78581f05,fb7d550f-7518-41ba-95db-33db5287d8e2,1,0.1,2017-01-01,2017-01-01,0.737662,0.285714,0.0,1
029a5244-eb0b-4e9e-aa51-d676b985606e,164f0d73-1234-4e2c-8743-d77bf2191051,1,0.1,2018-01-01,2018-01-01,1.0,0.333333,0.0,1
029a5244-eb0b-4e9e-aa51-d676b985606e,450901b7-6138-4ca2-83c3-81b7b0e5acd9,1,0.1,2018-01-01,2018-01-01,1.0,1.0,0.0,0
029a5244-eb0b-4e9e-aa51-d676b985606e,73e36439-1e9a-4925-bf2c-1d7f7885fbb0,1,0.1,2018-01-01,2018-01-01,1.0,1.0,0.0,0
029a5244-eb0b-4e9e-aa51-d676b985606e,f23ef341-33bd-47c1-b83c-846a78581f05,1,0.1,2018-01-01,2018-01-01,1.0,0.142857,0.0,1
164f0d73-1234-4e2c-8743-d77bf2191051,450901b7-6138-4ca2-83c3-81b7b0e5acd9,1,0.1,2018-01-01,2018-01-01,1.0,0.333333,0.0,1
164f0d73-1234-4e2c-8743-d77bf2191051,73e36439-1e9a-4925-bf2c-1d7f7885fbb0,3,0.135043,2012-01-01,2018-01-01,0.250079,0.333333,0.0,1
164f0d73-1234-4e2c-8743-d77bf2191051,f23ef341-33bd-47c1-b83c-846a78581f05,1,0.1,2018-01-01,2018-01-01,0.929249,0.25,0.0,1
450901b7-6138-4ca2-83c3-81b7b0e5acd9,73e36439-1e9a-4925-bf2c-1d7f7885fbb0,1,0.1,2018-01-01,2018-01-01,1.0,1.0,0.0,0
450901b7-6138-4ca2-83c3-81b7b0e5acd9,f23ef341-33bd-47c1-b83c-846a78581f05,1,0.1,2018-01-01,2018-01-01,1.0,0.142857,0.0,1
73e36439-1e9a-4925-bf2c-1d7f7885fbb0,f23ef341-33bd-47c1-b83c-846a78581f05,1,0.1,2018-01-01,2018-01-01,0.929249,0.142857,0.0,1
3c5fd466-655d-4757-9bd8-f116fbf1445a,7aa27474-7b32-46c5-a065-ec831e8a70da,1,0.1,2018-04-27,2018-04-27,1.0,1.0,0.0,0
3c5fd466-655d-4757-9bd8-f116fbf1445a,b1e26560-60e5-4236-bbdb-9aa5a8d5ee19,1,0.1,2018-04-27,2018-04-27,1.0,0.142857,0.0,1
3c5fd466-655d-4757-9bd8-f116fbf1445a,c0367e31-dc3a-4f5e-9d24-0e3af39a8704,1,0.1,2018-04-27,2018-04-27,1.0,1.0,0.0,0
3c5fd466-655d-4757-9bd8-f116fbf1445a,f23ef341-33bd-47c1-b83c-846a78581f05,1,0.1,2018-04-27,2018-04-27,1.0,0.142857,0.0,1
7aa27474-7b32-46c5-a065-ec831e8a70da,b1e26560-60e5-4236-bbdb-9aa5a8d5ee19,2,0.2,2018-04-27,2018-12-24,1.0,0.142857,0.0,1
7aa27474-7b32-46c5-a065-ec831e8a70da,c0367e31-dc3a-4f5e-9d24-0e3af39a8704,2,0.2,2018-04-27,2018-12-24,0.626582,1.0,0.0,0
7aa27474-7b32-46c5-a065-ec831e8a70da,f23ef341-33bd-47c1-b83c-846a78581f05,1,0.1,2018-04-27,2018-04-27,1.0,0.142857,0.0,1
b1e26560-60e5-4236-bbdb-9aa5a8d5ee19,f23ef341-33bd-47c1-b83c-846a78581f05,1,0.1,2018-04-27,2018-04-27,1.0,0.4,0.0,1
c0367e31-dc3a-4f5e-9d24-0e3af39a8704,f23ef341-33bd-47c1-b83c-846a78581f05,1,0.1,2018-04-27,2018-04-27,1.0,0.142857,0.0,1
073e2522-a8ea-489d-b53a-19729cc8664e,100b8734-f4f0-4536-9960-47f7c59d1b4c,2,0.5,2018-05-18,2018-05-18,1.0,0.2,0.0,1
073e2522-a8ea-489d-b53a-19729cc8664e,d42a5768-ada1-4fb6-85fd-f61aba6264e0,4,2.5,2018-05-18,2018-05-18,1.0,0.25,0.0,1
100b8734-f4f0-4536-9960-47f7c59d1b4c,d42a5768-ada1-4fb6-85fd-f61aba6264e0,4,1.0,2018-05-18,2018-10-05,1.0,0.8,0.0,0
073e2522-a8ea-489d-b53a-19729cc8664e,8837b875-3689-4646-b3fd-d8b53815c7a8,1,0.166667,2018-05-18,2018-05-18,1.0,0.2,0.0,1
100b8734-f4f0-4536-9960-47f7c59d1b4c,8837b875-3689-4646-b3fd-d8b53815c7a8,1,0.166667,2018-05-18,2018-05-18,0.915247,1.0,0.0,0
8837b875-3689-4646-b3fd-d8b53815c7a8,d42a5768-ada1-4fb6-85fd-f61aba6264e0,1,0.166667,2018-05-18,2018-05-18,0.915247,0.8,0.0,0
100b8734-f4f0-4536-9960-47f7c59d1b4c,28782f2b-6ba4-4eb2-9b15-6d11978e1d5b,2,0.4,2018-08-03,2018-09-12,1.0,0.2,0.0,1
100b8734-f4f0-4536-9960-47f7c59d1b4c,418fe547-4bec-48fe-8df0-ed25e27f4570,1,0.066667,2018-08-03,2018-08-03,0.960931,0.2,0.0,1
100b8734-f4f0-4536-9960-47f7c59d1b4c,57944f82-e5fd-4f3c-b344-f3f9651c6931,1,0.066667,2018-08-03,2018-08-03,1.0,0.2,0.0,1
100b8734-f4f0-4536-9960-47f7c59d1b4c,bfcfa07d-da17-447c-9cef-58fee9338791,1,0.066667,2018-08-03,2018-08-03,1.0,0.2,0.0,1
100b8734-f4f0-4536-9960-47f7c59d1b4c,e4a51f17-a57b-47b1-b37b-f552d0f8e9e6,1,0.066667,2018-08-03,2018-08-03,0.960931,0.2,0.0,1
28782f2b-6ba4-4eb2-9b15-6d11978e1d5b,418fe547-4bec-48fe-8df0-ed25e27f4570,1,0.066667,2018-08-03,2018-08-03,0.975014,1.0,0.0,0
28782f2b-6ba4-4eb2-9b15-6d11978e1d5b,57944f82-e5fd-4f3c-b344-f3f9651c6931,1,0.066667,2018-08-03,2018-08-03,1.0,1.0,0.0,0
28782f2b-6ba4-4eb2-9b15-6d11978e1d5b,bfcfa07d-da17-447c-9cef-58fee9338791,1,0.066667,2018-08-03,2018-08-03,1.0,1.0,0.0,0
28782f2b-6ba4-4eb2-9b15-6d11978e1d5b,e4a51f17-a57b-47b1-b37b-f552d0f8e9e6,1,0.066667,2018-08-03,2018-08-03,0.975014,1.0,0.0,0
418fe547-4bec-48fe-8df0-ed25e27f4570,57944f82-e5fd-4f3c-b344-f3f9651c6931,1,0.066667,2018-08-03,2018-08-03,1.0,1.0,0.0,0
418fe547-4bec-48fe-8df0-ed25e27f4570,bfcfa07d-da17-447c-9cef-58fee9338791,1,0.066667,2018-08-03,2018-08-03,1.0,1.0,0.0,0
418fe547-4bec-48fe-8df0-ed25e27f4570,e4a51f17-a57b-47b1-b37b-f552d0f8e9e6,1,0.066667,2018-08-03,2018-08-03,0.864049,1.0,0.0,0
57944f82-e5fd-4f3c-b344-f3f9651c6931,bfcfa07d-da17-447c-9cef-58fee9338791,1,0.066667,2018-08-03,2018-08-03,1.0,1.0,0.0,0
57944f82-e5fd-4f3c-b344-f3f9651c6931,e4a51f17-a57b-47b1-b37b-f552d0f8e9e6,1,0.066667,2018-08-03,2018-08-03,1.0,1.0,0.0,0
bfcfa07d-da17-447c-9cef-58fee9338791,e4a51f17-a57b-47b1-b37b-f552d0f8e9e6,1,0.066667,2018-08-03,2018-08-03,1.0,1.0,0.0,0
28782f2b-6ba4-4eb2-9b15-6d11978e1d5b,d42a5768-ada1-4fb6-85fd-f61aba6264e0,1,0.333333,2018-09-12,2018-09-12,1.0,0.25,0.0,1
100b8734-f4f0-4536-9960-47f7c59d1b4c,9fff2f8a-21e6-47de-a2b8-7f449929d43f,1,0.166667,2018-10-05,2018-10-05,1.0,0.625,0.0,0
100b8734-f4f0-4536-9960-47f7c59d1b4c,e5d70460-7057-4cbe-9c07-11ca2dac975c,1,0.166667,2018-10-05,2018-10-05,1.0,0.2,0.0,1
9fff2f8a-21e6-47de-a2b8-7f449929d43f,d42a5768-ada1-4fb6-85fd-f61aba6264e0,1,0.166667,2018-10-05,2018-10-05,1.0,0.5,0.0,0
9fff2f8a-21e6-47de-a2b8-7f449929d43f,e5d70460-7057-4cbe-9c07-11ca2dac975c,1,0.166667,2018-10-05,2018-10-05,0.996212,0.125,0.0,1
d42a5768-ada1-4fb6-85fd-f61aba6264e0,e5d70460-7057-4cbe-9c07-11ca2dac975c,2,0.5,2018-05-18,2018-10-05,1.0,0.25,0.0,1
2f031686-3f01-4f33-a4fc-fb3944532efa,d262ea27-3ffe-40f7-b922-85c42d625e67,1,0.333333,1979-01-01,1979-01-01,1.0,0.111111,0.0,1
d262ea27-3ffe-40f7-b922-85c42d625e67,ffb77292-9712-4d03-94aa-bdb1d4771d38,1,0.333333,1979-01-01,1979-01-01,1.0,0.111111,0.0,1
0ce1a4c2-ad1e-40d0-80da-d3396bc6518a,9c9f1380-2516-4fc9-a3e6-f9f61941d090,1,0.1,1987-01-01,1987-01-01,1.0,0.142857,0.0,1
1f52af22-0207-40ac-9a15-e5052bb670c2,9c9f1380-2516-4fc9-a3e6-f9f61941d090,1,0.1,1987-01-01,1987-01-01,1.0,0.142857,0.0,1
7f347782-eb14-40c3-98e2-17b6e1bfe56c,9c9f1380-2516-4fc9-a3e6-f9f61941d090,1,0.1,1987-01-01,1987-01-01,1.0,0.125,0.0,1
9c9f1380-2516-4fc9-a3e6-f9f61941d090,a94e530f-4e9f-40e6-b44b-ebec06f7900e,1,0.1,1987-01-01,1987-01-01,1.0,0.125,0.0,1
000269fb-edc6-4331-8624-9b39a0e76db3,c20b5d5f-9dc5-4b96-b76f-bdd043451db9,1,0.333333,1947-01-01,1947-01-01,1.0,1.0,0.0,0
000269fb-edc6-4331-8624-9b39a0e76db3,fa4d19eb-771f-4b6e-b867-fc8f8b7a8717,1,0.333333,1947-01-01,1947-01-01,1.0,0.0,0.0,1
c20b5d5f-9dc5-4b96-b76f-bdd043451db9,fa4d19eb-771f-4b6e-b867-fc8f8b7a8717,1,0.333333,1947-01-01,1947-01-01,1.0,0.0,0.0,1
99e1e676-31a5-4c0f-8e36-05553532f9fa,9e474d7c-664d-4a9d-9693-5a196313900c,1,1.0,1938-01-19,1938-01-19,1.0,0.0,0.0,1
2a01113c-4661-45e8-b9f0-9fb393f524b4,77dc9267-1f40-4310-beba-1bea8a4ab04a,1,0.047619,1982-01-01,1982-01-01,1.0,1.0,0.0,0
2a01113c-4661-45e8-b9f0-9fb393f524b4,79c21416-2c9d-4d91-92c0-94fdf6ee5df9,1,0.047619,1982-01-01,1982-01-01,1.0,1.0,0.0,0
2a01113c-4661-45e8-b9f0-9fb393f524b4,9cb087ec-949c-4fb1-b139-778d294c0393,1,0.047619,1982-01-01,1982-01-01,1.0,1.0,0.0,0
2a01113c-4661-45e8-b9f0-9fb393f524b4,a535e609-f98e-4a11-9ae9-a6f56158e38f,1,0.047619,1982-01-01,1982-01-01,1.0,1.0,0.0,0
2a01113c-4661-45e8-b9f0-9fb393f524b4,be092119-86ca-40fc-ba92-7626b8568b25,1,0.047619,1982-01-01,1982-01-01,1.0,1.0,0.0,0
2a01113c-4661-45e8-b9f0-9fb393f524b4,df36f6db-5987-46ed-9d02-0cf36ed4e060,1,0.047619,1982-01-01,1982-01-01,1.0,0.2,0.0,1
77dc9267-1f40-4310-beba-1bea8a4ab04a,79c21416-2c9d-4d91-92c0-94fdf6ee5df9,1,0.047619,1982-01-01,1982-01-01,1.0,1.0,0.0,0
77dc9267-1f40-4310-beba-1bea8a4ab04a,9cb087ec-949c-4fb1-b139-778d294c0393,1,0.047619,1982-01-01,1982-01-01,1.0,1.0,0.0,0
77dc9267-1f40-4310-beba-1bea8a4ab04a,a535e609-f98e-4a11-9ae9-a6f56158e38f,1,0.047619,1982-01-01,1982-01-01,1.0,1.0,0.0,0
77dc9267-1f40-4310-beba-1bea8a4ab04a,be092119-86ca-40fc-ba92-7626b8568b25,1,0.047619,1982-01-01,1982-01-01,1.0,1.0,0.0,0
77dc9267-1f40-4310-beba-1bea8a4ab04a,df36f6db-5987-46ed-9d02-0cf36ed4e060,1,0.047619,1982-01-01,1982-01-01,1.0,0.2,0.0,1
79c21416-2c9d-4d91-92c0-94fdf6ee5df9,9cb087ec-949c-4fb1-b139-778d294c0393,1,0.047619,1982-01-01,1982-01-01,1.0,1.0,0.0,0
79c21416-2c9d-4d91-92c0-94fdf6ee5df9,a535e609-f98e-4a11-9ae9-a6f56158e38f,1,0.047619,1982-01-01,1982-01-01,1.0,1.0,0.0,0
79c21416-2c9d-4d91-92c0-94fdf6ee5df9,be092119-86ca-40fc-ba92-7626b8568b25,1,0.047619,1982-01-01,1982-01-01,1.0,1.0,0.0,0
79c21416-2c9d-4d91-92c0-94fdf6ee5df9,df36f6db-5987-46ed-9d02-0cf36ed4e060,1,0.047619,1982-01-01,1982-01-01,1.0,0.2,0.0,1
9cb087ec-949c-4fb1-b139-778d294c0393,a535e609-f98e-4a11-9ae9-a6f56158e38f,1,0.047619,1982-01-01,1982-01-01,1.0,1.0,0.0,0
9cb087ec-949c-4fb1-b139-778d294c0393,be092119-86ca-40fc-ba92-7626b8568b25,1,0.047619,1982-01-01,1982-01-01,1.0,1.0,0.0,0
9cb087ec-949c-4fb1-b139-778d294c0393,df36f6db-5987-46ed-9d02-0cf36ed4e060,1,0.047619,1982-01-01,1982-01-01,1.0,0.2,0.0,1
a535e609-f98e-4a11-9ae9-a6f56158e38f,be092119-86ca-40fc-ba92-7626b8568b25,1,0.047619,1982-01-01,1982-01-01,1.0,1.0,0.0,0
a535e609-f98e-4a11-9ae9-a6f56158e38f,df36f6db-5987-46ed-9d02-0cf36ed4e060,1,0.047619,1982-01-01,1982-01-01,1.0,0.2,0.0,1
be092119-86ca-40fc-ba92-7626b8568b25,df36f6db-5987-46ed-9d02-0cf36ed4e060,1,0.047619,1982-01-01,1982-01-01,1.0,0.2,0.0,1
4e4ebde4-0c56-4dec-844b-6c73adcdd92d,7944ed53-2a58-4035-9b93-140a71e41c34,1,0.166667,2017-06-15,2017-06-15,1.0,0.428571,0.0,1
4e4ebde4-0c56-4dec-844b-6c73adcdd92d,b65c975f-4eaa-4bd4-9d10-704a80e92548,1,0.166667,2017-06-15,2017-06-15,1.0,0.142857,0.0,1
4e4ebde4-0c56-4dec-844b-6c73adcdd92d,d594304b-5903-46e2-ac82-7f6126cb55e8,5,3.266667,2017-06-15,2019-11-22,0.975014,0.285714,0.0,1
7944ed53-2a58-4035-9b93-140a71e41c34,b65c975f-4eaa-4bd4-9d10-704a80e92548,1,0.166667,2017-06-15,2017-06-15,1.0,0.333333,0.0,1
7944ed53-2a58-4035-9b93-140a71e41c34,d594304b-5903-46e2-ac82-7f6126cb55e8,1,0.166667,2017-06-15,2017-06-15,1.0,0.666667,0.0,0
b65c975f-4eaa-4bd4-9d10-704a80e92548,d594304b-5903-46e2-ac82-7f6126cb55e8,1,0.166667,2017-06-15,2017-06-15,1.0,0.5,0.0,0
0aefe635-8ab9-48a7-9a17-243d35ffd49a,4e4ebde4-0c56-4dec-844b-6c73adcdd92d,1,1.0,2018-05-23,2018-05-23,1.0,0.142857,0.0,1
0f50beab-d77d-4f0f-ac26-0b87d3e9b11b,67f66c07-6e61-4026-ade5-7e782fad3a5d,1,1.0,1975-01-01,1975-01-01,1.0,0.75,0.0,0
022589ac-7177-460d-a178-9976cf70e29f,d5cc67b8-1cc4-453b-96e8-44487acdebea,1,1.0,1980-01-01,1980-01-01,1.0,0.428571,0.0,1
39ab1aed-75e0-4140-bd47-540276886b60,4d5447d7-c61c-4120-ba1b-d7f471d385b9,1,0.333333,1967-01-01,1967-01-01,0.629761,0.333333,0.0,1
39ab1aed-75e0-4140-bd47-540276886b60,ba550d0e-adac-4864-b88b-407cab5e76af,1,0.333333,1967-01-01,1967-01-01,0.629761,0.181818,0.0,1
42a8f507-8412-4611-854f-926571049fa0,5cbef01b-cc35-4f52-af7b-d0df0c4f61b9,1,1.0,1967-01-01,1967-01-01,1.0,0.375,0.25,1
4d5447d7-c61c-4120-ba1b-d7f471d385b9,78ea5ea1-3c4d-4b7e-ac5d-68900319ebe2,1,0.333333,1968-11-22,1968-11-22,1.0,0.416667,0.0,1
78ea5ea1-3c4d-4b7e-ac5d-68900319ebe2,ba550d0e-adac-4864-b88b-407cab5e76af,1,0.333333,1968-11-22,1968-11-22,1.0,0.227273,0.0,1
300c4c73-33ac-4255-9d57-4e32627f5e13,39ab1aed-75e0-4140-bd47-540276886b60,1,1.0,1969-01-01,1969-01-01,1.0,0.166667,0.0,1
254056f5-1e3a-4167-80d4-3449c0b8db1e,3018e348-be53-4f20-b468-1a10213745b2,1,0.166667,2015-01-01,2015-01-01,1.0,1.0,0.0,0
254056f5-1e3a-4167-80d4-3449c0b8db1e,31bcadcc-e1da-4cad-bec8-2f4f1d41b095,1,0.166667,2015-01-01,2015-01-01,1.0,0.25,0.0,1
254056f5-1e3a-4167-80d4-3449c0b8db1e,5b8ec72b-9e39-4a06-a2bf-964166b92a71,1,0.166667,2015-01-01,2015-01-01,1.0,0.166667,0.0,1
3018e348-be53-4f20-b468-1a10213745b2,31bcadcc-e1da-4cad-bec8-2f4f1d41b095,1,0.166667,2015-01-01,2015-01-01,1.0,0.25,0.0,1
3018e348-be53-4f20-b468-1a10213745b2,5b8ec72b-9e39-4a06-a2bf-964166b92a71,1,0.166667,2015-01-01,2015-01-01,1.0,0.166667,0.0,1
31bcadcc-e1da-4cad-bec8-2f4f1d41b095,5b8ec72b-9e39-4a06-a2bf-964166b92a71,1,0.166667,2015-01-01,2015-01-01,0.793826,0.428571,0.0,1
3b92d916-a198-414f-8de1-49593cd12704,475506e8-b9e9-4af0-bb11-070bf22bb779,1,0.066667,2015-07-30,2015-07-30,1.0,1.0,0.0,0
3b92d916-a198-414f-8de1-49593cd12704,5b8ec72b-9e39-4a06-a2bf-964166b92a71,1,0.066667,2015-07-30,2015-07-30,1.0,0.166667,0.0,1
3b92d916-a198-414f-8de1-49593cd12704,92b92658-d411-4d36-a0c3-ce3d415bcec5,1,0.066667,2015-07-30,2015-07-30,1.0,1.0,0.0,0
3b92d916-a198-414f-8de1-49593cd12704,a4103168-a041-4008-aee2-fa64096d9d47,1,0.066667,2015-07-30,2015-07-30,1.0,0.5,0.0,0
3b92d916-a198-414f-8de1-49593cd12704,bab29dd5-510a-4c10-b1f1-657d60a9ee6e,1,0.066667,2015-07-30,2015-07-30,1.0,1.0,0.0,0
475506e8-b9e9-4af0-bb11-070bf22bb779,5b8ec72b-9e39-4a06-a2bf-964166b92a71,1,0.066667,2015-07-30,2015-07-30,1.0,0.166667,0.0,1
475506e8-b9e9-4af0-bb11-070bf22bb779,92b92658-d411-4d36-a0c3-ce3d415bcec5,1,0.066667,2015-07-30,2015-07-30,1.0,1.0,0.0,0
475506e8-b9e9-4af0-bb11-070bf22bb779,a4103168-a041-4008-aee2-fa64096d9d47,1,0.066667,2015-07-30,2015-07-30,1.0,0.5,0.0,0
475506e8-b9e9-4af0-bb11-070bf22bb779,bab29dd5-510a-4c10-b1f1-657d60a9ee6e,1,0.066667,2015-07-30,2015-07-30,1.0,1.0,0.0,0
5b8ec72b-9e39-4a06-a2bf-964166b92a71,92b92658-d411-4d36-a0c3-ce3d415bcec5,1,0.066667,2015-07-30,2015-07-30,1.0,0.166667,0.0,1
5b8ec72b-9e39-4a06-a2bf-964166b92a71,a4103168-a041-4008-aee2-fa64096d9d47,1,0.066667,2015-07-30,2015-07-30,1.0,0.142857,0.0,1
5b8ec72b-9e39-4a06-a2bf-964166b92a71,bab29dd5-510a-4c10-b1f1-657d60a9ee6e,1,0.066667,2015-07-30,2015-07-30,1.0,0.166667,0.0,1
92b92658-d411-4d36-a0c3-ce3d415bcec5,a4103168-a041-4008-aee2-fa64096d9d47,1,0.066667,2015-07-30,2015-07-30,1.0,0.5,0.0,0
92b92658-d411-4d36-a0c3-ce3d415bcec5,bab29dd5-510a-4c10-b1f1-657d60a9ee6e,1,0.066667,2015-07-30,2015-07-30,1.0,1.0,0.0,0
a4103168-a041-4008-aee2-fa64096d9d47,bab29dd5-510a-4c10-b1f1-657d60a9ee6e,1,0.066667,2015-07-30,2015-07-30,1.0,0.5,0.0,0
0fb606f5-f95f-4bf2-bdd8-79771f36a97a,265796ae-9a57-42c4-85a3-57a036ad9cc5,1,0.1,2015-11-27,2015-11-27,1.0,1.0,0.0,0
0fb606f5-f95f-4bf2-bdd8-79771f36a97a,5b8ec72b-9e39-4a06-a2bf-964166b92a71,1,0.1,2015-11-27,2015-11-27,1.0,0.166667,0.0,1
0fb606f5-f95f-4bf2-bdd8-79771f36a97a,8fbcd70f-bf1e-4624-b94a-fcff6b0c637e,1,0.1,2015-11-27,2015-11-27,1.0,1.0,0.0,0
0fb606f5-f95f-4bf2-bdd8-79771f36a97a,db48610c-6d8f-4d10-90ca-c4d14bb1a8b1,1,0.1,2015-11-27,2015-11-27,1.0,1.0,0.0,0
265796ae-9a57-42c4-85a3-57a036ad9cc5,5b8ec72b-9e39-4a06-a2bf-964166b92a71,1,0.1,2015-11-27,2015-11-27,1.0,0.166667,0.0,1
265796ae-9a57-42c4-85a3-57a036ad9cc5,8fbcd70f-bf1e-4624-b94a-fcff6b0c637e,1,0.1,2015-11-27,2015-11-27,1.0,1.0,0.0,0
265796ae-9a57-42c4-85a3-57a036ad9cc5,db48610c-6d8f-4d10-90ca-c4d14bb1a8b1,1,0.1,2015-11-27,2015-11-27,1.0,1.0,0.0,0
5b8ec72b-9e39-4a06-a2bf-964166b92a71,8fbcd70f-bf1e-4624-b94a-fcff6b0c637e,1,0.1,2015-11-27,2015-11-27,0.978103,0.166667,0.0,1
5b8ec72b-9e39-4a06-a2bf-964166b92a71,db48610c-6d8f-4d10-90ca-c4d14bb1a8b1,1,0.1,2015-11-27,2015-11-27,0.978103,0.166667,0.0,1
8fbcd70f-bf1e-4624-b94a-fcff6b0c637e,db48610c-6d8f-4d10-90ca-c4d14bb1a8b1,1,0.1,2015-11-27,2015-11-27,0.307937,1.0,0.0,0
04c39fec-5b44-4f11-9c73-af4f562334c7,1ea888e8-3406-41b7-a516-5e743540a442,1,0.008333,2016-01-01,2016-01-01,1.0,0.5,0.0,0
04c39fec-5b44-4f11-9c73-af4f562334c7,4757df70-6c3e-46b8-99c0-a68644595c9a,1,0.008333,2016-01-01,2016-01-01,1.0,0.5,0.0,0
04c39fec-5b44-4f11-9c73-af4f562334c7,5a22c88a-9db2-4a29-9b46-72430794ec4d,1,0.008333,2016-01-01,2016-01-01,1.0,0.5,0.0,0
04c39fec-5b44-4f11-9c73-af4f562334c7,5a6131f9-f8db-4722-b4d7-6a0c7183c590,1,0.008333,2016-01-01,2016-01-01,0.171639,0.666667,0.0,0
04c39fec-5b44-4f11-9c73-af4f562334c7,5b8ec72b-9e39-4a06-a2bf-964166b92a71,1,0.008333,2016-01-01,2016-01-01,1.0,0.142857,0.0,1
04c39fec-5b44-4f11-9c73-af4f562334c7,5dfc9ac5-79ec-4e27-b12f-38ec5006c1be,1,0.008333,2016-01-01,2016-01-01,1.0,0.5,0.0,0
04c39fec-5b44-4f11-9c73-af4f562334c7,8093d4c9-24c1-4749-bdc7-aa17f5b76843,1,0.008333,2016-01-01,2016-01-01,1.0,0.5,0.0,0
04c39fec-5b44-4f11-9c73-af4f562334c7,d0a7368a-eefb-463c-b4f7-295753a6bc6d,1,0.008333,2016-01-01,2016-01-01,1.0,0.5,0.0,0
04c39fec-5b44-4f11-9c73-af4f562334c7,d385327c-34d8-4259-8f16-d6939ec99ebb,1,0.008333,2016-01-01,2016-01-01,1.0,0.5,0.0,0
04c39fec-5b44-4f11-9c73-af4f562334c7,d653e0c7-383b-4e16-9d7e-436296b31aca,1,0.008333,2016-01-01,2016-01-01,1.0,0.5,0.0,0
04c39fec-5b44-4f11-9c73-af4f562334c7,e1657344-3f5c-46c5-ae1f-4be0086616e2,1,0.008333,2016-01-01,2016-01-01,1.0,0.5,0.0,0
04c39fec-5b44-4f11-9c73-af4f562334c7,e3492ea0-5997-4241-a7bf-2fd7fb1bfad1,1,0.008333,2016-01-01,2016-01-01,1.0,0.4,0.0,1
04c39fec-5b44-4f11-9c73-af4f562334c7,e45cfc46-6f00-460e-b7b8-979a21e80445,1,0.008333,2016-01-01,2016-01-01,1.0,0.5,0.0,0
04c39fec-5b44-4f11-9c73-af4f562334c7,f99ccd31-b368-4b40-bde8-8fba740c8466,1,0.008333,2016-01-01,2016-01-01,1.0,0.5,0.0,0
1ea888e8-3406-41b7-a516-5e743540a442,3394771a-a36b-4739-bcd9-301d09121af8,1,0.008333,2016-01-01,2016-01-01,1.0,0.5,0.0,0
1ea888e8-3406-41b7-a516-5e743540a442,4757df70-6c3e-46b8-99c0-a68644595c9a,1,0.008333,2016-01-01,2016-01-01,1.0,1.0,0.0,0
1ea888e8-3406-41b7-a516-5e743540a442,5a22c88a-9db2-4a29-9b46-72430794ec4d,1,0.008333,2016-01-01,2016-01-01,1.0,1.0,0.0,0
1ea888e8-3406-41b7-a516-5e743540a442,5a6131f9-f8db-4722-b4d7-6a0c7183c590,1,0.008333,2016-01-01,2016-01-01,1.0,0.333333,0.0,1
1ea888e8-3406-41b7-a516-5e743540a442,5b8ec72b-9e39-4a06-a2bf-964166b92a71,1,0.008333,2016-01-01,2016-01-01,1.0,0.166667,0.0,1
1ea888e8-3406-41b7-a516-5e743540a442,5dfc9ac5-79ec-4e27-b12f-38ec5006c1be,1,0.008333,2016-01-01,2016-01-01,1.0,1.0,0.0,0
1ea888e8-3406-41b7-a516-5e743540a442,8093d4c9-24c1-4749-bdc7-aa17f5b76843,1,0.008333,2016-01-01,2016-01-01,1.0,1.0,0.0,0
1ea888e8-3406-41b7-a516-5e743540a442,d0a7368a-eefb-463c-b4f7-295753a6bc6d,1,0.008333,2016-01-01,2016-01-01,1.0,1.0,0.0,0
1ea888e8-3406-41b7-a516-5e743540a442,d385327c-34d8-4259-8f16-d6939ec99ebb,1,0.008333,2016-01-01,2016-01-01,1.0,1.0,0.0,0
1ea888e8-3406-41b7-a516-5e743540a442,d653e0c7-383b-4e16-9d7e-436296b31aca,1,0.008333,2016-01-01,2016-01-01,1.0,1.0,0.0,0
1ea888e8-3406-41b7-a516-5e743540a442,e1657344-3f5c-46c5-ae1f-4be0086616e2,1,0.008333,2016-01-01,2016-01-01,1.0,1.0,0.0,0
1ea888e8-3406-41b7-a516-5e743540a442,e3492ea0-5997-4241-a7bf-2fd7fb1bfad1,1,0.008333,2016-01-01,2016-01-01,1.0,0.2,0.0,1
1ea888e8-3406-41b7-a516-5e743540a442,e45cfc46-6f00-460e-b7b8-979a21e80445,1,0.008333,2016-01-01,2016-01-01,1.0,1.0,0.0,0
1ea888e8-3406-41b7-a516-5e743540a442,f99ccd31-b368-4b40-bde8-8fba740c8466,1,0.008333,2016-01-01,2016-01-01,1.0,1.0,0.0,0
3394771a-a36b-4739-bcd9-301d09121af8,4757df70-6c3e-46b8-99c0-a68644595c9a,1,0.008333,2016-01-01,2016-01-01,1.0,0.5,0.0,0
3394771a-a36b-4739-bcd9-301d09121af8,5a22c88a-9db2-4a29-9b46-72430794ec4d,1,0.008333,2016-01-01,2016-01-01,1.0,0.5,0.0,0
3394771a-a36b-4739-bcd9-301d09121af8,5a6131f9-f8db-4722-b4d7-6a0c7183c590,1,0.008333,2016-01-01,2016-01-01,0.171639,0.666667,0.0,0
3394771a-a36b-4739-bcd9-301d09121af8,5b8ec72b-9e39-4a06-a2bf-964166b92a71,1,0.008333,2016-01-01,2016-01-01,1.0,0.142857,0.0,1
3394771a-a36b-4739-bcd9-301d09121af8,5dfc9ac5-79ec-4e27-b12f-38ec5006c1be,1,0.008333,2016-01-01,2016-01-01,1.0,0.5,0.0,0
3394771a-a36b-4739-bcd9-301d09121af8,8093d4c9-24c1-4749-bdc7-aa17f5b76843,1,0.008333,2016-01-01,2016-01-01,1.0,0.5,0.0,0
3394771a-a36b-4739-bcd9-301d09121af8,d0a7368a-eefb-463c-b4f7-295753a6bc6d,1,0.008333,2016-01-01,2016-01-01,1.0,0.5,0.0,0
3394771a-a36b-4739-bcd9-301d09121af8,d385327c-34d8-4259-8f16-d6939ec99ebb,1,0.008333,2016-01-01,2016-01-01,1.0,0.5,0.0,0
3394771a-a36b-4739-bcd9-301d09121af8,d653e0c7-383b-4e16-9d7e-436296b31aca,1,0.008333,2016-01-01,2016-01-01,1.0,0.5,0.0,0
3394771a-a36b-4739-bcd9-301d09121af8,e1657344-3f5c-46c5-ae1f-4be0086616e2,1,0.008333,2016-01-01,2016-01-01,1.0,0.5,0.0,0
3394771a-a36b-4739-bcd9-301d09121af8,e3492ea0-5997-4241-a7bf-2fd7fb1bfad1,1,0.008333,2016-01-01,2016-01-01,1.0,0.4,0.0,1
3394771a-a36b-4739-bcd9-301d09121af8,e45cfc46-6f00-460e-b7b8-979a21e80445,1,0.008333,2016-01-01,2016-01-01,1.0,0.5,0.0,0
3394771a-a36b-4739-bcd9-301d09121af8,f99ccd31-b368-4b40-bde8-8fba740c8466,1,0.008333,2016-01-01,2016-01-01,1.0,0.5,0.0,0
4757df70-6c3e-46b8-99c0-a68644595c9a,5a22c88a-9db2-4a29-9b46-72430794ec4d,1,0.008333,2016-01-01,2016-01-01,1.0,1.0,0.0,0
4757df70-6c3e-46b8-99c0-a68644595c9a,5a6131f9-f8db-4722-b4d7-6a0c7183c590,1,0.008333,2016-01-01,2016-01-01,1.0,0.333333,0.0,1
4757df70-6c3e-46b8-99c0-a68644595c9a,5b8ec72b-9e39-4a06-a2bf-964166b92a71,1,0.008333,2016-01-01,2016-01-01,1.0,0.166667,0.0,1
4757df70-6c3e-46b8-99c0-a68644595c9a,5dfc9ac5-79ec-4e27-b12f-38ec5006c1be,1,0.008333,2016-01-01,2016-01-01,1.0,1.0,0.0,0
4757df70-6c3e-46b8-99c0-a68644595c9a,8093d4c9-24c1-4749-bdc7-aa17f5b76843,1,0.008333,2016-01-01,2016-01-01,1.0,1.0,0.0,0
4757df70-6c3e-46b8-99c0-a68644595c9a,d0a7368a-eefb-463c-b4f7-295753a6bc6d,1,0.008333,2016-01-01,2016-01-01,1.0,1.0,0.0,0
4757df70-6c3e-46b8-99c0-a68644595c9a,d385327c-34d8-4259-8f16-d6939ec99ebb,1,0.008333,2016-01-01,2016-01-01,1.0,1.0,0.0,0
4757df70-6c3e-46b8-99c0-a68644595c9a,d653e0c7-383b-4e16-9d7e-436296b31aca,1,0.008333,2016-01-01,2016-01-01,1.0,1.0,0.0,0
4757df70-6c3e-46b8-99c0-a68644595c9a,e1657344-3f5c-46c5-ae1f-4be0086616e2,1,0.008333,2016-01-01,2016-01-01,1.0,1.0,0.0,0
4757df70-6c3e-46b8-99c0-a68644595c9a,e3492ea0-5997-4241-a7bf-2fd7fb1bfad1,1,0.008333,2016-01-01,2016-01-01,1.0,0.2,0.0,1
4757df70-6c3e-46b8-99c0-a68644595c9a,e45cfc46-6f00-460e-b7b8-979a21e80445,1,0.008333,2016-01-01,2016-01-01,1.0,1.0,0.0,0
4757df70-6c3e-46b8-99c0-a68644595c9a,f99ccd31-b368-4b40-bde8-8fba740c8466,1,0.008333,2016-01-01,2016-01-01,1.0,1.0,0.0,0
5a22c88a-9db2-4a29-9b46-72430794ec4d,5a6131f9-f8db-4722-b4d7-6a0c7183c590,1,0.008333,2016-01-01,2016-01-01,1.0,0.333333,0.0,1
5a22c88a-9db2-4a29-9b46-72430794ec4d,5b8ec72b-9e39-4a06-a2bf-964166b92a71,1,0.008333,2016-01-01,2016-01-01,1.0,0.166667,0.0,1
5a22c88a-9db2-4a29-9b46-72430794ec4d,5dfc9ac5-79ec-4e27-b12f-38ec5006c1be,1,0.008333,2016-01-01,2016-01-01,1.0,1.0,0.0,0
5a22c88a-9db2-4a29-9b46-72430794ec4d,8093d4c9-24c1-4749-bdc7-aa17f5b76843,1,0.008333,2016-01-01,2016-01-01,1.0,1.0,0.0,0
5a22c88a-9db2-4a29-9b46-72430794ec4d,d0a7368a-eefb-463c-b4f7-295753a6bc6d,1,0.008333,2016-01-01,2016-01-01,1.0,1.0,0.0,0
5a22c88a-9db2-4a29-9b46-72430794ec4d,d385327c-34d8-4259-8f16-d6939ec99ebb,1,0.008333,2016-01-01,2016-01-01,1.0,1.0,0.0,0
5a22c88a-9db2-4a29-9b46-72430794ec4d,d653e0c7-383b-4e16-9d7e-436296b31aca,1,0.008333,2016-01-01,2016-01-01,1.0,1.0,0.0,0
5a22c88a-9db2-4a29-9b46-72430794ec4d,e1657344-3f5c-46c5-ae1f-4be0086616e2,1,0.008333,2016-01-01,2016-01-01,1.0,1.0,0.0,0
5a22c88a-9db2-4a29-9b46-72430794ec4d,e3492ea0-5997-4241-a7bf-2fd7fb1bfad1,1,0.008333,2016-01-01,2016-01-01,1.0,0.2,0.0,1
5a22c88a-9db2-4a29-9b46-72430794ec4d,e45cfc46-6f00-460e-b7b8-979a21e80445,1,0.008333,2016-01-01,2016-01-01,1.0,1.0,0.0,0
5a22c88a-9db2-4a29-9b46-72430794ec4d,f99ccd31-b368-4b40-bde8-8fba740c8466,1,0.008333,2016-01-01,2016-01-01,1.0,1.0,0.0,0
5a6131f9-f8db-4722-b4d7-6a0c7183c590,5b8ec72b-9e39-4a06-a2bf-964166b92a71,1,0.008333,2016-01-01,2016-01-01,1.0,0.285714,0.0,1
5a6131f9-f8db-4722-b4d7-6a0c7183c590,5dfc9ac5-79ec-4e27-b12f-38ec5006c1be,1,0.008333,2016-01-01,2016-01-01,1.0,0.333333,0.0,1
5a6131f9-f8db-4722-b4d7-6a0c7183c590,8093d4c9-24c1-4749-bdc7-aa17f5b76843,1,0.008333,2016-01-01,2016-01-01,1.0,0.333333,0.0,1
5a6131f9-f8db-4722-b4d7-6a0c7183c590,d0a7368a-eefb-463c-b4f7-295753a6bc6d,1,0.008333,2016-01-01,2016-01-01,1.0,0.333333,0.0,1
5a6131f9-f8db-4722-b4d7-6a0c7183c590,d385327c-34d8-4259-8f16-d6939ec99ebb,1,0.008333,2016-01-01,2016-01-01,1.0,0.333333,0.0,1
5a6131f9-f8db-4722-b4d7-6a0c7183c590,d653e0c7-383b-4e16-9d7e-436296b31aca,1,0.008333,2016-01-01,2016-01-01,1.0,0.333333,0.0,1
5a6131f9-f8db-4722-b4d7-6a0c7183c590,e1657344-3f5c-46c5-ae1f-4be0086616e2,1,0.008333,2016-01-01,2016-01-01,1.0,0.333333,0.0,1
5a6131f9-f8db-4722-b4d7-6a0c7183c590,e3492ea0-5997-4241-a7bf-2fd7fb1bfad1,1,0.008333,2016-01-01,2016-01-01,1.0,0.6,0.0,0
5a6131f9-f8db-4722-b4d7-6a0c7183c590,e45cfc46-6f00-460e-b7b8-979a21e80445,1,0.008333,2016-01-01,2016-01-01,1.0,0.333333,0.0,1
5a6131f9-f8db-4722-b4d7-6a0c7183c590,f99ccd31-b368-4b40-bde8-8fba740c8466,1,0.008333,2016-01-01,2016-01-01,1.0,0.333333,0.0,1
5b8ec72b-9e39-4a06-a2bf-964166b92a71,5dfc9ac5-79ec-4e27-b12f-38ec5006c1be,1,0.008333,2016-01-01,2016-01-01,1.0,0.166667,0.0,1
5b8ec72b-9e39-4a06-a2bf-964166b92a71,8093d4c9-24c1-4749-bdc7-aa17f5b76843,1,0.008333,2016-01-01,2016-01-01,1.0,0.166667,0.0,1
5b8ec72b-9e39-4a06-a2bf-964166b92a71,d0a7368a-eefb-463c-b4f7-295753a6bc6d,1,0.008333,2016-01-01,2016-01-01,1.0,0.166667,0.0,1
5b8ec72b-9e39-4a06-a2bf-964166b92a71,d385327c-34d8-4259-8f16-d6939ec99ebb,1,0.008333,2016-01-01,2016-01-01,1.0,0.166667,0.0,1
5b8ec72b-9e39-4a06-a2bf-964166b92a71,d653e0c7-383b-4e16-9d7e-436296b31aca,1,0.008333,2016-01-01,2016-01-01,1.0,0.166667,0.0,1
5b8ec72b-9e39-4a06-a2bf-964166b92a71,e1657344-3f5c-46c5-ae1f-4be0086616e2,1,0.008333,2016-01-01,2016-01-01,1.0,0.166667,0.0,1
5b8ec72b-9e39-4a06-a2bf-964166b92a71,e3492ea0-5997-4241-a7bf-2fd7fb1bfad1,1,0.008333,2016-01-01,2016-01-01,1.0,0.571429,0.0,0
5b8ec72b-9e39-4a06-a2bf-964166b92a71,e45cfc46-6f00-460e-b7b8-979a21e80445,1,0.008333,2016-01-01,2016-01-01,1.0,0.166667,0.0,1
5b8ec72b-9e39-4a06-a2bf-964166b92a71,f99ccd31-b368-4b40-bde8-8fba740c8466,1,0.008333,2016-01-01,2016-01-01,1.0,0.166667,0.0,1
5dfc9ac5-79ec-4e27-b12f-38ec5006c1be,8093d4c9-24c1-4749-bdc7-aa17f5b76843,1,0.008333,2016-01-01,2016-01-01,1.0,1.0,0.0,0
5dfc9ac5-79ec-4e27-b12f-38ec5006c1be,d0a7368a-eefb-463c-b4f7-295753a6bc6d,1,0.008333,2016-01-01,2016-01-01,1.0,1.0,0.0,0
5dfc9ac5-79ec-4e27-b12f-38ec5006c1be,d385327c-34d8-4259-8f16-d6939ec99ebb,1,0.008333,2016-01-01,2016-01-01,1.0,1.0,0.0,0
5dfc9ac5-79ec-4e27-b12f-38ec5006c1be,d653e0c7-383b-4e16-9d7e-436296b31aca,1,0.008333,2016-01-01,2016-01-01,1.0,1.0,0.0,0
5dfc9ac5-79ec-4e27-b12f-38ec5006c1be,e1657344-3f5c-46c5-ae1f-4be0086616e2,1,0.008333,2016-01-01,2016-01-01,1.0,1.0,0.0,0
5dfc9ac5-79ec-4e27-b12f-38ec5006c1be,e3492ea0-5997-4241-a7bf-2fd7fb1bfad1,1,0.008333,2016-01-01,2016-01-01,1.0,0.2,0.0,1
5dfc9ac5-79ec-4e27-b12f-38ec5006c1be,e45cfc46-6f00-460e-b7b8-979a21e80445,1,0.008333,2016-01-01,2016-01-01,1.0,1.0,0.0,0
5dfc9ac5-79ec-4e27-b12f-38ec5006c1be,f99ccd31-b368-4b40-bde8-8fba740c8466,1,0.008333,2016-01-01,2016-01-01,1.0,1.0,0.0,0
8093d4c9-24c1-4749-bdc7-aa17f5b76843,d0a7368a-eefb-463c-b4f7-295753a6bc6d,1,0.008333,2016-01-01,2016-01-01,1.0,1.0,0.0,0
8093d4c9-24c1-4749-bdc7-aa17f5b76843,d385327c-34d8-4259-8f16-d6939ec99ebb,1,0.008333,2016-01-01,2016-01-01,1.0,1.0,0.0,0
8093d4c9-24c1-4749-bdc7-aa17f5b76843,d653e0c7-383b-4e16-9d7e-436296b31aca,1,0.008333,2016-01-01,2016-01-01,1.0,1.0,0.0,0
8093d4c9-24c1-4749-bdc7-aa17f5b76843,e1657344-3f5c-46c5-ae1f-4be0086616e2,1,0.008333,2016-01-01,2016-01-01,1.0,1.0,0.0,0
8093d4c9-24c1-4749-bdc7-aa17f5b76843,e3492ea0-5997-4241-a7bf-2fd7fb1bfad1,1,0.008333,2016-01-01,2016-01-01,1.0,0.2,0.0,1
8093d4c9-24c1-4749-bdc7-aa17f5b76843,e45cfc46-6f00-460e-b7b8-979a21e80445,1,0.008333,2016-01-01,2016-01-01,1.0,1.0,0.0,0
8093d4c9-24c1-4749-bdc7-aa17f5b76843,f99ccd31-b368-4b40-bde8-8fba740c8466,1,0.008333,2016-01-01,2016-01-01,1.0,1.0,0.0,0
d0a7368a-eefb-463c-b4f7-295753a6bc6d,d385327c-34d8-4259-8f16-d6939ec99ebb,1,0.008333,2016-01-01,2016-01-01,1.0,1.0,0.0,0
d0a7368a-eefb-463c-b4f7-295753a6bc6d,d653e0c7-383b-4e16-9d7e-436296b31aca,1,0.008333,2016-01-01,2016-01-01,1.0,1.0,0.0,0
d0a7368a-eefb-463c-b4f7-295753a6bc6d,e1657344-3f5c-46c5-ae1f-4be0086616e2,1,0.008333,2016-01-01,2016-01-01,1.0,1.0,0.0,0
d0a7368a-eefb-463c-b4f7-295753a6bc6d,e3492ea0-5997-4241-a7bf-2fd7fb1bfad1,1,0.008333,2016-01-01,2016-01-01,1.0,0.2,0.0,1
d0a7368a-eefb-463c-b4f7-295753a6bc6d,e45cfc46-6f00-460e-b7b8-979a21e80445,1,0.008333,2016-01-01,2016-01-01,1.0,1.0,0.0,0
d0a7368a-eefb-463c-b4f7-295753a6bc6d,f99ccd31-b368-4b40-bde8-8fba740c8466,1,0.008333,2016-01-01,2016-01-01,1.0,1.0,0.0,0
d385327c-34d8-4259-8f16-d6939ec99ebb,d653e0c7-383b-4e16-9d7e-436296b31aca,1,0.008333,2016-01-01,2016-01-01,1.0,1.0,0.0,0
d385327c-34d8-4259-8f16-d6939ec99ebb,e1657344-3f5c-46c5-ae1f-4be0086616e2,1,0.008333,2016-01-01,2016-01-01,1.0,1.0,0.0,0
d385327c-34d8-4259-8f16-d6939ec99ebb,e3492ea0-5997-4241-a7bf-2fd7fb1bfad1,1,0.008333,2016-01-01,2016-01-01,1.0,0.2,0.0,1
d385327c-34d8-4259-8f16-d6939ec99ebb,e45cfc46-6f00-460e-b7b8-979a21e80445,1,0.008333,2016-01-01,2016-01-01,1.0,1.0,0.0,0
d385327c-34d8-4259-8f16-d6939ec99ebb,f99ccd31-b368-4b40-bde8-8fba740c8466,1,0.008333,2016-01-01,2016-01-01,1.0,1.0,0.0,0
d653e0c7-383b-4e16-9d7e-436296b31aca,e1657344-3f5c-46c5-ae1f-4be0086616e2,1,0.008333,2016-01-01,2016-01-01,1.0,1.0,0.0,0
d653e0c7-383b-4e16-9d7e-436296b31aca,e3492ea0-5997-4241-a7bf-2fd7fb1bfad1,1,0.008333,2016-01-01,2016-01-01,1.0,0.2,0.0,1
d653e0c7-383b-4e16-9d7e-436296b31aca,e45cfc46-6f00-460e-b7b8-979a21e80445,1,0.008333,2016-01-01,2016-01-01,1.0,1.0,0.0,0
d653e0c7-383b-4e16-9d7e-436296b31aca,f99ccd31-b368-4b40-bde8-8fba740c8466,1,0.008333,2016-01-01,2016-01-01,1.0,1.0,0.0,0
e1657344-3f5c-46c5-ae1f-4be0086616e2,e3492ea0-5997-4241-a7bf-2fd7fb1bfad1,1,0.008333,2016-01-01,2016-01-01,1.0,0.2,0.0,1
e1657344-3f5c-46c5-ae1f-4be0086616e2,e45cfc46-6f00-460e-b7b8-979a21e80445,1,0.008333,2016-01-01,2016-01-01,1.0,1.0,0.0,0
e1657344-3f5c-46c5-ae1f-4be0086616e2,f99ccd31-b368-4b40-bde8-8fba740c8466,1,0.008333,2016-01-01,2016-01-01,1.0,1.0,0.0,0
e3492ea0-5997-4241-a7bf-2fd7fb1bfad1,e45cfc46-6f00-460e-b7b8-979a21e80445,1,0.008333,2016-01-01,2016-01-01,1.0,0.2,0.0,1
e3492ea0-5997-4241-a7bf-2fd7fb1bfad1,f99ccd31-b368-4b40-bde8-8fba740c8466,1,0.008333,2016-01-01,2016-01-01,1.0,0.2,0.0,1
e45cfc46-6f00-460e-b7b8-979a21e80445,f99ccd31-b368-4b40-bde8-8fba740c8466,1,0.008333,2016-01-01,2016-01-01,1.0,1.0,0.0,0
688178e7-2308-4e8c-8e6d-66a025f895fb,79239441-bfd5-4981-a70c-55c3f15c1287,4,3.333333,2000-01-01,2000-01-01,1.0,0.076923,0.0,1
79239441-bfd5-4981-a70c-55c3f15c1287,a7412cd0-e0b8-4fa1-8d24-75bb92a84946,1,1.0,2000-01-01,2000-01-01,1.0,0.076923,0.0,1
688178e7-2308-4e8c-8e6d-66a025f895fb,7ea95bc8-7c97-4b8c-baf5-f3720bc94b40,1,0.333333,2000-01-01,2000-01-01,1.0,1.0,0.0,0
79239441-bfd5-4981-a70c-55c3f15c1287,7ea95bc8-7c97-4b8c-baf5-f3720bc94b40,1,0.333333,2000-01-01,2000-01-01,1.0,0.076923,0.0,1
ce4a1c08-6912-423f-bf6c-97ce69f5e89f,f95d0f4f-d344-4acd-bec8-cc512b40f629,1,1.0,2019-01-01,2019-01-01,1.0,0.25,0.0,1
61af87f4-16ee-4431-8504-cc06187079fb,6a3cf2b0-b60f-4cc0-805b-730e1f33f505,1,0.1,2017-01-01,2017-01-01,0.63456,0.25,0.0,1
61af87f4-16ee-4431-8504-cc06187079fb,8032cf05-d916-4b2a-9c53-6e75d4a24bd8,1,0.1,2017-01-01,2017-01-01,0.63456,0.75,0.0,0
61af87f4-16ee-4431-8504-cc06187079fb,b3af279a-050e-48d8-ae16-bda20fc04680,1,0.1,2017-01-01,2017-01-01,1.0,0.125,0.0,1
61af87f4-16ee-4431-8504-cc06187079fb,d594304b-5903-46e2-ac82-7f6126cb55e8,1,0.1,2017-01-01,2017-01-01,0.63456,0.25,0.0,1
6a3cf2b0-b60f-4cc0-805b-730e1f33f505,8032cf05-d916-4b2a-9c53-6e75d4a24bd8,4,0.466667,2017-01-01,2020-02-21,1.0,0.333333,0.0,1
6a3cf2b0-b60f-4cc0-805b-730e1f33f505,b3af279a-050e-48d8-ae16-bda20fc04680,1,0.1,2017-01-01,2017-01-01,1.0,0.5,0.0,0
6a3cf2b0-b60f-4cc0-805b-730e1f33f505,d594304b-5903-46e2-ac82-7f6126cb55e8,4,0.466667,2017-01-01,2020-02-21,1.0,1.0,0.0,0
8032cf05-d916-4b2a-9c53-6e75d4a24bd8,b3af279a-050e-48d8-ae16-bda20fc04680,1,0.1,2017-01-01,2017-01-01,1.0,0.166667,0.0,1
8032cf05-d916-4b2a-9c53-6e75d4a24bd8,d594304b-5903-46e2-ac82-7f6126cb55e8,4,0.466667,2017-01-01,2020-02-21,1.0,0.333333,0.0,1
b3af279a-050e-48d8-ae16-bda20fc04680,d594304b-5903-46e2-ac82-7f6126cb55e8,1,0.1,2017-01-01,2017-01-01,1.0,0.5,0.0,0
1d01b5f5-182a-4558-a057-2f3a109cdbcf,6d063567-dbf9-4b2a-bd11-1a4450cd93ca,1,0.333333,2018-03-30,2018-03-30,1.0,1.0,0.0,0
1d01b5f5-182a-4558-a057-2f3a109cdbcf,8032cf05-d916-4b2a-9c53-6e75d4a24bd8,1,0.333333,2018-03-30,2018-03-30,1.0,0.166667,0.0,1
6d063567-dbf9-4b2a-bd11-1a4450cd93ca,8032cf05-d916-4b2a-9c53-6e75d4a24bd8,1,0.333333,2018-03-30,2018-03-30,0.645083,0.166667,0.0,1
bb92cd9f-0446-42bb-adc7-b6f7c5bea2e3,bf24ca37-25f4-4e34-9aec-460b94364cfc,1,1.0,1966-11-01,1966-11-01,1.0,0.166667,0.0,1
c47026a1-3300-4cf7-80df-8b9462a884e4,d378dedb-444f-48f5-a6e6-3e8e31ef6c14,2,0.666667,1967-01-01,1967-01-01,1.0,1.0,1.0,0
c47026a1-3300-4cf7-80df-8b9462a884e4,e4bc69e2-a064-4f93-ada1-f7f209cc1cc3,1,0.333333,1967-01-01,1967-01-01,1.0,0.285714,0.333333,1
d378dedb-444f-48f5-a6e6-3e8e31ef6c14,e4bc69e2-a064-4f93-ada1-f7f209cc1cc3,1,0.333333,1967-01-01,1967-01-01,1.0,0.285714,0.333333,1
2e229823-0fc2-438b-aacb-5de02bd0b9b7,6e0c7c0e-cba5-4c2c-a652-38f71ef5785d,1,0.333333,1978-01-01,1978-01-01,1.0,0.25,0.0,1
2e229823-0fc2-438b-aacb-5de02bd0b9b7,7e6ac2a1-a462-4b63-b536-cff0c0ae4cc7,2,1.333333,1978-01-01,1986-01-01,1.0,0.5,0.0,0
6e0c7c0e-cba5-4c2c-a652-38f71ef5785d,7e6ac2a1-a462-4b63-b536-cff0c0ae4cc7,1,0.333333,1978-01-01,1978-01-01,1.0,0.125,0.0,1
4e4ebde4-0c56-4dec-844b-6c73adcdd92d,7e1e5648-1d6a-4248-975a-98603e781848,1,1.0,2020-01-01,2020-01-01,1.0,0.375,0.0,1
2c418d76-0069-4bb5-bd13-bed68da3ba25,80609a00-b394-4a49-975b-2db6b543fa97,1,0.333333,2020-10-23,2020-10-23,1.0,0.5,0.0,0
2c418d76-0069-4bb5-bd13-bed68da3ba25,c81c430f-dbe1-4a1e-954f-2a89114331e9,1,0.333333,2020-10-23,2020-10-23,1.0,1.0,0.0,0
80609a00-b394-4a49-975b-2db6b543fa97,c81c430f-dbe1-4a1e-954f-2a89114331e9,3,0.535714,2020-10-23,2021-01-01,1.0,0.5,0.0,0
49a0caf5-d4f5-4571-b360-211990f63194,7aa27474-7b32-46c5-a065-ec831e8a70da,1,0.166667,2020-11-06,2020-11-06,0.965196,0.333333,0.0,1
49a0caf5-d4f5-4571-b360-211990f63194,80609a00-b394-4a49-975b-2db6b543fa97,2,0.202381,2020-11-06,2021-01-01,1.0,0.25,0.0,1
49a0caf5-d4f5-4571-b360-211990f63194,c81c430f-dbe1-4a1e-954f-2a89114331e9,2,0.202381,2020-11-06,2021-01-01,1.0,0.333333,0.0,1
7aa27474-7b32-46c5-a065-ec831e8a70da,80609a00-b394-4a49-975b-2db6b543fa97,2,0.202381,2020-11-06,2021-01-01,1.0,0.5,0.0,0
7aa27474-7b32-46c5-a065-ec831e8a70da,c81c430f-dbe1-4a1e-954f-2a89114331e9,1,0.166667,2020-11-06,2020-11-06,0.965196,1.0,0.0,0
384dfb61-c597-4303-97be-667b571041f9,6f8f3635-3ee0-4c43-b8c2-ef7cf6615959,1,0.035714,2021-01-01,2021-01-01,1.0,1.0,0.0,0
384dfb61-c597-4303-97be-667b571041f9,7aa27474-7b32-46c5-a065-ec831e8a70da,1,0.035714,2021-01-01,2021-01-01,1.0,1.0,0.0,0
384dfb61-c597-4303-97be-667b571041f9,80609a00-b394-4a49-975b-2db6b543fa97,1,0.035714,2021-01-01,2021-01-01,1.0,0.5,0.0,0
384dfb61-c597-4303-97be-667b571041f9,b13f0288-830a-4ad7-9c60-830f545e5e2b,2,0.083333,2021-01-01,2023-01-01,1.0,1.0,0.0,0
384dfb61-c597-4303-97be-667b571041f9,d69b82b9-891b-447f-8861-f8986123e7f7,1,0.035714,2021-01-01,2021-01-01,1.0,1.0,0.0,0
384dfb61-c597-4303-97be-667b571041f9,e0140a67-e4d1-4f13-8a01-364355bee46e,1,0.035714,2021-01-01,2021-01-01,1.0,0.111111,0.0,1
384dfb61-c597-4303-97be-667b571041f9,e30acb2c-cb87-4fdb-aa77-bcc658b79e6e,1,0.035714,2021-01-01,2021-01-01,1.0,1.0,0.0,0
6f8f3635-3ee0-4c43-b8c2-ef7cf6615959,7aa27474-7b32-46c5-a065-ec831e8a70da,1,0.035714,2021-01-01,2021-01-01,1.0,1.0,0.0,0
6f8f3635-3ee0-4c43-b8c2-ef7cf6615959,80609a00-b394-4a49-975b-2db6b543fa97,1,0.035714,2021-01-01,2021-01-01,1.0,0.5,0.0,0
6f8f3635-3ee0-4c43-b8c2-ef7cf6615959,b13f0288-830a-4ad7-9c60-830f545e5e2b,1,0.035714,2021-01-01,2021-01-01,1.0,1.0,0.0,0
6f8f3635-3ee0-4c43-b8c2-ef7cf6615959,d69b82b9-891b-447f-8861-f8986123e7f7,1,0.035714,2021-01-01,2021-01-01,1.0,1.0,0.0,0
6f8f3635-3ee0-4c43-b8c2-ef7cf6615959,e0140a67-e4d1-4f13-8a01-364355bee46e,1,0.035714,2021-01-01,2021-01-01,1.0,0.111111,0.0,1
6f8f3635-3ee0-4c43-b8c2-ef7cf6615959,e30acb2c-cb87-4fdb-aa77-bcc658b79e6e,1,0.035714,2021-01-01,2021-01-01,1.0,1.0,0.0,0
7aa27474-7b32-46c5-a065-ec831e8a70da,b13f0288-830a-4ad7-9c60-830f545e5e2b,1,0.035714,2021-01-01,2021-01-01,1.0,1.0,0.0,0
7aa27474-7b32-46c5-a065-ec831e8a70da,d69b82b9-891b-447f-8861-f8986123e7f7,1,0.035714,2021-01-01,2021-01-01,1.0,1.0,0.0,0
7aa27474-7b32-46c5-a065-ec831e8a70da,e0140a67-e4d1-4f13-8a01-364355bee46e,1,0.035714,2021-01-01,2021-01-01,1.0,0.111111,0.0,1
7aa27474-7b32-46c5-a065-ec831e8a70da,e30acb2c-cb87-4fdb-aa77-bcc658b79e6e,1,0.035714,2021-01-01,2021-01-01,1.0,1.0,0.0,0
80609a00-b394-4a49-975b-2db6b543fa97,b13f0288-830a-4ad7-9c60-830f545e5e2b,1,0.035714,2021-01-01,2021-01-01,1.0,0.5,0.0,0
80609a00-b394-4a49-975b-2db6b543fa97,d69b82b9-891b-447f-8861-f8986123e7f7,1,0.035714,2021-01-01,2021-01-01,1.0,0.5,0.0,0
80609a00-b394-4a49-975b-2db6b543fa97,e0140a67-e4d1-4f13-8a01-364355bee46e,2,0.071429,2021-01-01,2021-01-01,1.0,0.222222,0.0,1
80609a00-b394-4a49-975b-2db6b543fa97,e30acb2c-cb87-4fdb-aa77-bcc658b79e6e,1,0.035714,2021-01-01,2021-01-01,1.0,0.5,0.0,0
b13f0288-830a-4ad7-9c60-830f545e5e2b,d69b82b9-891b-447f-8861-f8986123e7f7,1,0.035714,2021-01-01,2021-01-01,1.0,1.0,0.0,0
b13f0288-830a-4ad7-9c60-830f545e5e2b,e0140a67-e4d1-4f13-8a01-364355bee46e,1,0.035714,2021-01-01,2021-01-01,1.0,0.111111,0.0,1
b13f0288-830a-4ad7-9c60-830f545e5e2b,e30acb2c-cb87-4fdb-aa77-bcc658b79e6e,1,0.035714,2021-01-01,2021-01-01,1.0,1.0,0.0,0
d69b82b9-891b-447f-8861-f8986123e7f7,e0140a67-e4d1-4f13-8a01-364355bee46e,1,0.035714,2021-01-01,2021-01-01,1.0,0.111111,0.0,1
d69b82b9-891b-447f-8861-f8986123e7f7,e30acb2c-cb87-4fdb-aa77-bcc658b79e6e,1,0.035714,2021-01-01,2021-01-01,1.0,1.0,0.0,0
e0140a67-e4d1-4f13-8a01-364355bee46e,e30acb2c-cb87-4fdb-aa77-bcc658b79e6e,1,0.035714,2021-01-01,2021-01-01,1.0,0.111111,0.0,1
49a0caf5-d4f5-4571-b360-211990f63194,525f1f1c-03f0-4bc8-8dfd-e7521f87631b,1,0.035714,2021-01-01,2021-01-01,1.0,0.214286,0.0,1
49a0caf5-d4f5-4571-b360-211990f63194,53e1c16b-d6e4-4086-b3e6-a6fd29ab0321,1,0.035714,2021-01-01,2021-01-01,0.490523,0.333333,0.0,1
49a0caf5-d4f5-4571-b360-211990f63194,6dfc8dc4-5b10-4d50-add2-c56104bd235b,1,0.035714,2021-01-01,2021-01-01,1.0,0.333333,0.0,1
49a0caf5-d4f5-4571-b360-211990f63194,8fbcd70f-bf1e-4624-b94a-fcff6b0c637e,1,0.035714,2021-01-01,2021-01-01,1.0,0.333333,0.0,1
49a0caf5-d4f5-4571-b360-211990f63194,e0140a67-e4d1-4f13-8a01-364355bee46e,1,0.035714,2021-01-01,2021-01-01,1.0,0.333333,0.0,1
525f1f1c-03f0-4bc8-8dfd-e7521f87631b,53e1c16b-d6e4-4086-b3e6-a6fd29ab0321,1,0.035714,2021-01-01,2021-01-01,1.0,0.071429,0.0,1
525f1f1c-03f0-4bc8-8dfd-e7521f87631b,6dfc8dc4-5b10-4d50-add2-c56104bd235b,1,0.035714,2021-01-01,2021-01-01,1.0,0.071429,0.0,1
525f1f1c-03f0-4bc8-8dfd-e7521f87631b,80609a00-b394-4a49-975b-2db6b543fa97,1,0.035714,2021-01-01,2021-01-01,1.0,0.142857,0.0,1
525f1f1c-03f0-4bc8-8dfd-e7521f87631b,8fbcd70f-bf1e-4624-b94a-fcff6b0c637e,1,0.035714,2021-01-01,2021-01-01,1.0,0.071429,0.0,1
525f1f1c-03f0-4bc8-8dfd-e7521f87631b,c81c430f-dbe1-4a1e-954f-2a89114331e9,1,0.035714,2021-01-01,2021-01-01,1.0,0.071429,0.0,1
525f1f1c-03f0-4bc8-8dfd-e7521f87631b,e0140a67-e4d1-4f13-8a01-364355bee46e,1,0.035714,2021-01-01,2021-01-01,1.0,0.533333,1.0,0
53e1c16b-d6e4-4086-b3e6-a6fd29ab0321,6dfc8dc4-5b10-4d50-add2-c56104bd235b,1,0.035714,2021-01-01,2021-01-01,1.0,1.0,0.0,0
53e1c16b-d6e4-4086-b3e6-a6fd29ab0321,80609a00-b394-4a49-975b-2db6b543fa97,1,0.035714,2021-01-01,2021-01-01,1.0,0.5,0.0,0
53e1c16b-d6e4-4086-b3e6-a6fd29ab0321,8fbcd70f-bf1e-4624-b94a-fcff6b0c637e,1,0.035714,2021-01-01,2021-01-01,1.0,1.0,0.0,0
53e1c16b-d6e4-4086-b3e6-a6fd29ab0321,c81c430f-dbe1-4a1e-954f-2a89114331e9,1,0.035714,2021-01-01,2021-01-01,1.0,1.0,0.0,0
53e1c16b-d6e4-4086-b3e6-a6fd29ab0321,e0140a67-e4d1-4f13-8a01-364355bee46e,1,0.035714,2021-01-01,2021-01-01,1.0,0.111111,0.0,1
6dfc8dc4-5b10-4d50-add2-c56104bd235b,80609a00-b394-4a49-975b-2db6b543fa97,1,0.035714,2021-01-01,2021-01-01,1.0,0.5,0.0,0
6dfc8dc4-5b10-4d50-add2-c56104bd235b,8fbcd70f-bf1e-4624-b94a-fcff6b0c637e,1,0.035714,2021-01-01,2021-01-01,1.0,1.0,0.0,0
6dfc8dc4-5b10-4d50-add2-c56104bd235b,c81c430f-dbe1-4a1e-954f-2a89114331e9,1,0.035714,2021-01-01,2021-01-01,1.0,1.0,0.0,0
6dfc8dc4-5b10-4d50-add2-c56104bd235b,e0140a67-e4d1-4f13-8a01-364355bee46e,1,0.035714,2021-01-01,2021-01-01,1.0,0.111111,0.0,1
80609a00-b394-4a49-975b-2db6b543fa97,8fbcd70f-bf1e-4624-b94a-fcff6b0c637e,1,0.035714,2021-01-01,2021-01-01,1.0,0.5,0.0,0
8fbcd70f-bf1e-4624-b94a-fcff6b0c637e,c81c430f-dbe1-4a1e-954f-2a89114331e9,1,0.035714,2021-01-01,2021-01-01,1.0,1.0,0.0,0
8fbcd70f-bf1e-4624-b94a-fcff6b0c637e,e0140a67-e4d1-4f13-8a01-364355bee46e,1,0.035714,2021-01-01,2021-01-01,1.0,0.111111,0.0,1
c81c430f-dbe1-4a1e-954f-2a89114331e9,e0140a67-e4d1-4f13-8a01-364355bee46e,1,0.035714,2021-01-01,2021-01-01,1.0,0.111111,0.0,1
8ef1df30-ae4f-4dbd-9351-1a32b208a01e,b5ffc3aa-b868-4b88-905f-d73d51dbe51c,1,0.333333,1970-01-01,1970-01-01,0.15749,0.076923,0.625,0
8ef1df30-ae4f-4dbd-9351-1a32b208a01e,f0ed72a3-ae8f-4cf7-b51d-2696a2330230,1,0.333333,1970-01-01,1970-01-01,0.15749,0.076923,0.625,0
b5ffc3aa-b868-4b88-905f-d73d51dbe51c,f0ed72a3-ae8f-4cf7-b51d-2696a2330230,6,2.666667,1966-01-01,1978-01-01,1.0,1.0,1.0,0
643ff039-e473-4178-b523-a76a67b7cdd7,84490b56-ff86-4492-be8e-ae565b50f97e,1,1.0,1972-01-01,1972-01-01,1.0,1.0,0.0,0
800760de-bdf8-43a2-8fe0-44a2401a5515,d1364e26-224d-4294-bf0c-fee194f71df4,1,0.166667,2015-05-29,2015-05-29,1.0,0.166667,0.0,1
800760de-bdf8-43a2-8fe0-44a2401a5515,d1515727-4a93-4c0d-88cb-d7a9fce01879,1,0.166667,2015-05-29,2015-05-29,1.0,0.166667,0.0,1
800760de-bdf8-43a2-8fe0-44a2401a5515,d7641934-7dfb-49ea-b948-da0b12816b12,1,0.166667,2015-05-29,2015-05-29,1.0,0.166667,0.0,1
d1364e26-224d-4294-bf0c-fee194f71df4,d1515727-4a93-4c0d-88cb-d7a9fce01879,1,0.166667,2015-05-29,2015-05-29,1.0,1.0,0.0,0
d1364e26-224d-4294-bf0c-fee194f71df4,d7641934-7dfb-49ea-b948-da0b12816b12,1,0.166667,2015-05-29,2015-05-29,1.0,1.0,0.0,0
d1515727-4a93-4c0d-88cb-d7a9fce01879,d7641934-7dfb-49ea-b948-da0b12816b12,1,0.166667,2015-05-29,2015-05-29,1.0,1.0,0.0,0
25b342ab-eafb-40f7-8a0f-16ce588d9ff2,800760de-bdf8-43a2-8fe0-44a2401a5515,1,0.333333,2015-09-16,2015-09-16,1.0,0.166667,0.0,1
25b342ab-eafb-40f7-8a0f-16ce588d9ff2,97bdfc6a-da6e-407b-8713-543156ed322a,1,0.333333,2015-09-16,2015-09-16,1.0,1.0,0.0,0
800760de-bdf8-43a2-8fe0-44a2401a5515,97bdfc6a-da6e-407b-8713-543156ed322a,1,0.333333,2015-09-16,2015-09-16,1.0,0.166667,0.0,1
0eb93ee5-2e6a-4ab4-a988-99c9139a664a,800760de-bdf8-43a2-8fe0-44a2401a5515,1,0.047619,2016-01-01,2016-01-01,0.499921,0.333333,0.25,1
0eb93ee5-2e6a-4ab4-a988-99c9139a664a,adaf0068-1c86-4166-8cee-f0a53f4854c4,1,0.047619,2016-01-01,2016-01-01,1.0,0.5,0.0,0
0eb93ee5-2e6a-4ab4-a988-99c9139a664a,b8df4f20-fddd-40ea-966e-55028f6043c7,1,0.047619,2016-01-01,2016-01-01,1.0,0.5,0.0,0
0eb93ee5-2e6a-4ab4-a988-99c9139a664a,c8b03190-306c-4120-bb0b-6f2ebfc06ea9,1,0.047619,2016-01-01,2016-01-01,0.15749,0.2,0.2,1
0eb93ee5-2e6a-4ab4-a988-99c9139a664a,d44ab93a-98c0-483f-ae58-8f9255f816d3,1,0.047619,2016-01-01,2016-01-01,1.0,0.5,0.0,0
0eb93ee5-2e6a-4ab4-a988-99c9139a664a,f15651b5-67ab-43f5-8bb6-5a1138759e9e,1,0.047619,2016-01-01,2016-01-01,1.0,0.5,0.0,0
800760de-bdf8-43a2-8fe0-44a2401a5515,adaf0068-1c86-4166-8cee-f0a53f4854c4,1,0.047619,2016-01-01,2016-01-01,1.0,0.166667,0.0,1
800760de-bdf8-43a2-8fe0-44a2401a5515,b8df4f20-fddd-40ea-966e-55028f6043c7,1,0.047619,2016-01-01,2016-01-01,1.0,0.166667,0.0,1
800760de-bdf8-43a2-8fe0-44a2401a5515,c8b03190-306c-4120-bb0b-6f2ebfc06ea9,1,0.047619,2016-01-01,2016-01-01,0.499921,0.454545,0.125,1
800760de-bdf8-43a2-8fe0-44a2401a5515,d44ab93a-98c0-483f-ae58-8f9255f816d3,1,0.047619,2016-01-01,2016-01-01,1.0,0.166667,0.0,1
800760de-bdf8-43a2-8fe0-44a2401a5515,f15651b5-67ab-43f5-8bb6-5a1138759e9e,1,0.047619,2016-01-01,2016-01-01,1.0,0.166667,0.0,1
adaf0068-1c86-4166-8cee-f0a53f4854c4,b8df4f20-fddd-40ea-966e-55028f6043c7,1,0.047619,2016-01-01,2016-01-01,1.0,1.0,0.0,0
adaf0068-1c86-4166-8cee-f0a53f4854c4,c8b03190-306c-4120-bb0b-6f2ebfc06ea9,1,0.047619,2016-01-01,2016-01-01,1.0,0.1,0.0,1
adaf0068-1c86-4166-8cee-f0a53f4854c4,d44ab93a-98c0-483f-ae58-8f9255f816d3,1,0.047619,2016-01-01,2016-01-01,1.0,1.0,0.0,0
adaf0068-1c86-4166-8cee-f0a53f4854c4,f15651b5-67ab-43f5-8bb6-5a1138759e9e,1,0.047619,2016-01-01,2016-01-01,1.0,1.0,0.0,0
b8df4f20-fddd-40ea-966e-55028f6043c7,c8b03190-306c-4120-bb0b-6f2ebfc06ea9,1,0.047619,2016-01-01,2016-01-01,1.0,0.1,0.0,1
b8df4f20-fddd-40ea-966e-55028f6043c7,d44ab93a-98c0-483f-ae58-8f9255f816d3,1,0.047619,2016-01-01,2016-01-01,1.0,1.0,0.0,0
b8df4f20-fddd-40ea-966e-55028f6043c7,f15651b5-67ab-43f5-8bb6-5a1138759e9e,1,0.047619,2016-01-01,2016-01-01,1.0,1.0,0.0,0
c8b03190-306c-4120-bb0b-6f2ebfc06ea9,d44ab93a-98c0-483f-ae58-8f9255f816d3,1,0.047619,2016-01-01,2016-01-01,1.0,0.1,0.0,1
c8b03190-306c-4120-bb0b-6f2ebfc06ea9,f15651b5-67ab-43f5-8bb6-5a1138759e9e,1,0.047619,2016-01-01,2016-01-01,1.0,0.1,0.0,1
d44ab93a-98c0-483f-ae58-8f9255f816d3,f15651b5-67ab-43f5-8bb6-5a1138759e9e,1,0.047619,2016-01-01,2016-01-01,1.0,1.0,0.0,0
00136dd9-1047-4999-af1f-d709c5fa09f9,01b8b5bf-06cb-45da-85fb-61ada72fcd69,1,0.022222,2017-01-01,2017-01-01,1.0,0.25,0.2,1
00136dd9-1047-4999-af1f-d709c5fa09f9,03180405-1b26-42dc-80da-7e50fbb4c936,4,0.184127,2016-01-01,2021-01-01,1.0,1.0,1.0,0
00136dd9-1047-4999-af1f-d709c5fa09f9,149f91ef-1287-46da-9a8e-87fee02f1471,1,0.022222,2017-01-01,2017-01-01,0.39685,0.076923,0.090909,1
00136dd9-1047-4999-af1f-d709c5fa09f9,7b14eedd-89d1-4df5-b38d-5260b759c5df,3,0.11746,2016-01-01,2017-01-01,1.0,1.0,1.0,0
00136dd9-1047-4999-af1f-d709c5fa09f9,800760de-bdf8-43a2-8fe0-44a2401a5515,1,0.022222,2017-01-01,2017-01-01,0.63016,0.166667,1.0,0
00136dd9-1047-4999-af1f-d709c5fa09f9,9f3576a9-ef8d-44d2-bd05-0c3ce1ea691d,1,0.022222,2017-01-01,2017-01-01,1.0,1.0,1.0,0
00136dd9-1047-4999-af1f-d709c5fa09f9,c0367e31-dc3a-4f5e-9d24-0e3af39a8704,4,0.184127,2016-01-01,2021-01-01,1.0,1.0,1.0,0
00136dd9-1047-4999-af1f-d709c5fa09f9,e96edb5d-52c3-4ba9-8097-9a4e8c5e2f88,1,0.022222,2017-01-01,2017-01-01,1.0,1.0,1.0,0
00136dd9-1047-4999-af1f-d709c5fa09f9,fb7d550f-7518-41ba-95db-33db5287d8e2,1,0.022222,2017-01-01,2017-01-01,0.633357,0.5,0.333333,0
01b8b5bf-06cb-45da-85fb-61ada72fcd69,03180405-1b26-42dc-80da-7e50fbb4c936,1,0.022222,2017-01-01,2017-01-01,1.0,0.25,0.2,1
01b8b5bf-06cb-45da-85fb-61ada72fcd69,149f91ef-1287-46da-9a8e-87fee02f1471,1,0.022222,2017-01-01,2017-01-01,1.0,0.307692,0.066667,1
01b8b5bf-06cb-45da-85fb-61ada72fcd69,7b14eedd-89d1-4df5-b38d-5260b759c5df,1,0.022222,2017-01-01,2017-01-01,1.0,0.25,0.2,1
01b8b5bf-06cb-45da-85fb-61ada72fcd69,800760de-bdf8-43a2-8fe0-44a2401a5515,1,0.022222,2017-01-01,2017-01-01,1.0,0.666667,0.2,0
01b8b5bf-06cb-45da-85fb-61ada72fcd69,9f3576a9-ef8d-44d2-bd05-0c3ce1ea691d,1,0.022222,2017-01-01,2017-01-01,1.0,0.25,0.2,1
01b8b5bf-06cb-45da-85fb-61ada72fcd69,c0367e31-dc3a-4f5e-9d24-0e3af39a8704,1,0.022222,2017-01-01,2017-01-01,1.0,0.25,0.2,1
01b8b5bf-06cb-45da-85fb-61ada72fcd69,e96edb5d-52c3-4ba9-8097-9a4e8c5e2f88,1,0.022222,2017-01-01,2017-01-01,1.0,0.25,0.2,1
01b8b5bf-06cb-45da-85fb-61ada72fcd69,fb7d550f-7518-41ba-95db-33db5287d8e2,1,0.022222,2017-01-01,2017-01-01,1.0,0.2,0.142857,1
03180405-1b26-42dc-80da-7e50fbb4c936,149f91ef-1287-46da-9a8e-87fee02f1471,1,0.022222,2017-01-01,2017-01-01,0.39685,0.076923,0.090909,1
03180405-1b26-42dc-80da-7e50fbb4c936,7b14eedd-89d1-4df5-b38d-5260b759c5df,3,0.11746,2016-01-01,2017-01-01,1.0,1.0,1.0,0
03180405-1b26-42dc-80da-7e50fbb4c936,800760de-bdf8-43a2-8fe0-44a2401a5515,1,0.022222,2017-01-01,2017-01-01,0.63016,0.166667,1.0,0
03180405-1b26-42dc-80da-7e50fbb4c936,9f3576a9-ef8d-44d2-bd05-0c3ce1ea691d,1,0.022222,2017-01-01,2017-01-01,1.0,1.0,1.0,0
03180405-1b26-42dc-80da-7e50fbb4c936,c0367e31-dc3a-4f5e-9d24-0e3af39a8704,4,0.184127,2016-01-01,2021-01-01,1.0,1.0,1.0,0
03180405-1b26-42dc-80da-7e50fbb4c936,e96edb5d-52c3-4ba9-8097-9a4e8c5e2f88,1,0.022222,2017-01-01,2017-01-01,1.0,1.0,1.0,0
03180405-1b26-42dc-80da-7e50fbb4c936,fb7d550f-7518-41ba-95db-33db5287d8e2,1,0.022222,2017-01-01,2017-01-01,0.633357,0.5,0.333333,0
149f91ef-1287-46da-9a8e-87fee02f1471,7b14eedd-89d1-4df5-b38d-5260b759c5df,1,0.022222,2017-01-01,2017-01-01,1.0,0.076923,0.090909,1
149f91ef-1287-46da-9a8e-87fee02f1471,800760de-bdf8-43a2-8fe0-44a2401a5515,1,0.022222,2017-01-01,2017-01-01,0.63016,0.461538,0.090909,1
149f91ef-1287-46da-9a8e-87fee02f1471,9f3576a9-ef8d-44d2-bd05-0c3ce1ea691d,1,0.022222,2017-01-01,2017-01-01,1.0,0.076923,0.090909,1
149f91ef-1287-46da-9a8e-87fee02f1471,c0367e31-dc3a-4f5e-9d24-0e3af39a8704,1,0.022222,2017-01-01,2017-01-01,0.39685,0.076923,0.090909,1
149f91ef-1287-46da-9a8e-87fee02f1471,e96edb5d-52c3-4ba9-8097-9a4e8c5e2f88,1,0.022222,2017-01-01,2017-01-01,1.0,0.076923,0.090909,1
149f91ef-1287-46da-9a8e-87fee02f1471,fb7d550f-7518-41ba-95db-33db5287d8e2,1,0.022222,2017-01-01,2017-01-01,0.633357,0.153846,0.166667,1
7b14eedd-89d1-4df5-b38d-5260b759c5df,800760de-bdf8-43a2-8fe0-44a2401a5515,1,0.022222,2017-01-01,2017-01-01,1.0,0.166667,1.0,0
7b14eedd-89d1-4df5-b38d-5260b759c5df,9f3576a9-ef8d-44d2-bd05-0c3ce1ea691d,1,0.022222,2017-01-01,2017-01-01,1.0,1.0,1.0,0
7b14eedd-89d1-4df5-b38d-5260b759c5df,c0367e31-dc3a-4f5e-9d24-0e3af39a8704,3,0.11746,2016-01-01,2017-01-01,1.0,1.0,1.0,0
7b14eedd-89d1-4df5-b38d-5260b759c5df,e96edb5d-52c3-4ba9-8097-9a4e8c5e2f88,1,0.022222,2017-01-01,2017-01-01,1.0,1.0,1.0,0
7b14eedd-89d1-4df5-b38d-5260b759c5df,fb7d550f-7518-41ba-95db-33db5287d8e2,1,0.022222,2017-01-01,2017-01-01,1.0,0.5,0.333333,0
800760de-bdf8-43a2-8fe0-44a2401a5515,9f3576a9-ef8d-44d2-bd05-0c3ce1ea691d,1,0.022222,2017-01-01,2017-01-01,1.0,0.166667,1.0,0
800760de-bdf8-43a2-8fe0-44a2401a5515,c0367e31-dc3a-4f5e-9d24-0e3af39a8704,1,0.022222,2017-01-01,2017-01-01,0.63016,0.166667,1.0,0
800760de-bdf8-43a2-8fe0-44a2401a5515,e96edb5d-52c3-4ba9-8097-9a4e8c5e2f88,1,0.022222,2017-01-01,2017-01-01,1.0,0.166667,1.0,0
800760de-bdf8-43a2-8fe0-44a2401a5515,fb7d550f-7518-41ba-95db-33db5287d8e2,1,0.022222,2017-01-01,2017-01-01,0.633357,0.333333,0.333333,1
9f3576a9-ef8d-44d2-bd05-0c3ce1ea691d,c0367e31-dc3a-4f5e-9d24-0e3af39a8704,1,0.022222,2017-01-01,2017-01-01,1.0,1.0,1.0,0
9f3576a9-ef8d-44d2-bd05-0c3ce1ea691d,e96edb5d-52c3-4ba9-8097-9a4e8c5e2f88,1,0.022222,2017-01-01,2017-01-01,1.0,1.0,1.0,0
9f3576a9-ef8d-44d2-bd05-0c3ce1ea691d,fb7d550f-7518-41ba-95db-33db5287d8e2,1,0.022222,2017-01-01,2017-01-01,1.0,0.5,0.333333,0
c0367e31-dc3a-4f5e-9d24-0e3af39a8704,e96edb5d-52c3-4ba9-8097-9a4e8c5e2f88,1,0.022222,2017-01-01,2017-01-01,1.0,1.0,1.0,0
c0367e31-dc3a-4f5e-9d24-0e3af39a8704,fb7d550f-7518-41ba-95db-33db5287d8e2,2,0.122222,2017-01-01,2018-12-24,1.0,0.5,0.333333,0
e96edb5d-52c3-4ba9-8097-9a4e8c5e2f88,fb7d550f-7518-41ba-95db-33db5287d8e2,1,0.022222,2017-01-01,2017-01-01,1.0,0.5,0.333333,0
3bc3874f-bd74-4678-af6e-458159b21e2d,3c714102-94d8-42f4-9005-fb8a75c2766d,1,0.166667,1933-02-01,1933-02-01,1.0,0.0,0.5,0
3bc3874f-bd74-4678-af6e-458159b21e2d,40b7e836-a995-447c-9fa6-ddaff888ba6c,1,0.166667,1933-02-01,1933-02-01,1.0,1.0,1.0,0
3bc3874f-bd74-4678-af6e-458159b21e2d,765d18ec-8a76-4f6e-9c6e-cd78a223724c,1,0.166667,1933-02-01,1933-02-01,1.0,0.0,1.0,0
3c714102-94d8-42f4-9005-fb8a75c2766d,40b7e836-a995-447c-9fa6-ddaff888ba6c,1,0.166667,1933-02-01,1933-02-01,1.0,0.0,0.5,0
3c714102-94d8-42f4-9005-fb8a75c2766d,765d18ec-8a76-4f6e-9c6e-cd78a223724c,1,0.166667,1933-02-01,1933-02-01,1.0,0.25,0.5,0
40b7e836-a995-447c-9fa6-ddaff888ba6c,765d18ec-8a76-4f6e-9c6e-cd78a223724c,1,0.166667,1933-02-01,1933-02-01,1.0,0.0,1.0,0
3377f3bb-60fc-4403-aea9-7e800612e060,d43d12a1-2dc9-4257-a2fd-0a3bb1081b86,1,1.0,1956-05-19,1956-05-19,0.042978,0.5,0.0,0
b577106c-0d64-47a2-858e-692361b00344,d594304b-5903-46e2-ac82-7f6126cb55e8,1,0.333333,2019-01-01,2019-01-01,1.0,0.5,1.0,0
b577106c-0d64-47a2-858e-692361b00344,e6fdf3f9-8077-4126-b0cf-94da9a8b627e,1,0.333333,2019-01-01,2019-01-01,1.0,0.5,1.0,0
d594304b-5903-46e2-ac82-7f6126cb55e8,e6fdf3f9-8077-4126-b0cf-94da9a8b627e,2,0.433333,2019-01-01,2020-02-21,1.0,0.333333,1.0,0
24dd46e1-a787-47ce-aa5d-d76c72c435e4,6a3cf2b0-b60f-4cc0-805b-730e1f33f505,1,0.1,2020-02-21,2020-02-21,1.0,0.5,0.0,0
24dd46e1-a787-47ce-aa5d-d76c72c435e4,8032cf05-d916-4b2a-9c53-6e75d4a24bd8,1,0.1,2020-02-21,2020-02-21,1.0,0.166667,0.0,1
24dd46e1-a787-47ce-aa5d-d76c72c435e4,d594304b-5903-46e2-ac82-7f6126cb55e8,1,0.1,2020-02-21,2020-02-21,1.0,0.5,0.0,0
24dd46e1-a787-47ce-aa5d-d76c72c435e4,e6fdf3f9-8077-4126-b0cf-94da9a8b627e,1,0.1,2020-02-21,2020-02-21,1.0,0.0,0.0,1
6a3cf2b0-b60f-4cc0-805b-730e1f33f505,e6fdf3f9-8077-4126-b0cf-94da9a8b627e,1,0.1,2020-02-21,2020-02-21,1.0,0.333333,0.0,1
8032cf05-d916-4b2a-9c53-6e75d4a24bd8,e6fdf3f9-8077-4126-b0cf-94da9a8b627e,1,0.1,2020-02-21,2020-02-21,1.0,0.333333,0.0,1
23d25388-2875-4562-b025-c2cf2ed1501d,75d8a4a6-4fd0-4860-a960-55865811c973,1,0.066667,2023-06-09,2023-06-09,1.0,1.0,0.0,0
23d25388-2875-4562-b025-c2cf2ed1501d,9f75277c-b283-4846-ac8c-f932255cd0ac,1,0.066667,2023-06-09,2023-06-09,1.0,0.2,0.0,1
23d25388-2875-4562-b025-c2cf2ed1501d,a0b8cfb8-40c6-4f3a-887a-bb571cd711ef,1,0.066667,2023-06-09,2023-06-09,1.0,1.0,0.0,0
23d25388-2875-4562-b025-c2cf2ed1501d,bf93639c-1d7e-44ff-9331-91d871b6e14b,1,0.066667,2023-06-09,2023-06-09,1.0,1.0,0.0,0
23d25388-2875-4562-b025-c2cf2ed1501d,ee190f6b-7d98-43ec-b924-da5f8018eca0,1,0.066667,2023-06-09,2023-06-09,1.0,1.0,0.0,0
75d8a4a6-4fd0-4860-a960-55865811c973,9f75277c-b283-4846-ac8c-f932255cd0ac,1,0.066667,2023-06-09,2023-06-09,1.0,0.2,0.0,1
75d8a4a6-4fd0-4860-a960-55865811c973,a0b8cfb8-40c6-4f3a-887a-bb571cd711ef,1,0.066667,2023-06-09,2023-06-09,1.0,1.0,0.0,0
75d8a4a6-4fd0-4860-a960-55865811c973,bf93639c-1d7e-44ff-9331-91d871b6e14b,1,0.066667,2023-06-09,2023-06-09,1.0,1.0,0.0,0
75d8a4a6-4fd0-4860-a960-55865811c973,ee190f6b-7d98-43ec-b924-da5f8018eca0,1,0.066667,2023-06-09,2023-06-09,1.0,1.0,0.0,0
9f75277c-b283-4846-ac8c-f932255cd0ac,a0b8cfb8-40c6-4f3a-887a-bb571cd711ef,1,0.066667,2023-06-09,2023-06-09,1.0,0.2,0.0,1
9f75277c-b283-4846-ac8c-f932255cd0ac,bf93639c-1d7e-44ff-9331-91d871b6e14b,1,0.066667,2023-06-09,2023-06-09,1.0,0.2,0.0,1
9f75277c-b283-4846-ac8c-f932255cd0ac,ee190f6b-7d98-43ec-b924-da5f8018eca0,1,0.066667,2023-06-09,2023-06-09,1.0,0.2,0.0,1
a0b8cfb8-40c6-4f3a-887a-bb571cd711ef,bf93639c-1d7e-44ff-9331-91d871b6e14b,1,0.066667,2023-06-09,2023-06-09,1.0,1.0,0.0,0
a0b8cfb8-40c6-4f3a-887a-bb571cd711ef,ee190f6b-7d98-43ec-b924-da5f8018eca0,1,0.066667,2023-06-09,2023-06-09,1.0,1.0,0.0,0
bf93639c-1d7e-44ff-9331-91d871b6e14b,ee190f6b-7d98-43ec-b924-da5f8018eca0,1,0.066667,2023-06-09,2023-06-09,1.0,1.0,0.0,0
04c39fec-5b44-4f11-9c73-af4f562334c7,3b4dcae0-6d33-489f-8923-daea4f512cac,1,0.166667,2023-08-18,2023-08-18,1.0,0.5,0.0,0
04c39fec-5b44-4f11-9c73-af4f562334c7,9f75277c-b283-4846-ac8c-f932255cd0ac,1,0.166667,2023-08-18,2023-08-18,1.0,0.166667,0.0,1
3394771a-a36b-4739-bcd9-301d09121af8,3b4dcae0-6d33-489f-8923-daea4f512cac,1,0.166667,2023-08-18,2023-08-18,1.0,0.5,0.0,0
3394771a-a36b-4739-bcd9-301d09121af8,9f75277c-b283-4846-ac8c-f932255cd0ac,1,0.166667,2023-08-18,2023-08-18,1.0,0.166667,0.0,1
3b4dcae0-6d33-489f-8923-daea4f512cac,9f75277c-b283-4846-ac8c-f932255cd0ac,1,0.166667,2023-08-18,2023-08-18,1.0,0.2,0.0,1
149f91ef-1287-46da-9a8e-87fee02f1471,2baf3276-ed6a-4349-8d2e-f4601e7b2167,1,0.018182,2024-01-01,2024-01-01,1.0,0.461538,0.533333,0
149f91ef-1287-46da-9a8e-87fee02f1471,2bfdb8f3-5688-4a85-9f84-88f5e840e485,1,0.018182,2024-01-01,2024-01-01,1.0,0.076923,0.727273,0
149f91ef-1287-46da-9a8e-87fee02f1471,3b4e8a00-22d2-4451-87a7-c1a0454d5bbc,1,0.018182,2024-01-01,2024-01-01,1.0,0.076923,0.727273,0
149f91ef-1287-46da-9a8e-87fee02f1471,4d347472-05cd-469f-8b03-864b344d007a,1,0.018182,2024-01-01,2024-01-01,1.0,0.076923,0.727273,0
149f91ef-1287-46da-9a8e-87fee02f1471,73e36439-1e9a-4925-bf2c-1d7f7885fbb0,1,0.018182,2024-01-01,2024-01-01,1.0,0.076923,0.727273,0
149f91ef-1287-46da-9a8e-87fee02f1471,791da60e-0108-4400-9e84-ca2fe8e74b64,1,0.018182,2024-01-01,2024-01-01,1.0,0.076923,0.727273,0
149f91ef-1287-46da-9a8e-87fee02f1471,8ad965bc-fb65-459f-beaa-116960dd7bc9,1,0.018182,2024-01-01,2024-01-01,1.0,0.076923,0.727273,0
149f91ef-1287-46da-9a8e-87fee02f1471,9f75277c-b283-4846-ac8c-f932255cd0ac,1,0.018182,2024-01-01,2024-01-01,1.0,0.285714,0.727273,0
149f91ef-1287-46da-9a8e-87fee02f1471,c890f46c-7e63-4c53-900f-65ab74878806,1,0.018182,2024-01-01,2024-01-01,1.0,0.076923,0.727273,0
149f91ef-1287-46da-9a8e-87fee02f1471,c8b03190-306c-4120-bb0b-6f2ebfc06ea9,1,0.018182,2024-01-01,2024-01-01,1.0,0.769231,0.727273,0
2baf3276-ed6a-4349-8d2e-f4601e7b2167,2bfdb8f3-5688-4a85-9f84-88f5e840e485,1,0.018182,2024-01-01,2024-01-01,1.0,0.166667,0.666667,0
2baf3276-ed6a-4349-8d2e-f4601e7b2167,3b4e8a00-22d2-4451-87a7-c1a0454d5bbc,1,0.018182,2024-01-01,2024-01-01,1.0,0.166667,0.666667,0
2baf3276-ed6a-4349-8d2e-f4601e7b2167,4d347472-05cd-469f-8b03-864b344d007a,2,0.053896,2023-12-15,2024-01-01,1.0,0.166667,0.666667,0
2baf3276-ed6a-4349-8d2e-f4601e7b2167,73e36439-1e9a-4925-bf2c-1d7f7885fbb0,1,0.018182,2024-01-01,2024-01-01,1.0,0.166667,0.666667,0
2baf3276-ed6a-4349-8d2e-f4601e7b2167,791da60e-0108-4400-9e84-ca2fe8e74b64,1,0.018182,2024-01-01,2024-01-01,1.0,0.166667,0.666667,0
2baf3276-ed6a-4349-8d2e-f4601e7b2167,8ad965bc-fb65-459f-beaa-116960dd7bc9,1,0.018182,2024-01-01,2024-01-01,1.0,0.166667,0.666667,0
2baf3276-ed6a-4349-8d2e-f4601e7b2167,9f75277c-b283-4846-ac8c-f932255cd0ac,1,0.018182,2024-01-01,2024-01-01,1.0,0.571429,0.666667,0
2baf3276-ed6a-4349-8d2e-f4601e7b2167,c890f46c-7e63-4c53-900f-65ab74878806,2,0.053896,2023-12-15,2024-01-01,1.0,0.166667,0.666667,0
2baf3276-ed6a-4349-8d2e-f4601e7b2167,c8b03190-306c-4120-bb0b-6f2ebfc06ea9,1,0.018182,2024-01-01,2024-01-01,1.0,0.6,0.666667,0
2bfdb8f3-5688-4a85-9f84-88f5e840e485,3b4e8a00-22d2-4451-87a7-c1a0454d5bbc,1,0.018182,2024-01-01,2024-01-01,1.0,1.0,1.0,0
2bfdb8f3-5688-4a85-9f84-88f5e840e485,4d347472-05cd-469f-8b03-864b344d007a,1,0.018182,2024-01-01,2024-01-01,1.0,1.0,1.0,0
2bfdb8f3-5688-4a85-9f84-88f5e840e485,73e36439-1e9a-4925-bf2c-1d7f7885fbb0,1,0.018182,2024-01-01,2024-01-01,1.0,1.0,1.0,0
2bfdb8f3-5688-4a85-9f84-88f5e840e485,791da60e-0108-4400-9e84-ca2fe8e74b64,1,0.018182,2024-01-01,2024-01-01,1.0,1.0,1.0,0
2bfdb8f3-5688-4a85-9f84-88f5e840e485,8ad965bc-fb65-459f-beaa-116960dd7bc9,1,0.018182,2024-01-01,2024-01-01,1.0,1.0,1.0,0
2bfdb8f3-5688-4a85-9f84-88f5e840e485,9f75277c-b283-4846-ac8c-f932255cd0ac,1,0.018182,2024-01-01,2024-01-01,1.0,0.2,1.0,0
2bfdb8f3-5688-4a85-9f84-88f5e840e485,c890f46c-7e63-4c53-900f-65ab74878806,1,0.018182,2024-01-01,2024-01-01,1.0,1.0,1.0,0
2bfdb8f3-5688-4a85-9f84-88f5e840e485,c8b03190-306c-4120-bb0b-6f2ebfc06ea9,1,0.018182,2024-01-01,2024-01-01,1.0,0.1,1.0,0
3b4e8a00-22d2-4451-87a7-c1a0454d5bbc,4d347472-05cd-469f-8b03-864b344d007a,1,0.018182,2024-01-01,2024-01-01,1.0,1.0,1.0,0
3b4e8a00-22d2-4451-87a7-c1a0454d5bbc,73e36439-1e9a-4925-bf2c-1d7f7885fbb0,1,0.018182,2024-01-01,2024-01-01,1.0,1.0,1.0,0
3b4e8a00-22d2-4451-87a7-c1a0454d5bbc,791da60e-0108-4400-9e84-ca2fe8e74b64,1,0.018182,2024-01-01,2024-01-01,1.0,1.0,1.0,0
3b4e8a00-22d2-4451-87a7-c1a0454d5bbc,8ad965bc-fb65-459f-beaa-116960dd7bc9,1,0.018182,2024-01-01,2024-01-01,1.0,1.0,1.0,0
3b4e8a00-22d2-4451-87a7-c1a0454d5bbc,9f75277c-b283-4846-ac8c-f932255cd0ac,1,0.018182,2024-01-01,2024-01-01,1.0,0.2,1.0,0
3b4e8a00-22d2-4451-87a7-c1a0454d5bbc,c890f46c-7e63-4c53-900f-65ab74878806,1,0.018182,2024-01-01,2024-01-01,1.0,1.0,1.0,0
3b4e8a00-22d2-4451-87a7-c1a0454d5bbc,c8b03190-306c-4120-bb0b-6f2ebfc06ea9,1,0.018182,2024-01-01,2024-01-01,1.0,0.1,1.0,0
4d347472-05cd-469f-8b03-864b344d007a,73e36439-1e9a-4925-bf2c-1d7f7885fbb0,1,0.018182,2024-01-01,2024-01-01,1.0,1.0,1.0,0
4d347472-05cd-469f-8b03-864b344d007a,791da60e-0108-4400-9e84-ca2fe8e74b64,1,0.018182,2024-01-01,2024-01-01,1.0,1.0,1.0,0
4d347472-05cd-469f-8b03-864b344d007a,8ad965bc-fb65-459f-beaa-116960dd7bc9,1,0.018182,2024-01-01,2024-01-01,1.0,1.0,1.0,0
4d347472-05cd-469f-8b03-864b344d007a,9f75277c-b283-4846-ac8c-f932255cd0ac,1,0.018182,2024-01-01,2024-01-01,1.0,0.2,1.0,0
4d347472-05cd-469f-8b03-864b344d007a,c890f46c-7e63-4c53-900f-65ab74878806,4,0.091198,2023-11-18,2024-01-01,1.0,1.0,1.0,0
4d347472-05cd-469f-8b03-864b344d007a,c8b03190-306c-4120-bb0b-6f2ebfc06ea9,1,0.018182,2024-01-01,2024-01-01,1.0,0.1,1.0,0
73e36439-1e9a-4925-bf2c-1d7f7885fbb0,791da60e-0108-4400-9e84-ca2fe8e74b64,1,0.018182,2024-01-01,2024-01-01,1.0,1.0,1.0,0
73e36439-1e9a-4925-bf2c-1d7f7885fbb0,8ad965bc-fb65-459f-beaa-116960dd7bc9,1,0.018182,2024-01-01,2024-01-01,1.0,1.0,1.0,0
73e36439-1e9a-4925-bf2c-1d7f7885fbb0,9f75277c-b283-4846-ac8c-f932255cd0ac,1,0.018182,2024-01-01,2024-01-01,1.0,0.2,1.0,0
73e36439-1e9a-4925-bf2c-1d7f7885fbb0,c890f46c-7e63-4c53-900f-65ab74878806,1,0.018182,2024-01-01,2024-01-01,1.0,1.0,1.0,0
73e36439-1e9a-4925-bf2c-1d7f7885fbb0,c8b03190-306c-4120-bb0b-6f2ebfc06ea9,1,0.018182,2024-01-01,2024-01-01,1.0,0.1,1.0,0
791da60e-0108-4400-9e84-ca2fe8e74b64,8ad965bc-fb65-459f-beaa-116960dd7bc9,1,0.018182,2024-01-01,2024-01-01,1.0,1.0,1.0,0
791da60e-0108-4400-9e84-ca2fe8e74b64,9f75277c-b283-4846-ac8c-f932255cd0ac,1,0.018182,2024-01-01,2024-01-01,1.0,0.2,1.0,0
791da60e-0108-4400-9e84-ca2fe8e74b64,c890f46c-7e63-4c53-900f-65ab74878806,1,0.018182,2024-01-01,2024-01-01,1.0,1.0,1.0,0
791da60e-0108-4400-9e84-ca2fe8e74b64,c8b03190-306c-4120-bb0b-6f2ebfc06ea9,1,0.018182,2024-01-01,2024-01-01,1.0,0.1,1.0,0
8ad965bc-fb65-459f-beaa-116960dd7bc9,9f75277c-b283-4846-ac8c-f932255cd0ac,1,0.018182,2024-01-01,2024-01-01,1.0,0.2,1.0,0
8ad965bc-fb65-459f-beaa-116960dd7bc9,c890f46c-7e63-4c53-900f-65ab74878806,1,0.018182,2024-01-01,2024-01-01,1.0,1.0,1.0,0
8ad965bc-fb65-459f-beaa-116960dd7bc9,c8b03190-306c-4120-bb0b-6f2ebfc06ea9,1,0.018182,2024-01-01,2024-01-01,1.0,0.1,1.0,0
9f75277c-b283-4846-ac8c-f932255cd0ac,c890f46c-7e63-4c53-900f-65ab74878806,1,0.018182,2024-01-01,2024-01-01,1.0,0.2,1.0,0
9f75277c-b283-4846-ac8c-f932255cd0ac,c8b03190-306c-4120-bb0b-6f2ebfc06ea9,1,0.018182,2024-01-01,2024-01-01,1.0,0.363636,1.0,0
c890f46c-7e63-4c53-900f-65ab74878806,c8b03190-306c-4120-bb0b-6f2ebfc06ea9,1,0.018182,2024-01-01,2024-01-01,1.0,0.1,1.0,0
3a8d955f-fe39-4092-97e7-29f9ada69490,94c64122-dbd4-4927-b2fa-f204b0b4b0c2,1,0.333333,2020-06-12,2020-06-12,1.0,0.5,0.0,0
3a8d955f-fe39-4092-97e7-29f9ada69490,b7e551a4-057e-40a5-b34e-d0d3324f681a,1,0.333333,2020-06-12,2020-06-12,1.0,1.0,0.0,0
94c64122-dbd4-4927-b2fa-f204b0b4b0c2,b7e551a4-057e-40a5-b34e-d0d3324f681a,1,0.333333,2020-06-12,2020-06-12,1.0,0.5,0.0,0
94c64122-dbd4-4927-b2fa-f204b0b4b0c2,d616b606-cf6a-4b6e-ab0f-e253b8db6610,1,1.0,2022-08-26,2022-08-26,1.0,0.4,0.0,1
000fc734-b7e1-4a01-92d1-f544261b43f5,0bf0cabe-def2-4113-8dc5-6e721b9c3a92,2,0.5,1984-10-01,1986-01-01,1.0,0.2,0.0,1
000fc734-b7e1-4a01-92d1-f544261b43f5,47d7b25e-585b-4c97-b98b-411b21a53379,2,0.5,1984-10-01,1986-01-01,1.0,0.5,0.0,0
000fc734-b7e1-4a01-92d1-f544261b43f5,54cf21b1-9a02-4a75-a029-3a66db21c545,1,0.166667,1984-10-01,1984-10-01,1.0,0.25,0.0,1
0bf0cabe-def2-4113-8dc5-6e721b9c3a92,47d7b25e-585b-4c97-b98b-411b21a53379,2,0.5,1984-10-01,1986-01-01,1.0,0.333333,0.0,1
0bf0cabe-def2-4113-8dc5-6e721b9c3a92,54cf21b1-9a02-4a75-a029-3a66db21c545,1,0.166667,1984-10-01,1984-10-01,1.0,0.5,0.0,0
47d7b25e-585b-4c97-b98b-411b21a53379,54cf21b1-9a02-4a75-a029-3a66db21c545,1,0.166667,1984-10-01,1984-10-01,1.0,0.5,0.0,0
074e3847-f67f-49f9-81f1-8c8cea147e8e,6493ed80-8b44-49fa-91de-e7b0a0b57d6d,1,1.0,1995-01-01,1995-01-01,1.0,0.25,1.0,0
2ce02909-598b-44ef-a456-151ba0a3bd70,4d5447d7-c61c-4120-ba1b-d7f471d385b9,3,1.0,1969-01-01,1971-01-01,1.0,0.714286,0.157895,0
2ce02909-598b-44ef-a456-151ba0a3bd70,b0b33754-a664-43b7-ba00-be0dc4ec2396,1,0.333333,1971-01-01,1971-01-01,1.0,0.166667,0.0,1
4d5447d7-c61c-4120-ba1b-d7f471d385b9,b0b33754-a664-43b7-ba00-be0dc4ec2396,1,0.333333,1971-01-01,1971-01-01,1.0,0.166667,0.0,1
72c536dc-7137-4477-a521-567eeb840fa8,9f81247f-7f57-42f3-a8ba-75bef554e591,1,0.333333,1994-01-01,1994-01-01,1.0,0.090909,0.0,1
9be7f096-97ec-4615-8957-8d40b5dcbc41,9f81247f-7f57-42f3-a8ba-75bef554e591,1,0.333333,1994-01-01,1994-01-01,1.0,0.0,0.0,1
4122e107-a90c-4ff3-8223-51cf490c022c,f287b207-b425-465f-a103-b912fbb0dd28,1,1.0,1928-01-01,1928-01-01,1.0,0.0,1.0,0
517db8b3-4167-4850-82e1-7c7688bc6a3d,97e69730-3791-423b-9770-287261588854,1,0.333333,1957-11-01,1957-11-01,1.0,0.2,1.0,0
517db8b3-4167-4850-82e1-7c7688bc6a3d,9a6a4007-d50a-4bf6-9014-40808a498af3,1,0.333333,1957-11-01,1957-11-01,1.0,1.0,1.0,0
97e69730-3791-423b-9770-287261588854,9a6a4007-d50a-4bf6-9014-40808a498af3,1,0.333333,1957-11-01,1957-11-01,1.0,0.2,1.0,0
022589ac-7177-460d-a178-9976cf70e29f,f2eef649-a6d5-4114-afba-e50ab26254d2,1,1.0,1974-01-01,1974-01-01,1.0,0.4,0.0,1
144ef525-85e9-40c3-8335-02c32d0861f3,7944ed53-2a58-4035-9b93-140a71e41c34,2,1.166667,1979-01-01,1980-01-01,1.0,0.333333,0.0,1
144ef525-85e9-40c3-8335-02c32d0861f3,7d81816f-200c-47d3-a71d-4421b3185d45,1,0.166667,1979-01-01,1979-01-01,1.0,0.111111,0.0,1
144ef525-85e9-40c3-8335-02c32d0861f3,885ae336-ef63-465d-a0e7-bdc0a5b788e8,1,0.166667,1979-01-01,1979-01-01,1.0,0.111111,0.0,1
7944ed53-2a58-4035-9b93-140a71e41c34,7d81816f-200c-47d3-a71d-4421b3185d45,1,0.166667,1979-01-01,1979-01-01,1.0,0.333333,0.0,1
7944ed53-2a58-4035-9b93-140a71e41c34,885ae336-ef63-465d-a0e7-bdc0a5b788e8,1,0.166667,1979-01-01,1979-01-01,1.0,0.333333,0.0,1
7d81816f-200c-47d3-a71d-4421b3185d45,885ae336-ef63-465d-a0e7-bdc0a5b788e8,1,0.166667,1979-01-01,1979-01-01,1.0,1.0,0.0,0
8e68819d-71be-4e7d-b41d-f1df81b01d3f,bc880664-6751-4998-984d-ebdbff15d229,1,1.0,1994-01-01,1994-01-01,0.793826,0.333333,0.0,1
1ecc1f71-2512-442a-a85e-3c79d9ddc5cc,8e68819d-71be-4e7d-b41d-f1df81b01d3f,1,1.0,1995-01-01,1995-01-01,1.0,0.222222,0.0,1
12327d75-47d5-45d9-84c2-3760b9210c17,d74dafbd-e974-4393-9d01-3bc2d81e2dc8,1,1.0,1969-01-01,1969-01-01,1.0,0.5,0.0,0
41225e9f-3b4c-4287-a778-165c65f04be9,476cc87e-9665-43bb-80ea-7e123390ac64,1,0.1,1982-01-01,1982-01-01,1.0,1.0,0.0,0
41225e9f-3b4c-4287-a778-165c65f04be9,b78346af-e3ce-4b36-a0d5-032414de8a27,1,0.1,1982-01-01,1982-01-01,1.0,1.0,0.0,0
41225e9f-3b4c-4287-a778-165c65f04be9,c485632c-b784-4ee9-8ea1-c5fb365681fc,1,0.1,1982-01-01,1982-01-01,1.0,0.125,0.0,1
41225e9f-3b4c-4287-a778-165c65f04be9,d4aa1162-78ac-437f-9900-97460e4e2f34,1,0.1,1982-01-01,1982-01-01,1.0,1.0,0.0,0
476cc87e-9665-43bb-80ea-7e123390ac64,b78346af-e3ce-4b36-a0d5-032414de8a27,1,0.1,1982-01-01,1982-01-01,1.0,1.0,0.0,0
476cc87e-9665-43bb-80ea-7e123390ac64,c485632c-b784-4ee9-8ea1-c5fb365681fc,1,0.1,1982-01-01,1982-01-01,1.0,0.125,0.0,1
476cc87e-9665-43bb-80ea-7e123390ac64,d4aa1162-78ac-437f-9900-97460e4e2f34,1,0.1,1982-01-01,1982-01-01,1.0,1.0,0.0,0
b78346af-e3ce-4b36-a0d5-032414de8a27,c485632c-b784-4ee9-8ea1-c5fb365681fc,1,0.1,1982-01-01,1982-01-01,1.0,0.125,0.0,1
b78346af-e3ce-4b36-a0d5-032414de8a27,d4aa1162-78ac-437f-9900-97460e4e2f34,1,0.1,1982-01-01,1982-01-01,1.0,1.0,0.0,0
c485632c-b784-4ee9-8ea1-c5fb365681fc,d4aa1162-78ac-437f-9900-97460e4e2f34,1,0.1,1982-01-01,1982-01-01,1.0,0.125,0.0,1
24ef3ec0-ea19-47f7-a5da-45e203f43865,47577aa8-6f71-4840-9f1e-57b7319f546d,1,0.166667,2017-05-19,2017-05-19,1.0,1.0,0.0,0
24ef3ec0-ea19-47f7-a5da-45e203f43865,749ef494-8518-4b49-b685-63d8e728d25c,1,0.166667,2017-05-19,2017-05-19,1.0,0.25,0.0,1
24ef3ec0-ea19-47f7-a5da-45e203f43865,d9152066-a306-477c-b07c-e5df0eb29eeb,1,0.166667,2017-05-19,2017-05-19,1.0,1.0,0.0,0
47577aa8-6f71-4840-9f1e-57b7319f546d,749ef494-8518-4b49-b685-63d8e728d25c,2,0.233333,2017-05-19,2018-02-02,1.0,0.25,0.0,1
47577aa8-6f71-4840-9f1e-57b7319f546d,d9152066-a306-477c-b07c-e5df0eb29eeb,2,0.233333,2017-05-19,2018-02-02,1.0,1.0,0.0,0
749ef494-8518-4b49-b685-63d8e728d25c,d9152066-a306-477c-b07c-e5df0eb29eeb,2,0.233333,2017-05-19,2018-02-02,1.0,0.25,0.0,1
2594e97a-9b01-415d-850a-ce39879c58b1,749ef494-8518-4b49-b685-63d8e728d25c,2,0.666667,2018-02-02,2018-02-02,1.0,0.25,0.0,1
2594e97a-9b01-415d-850a-ce39879c58b1,9491138a-e451-4026-8d03-d20bcc7f9f2a,3,0.766667,2010-01-01,2018-02-02,1.0,1.0,0.0,0
749ef494-8518-4b49-b685-63d8e728d25c,9491138a-e451-4026-8d03-d20bcc7f9f2a,2,0.666667,2018-02-02,2018-02-02,1.0,0.25,0.0,1
2d170347-69aa-4245-9950-c3a2992abad6,4744de58-e37d-49cb-bf95-c07a2effe462,1,0.066667,2018-02-02,2018-02-02,1.0,1.0,0.0,0
2d170347-69aa-4245-9950-c3a2992abad6,47577aa8-6f71-4840-9f1e-57b7319f546d,1,0.066667,2018-02-02,2018-02-02,1.0,1.0,0.0,0
2d170347-69aa-4245-9950-c3a2992abad6,749ef494-8518-4b49-b685-63d8e728d25c,1,0.066667,2018-02-02,2018-02-02,1.0,0.25,0.0,1
2d170347-69aa-4245-9950-c3a2992abad6,d9152066-a306-477c-b07c-e5df0eb29eeb,1,0.066667,2018-02-02,2018-02-02,1.0,1.0,0.0,0
2d170347-69aa-4245-9950-c3a2992abad6,fa7b0a1f-f8c0-435a-a2bd-74dccf7c0055,1,0.066667,2018-02-02,2018-02-02,1.0,1.0,0.0,0
4744de58-e37d-49cb-bf95-c07a2effe462,47577aa8-6f71-4840-9f1e-57b7319f546d,1,0.066667,2018-02-02,2018-02-02,1.0,1.0,0.0,0
4744de58-e37d-49cb-bf95-c07a2effe462,749ef494-8518-4b49-b685-63d8e728d25c,1,0.066667,2018-02-02,2018-02-02,1.0,0.25,0.0,1
4744de58-e37d-49cb-bf95-c07a2effe462,d9152066-a306-477c-b07c-e5df0eb29eeb,1,0.066667,2018-02-02,2018-02-02,0.486198,1.0,0.0,0
4744de58-e37d-49cb-bf95-c07a2effe462,fa7b0a1f-f8c0-435a-a2bd-74dccf7c0055,2,0.088889,2018-02-02,2022-07-22,1.0,1.0,0.0,0
47577aa8-6f71-4840-9f1e-57b7319f546d,fa7b0a1f-f8c0-435a-a2bd-74dccf7c0055,1,0.066667,2018-02-02,2018-02-02,1.0,1.0,0.0,0
749ef494-8518-4b49-b685-63d8e728d25c,fa7b0a1f-f8c0-435a-a2bd-74dccf7c0055,1,0.066667,2018-02-02,2018-02-02,1.0,0.25,0.0,1
d9152066-a306-477c-b07c-e5df0eb29eeb,fa7b0a1f-f8c0-435a-a2bd-74dccf7c0055,1,0.066667,2018-02-02,2018-02-02,0.486198,1.0,0.0,0
6602cab2-65b5-4341-99c5-b05fa897f256,749ef494-8518-4b49-b685-63d8e728d25c,1,0.1,2018-02-02,2018-02-02,1.0,0.25,0.0,1
6602cab2-65b5-4341-99c5-b05fa897f256,8be564c3-dfba-440b-af8c-4ffbceeef45e,1,0.1,2018-02-02,2018-02-02,1.0,0.1,0.0,1
6602cab2-65b5-4341-99c5-b05fa897f256,bca46a0c-25c9-42ca-98c2-e64c8a5e337e,1,0.1,2018-02-02,2018-02-02,1.0,0.066667,0.0,1
6602cab2-65b5-4341-99c5-b05fa897f256,ef888ad4-d679-4e5a-b292-ae032841fc88,1,0.1,2018-02-02,2018-02-02,1.0,1.0,0.0,0
749ef494-8518-4b49-b685-63d8e728d25c,8be564c3-dfba-440b-af8c-4ffbceeef45e,1,0.1,2018-02-02,2018-02-02,1.0,0.272727,0.0,1
749ef494-8518-4b49-b685-63d8e728d25c,bca46a0c-25c9-42ca-98c2-e64c8a5e337e,1,0.1,2018-02-02,2018-02-02,1.0,0.1875,0.0,1
749ef494-8518-4b49-b685-63d8e728d25c,ef888ad4-d679-4e5a-b292-ae032841fc88,1,0.1,2018-02-02,2018-02-02,1.0,0.25,0.0,1
8be564c3-dfba-440b-af8c-4ffbceeef45e,bca46a0c-25c9-42ca-98c2-e64c8a5e337e,2,0.147619,2016-01-01,2018-02-02,1.0,0.470588,0.0,1
8be564c3-dfba-440b-af8c-4ffbceeef45e,ef888ad4-d679-4e5a-b292-ae032841fc88,1,0.1,2018-02-02,2018-02-02,1.0,0.1,0.0,1
bca46a0c-25c9-42ca-98c2-e64c8a5e337e,ef888ad4-d679-4e5a-b292-ae032841fc88,1,0.1,2018-02-02,2018-02-02,1.0,0.066667,0.0,1
4c7df96e-d3d4-4618-b232-89c82050331a,960eb93f-e73c-4df8-864d-08a06c2dcc11,1,0.166667,1992-01-01,1992-01-01,1.0,0.666667,0.0,0
4c7df96e-d3d4-4618-b232-89c82050331a,ddf488d8-f809-47a0-adb3-95bbc7aa20f0,1,0.166667,1992-01-01,1992-01-01,1.0,0.666667,0.0,0
4c7df96e-d3d4-4618-b232-89c82050331a,ea18134b-c9d7-454f-8407-8abe0eb5f423,1,0.166667,1992-01-01,1992-01-01,1.0,1.0,0.0,0
960eb93f-e73c-4df8-864d-08a06c2dcc11,ddf488d8-f809-47a0-adb3-95bbc7aa20f0,3,2.166667,1992-01-01,1992-01-01,1.0,1.0,0.0,0
960eb93f-e73c-4df8-864d-08a06c2dcc11,ea18134b-c9d7-454f-8407-8abe0eb5f423,1,0.166667,1992-01-01,1992-01-01,1.0,0.666667,0.0,0
ddf488d8-f809-47a0-adb3-95bbc7aa20f0,ea18134b-c9d7-454f-8407-8abe0eb5f423,1,0.166667,1992-01-01,1992-01-01,1.0,0.666667,0.0,0
381086ea-f511-4aba-bdf9-71c753dc5077,81d12ca7-5b89-4d21-8736-860b7400b4eb,2,0.380952,2018-02-09,2019-07-19,1.0,0.538462,0.0,0
381086ea-f511-4aba-bdf9-71c753dc5077,870df552-bcb0-46a6-b17b-f5f04ff04936,1,0.333333,2018-02-09,2018-02-09,1.0,0.083333,0.0,1
81d12ca7-5b89-4d21-8736-860b7400b4eb,870df552-bcb0-46a6-b17b-f5f04ff04936,1,0.333333,2018-02-09,2018-02-09,1.0,0.125,0.0,1
749a2c41-0829-45ad-ba25-1a45f8578d03,81d12ca7-5b89-4d21-8736-860b7400b4eb,2,1.047619,2019-07-02,2019-07-19,1.0,0.25,0.0,1
37af6e7e-f13d-45e4-85f8-62ed4e9517ff,381086ea-f511-4aba-bdf9-71c753dc5077,1,0.047619,2019-07-19,2019-07-19,1.0,0.083333,0.0,1
37af6e7e-f13d-45e4-85f8-62ed4e9517ff,749a2c41-0829-45ad-ba25-1a45f8578d03,1,0.047619,2019-07-19,2019-07-19,1.0,0.5,0.0,0
37af6e7e-f13d-45e4-85f8-62ed4e9517ff,81d12ca7-5b89-4d21-8736-860b7400b4eb,1,0.047619,2019-07-19,2019-07-19,1.0,0.125,0.0,1
37af6e7e-f13d-45e4-85f8-62ed4e9517ff,859d0860-d480-4efd-970c-c05d5f1776b8,1,0.047619,2019-07-19,2019-07-19,1.0,0.052632,0.0,1
37af6e7e-f13d-45e4-85f8-62ed4e9517ff,9032140b-c6ba-448d-8f05-5ac16e3aa165,1,0.047619,2019-07-19,2019-07-19,1.0,0.5,0.0,0
37af6e7e-f13d-45e4-85f8-62ed4e9517ff,c7b3aae2-719b-4ae9-abe0-3908be6d6f1d,1,0.047619,2019-07-19,2019-07-19,1.0,1.0,0.0,0
381086ea-f511-4aba-bdf9-71c753dc5077,749a2c41-0829-45ad-ba25-1a45f8578d03,1,0.047619,2019-07-19,2019-07-19,1.0,0.166667,0.0,1
381086ea-f511-4aba-bdf9-71c753dc5077,859d0860-d480-4efd-970c-c05d5f1776b8,1,0.047619,2019-07-19,2019-07-19,1.0,0.47619,0.0,1
381086ea-f511-4aba-bdf9-71c753dc5077,c7b3aae2-719b-4ae9-abe0-3908be6d6f1d,1,0.047619,2019-07-19,2019-07-19,1.0,0.083333,0.0,1
749a2c41-0829-45ad-ba25-1a45f8578d03,859d0860-d480-4efd-970c-c05d5f1776b8,1,0.047619,2019-07-19,2019-07-19,1.0,0.105263,0.0,1
749a2c41-0829-45ad-ba25-1a45f8578d03,9032140b-c6ba-448d-8f05-5ac16e3aa165,1,0.047619,2019-07-19,2019-07-19,1.0,1.0,0.0,0
749a2c41-0829-45ad-ba25-1a45f8578d03,c7b3aae2-719b-4ae9-abe0-3908be6d6f1d,1,0.047619,2019-07-19,2019-07-19,1.0,0.5,0.0,0
81d12ca7-5b89-4d21-8736-860b7400b4eb,859d0860-d480-4efd-970c-c05d5f1776b8,1,0.047619,2019-07-19,2019-07-19,1.0,0.35,0.0,1
81d12ca7-5b89-4d21-8736-860b7400b4eb,9032140b-c6ba-448d-8f05-5ac16e3aa165,1,0.047619,2019-07-19,2019-07-19,1.0,0.25,0.0,1
81d12ca7-5b89-4d21-8736-860b7400b4eb,c7b3aae2-719b-4ae9-abe0-3908be6d6f1d,1,0.047619,2019-07-19,2019-07-19,1.0,0.125,0.0,1
859d0860-d480-4efd-970c-c05d5f1776b8,9032140b-c6ba-448d-8f05-5ac16e3aa165,1,0.047619,2019-07-19,2019-07-19,1.0,0.105263,0.0,1
859d0860-d480-4efd-970c-c05d5f1776b8,c7b3aae2-719b-4ae9-abe0-3908be6d6f1d,1,0.047619,2019-07-19,2019-07-19,1.0,0.052632,0.0,1
9032140b-c6ba-448d-8f05-5ac16e3aa165,c7b3aae2-719b-4ae9-abe0-3908be6d6f1d,1,0.047619,2019-07-19,2019-07-19,1.0,0.5,0.0,0
0192ca4a-2d25-4c52-b778-08e2bfd9fd01,fe7e6678-935e-44d6-87ce-87ce7d948a5f,1,1.0,2015-06-10,2015-06-10,1.0,1.0,0.0,0
01f8343c-06e2-4f05-a137-f8ea7efa85c4,1d11e2a1-4531-4d61-a8c7-7b5c6a608fd2,1,0.333333,1981-01-01,1981-01-01,1.0,0.125,0.0,1
01f8343c-06e2-4f05-a137-f8ea7efa85c4,af4ea2a3-c54d-40b4-8120-a1f0b838ad54,1,0.333333,1981-01-01,1981-01-01,1.0,1.0,0.0,0
1d11e2a1-4531-4d61-a8c7-7b5c6a608fd2,af4ea2a3-c54d-40b4-8120-a1f0b838ad54,1,0.333333,1981-01-01,1981-01-01,1.0,0.125,0.0,1
479497d4-e7c2-4e78-972e-56e78fac3995,fabb37f8-eb2a-4cc1-a72a-b56935bbb72d,1,1.0,1989-01-01,1989-01-01,1.0,0.25,0.0,1
4475c6a5-00af-4b4d-90aa-25d460b7ae48,f27ec8db-af05-4f36-916e-3d57f91ecf5e,1,0.333333,1991-01-01,1991-01-01,1.0,0.111111,0.0,1
4475c6a5-00af-4b4d-90aa-25d460b7ae48,fabb37f8-eb2a-4cc1-a72a-b56935bbb72d,1,0.333333,1991-01-01,1991-01-01,1.0,0.0,0.0,1
f27ec8db-af05-4f36-916e-3d57f91ecf5e,fabb37f8-eb2a-4cc1-a72a-b56935bbb72d,1,0.333333,1991-01-01,1991-01-01,1.0,0.166667,0.0,1
2f031686-3f01-4f33-a4fc-fb3944532efa,ee0b11de-0c8a-4267-9886-198f4579e1db,1,0.166667,1976-01-01,1976-01-01,0.793324,0.142857,0.666667,0
69b25c47-780d-46e5-ae44-1f116337b95e,ee0b11de-0c8a-4267-9886-198f4579e1db,1,0.166667,1976-01-01,1976-01-01,1.0,0.285714,0.666667,0
ee0b11de-0c8a-4267-9886-198f4579e1db,ffb77292-9712-4d03-94aa-bdb1d4771d38,1,0.166667,1976-01-01,1976-01-01,0.793324,0.142857,0.666667,0
00ef990b-098d-4bf6-897b-708e35638854,71bcb5be-394c-4c04-bb38-35982e8a94d3,2,0.333333,1968-01-01,1977-01-01,1.0,1.0,1.0,0
00ef990b-098d-4bf6-897b-708e35638854,b02e4ca5-312a-4d2e-b087-30db9d5ec579,2,0.333333,1968-01-01,1977-01-01,1.0,0.333333,1.0,0
00ef990b-098d-4bf6-897b-708e35638854,ee0b11de-0c8a-4267-9886-198f4579e1db,1,0.166667,1977-01-01,1977-01-01,1.0,0.142857,0.555556,0
71bcb5be-394c-4c04-bb38-35982e8a94d3,b02e4ca5-312a-4d2e-b087-30db9d5ec579,2,0.333333,1968-01-01,1977-01-01,1.0,0.333333,1.0,0
71bcb5be-394c-4c04-bb38-35982e8a94d3,ee0b11de-0c8a-4267-9886-198f4579e1db,1,0.166667,1977-01-01,1977-01-01,1.0,0.142857,0.555556,0
b02e4ca5-312a-4d2e-b087-30db9d5ec579,ee0b11de-0c8a-4267-9886-198f4579e1db,1,0.166667,1977-01-01,1977-01-01,1.0,0.428571,0.555556,0
05044348-08c0-4132-b9d5-ef85023173d0,3414d446-735a-443c-931f-10634f57e5b9,1,0.333333,1970-08-01,1970-08-01,1.0,0.1,0.0,1
05044348-08c0-4132-b9d5-ef85023173d0,d4cc0ed5-0f76-4188-9e14-2a23ca12188a,1,0.333333,1970-08-01,1970-08-01,1.0,1.0,0.0,0
3414d446-735a-443c-931f-10634f57e5b9,d4cc0ed5-0f76-4188-9e14-2a23ca12188a,1,0.333333,1970-08-01,1970-08-01,1.0,0.1,0.0,1
72c536dc-7137-4477-a521-567eeb840fa8,b41b38d4-ef3e-4f37-8c75-cfe9af999696,1,0.333333,1964-01-01,1964-01-01,1.0,0.272727,0.0,1
9be7f096-97ec-4615-8957-8d40b5dcbc41,b41b38d4-ef3e-4f37-8c75-cfe9af999696,1,0.333333,1964-01-01,1964-01-01,1.0,0.666667,0.0,0
2fc6a88a-ed26-479a-9cd8-355830653062,675f9fe6-7e2c-4ce7-b3dc-147169c64d31,3,0.3,1983-01-01,1983-01-01,1.0,0.5,0.0,0
2fc6a88a-ed26-479a-9cd8-355830653062,7ff991d9-87d6-40f4-b534-a65426bf5ac4,4,0.347619,1983-01-01,1995-01-01,1.0,1.0,0.0,0
2fc6a88a-ed26-479a-9cd8-355830653062,a94a7155-c79d-4409-9fcf-220cb0e4dc3a,3,0.3,1983-01-01,1983-01-01,0.629761,0.0,0.0,1
2fc6a88a-ed26-479a-9cd8-355830653062,d4659efb-b8eb-4f03-95e9-f69ce35967a9,3,0.3,1983-01-01,1983-01-01,0.629761,1.0,0.0,0
675f9fe6-7e2c-4ce7-b3dc-147169c64d31,7ff991d9-87d6-40f4-b534-a65426bf5ac4,3,0.3,1983-01-01,1983-01-01,1.0,0.5,0.0,0
675f9fe6-7e2c-4ce7-b3dc-147169c64d31,a94a7155-c79d-4409-9fcf-220cb0e4dc3a,3,0.3,1983-01-01,1983-01-01,1.0,0.0,0.0,1
675f9fe6-7e2c-4ce7-b3dc-147169c64d31,d4659efb-b8eb-4f03-95e9-f69ce35967a9,3,0.3,1983-01-01,1983-01-01,1.0,0.5,0.0,0
7ff991d9-87d6-40f4-b534-a65426bf5ac4,a94a7155-c79d-4409-9fcf-220cb0e4dc3a,3,0.3,1983-01-01,1983-01-01,0.629761,0.0,0.0,1
7ff991d9-87d6-40f4-b534-a65426bf5ac4,d4659efb-b8eb-4f03-95e9-f69ce35967a9,3,0.3,1983-01-01,1983-01-01,0.629761,1.0,0.0,0
a94a7155-c79d-4409-9fcf-220cb0e4dc3a,d4659efb-b8eb-4f03-95e9-f69ce35967a9,4,1.3,1983-01-01,1985-01-01,1.0,0.0,0.0,1
c6a951c5-534d-42d7-a06e-2a3a7be1d17e,e337c918-098f-418e-97a2-81dc224b1bf9,1,1.0,2018-10-10,2018-10-10,1.0,0.285714,0.0,1
1b8e1cbe-50b2-4854-ac03-b362cee3c2ad,66a7117a-4b67-4a85-83bf-94491340d22d,1,0.166667,2019-01-01,2019-01-01,1.0,1.0,0.0,0
1b8e1cbe-50b2-4854-ac03-b362cee3c2ad,d786f59b-1836-4ddb-8393-ab753edbe984,1,0.166667,2019-01-01,2019-01-01,1.0,0.1,0.0,1
1b8e1cbe-50b2-4854-ac03-b362cee3c2ad,e337c918-098f-418e-97a2-81dc224b1bf9,1,0.166667,2019-01-01,2019-01-01,1.0,0.142857,0.0,1
66a7117a-4b67-4a85-83bf-94491340d22d,d786f59b-1836-4ddb-8393-ab753edbe984,1,0.166667,2019-01-01,2019-01-01,1.0,0.1,0.0,1
66a7117a-4b67-4a85-83bf-94491340d22d,e337c918-098f-418e-97a2-81dc224b1bf9,1,0.166667,2019-01-01,2019-01-01,1.0,0.142857,0.0,1
d786f59b-1836-4ddb-8393-ab753edbe984,e337c918-098f-418e-97a2-81dc224b1bf9,1,0.166667,2019-01-01,2019-01-01,1.0,0.7,0.0,0
ba550d0e-adac-4864-b88b-407cab5e76af,e337c918-098f-418e-97a2-81dc224b1bf9,1,1.0,2020-01-01,2020-01-01,1.0,0.318182,0.0,1
00136dd9-1047-4999-af1f-d709c5fa09f9,2bd8101a-11c3-42d5-a9bd-6a3b26445f7e,1,0.066667,2021-01-01,2021-01-01,1.0,1.0,0.0,0
00136dd9-1047-4999-af1f-d709c5fa09f9,e0140a67-e4d1-4f13-8a01-364355bee46e,2,0.114286,2016-01-01,2021-01-01,1.0,0.111111,0.0,1
00136dd9-1047-4999-af1f-d709c5fa09f9,e337c918-098f-418e-97a2-81dc224b1bf9,1,0.066667,2021-01-01,2021-01-01,1.0,0.142857,0.0,1
03180405-1b26-42dc-80da-7e50fbb4c936,2bd8101a-11c3-42d5-a9bd-6a3b26445f7e,1,0.066667,2021-01-01,2021-01-01,1.0,1.0,0.0,0
03180405-1b26-42dc-80da-7e50fbb4c936,e0140a67-e4d1-4f13-8a01-364355bee46e,2,0.114286,2016-01-01,2021-01-01,1.0,0.111111,0.0,1
03180405-1b26-42dc-80da-7e50fbb4c936,e337c918-098f-418e-97a2-81dc224b1bf9,1,0.066667,2021-01-01,2021-01-01,1.0,0.142857,0.0,1
2bd8101a-11c3-42d5-a9bd-6a3b26445f7e,c0367e31-dc3a-4f5e-9d24-0e3af39a8704,1,0.066667,2021-01-01,2021-01-01,1.0,1.0,0.0,0
2bd8101a-11c3-42d5-a9bd-6a3b26445f7e,e0140a67-e4d1-4f13-8a01-364355bee46e,1,0.066667,2021-01-01,2021-01-01,1.0,0.111111,0.0,1
2bd8101a-11c3-42d5-a9bd-6a3b26445f7e,e337c918-098f-418e-97a2-81dc224b1bf9,1,0.066667,2021-01-01,2021-01-01,1.0,0.142857,0.0,1
c0367e31-dc3a-4f5e-9d24-0e3af39a8704,e0140a67-e4d1-4f13-8a01-364355bee46e,2,0.114286,2016-01-01,2021-01-01,1.0,0.111111,0.0,1
c0367e31-dc3a-4f5e-9d24-0e3af39a8704,e337c918-098f-418e-97a2-81dc224b1bf9,1,0.066667,2021-01-01,2021-01-01,1.0,0.142857,0.0,1
e0140a67-e4d1-4f13-8a01-364355bee46e,e337c918-098f-418e-97a2-81dc224b1bf9,1,0.066667,2021-01-01,2021-01-01,1.0,0.6,0.0,0
2f3c4d70-0462-40da-bba3-0aec5772c556,5ec1ecc6-4535-4911-a27a-e26343f4a189,1,0.066667,2017-01-01,2017-01-01,0.793826,1.0,0.333333,0
2f3c4d70-0462-40da-bba3-0aec5772c556,8bc0f383-aa4d-42fb-aa03-6981bd449215,1,0.066667,2017-01-01,2017-01-01,1.0,0.2,0.333333,1
2f3c4d70-0462-40da-bba3-0aec5772c556,a03cff29-6e2d-4745-b9d7-4272ec927a00,1,0.066667,2017-01-01,2017-01-01,1.0,0.2,0.333333,1
2f3c4d70-0462-40da-bba3-0aec5772c556,adb7a259-7c37-40d1-ba83-44c927c64e71,1,0.066667,2017-01-01,2017-01-01,1.0,0.2,0.333333,1
2f3c4d70-0462-40da-bba3-0aec5772c556,bc4cc656-f03a-493a-b250-6afaa4cd7418,4,0.129575,2017-01-01,2018-01-01,1.0,0.2,0.333333,1
5ec1ecc6-4535-4911-a27a-e26343f4a189,8bc0f383-aa4d-42fb-aa03-6981bd449215,1,0.066667,2017-01-01,2017-01-01,1.0,0.2,1.0,0
5ec1ecc6-4535-4911-a27a-e26343f4a189,a03cff29-6e2d-4745-b9d7-4272ec927a00,1,0.066667,2017-01-01,2017-01-01,1.0,0.2,1.0,0
5ec1ecc6-4535-4911-a27a-e26343f4a189,adb7a259-7c37-40d1-ba83-44c927c64e71,1,0.066667,2017-01-01,2017-01-01,1.0,0.2,1.0,0
5ec1ecc6-4535-4911-a27a-e26343f4a189,bc4cc656-f03a-493a-b250-6afaa4cd7418,1,0.066667,2017-01-01,2017-01-01,0.793826,0.2,1.0,0
8bc0f383-aa4d-42fb-aa03-6981bd449215,a03cff29-6e2d-4745-b9d7-4272ec927a00,1,0.066667,2017-01-01,2017-01-01,1.0,1.0,1.0,0
8bc0f383-aa4d-42fb-aa03-6981bd449215,adb7a259-7c37-40d1-ba83-44c927c64e71,1,0.066667,2017-01-01,2017-01-01,1.0,1.0,1.0,0
8bc0f383-aa4d-42fb-aa03-6981bd449215,bc4cc656-f03a-493a-b250-6afaa4cd7418,1,0.066667,2017-01-01,2017-01-01,1.0,1.0,1.0,0
a03cff29-6e2d-4745-b9d7-4272ec927a00,adb7a259-7c37-40d1-ba83-44c927c64e71,1,0.066667,2017-01-01,2017-01-01,1.0,1.0,1.0,0
a03cff29-6e2d-4745-b9d7-4272ec927a00,bc4cc656-f03a-493a-b250-6afaa4cd7418,1,0.066667,2017-01-01,2017-01-01,1.0,1.0,1.0,0
adb7a259-7c37-40d1-ba83-44c927c64e71,bc4cc656-f03a-493a-b250-6afaa4cd7418,1,0.066667,2017-01-01,2017-01-01,1.0,1.0,1.0,0
36494952-f434-45d8-a958-8b4acdbcf8a8,5ec1ecc6-4535-4911-a27a-e26343f4a189,1,0.333333,2018-09-13,2018-09-13,1.0,0.571429,0.0,0
36494952-f434-45d8-a958-8b4acdbcf8a8,afb680f2-b6eb-4cd7-a70b-a63b25c763d5,1,0.333333,2018-09-13,2018-09-13,1.0,0.25,0.0,1
5ec1ecc6-4535-4911-a27a-e26343f4a189,afb680f2-b6eb-4cd7-a70b-a63b25c763d5,1,0.333333,2018-09-13,2018-09-13,1.0,0.4,0.0,1
2ee992d0-1c7a-4210-944b-bda2bf076ac9,3b233cca-b1d4-43e5-93dd-daf5fe323e42,1,0.047619,2018-10-11,2018-10-11,1.0,1.0,0.0,0
2ee992d0-1c7a-4210-944b-bda2bf076ac9,5ec1ecc6-4535-4911-a27a-e26343f4a189,1,0.047619,2018-10-11,2018-10-11,1.0,0.2,0.0,1
2ee992d0-1c7a-4210-944b-bda2bf076ac9,92631c53-91ed-48f5-a09d-a104ba69cdc7,1,0.047619,2018-10-11,2018-10-11,1.0,1.0,0.0,0
2ee992d0-1c7a-4210-944b-bda2bf076ac9,9ce50a20-d32f-430f-807c-341dd00acac2,1,0.047619,2018-10-11,2018-10-11,1.0,1.0,0.0,0
2ee992d0-1c7a-4210-944b-bda2bf076ac9,e4a51f17-a57b-47b1-b37b-f552d0f8e9e6,1,0.047619,2018-10-11,2018-10-11,1.0,1.0,0.0,0
2ee992d0-1c7a-4210-944b-bda2bf076ac9,f28e66c7-f318-41ac-9c41-ec1226a56508,1,0.047619,2018-10-11,2018-10-11,1.0,1.0,0.0,0
3b233cca-b1d4-43e5-93dd-daf5fe323e42,5ec1ecc6-4535-4911-a27a-e26343f4a189,1,0.047619,2018-10-11,2018-10-11,1.0,0.2,0.0,1
3b233cca-b1d4-43e5-93dd-daf5fe323e42,92631c53-91ed-48f5-a09d-a104ba69cdc7,1,0.047619,2018-10-11,2018-10-11,1.0,1.0,0.0,0
3b233cca-b1d4-43e5-93dd-daf5fe323e42,9ce50a20-d32f-430f-807c-341dd00acac2,1,0.047619,2018-10-11,2018-10-11,1.0,1.0,0.0,0
3b233cca-b1d4-43e5-93dd-daf5fe323e42,e4a51f17-a57b-47b1-b37b-f552d0f8e9e6,1,0.047619,2018-10-11,2018-10-11,1.0,1.0,0.0,0
3b233cca-b1d4-43e5-93dd-daf5fe323e42,f28e66c7-f318-41ac-9c41-ec1226a56508,1,0.047619,2018-10-11,2018-10-11,1.0,1.0,0.0,0
5ec1ecc6-4535-4911-a27a-e26343f4a189,92631c53-91ed-48f5-a09d-a104ba69cdc7,1,0.047619,2018-10-11,2018-10-11,0.969479,0.2,1.0,0
5ec1ecc6-4535-4911-a27a-e26343f4a189,9ce50a20-d32f-430f-807c-341dd00acac2,1,0.047619,2018-10-11,2018-10-11,1.0,0.2,0.0,1
5ec1ecc6-4535-4911-a27a-e26343f4a189,e4a51f17-a57b-47b1-b37b-f552d0f8e9e6,2,0.147619,2018-10-11,2018-11-02,0.983065,0.2,0.0,1
5ec1ecc6-4535-4911-a27a-e26343f4a189,f28e66c7-f318-41ac-9c41-ec1226a56508,1,0.047619,2018-10-11,2018-10-11,1.0,0.2,0.0,1
92631c53-91ed-48f5-a09d-a104ba69cdc7,9ce50a20-d32f-430f-807c-341dd00acac2,1,0.047619,2018-10-11,2018-10-11,1.0,1.0,0.0,0
92631c53-91ed-48f5-a09d-a104ba69cdc7,e4a51f17-a57b-47b1-b37b-f552d0f8e9e6,1,0.047619,2018-10-11,2018-10-11,0.756087,1.0,0.0,0
92631c53-91ed-48f5-a09d-a104ba69cdc7,f28e66c7-f318-41ac-9c41-ec1226a56508,1,0.047619,2018-10-11,2018-10-11,1.0,1.0,0.0,0
9ce50a20-d32f-430f-807c-341dd00acac2,e4a51f17-a57b-47b1-b37b-f552d0f8e9e6,1,0.047619,2018-10-11,2018-10-11,1.0,1.0,0.0,0
9ce50a20-d32f-430f-807c-341dd00acac2,f28e66c7-f318-41ac-9c41-ec1226a56508,1,0.047619,2018-10-11,2018-10-11,1.0,1.0,0.0,0
e4a51f17-a57b-47b1-b37b-f552d0f8e9e6,f28e66c7-f318-41ac-9c41-ec1226a56508,1,0.047619,2018-10-11,2018-10-11,1.0,1.0,0.0,0
37b2cb82-ef79-4d46-a184-a549450aa231,5ec1ecc6-4535-4911-a27a-e26343f4a189,1,0.1,2018-11-02,2018-11-02,0.983065,0.714286,1.0,0
37b2cb82-ef79-4d46-a184-a549450aa231,cab6450e-9786-4e93-a4e9-464d476fbbbd,1,0.1,2018-11-02,2018-11-02,1.0,0.142857,0.0,1
59db3d82-86ea-451f-881f-dffc8ec387c9,5ec1ecc6-4535-4911-a27a-e26343f4a189,1,0.1,2018-11-02,2018-11-02,1.0,0.555556,0.0,0
59db3d82-86ea-451f-881f-dffc8ec387c9,cab6450e-9786-4e93-a4e9-464d476fbbbd,1,0.1,2018-11-02,2018-11-02,1.0,0.111111,0.0,1
59db3d82-86ea-451f-881f-dffc8ec387c9,e4a51f17-a57b-47b1-b37b-f552d0f8e9e6,1,0.1,2018-11-02,2018-11-02,1.0,0.111111,0.0,1
5ec1ecc6-4535-4911-a27a-e26343f4a189,cab6450e-9786-4e93-a4e9-464d476fbbbd,1,0.1,2018-11-02,2018-11-02,1.0,0.2,0.0,1
cab6450e-9786-4e93-a4e9-464d476fbbbd,e4a51f17-a57b-47b1-b37b-f552d0f8e9e6,1,0.1,2018-11-02,2018-11-02,1.0,1.0,0.0,0
31bcadcc-e1da-4cad-bec8-2f4f1d41b095,5ec1ecc6-4535-4911-a27a-e26343f4a189,1,0.333333,2018-11-29,2018-11-29,1.0,0.5,0.0,0
31bcadcc-e1da-4cad-bec8-2f4f1d41b095,e5d70460-7057-4cbe-9c07-11ca2dac975c,1,0.333333,2018-11-29,2018-11-29,1.0,0.25,0.0,1
5ec1ecc6-4535-4911-a27a-e26343f4a189,e5d70460-7057-4cbe-9c07-11ca2dac975c,1,0.333333,2018-11-29,2018-11-29,1.0,0.2,0.0,1
285e1285-aecc-478f-a8da-0c8cf69e1217,8e27a96f-07a6-4484-a475-f0d487fc3c86,1,0.333333,1964-12-21,1964-12-21,1.0,0.0,1.0,0
285e1285-aecc-478f-a8da-0c8cf69e1217,c19ff12b-058f-44a8-b245-b0efb4752925,1,0.333333,1964-12-21,1964-12-21,1.0,0.111111,1.0,0
8e27a96f-07a6-4484-a475-f0d487fc3c86,c19ff12b-058f-44a8-b245-b0efb4752925,1,0.333333,1964-12-21,1964-12-21,1.0,0.5,1.0,0
3508f3fd-3b18-493c-a362-376736bb6cde,e5712ceb-c37a-4c49-a11c-ccf4e21852d4,1,0.333333,1939-01-01,1939-01-01,1.0,0.142857,1.0,0
42e52c03-27bb-4545-8924-cabff6fab531,e5712ceb-c37a-4c49-a11c-ccf4e21852d4,1,0.333333,1939-01-01,1939-01-01,1.0,0.142857,1.0,0
0f1d5b01-8784-4870-9bd6-fa43178b9441,a2a3f910-b188-43e7-81d0-f1ac2a2f3e12,1,1.0,2014-07-14,2014-07-14,1.0,0.166667,0.0,1
6739352a-3f16-418b-ba43-6c41912badc5,87c5dedd-371d-4a53-9f7f-80522fb7f3cb,1,1.0,1994-01-01,1994-01-01,1.0,0.0625,0.0,1
4115e0de-8fd0-4416-9b9e-43c61290c8ac,9118f524-be76-4eaf-875c-ccf15e2a2ad6,3,1.346154,2012-01-01,2012-01-01,1.0,0.142857,0.0,1
041cb26b-26fc-4816-88e7-27aac49c79d1,14ecd19f-7121-4192-8549-e5056241a42f,1,0.012821,2012-01-01,2012-01-01,1.0,0.125,0.0,1
041cb26b-26fc-4816-88e7-27aac49c79d1,164f0d73-1234-4e2c-8743-d77bf2191051,1,0.012821,2012-01-01,2012-01-01,1.0,0.333333,0.0,1
041cb26b-26fc-4816-88e7-27aac49c79d1,2dad5809-0d9b-40cf-85cf-2f8828ffaaf0,1,0.012821,2012-01-01,2012-01-01,1.0,1.0,0.0,0
041cb26b-26fc-4816-88e7-27aac49c79d1,3a253016-1d62-487a-9dd6-23c7e9a2b7ff,1,0.012821,2012-01-01,2012-01-01,1.0,1.0,0.0,0
041cb26b-26fc-4816-88e7-27aac49c79d1,4115e0de-8fd0-4416-9b9e-43c61290c8ac,1,0.012821,2012-01-01,2012-01-01,1.0,1.0,0.0,0
041cb26b-26fc-4816-88e7-27aac49c79d1,6a9e461c-e3c5-4794-a203-98a15daea2df,1,0.012821,2012-01-01,2012-01-01,1.0,1.0,0.0,0
041cb26b-26fc-4816-88e7-27aac49c79d1,73e36439-1e9a-4925-bf2c-1d7f7885fbb0,1,0.012821,2012-01-01,2012-01-01,1.0,1.0,0.0,0
041cb26b-26fc-4816-88e7-27aac49c79d1,83735edd-f2a3-41d0-a31d-652bc3cadb3e,1,0.012821,2012-01-01,2012-01-01,1.0,1.0,0.0,0
041cb26b-26fc-4816-88e7-27aac49c79d1,8ddf3da1-dfa9-490a-93cc-7d4072319995,1,0.012821,2012-01-01,2012-01-01,1.0,1.0,0.0,0
041cb26b-26fc-4816-88e7-27aac49c79d1,9118f524-be76-4eaf-875c-ccf15e2a2ad6,1,0.012821,2012-01-01,2012-01-01,1.0,0.142857,0.0,1
041cb26b-26fc-4816-88e7-27aac49c79d1,942a9807-9c1a-4a0e-a285-1fde2c5be9d1,1,0.012821,2012-01-01,2012-01-01,1.0,0.166667,0.0,1
041cb26b-26fc-4816-88e7-27aac49c79d1,d1490c44-dccb-48f2-aa1c-9a994f5287d3,1,0.012821,2012-01-01,2012-01-01,1.0,1.0,0.0,0
14ecd19f-7121-4192-8549-e5056241a42f,164f0d73-1234-4e2c-8743-d77bf2191051,2,0.021154,2012-01-01,2021-01-01,1.0,0.375,0.0,1
14ecd19f-7121-4192-8549-e5056241a42f,2dad5809-0d9b-40cf-85cf-2f8828ffaaf0,1,0.012821,2012-01-01,2012-01-01,0.124941,0.125,0.0,1
14ecd19f-7121-4192-8549-e5056241a42f,3a253016-1d62-487a-9dd6-23c7e9a2b7ff,1,0.012821,2012-01-01,2012-01-01,1.0,0.125,0.0,1
14ecd19f-7121-4192-8549-e5056241a42f,4115e0de-8fd0-4416-9b9e-43c61290c8ac,1,0.012821,2012-01-01,2012-01-01,1.0,0.125,0.0,1
14ecd19f-7121-4192-8549-e5056241a42f,6a9e461c-e3c5-4794-a203-98a15daea2df,1,0.012821,2012-01-01,2012-01-01,0.124941,0.125,0.0,1
14ecd19f-7121-4192-8549-e5056241a42f,73e36439-1e9a-4925-bf2c-1d7f7885fbb0,1,0.012821,2012-01-01,2012-01-01,0.124941,0.125,0.0,1
14ecd19f-7121-4192-8549-e5056241a42f,83735edd-f2a3-41d0-a31d-652bc3cadb3e,1,0.012821,2012-01-01,2012-01-01,1.0,0.125,0.0,1
14ecd19f-7121-4192-8549-e5056241a42f,8ddf3da1-dfa9-490a-93cc-7d4072319995,1,0.012821,2012-01-01,2012-01-01,1.0,0.125,0.0,1
14ecd19f-7121-4192-8549-e5056241a42f,9118f524-be76-4eaf-875c-ccf15e2a2ad6,1,0.012821,2012-01-01,2012-01-01,0.793324,0.666667,0.0,0
14ecd19f-7121-4192-8549-e5056241a42f,942a9807-9c1a-4a0e-a285-1fde2c5be9d1,1,0.012821,2012-01-01,2012-01-01,0.15749,0.555556,0.0,0
14ecd19f-7121-4192-8549-e5056241a42f,d1490c44-dccb-48f2-aa1c-9a994f5287d3,1,0.012821,2012-01-01,2012-01-01,1.0,0.125,0.0,1
164f0d73-1234-4e2c-8743-d77bf2191051,2dad5809-0d9b-40cf-85cf-2f8828ffaaf0,1,0.012821,2012-01-01,2012-01-01,0.093278,0.333333,0.0,1
164f0d73-1234-4e2c-8743-d77bf2191051,3a253016-1d62-487a-9dd6-23c7e9a2b7ff,1,0.012821,2012-01-01,2012-01-01,1.0,0.333333,0.0,1
164f0d73-1234-4e2c-8743-d77bf2191051,4115e0de-8fd0-4416-9b9e-43c61290c8ac,1,0.012821,2012-01-01,2012-01-01,1.0,0.333333,0.0,1
164f0d73-1234-4e2c-8743-d77bf2191051,6a9e461c-e3c5-4794-a203-98a15daea2df,5,0.100122,2012-01-01,2023-12-15,1.0,0.333333,0.0,1
164f0d73-1234-4e2c-8743-d77bf2191051,83735edd-f2a3-41d0-a31d-652bc3cadb3e,1,0.012821,2012-01-01,2012-01-01,1.0,0.333333,0.0,1
164f0d73-1234-4e2c-8743-d77bf2191051,8ddf3da1-dfa9-490a-93cc-7d4072319995,1,0.012821,2012-01-01,2012-01-01,1.0,0.333333,0.0,1
164f0d73-1234-4e2c-8743-d77bf2191051,9118f524-be76-4eaf-875c-ccf15e2a2ad6,2,0.035043,2012-01-01,2013-01-01,1.0,0.428571,0.0,1
164f0d73-1234-4e2c-8743-d77bf2191051,942a9807-9c1a-4a0e-a285-1fde2c5be9d1,2,1.012821,2002-01-01,2012-01-01,0.15749,0.5,0.0,0
164f0d73-1234-4e2c-8743-d77bf2191051,d1490c44-dccb-48f2-aa1c-9a994f5287d3,1,0.012821,2012-01-01,2012-01-01,1.0,0.333333,0.0,1
2dad5809-0d9b-40cf-85cf-2f8828ffaaf0,3a253016-1d62-487a-9dd6-23c7e9a2b7ff,1,0.012821,2012-01-01,2012-01-01,1.0,1.0,0.0,0
2dad5809-0d9b-40cf-85cf-2f8828ffaaf0,4115e0de-8fd0-4416-9b9e-43c61290c8ac,1,0.012821,2012-01-01,2012-01-01,1.0,1.0,0.0,0
2dad5809-0d9b-40cf-85cf-2f8828ffaaf0,6a9e461c-e3c5-4794-a203-98a15daea2df,1,0.012821,2012-01-01,2012-01-01,0.093278,1.0,0.0,0
2dad5809-0d9b-40cf-85cf-2f8828ffaaf0,73e36439-1e9a-4925-bf2c-1d7f7885fbb0,1,0.012821,2012-01-01,2012-01-01,0.093278,1.0,0.0,0
2dad5809-0d9b-40cf-85cf-2f8828ffaaf0,83735edd-f2a3-41d0-a31d-652bc3cadb3e,1,0.012821,2012-01-01,2012-01-01,1.0,1.0,0.0,0
2dad5809-0d9b-40cf-85cf-2f8828ffaaf0,8ddf3da1-dfa9-490a-93cc-7d4072319995,1,0.012821,2012-01-01,2012-01-01,1.0,1.0,0.0,0
2dad5809-0d9b-40cf-85cf-2f8828ffaaf0,9118f524-be76-4eaf-875c-ccf15e2a2ad6,1,0.012821,2012-01-01,2012-01-01,0.793324,0.142857,0.0,1
2dad5809-0d9b-40cf-85cf-2f8828ffaaf0,942a9807-9c1a-4a0e-a285-1fde2c5be9d1,1,0.012821,2012-01-01,2012-01-01,0.15749,0.166667,0.0,1
2dad5809-0d9b-40cf-85cf-2f8828ffaaf0,d1490c44-dccb-48f2-aa1c-9a994f5287d3,1,0.012821,2012-01-01,2012-01-01,1.0,1.0,0.0,0
3a253016-1d62-487a-9dd6-23c7e9a2b7ff,4115e0de-8fd0-4416-9b9e-43c61290c8ac,1,0.012821,2012-01-01,2012-01-01,1.0,1.0,0.0,0
3a253016-1d62-487a-9dd6-23c7e9a2b7ff,6a9e461c-e3c5-4794-a203-98a15daea2df,1,0.012821,2012-01-01,2012-01-01,1.0,1.0,0.0,0
3a253016-1d62-487a-9dd6-23c7e9a2b7ff,73e36439-1e9a-4925-bf2c-1d7f7885fbb0,1,0.012821,2012-01-01,2012-01-01,1.0,1.0,0.0,0
3a253016-1d62-487a-9dd6-23c7e9a2b7ff,83735edd-f2a3-41d0-a31d-652bc3cadb3e,1,0.012821,2012-01-01,2012-01-01,1.0,1.0,0.0,0
3a253016-1d62-487a-9dd6-23c7e9a2b7ff,8ddf3da1-dfa9-490a-93cc-7d4072319995,1,0.012821,2012-01-01,2012-01-01,1.0,1.0,0.0,0
3a253016-1d62-487a-9dd6-23c7e9a2b7ff,9118f524-be76-4eaf-875c-ccf15e2a2ad6,1,0.012821,2012-01-01,2012-01-01,1.0,0.142857,0.0,1
3a253016-1d62-487a-9dd6-23c7e9a2b7ff,942a9807-9c1a-4a0e-a285-1fde2c5be9d1,1,0.012821,2012-01-01,2012-01-01,1.0,0.166667,0.0,1
3a253016-1d62-487a-9dd6-23c7e9a2b7ff,d1490c44-dccb-48f2-aa1c-9a994f5287d3,1,0.012821,2012-01-01,2012-01-01,1.0,1.0,0.0,0
4115e0de-8fd0-4416-9b9e-43c61290c8ac,6a9e461c-e3c5-4794-a203-98a15daea2df,1,0.012821,2012-01-01,2012-01-01,1.0,1.0,0.0,0
4115e0de-8fd0-4416-9b9e-43c61290c8ac,73e36439-1e9a-4925-bf2c-1d7f7885fbb0,1,0.012821,2012-01-01,2012-01-01,1.0,1.0,0.0,0
4115e0de-8fd0-4416-9b9e-43c61290c8ac,83735edd-f2a3-41d0-a31d-652bc3cadb3e,1,0.012821,2012-01-01,2012-01-01,1.0,1.0,0.0,0
4115e0de-8fd0-4416-9b9e-43c61290c8ac,8ddf3da1-dfa9-490a-93cc-7d4072319995,1,0.012821,2012-01-01,2012-01-01,1.0,1.0,0.0,0
4115e0de-8fd0-4416-9b9e-43c61290c8ac,942a9807-9c1a-4a0e-a285-1fde2c5be9d1,1,0.012821,2012-01-01,2012-01-01,1.0,0.166667,0.0,1
4115e0de-8fd0-4416-9b9e-43c61290c8ac,d1490c44-dccb-48f2-aa1c-9a994f5287d3,1,0.012821,2012-01-01,2012-01-01,1.0,1.0,0.0,0
6a9e461c-e3c5-4794-a203-98a15daea2df,73e36439-1e9a-4925-bf2c-1d7f7885fbb0,2,0.035043,2012-01-01,2013-01-01,0.079634,1.0,0.0,0
6a9e461c-e3c5-4794-a203-98a15daea2df,83735edd-f2a3-41d0-a31d-652bc3cadb3e,1,0.012821,2012-01-01,2012-01-01,1.0,1.0,0.0,0
6a9e461c-e3c5-4794-a203-98a15daea2df,8ddf3da1-dfa9-490a-93cc-7d4072319995,1,0.012821,2012-01-01,2012-01-01,1.0,1.0,0.0,0
6a9e461c-e3c5-4794-a203-98a15daea2df,9118f524-be76-4eaf-875c-ccf15e2a2ad6,2,0.035043,2012-01-01,2013-01-01,1.0,0.142857,0.0,1
6a9e461c-e3c5-4794-a203-98a15daea2df,942a9807-9c1a-4a0e-a285-1fde2c5be9d1,1,0.012821,2012-01-01,2012-01-01,0.15749,0.166667,0.0,1
6a9e461c-e3c5-4794-a203-98a15daea2df,d1490c44-dccb-48f2-aa1c-9a994f5287d3,1,0.012821,2012-01-01,2012-01-01,1.0,1.0,0.0,0
73e36439-1e9a-4925-bf2c-1d7f7885fbb0,83735edd-f2a3-41d0-a31d-652bc3cadb3e,1,0.012821,2012-01-01,2012-01-01,1.0,1.0,0.0,0
73e36439-1e9a-4925-bf2c-1d7f7885fbb0,8ddf3da1-dfa9-490a-93cc-7d4072319995,1,0.012821,2012-01-01,2012-01-01,1.0,1.0,0.0,0
73e36439-1e9a-4925-bf2c-1d7f7885fbb0,9118f524-be76-4eaf-875c-ccf15e2a2ad6,2,0.035043,2012-01-01,2013-01-01,1.0,0.142857,0.0,1
73e36439-1e9a-4925-bf2c-1d7f7885fbb0,942a9807-9c1a-4a0e-a285-1fde2c5be9d1,1,0.012821,2012-01-01,2012-01-01,0.15749,0.166667,0.0,1
73e36439-1e9a-4925-bf2c-1d7f7885fbb0,d1490c44-dccb-48f2-aa1c-9a994f5287d3,1,0.012821,2012-01-01,2012-01-01,1.0,1.0,0.0,0
83735edd-f2a3-41d0-a31d-652bc3cadb3e,8ddf3da1-dfa9-490a-93cc-7d4072319995,1,0.012821,2012-01-01,2012-01-01,1.0,1.0,0.0,0
83735edd-f2a3-41d0-a31d-652bc3cadb3e,9118f524-be76-4eaf-875c-ccf15e2a2ad6,1,0.012821,2012-01-01,2012-01-01,1.0,0.142857,0.0,1
83735edd-f2a3-41d0-a31d-652bc3cadb3e,942a9807-9c1a-4a0e-a285-1fde2c5be9d1,1,0.012821,2012-01-01,2012-01-01,1.0,0.166667,0.0,1
83735edd-f2a3-41d0-a31d-652bc3cadb3e,d1490c44-dccb-48f2-aa1c-9a994f5287d3,1,0.012821,2012-01-01,2012-01-01,1.0,1.0,0.0,0
8ddf3da1-dfa9-490a-93cc-7d4072319995,9118f524-be76-4eaf-875c-ccf15e2a2ad6,1,0.012821,2012-01-01,2012-01-01,1.0,0.142857,0.0,1
8ddf3da1-dfa9-490a-93cc-7d4072319995,942a9807-9c1a-4a0e-a285-1fde2c5be9d1,1,0.012821,2012-01-01,2012-01-01,1.0,0.166667,0.0,1
8ddf3da1-dfa9-490a-93cc-7d4072319995,d1490c44-dccb-48f2-aa1c-9a994f5287d3,1,0.012821,2012-01-01,2012-01-01,1.0,1.0,0.0,0
9118f524-be76-4eaf-875c-ccf15e2a2ad6,942a9807-9c1a-4a0e-a285-1fde2c5be9d1,1,0.012821,2012-01-01,2012-01-01,0.793324,0.857143,0.0,0
9118f524-be76-4eaf-875c-ccf15e2a2ad6,d1490c44-dccb-48f2-aa1c-9a994f5287d3,1,0.012821,2012-01-01,2012-01-01,1.0,0.142857,0.0,1
942a9807-9c1a-4a0e-a285-1fde2c5be9d1,d1490c44-dccb-48f2-aa1c-9a994f5287d3,1,0.012821,2012-01-01,2012-01-01,1.0,0.166667,0.0,1
4115e0de-8fd0-4416-9b9e-43c61290c8ac,9172ba7f-5912-474a-99d3-33d01ed082d3,1,0.333333,2012-01-01,2012-01-01,1.0,1.0,0.0,0
9118f524-be76-4eaf-875c-ccf15e2a2ad6,9172ba7f-5912-474a-99d3-33d01ed082d3,1,0.333333,2012-01-01,2012-01-01,1.0,0.142857,0.0,1
0f1d5b01-8784-4870-9bd6-fa43178b9441,164f0d73-1234-4e2c-8743-d77bf2191051,1,0.022222,2013-01-01,2013-01-01,0.702148,1.0,0.0,0
0f1d5b01-8784-4870-9bd6-fa43178b9441,1f8e7e6f-fb43-4121-83c6-f4c9992b7036,1,0.022222,2013-01-01,2013-01-01,1.0,0.333333,0.0,1
0f1d5b01-8784-4870-9bd6-fa43178b9441,64b15912-5f96-45cb-9514-3943d1b0f220,1,0.022222,2013-01-01,2013-01-01,1.0,0.666667,0.0,0
0f1d5b01-8784-4870-9bd6-fa43178b9441,669c4d37-2913-49b0-b5ac-c628fcd6f403,1,0.022222,2013-01-01,2013-01-01,1.0,0.333333,0.0,1
0f1d5b01-8784-4870-9bd6-fa43178b9441,6a9e461c-e3c5-4794-a203-98a15daea2df,1,0.022222,2013-01-01,2013-01-01,0.702148,0.333333,0.0,1
0f1d5b01-8784-4870-9bd6-fa43178b9441,71b82efb-a4a4-40ad-94bf-9ed8c97dc69d,1,0.022222,2013-01-01,2013-01-01,1.0,0.333333,0.0,1
0f1d5b01-8784-4870-9bd6-fa43178b9441,73e36439-1e9a-4925-bf2c-1d7f7885fbb0,1,0.022222,2013-01-01,2013-01-01,0.702148,0.333333,0.0,1
0f1d5b01-8784-4870-9bd6-fa43178b9441,9118f524-be76-4eaf-875c-ccf15e2a2ad6,1,0.022222,2013-01-01,2013-01-01,1.0,0.428571,0.0,1
0f1d5b01-8784-4870-9bd6-fa43178b9441,fa4b5ec6-5f3b-48a8-9fc2-c714f9781ecd,1,0.022222,2013-01-01,2013-01-01,1.0,0.333333,0.0,1
164f0d73-1234-4e2c-8743-d77bf2191051,1f8e7e6f-fb43-4121-83c6-f4c9992b7036,1,0.022222,2013-01-01,2013-01-01,1.0,0.333333,0.0,1
164f0d73-1234-4e2c-8743-d77bf2191051,669c4d37-2913-49b0-b5ac-c628fcd6f403,1,0.022222,2013-01-01,2013-01-01,1.0,0.333333,0.0,1
164f0d73-1234-4e2c-8743-d77bf2191051,71b82efb-a4a4-40ad-94bf-9ed8c97dc69d,1,0.022222,2013-01-01,2013-01-01,1.0,0.333333,0.0,1
164f0d73-1234-4e2c-8743-d77bf2191051,fa4b5ec6-5f3b-48a8-9fc2-c714f9781ecd,1,0.022222,2013-01-01,2013-01-01,1.0,0.333333,0.0,1
1f8e7e6f-fb43-4121-83c6-f4c9992b7036,64b15912-5f96-45cb-9514-3943d1b0f220,1,0.022222,2013-01-01,2013-01-01,1.0,0.5,0.0,0
1f8e7e6f-fb43-4121-83c6-f4c9992b7036,669c4d37-2913-49b0-b5ac-c628fcd6f403,1,0.022222,2013-01-01,2013-01-01,1.0,1.0,0.0,0
1f8e7e6f-fb43-4121-83c6-f4c9992b7036,6a9e461c-e3c5-4794-a203-98a15daea2df,1,0.022222,2013-01-01,2013-01-01,1.0,1.0,0.0,0
1f8e7e6f-fb43-4121-83c6-f4c9992b7036,71b82efb-a4a4-40ad-94bf-9ed8c97dc69d,1,0.022222,2013-01-01,2013-01-01,1.0,1.0,0.0,0
1f8e7e6f-fb43-4121-83c6-f4c9992b7036,73e36439-1e9a-4925-bf2c-1d7f7885fbb0,1,0.022222,2013-01-01,2013-01-01,1.0,1.0,0.0,0
1f8e7e6f-fb43-4121-83c6-f4c9992b7036,9118f524-be76-4eaf-875c-ccf15e2a2ad6,1,0.022222,2013-01-01,2013-01-01,1.0,0.142857,0.0,1
1f8e7e6f-fb43-4121-83c6-f4c9992b7036,fa4b5ec6-5f3b-48a8-9fc2-c714f9781ecd,1,0.022222,2013-01-01,2013-01-01,1.0,1.0,0.0,0
64b15912-5f96-45cb-9514-3943d1b0f220,669c4d37-2913-49b0-b5ac-c628fcd6f403,1,0.022222,2013-01-01,2013-01-01,1.0,0.5,0.0,0
64b15912-5f96-45cb-9514-3943d1b0f220,6a9e461c-e3c5-4794-a203-98a15daea2df,1,0.022222,2013-01-01,2013-01-01,1.0,0.5,0.0,0
64b15912-5f96-45cb-9514-3943d1b0f220,71b82efb-a4a4-40ad-94bf-9ed8c97dc69d,1,0.022222,2013-01-01,2013-01-01,1.0,0.5,0.0,0
64b15912-5f96-45cb-9514-3943d1b0f220,73e36439-1e9a-4925-bf2c-1d7f7885fbb0,1,0.022222,2013-01-01,2013-01-01,1.0,0.5,0.0,0
64b15912-5f96-45cb-9514-3943d1b0f220,9118f524-be76-4eaf-875c-ccf15e2a2ad6,1,0.022222,2013-01-01,2013-01-01,1.0,0.285714,0.0,1
64b15912-5f96-45cb-9514-3943d1b0f220,fa4b5ec6-5f3b-48a8-9fc2-c714f9781ecd,1,0.022222,2013-01-01,2013-01-01,1.0,0.5,0.0,0
669c4d37-2913-49b0-b5ac-c628fcd6f403,6a9e461c-e3c5-4794-a203-98a15daea2df,1,0.022222,2013-01-01,2013-01-01,1.0,1.0,0.0,0
669c4d37-2913-49b0-b5ac-c628fcd6f403,71b82efb-a4a4-40ad-94bf-9ed8c97dc69d,1,0.022222,2013-01-01,2013-01-01,1.0,1.0,0.0,0
669c4d37-2913-49b0-b5ac-c628fcd6f403,73e36439-1e9a-4925-bf2c-1d7f7885fbb0,1,0.022222,2013-01-01,2013-01-01,1.0,1.0,0.0,0
669c4d37-2913-49b0-b5ac-c628fcd6f403,9118f524-be76-4eaf-875c-ccf15e2a2ad6,1,0.022222,2013-01-01,2013-01-01,1.0,0.142857,0.0,1
669c4d37-2913-49b0-b5ac-c628fcd6f403,fa4b5ec6-5f3b-48a8-9fc2-c714f9781ecd,1,0.022222,2013-01-01,2013-01-01,1.0,1.0,0.0,0
6a9e461c-e3c5-4794-a203-98a15daea2df,71b82efb-a4a4-40ad-94bf-9ed8c97dc69d,1,0.022222,2013-01-01,2013-01-01,1.0,1.0,0.0,0
6a9e461c-e3c5-4794-a203-98a15daea2df,fa4b5ec6-5f3b-48a8-9fc2-c714f9781ecd,1,0.022222,2013-01-01,2013-01-01,1.0,1.0,0.0,0
71b82efb-a4a4-40ad-94bf-9ed8c97dc69d,73e36439-1e9a-4925-bf2c-1d7f7885fbb0,1,0.022222,2013-01-01,2013-01-01,1.0,1.0,0.0,0
71b82efb-a4a4-40ad-94bf-9ed8c97dc69d,9118f524-be76-4eaf-875c-ccf15e2a2ad6,1,0.022222,2013-01-01,2013-01-01,1.0,0.142857,0.0,1
71b82efb-a4a4-40ad-94bf-9ed8c97dc69d,fa4b5ec6-5f3b-48a8-9fc2-c714f9781ecd,1,0.022222,2013-01-01,2013-01-01,1.0,1.0,0.0,0
73e36439-1e9a-4925-bf2c-1d7f7885fbb0,fa4b5ec6-5f3b-48a8-9fc2-c714f9781ecd,1,0.022222,2013-01-01,2013-01-01,1.0,1.0,0.0,0
9118f524-be76-4eaf-875c-ccf15e2a2ad6,fa4b5ec6-5f3b-48a8-9fc2-c714f9781ecd,1,0.022222,2013-01-01,2013-01-01,1.0,0.142857,0.0,1
463b50bc-3384-4991-b2a9-5dc573e89291,a668565b-41b8-44a8-9d5c-8e609dbf69fc,1,0.333333,1985-01-01,1985-01-01,1.0,0.142857,0.0,1
463b50bc-3384-4991-b2a9-5dc573e89291,b35a801b-c385-46f8-a852-25f28c1614da,1,0.333333,1985-01-01,1985-01-01,1.0,0.0,0.0,1
a668565b-41b8-44a8-9d5c-8e609dbf69fc,b35a801b-c385-46f8-a852-25f28c1614da,1,0.333333,1985-01-01,1985-01-01,1.0,0.142857,0.0,1
b071f9fa-14b0-4217-8e97-eb41da73f598,b5ffc3aa-b868-4b88-905f-d73d51dbe51c,2,0.666667,1978-01-01,1978-01-01,1.0,0.0,0.125,1
b071f9fa-14b0-4217-8e97-eb41da73f598,f0ed72a3-ae8f-4cf7-b51d-2696a2330230,2,0.666667,1978-01-01,1978-01-01,1.0,0.0,0.125,1
4d5447d7-c61c-4120-ba1b-d7f471d385b9,b6b2bb8d-54a9-491f-9607-7b546023b433,1,0.333333,1968-11-22,1968-11-22,1.0,0.166667,0.0,1
b6b2bb8d-54a9-491f-9607-7b546023b433,ba550d0e-adac-4864-b88b-407cab5e76af,1,0.333333,1968-11-22,1968-11-22,1.0,0.090909,0.0,1
16944898-0949-474c-95c0-e717a59e1663,618b6900-0618-4f1e-b835-bccb17f84294,1,0.166667,1967-01-01,1967-01-01,1.0,1.0,1.0,0
16944898-0949-474c-95c0-e717a59e1663,94a24504-3548-4bde-a89b-273d277d194e,1,0.166667,1967-01-01,1967-01-01,1.0,1.0,1.0,0
16944898-0949-474c-95c0-e717a59e1663,aab5c954-cabe-432e-899e-1c4f99757327,1,0.166667,1967-01-01,1967-01-01,1.0,0.333333,1.0,0
618b6900-0618-4f1e-b835-bccb17f84294,94a24504-3548-4bde-a89b-273d277d194e,1,0.166667,1967-01-01,1967-01-01,1.0,1.0,1.0,0
618b6900-0618-4f1e-b835-bccb17f84294,aab5c954-cabe-432e-899e-1c4f99757327,1,0.166667,1967-01-01,1967-01-01,1.0,0.333333,1.0,0
94a24504-3548-4bde-a89b-273d277d194e,aab5c954-cabe-432e-899e-1c4f99757327,1,0.166667,1967-01-01,1967-01-01,1.0,0.333333,1.0,0
01d3c51b-9b98-418a-8d8e-37f6fab59d8c,300c4c73-33ac-4255-9d57-4e32627f5e13,1,0.166667,1965-12-03,1965-12-03,1.0,0.166667,0.0,1
01d3c51b-9b98-418a-8d8e-37f6fab59d8c,4d5447d7-c61c-4120-ba1b-d7f471d385b9,1,0.166667,1965-12-03,1965-12-03,1.0,0.5,0.0,0
01d3c51b-9b98-418a-8d8e-37f6fab59d8c,ba550d0e-adac-4864-b88b-407cab5e76af,1,0.166667,1965-12-03,1965-12-03,1.0,0.6,0.0,0
300c4c73-33ac-4255-9d57-4e32627f5e13,4d5447d7-c61c-4120-ba1b-d7f471d385b9,1,0.166667,1965-12-03,1965-12-03,0.490834,0.25,0.0,1
300c4c73-33ac-4255-9d57-4e32627f5e13,ba550d0e-adac-4864-b88b-407cab5e76af,1,0.166667,1965-12-03,1965-12-03,0.490834,0.136364,0.0,1
144189b9-e06f-46bd-9cbf-71c2b9aec28c,2b4abc88-570c-4664-a989-e581d6f8fb31,1,0.018182,2024-03-25,2024-03-25,1.0,1.0,0.0,0
144189b9-e06f-46bd-9cbf-71c2b9aec28c,3df11250-a3dc-4e01-8b6c-3fc5b79b4770,1,0.018182,2024-03-25,2024-03-25,1.0,1.0,0.0,0
144189b9-e06f-46bd-9cbf-71c2b9aec28c,5518f8a7-a33f-415c-a175-a95dd2c855f6,1,0.018182,2024-03-25,2024-03-25,1.0,1.0,0.0,0
144189b9-e06f-46bd-9cbf-71c2b9aec28c,63138eec-6e47-47e3-bb61-142e150385f6,1,0.018182,2024-03-25,2024-03-25,1.0,0.5,0.0,0
144189b9-e06f-46bd-9cbf-71c2b9aec28c,7e61db22-e0d5-4999-87b0-af5a85c63baf,1,0.018182,2024-03-25,2024-03-25,1.0,1.0,0.0,0
144189b9-e06f-46bd-9cbf-71c2b9aec28c,8caa05e8-4c00-443d-8a5c-94d64ca07737,1,0.018182,2024-03-25,2024-03-25,1.0,1.0,0.0,0
144189b9-e06f-46bd-9cbf-71c2b9aec28c,ba9a0cc1-c43a-4784-9067-49f63c09f605,1,0.018182,2024-03-25,2024-03-25,1.0,1.0,0.0,0
144189b9-e06f-46bd-9cbf-71c2b9aec28c,d7520540-71a7-4278-b499-13dbcdc13498,1,0.018182,2024-03-25,2024-03-25,1.0,1.0,0.0,0
144189b9-e06f-46bd-9cbf-71c2b9aec28c,dbcbc687-112c-4f19-b44c-0f12e1a3955b,1,0.018182,2024-03-25,2024-03-25,1.0,1.0,0.0,0
144189b9-e06f-46bd-9cbf-71c2b9aec28c,e08e97f1-c5d5-4ac7-b2f1-aae617990640,1,0.018182,2024-03-25,2024-03-25,1.0,1.0,0.0,0
2b4abc88-570c-4664-a989-e581d6f8fb31,3df11250-a3dc-4e01-8b6c-3fc5b79b4770,1,0.018182,2024-03-25,2024-03-25,1.0,1.0,0.0,0
2b4abc88-570c-4664-a989-e581d6f8fb31,5518f8a7-a33f-415c-a175-a95dd2c855f6,1,0.018182,2024-03-25,2024-03-25,1.0,1.0,0.0,0
2b4abc88-570c-4664-a989-e581d6f8fb31,63138eec-6e47-47e3-bb61-142e150385f6,1,0.018182,2024-03-25,2024-03-25,1.0,0.5,0.0,0
2b4abc88-570c-4664-a989-e581d6f8fb31,7e61db22-e0d5-4999-87b0-af5a85c63baf,1,0.018182,2024-03-25,2024-03-25,1.0,1.0,0.0,0
2b4abc88-570c-4664-a989-e581d6f8fb31,8caa05e8-4c00-443d-8a5c-94d64ca07737,1,0.018182,2024-03-25,2024-03-25,1.0,1.0,0.0,0
2b4abc88-570c-4664-a989-e581d6f8fb31,ba9a0cc1-c43a-4784-9067-49f63c09f605,1,0.018182,2024-03-25,2024-03-25,1.0,1.0,0.0,0
2b4abc88-570c-4664-a989-e581d6f8fb31,d7520540-71a7-4278-b499-13dbcdc13498,1,0.018182,2024-03-25,2024-03-25,1.0,1.0,0.0,0
2b4abc88-570c-4664-a989-e581d6f8fb31,dbcbc687-112c-4f19-b44c-0f12e1a3955b,1,0.018182,2024-03-25,2024-03-25,1.0,1.0,0.0,0
2b4abc88-570c-4664-a989-e581d6f8fb31,e08e97f1-c5d5-4ac7-b2f1-aae617990640,1,0.018182,2024-03-25,2024-03-25,1.0,1.0,0.0,0
3df11250-a3dc-4e01-8b6c-3fc5b79b4770,5518f8a7-a33f-415c-a175-a95dd2c855f6,1,0.018182,2024-03-25,2024-03-25,1.0,1.0,0.0,0
3df11250-a3dc-4e01-8b6c-3fc5b79b4770,63138eec-6e47-47e3-bb61-142e150385f6,1,0.018182,2024-03-25,2024-03-25,1.0,0.5,0.0,0
3df11250-a3dc-4e01-8b6c-3fc5b79b4770,7e61db22-e0d5-4999-87b0-af5a85c63baf,1,0.018182,2024-03-25,2024-03-25,1.0,1.0,0.0,0
3df11250-a3dc-4e01-8b6c-3fc5b79b4770,8caa05e8-4c00-443d-8a5c-94d64ca07737,1,0.018182,2024-03-25,2024-03-25,1.0,1.0,0.0,0
3df11250-a3dc-4e01-8b6c-3fc5b79b4770,ba9a0cc1-c43a-4784-9067-49f63c09f605,1,0.018182,2024-03-25,2024-03-25,1.0,1.0,0.0,0
3df11250-a3dc-4e01-8b6c-3fc5b79b4770,d7520540-71a7-4278-b499-13dbcdc13498,1,0.018182,2024-03-25,2024-03-25,1.0,1.0,0.0,0
3df11250-a3dc-4e01-8b6c-3fc5b79b4770,dbcbc687-112c-4f19-b44c-0f12e1a3955b,1,0.018182,2024-03-25,2024-03-25,1.0,1.0,0.0,0
3df11250-a3dc-4e01-8b6c-3fc5b79b4770,e08e97f1-c5d5-4ac7-b2f1-aae617990640,1,0.018182,2024-03-25,2024-03-25,1.0,1.0,0.0,0
5518f8a7-a33f-415c-a175-a95dd2c855f6,63138eec-6e47-47e3-bb61-142e150385f6,1,0.018182,2024-03-25,2024-03-25,1.0,0.5,0.0,0
5518f8a7-a33f-415c-a175-a95dd2c855f6,7e61db22-e0d5-4999-87b0-af5a85c63baf,1,0.018182,2024-03-25,2024-03-25,1.0,1.0,0.0,0
5518f8a7-a33f-415c-a175-a95dd2c855f6,8caa05e8-4c00-443d-8a5c-94d64ca07737,1,0.018182,2024-03-25,2024-03-25,1.0,1.0,0.0,0
5518f8a7-a33f-415c-a175-a95dd2c855f6,ba9a0cc1-c43a-4784-9067-49f63c09f605,1,0.018182,2024-03-25,2024-03-25,1.0,1.0,0.0,0
5518f8a7-a33f-415c-a175-a95dd2c855f6,d7520540-71a7-4278-b499-13dbcdc13498,1,0.018182,2024-03-25,2024-03-25,1.0,1.0,0.0,0
5518f8a7-a33f-415c-a175-a95dd2c855f6,dbcbc687-112c-4f19-b44c-0f12e1a3955b,1,0.018182,2024-03-25,2024-03-25,1.0,1.0,0.0,0
5518f8a7-a33f-415c-a175-a95dd2c855f6,e08e97f1-c5d5-4ac7-b2f1-aae617990640,1,0.018182,2024-03-25,2024-03-25,1.0,1.0,0.0,0
63138eec-6e47-47e3-bb61-142e150385f6,7e61db22-e0d5-4999-87b0-af5a85c63baf,1,0.018182,2024-03-25,2024-03-25,1.0,0.5,0.0,0
63138eec-6e47-47e3-bb61-142e150385f6,8caa05e8-4c00-443d-8a5c-94d64ca07737,1,0.018182,2024-03-25,2024-03-25,1.0,0.5,0.0,0
63138eec-6e47-47e3-bb61-142e150385f6,ba9a0cc1-c43a-4784-9067-49f63c09f605,1,0.018182,2024-03-25,2024-03-25,1.0,0.5,0.0,0
63138eec-6e47-47e3-bb61-142e150385f6,d7520540-71a7-4278-b499-13dbcdc13498,1,0.018182,2024-03-25,2024-03-25,1.0,0.5,0.0,0
63138eec-6e47-47e3-bb61-142e150385f6,dbcbc687-112c-4f19-b44c-0f12e1a3955b,1,0.018182,2024-03-25,2024-03-25,1.0,0.5,0.0,0
63138eec-6e47-47e3-bb61-142e150385f6,e08e97f1-c5d5-4ac7-b2f1-aae617990640,1,0.018182,2024-03-25,2024-03-25,1.0,0.5,0.0,0
7e61db22-e0d5-4999-87b0-af5a85c63baf,8caa05e8-4c00-443d-8a5c-94d64ca07737,1,0.018182,2024-03-25,2024-03-25,1.0,1.0,0.0,0
7e61db22-e0d5-4999-87b0-af5a85c63baf,ba9a0cc1-c43a-4784-9067-49f63c09f605,1,0.018182,2024-03-25,2024-03-25,1.0,1.0,0.0,0
7e61db22-e0d5-4999-87b0-af5a85c63baf,d7520540-71a7-4278-b499-13dbcdc13498,1,0.018182,2024-03-25,2024-03-25,1.0,1.0,0.0,0
7e61db22-e0d5-4999-87b0-af5a85c63baf,dbcbc687-112c-4f19-b44c-0f12e1a3955b,1,0.018182,2024-03-25,2024-03-25,1.0,1.0,0.0,0
7e61db22-e0d5-4999-87b0-af5a85c63baf,e08e97f1-c5d5-4ac7-b2f1-aae617990640,1,0.018182,2024-03-25,2024-03-25,1.0,1.0,0.0,0
8caa05e8-4c00-443d-8a5c-94d64ca07737,ba9a0cc1-c43a-4784-9067-49f63c09f605,1,0.018182,2024-03-25,2024-03-25,1.0,1.0,0.0,0
8caa05e8-4c00-443d-8a5c-94d64ca07737,d7520540-71a7-4278-b499-13dbcdc13498,1,0.018182,2024-03-25,2024-03-25,1.0,1.0,0.0,0
8caa05e8-4c00-443d-8a5c-94d64ca07737,dbcbc687-112c-4f19-b44c-0f12e1a3955b,1,0.018182,2024-03-25,2024-03-25,1.0,1.0,0.0,0
8caa05e8-4c00-443d-8a5c-94d64ca07737,e08e97f1-c5d5-4ac7-b2f1-aae617990640,1,0.018182,2024-03-25,2024-03-25,1.0,1.0,0.0,0
ba9a0cc1-c43a-4784-9067-49f63c09f605,d7520540-71a7-4278-b499-13dbcdc13498,1,0.018182,2024-03-25,2024-03-25,1.0,1.0,0.0,0
ba9a0cc1-c43a-4784-9067-49f63c09f605,dbcbc687-112c-4f19-b44c-0f12e1a3955b,1,0.018182,2024-03-25,2024-03-25,1.0,1.0,0.0,0
ba9a0cc1-c43a-4784-9067-49f63c09f605,e08e97f1-c5d5-4ac7-b2f1-aae617990640,1,0.018182,2024-03-25,2024-03-25,1.0,1.0,0.0,0
d7520540-71a7-4278-b499-13dbcdc13498,dbcbc687-112c-4f19-b44c-0f12e1a3955b,1,0.018182,2024-03-25,2024-03-25,1.0,1.0,0.0,0
d7520540-71a7-4278-b499-13dbcdc13498,e08e97f1-c5d5-4ac7-b2f1-aae617990640,1,0.018182,2024-03-25,2024-03-25,1.0,1.0,0.0,0
dbcbc687-112c-4f19-b44c-0f12e1a3955b,e08e97f1-c5d5-4ac7-b2f1-aae617990640,1,0.018182,2024-03-25,2024-03-25,1.0,1.0,0.0,0
87ae83df-6173-40cc-a0f2-bad543faa6aa,ee27b2d8-648c-4a9d-a68c-e55066959975,1,1.0,2015-04-14,2015-04-14,1.0,0.555556,0.0,0
12c0ef6b-8cb6-428f-8766-afc51d512d4a,42a5fdbc-29df-4e93-a9f0-e2151e9f0667,5,1.5,2006-10-01,2007-05-11,1.0,1.0,0.0,0
12c0ef6b-8cb6-428f-8766-afc51d512d4a,d17db264-e208-4ab2-8cd0-1e98f4ee2655,5,1.5,2006-10-01,2007-05-11,1.0,1.0,0.0,0
42a5fdbc-29df-4e93-a9f0-e2151e9f0667,d17db264-e208-4ab2-8cd0-1e98f4ee2655,5,1.5,2006-10-01,2007-05-11,1.0,1.0,0.0,0
12c0ef6b-8cb6-428f-8766-afc51d512d4a,6802a7a8-27c1-46be-ac12-2c03ee1f4096,1,0.166667,2007-05-11,2007-05-11,1.0,1.0,0.0,0
42a5fdbc-29df-4e93-a9f0-e2151e9f0667,6802a7a8-27c1-46be-ac12-2c03ee1f4096,1,0.166667,2007-05-11,2007-05-11,1.0,1.0,0.0,0
6802a7a8-27c1-46be-ac12-2c03ee1f4096,d17db264-e208-4ab2-8cd0-1e98f4ee2655,1,0.166667,2007-05-11,2007-05-11,1.0,1.0,0.0,0
8971fa37-c402-474a-b897-e2bbc145b59d,c025f0d3-c7ea-4d72-9678-98f55b25ea14,1,0.333333,2018-02-14,2018-02-14,1.0,1.0,0.0,0
8971fa37-c402-474a-b897-e2bbc145b59d,d42a5768-ada1-4fb6-85fd-f61aba6264e0,1,0.333333,2018-02-14,2018-02-14,0.862957,0.25,0.0,1
c025f0d3-c7ea-4d72-9678-98f55b25ea14,d42a5768-ada1-4fb6-85fd-f61aba6264e0,1,0.333333,2018-02-14,2018-02-14,1.0,0.25,0.0,1
d42a5768-ada1-4fb6-85fd-f61aba6264e0,d642aa48-79ef-4837-b8df-72ae8a4ecf52,1,1.0,2018-05-18,2018-05-18,1.0,0.25,0.0,1
d0074395-1278-4864-8a17-ee49bdae7e71,d42a5768-ada1-4fb6-85fd-f61aba6264e0,1,0.333333,2018-05-18,2018-05-18,1.0,0.25,0.0,1
d0074395-1278-4864-8a17-ee49bdae7e71,e5d70460-7057-4cbe-9c07-11ca2dac975c,1,0.333333,2018-05-18,2018-05-18,1.0,1.0,0.0,0
188711ed-c99b-439c-844a-ca831f63a727,1fc5b14d-c0ae-4512-bc43-19d443087a28,1,1.0,2001-01-01,2001-01-01,1.0,0.111111,0.0,1
21cb44eb-3f6b-4f55-9a0d-c36a517f8d36,766235d5-2ceb-4172-ad73-b316d8a1264c,6,4.666667,2002-11-01,2004-01-01,1.0,0.666667,0.0,0
188711ed-c99b-439c-844a-ca831f63a727,21cb44eb-3f6b-4f55-9a0d-c36a517f8d36,2,0.666667,2002-11-01,2003-01-01,1.0,0.222222,0.0,1
188711ed-c99b-439c-844a-ca831f63a727,766235d5-2ceb-4172-ad73-b316d8a1264c,1,0.333333,2002-11-01,2002-11-01,0.962148,0.333333,0.0,1
188711ed-c99b-439c-844a-ca831f63a727,df7759d2-ff1e-494d-a3c4-e81a5ce04fe1,1,0.333333,2003-01-01,2003-01-01,1.0,0.111111,0.0,1
21cb44eb-3f6b-4f55-9a0d-c36a517f8d36,df7759d2-ff1e-494d-a3c4-e81a5ce04fe1,1,0.333333,2003-01-01,2003-01-01,1.0,0.5,0.0,0
29a63713-6785-479d-aa0c-88c0cb8f9ea0,3ff0f713-0232-4997-a6e3-a42ae30eca9c,1,0.047619,2015-01-01,2015-01-01,1.0,1.0,1.0,0
29a63713-6785-479d-aa0c-88c0cb8f9ea0,494e8d09-f85b-4543-892f-a5096aed1cd4,1,0.047619,2015-01-01,2015-01-01,1.0,0.071429,0.285714,1
29a63713-6785-479d-aa0c-88c0cb8f9ea0,4b2d00a2-34b3-4a5c-8f22-4eda5c6e8039,1,0.047619,2015-01-01,2015-01-01,1.0,1.0,1.0,0
29a63713-6785-479d-aa0c-88c0cb8f9ea0,d8fd8d9b-473b-4f06-83c8-869b1bb9de89,1,0.047619,2015-01-01,2015-01-01,1.0,0.333333,1.0,0
29a63713-6785-479d-aa0c-88c0cb8f9ea0,fb75bc76-a50b-4d3a-b060-63092a4c6bbf,1,0.047619,2015-01-01,2015-01-01,1.0,1.0,1.0,0
29a63713-6785-479d-aa0c-88c0cb8f9ea0,fe73aa73-4e0f-439e-97dc-3bf0bfaecbe2,1,0.047619,2015-01-01,2015-01-01,1.0,1.0,1.0,0
3ff0f713-0232-4997-a6e3-a42ae30eca9c,494e8d09-f85b-4543-892f-a5096aed1cd4,1,0.047619,2015-01-01,2015-01-01,1.0,0.071429,0.285714,1
3ff0f713-0232-4997-a6e3-a42ae30eca9c,4b2d00a2-34b3-4a5c-8f22-4eda5c6e8039,1,0.047619,2015-01-01,2015-01-01,1.0,1.0,1.0,0
3ff0f713-0232-4997-a6e3-a42ae30eca9c,d8fd8d9b-473b-4f06-83c8-869b1bb9de89,1,0.047619,2015-01-01,2015-01-01,1.0,0.333333,1.0,0
3ff0f713-0232-4997-a6e3-a42ae30eca9c,fb75bc76-a50b-4d3a-b060-63092a4c6bbf,1,0.047619,2015-01-01,2015-01-01,1.0,1.0,1.0,0
3ff0f713-0232-4997-a6e3-a42ae30eca9c,fe73aa73-4e0f-439e-97dc-3bf0bfaecbe2,1,0.047619,2015-01-01,2015-01-01,1.0,1.0,1.0,0
494e8d09-f85b-4543-892f-a5096aed1cd4,4b2d00a2-34b3-4a5c-8f22-4eda5c6e8039,1,0.047619,2015-01-01,2015-01-01,1.0,0.071429,0.285714,1
494e8d09-f85b-4543-892f-a5096aed1cd4,d8fd8d9b-473b-4f06-83c8-869b1bb9de89,1,0.047619,2015-01-01,2015-01-01,1.0,0.214286,0.285714,1
494e8d09-f85b-4543-892f-a5096aed1cd4,fb75bc76-a50b-4d3a-b060-63092a4c6bbf,1,0.047619,2015-01-01,2015-01-01,1.0,0.071429,0.285714,1
494e8d09-f85b-4543-892f-a5096aed1cd4,fe73aa73-4e0f-439e-97dc-3bf0bfaecbe2,1,0.047619,2015-01-01,2015-01-01,1.0,0.071429,0.285714,1
4b2d00a2-34b3-4a5c-8f22-4eda5c6e8039,d8fd8d9b-473b-4f06-83c8-869b1bb9de89,1,0.047619,2015-01-01,2015-01-01,1.0,0.333333,1.0,0
4b2d00a2-34b3-4a5c-8f22-4eda5c6e8039,fb75bc76-a50b-4d3a-b060-63092a4c6bbf,1,0.047619,2015-01-01,2015-01-01,1.0,1.0,1.0,0
4b2d00a2-34b3-4a5c-8f22-4eda5c6e8039,fe73aa73-4e0f-439e-97dc-3bf0bfaecbe2,1,0.047619,2015-01-01,2015-01-01,1.0,1.0,1.0,0
d8fd8d9b-473b-4f06-83c8-869b1bb9de89,fb75bc76-a50b-4d3a-b060-63092a4c6bbf,1,0.047619,2015-01-01,2015-01-01,1.0,0.333333,1.0,0
d8fd8d9b-473b-4f06-83c8-869b1bb9de89,fe73aa73-4e0f-439e-97dc-3bf0bfaecbe2,1,0.047619,2015-01-01,2015-01-01,1.0,0.333333,1.0,0
fb75bc76-a50b-4d3a-b060-63092a4c6bbf,fe73aa73-4e0f-439e-97dc-3bf0bfaecbe2,1,0.047619,2015-01-01,2015-01-01,1.0,1.0,1.0,0
488d1513-c94c-415e-b5dc-b4abd9b419f9,d8fd8d9b-473b-4f06-83c8-869b1bb9de89,1,1.0,2015-10-02,2015-10-02,1.0,0.0,0.0,1
3d3f17cd-a5cc-48bd-9b2a-f8d5f1990aed,478e777b-83d5-42dd-be06-36adbf83281f,1,0.035714,2016-09-02,2016-09-02,1.0,1.0,0.0,0
3d3f17cd-a5cc-48bd-9b2a-f8d5f1990aed,6b61aa2b-c165-45a9-bb3e-20fc9bfb2aef,1,0.035714,2016-09-02,2016-09-02,1.0,1.0,0.0,0
3d3f17cd-a5cc-48bd-9b2a-f8d5f1990aed,9c73515e-819e-4aa6-a5ae-24d0c3f9a600,1,0.035714,2016-09-02,2016-09-02,1.0,1.0,0.0,0
3d3f17cd-a5cc-48bd-9b2a-f8d5f1990aed,ac1f6f40-ca05-4c8a-86b1-ef0ae22a32aa,1,0.035714,2016-09-02,2016-09-02,1.0,1.0,0.0,0
3d3f17cd-a5cc-48bd-9b2a-f8d5f1990aed,d8fd8d9b-473b-4f06-83c8-869b1bb9de89,1,0.035714,2016-09-02,2016-09-02,1.0,0.333333,0.0,1
3d3f17cd-a5cc-48bd-9b2a-f8d5f1990aed,e4a51f17-a57b-47b1-b37b-f552d0f8e9e6,1,0.035714,2016-09-02,2016-09-02,1.0,1.0,0.0,0
3d3f17cd-a5cc-48bd-9b2a-f8d5f1990aed,ed536e4c-5039-4751-8f1d-ec496bde8788,1,0.035714,2016-09-02,2016-09-02,1.0,1.0,0.0,0
478e777b-83d5-42dd-be06-36adbf83281f,6b61aa2b-c165-45a9-bb3e-20fc9bfb2aef,1,0.035714,2016-09-02,2016-09-02,1.0,1.0,0.0,0
478e777b-83d5-42dd-be06-36adbf83281f,9c73515e-819e-4aa6-a5ae-24d0c3f9a600,1,0.035714,2016-09-02,2016-09-02,1.0,1.0,0.0,0
478e777b-83d5-42dd-be06-36adbf83281f,ac1f6f40-ca05-4c8a-86b1-ef0ae22a32aa,1,0.035714,2016-09-02,2016-09-02,1.0,1.0,0.0,0
478e777b-83d5-42dd-be06-36adbf83281f,d8fd8d9b-473b-4f06-83c8-869b1bb9de89,1,0.035714,2016-09-02,2016-09-02,1.0,0.333333,0.0,1
478e777b-83d5-42dd-be06-36adbf83281f,e4a51f17-a57b-47b1-b37b-f552d0f8e9e6,1,0.035714,2016-09-02,2016-09-02,1.0,1.0,0.0,0
478e777b-83d5-42dd-be06-36adbf83281f,ed536e4c-5039-4751-8f1d-ec496bde8788,1,0.035714,2016-09-02,2016-09-02,1.0,1.0,0.0,0
6b61aa2b-c165-45a9-bb3e-20fc9bfb2aef,9c73515e-819e-4aa6-a5ae-24d0c3f9a600,1,0.035714,2016-09-02,2016-09-02,1.0,1.0,0.0,0
6b61aa2b-c165-45a9-bb3e-20fc9bfb2aef,ac1f6f40-ca05-4c8a-86b1-ef0ae22a32aa,1,0.035714,2016-09-02,2016-09-02,1.0,1.0,0.0,0
6b61aa2b-c165-45a9-bb3e-20fc9bfb2aef,d8fd8d9b-473b-4f06-83c8-869b1bb9de89,1,0.035714,2016-09-02,2016-09-02,1.0,0.333333,0.0,1
6b61aa2b-c165-45a9-bb3e-20fc9bfb2aef,e4a51f17-a57b-47b1-b37b-f552d0f8e9e6,1,0.035714,2016-09-02,2016-09-02,1.0,1.0,0.0,0
6b61aa2b-c165-45a9-bb3e-20fc9bfb2aef,ed536e4c-5039-4751-8f1d-ec496bde8788,1,0.035714,2016-09-02,2016-09-02,1.0,1.0,0.0,0
9c73515e-819e-4aa6-a5ae-24d0c3f9a600,ac1f6f40-ca05-4c8a-86b1-ef0ae22a32aa,1,0.035714,2016-09-02,2016-09-02,1.0,1.0,0.0,0
9c73515e-819e-4aa6-a5ae-24d0c3f9a600,d8fd8d9b-473b-4f06-83c8-869b1bb9de89,1,0.035714,2016-09-02,2016-09-02,1.0,0.333333,0.0,1
9c73515e-819e-4aa6-a5ae-24d0c3f9a600,e4a51f17-a57b-47b1-b37b-f552d0f8e9e6,1,0.035714,2016-09-02,2016-09-02,1.0,1.0,0.0,0
9c73515e-819e-4aa6-a5ae-24d0c3f9a600,ed536e4c-5039-4751-8f1d-ec496bde8788,1,0.035714,2016-09-02,2016-09-02,1.0,1.0,0.0,0
ac1f6f40-ca05-4c8a-86b1-ef0ae22a32aa,d8fd8d9b-473b-4f06-83c8-869b1bb9de89,1,0.035714,2016-09-02,2016-09-02,1.0,0.333333,0.0,1
ac1f6f40-ca05-4c8a-86b1-ef0ae22a32aa,e4a51f17-a57b-47b1-b37b-f552d0f8e9e6,1,0.035714,2016-09-02,2016-09-02,1.0,1.0,0.0,0
ac1f6f40-ca05-4c8a-86b1-ef0ae22a32aa,ed536e4c-5039-4751-8f1d-ec496bde8788,1,0.035714,2016-09-02,2016-09-02,1.0,1.0,0.0,0
d8fd8d9b-473b-4f06-83c8-869b1bb9de89,e4a51f17-a57b-47b1-b37b-f552d0f8e9e6,1,0.035714,2016-09-02,2016-09-02,1.0,0.333333,0.0,1
d8fd8d9b-473b-4f06-83c8-869b1bb9de89,ed536e4c-5039-4751-8f1d-ec496bde8788,1,0.035714,2016-09-02,2016-09-02,1.0,0.333333,0.0,1
e4a51f17-a57b-47b1-b37b-f552d0f8e9e6,ed536e4c-5039-4751-8f1d-ec496bde8788,1,0.035714,2016-09-02,2016-09-02,1.0,1.0,0.0,0
c998d24c-decb-4022-a501-76f72c642411,cc2c9c3c-b7bc-4b8b-84d8-4fbd8779e493,1,0.333333,2011-01-01,2011-01-01,1.0,0.125,0.0,1
c998d24c-decb-4022-a501-76f72c642411,d8e07579-ff5a-41f2-b7a7-c71880b8287a,1,0.333333,2011-01-01,2011-01-01,1.0,0.5,0.0,0
cc2c9c3c-b7bc-4b8b-84d8-4fbd8779e493,d8e07579-ff5a-41f2-b7a7-c71880b8287a,1,0.333333,2011-01-01,2011-01-01,1.0,0.25,0.0,1
29b9edaa-058f-489a-b54a-73cc3627661c,e22d2f66-881e-41ca-9356-544697ee5f90,1,0.333333,1962-01-01,1962-01-01,1.0,0.166667,0.0,1
29b9edaa-058f-489a-b54a-73cc3627661c,ff4c8d42-4871-4778-885b-d41b01245133,1,0.333333,1962-01-01,1962-01-01,1.0,0.0,0.0,1
e22d2f66-881e-41ca-9356-544697ee5f90,ff4c8d42-4871-4778-885b-d41b01245133,1,0.333333,1962-01-01,1962-01-01,1.0,0.333333,0.0,1
65314b12-0e08-43fa-ba33-baaa7b874c15,763cb144-afdb-471e-bd86-d4f5b9b58641,1,1.0,1969-01-01,1969-01-01,1.0,0.25,0.0,1
123814ce-f7f7-44c9-b84d-0088b1e230a4,4cc51547-88ae-49a2-bf7e-0ef65ee7a94c,1,0.1,1970-01-01,1970-01-01,1.0,0.0,0.0,1
4cc51547-88ae-49a2-bf7e-0ef65ee7a94c,8aa5b65a-5b3c-4029-92bf-47a544356934,1,0.1,1970-01-01,1970-01-01,1.0,0.1,0.0,1
4cc51547-88ae-49a2-bf7e-0ef65ee7a94c,9082aea0-ee30-4175-8795-6540a8fd3605,1,0.1,1970-01-01,1970-01-01,1.0,0.0,0.0,1
4cc51547-88ae-49a2-bf7e-0ef65ee7a94c,e5fa0175-2e93-4ca7-90c3-33f239381252,1,0.1,1970-01-01,1970-01-01,1.0,0.0,0.0,1
27638856-79a1-4495-b7da-1912899560c7,43225337-b9fa-4fc5-b4cc-990b72fd149b,1,0.166667,1991-01-01,1991-01-01,1.0,0.142857,0.0,1
27638856-79a1-4495-b7da-1912899560c7,8516f0de-3190-4fde-994c-1f32ffd9af18,1,0.166667,1991-01-01,1991-01-01,1.0,0.142857,0.0,1
27638856-79a1-4495-b7da-1912899560c7,ea7add7c-c9aa-4479-ba4b-a3fab789ca3d,1,0.166667,1991-01-01,1991-01-01,1.0,0.142857,0.0,1
43225337-b9fa-4fc5-b4cc-990b72fd149b,8516f0de-3190-4fde-994c-1f32ffd9af18,1,0.166667,1991-01-01,1991-01-01,1.0,1.0,0.0,0
43225337-b9fa-4fc5-b4cc-990b72fd149b,ea7add7c-c9aa-4479-ba4b-a3fab789ca3d,1,0.166667,1991-01-01,1991-01-01,1.0,1.0,0.0,0
8516f0de-3190-4fde-994c-1f32ffd9af18,ea7add7c-c9aa-4479-ba4b-a3fab789ca3d,1,0.166667,1991-01-01,1991-01-01,1.0,1.0,0.0,0
2d4bc2de-8c9b-4006-945b-4508a4b0db32,7f56e48d-50d8-441d-a346-22ada2e4e284,1,0.1,1930-01-01,1930-01-01,1.0,0.5,1.0,0
2d4bc2de-8c9b-4006-945b-4508a4b0db32,8ba56dd4-a9e1-410f-9b1e-91000e35bc46,1,0.1,1930-01-01,1930-01-01,1.0,0.5,1.0,0
2d4bc2de-8c9b-4006-945b-4508a4b0db32,dfe9a7c4-8cf2-47f4-9dcb-d233c2b86ec3,1,0.1,1930-01-01,1930-01-01,1.0,0.111111,1.0,0
2d4bc2de-8c9b-4006-945b-4508a4b0db32,f84eb94a-1953-4955-94bc-e9385c4e43f8,1,0.1,1930-01-01,1930-01-01,1.0,0.0,1.0,0
7f56e48d-50d8-441d-a346-22ada2e4e284,8ba56dd4-a9e1-410f-9b1e-91000e35bc46,1,0.1,1930-01-01,1930-01-01,1.0,1.0,1.0,0
7f56e48d-50d8-441d-a346-22ada2e4e284,dfe9a7c4-8cf2-47f4-9dcb-d233c2b86ec3,1,0.1,1930-01-01,1930-01-01,1.0,0.222222,1.0,0
7f56e48d-50d8-441d-a346-22ada2e4e284,f84eb94a-1953-4955-94bc-e9385c4e43f8,1,0.1,1930-01-01,1930-01-01,1.0,0.5,1.0,0
8ba56dd4-a9e1-410f-9b1e-91000e35bc46,dfe9a7c4-8cf2-47f4-9dcb-d233c2b86ec3,1,0.1,1930-01-01,1930-01-01,1.0,0.222222,1.0,0
8ba56dd4-a9e1-410f-9b1e-91000e35bc46,f84eb94a-1953-4955-94bc-e9385c4e43f8,1,0.1,1930-01-01,1930-01-01,1.0,0.5,1.0,0
dfe9a7c4-8cf2-47f4-9dcb-d233c2b86ec3,f84eb94a-1953-4955-94bc-e9385c4e43f8,1,0.1,1930-01-01,1930-01-01,1.0,0.111111,1.0,0
2b5e086f-cb7b-4f92-8a85-6a1c38ceb598,4ebb5ad3-9018-407d-8c24-c03011ab9ac6,1,0.333333,1998-04-03,1998-04-03,1.0,0.0,1.0,0
2b5e086f-cb7b-4f92-8a85-6a1c38ceb598,677e31f1-4035-463c-8ca4-41175440c919,1,0.333333,1998-04-03,1998-04-03,1.0,0.090909,1.0,0
4ebb5ad3-9018-407d-8c24-c03011ab9ac6,677e31f1-4035-463c-8ca4-41175440c919,1,0.333333,1998-04-03,1998-04-03,1.0,0.090909,1.0,0
2ce02909-598b-44ef-a456-151ba0a3bd70,ba550d0e-adac-4864-b88b-407cab5e76af,2,0.666667,1969-01-01,1970-01-01,0.793826,0.478261,0.157895,1
328d146c-79f1-4eb6-9e40-8ee5710c14e5,ac6cc156-eb47-4c98-9b04-b57ece512950,1,1.0,1982-01-01,1982-01-01,1.0,0.111111,0.0,1
65314b12-0e08-43fa-ba33-baaa7b874c15,775ad383-ac2d-479a-af9d-b561442cb749,1,1.0,1984-01-01,1984-01-01,1.0,0.666667,0.0,0
23c8056b-ee13-4cfc-a772-2f5292e35bb5,52655ee3-0c9e-4dfa-b3c9-b1edefebda62,1,0.035714,2018-05-18,2018-05-18,1.0,0.25,0.0,1
23c8056b-ee13-4cfc-a772-2f5292e35bb5,58f1e354-ecbc-4fd3-aa25-97eb1d9bd8b9,2,0.083333,2018-05-18,2020-02-21,1.0,0.25,0.0,1
23c8056b-ee13-4cfc-a772-2f5292e35bb5,73bb1496-ab61-4a39-bfbb-cd20f9527393,1,0.035714,2018-05-18,2018-05-18,1.0,0.25,0.0,1
23c8056b-ee13-4cfc-a772-2f5292e35bb5,9b568e6c-6611-407b-bb5a-44638ee936a3,1,0.035714,2018-05-18,2018-05-18,1.0,0.25,0.0,1
23c8056b-ee13-4cfc-a772-2f5292e35bb5,b3977da4-f899-4328-921b-ecc599a5618a,1,0.035714,2018-05-18,2018-05-18,1.0,0.25,0.0,1
23c8056b-ee13-4cfc-a772-2f5292e35bb5,b629da42-c668-49d2-be67-498605ee2a13,1,0.035714,2018-05-18,2018-05-18,1.0,0.25,0.0,1
23c8056b-ee13-4cfc-a772-2f5292e35bb5,cadaa8ae-a43e-490f-8061-2787d9f75b6f,1,0.035714,2018-05-18,2018-05-18,1.0,0.25,0.0,1
52655ee3-0c9e-4dfa-b3c9-b1edefebda62,58f1e354-ecbc-4fd3-aa25-97eb1d9bd8b9,1,0.035714,2018-05-18,2018-05-18,1.0,1.0,0.0,0
52655ee3-0c9e-4dfa-b3c9-b1edefebda62,73bb1496-ab61-4a39-bfbb-cd20f9527393,1,0.035714,2018-05-18,2018-05-18,1.0,1.0,0.0,0
52655ee3-0c9e-4dfa-b3c9-b1edefebda62,9b568e6c-6611-407b-bb5a-44638ee936a3,1,0.035714,2018-05-18,2018-05-18,1.0,1.0,0.0,0
52655ee3-0c9e-4dfa-b3c9-b1edefebda62,b3977da4-f899-4328-921b-ecc599a5618a,1,0.035714,2018-05-18,2018-05-18,1.0,1.0,0.0,0
52655ee3-0c9e-4dfa-b3c9-b1edefebda62,b629da42-c668-49d2-be67-498605ee2a13,1,0.035714,2018-05-18,2018-05-18,1.0,1.0,0.0,0
52655ee3-0c9e-4dfa-b3c9-b1edefebda62,cadaa8ae-a43e-490f-8061-2787d9f75b6f,1,0.035714,2018-05-18,2018-05-18,1.0,1.0,0.0,0
58f1e354-ecbc-4fd3-aa25-97eb1d9bd8b9,73bb1496-ab61-4a39-bfbb-cd20f9527393,1,0.035714,2018-05-18,2018-05-18,1.0,1.0,0.0,0
58f1e354-ecbc-4fd3-aa25-97eb1d9bd8b9,9b568e6c-6611-407b-bb5a-44638ee936a3,1,0.035714,2018-05-18,2018-05-18,1.0,1.0,0.0,0
58f1e354-ecbc-4fd3-aa25-97eb1d9bd8b9,b3977da4-f899-4328-921b-ecc599a5618a,1,0.035714,2018-05-18,2018-05-18,1.0,1.0,0.0,0
58f1e354-ecbc-4fd3-aa25-97eb1d9bd8b9,b629da42-c668-49d2-be67-498605ee2a13,1,0.035714,2018-05-18,2018-05-18,1.0,1.0,0.0,0
58f1e354-ecbc-4fd3-aa25-97eb1d9bd8b9,cadaa8ae-a43e-490f-8061-2787d9f75b6f,1,0.035714,2018-05-18,2018-05-18,1.0,1.0,0.0,0
73bb1496-ab61-4a39-bfbb-cd20f9527393,9b568e6c-6611-407b-bb5a-44638ee936a3,1,0.035714,2018-05-18,2018-05-18,1.0,1.0,0.0,0
73bb1496-ab61-4a39-bfbb-cd20f9527393,b3977da4-f899-4328-921b-ecc599a5618a,1,0.035714,2018-05-18,2018-05-18,1.0,1.0,0.0,0
73bb1496-ab61-4a39-bfbb-cd20f9527393,b629da42-c668-49d2-be67-498605ee2a13,1,0.035714,2018-05-18,2018-05-18,1.0,1.0,0.0,0
73bb1496-ab61-4a39-bfbb-cd20f9527393,cadaa8ae-a43e-490f-8061-2787d9f75b6f,1,0.035714,2018-05-18,2018-05-18,1.0,1.0,0.0,0
9b568e6c-6611-407b-bb5a-44638ee936a3,b3977da4-f899-4328-921b-ecc599a5618a,1,0.035714,2018-05-18,2018-05-18,1.0,1.0,0.0,0
9b568e6c-6611-407b-bb5a-44638ee936a3,b629da42-c668-49d2-be67-498605ee2a13,1,0.035714,2018-05-18,2018-05-18,1.0,1.0,0.0,0
9b568e6c-6611-407b-bb5a-44638ee936a3,cadaa8ae-a43e-490f-8061-2787d9f75b6f,1,0.035714,2018-05-18,2018-05-18,1.0,1.0,0.0,0
b3977da4-f899-4328-921b-ecc599a5618a,b629da42-c668-49d2-be67-498605ee2a13,1,0.035714,2018-05-18,2018-05-18,1.0,1.0,0.0,0
b3977da4-f899-4328-921b-ecc599a5618a,cadaa8ae-a43e-490f-8061-2787d9f75b6f,1,0.035714,2018-05-18,2018-05-18,1.0,1.0,0.0,0
b629da42-c668-49d2-be67-498605ee2a13,cadaa8ae-a43e-490f-8061-2787d9f75b6f,1,0.035714,2018-05-18,2018-05-18,1.0,1.0,0.0,0
08b652f4-a221-4f54-8ea8-b375b5bc54d2,091f2624-6e4e-4961-baf2-9526493525b0,1,0.047619,2020-02-21,2020-02-21,1.0,1.0,0.0,0
08b652f4-a221-4f54-8ea8-b375b5bc54d2,23c8056b-ee13-4cfc-a772-2f5292e35bb5,1,0.047619,2020-02-21,2020-02-21,1.0,0.25,0.0,1
08b652f4-a221-4f54-8ea8-b375b5bc54d2,54d8e9a4-277b-4d3b-8ca1-a79863c1e379,1,0.047619,2020-02-21,2020-02-21,1.0,0.5,0.0,0
08b652f4-a221-4f54-8ea8-b375b5bc54d2,589bd6ad-abe5-4b49-8f6a-ddcba7c4dd25,1,0.047619,2020-02-21,2020-02-21,1.0,1.0,0.0,0
08b652f4-a221-4f54-8ea8-b375b5bc54d2,58f1e354-ecbc-4fd3-aa25-97eb1d9bd8b9,1,0.047619,2020-02-21,2020-02-21,1.0,1.0,0.0,0
08b652f4-a221-4f54-8ea8-b375b5bc54d2,62bb6e21-a116-45a0-bbc5-6c13c8ed97e6,1,0.047619,2020-02-21,2020-02-21,1.0,1.0,0.0,0
091f2624-6e4e-4961-baf2-9526493525b0,23c8056b-ee13-4cfc-a772-2f5292e35bb5,1,0.047619,2020-02-21,2020-02-21,1.0,0.25,0.0,1
091f2624-6e4e-4961-baf2-9526493525b0,54d8e9a4-277b-4d3b-8ca1-a79863c1e379,1,0.047619,2020-02-21,2020-02-21,1.0,0.5,0.0,0
091f2624-6e4e-4961-baf2-9526493525b0,589bd6ad-abe5-4b49-8f6a-ddcba7c4dd25,1,0.047619,2020-02-21,2020-02-21,1.0,1.0,0.0,0
091f2624-6e4e-4961-baf2-9526493525b0,58f1e354-ecbc-4fd3-aa25-97eb1d9bd8b9,1,0.047619,2020-02-21,2020-02-21,1.0,1.0,0.0,0
091f2624-6e4e-4961-baf2-9526493525b0,62bb6e21-a116-45a0-bbc5-6c13c8ed97e6,1,0.047619,2020-02-21,2020-02-21,1.0,1.0,0.0,0
23c8056b-ee13-4cfc-a772-2f5292e35bb5,54d8e9a4-277b-4d3b-8ca1-a79863c1e379,1,0.047619,2020-02-21,2020-02-21,1.0,0.2,0.0,1
23c8056b-ee13-4cfc-a772-2f5292e35bb5,589bd6ad-abe5-4b49-8f6a-ddcba7c4dd25,1,0.047619,2020-02-21,2020-02-21,1.0,0.25,0.0,1
23c8056b-ee13-4cfc-a772-2f5292e35bb5,62bb6e21-a116-45a0-bbc5-6c13c8ed97e6,1,0.047619,2020-02-21,2020-02-21,1.0,0.25,0.0,1
54d8e9a4-277b-4d3b-8ca1-a79863c1e379,589bd6ad-abe5-4b49-8f6a-ddcba7c4dd25,1,0.047619,2020-02-21,2020-02-21,1.0,0.5,0.0,0
54d8e9a4-277b-4d3b-8ca1-a79863c1e379,58f1e354-ecbc-4fd3-aa25-97eb1d9bd8b9,1,0.047619,2020-02-21,2020-02-21,1.0,0.5,0.0,0
54d8e9a4-277b-4d3b-8ca1-a79863c1e379,62bb6e21-a116-45a0-bbc5-6c13c8ed97e6,1,0.047619,2020-02-21,2020-02-21,1.0,0.5,0.0,0
589bd6ad-abe5-4b49-8f6a-ddcba7c4dd25,58f1e354-ecbc-4fd3-aa25-97eb1d9bd8b9,1,0.047619,2020-02-21,2020-02-21,1.0,1.0,0.0,0
589bd6ad-abe5-4b49-8f6a-ddcba7c4dd25,62bb6e21-a116-45a0-bbc5-6c13c8ed97e6,1,0.047619,2020-02-21,2020-02-21,1.0,1.0,0.0,0
58f1e354-ecbc-4fd3-aa25-97eb1d9bd8b9,62bb6e21-a116-45a0-bbc5-6c13c8ed97e6,1,0.047619,2020-02-21,2020-02-21,1.0,1.0,0.0,0
2e41ae9c-afd2-4f20-8f1e-17281ce9b472,bfeb843d-d3b1-4308-b81a-8dce7c2eecbe,3,1.433333,1995-01-01,2001-01-01,1.0,0.142857,0.0,1
2e41ae9c-afd2-4f20-8f1e-17281ce9b472,64facc0b-6e13-46e6-ac3d-c6c1653598cd,3,2.333333,1995-01-01,1995-01-01,1.0,0.142857,0.0,1
64facc0b-6e13-46e6-ac3d-c6c1653598cd,bfeb843d-d3b1-4308-b81a-8dce7c2eecbe,1,0.333333,1995-01-01,1995-01-01,1.0,1.0,0.0,0
b13f0288-830a-4ad7-9c60-830f545e5e2b,c8af4490-e48a-4f91-aef9-2b1e39369576,1,0.333333,2011-01-01,2011-01-01,0.499921,1.0,0.0,0
b13f0288-830a-4ad7-9c60-830f545e5e2b,eb811bf7-4c99-4781-84c0-10ba6b8e33b3,1,0.333333,2011-01-01,2011-01-01,1.0,1.0,0.0,0
c8af4490-e48a-4f91-aef9-2b1e39369576,eb811bf7-4c99-4781-84c0-10ba6b8e33b3,1,0.333333,2011-01-01,2011-01-01,1.0,1.0,0.0,0
44c64a30-1d58-49c5-b314-6e02fba49526,8f64d6ea-3f6c-408c-b2e0-e5334b28dae9,1,1.0,1986-09-25,1986-09-25,1.0,0.0,0.0,1
2aecae31-7ed3-4b5b-b4c1-d71c346a6ac2,40109988-31da-4449-af1e-68654747dc3e,1,0.333333,1983-01-01,1983-01-01,1.0,1.0,0.0,0
2aecae31-7ed3-4b5b-b4c1-d71c346a6ac2,b1570544-93ab-4b2b-8398-131735394202,1,0.333333,1983-01-01,1983-01-01,1.0,0.333333,0.0,1
40109988-31da-4449-af1e-68654747dc3e,b1570544-93ab-4b2b-8398-131735394202,1,0.333333,1983-01-01,1983-01-01,1.0,0.333333,0.0,1
0f50beab-d77d-4f0f-ac26-0b87d3e9b11b,12327d75-47d5-45d9-84c2-3760b9210c17,1,0.1,1967-01-01,1967-01-01,0.629761,0.666667,0.0,0
0f50beab-d77d-4f0f-ac26-0b87d3e9b11b,83b9cbe7-9857-49e2-ab8e-b57b01038103,1,0.1,1967-01-01,1967-01-01,1.0,0.166667,0.0,1
12327d75-47d5-45d9-84c2-3760b9210c17,6f7e36da-79d8-4219-990d-8e9224d04ebc,1,0.1,1967-01-01,1967-01-01,0.629761,1.0,0.0,0
12327d75-47d5-45d9-84c2-3760b9210c17,83b9cbe7-9857-49e2-ab8e-b57b01038103,1,0.1,1967-01-01,1967-01-01,1.0,0.2,0.0,1
12327d75-47d5-45d9-84c2-3760b9210c17,d6c37074-0155-46a3-8af2-338a4f625afc,1,0.1,1967-01-01,1967-01-01,0.629761,0.5,0.0,0
6f7e36da-79d8-4219-990d-8e9224d04ebc,83b9cbe7-9857-49e2-ab8e-b57b01038103,1,0.1,1967-01-01,1967-01-01,1.0,0.2,0.0,1
83b9cbe7-9857-49e2-ab8e-b57b01038103,d6c37074-0155-46a3-8af2-338a4f625afc,1,0.1,1967-01-01,1967-01-01,1.0,0.25,0.0,1
13d92e1d-d230-4827-84ba-14643630751d,7d661adb-5d8c-421a-aee1-bb6f4c0c0992,2,0.214286,1963-01-01,2013-01-01,1.0,0.333333,0.0,1
13d92e1d-d230-4827-84ba-14643630751d,bdf204b6-8cab-4d95-bd33-679192b63352,2,0.214286,1963-01-01,2013-01-01,1.0,0.666667,0.0,0
13d92e1d-d230-4827-84ba-14643630751d,f5dfa020-ad69-41cd-b3d4-fd7af0414e94,1,0.166667,1963-01-01,1963-01-01,1e-05,0.333333,0.0,1
7d661adb-5d8c-421a-aee1-bb6f4c0c0992,bdf204b6-8cab-4d95-bd33-679192b63352,2,0.214286,1963-01-01,2013-01-01,1.0,0.666667,0.0,0
7d661adb-5d8c-421a-aee1-bb6f4c0c0992,f5dfa020-ad69-41cd-b3d4-fd7af0414e94,1,0.166667,1963-01-01,1963-01-01,1e-05,0.333333,0.0,1
bdf204b6-8cab-4d95-bd33-679192b63352,f5dfa020-ad69-41cd-b3d4-fd7af0414e94,1,0.166667,1963-01-01,1963-01-01,1e-05,0.5,0.0,0
72c536dc-7137-4477-a521-567eeb840fa8,7f347782-eb14-40c3-98e2-17b6e1bfe56c,1,0.333333,1988-01-01,1988-01-01,0.39685,0.181818,0.1,1
72c536dc-7137-4477-a521-567eeb840fa8,a3cb23fc-acd3-4ce0-8f36-1e5aa6a18432,1,0.333333,1988-01-01,1988-01-01,0.39685,0.583333,0.0,0
7f347782-eb14-40c3-98e2-17b6e1bfe56c,a3cb23fc-acd3-4ce0-8f36-1e5aa6a18432,4,0.633333,1988-01-01,1992-01-01,1.0,0.25,0.0,1
72c536dc-7137-4477-a521-567eeb840fa8,8b477559-946e-4ef2-9fe1-446cff8fdd79,1,1.0,1989-01-01,1989-01-01,1.0,0.363636,0.166667,1
05de4cde-ba6e-4be8-a8fb-0aa4f6c56df8,bca46a0c-25c9-42ca-98c2-e64c8a5e337e,2,2.0,2014-04-28,2014-04-28,1.0,0.066667,0.0,1
bca46a0c-25c9-42ca-98c2-e64c8a5e337e,ff95eb47-41c4-4f7f-a104-cdc30f02e872,1,1.0,2014-05-05,2014-05-05,1.0,0.066667,0.0,1
04c39fec-5b44-4f11-9c73-af4f562334c7,260b6184-8828-48eb-945c-bc4cb6fc34ca,1,0.047619,2016-01-01,2016-01-01,0.171639,0.181818,0.0,1
04c39fec-5b44-4f11-9c73-af4f562334c7,536812ce-bfa2-4026-a466-f5cdf1cc8d01,1,0.047619,2016-01-01,2016-01-01,1.0,0.5,0.0,0
04c39fec-5b44-4f11-9c73-af4f562334c7,8be564c3-dfba-440b-af8c-4ffbceeef45e,1,0.047619,2016-01-01,2016-01-01,0.617142,0.2,0.0,1
04c39fec-5b44-4f11-9c73-af4f562334c7,a668565b-41b8-44a8-9d5c-8e609dbf69fc,1,0.047619,2016-01-01,2016-01-01,0.793324,0.285714,0.0,1
04c39fec-5b44-4f11-9c73-af4f562334c7,bca46a0c-25c9-42ca-98c2-e64c8a5e337e,1,0.047619,2016-01-01,2016-01-01,0.314831,0.133333,0.0,1
260b6184-8828-48eb-945c-bc4cb6fc34ca,3394771a-a36b-4739-bcd9-301d09121af8,1,0.047619,2016-01-01,2016-01-01,0.171639,0.181818,0.0,1
260b6184-8828-48eb-945c-bc4cb6fc34ca,536812ce-bfa2-4026-a466-f5cdf1cc8d01,1,0.047619,2016-01-01,2016-01-01,1.0,0.090909,0.0,1
260b6184-8828-48eb-945c-bc4cb6fc34ca,8be564c3-dfba-440b-af8c-4ffbceeef45e,1,0.047619,2016-01-01,2016-01-01,0.617142,0.4,0.0,1
260b6184-8828-48eb-945c-bc4cb6fc34ca,a668565b-41b8-44a8-9d5c-8e609dbf69fc,1,0.047619,2016-01-01,2016-01-01,0.793324,0.636364,0.076923,0
260b6184-8828-48eb-945c-bc4cb6fc34ca,bca46a0c-25c9-42ca-98c2-e64c8a5e337e,1,0.047619,2016-01-01,2016-01-01,0.314831,0.529412,0.0,0
3394771a-a36b-4739-bcd9-301d09121af8,536812ce-bfa2-4026-a466-f5cdf1cc8d01,1,0.047619,2016-01-01,2016-01-01,1.0,0.5,0.0,0
3394771a-a36b-4739-bcd9-301d09121af8,8be564c3-dfba-440b-af8c-4ffbceeef45e,1,0.047619,2016-01-01,2016-01-01,0.617142,0.2,0.0,1
3394771a-a36b-4739-bcd9-301d09121af8,a668565b-41b8-44a8-9d5c-8e609dbf69fc,1,0.047619,2016-01-01,2016-01-01,0.793324,0.285714,0.0,1
3394771a-a36b-4739-bcd9-301d09121af8,bca46a0c-25c9-42ca-98c2-e64c8a5e337e,1,0.047619,2016-01-01,2016-01-01,0.314831,0.133333,0.0,1
536812ce-bfa2-4026-a466-f5cdf1cc8d01,8be564c3-dfba-440b-af8c-4ffbceeef45e,1,0.047619,2016-01-01,2016-01-01,1.0,0.1,0.0,1
536812ce-bfa2-4026-a466-f5cdf1cc8d01,a668565b-41b8-44a8-9d5c-8e609dbf69fc,1,0.047619,2016-01-01,2016-01-01,1.0,0.142857,0.0,1
536812ce-bfa2-4026-a466-f5cdf1cc8d01,bca46a0c-25c9-42ca-98c2-e64c8a5e337e,1,0.047619,2016-01-01,2016-01-01,1.0,0.066667,0.0,1
8be564c3-dfba-440b-af8c-4ffbceeef45e,a668565b-41b8-44a8-9d5c-8e609dbf69fc,1,0.047619,2016-01-01,2016-01-01,0.793324,0.545455,0.0,0
a668565b-41b8-44a8-9d5c-8e609dbf69fc,bca46a0c-25c9-42ca-98c2-e64c8a5e337e,1,0.047619,2016-01-01,2016-01-01,0.793324,0.466667,0.0,1
3377f3bb-60fc-4403-aea9-7e800612e060,3830382e-d3ad-41b2-8024-6f1fe424bc5b,1,0.066667,2005-07-22,2005-07-22,1.0,0.2,0.0,1
3377f3bb-60fc-4403-aea9-7e800612e060,52a6be71-904a-42d4-a81b-ff62f8fe8da8,1,0.066667,2005-07-22,2005-07-22,1.0,0.2,0.0,1
3377f3bb-60fc-4403-aea9-7e800612e060,7046105f-a02f-4053-8314-94b1ced8216f,1,0.066667,2005-07-22,2005-07-22,1.0,0.4,0.0,1
3377f3bb-60fc-4403-aea9-7e800612e060,73287780-d7a2-4e33-a1a4-0db62e9cb050,1,0.066667,2005-07-22,2005-07-22,1.0,0.2,0.0,1
3377f3bb-60fc-4403-aea9-7e800612e060,c6029add-33ca-4a0a-8fa5-c47a1c4b2f9d,1,0.066667,2005-07-22,2005-07-22,1.0,0.4,0.0,1
3830382e-d3ad-41b2-8024-6f1fe424bc5b,52a6be71-904a-42d4-a81b-ff62f8fe8da8,1,0.066667,2005-07-22,2005-07-22,1.0,1.0,0.0,0
3830382e-d3ad-41b2-8024-6f1fe424bc5b,7046105f-a02f-4053-8314-94b1ced8216f,1,0.066667,2005-07-22,2005-07-22,1.0,0.5,0.0,0
3830382e-d3ad-41b2-8024-6f1fe424bc5b,73287780-d7a2-4e33-a1a4-0db62e9cb050,1,0.066667,2005-07-22,2005-07-22,1.0,1.0,0.0,0
3830382e-d3ad-41b2-8024-6f1fe424bc5b,c6029add-33ca-4a0a-8fa5-c47a1c4b2f9d,1,0.066667,2005-07-22,2005-07-22,1.0,0.5,0.0,0
52a6be71-904a-42d4-a81b-ff62f8fe8da8,7046105f-a02f-4053-8314-94b1ced8216f,1,0.066667,2005-07-22,2005-07-22,1.0,0.5,0.0,0
52a6be71-904a-42d4-a81b-ff62f8fe8da8,73287780-d7a2-4e33-a1a4-0db62e9cb050,1,0.066667,2005-07-22,2005-07-22,1.0,1.0,0.0,0
52a6be71-904a-42d4-a81b-ff62f8fe8da8,c6029add-33ca-4a0a-8fa5-c47a1c4b2f9d,1,0.066667,2005-07-22,2005-07-22,1.0,0.5,0.0,0
7046105f-a02f-4053-8314-94b1ced8216f,73287780-d7a2-4e33-a1a4-0db62e9cb050,1,0.066667,2005-07-22,2005-07-22,1.0,0.5,0.0,0
7046105f-a02f-4053-8314-94b1ced8216f,c6029add-33ca-4a0a-8fa5-c47a1c4b2f9d,2,0.4,2005-01-01,2005-07-22,1.0,1.0,0.0,0
73287780-d7a2-4e33-a1a4-0db62e9cb050,c6029add-33ca-4a0a-8fa5-c47a1c4b2f9d,1,0.066667,2005-07-22,2005-07-22,1.0,0.5,0.0,0
0f50beab-d77d-4f0f-ac26-0b87d3e9b11b,382f1005-e9ab-4684-afd4-0bdae4ee37f2,1,0.166667,1973-01-01,1973-01-01,0.250079,0.3,0.0,1
1dce970e-34bc-48b2-ab51-48d87544a4c2,382f1005-e9ab-4684-afd4-0bdae4ee37f2,1,0.166667,1973-01-01,1973-01-01,0.250079,0.1,0.0,1
382f1005-e9ab-4684-afd4-0bdae4ee37f2,6f7e36da-79d8-4219-990d-8e9224d04ebc,1,0.166667,1973-01-01,1973-01-01,1.0,0.2,0.0,1
33ca19f4-18c8-4411-98df-ac23890ce9f5,a6de8ef9-b1a1-4756-97aa-481bbb8a4069,1,1.0,1971-01-01,1971-01-01,1.0,0.7,0.333333,0
0d3bf21a-5eec-443c-9a37-b305598b0840,6da02506-6762-424d-bef4-89a26a0f95c7,1,0.047619,1989-01-01,1989-01-01,1.0,1.0,0.0,0
0d3bf21a-5eec-443c-9a37-b305598b0840,a6871613-8619-4e11-b023-a89690bb9f38,1,0.047619,1989-01-01,1989-01-01,1.0,1.0,0.0,0
0d3bf21a-5eec-443c-9a37-b305598b0840,a8797304-f0b3-497b-a592-c09eac0fd9c8,6,0.595238,1989-01-01,1998-01-01,1.0,1.0,0.0,0
0d3bf21a-5eec-443c-9a37-b305598b0840,d5d97b2b-b83b-4976-814a-056d9076c8c3,1,0.047619,1989-01-01,1989-01-01,1.0,0.125,0.0,1
0d3bf21a-5eec-443c-9a37-b305598b0840,e3fd8e3d-df64-43cb-b68e-cf6d65315e4b,6,0.595238,1989-01-01,1998-01-01,1.0,1.0,0.0,0
0d3bf21a-5eec-443c-9a37-b305598b0840,ff993040-772f-46a0-b5ea-e8d35c2ae98c,1,0.047619,1989-01-01,1989-01-01,1.0,1.0,0.0,0
6da02506-6762-424d-bef4-89a26a0f95c7,a6871613-8619-4e11-b023-a89690bb9f38,1,0.047619,1989-01-01,1989-01-01,1.0,1.0,0.0,0
6da02506-6762-424d-bef4-89a26a0f95c7,a8797304-f0b3-497b-a592-c09eac0fd9c8,1,0.047619,1989-01-01,1989-01-01,1.0,1.0,0.0,0
6da02506-6762-424d-bef4-89a26a0f95c7,d5d97b2b-b83b-4976-814a-056d9076c8c3,1,0.047619,1989-01-01,1989-01-01,1.0,0.125,0.0,1
6da02506-6762-424d-bef4-89a26a0f95c7,e3fd8e3d-df64-43cb-b68e-cf6d65315e4b,1,0.047619,1989-01-01,1989-01-01,1.0,1.0,0.0,0
6da02506-6762-424d-bef4-89a26a0f95c7,ff993040-772f-46a0-b5ea-e8d35c2ae98c,1,0.047619,1989-01-01,1989-01-01,1.0,1.0,0.0,0
a6871613-8619-4e11-b023-a89690bb9f38,a8797304-f0b3-497b-a592-c09eac0fd9c8,1,0.047619,1989-01-01,1989-01-01,1.0,1.0,0.0,0
a6871613-8619-4e11-b023-a89690bb9f38,d5d97b2b-b83b-4976-814a-056d9076c8c3,1,0.047619,1989-01-01,1989-01-01,1.0,0.125,0.0,1
a6871613-8619-4e11-b023-a89690bb9f38,e3fd8e3d-df64-43cb-b68e-cf6d65315e4b,1,0.047619,1989-01-01,1989-01-01,1.0,1.0,0.0,0
a6871613-8619-4e11-b023-a89690bb9f38,ff993040-772f-46a0-b5ea-e8d35c2ae98c,1,0.047619,1989-01-01,1989-01-01,1.0,1.0,0.0,0
a8797304-f0b3-497b-a592-c09eac0fd9c8,d5d97b2b-b83b-4976-814a-056d9076c8c3,1,0.047619,1989-01-01,1989-01-01,1.0,0.125,0.0,1
a8797304-f0b3-497b-a592-c09eac0fd9c8,e3fd8e3d-df64-43cb-b68e-cf6d65315e4b,6,0.595238,1989-01-01,1998-01-01,1.0,1.0,0.0,0
a8797304-f0b3-497b-a592-c09eac0fd9c8,ff993040-772f-46a0-b5ea-e8d35c2ae98c,1,0.047619,1989-01-01,1989-01-01,1.0,1.0,0.0,0
d5d97b2b-b83b-4976-814a-056d9076c8c3,e3fd8e3d-df64-43cb-b68e-cf6d65315e4b,1,0.047619,1989-01-01,1989-01-01,1.0,0.125,0.0,1
d5d97b2b-b83b-4976-814a-056d9076c8c3,ff993040-772f-46a0-b5ea-e8d35c2ae98c,1,0.047619,1989-01-01,1989-01-01,1.0,0.125,0.0,1
e3fd8e3d-df64-43cb-b68e-cf6d65315e4b,ff993040-772f-46a0-b5ea-e8d35c2ae98c,1,0.047619,1989-01-01,1989-01-01,1.0,1.0,0.0,0
48500b27-80f9-4ff7-b23e-f1d63f3c4293,89d4a76a-d8d4-4600-ac9e-19415320b7f4,1,1.0,2018-01-01,2018-01-01,1.0,0.5,0.0,0
79a09151-f6cc-48f9-9907-3fdd0b68373f,f22942a1-6f70-4f48-866e-238cb2308fbd,5,5.0,1995-01-01,1996-01-01,1.0,0.2,0.0,1
104c4233-f393-4ce9-a9f4-cd9f84426925,2f3c4d70-0462-40da-bba3-0aec5772c556,1,0.027778,2016-01-01,2016-01-01,1.0,0.2,0.666667,0
104c4233-f393-4ce9-a9f4-cd9f84426925,3d2ee04c-c21d-424d-91da-afd66258438e,1,0.027778,2016-01-01,2016-01-01,1.0,0.5,0.666667,0
104c4233-f393-4ce9-a9f4-cd9f84426925,4e481ad9-aa5d-4a1a-b2fc-444c0ad48b7e,1,0.027778,2016-01-01,2016-01-01,1.0,1.0,1.0,0
104c4233-f393-4ce9-a9f4-cd9f84426925,59f06a94-5d1f-48fe-9e73-fa47d15e6fc2,1,0.027778,2016-01-01,2016-01-01,1.0,1.0,1.0,0
104c4233-f393-4ce9-a9f4-cd9f84426925,913ab7e4-b806-430d-8d50-b6e141d035e7,1,0.027778,2016-01-01,2016-01-01,1.0,1.0,1.0,0
104c4233-f393-4ce9-a9f4-cd9f84426925,afb680f2-b6eb-4cd7-a70b-a63b25c763d5,1,0.027778,2016-01-01,2016-01-01,1.0,0.111111,0.666667,0
104c4233-f393-4ce9-a9f4-cd9f84426925,bb3882be-ca2e-4a93-b077-0f9792482964,1,0.027778,2016-01-01,2016-01-01,1.0,1.0,1.0,0
104c4233-f393-4ce9-a9f4-cd9f84426925,d70f46f1-78a7-40d6-9961-80e9d6d92c71,1,0.027778,2016-01-01,2016-01-01,1.0,1.0,1.0,0
2f3c4d70-0462-40da-bba3-0aec5772c556,3d2ee04c-c21d-424d-91da-afd66258438e,1,0.027778,2016-01-01,2016-01-01,1.0,0.4,0.5,0
2f3c4d70-0462-40da-bba3-0aec5772c556,4e481ad9-aa5d-4a1a-b2fc-444c0ad48b7e,1,0.027778,2016-01-01,2016-01-01,0.629761,0.2,0.666667,0
2f3c4d70-0462-40da-bba3-0aec5772c556,59f06a94-5d1f-48fe-9e73-fa47d15e6fc2,1,0.027778,2016-01-01,2016-01-01,1.0,0.2,0.666667,0
2f3c4d70-0462-40da-bba3-0aec5772c556,913ab7e4-b806-430d-8d50-b6e141d035e7,1,0.027778,2016-01-01,2016-01-01,1.0,0.2,0.666667,0
2f3c4d70-0462-40da-bba3-0aec5772c556,afb680f2-b6eb-4cd7-a70b-a63b25c763d5,1,0.027778,2016-01-01,2016-01-01,0.629761,0.4,0.5,0
2f3c4d70-0462-40da-bba3-0aec5772c556,bb3882be-ca2e-4a93-b077-0f9792482964,1,0.027778,2016-01-01,2016-01-01,1.0,0.2,0.666667,0
2f3c4d70-0462-40da-bba3-0aec5772c556,d70f46f1-78a7-40d6-9961-80e9d6d92c71,1,0.027778,2016-01-01,2016-01-01,1.0,0.2,0.666667,0
3d2ee04c-c21d-424d-91da-afd66258438e,4e481ad9-aa5d-4a1a-b2fc-444c0ad48b7e,1,0.027778,2016-01-01,2016-01-01,1.0,0.5,0.666667,0
3d2ee04c-c21d-424d-91da-afd66258438e,59f06a94-5d1f-48fe-9e73-fa47d15e6fc2,1,0.027778,2016-01-01,2016-01-01,1.0,0.5,0.666667,0
3d2ee04c-c21d-424d-91da-afd66258438e,913ab7e4-b806-430d-8d50-b6e141d035e7,1,0.027778,2016-01-01,2016-01-01,1.0,0.5,0.666667,0
3d2ee04c-c21d-424d-91da-afd66258438e,bb3882be-ca2e-4a93-b077-0f9792482964,1,0.027778,2016-01-01,2016-01-01,1.0,0.5,0.666667,0
3d2ee04c-c21d-424d-91da-afd66258438e,d70f46f1-78a7-40d6-9961-80e9d6d92c71,1,0.027778,2016-01-01,2016-01-01,1.0,0.5,0.666667,0
4e481ad9-aa5d-4a1a-b2fc-444c0ad48b7e,59f06a94-5d1f-48fe-9e73-fa47d15e6fc2,1,0.027778,2016-01-01,2016-01-01,1.0,1.0,1.0,0
4e481ad9-aa5d-4a1a-b2fc-444c0ad48b7e,913ab7e4-b806-430d-8d50-b6e141d035e7,1,0.027778,2016-01-01,2016-01-01,1.0,1.0,1.0,0
4e481ad9-aa5d-4a1a-b2fc-444c0ad48b7e,afb680f2-b6eb-4cd7-a70b-a63b25c763d5,1,0.027778,2016-01-01,2016-01-01,0.535946,0.111111,0.666667,0
4e481ad9-aa5d-4a1a-b2fc-444c0ad48b7e,bb3882be-ca2e-4a93-b077-0f9792482964,1,0.027778,2016-01-01,2016-01-01,1.0,1.0,1.0,0
4e481ad9-aa5d-4a1a-b2fc-444c0ad48b7e,d70f46f1-78a7-40d6-9961-80e9d6d92c71,1,0.027778,2016-01-01,2016-01-01,1.0,1.0,1.0,0
59f06a94-5d1f-48fe-9e73-fa47d15e6fc2,913ab7e4-b806-430d-8d50-b6e141d035e7,1,0.027778,2016-01-01,2016-01-01,1.0,1.0,1.0,0
59f06a94-5d1f-48fe-9e73-fa47d15e6fc2,afb680f2-b6eb-4cd7-a70b-a63b25c763d5,1,0.027778,2016-01-01,2016-01-01,1.0,0.111111,0.666667,0
59f06a94-5d1f-48fe-9e73-fa47d15e6fc2,bb3882be-ca2e-4a93-b077-0f9792482964,1,0.027778,2016-01-01,2016-01-01,1.0,1.0,1.0,0
59f06a94-5d1f-48fe-9e73-fa47d15e6fc2,d70f46f1-78a7-40d6-9961-80e9d6d92c71,1,0.027778,2016-01-01,2016-01-01,1.0,1.0,1.0,0
913ab7e4-b806-430d-8d50-b6e141d035e7,afb680f2-b6eb-4cd7-a70b-a63b25c763d5,1,0.027778,2016-01-01,2016-01-01,1.0,0.111111,0.666667,0
913ab7e4-b806-430d-8d50-b6e141d035e7,bb3882be-ca2e-4a93-b077-0f9792482964,1,0.027778,2016-01-01,2016-01-01,1.0,1.0,1.0,0
913ab7e4-b806-430d-8d50-b6e141d035e7,d70f46f1-78a7-40d6-9961-80e9d6d92c71,1,0.027778,2016-01-01,2016-01-01,1.0,1.0,1.0,0
afb680f2-b6eb-4cd7-a70b-a63b25c763d5,bb3882be-ca2e-4a93-b077-0f9792482964,1,0.027778,2016-01-01,2016-01-01,1.0,0.111111,0.666667,0
afb680f2-b6eb-4cd7-a70b-a63b25c763d5,d70f46f1-78a7-40d6-9961-80e9d6d92c71,1,0.027778,2016-01-01,2016-01-01,1.0,0.111111,0.666667,0
bb3882be-ca2e-4a93-b077-0f9792482964,d70f46f1-78a7-40d6-9961-80e9d6d92c71,1,0.027778,2016-01-01,2016-01-01,1.0,1.0,1.0,0
25b7b584-d952-4662-a8b9-dd8cdfbfeb64,2f3c4d70-0462-40da-bba3-0aec5772c556,1,0.027778,2017-01-01,2017-01-01,1.0,0.625,0.125,0
25b7b584-d952-4662-a8b9-dd8cdfbfeb64,666ffd5a-d1a7-4945-8f42-26a36dc8281c,1,0.027778,2017-01-01,2017-01-01,1.0,0.125,0.0,1
25b7b584-d952-4662-a8b9-dd8cdfbfeb64,714b9763-333e-4999-b107-135ba2c6c6c7,1,0.027778,2017-01-01,2017-01-01,1.0,0.125,0.0,1
25b7b584-d952-4662-a8b9-dd8cdfbfeb64,99d40e84-b385-4185-a309-7c5d29b9c612,1,0.027778,2017-01-01,2017-01-01,1.0,0.125,0.25,1
25b7b584-d952-4662-a8b9-dd8cdfbfeb64,afff4ecf-0c96-469f-9e82-0c8ecb4a812f,1,0.027778,2017-01-01,2017-01-01,1.0,0.125,0.0,1
25b7b584-d952-4662-a8b9-dd8cdfbfeb64,bc4cc656-f03a-493a-b250-6afaa4cd7418,1,0.027778,2017-01-01,2017-01-01,1.0,0.125,0.25,1
25b7b584-d952-4662-a8b9-dd8cdfbfeb64,db48610c-6d8f-4d10-90ca-c4d14bb1a8b1,1,0.027778,2017-01-01,2017-01-01,1.0,0.125,0.0,1
25b7b584-d952-4662-a8b9-dd8cdfbfeb64,ec7ad706-7212-43cb-8415-197780b322a5,1,0.027778,2017-01-01,2017-01-01,1.0,0.125,0.0,1
2f3c4d70-0462-40da-bba3-0aec5772c556,666ffd5a-d1a7-4945-8f42-26a36dc8281c,1,0.027778,2017-01-01,2017-01-01,1.0,0.2,0.0,1
2f3c4d70-0462-40da-bba3-0aec5772c556,714b9763-333e-4999-b107-135ba2c6c6c7,1,0.027778,2017-01-01,2017-01-01,1.0,0.2,0.0,1
2f3c4d70-0462-40da-bba3-0aec5772c556,99d40e84-b385-4185-a309-7c5d29b9c612,2,0.035131,2017-01-01,2018-01-01,1.0,0.2,0.333333,1
2f3c4d70-0462-40da-bba3-0aec5772c556,afff4ecf-0c96-469f-9e82-0c8ecb4a812f,1,0.027778,2017-01-01,2017-01-01,1.0,0.2,0.0,1
2f3c4d70-0462-40da-bba3-0aec5772c556,db48610c-6d8f-4d10-90ca-c4d14bb1a8b1,1,0.027778,2017-01-01,2017-01-01,0.793826,0.2,0.0,1
2f3c4d70-0462-40da-bba3-0aec5772c556,ec7ad706-7212-43cb-8415-197780b322a5,1,0.027778,2017-01-01,2017-01-01,0.793826,0.2,0.0,1
666ffd5a-d1a7-4945-8f42-26a36dc8281c,714b9763-333e-4999-b107-135ba2c6c6c7,1,0.027778,2017-01-01,2017-01-01,1.0,1.0,0.0,0
666ffd5a-d1a7-4945-8f42-26a36dc8281c,99d40e84-b385-4185-a309-7c5d29b9c612,1,0.027778,2017-01-01,2017-01-01,1.0,1.0,0.0,0
666ffd5a-d1a7-4945-8f42-26a36dc8281c,afff4ecf-0c96-469f-9e82-0c8ecb4a812f,1,0.027778,2017-01-01,2017-01-01,1.0,1.0,0.0,0
666ffd5a-d1a7-4945-8f42-26a36dc8281c,bc4cc656-f03a-493a-b250-6afaa4cd7418,1,0.027778,2017-01-01,2017-01-01,1.0,1.0,0.0,0
666ffd5a-d1a7-4945-8f42-26a36dc8281c,db48610c-6d8f-4d10-90ca-c4d14bb1a8b1,1,0.027778,2017-01-01,2017-01-01,1.0,1.0,0.0,0
666ffd5a-d1a7-4945-8f42-26a36dc8281c,ec7ad706-7212-43cb-8415-197780b322a5,1,0.027778,2017-01-01,2017-01-01,1.0,1.0,0.0,0
714b9763-333e-4999-b107-135ba2c6c6c7,99d40e84-b385-4185-a309-7c5d29b9c612,1,0.027778,2017-01-01,2017-01-01,1.0,1.0,0.0,0
714b9763-333e-4999-b107-135ba2c6c6c7,afff4ecf-0c96-469f-9e82-0c8ecb4a812f,1,0.027778,2017-01-01,2017-01-01,1.0,1.0,0.0,0
714b9763-333e-4999-b107-135ba2c6c6c7,bc4cc656-f03a-493a-b250-6afaa4cd7418,1,0.027778,2017-01-01,2017-01-01,1.0,1.0,0.0,0
714b9763-333e-4999-b107-135ba2c6c6c7,db48610c-6d8f-4d10-90ca-c4d14bb1a8b1,1,0.027778,2017-01-01,2017-01-01,1.0,1.0,0.0,0
714b9763-333e-4999-b107-135ba2c6c6c7,ec7ad706-7212-43cb-8415-197780b322a5,1,0.027778,2017-01-01,2017-01-01,1.0,1.0,0.0,0
99d40e84-b385-4185-a309-7c5d29b9c612,afff4ecf-0c96-469f-9e82-0c8ecb4a812f,1,0.027778,2017-01-01,2017-01-01,1.0,1.0,0.0,0
99d40e84-b385-4185-a309-7c5d29b9c612,bc4cc656-f03a-493a-b250-6afaa4cd7418,2,0.035131,2017-01-01,2018-01-01,1.0,1.0,1.0,0
99d40e84-b385-4185-a309-7c5d29b9c612,db48610c-6d8f-4d10-90ca-c4d14bb1a8b1,1,0.027778,2017-01-01,2017-01-01,0.693321,1.0,0.0,0
afff4ecf-0c96-469f-9e82-0c8ecb4a812f,bc4cc656-f03a-493a-b250-6afaa4cd7418,1,0.027778,2017-01-01,2017-01-01,1.0,1.0,0.0,0
afff4ecf-0c96-469f-9e82-0c8ecb4a812f,db48610c-6d8f-4d10-90ca-c4d14bb1a8b1,1,0.027778,2017-01-01,2017-01-01,1.0,1.0,0.0,0
afff4ecf-0c96-469f-9e82-0c8ecb4a812f,ec7ad706-7212-43cb-8415-197780b322a5,1,0.027778,2017-01-01,2017-01-01,1.0,1.0,0.0,0
bc4cc656-f03a-493a-b250-6afaa4cd7418,db48610c-6d8f-4d10-90ca-c4d14bb1a8b1,1,0.027778,2017-01-01,2017-01-01,0.793826,1.0,0.0,0
bc4cc656-f03a-493a-b250-6afaa4cd7418,ec7ad706-7212-43cb-8415-197780b322a5,1,0.027778,2017-01-01,2017-01-01,0.793826,1.0,0.0,0
db48610c-6d8f-4d10-90ca-c4d14bb1a8b1,ec7ad706-7212-43cb-8415-197780b322a5,1,0.027778,2017-01-01,2017-01-01,0.693321,1.0,0.0,0
1036b808-f58c-4a3e-b461-a2c4492ecf1b,2a11b7c9-12d6-495d-a577-7412dd1f7aca,1,0.035714,2017-10-29,2017-10-29,1.0,0.1,1.0,0
1036b808-f58c-4a3e-b461-a2c4492ecf1b,2f3c4d70-0462-40da-bba3-0aec5772c556,1,0.035714,2017-10-29,2017-10-29,1.0,0.5,0.333333,0
1036b808-f58c-4a3e-b461-a2c4492ecf1b,6143403a-df6c-429e-8ee6-ef869896b0da,1,0.035714,2017-10-29,2017-10-29,1.0,0.545455,1.0,0
1036b808-f58c-4a3e-b461-a2c4492ecf1b,70f5bb6e-9b87-4500-9c9f-2e1d373d07da,1,0.035714,2017-10-29,2017-10-29,1.0,0.1,1.0,0
1036b808-f58c-4a3e-b461-a2c4492ecf1b,91376b53-c37d-4eed-ac24-63d167af6885,1,0.035714,2017-10-29,2017-10-29,1.0,0.2,1.0,0
1036b808-f58c-4a3e-b461-a2c4492ecf1b,92631c53-91ed-48f5-a09d-a104ba69cdc7,1,0.035714,2017-10-29,2017-10-29,1.0,0.1,1.0,0
1036b808-f58c-4a3e-b461-a2c4492ecf1b,ba991ec6-049b-479f-9020-be2a84dc1473,1,0.035714,2017-10-29,2017-10-29,1.0,0.1,1.0,0
2a11b7c9-12d6-495d-a577-7412dd1f7aca,6143403a-df6c-429e-8ee6-ef869896b0da,1,0.035714,2017-10-29,2017-10-29,0.679857,0.142857,1.0,0
2a11b7c9-12d6-495d-a577-7412dd1f7aca,70f5bb6e-9b87-4500-9c9f-2e1d373d07da,1,0.035714,2017-10-29,2017-10-29,0.945256,1.0,1.0,0
2a11b7c9-12d6-495d-a577-7412dd1f7aca,92631c53-91ed-48f5-a09d-a104ba69cdc7,1,0.035714,2017-10-29,2017-10-29,0.679857,1.0,1.0,0
2f3c4d70-0462-40da-bba3-0aec5772c556,6143403a-df6c-429e-8ee6-ef869896b0da,1,0.035714,2017-10-29,2017-10-29,0.960324,0.714286,0.333333,0
2f3c4d70-0462-40da-bba3-0aec5772c556,70f5bb6e-9b87-4500-9c9f-2e1d373d07da,1,0.035714,2017-10-29,2017-10-29,0.960324,0.2,0.333333,1
2f3c4d70-0462-40da-bba3-0aec5772c556,92631c53-91ed-48f5-a09d-a104ba69cdc7,1,0.035714,2017-10-29,2017-10-29,0.960324,0.2,0.333333,1
6143403a-df6c-429e-8ee6-ef869896b0da,91376b53-c37d-4eed-ac24-63d167af6885,1,0.035714,2017-10-29,2017-10-29,0.607074,0.285714,1.0,0
6143403a-df6c-429e-8ee6-ef869896b0da,ba991ec6-049b-479f-9020-be2a84dc1473,1,0.035714,2017-10-29,2017-10-29,0.679857,0.142857,1.0,0
70f5bb6e-9b87-4500-9c9f-2e1d373d07da,91376b53-c37d-4eed-ac24-63d167af6885,1,0.035714,2017-10-29,2017-10-29,0.945256,0.5,1.0,0
70f5bb6e-9b87-4500-9c9f-2e1d373d07da,ba991ec6-049b-479f-9020-be2a84dc1473,1,0.035714,2017-10-29,2017-10-29,0.945256,1.0,1.0,0
91376b53-c37d-4eed-ac24-63d167af6885,92631c53-91ed-48f5-a09d-a104ba69cdc7,1,0.035714,2017-10-29,2017-10-29,0.607074,0.5,1.0,0
92631c53-91ed-48f5-a09d-a104ba69cdc7,ba991ec6-049b-479f-9020-be2a84dc1473,1,0.035714,2017-10-29,2017-10-29,0.679857,1.0,1.0,0
0a2bd34d-0cf9-4e34-9854-fd8990977d00,29c28ac3-27c5-4822-8eb6-0af89a3a7240,1,0.007353,2018-01-01,2018-01-01,1.0,1.0,1.0,0
0a2bd34d-0cf9-4e34-9854-fd8990977d00,29edaca5-7e7d-4391-b137-ff1c94a4d262,1,0.007353,2018-01-01,2018-01-01,1.0,1.0,1.0,0
0a2bd34d-0cf9-4e34-9854-fd8990977d00,2f3c4d70-0462-40da-bba3-0aec5772c556,1,0.007353,2018-01-01,2018-01-01,1.0,0.2,0.333333,1
0a2bd34d-0cf9-4e34-9854-fd8990977d00,32434ee8-8f04-4c95-a963-796faa298651,1,0.007353,2018-01-01,2018-01-01,1.0,1.0,1.0,0
0a2bd34d-0cf9-4e34-9854-fd8990977d00,3b39abeb-0064-4eed-9ddd-ee47a45c54cb,1,0.007353,2018-01-01,2018-01-01,1.0,1.0,1.0,0
0a2bd34d-0cf9-4e34-9854-fd8990977d00,4e954b02-fae2-4bd7-9547-e055a6ac0527,1,0.007353,2018-01-01,2018-01-01,1.0,1.0,1.0,0
0a2bd34d-0cf9-4e34-9854-fd8990977d00,550cb78b-4995-4873-baea-76ef265531f5,1,0.007353,2018-01-01,2018-01-01,1.0,1.0,1.0,0
0a2bd34d-0cf9-4e34-9854-fd8990977d00,60bec7fc-22ad-4597-a928-781c576ebccd,1,0.007353,2018-01-01,2018-01-01,1.0,1.0,1.0,0
0a2bd34d-0cf9-4e34-9854-fd8990977d00,94dbfe2e-ca48-4e08-a5a8-e1e74136c63d,1,0.007353,2018-01-01,2018-01-01,1.0,1.0,1.0,0
0a2bd34d-0cf9-4e34-9854-fd8990977d00,99d40e84-b385-4185-a309-7c5d29b9c612,1,0.007353,2018-01-01,2018-01-01,1.0,1.0,1.0,0
0a2bd34d-0cf9-4e34-9854-fd8990977d00,a6b90dc0-e22e-44e1-890b-87900bd9aca6,1,0.007353,2018-01-01,2018-01-01,1.0,1.0,1.0,0
0a2bd34d-0cf9-4e34-9854-fd8990977d00,bc4cc656-f03a-493a-b250-6afaa4cd7418,1,0.007353,2018-01-01,2018-01-01,1.0,1.0,1.0,0
0a2bd34d-0cf9-4e34-9854-fd8990977d00,d50548a0-3cfd-4d7a-964b-0aef6545d819,1,0.007353,2018-01-01,2018-01-01,1.0,1.0,1.0,0
0a2bd34d-0cf9-4e34-9854-fd8990977d00,e8414012-4a1c-4ad4-be5e-fc55294e28cc,1,0.007353,2018-01-01,2018-01-01,1.0,1.0,1.0,0
0a2bd34d-0cf9-4e34-9854-fd8990977d00,fb7d550f-7518-41ba-95db-33db5287d8e2,1,0.007353,2018-01-01,2018-01-01,1.0,0.5,0.666667,0
0a2bd34d-0cf9-4e34-9854-fd8990977d00,fd9f268a-89ef-4577-81f4-efebc9517a07,1,0.007353,2018-01-01,2018-01-01,1.0,1.0,1.0,0
29c28ac3-27c5-4822-8eb6-0af89a3a7240,29edaca5-7e7d-4391-b137-ff1c94a4d262,2,0.018342,2018-01-01,2021-04-09,1.0,1.0,1.0,0
29c28ac3-27c5-4822-8eb6-0af89a3a7240,2f3c4d70-0462-40da-bba3-0aec5772c556,1,0.007353,2018-01-01,2018-01-01,1.0,0.2,0.333333,1
29c28ac3-27c5-4822-8eb6-0af89a3a7240,32434ee8-8f04-4c95-a963-796faa298651,1,0.007353,2018-01-01,2018-01-01,1.0,1.0,1.0,0
29c28ac3-27c5-4822-8eb6-0af89a3a7240,3b39abeb-0064-4eed-9ddd-ee47a45c54cb,2,0.018342,2018-01-01,2021-04-09,1.0,1.0,1.0,0
29c28ac3-27c5-4822-8eb6-0af89a3a7240,4e954b02-fae2-4bd7-9547-e055a6ac0527,2,0.018342,2018-01-01,2021-04-09,1.0,1.0,1.0,0
29c28ac3-27c5-4822-8eb6-0af89a3a7240,550cb78b-4995-4873-baea-76ef265531f5,2,0.018342,2018-01-01,2021-04-09,1.0,1.0,1.0,0
29c28ac3-27c5-4822-8eb6-0af89a3a7240,60bec7fc-22ad-4597-a928-781c576ebccd,1,0.007353,2018-01-01,2018-01-01,1.0,1.0,1.0,0
29c28ac3-27c5-4822-8eb6-0af89a3a7240,94dbfe2e-ca48-4e08-a5a8-e1e74136c63d,2,0.018342,2018-01-01,2021-04-09,1.0,1.0,1.0,0
29c28ac3-27c5-4822-8eb6-0af89a3a7240,99d40e84-b385-4185-a309-7c5d29b9c612,1,0.007353,2018-01-01,2018-01-01,0.873391,1.0,1.0,0
29c28ac3-27c5-4822-8eb6-0af89a3a7240,a6b90dc0-e22e-44e1-890b-87900bd9aca6,2,0.018342,2018-01-01,2021-04-09,1.0,1.0,1.0,0
29c28ac3-27c5-4822-8eb6-0af89a3a7240,bc4cc656-f03a-493a-b250-6afaa4cd7418,1,0.007353,2018-01-01,2018-01-01,1.0,1.0,1.0,0
29c28ac3-27c5-4822-8eb6-0af89a3a7240,d50548a0-3cfd-4d7a-964b-0aef6545d819,2,0.018342,2018-01-01,2021-04-09,1.0,1.0,1.0,0
29c28ac3-27c5-4822-8eb6-0af89a3a7240,e8414012-4a1c-4ad4-be5e-fc55294e28cc,1,0.007353,2018-01-01,2018-01-01,1.0,1.0,1.0,0
29c28ac3-27c5-4822-8eb6-0af89a3a7240,fb7d550f-7518-41ba-95db-33db5287d8e2,1,0.007353,2018-01-01,2018-01-01,0.797853,0.5,0.666667,0
29c28ac3-27c5-4822-8eb6-0af89a3a7240,fd9f268a-89ef-4577-81f4-efebc9517a07,1,0.007353,2018-01-01,2018-01-01,1.0,1.0,1.0,0
29edaca5-7e7d-4391-b137-ff1c94a4d262,2f3c4d70-0462-40da-bba3-0aec5772c556,1,0.007353,2018-01-01,2018-01-01,1.0,0.2,0.333333,1
29edaca5-7e7d-4391-b137-ff1c94a4d262,32434ee8-8f04-4c95-a963-796faa298651,1,0.007353,2018-01-01,2018-01-01,1.0,1.0,1.0,0
29edaca5-7e7d-4391-b137-ff1c94a4d262,3b39abeb-0064-4eed-9ddd-ee47a45c54cb,2,0.018342,2018-01-01,2021-04-09,1.0,1.0,1.0,0
29edaca5-7e7d-4391-b137-ff1c94a4d262,4e954b02-fae2-4bd7-9547-e055a6ac0527,2,0.018342,2018-01-01,2021-04-09,1.0,1.0,1.0,0
29edaca5-7e7d-4391-b137-ff1c94a4d262,550cb78b-4995-4873-baea-76ef265531f5,2,0.018342,2018-01-01,2021-04-09,1.0,1.0,1.0,0
29edaca5-7e7d-4391-b137-ff1c94a4d262,60bec7fc-22ad-4597-a928-781c576ebccd,1,0.007353,2018-01-01,2018-01-01,1.0,1.0,1.0,0
29edaca5-7e7d-4391-b137-ff1c94a4d262,94dbfe2e-ca48-4e08-a5a8-e1e74136c63d,2,0.018342,2018-01-01,2021-04-09,1.0,1.0,1.0,0
29edaca5-7e7d-4391-b137-ff1c94a4d262,99d40e84-b385-4185-a309-7c5d29b9c612,1,0.007353,2018-01-01,2018-01-01,0.873391,1.0,1.0,0
29edaca5-7e7d-4391-b137-ff1c94a4d262,a6b90dc0-e22e-44e1-890b-87900bd9aca6,2,0.018342,2018-01-01,2021-04-09,1.0,1.0,1.0,0
29edaca5-7e7d-4391-b137-ff1c94a4d262,bc4cc656-f03a-493a-b250-6afaa4cd7418,1,0.007353,2018-01-01,2018-01-01,1.0,1.0,1.0,0
29edaca5-7e7d-4391-b137-ff1c94a4d262,d50548a0-3cfd-4d7a-964b-0aef6545d819,2,0.018342,2018-01-01,2021-04-09,1.0,1.0,1.0,0
29edaca5-7e7d-4391-b137-ff1c94a4d262,e8414012-4a1c-4ad4-be5e-fc55294e28cc,1,0.007353,2018-01-01,2018-01-01,1.0,1.0,1.0,0
29edaca5-7e7d-4391-b137-ff1c94a4d262,fb7d550f-7518-41ba-95db-33db5287d8e2,1,0.007353,2018-01-01,2018-01-01,0.797853,0.5,0.666667,0
29edaca5-7e7d-4391-b137-ff1c94a4d262,fd9f268a-89ef-4577-81f4-efebc9517a07,1,0.007353,2018-01-01,2018-01-01,1.0,1.0,1.0,0
2f3c4d70-0462-40da-bba3-0aec5772c556,32434ee8-8f04-4c95-a963-796faa298651,1,0.007353,2018-01-01,2018-01-01,1.0,0.2,0.333333,1
2f3c4d70-0462-40da-bba3-0aec5772c556,3b39abeb-0064-4eed-9ddd-ee47a45c54cb,1,0.007353,2018-01-01,2018-01-01,1.0,0.2,0.333333,1
2f3c4d70-0462-40da-bba3-0aec5772c556,4e954b02-fae2-4bd7-9547-e055a6ac0527,1,0.007353,2018-01-01,2018-01-01,1.0,0.2,0.333333,1
2f3c4d70-0462-40da-bba3-0aec5772c556,550cb78b-4995-4873-baea-76ef265531f5,1,0.007353,2018-01-01,2018-01-01,1.0,0.2,0.333333,1
2f3c4d70-0462-40da-bba3-0aec5772c556,60bec7fc-22ad-4597-a928-781c576ebccd,1,0.007353,2018-01-01,2018-01-01,1.0,0.2,0.333333,1
2f3c4d70-0462-40da-bba3-0aec5772c556,94dbfe2e-ca48-4e08-a5a8-e1e74136c63d,1,0.007353,2018-01-01,2018-01-01,1.0,0.2,0.333333,1
2f3c4d70-0462-40da-bba3-0aec5772c556,a6b90dc0-e22e-44e1-890b-87900bd9aca6,1,0.007353,2018-01-01,2018-01-01,1.0,0.2,0.333333,1
2f3c4d70-0462-40da-bba3-0aec5772c556,d50548a0-3cfd-4d7a-964b-0aef6545d819,1,0.007353,2018-01-01,2018-01-01,1.0,0.2,0.333333,1
2f3c4d70-0462-40da-bba3-0aec5772c556,e8414012-4a1c-4ad4-be5e-fc55294e28cc,1,0.007353,2018-01-01,2018-01-01,1.0,0.2,0.333333,1
2f3c4d70-0462-40da-bba3-0aec5772c556,fb7d550f-7518-41ba-95db-33db5287d8e2,1,0.007353,2018-01-01,2018-01-01,1.0,0.4,0.5,0
2f3c4d70-0462-40da-bba3-0aec5772c556,fd9f268a-89ef-4577-81f4-efebc9517a07,1,0.007353,2018-01-01,2018-01-01,1.0,0.2,0.333333,1
32434ee8-8f04-4c95-a963-796faa298651,3b39abeb-0064-4eed-9ddd-ee47a45c54cb,1,0.007353,2018-01-01,2018-01-01,1.0,1.0,1.0,0
32434ee8-8f04-4c95-a963-796faa298651,4e954b02-fae2-4bd7-9547-e055a6ac0527,1,0.007353,2018-01-01,2018-01-01,1.0,1.0,1.0,0
32434ee8-8f04-4c95-a963-796faa298651,550cb78b-4995-4873-baea-76ef265531f5,1,0.007353,2018-01-01,2018-01-01,1.0,1.0,1.0,0
32434ee8-8f04-4c95-a963-796faa298651,60bec7fc-22ad-4597-a928-781c576ebccd,1,0.007353,2018-01-01,2018-01-01,1.0,1.0,1.0,0
32434ee8-8f04-4c95-a963-796faa298651,94dbfe2e-ca48-4e08-a5a8-e1e74136c63d,1,0.007353,2018-01-01,2018-01-01,1.0,1.0,1.0,0
32434ee8-8f04-4c95-a963-796faa298651,99d40e84-b385-4185-a309-7c5d29b9c612,1,0.007353,2018-01-01,2018-01-01,1.0,1.0,1.0,0
32434ee8-8f04-4c95-a963-796faa298651,a6b90dc0-e22e-44e1-890b-87900bd9aca6,1,0.007353,2018-01-01,2018-01-01,1.0,1.0,1.0,0
32434ee8-8f04-4c95-a963-796faa298651,bc4cc656-f03a-493a-b250-6afaa4cd7418,1,0.007353,2018-01-01,2018-01-01,1.0,1.0,1.0,0
32434ee8-8f04-4c95-a963-796faa298651,d50548a0-3cfd-4d7a-964b-0aef6545d819,1,0.007353,2018-01-01,2018-01-01,1.0,1.0,1.0,0
32434ee8-8f04-4c95-a963-796faa298651,e8414012-4a1c-4ad4-be5e-fc55294e28cc,1,0.007353,2018-01-01,2018-01-01,1.0,1.0,1.0,0
32434ee8-8f04-4c95-a963-796faa298651,fb7d550f-7518-41ba-95db-33db5287d8e2,1,0.007353,2018-01-01,2018-01-01,1.0,0.5,0.666667,0
32434ee8-8f04-4c95-a963-796faa298651,fd9f268a-89ef-4577-81f4-efebc9517a07,1,0.007353,2018-01-01,2018-01-01,1.0,1.0,1.0,0
3b39abeb-0064-4eed-9ddd-ee47a45c54cb,4e954b02-fae2-4bd7-9547-e055a6ac0527,2,0.018342,2018-01-01,2021-04-09,1.0,1.0,1.0,0
3b39abeb-0064-4eed-9ddd-ee47a45c54cb,550cb78b-4995-4873-baea-76ef265531f5,2,0.018342,2018-01-01,2021-04-09,1.0,1.0,1.0,0
3b39abeb-0064-4eed-9ddd-ee47a45c54cb,60bec7fc-22ad-4597-a928-781c576ebccd,1,0.007353,2018-01-01,2018-01-01,1.0,1.0,1.0,0
3b39abeb-0064-4eed-9ddd-ee47a45c54cb,94dbfe2e-ca48-4e08-a5a8-e1e74136c63d,2,0.018342,2018-01-01,2021-04-09,1.0,1.0,1.0,0
3b39abeb-0064-4eed-9ddd-ee47a45c54cb,99d40e84-b385-4185-a309-7c5d29b9c612,1,0.007353,2018-01-01,2018-01-01,0.873391,1.0,1.0,0
3b39abeb-0064-4eed-9ddd-ee47a45c54cb,a6b90dc0-e22e-44e1-890b-87900bd9aca6,2,0.018342,2018-01-01,2021-04-09,1.0,1.0,1.0,0
3b39abeb-0064-4eed-9ddd-ee47a45c54cb,bc4cc656-f03a-493a-b250-6afaa4cd7418,1,0.007353,2018-01-01,2018-01-01,1.0,1.0,1.0,0
3b39abeb-0064-4eed-9ddd-ee47a45c54cb,d50548a0-3cfd-4d7a-964b-0aef6545d819,2,0.018342,2018-01-01,2021-04-09,1.0,1.0,1.0,0
3b39abeb-0064-4eed-9ddd-ee47a45c54cb,e8414012-4a1c-4ad4-be5e-fc55294e28cc,1,0.007353,2018-01-01,2018-01-01,1.0,1.0,1.0,0
3b39abeb-0064-4eed-9ddd-ee47a45c54cb,fb7d550f-7518-41ba-95db-33db5287d8e2,1,0.007353,2018-01-01,2018-01-01,0.797853,0.5,0.666667,0
3b39abeb-0064-4eed-9ddd-ee47a45c54cb,fd9f268a-89ef-4577-81f4-efebc9517a07,1,0.007353,2018-01-01,2018-01-01,1.0,1.0,1.0,0
4e954b02-fae2-4bd7-9547-e055a6ac0527,550cb78b-4995-4873-baea-76ef265531f5,2,0.018342,2018-01-01,2021-04-09,1.0,1.0,1.0,0
4e954b02-fae2-4bd7-9547-e055a6ac0527,60bec7fc-22ad-4597-a928-781c576ebccd,1,0.007353,2018-01-01,2018-01-01,1.0,1.0,1.0,0
4e954b02-fae2-4bd7-9547-e055a6ac0527,94dbfe2e-ca48-4e08-a5a8-e1e74136c63d,2,0.018342,2018-01-01,2021-04-09,1.0,1.0,1.0,0
4e954b02-fae2-4bd7-9547-e055a6ac0527,99d40e84-b385-4185-a309-7c5d29b9c612,1,0.007353,2018-01-01,2018-01-01,0.873391,1.0,1.0,0
4e954b02-fae2-4bd7-9547-e055a6ac0527,a6b90dc0-e22e-44e1-890b-87900bd9aca6,2,0.018342,2018-01-01,2021-04-09,1.0,1.0,1.0,0
4e954b02-fae2-4bd7-9547-e055a6ac0527,bc4cc656-f03a-493a-b250-6afaa4cd7418,1,0.007353,2018-01-01,2018-01-01,1.0,1.0,1.0,0
4e954b02-fae2-4bd7-9547-e055a6ac0527,d50548a0-3cfd-4d7a-964b-0aef6545d819,2,0.018342,2018-01-01,2021-04-09,1.0,1.0,1.0,0
4e954b02-fae2-4bd7-9547-e055a6ac0527,e8414012-4a1c-4ad4-be5e-fc55294e28cc,1,0.007353,2018-01-01,2018-01-01,1.0,1.0,1.0,0
4e954b02-fae2-4bd7-9547-e055a6ac0527,fb7d550f-7518-41ba-95db-33db5287d8e2,1,0.007353,2018-01-01,2018-01-01,0.797853,0.5,0.666667,0
4e954b02-fae2-4bd7-9547-e055a6ac0527,fd9f268a-89ef-4577-81f4-efebc9517a07,1,0.007353,2018-01-01,2018-01-01,1.0,1.0,1.0,0
550cb78b-4995-4873-baea-76ef265531f5,60bec7fc-22ad-4597-a928-781c576ebccd,1,0.007353,2018-01-01,2018-01-01,1.0,1.0,1.0,0
550cb78b-4995-4873-baea-76ef265531f5,94dbfe2e-ca48-4e08-a5a8-e1e74136c63d,2,0.018342,2018-01-01,2021-04-09,1.0,1.0,1.0,0
550cb78b-4995-4873-baea-76ef265531f5,99d40e84-b385-4185-a309-7c5d29b9c612,1,0.007353,2018-01-01,2018-01-01,0.873391,1.0,1.0,0
550cb78b-4995-4873-baea-76ef265531f5,a6b90dc0-e22e-44e1-890b-87900bd9aca6,2,0.018342,2018-01-01,2021-04-09,1.0,1.0,1.0,0
550cb78b-4995-4873-baea-76ef265531f5,bc4cc656-f03a-493a-b250-6afaa4cd7418,1,0.007353,2018-01-01,2018-01-01,1.0,1.0,1.0,0
550cb78b-4995-4873-baea-76ef265531f5,d50548a0-3cfd-4d7a-964b-0aef6545d819,2,0.018342,2018-01-01,2021-04-09,1.0,1.0,1.0,0
550cb78b-4995-4873-baea-76ef265531f5,e8414012-4a1c-4ad4-be5e-fc55294e28cc,1,0.007353,2018-01-01,2018-01-01,1.0,1.0,1.0,0
550cb78b-4995-4873-baea-76ef265531f5,fb7d550f-7518-41ba-95db-33db5287d8e2,1,0.007353,2018-01-01,2018-01-01,0.797853,0.5,0.666667,0
550cb78b-4995-4873-baea-76ef265531f5,fd9f268a-89ef-4577-81f4-efebc9517a07,1,0.007353,2018-01-01,2018-01-01,1.0,1.0,1.0,0
60bec7fc-22ad-4597-a928-781c576ebccd,94dbfe2e-ca48-4e08-a5a8-e1e74136c63d,1,0.007353,2018-01-01,2018-01-01,1.0,1.0,1.0,0
60bec7fc-22ad-4597-a928-781c576ebccd,99d40e84-b385-4185-a309-7c5d29b9c612,1,0.007353,2018-01-01,2018-01-01,1.0,1.0,1.0,0
60bec7fc-22ad-4597-a928-781c576ebccd,a6b90dc0-e22e-44e1-890b-87900bd9aca6,1,0.007353,2018-01-01,2018-01-01,1.0,1.0,1.0,0
60bec7fc-22ad-4597-a928-781c576ebccd,bc4cc656-f03a-493a-b250-6afaa4cd7418,1,0.007353,2018-01-01,2018-01-01,1.0,1.0,1.0,0
60bec7fc-22ad-4597-a928-781c576ebccd,d50548a0-3cfd-4d7a-964b-0aef6545d819,1,0.007353,2018-01-01,2018-01-01,1.0,1.0,1.0,0
60bec7fc-22ad-4597-a928-781c576ebccd,e8414012-4a1c-4ad4-be5e-fc55294e28cc,1,0.007353,2018-01-01,2018-01-01,1.0,1.0,1.0,0
60bec7fc-22ad-4597-a928-781c576ebccd,fb7d550f-7518-41ba-95db-33db5287d8e2,1,0.007353,2018-01-01,2018-01-01,1.0,0.5,0.666667,0
60bec7fc-22ad-4597-a928-781c576ebccd,fd9f268a-89ef-4577-81f4-efebc9517a07,1,0.007353,2018-01-01,2018-01-01,1.0,1.0,1.0,0
94dbfe2e-ca48-4e08-a5a8-e1e74136c63d,99d40e84-b385-4185-a309-7c5d29b9c612,1,0.007353,2018-01-01,2018-01-01,0.873391,1.0,1.0,0
94dbfe2e-ca48-4e08-a5a8-e1e74136c63d,a6b90dc0-e22e-44e1-890b-87900bd9aca6,2,0.018342,2018-01-01,2021-04-09,1.0,1.0,1.0,0
94dbfe2e-ca48-4e08-a5a8-e1e74136c63d,bc4cc656-f03a-493a-b250-6afaa4cd7418,1,0.007353,2018-01-01,2018-01-01,1.0,1.0,1.0,0
94dbfe2e-ca48-4e08-a5a8-e1e74136c63d,d50548a0-3cfd-4d7a-964b-0aef6545d819,2,0.018342,2018-01-01,2021-04-09,1.0,1.0,1.0,0
94dbfe2e-ca48-4e08-a5a8-e1e74136c63d,e8414012-4a1c-4ad4-be5e-fc55294e28cc,1,0.007353,2018-01-01,2018-01-01,1.0,1.0,1.0,0
94dbfe2e-ca48-4e08-a5a8-e1e74136c63d,fb7d550f-7518-41ba-95db-33db5287d8e2,1,0.007353,2018-01-01,2018-01-01,0.797853,0.5,0.666667,0
94dbfe2e-ca48-4e08-a5a8-e1e74136c63d,fd9f268a-89ef-4577-81f4-efebc9517a07,1,0.007353,2018-01-01,2018-01-01,1.0,1.0,1.0,0
99d40e84-b385-4185-a309-7c5d29b9c612,a6b90dc0-e22e-44e1-890b-87900bd9aca6,1,0.007353,2018-01-01,2018-01-01,0.873391,1.0,1.0,0
99d40e84-b385-4185-a309-7c5d29b9c612,d50548a0-3cfd-4d7a-964b-0aef6545d819,1,0.007353,2018-01-01,2018-01-01,0.873391,1.0,1.0,0
99d40e84-b385-4185-a309-7c5d29b9c612,e8414012-4a1c-4ad4-be5e-fc55294e28cc,1,0.007353,2018-01-01,2018-01-01,1.0,1.0,1.0,0
99d40e84-b385-4185-a309-7c5d29b9c612,fb7d550f-7518-41ba-95db-33db5287d8e2,1,0.007353,2018-01-01,2018-01-01,0.873391,0.5,0.666667,0
99d40e84-b385-4185-a309-7c5d29b9c612,fd9f268a-89ef-4577-81f4-efebc9517a07,1,0.007353,2018-01-01,2018-01-01,1.0,1.0,1.0,0
a6b90dc0-e22e-44e1-890b-87900bd9aca6,bc4cc656-f03a-493a-b250-6afaa4cd7418,1,0.007353,2018-01-01,2018-01-01,1.0,1.0,1.0,0
a6b90dc0-e22e-44e1-890b-87900bd9aca6,d50548a0-3cfd-4d7a-964b-0aef6545d819,2,0.018342,2018-01-01,2021-04-09,1.0,1.0,1.0,0
a6b90dc0-e22e-44e1-890b-87900bd9aca6,e8414012-4a1c-4ad4-be5e-fc55294e28cc,1,0.007353,2018-01-01,2018-01-01,1.0,1.0,1.0,0
a6b90dc0-e22e-44e1-890b-87900bd9aca6,fb7d550f-7518-41ba-95db-33db5287d8e2,1,0.007353,2018-01-01,2018-01-01,0.797853,0.5,0.666667,0
a6b90dc0-e22e-44e1-890b-87900bd9aca6,fd9f268a-89ef-4577-81f4-efebc9517a07,1,0.007353,2018-01-01,2018-01-01,1.0,1.0,1.0,0
bc4cc656-f03a-493a-b250-6afaa4cd7418,d50548a0-3cfd-4d7a-964b-0aef6545d819,1,0.007353,2018-01-01,2018-01-01,1.0,1.0,1.0,0
bc4cc656-f03a-493a-b250-6afaa4cd7418,e8414012-4a1c-4ad4-be5e-fc55294e28cc,1,0.007353,2018-01-01,2018-01-01,1.0,1.0,1.0,0
bc4cc656-f03a-493a-b250-6afaa4cd7418,fb7d550f-7518-41ba-95db-33db5287d8e2,1,0.007353,2018-01-01,2018-01-01,1.0,0.5,0.666667,0
bc4cc656-f03a-493a-b250-6afaa4cd7418,fd9f268a-89ef-4577-81f4-efebc9517a07,1,0.007353,2018-01-01,2018-01-01,1.0,1.0,1.0,0
d50548a0-3cfd-4d7a-964b-0aef6545d819,e8414012-4a1c-4ad4-be5e-fc55294e28cc,1,0.007353,2018-01-01,2018-01-01,1.0,1.0,1.0,0
d50548a0-3cfd-4d7a-964b-0aef6545d819,fb7d550f-7518-41ba-95db-33db5287d8e2,1,0.007353,2018-01-01,2018-01-01,0.797853,0.5,0.666667,0
d50548a0-3cfd-4d7a-964b-0aef6545d819,fd9f268a-89ef-4577-81f4-efebc9517a07,1,0.007353,2018-01-01,2018-01-01,1.0,1.0,1.0,0
e8414012-4a1c-4ad4-be5e-fc55294e28cc,fb7d550f-7518-41ba-95db-33db5287d8e2,1,0.007353,2018-01-01,2018-01-01,1.0,0.5,0.666667,0
e8414012-4a1c-4ad4-be5e-fc55294e28cc,fd9f268a-89ef-4577-81f4-efebc9517a07,1,0.007353,2018-01-01,2018-01-01,1.0,1.0,1.0,0
fb7d550f-7518-41ba-95db-33db5287d8e2,fd9f268a-89ef-4577-81f4-efebc9517a07,1,0.007353,2018-01-01,2018-01-01,1.0,0.5,0.666667,0
3260ce89-5eb0-4c6a-89c7-379c0dfc2ab9,3c5abd66-7e1f-4124-b00f-192984a2ab30,1,0.166667,2015-01-12,2015-01-12,0.752746,0.5,0.142857,0
3260ce89-5eb0-4c6a-89c7-379c0dfc2ab9,7e092d19-6726-4b9a-a879-157065833481,1,0.166667,2015-01-12,2015-01-12,1.0,0.5,0.142857,0
3260ce89-5eb0-4c6a-89c7-379c0dfc2ab9,9fff2f8a-21e6-47de-a2b8-7f449929d43f,1,0.166667,2015-01-12,2015-01-12,0.634159,0.25,0.142857,1
3c5abd66-7e1f-4124-b00f-192984a2ab30,7e092d19-6726-4b9a-a879-157065833481,1,0.166667,2015-01-12,2015-01-12,1.0,1.0,1.0,0
3c5abd66-7e1f-4124-b00f-192984a2ab30,9fff2f8a-21e6-47de-a2b8-7f449929d43f,2,0.202381,2015-01-12,2016-04-05,1.0,0.125,1.0,0
7e092d19-6726-4b9a-a879-157065833481,9fff2f8a-21e6-47de-a2b8-7f449929d43f,1,0.166667,2015-01-12,2015-01-12,1.0,0.125,1.0,0
3260ce89-5eb0-4c6a-89c7-379c0dfc2ab9,7f79bd69-7c85-4384-b4b7-a78adac79ed1,1,0.047619,2016-01-01,2016-01-01,1.0,0.5,0.0,0
3260ce89-5eb0-4c6a-89c7-379c0dfc2ab9,87652f88-2b02-4f72-9e55-1a4e70c082cd,1,0.047619,2016-01-01,2016-01-01,1.0,0.5,0.0,0
3260ce89-5eb0-4c6a-89c7-379c0dfc2ab9,8a360e61-0dcb-4e29-91d1-c54ebb70568c,1,0.047619,2016-01-01,2016-01-01,1.0,0.5,0.0,0
3260ce89-5eb0-4c6a-89c7-379c0dfc2ab9,970e9fc8-9b6a-4d92-9f57-231a4517ddac,1,0.047619,2016-01-01,2016-01-01,1.0,0.5,0.0,0
3260ce89-5eb0-4c6a-89c7-379c0dfc2ab9,985f7e6f-0a7e-4de7-b9ec-a5dac63cb2f7,1,0.047619,2016-01-01,2016-01-01,0.793324,0.333333,0.0,1
3260ce89-5eb0-4c6a-89c7-379c0dfc2ab9,aa6b0b31-ddbd-41c6-8f55-43b89de3fc58,1,0.047619,2016-01-01,2016-01-01,1.0,0.5,0.0,0
7f79bd69-7c85-4384-b4b7-a78adac79ed1,87652f88-2b02-4f72-9e55-1a4e70c082cd,1,0.047619,2016-01-01,2016-01-01,1.0,1.0,0.0,0
7f79bd69-7c85-4384-b4b7-a78adac79ed1,8a360e61-0dcb-4e29-91d1-c54ebb70568c,1,0.047619,2016-01-01,2016-01-01,1.0,1.0,0.0,0
7f79bd69-7c85-4384-b4b7-a78adac79ed1,970e9fc8-9b6a-4d92-9f57-231a4517ddac,1,0.047619,2016-01-01,2016-01-01,1.0,1.0,0.0,0
7f79bd69-7c85-4384-b4b7-a78adac79ed1,985f7e6f-0a7e-4de7-b9ec-a5dac63cb2f7,1,0.047619,2016-01-01,2016-01-01,1.0,0.5,0.0,0
7f79bd69-7c85-4384-b4b7-a78adac79ed1,aa6b0b31-ddbd-41c6-8f55-43b89de3fc58,1,0.047619,2016-01-01,2016-01-01,1.0,1.0,0.0,0
87652f88-2b02-4f72-9e55-1a4e70c082cd,8a360e61-0dcb-4e29-91d1-c54ebb70568c,1,0.047619,2016-01-01,2016-01-01,1.0,1.0,0.0,0
87652f88-2b02-4f72-9e55-1a4e70c082cd,970e9fc8-9b6a-4d92-9f57-231a4517ddac,1,0.047619,2016-01-01,2016-01-01,1.0,1.0,0.0,0
87652f88-2b02-4f72-9e55-1a4e70c082cd,985f7e6f-0a7e-4de7-b9ec-a5dac63cb2f7,1,0.047619,2016-01-01,2016-01-01,1.0,0.5,0.0,0
87652f88-2b02-4f72-9e55-1a4e70c082cd,aa6b0b31-ddbd-41c6-8f55-43b89de3fc58,1,0.047619,2016-01-01,2016-01-01,1.0,1.0,0.0,0
8a360e61-0dcb-4e29-91d1-c54ebb70568c,970e9fc8-9b6a-4d92-9f57-231a4517ddac,1,0.047619,2016-01-01,2016-01-01,1.0,1.0,0.0,0
8a360e61-0dcb-4e29-91d1-c54ebb70568c,985f7e6f-0a7e-4de7-b9ec-a5dac63cb2f7,1,0.047619,2016-01-01,2016-01-01,1.0,0.5,0.0,0
8a360e61-0dcb-4e29-91d1-c54ebb70568c,aa6b0b31-ddbd-41c6-8f55-43b89de3fc58,1,0.047619,2016-01-01,2016-01-01,1.0,1.0,0.0,0
970e9fc8-9b6a-4d92-9f57-231a4517ddac,985f7e6f-0a7e-4de7-b9ec-a5dac63cb2f7,1,0.047619,2016-01-01,2016-01-01,1.0,0.5,0.0,0
970e9fc8-9b6a-4d92-9f57-231a4517ddac,aa6b0b31-ddbd-41c6-8f55-43b89de3fc58,1,0.047619,2016-01-01,2016-01-01,1.0,1.0,0.0,0
985f7e6f-0a7e-4de7-b9ec-a5dac63cb2f7,aa6b0b31-ddbd-41c6-8f55-43b89de3fc58,1,0.047619,2016-01-01,2016-01-01,1.0,0.5,0.0,0
18f56081-ccd7-4e07-981a-558c20951ccd,3260ce89-5eb0-4c6a-89c7-379c0dfc2ab9,1,0.166667,2017-01-01,2017-01-01,1.0,0.5,0.857143,0
18f56081-ccd7-4e07-981a-558c20951ccd,60b66752-b8ca-4f48-bfd6-b997449c020b,1,0.166667,2017-01-01,2017-01-01,1.0,1.0,1.0,0
18f56081-ccd7-4e07-981a-558c20951ccd,a668565b-41b8-44a8-9d5c-8e609dbf69fc,1,0.166667,2017-01-01,2017-01-01,1.0,0.142857,1.0,0
3260ce89-5eb0-4c6a-89c7-379c0dfc2ab9,60b66752-b8ca-4f48-bfd6-b997449c020b,1,0.166667,2017-01-01,2017-01-01,1.0,0.5,0.857143,0
3260ce89-5eb0-4c6a-89c7-379c0dfc2ab9,a668565b-41b8-44a8-9d5c-8e609dbf69fc,1,0.166667,2017-01-01,2017-01-01,1.0,0.285714,0.857143,0
60b66752-b8ca-4f48-bfd6-b997449c020b,a668565b-41b8-44a8-9d5c-8e609dbf69fc,1,0.166667,2017-01-01,2017-01-01,1.0,0.142857,1.0,0
15596805-8343-40a5-b2b1-d5585d945056,23a03e33-a603-404e-bcbf-2c00159d7067,1,0.047619,1978-04-01,1978-04-01,1.0,0.0,0.0,1
15596805-8343-40a5-b2b1-d5585d945056,43bcca8b-9edc-4997-8343-122350e790bf,1,0.047619,1978-04-01,1978-04-01,1.0,1.0,0.0,0
15596805-8343-40a5-b2b1-d5585d945056,53931602-5048-4516-9722-1322a71ae569,1,0.047619,1978-04-01,1978-04-01,1.0,0.0,0.0,1
15596805-8343-40a5-b2b1-d5585d945056,b8798e20-85ec-4db5-a8fa-df1543296339,1,0.047619,1978-04-01,1978-04-01,1.0,1.0,0.0,0
15596805-8343-40a5-b2b1-d5585d945056,d1c86c31-33e7-47c2-ad6b-a82e1ef69121,1,0.047619,1978-04-01,1978-04-01,1.0,1.0,0.0,0
15596805-8343-40a5-b2b1-d5585d945056,e7998c31-e46a-4daf-8f01-583fffccda1b,1,0.047619,1978-04-01,1978-04-01,1.0,1.0,0.0,0
23a03e33-a603-404e-bcbf-2c00159d7067,43bcca8b-9edc-4997-8343-122350e790bf,1,0.047619,1978-04-01,1978-04-01,1.0,0.0,0.0,1
23a03e33-a603-404e-bcbf-2c00159d7067,53931602-5048-4516-9722-1322a71ae569,1,0.047619,1978-04-01,1978-04-01,1.0,0.0,0.0,1
23a03e33-a603-404e-bcbf-2c00159d7067,b8798e20-85ec-4db5-a8fa-df1543296339,1,0.047619,1978-04-01,1978-04-01,1.0,0.0,0.0,1
23a03e33-a603-404e-bcbf-2c00159d7067,d1c86c31-33e7-47c2-ad6b-a82e1ef69121,1,0.047619,1978-04-01,1978-04-01,1.0,0.0,0.0,1
23a03e33-a603-404e-bcbf-2c00159d7067,e7998c31-e46a-4daf-8f01-583fffccda1b,1,0.047619,1978-04-01,1978-04-01,1.0,0.0,0.0,1
43bcca8b-9edc-4997-8343-122350e790bf,53931602-5048-4516-9722-1322a71ae569,1,0.047619,1978-04-01,1978-04-01,1.0,0.0,0.0,1
43bcca8b-9edc-4997-8343-122350e790bf,b8798e20-85ec-4db5-a8fa-df1543296339,1,0.047619,1978-04-01,1978-04-01,1.0,1.0,0.0,0
43bcca8b-9edc-4997-8343-122350e790bf,d1c86c31-33e7-47c2-ad6b-a82e1ef69121,1,0.047619,1978-04-01,1978-04-01,1.0,1.0,0.0,0
43bcca8b-9edc-4997-8343-122350e790bf,e7998c31-e46a-4daf-8f01-583fffccda1b,1,0.047619,1978-04-01,1978-04-01,1.0,1.0,0.0,0
53931602-5048-4516-9722-1322a71ae569,b8798e20-85ec-4db5-a8fa-df1543296339,1,0.047619,1978-04-01,1978-04-01,1.0,0.0,0.0,1
53931602-5048-4516-9722-1322a71ae569,d1c86c31-33e7-47c2-ad6b-a82e1ef69121,1,0.047619,1978-04-01,1978-04-01,1.0,0.0,0.0,1
53931602-5048-4516-9722-1322a71ae569,e7998c31-e46a-4daf-8f01-583fffccda1b,1,0.047619,1978-04-01,1978-04-01,1.0,0.0,0.0,1
b8798e20-85ec-4db5-a8fa-df1543296339,d1c86c31-33e7-47c2-ad6b-a82e1ef69121,1,0.047619,1978-04-01,1978-04-01,1.0,1.0,0.0,0
b8798e20-85ec-4db5-a8fa-df1543296339,e7998c31-e46a-4daf-8f01-583fffccda1b,1,0.047619,1978-04-01,1978-04-01,1.0,1.0,0.0,0
d1c86c31-33e7-47c2-ad6b-a82e1ef69121,e7998c31-e46a-4daf-8f01-583fffccda1b,1,0.047619,1978-04-01,1978-04-01,1.0,1.0,0.0,0
0bc6d6e7-0858-4b73-a079-7aa681095f98,47b4b80b-0cfd-4dfa-98bb-4ca24ba2b418,1,0.333333,2023-07-07,2023-07-07,1.0,1.0,0.0,0
0bc6d6e7-0858-4b73-a079-7aa681095f98,e7fd97a1-cc84-4d5d-87ea-8017dcfafcbd,1,0.333333,2023-07-07,2023-07-07,1.0,1.0,0.0,0
47b4b80b-0cfd-4dfa-98bb-4ca24ba2b418,e7fd97a1-cc84-4d5d-87ea-8017dcfafcbd,1,0.333333,2023-07-07,2023-07-07,1.0,1.0,0.0,0
0d212894-db54-4cc1-9ded-3cac50183a1d,66c662b6-6e2f-4930-8610-912e24c63ed1,3,0.5,1979-01-01,1979-01-01,1.0,0.0,1.0,0
0d212894-db54-4cc1-9ded-3cac50183a1d,a0a54c69-b0d2-4d2a-bcf8-994b8846b0d8,3,0.5,1979-01-01,1979-01-01,1.0,1.0,1.0,0
0d212894-db54-4cc1-9ded-3cac50183a1d,ea719716-da05-46f8-bbd5-cc5803db3d0e,3,0.5,1979-01-01,1979-01-01,1.0,1.0,1.0,0
66c662b6-6e2f-4930-8610-912e24c63ed1,a0a54c69-b0d2-4d2a-bcf8-994b8846b0d8,3,0.5,1979-01-01,1979-01-01,1.0,0.0,1.0,0
66c662b6-6e2f-4930-8610-912e24c63ed1,ea719716-da05-46f8-bbd5-cc5803db3d0e,3,0.5,1979-01-01,1979-01-01,1.0,0.0,1.0,0
a0a54c69-b0d2-4d2a-bcf8-994b8846b0d8,ea719716-da05-46f8-bbd5-cc5803db3d0e,3,0.5,1979-01-01,1979-01-01,1.0,1.0,1.0,0
4d5447d7-c61c-4120-ba1b-d7f471d385b9,d8e41375-bd8d-4e39-9da7-f0c171e97086,1,0.333333,1966-01-01,1966-01-01,1.0,0.153846,0.263158,1
ba550d0e-adac-4864-b88b-407cab5e76af,d8e41375-bd8d-4e39-9da7-f0c171e97086,1,0.333333,1966-01-01,1966-01-01,1.0,0.136364,0.263158,1
7111ec38-09cd-43ce-b285-6adc62079778,8718bc90-8712-4456-9359-e705851be657,1,1.0,1999-01-01,1999-01-01,1.0,1.0,0.0,0
b7ffd2af-418f-4be2-bdd1-22f8b48613da,bc880664-6751-4998-984d-ebdbff15d229,5,5.0,1992-01-01,1992-01-01,1.0,0.111111,0.666667,0
08f6e184-8da3-4715-a299-33e278087082,31bea673-d23a-4889-8da1-7cb040863268,1,0.047619,1998-01-01,1998-01-01,1.0,1.0,0.0,0
08f6e184-8da3-4715-a299-33e278087082,5773e6e6-b072-49c9-aad8-940c2f09d48a,1,0.047619,1998-01-01,1998-01-01,1.0,1.0,0.0,0
08f6e184-8da3-4715-a299-33e278087082,5c882e22-3467-4cc3-8c77-6595288f3b39,1,0.047619,1998-01-01,1998-01-01,1.0,1.0,0.0,0
08f6e184-8da3-4715-a299-33e278087082,859d0860-d480-4efd-970c-c05d5f1776b8,1,0.047619,1998-01-01,1998-01-01,1.0,0.052632,0.0,1
08f6e184-8da3-4715-a299-33e278087082,b2f1149b-171a-4bc5-ac8f-3baf9a566abf,1,0.047619,1998-01-01,1998-01-01,1.0,1.0,0.0,0
08f6e184-8da3-4715-a299-33e278087082,bc37c604-a619-4ca8-a0f2-44ae1e2c8cc2,1,0.047619,1998-01-01,1998-01-01,1.0,1.0,0.0,0
31bea673-d23a-4889-8da1-7cb040863268,5773e6e6-b072-49c9-aad8-940c2f09d48a,1,0.047619,1998-01-01,1998-01-01,1.0,1.0,0.0,0
31bea673-d23a-4889-8da1-7cb040863268,5c882e22-3467-4cc3-8c77-6595288f3b39,1,0.047619,1998-01-01,1998-01-01,0.793826,1.0,0.0,0
31bea673-d23a-4889-8da1-7cb040863268,859d0860-d480-4efd-970c-c05d5f1776b8,2,0.114286,1998-01-01,1999-01-01,1.0,0.052632,0.0,1
31bea673-d23a-4889-8da1-7cb040863268,b2f1149b-171a-4bc5-ac8f-3baf9a566abf,2,0.114286,1998-01-01,1999-01-01,1.0,1.0,0.0,0
31bea673-d23a-4889-8da1-7cb040863268,bc37c604-a619-4ca8-a0f2-44ae1e2c8cc2,1,0.047619,1998-01-01,1998-01-01,1.0,1.0,0.0,0
5773e6e6-b072-49c9-aad8-940c2f09d48a,5c882e22-3467-4cc3-8c77-6595288f3b39,1,0.047619,1998-01-01,1998-01-01,1.0,1.0,0.0,0
5773e6e6-b072-49c9-aad8-940c2f09d48a,859d0860-d480-4efd-970c-c05d5f1776b8,1,0.047619,1998-01-01,1998-01-01,1.0,0.052632,0.0,1
5773e6e6-b072-49c9-aad8-940c2f09d48a,b2f1149b-171a-4bc5-ac8f-3baf9a566abf,1,0.047619,1998-01-01,1998-01-01,1.0,1.0,0.0,0
5773e6e6-b072-49c9-aad8-940c2f09d48a,bc37c604-a619-4ca8-a0f2-44ae1e2c8cc2,1,0.047619,1998-01-01,1998-01-01,1.0,1.0,0.0,0
5c882e22-3467-4cc3-8c77-6595288f3b39,859d0860-d480-4efd-970c-c05d5f1776b8,1,0.047619,1998-01-01,1998-01-01,0.024803,0.052632,0.0,1
5c882e22-3467-4cc3-8c77-6595288f3b39,b2f1149b-171a-4bc5-ac8f-3baf9a566abf,1,0.047619,1998-01-01,1998-01-01,0.793826,1.0,0.0,0
5c882e22-3467-4cc3-8c77-6595288f3b39,bc37c604-a619-4ca8-a0f2-44ae1e2c8cc2,1,0.047619,1998-01-01,1998-01-01,1.0,1.0,0.0,0
859d0860-d480-4efd-970c-c05d5f1776b8,b2f1149b-171a-4bc5-ac8f-3baf9a566abf,2,0.114286,1998-01-01,1999-01-01,1.0,0.052632,0.0,1
859d0860-d480-4efd-970c-c05d5f1776b8,bc37c604-a619-4ca8-a0f2-44ae1e2c8cc2,1,0.047619,1998-01-01,1998-01-01,1.0,0.052632,0.0,1
b2f1149b-171a-4bc5-ac8f-3baf9a566abf,bc37c604-a619-4ca8-a0f2-44ae1e2c8cc2,1,0.047619,1998-01-01,1998-01-01,1.0,1.0,0.0,0
1a1cd7f3-e5df-4eca-bae2-2757c9e656b5,83d3cc07-60e7-4139-b5f0-3cda9f5aa99b,1,0.1,1967-01-01,1967-01-01,0.39685,0.125,0.333333,1
1a1cd7f3-e5df-4eca-bae2-2757c9e656b5,b553f0ad-4543-46f2-88ea-1dc94a11c91a,1,0.1,1967-01-01,1967-01-01,0.39685,0.125,0.333333,1
1a1cd7f3-e5df-4eca-bae2-2757c9e656b5,c6619f89-5454-4e2d-aa19-b5596ba3b4c6,1,0.1,1967-01-01,1967-01-01,0.39685,0.125,0.333333,1
1a1cd7f3-e5df-4eca-bae2-2757c9e656b5,fe93a178-183a-42c9-b3c7-53102b8c724d,1,0.1,1967-01-01,1967-01-01,0.39685,0.125,0.333333,1
83d3cc07-60e7-4139-b5f0-3cda9f5aa99b,b553f0ad-4543-46f2-88ea-1dc94a11c91a,7,0.7,1967-01-01,1971-01-01,1.0,1.0,1.0,0
83d3cc07-60e7-4139-b5f0-3cda9f5aa99b,c6619f89-5454-4e2d-aa19-b5596ba3b4c6,7,0.7,1967-01-01,1971-01-01,1.0,1.0,1.0,0
83d3cc07-60e7-4139-b5f0-3cda9f5aa99b,fe93a178-183a-42c9-b3c7-53102b8c724d,7,0.7,1967-01-01,1971-01-01,1.0,1.0,1.0,0
b553f0ad-4543-46f2-88ea-1dc94a11c91a,c6619f89-5454-4e2d-aa19-b5596ba3b4c6,7,0.7,1967-01-01,1971-01-01,1.0,1.0,1.0,0
b553f0ad-4543-46f2-88ea-1dc94a11c91a,fe93a178-183a-42c9-b3c7-53102b8c724d,7,0.7,1967-01-01,1971-01-01,1.0,1.0,1.0,0
c6619f89-5454-4e2d-aa19-b5596ba3b4c6,fe93a178-183a-42c9-b3c7-53102b8c724d,7,0.7,1967-01-01,1971-01-01,1.0,1.0,1.0,0
1a1cd7f3-e5df-4eca-bae2-2757c9e656b5,519774a4-3b18-4042-b8c0-927845a616c9,1,0.333333,1969-01-01,1969-01-01,0.39685,0.25,0.0,1
1a1cd7f3-e5df-4eca-bae2-2757c9e656b5,bd53f9a7-8be9-46b0-bf7d-1deea3cb57bc,1,0.333333,1969-01-01,1969-01-01,0.39685,0.111111,0.0,1
127d8614-0876-4408-886c-6f110b047a78,6298cc0a-0e42-484d-af50-c431df6465d2,1,1.0,2003-01-01,2003-01-01,1.0,0.5,0.0,0
76c5e552-688e-4e9d-afa0-36e77526495a,beccdfc5-5630-4560-a7a3-b48f9a08a5c8,1,0.066667,2022-06-03,2022-06-03,0.969479,0.333333,0.0,1
76c5e552-688e-4e9d-afa0-36e77526495a,c97a32c2-1fbc-44eb-a28b-cee23c135844,1,0.066667,2022-06-03,2022-06-03,0.969479,0.333333,0.0,1
76c5e552-688e-4e9d-afa0-36e77526495a,d288a227-30c0-4bed-95c3-8c9614646633,1,0.066667,2022-06-03,2022-06-03,1.0,1.0,0.0,0
76c5e552-688e-4e9d-afa0-36e77526495a,db03280b-e3c2-4ba6-8f62-75c30eee1118,1,0.066667,2022-06-03,2022-06-03,1.0,1.0,0.0,0
76c5e552-688e-4e9d-afa0-36e77526495a,e4378b7a-6138-441a-aa34-50e11a562066,2,0.088889,2022-06-03,2022-07-22,1.0,0.25,0.0,1
beccdfc5-5630-4560-a7a3-b48f9a08a5c8,c97a32c2-1fbc-44eb-a28b-cee23c135844,2,0.088889,2022-06-03,2024-02-09,1.0,1.0,0.0,0
beccdfc5-5630-4560-a7a3-b48f9a08a5c8,d288a227-30c0-4bed-95c3-8c9614646633,1,0.066667,2022-06-03,2022-06-03,1.0,0.333333,0.0,1
beccdfc5-5630-4560-a7a3-b48f9a08a5c8,db03280b-e3c2-4ba6-8f62-75c30eee1118,1,0.066667,2022-06-03,2022-06-03,1.0,0.333333,0.0,1
beccdfc5-5630-4560-a7a3-b48f9a08a5c8,e4378b7a-6138-441a-aa34-50e11a562066,1,0.066667,2022-06-03,2022-06-03,0.90317,0.75,0.0,0
c97a32c2-1fbc-44eb-a28b-cee23c135844,d288a227-30c0-4bed-95c3-8c9614646633,1,0.066667,2022-06-03,2022-06-03,1.0,0.333333,0.0,1
c97a32c2-1fbc-44eb-a28b-cee23c135844,db03280b-e3c2-4ba6-8f62-75c30eee1118,1,0.066667,2022-06-03,2022-06-03,1.0,0.333333,0.0,1
c97a32c2-1fbc-44eb-a28b-cee23c135844,e4378b7a-6138-441a-aa34-50e11a562066,1,0.066667,2022-06-03,2022-06-03,0.90317,0.75,0.0,0
d288a227-30c0-4bed-95c3-8c9614646633,db03280b-e3c2-4ba6-8f62-75c30eee1118,1,0.066667,2022-06-03,2022-06-03,1.0,1.0,0.0,0
d288a227-30c0-4bed-95c3-8c9614646633,e4378b7a-6138-441a-aa34-50e11a562066,1,0.066667,2022-06-03,2022-06-03,1.0,0.25,0.0,1
db03280b-e3c2-4ba6-8f62-75c30eee1118,e4378b7a-6138-441a-aa34-50e11a562066,1,0.066667,2022-06-03,2022-06-03,1.0,0.25,0.0,1
0c7842cd-b98f-4aef-a84d-92e7af973f31,4744de58-e37d-49cb-bf95-c07a2effe462,1,0.022222,2022-07-22,2022-07-22,1.0,1.0,0.0,0
0c7842cd-b98f-4aef-a84d-92e7af973f31,6f7f9c36-a848-46b8-b671-288ab1fa918c,1,0.022222,2022-07-22,2022-07-22,1.0,1.0,0.0,0
0c7842cd-b98f-4aef-a84d-92e7af973f31,76c5e552-688e-4e9d-afa0-36e77526495a,1,0.022222,2022-07-22,2022-07-22,1.0,1.0,0.0,0
0c7842cd-b98f-4aef-a84d-92e7af973f31,9fa8fdc4-91f3-4266-81e5-3c42e943217b,1,0.022222,2022-07-22,2022-07-22,1.0,1.0,0.0,0
0c7842cd-b98f-4aef-a84d-92e7af973f31,b5e59918-1d97-4f80-829c-a2db9f531faf,1,0.022222,2022-07-22,2022-07-22,1.0,1.0,0.0,0
0c7842cd-b98f-4aef-a84d-92e7af973f31,c2d7ec5b-5e41-4820-8478-65a95ad3ae42,1,0.022222,2022-07-22,2022-07-22,1.0,1.0,0.0,0
0c7842cd-b98f-4aef-a84d-92e7af973f31,c7fe949a-9f5c-435d-b1a9-30f04180ec69,1,0.022222,2022-07-22,2022-07-22,1.0,1.0,0.0,0
0c7842cd-b98f-4aef-a84d-92e7af973f31,e4378b7a-6138-441a-aa34-50e11a562066,1,0.022222,2022-07-22,2022-07-22,1.0,0.25,0.0,1
0c7842cd-b98f-4aef-a84d-92e7af973f31,fa7b0a1f-f8c0-435a-a2bd-74dccf7c0055,1,0.022222,2022-07-22,2022-07-22,1.0,1.0,0.0,0
4744de58-e37d-49cb-bf95-c07a2effe462,6f7f9c36-a848-46b8-b671-288ab1fa918c,1,0.022222,2022-07-22,2022-07-22,1.0,1.0,0.0,0
4744de58-e37d-49cb-bf95-c07a2effe462,76c5e552-688e-4e9d-afa0-36e77526495a,1,0.022222,2022-07-22,2022-07-22,1.0,1.0,0.0,0
4744de58-e37d-49cb-bf95-c07a2effe462,9fa8fdc4-91f3-4266-81e5-3c42e943217b,1,0.022222,2022-07-22,2022-07-22,1.0,1.0,0.0,0
4744de58-e37d-49cb-bf95-c07a2effe462,b5e59918-1d97-4f80-829c-a2db9f531faf,1,0.022222,2022-07-22,2022-07-22,1.0,1.0,0.0,0
4744de58-e37d-49cb-bf95-c07a2effe462,c2d7ec5b-5e41-4820-8478-65a95ad3ae42,1,0.022222,2022-07-22,2022-07-22,1.0,1.0,0.0,0
4744de58-e37d-49cb-bf95-c07a2effe462,c7fe949a-9f5c-435d-b1a9-30f04180ec69,1,0.022222,2022-07-22,2022-07-22,1.0,1.0,0.0,0
4744de58-e37d-49cb-bf95-c07a2effe462,e4378b7a-6138-441a-aa34-50e11a562066,1,0.022222,2022-07-22,2022-07-22,1.0,0.25,0.0,1
6f7f9c36-a848-46b8-b671-288ab1fa918c,76c5e552-688e-4e9d-afa0-36e77526495a,1,0.022222,2022-07-22,2022-07-22,1.0,1.0,0.0,0
6f7f9c36-a848-46b8-b671-288ab1fa918c,9fa8fdc4-91f3-4266-81e5-3c42e943217b,1,0.022222,2022-07-22,2022-07-22,1.0,1.0,0.0,0
6f7f9c36-a848-46b8-b671-288ab1fa918c,b5e59918-1d97-4f80-829c-a2db9f531faf,1,0.022222,2022-07-22,2022-07-22,1.0,1.0,0.0,0
6f7f9c36-a848-46b8-b671-288ab1fa918c,c2d7ec5b-5e41-4820-8478-65a95ad3ae42,1,0.022222,2022-07-22,2022-07-22,1.0,1.0,0.0,0
6f7f9c36-a848-46b8-b671-288ab1fa918c,c7fe949a-9f5c-435d-b1a9-30f04180ec69,1,0.022222,2022-07-22,2022-07-22,1.0,1.0,0.0,0
6f7f9c36-a848-46b8-b671-288ab1fa918c,e4378b7a-6138-441a-aa34-50e11a562066,1,0.022222,2022-07-22,2022-07-22,1.0,0.25,0.0,1
6f7f9c36-a848-46b8-b671-288ab1fa918c,fa7b0a1f-f8c0-435a-a2bd-74dccf7c0055,1,0.022222,2022-07-22,2022-07-22,1.0,1.0,0.0,0
76c5e552-688e-4e9d-afa0-36e77526495a,9fa8fdc4-91f3-4266-81e5-3c42e943217b,1,0.022222,2022-07-22,2022-07-22,1.0,1.0,0.0,0
76c5e552-688e-4e9d-afa0-36e77526495a,b5e59918-1d97-4f80-829c-a2db9f531faf,1,0.022222,2022-07-22,2022-07-22,1.0,1.0,0.0,0
76c5e552-688e-4e9d-afa0-36e77526495a,c2d7ec5b-5e41-4820-8478-65a95ad3ae42,1,0.022222,2022-07-22,2022-07-22,1.0,1.0,0.0,0
76c5e552-688e-4e9d-afa0-36e77526495a,c7fe949a-9f5c-435d-b1a9-30f04180ec69,1,0.022222,2022-07-22,2022-07-22,1.0,1.0,0.0,0
76c5e552-688e-4e9d-afa0-36e77526495a,fa7b0a1f-f8c0-435a-a2bd-74dccf7c0055,1,0.022222,2022-07-22,2022-07-22,1.0,1.0,0.0,0
9fa8fdc4-91f3-4266-81e5-3c42e943217b,b5e59918-1d97-4f80-829c-a2db9f531faf,1,0.022222,2022-07-22,2022-07-22,1.0,1.0,0.0,0
9fa8fdc4-91f3-4266-81e5-3c42e943217b,c2d7ec5b-5e41-4820-8478-65a95ad3ae42,1,0.022222,2022-07-22,2022-07-22,1.0,1.0,0.0,0
9fa8fdc4-91f3-4266-81e5-3c42e943217b,c7fe949a-9f5c-435d-b1a9-30f04180ec69,1,0.022222,2022-07-22,2022-07-22,1.0,1.0,0.0,0
9fa8fdc4-91f3-4266-81e5-3c42e943217b,e4378b7a-6138-441a-aa34-50e11a562066,1,0.022222,2022-07-22,2022-07-22,1.0,0.25,0.0,1
9fa8fdc4-91f3-4266-81e5-3c42e943217b,fa7b0a1f-f8c0-435a-a2bd-74dccf7c0055,1,0.022222,2022-07-22,2022-07-22,1.0,1.0,0.0,0
b5e59918-1d97-4f80-829c-a2db9f531faf,c2d7ec5b-5e41-4820-8478-65a95ad3ae42,1,0.022222,2022-07-22,2022-07-22,1.0,1.0,0.0,0
b5e59918-1d97-4f80-829c-a2db9f531faf,c7fe949a-9f5c-435d-b1a9-30f04180ec69,1,0.022222,2022-07-22,2022-07-22,1.0,1.0,0.0,0
b5e59918-1d97-4f80-829c-a2db9f531faf,e4378b7a-6138-441a-aa34-50e11a562066,1,0.022222,2022-07-22,2022-07-22,1.0,0.25,0.0,1
b5e59918-1d97-4f80-829c-a2db9f531faf,fa7b0a1f-f8c0-435a-a2bd-74dccf7c0055,1,0.022222,2022-07-22,2022-07-22,1.0,1.0,0.0,0
c2d7ec5b-5e41-4820-8478-65a95ad3ae42,c7fe949a-9f5c-435d-b1a9-30f04180ec69,1,0.022222,2022-07-22,2022-07-22,1.0,1.0,0.0,0
c2d7ec5b-5e41-4820-8478-65a95ad3ae42,e4378b7a-6138-441a-aa34-50e11a562066,1,0.022222,2022-07-22,2022-07-22,1.0,0.25,0.0,1
c2d7ec5b-5e41-4820-8478-65a95ad3ae42,fa7b0a1f-f8c0-435a-a2bd-74dccf7c0055,1,0.022222,2022-07-22,2022-07-22,1.0,1.0,0.0,0
c7fe949a-9f5c-435d-b1a9-30f04180ec69,e4378b7a-6138-441a-aa34-50e11a562066,1,0.022222,2022-07-22,2022-07-22,1.0,0.25,0.0,1
c7fe949a-9f5c-435d-b1a9-30f04180ec69,fa7b0a1f-f8c0-435a-a2bd-74dccf7c0055,1,0.022222,2022-07-22,2022-07-22,1.0,1.0,0.0,0
e4378b7a-6138-441a-aa34-50e11a562066,fa7b0a1f-f8c0-435a-a2bd-74dccf7c0055,1,0.022222,2022-07-22,2022-07-22,1.0,0.25,0.0,1
0eb93ee5-2e6a-4ab4-a988-99c9139a664a,3332c24c-39ed-414d-afdf-87cdef7ddabc,1,0.1,2022-09-30,2022-09-30,0.748473,0.5,0.2,0
0eb93ee5-2e6a-4ab4-a988-99c9139a664a,6c271707-9c98-4024-b6a0-818569ce9028,1,0.1,2022-09-30,2022-09-30,0.730233,0.666667,0.0,0
0eb93ee5-2e6a-4ab4-a988-99c9139a664a,bb1f06b1-bca8-4fe1-8ce7-c033479b1301,1,0.1,2022-09-30,2022-09-30,0.748473,0.5,0.2,0
0eb93ee5-2e6a-4ab4-a988-99c9139a664a,e4378b7a-6138-441a-aa34-50e11a562066,1,0.1,2022-09-30,2022-09-30,0.973782,0.5,0.0,0
3332c24c-39ed-414d-afdf-87cdef7ddabc,6c271707-9c98-4024-b6a0-818569ce9028,1,0.1,2022-09-30,2022-09-30,0.748473,0.333333,0.0,1
3332c24c-39ed-414d-afdf-87cdef7ddabc,bb1f06b1-bca8-4fe1-8ce7-c033479b1301,4,0.533333,2022-09-30,2024-01-01,1.0,1.0,1.0,0
3332c24c-39ed-414d-afdf-87cdef7ddabc,e4378b7a-6138-441a-aa34-50e11a562066,2,0.266667,2022-09-30,2022-11-11,1.0,0.25,0.0,1
6c271707-9c98-4024-b6a0-818569ce9028,bb1f06b1-bca8-4fe1-8ce7-c033479b1301,1,0.1,2022-09-30,2022-09-30,0.748473,0.333333,0.0,1
6c271707-9c98-4024-b6a0-818569ce9028,e4378b7a-6138-441a-aa34-50e11a562066,2,0.266667,2022-09-30,2022-11-11,1.0,0.75,0.0,0
bb1f06b1-bca8-4fe1-8ce7-c033479b1301,e4378b7a-6138-441a-aa34-50e11a562066,2,0.266667,2022-09-30,2022-11-11,1.0,0.25,0.0,1
2d92239c-44c5-47c5-afe0-44baf9b64629,6c271707-9c98-4024-b6a0-818569ce9028,1,0.166667,2022-11-11,2022-11-11,0.768625,1.0,0.0,0
2d92239c-44c5-47c5-afe0-44baf9b64629,e3d17fe5-2564-4181-b3f1-91192d5366f2,5,0.766667,2022-10-01,2023-10-06,1.0,1.0,1.0,0
2d92239c-44c5-47c5-afe0-44baf9b64629,e4378b7a-6138-441a-aa34-50e11a562066,1,0.166667,2022-11-11,2022-11-11,1.0,0.75,0.0,0
6c271707-9c98-4024-b6a0-818569ce9028,e3d17fe5-2564-4181-b3f1-91192d5366f2,1,0.166667,2022-11-11,2022-11-11,0.812111,1.0,0.0,0
e3d17fe5-2564-4181-b3f1-91192d5366f2,e4378b7a-6138-441a-aa34-50e11a562066,1,0.166667,2022-11-11,2022-11-11,1.0,0.75,0.0,0
3332c24c-39ed-414d-afdf-87cdef7ddabc,49a0caf5-d4f5-4571-b360-211990f63194,1,0.166667,2022-11-11,2022-11-11,0.768625,0.333333,0.333333,1
49a0caf5-d4f5-4571-b360-211990f63194,bb1f06b1-bca8-4fe1-8ce7-c033479b1301,1,0.166667,2022-11-11,2022-11-11,0.768625,0.333333,0.333333,1
49a0caf5-d4f5-4571-b360-211990f63194,e4378b7a-6138-441a-aa34-50e11a562066,1,0.166667,2022-11-11,2022-11-11,1.0,0.75,0.0,0
3508f3fd-3b18-493c-a362-376736bb6cde,5a85c140-dcf9-4dd2-b2c8-aff0471549f3,1,0.333333,1940-01-01,1940-01-01,1.0,0.0,0.0,1
3508f3fd-3b18-493c-a362-376736bb6cde,5fc368f4-d528-48d7-a8d4-5c657b29beff,1,0.333333,1940-01-01,1940-01-01,1.0,0.0,0.0,1
5a85c140-dcf9-4dd2-b2c8-aff0471549f3,5fc368f4-d528-48d7-a8d4-5c657b29beff,1,0.333333,1940-01-01,1940-01-01,1.0,0.0,0.0,1
0c3505e7-d884-43cf-9028-d318607190a4,23eb93f3-52b5-470a-aee1-11b76336ae41,1,0.333333,1944-11-02,1944-11-02,1.0,0.0,1.0,0
0c3505e7-d884-43cf-9028-d318607190a4,46f29ffe-7479-4365-bfd0-fd8f2bb1c7bf,1,0.333333,1944-11-02,1944-11-02,1.0,0.0,1.0,0
23eb93f3-52b5-470a-aee1-11b76336ae41,46f29ffe-7479-4365-bfd0-fd8f2bb1c7bf,1,0.333333,1944-11-02,1944-11-02,1.0,0.0,1.0,0
03f8ade0-201a-43ee-90b4-96c36dc591b0,ba853904-ae25-4ebb-89d6-c44cfbd71bd2,5,0.5,1999-01-01,1999-01-01,1.0,0.2,0.0,1
6fca9aa3-8e72-40c0-bac9-7c4b73c9786e,ba853904-ae25-4ebb-89d6-c44cfbd71bd2,5,0.5,1999-01-01,1999-01-01,1.0,0.2,0.0,1
7d7a5fdd-0d04-4c36-8bee-906feeae239c,ba853904-ae25-4ebb-89d6-c44cfbd71bd2,5,0.5,1999-01-01,1999-01-01,1.0,0.166667,0.0,1
ba853904-ae25-4ebb-89d6-c44cfbd71bd2,fb56cc34-2ab1-4621-ac18-9bf2895e5f4f,5,0.5,1999-01-01,1999-01-01,1.0,0.166667,0.0,1
72c536dc-7137-4477-a521-567eeb840fa8,a9ee533f-8871-4f62-a6bb-91eb264abc90,1,1.0,1965-01-01,1965-01-01,1.0,0.571429,0.0,0
070d193a-845c-479f-980e-bef15710653e,9757ae7d-44b1-4d63-81ce-b463fe27b9ae,1,1.0,1984-01-01,1984-01-01,0.629761,0.235294,0.0,1
a717be4f-8b3d-4355-b33c-2b84f88fe40d,b2c2d4fe-8c1e-44ec-8be6-ff500e105a90,3,1.666667,1975-01-01,1976-01-01,1.0,0.666667,0.5,0
49ee6f7f-2c69-42d8-9c06-253c408f72a8,a717be4f-8b3d-4355-b33c-2b84f88fe40d,1,0.333333,1976-01-01,1976-01-01,1.0,0.5,1.0,0
49ee6f7f-2c69-42d8-9c06-253c408f72a8,b2c2d4fe-8c1e-44ec-8be6-ff500e105a90,1,0.333333,1976-01-01,1976-01-01,1.0,0.333333,0.5,0
81e2f4b1-4b48-4bdb-9717-4180e0f1ebc2,a717be4f-8b3d-4355-b33c-2b84f88fe40d,1,0.333333,1976-01-01,1976-01-01,1.0,0.5,0.0,0
81e2f4b1-4b48-4bdb-9717-4180e0f1ebc2,b2c2d4fe-8c1e-44ec-8be6-ff500e105a90,1,0.333333,1976-01-01,1976-01-01,1.0,0.333333,0.0,1
46f70f03-d259-4314-b926-2db36c28d86f,475e4df5-358a-45b3-89c9-e63d8de33aa2,1,1.0,1932-01-01,1932-01-01,1.0,0.333333,1.0,0
56756959-1e78-429c-b897-e1d056cb0225,5a8e07d5-d932-4484-a7f7-e700793a9c94,1,0.333333,2010-01-01,2010-01-01,1.0,0.181818,1.0,0
56756959-1e78-429c-b897-e1d056cb0225,ffadf26a-2593-4eaf-8c5d-a54cbc5aedc5,1,0.333333,2010-01-01,2010-01-01,0.63016,0.272727,1.0,0
5a8e07d5-d932-4484-a7f7-e700793a9c94,ffadf26a-2593-4eaf-8c5d-a54cbc5aedc5,1,0.333333,2010-01-01,2010-01-01,1.0,0.666667,1.0,0
1065cacf-9d07-44b0-9f9c-80dd04a86b49,1b6f1ae8-5101-453c-90e5-6dce9cc0d88e,1,0.012821,2012-01-01,2012-01-01,1.0,1.0,0.0,0
1065cacf-9d07-44b0-9f9c-80dd04a86b49,24845bf0-2140-4ca2-92bb-de817ac96268,1,0.012821,2012-01-01,2012-01-01,1.0,1.0,0.0,0
1065cacf-9d07-44b0-9f9c-80dd04a86b49,2ba21c9c-e36b-4031-a4c3-20d925d226d3,1,0.012821,2012-01-01,2012-01-01,1.0,1.0,0.0,0
1065cacf-9d07-44b0-9f9c-80dd04a86b49,33960990-c5c1-47dd-9d24-bd83a52d30f4,1,0.012821,2012-01-01,2012-01-01,1.0,1.0,0.0,0
1065cacf-9d07-44b0-9f9c-80dd04a86b49,56756959-1e78-429c-b897-e1d056cb0225,1,0.012821,2012-01-01,2012-01-01,1.0,0.090909,0.0,1
1065cacf-9d07-44b0-9f9c-80dd04a86b49,60ae155f-2d68-49d5-90cf-8093f80dd046,1,0.012821,2012-01-01,2012-01-01,1.0,1.0,0.0,0
1065cacf-9d07-44b0-9f9c-80dd04a86b49,703c557f-82bb-4646-ae2f-b5a3ef3f6148,1,0.012821,2012-01-01,2012-01-01,1.0,1.0,0.0,0
1065cacf-9d07-44b0-9f9c-80dd04a86b49,8452765c-bda8-4509-a869-b82f16006ad2,1,0.012821,2012-01-01,2012-01-01,1.0,1.0,0.0,0
1065cacf-9d07-44b0-9f9c-80dd04a86b49,9964ddf9-f660-46f7-8f26-1f3fb18cf0ff,1,0.012821,2012-01-01,2012-01-01,1.0,1.0,0.0,0
1065cacf-9d07-44b0-9f9c-80dd04a86b49,9ef62999-43b9-408f-9bc8-434b005c388c,1,0.012821,2012-01-01,2012-01-01,1.0,1.0,0.0,0
1065cacf-9d07-44b0-9f9c-80dd04a86b49,e9bbf173-4be0-4078-b75c-cfefe7a656cc,1,0.012821,2012-01-01,2012-01-01,1.0,1.0,0.0,0
1065cacf-9d07-44b0-9f9c-80dd04a86b49,f0e17f11-0748-447b-8dc2-ec44d2425650,1,0.012821,2012-01-01,2012-01-01,1.0,1.0,0.0,0
1b6f1ae8-5101-453c-90e5-6dce9cc0d88e,24845bf0-2140-4ca2-92bb-de817ac96268,1,0.012821,2012-01-01,2012-01-01,1.0,1.0,0.0,0
1b6f1ae8-5101-453c-90e5-6dce9cc0d88e,2ba21c9c-e36b-4031-a4c3-20d925d226d3,1,0.012821,2012-01-01,2012-01-01,1.0,1.0,0.0,0
1b6f1ae8-5101-453c-90e5-6dce9cc0d88e,33960990-c5c1-47dd-9d24-bd83a52d30f4,1,0.012821,2012-01-01,2012-01-01,1.0,1.0,0.0,0
1b6f1ae8-5101-453c-90e5-6dce9cc0d88e,56756959-1e78-429c-b897-e1d056cb0225,1,0.012821,2012-01-01,2012-01-01,1.0,0.090909,0.0,1
1b6f1ae8-5101-453c-90e5-6dce9cc0d88e,60ae155f-2d68-49d5-90cf-8093f80dd046,1,0.012821,2012-01-01,2012-01-01,1.0,1.0,0.0,0
1b6f1ae8-5101-453c-90e5-6dce9cc0d88e,703c557f-82bb-4646-ae2f-b5a3ef3f6148,1,0.012821,2012-01-01,2012-01-01,1.0,1.0,0.0,0
1b6f1ae8-5101-453c-90e5-6dce9cc0d88e,8452765c-bda8-4509-a869-b82f16006ad2,1,0.012821,2012-01-01,2012-01-01,1.0,1.0,0.0,0
1b6f1ae8-5101-453c-90e5-6dce9cc0d88e,9964ddf9-f660-46f7-8f26-1f3fb18cf0ff,1,0.012821,2012-01-01,2012-01-01,1.0,1.0,0.0,0
1b6f1ae8-5101-453c-90e5-6dce9cc0d88e,9ef62999-43b9-408f-9bc8-434b005c388c,1,0.012821,2012-01-01,2012-01-01,1.0,1.0,0.0,0
1b6f1ae8-5101-453c-90e5-6dce9cc0d88e,e9bbf173-4be0-4078-b75c-cfefe7a656cc,1,0.012821,2012-01-01,2012-01-01,1.0,1.0,0.0,0
1b6f1ae8-5101-453c-90e5-6dce9cc0d88e,f0e17f11-0748-447b-8dc2-ec44d2425650,1,0.012821,2012-01-01,2012-01-01,1.0,1.0,0.0,0
24845bf0-2140-4ca2-92bb-de817ac96268,2ba21c9c-e36b-4031-a4c3-20d925d226d3,1,0.012821,2012-01-01,2012-01-01,1.0,1.0,0.0,0
24845bf0-2140-4ca2-92bb-de817ac96268,33960990-c5c1-47dd-9d24-bd83a52d30f4,1,0.012821,2012-01-01,2012-01-01,1.0,1.0,0.0,0
24845bf0-2140-4ca2-92bb-de817ac96268,56756959-1e78-429c-b897-e1d056cb0225,1,0.012821,2012-01-01,2012-01-01,1.0,0.090909,0.0,1
24845bf0-2140-4ca2-92bb-de817ac96268,60ae155f-2d68-49d5-90cf-8093f80dd046,1,0.012821,2012-01-01,2012-01-01,1.0,1.0,0.0,0
24845bf0-2140-4ca2-92bb-de817ac96268,703c557f-82bb-4646-ae2f-b5a3ef3f6148,1,0.012821,2012-01-01,2012-01-01,1.0,1.0,0.0,0
24845bf0-2140-4ca2-92bb-de817ac96268,8452765c-bda8-4509-a869-b82f16006ad2,1,0.012821,2012-01-01,2012-01-01,1.0,1.0,0.0,0
24845bf0-2140-4ca2-92bb-de817ac96268,9964ddf9-f660-46f7-8f26-1f3fb18cf0ff,1,0.012821,2012-01-01,2012-01-01,1.0,1.0,0.0,0
24845bf0-2140-4ca2-92bb-de817ac96268,9ef62999-43b9-408f-9bc8-434b005c388c,1,0.012821,2012-01-01,2012-01-01,1.0,1.0,0.0,0
24845bf0-2140-4ca2-92bb-de817ac96268,e9bbf173-4be0-4078-b75c-cfefe7a656cc,1,0.012821,2012-01-01,2012-01-01,1.0,1.0,0.0,0
24845bf0-2140-4ca2-92bb-de817ac96268,f0e17f11-0748-447b-8dc2-ec44d2425650,1,0.012821,2012-01-01,2012-01-01,1.0,1.0,0.0,0
2ba21c9c-e36b-4031-a4c3-20d925d226d3,33960990-c5c1-47dd-9d24-bd83a52d30f4,1,0.012821,2012-01-01,2012-01-01,1.0,1.0,0.0,0
2ba21c9c-e36b-4031-a4c3-20d925d226d3,56756959-1e78-429c-b897-e1d056cb0225,1,0.012821,2012-01-01,2012-01-01,1.0,0.090909,0.0,1
2ba21c9c-e36b-4031-a4c3-20d925d226d3,60ae155f-2d68-49d5-90cf-8093f80dd046,1,0.012821,2012-01-01,2012-01-01,1.0,1.0,0.0,0
2ba21c9c-e36b-4031-a4c3-20d925d226d3,703c557f-82bb-4646-ae2f-b5a3ef3f6148,1,0.012821,2012-01-01,2012-01-01,1.0,1.0,0.0,0
2ba21c9c-e36b-4031-a4c3-20d925d226d3,8452765c-bda8-4509-a869-b82f16006ad2,1,0.012821,2012-01-01,2012-01-01,1.0,1.0,0.0,0
2ba21c9c-e36b-4031-a4c3-20d925d226d3,9964ddf9-f660-46f7-8f26-1f3fb18cf0ff,1,0.012821,2012-01-01,2012-01-01,1.0,1.0,0.0,0
2ba21c9c-e36b-4031-a4c3-20d925d226d3,9ef62999-43b9-408f-9bc8-434b005c388c,1,0.012821,2012-01-01,2012-01-01,1.0,1.0,0.0,0
2ba21c9c-e36b-4031-a4c3-20d925d226d3,e9bbf173-4be0-4078-b75c-cfefe7a656cc,1,0.012821,2012-01-01,2012-01-01,1.0,1.0,0.0,0
2ba21c9c-e36b-4031-a4c3-20d925d226d3,f0e17f11-0748-447b-8dc2-ec44d2425650,1,0.012821,2012-01-01,2012-01-01,1.0,1.0,0.0,0
33960990-c5c1-47dd-9d24-bd83a52d30f4,56756959-1e78-429c-b897-e1d056cb0225,1,0.012821,2012-01-01,2012-01-01,1.0,0.090909,0.0,1
33960990-c5c1-47dd-9d24-bd83a52d30f4,60ae155f-2d68-49d5-90cf-8093f80dd046,1,0.012821,2012-01-01,2012-01-01,1.0,1.0,0.0,0
33960990-c5c1-47dd-9d24-bd83a52d30f4,703c557f-82bb-4646-ae2f-b5a3ef3f6148,1,0.012821,2012-01-01,2012-01-01,1.0,1.0,0.0,0
33960990-c5c1-47dd-9d24-bd83a52d30f4,8452765c-bda8-4509-a869-b82f16006ad2,1,0.012821,2012-01-01,2012-01-01,1.0,1.0,0.0,0
33960990-c5c1-47dd-9d24-bd83a52d30f4,9964ddf9-f660-46f7-8f26-1f3fb18cf0ff,1,0.012821,2012-01-01,2012-01-01,1.0,1.0,0.0,0
33960990-c5c1-47dd-9d24-bd83a52d30f4,9ef62999-43b9-408f-9bc8-434b005c388c,1,0.012821,2012-01-01,2012-01-01,1.0,1.0,0.0,0
33960990-c5c1-47dd-9d24-bd83a52d30f4,e9bbf173-4be0-4078-b75c-cfefe7a656cc,1,0.012821,2012-01-01,2012-01-01,1.0,1.0,0.0,0
33960990-c5c1-47dd-9d24-bd83a52d30f4,f0e17f11-0748-447b-8dc2-ec44d2425650,1,0.012821,2012-01-01,2012-01-01,1.0,1.0,0.0,0
56756959-1e78-429c-b897-e1d056cb0225,60ae155f-2d68-49d5-90cf-8093f80dd046,1,0.012821,2012-01-01,2012-01-01,1.0,0.090909,0.0,1
56756959-1e78-429c-b897-e1d056cb0225,703c557f-82bb-4646-ae2f-b5a3ef3f6148,1,0.012821,2012-01-01,2012-01-01,1.0,0.090909,0.0,1
56756959-1e78-429c-b897-e1d056cb0225,8452765c-bda8-4509-a869-b82f16006ad2,1,0.012821,2012-01-01,2012-01-01,1.0,0.090909,0.0,1
56756959-1e78-429c-b897-e1d056cb0225,9964ddf9-f660-46f7-8f26-1f3fb18cf0ff,1,0.012821,2012-01-01,2012-01-01,1.0,0.090909,0.0,1
56756959-1e78-429c-b897-e1d056cb0225,9ef62999-43b9-408f-9bc8-434b005c388c,1,0.012821,2012-01-01,2012-01-01,1.0,0.090909,0.0,1
56756959-1e78-429c-b897-e1d056cb0225,e9bbf173-4be0-4078-b75c-cfefe7a656cc,1,0.012821,2012-01-01,2012-01-01,1.0,0.090909,0.0,1
56756959-1e78-429c-b897-e1d056cb0225,f0e17f11-0748-447b-8dc2-ec44d2425650,1,0.012821,2012-01-01,2012-01-01,1.0,0.090909,0.0,1
60ae155f-2d68-49d5-90cf-8093f80dd046,703c557f-82bb-4646-ae2f-b5a3ef3f6148,1,0.012821,2012-01-01,2012-01-01,1.0,1.0,0.0,0
60ae155f-2d68-49d5-90cf-8093f80dd046,8452765c-bda8-4509-a869-b82f16006ad2,1,0.012821,2012-01-01,2012-01-01,1.0,1.0,0.0,0
60ae155f-2d68-49d5-90cf-8093f80dd046,9964ddf9-f660-46f7-8f26-1f3fb18cf0ff,1,0.012821,2012-01-01,2012-01-01,1.0,1.0,0.0,0
60ae155f-2d68-49d5-90cf-8093f80dd046,9ef62999-43b9-408f-9bc8-434b005c388c,1,0.012821,2012-01-01,2012-01-01,1.0,1.0,0.0,0
60ae155f-2d68-49d5-90cf-8093f80dd046,e9bbf173-4be0-4078-b75c-cfefe7a656cc,1,0.012821,2012-01-01,2012-01-01,1.0,1.0,0.0,0
60ae155f-2d68-49d5-90cf-8093f80dd046,f0e17f11-0748-447b-8dc2-ec44d2425650,1,0.012821,2012-01-01,2012-01-01,1.0,1.0,0.0,0
703c557f-82bb-4646-ae2f-b5a3ef3f6148,8452765c-bda8-4509-a869-b82f16006ad2,1,0.012821,2012-01-01,2012-01-01,1.0,1.0,0.0,0
703c557f-82bb-4646-ae2f-b5a3ef3f6148,9964ddf9-f660-46f7-8f26-1f3fb18cf0ff,1,0.012821,2012-01-01,2012-01-01,1.0,1.0,0.0,0
703c557f-82bb-4646-ae2f-b5a3ef3f6148,9ef62999-43b9-408f-9bc8-434b005c388c,1,0.012821,2012-01-01,2012-01-01,1.0,1.0,0.0,0
703c557f-82bb-4646-ae2f-b5a3ef3f6148,e9bbf173-4be0-4078-b75c-cfefe7a656cc,1,0.012821,2012-01-01,2012-01-01,1.0,1.0,0.0,0
703c557f-82bb-4646-ae2f-b5a3ef3f6148,f0e17f11-0748-447b-8dc2-ec44d2425650,1,0.012821,2012-01-01,2012-01-01,1.0,1.0,0.0,0
8452765c-bda8-4509-a869-b82f16006ad2,9964ddf9-f660-46f7-8f26-1f3fb18cf0ff,1,0.012821,2012-01-01,2012-01-01,1.0,1.0,0.0,0
8452765c-bda8-4509-a869-b82f16006ad2,9ef62999-43b9-408f-9bc8-434b005c388c,1,0.012821,2012-01-01,2012-01-01,1.0,1.0,0.0,0
8452765c-bda8-4509-a869-b82f16006ad2,e9bbf173-4be0-4078-b75c-cfefe7a656cc,1,0.012821,2012-01-01,2012-01-01,1.0,1.0,0.0,0
8452765c-bda8-4509-a869-b82f16006ad2,f0e17f11-0748-447b-8dc2-ec44d2425650,1,0.012821,2012-01-01,2012-01-01,1.0,1.0,0.0,0
9964ddf9-f660-46f7-8f26-1f3fb18cf0ff,9ef62999-43b9-408f-9bc8-434b005c388c,1,0.012821,2012-01-01,2012-01-01,1.0,1.0,0.0,0
9964ddf9-f660-46f7-8f26-1f3fb18cf0ff,e9bbf173-4be0-4078-b75c-cfefe7a656cc,1,0.012821,2012-01-01,2012-01-01,1.0,1.0,0.0,0
9964ddf9-f660-46f7-8f26-1f3fb18cf0ff,f0e17f11-0748-447b-8dc2-ec44d2425650,1,0.012821,2012-01-01,2012-01-01,1.0,1.0,0.0,0
9ef62999-43b9-408f-9bc8-434b005c388c,e9bbf173-4be0-4078-b75c-cfefe7a656cc,1,0.012821,2012-01-01,2012-01-01,1.0,1.0,0.0,0
9ef62999-43b9-408f-9bc8-434b005c388c,f0e17f11-0748-447b-8dc2-ec44d2425650,1,0.012821,2012-01-01,2012-01-01,1.0,1.0,0.0,0
e9bbf173-4be0-4078-b75c-cfefe7a656cc,f0e17f11-0748-447b-8dc2-ec44d2425650,1,0.012821,2012-01-01,2012-01-01,1.0,1.0,0.0,0
0374a8d1-3b68-4b53-b003-fa8a24fb4397,56756959-1e78-429c-b897-e1d056cb0225,2,0.233333,2012-01-01,2012-10-15,0.951856,0.090909,0.0,1
0374a8d1-3b68-4b53-b003-fa8a24fb4397,8870ec41-3a85-4461-86bf-e2012307b30e,4,0.296104,2012-01-01,2013-01-01,1.0,1.0,0.0,0
0374a8d1-3b68-4b53-b003-fa8a24fb4397,e9ac8a5f-da51-496d-b2f0-9b42090232dc,3,0.280952,2012-01-01,2013-01-01,1.0,1.0,0.0,0
56756959-1e78-429c-b897-e1d056cb0225,8870ec41-3a85-4461-86bf-e2012307b30e,2,0.233333,2012-01-01,2012-10-15,0.951856,0.090909,0.0,1
56756959-1e78-429c-b897-e1d056cb0225,e9ac8a5f-da51-496d-b2f0-9b42090232dc,2,0.233333,2012-01-01,2012-10-15,0.951856,0.090909,0.0,1
8870ec41-3a85-4461-86bf-e2012307b30e,e9ac8a5f-da51-496d-b2f0-9b42090232dc,3,0.280952,2012-01-01,2013-01-01,1.0,1.0,0.0,0
0cbf7f60-2e29-4b92-a5ec-5b913b630cd6,25aea3a4-c594-4d3e-8759-7984c1a93820,1,0.1,1986-01-01,1986-01-01,1.0,1.0,1.0,0
0cbf7f60-2e29-4b92-a5ec-5b913b630cd6,529a7b1b-f7bd-4c09-9f03-2227ab779a61,1,0.1,1986-01-01,1986-01-01,1.0,1.0,1.0,0
0cbf7f60-2e29-4b92-a5ec-5b913b630cd6,5f95440d-7737-4a36-9bcf-c05337f7129b,1,0.1,1986-01-01,1986-01-01,1.0,0.166667,1.0,0
0cbf7f60-2e29-4b92-a5ec-5b913b630cd6,f82bc155-c490-4b5f-bc5c-8462ecbdef01,1,0.1,1986-01-01,1986-01-01,1.0,1.0,1.0,0
25aea3a4-c594-4d3e-8759-7984c1a93820,529a7b1b-f7bd-4c09-9f03-2227ab779a61,1,0.1,1986-01-01,1986-01-01,1.0,1.0,1.0,0
25aea3a4-c594-4d3e-8759-7984c1a93820,5f95440d-7737-4a36-9bcf-c05337f7129b,1,0.1,1986-01-01,1986-01-01,1.0,0.166667,1.0,0
25aea3a4-c594-4d3e-8759-7984c1a93820,f82bc155-c490-4b5f-bc5c-8462ecbdef01,1,0.1,1986-01-01,1986-01-01,1.0,1.0,1.0,0
529a7b1b-f7bd-4c09-9f03-2227ab779a61,5f95440d-7737-4a36-9bcf-c05337f7129b,1,0.1,1986-01-01,1986-01-01,1.0,0.166667,1.0,0
529a7b1b-f7bd-4c09-9f03-2227ab779a61,f82bc155-c490-4b5f-bc5c-8462ecbdef01,1,0.1,1986-01-01,1986-01-01,1.0,1.0,1.0,0
5f95440d-7737-4a36-9bcf-c05337f7129b,f82bc155-c490-4b5f-bc5c-8462ecbdef01,1,0.1,1986-01-01,1986-01-01,1.0,0.166667,1.0,0
02b16a7f-0e8b-4df8-807c-aa40bae1d590,2c539200-2ad9-40c8-925a-118ed8c7b225,1,0.035714,2017-04-30,2017-04-30,1.0,0.333333,0.0,1
02b16a7f-0e8b-4df8-807c-aa40bae1d590,2c97cd35-1e75-4c1e-88ae-ee618ad0035d,1,0.035714,2017-04-30,2017-04-30,1.0,0.333333,0.0,1
02b16a7f-0e8b-4df8-807c-aa40bae1d590,788c12f0-a1f8-4166-8048-2bbe2b6b193e,1,0.035714,2017-04-30,2017-04-30,1.0,0.333333,0.0,1
02b16a7f-0e8b-4df8-807c-aa40bae1d590,7936fffc-8acf-4ee7-91d1-eaa3df92e381,1,0.035714,2017-04-30,2017-04-30,1.0,0.333333,0.0,1
02b16a7f-0e8b-4df8-807c-aa40bae1d590,854e815f-ce53-4085-a74d-4bb6fc4e1459,1,0.035714,2017-04-30,2017-04-30,1.0,0.333333,0.0,1
02b16a7f-0e8b-4df8-807c-aa40bae1d590,d616b606-cf6a-4b6e-ab0f-e253b8db6610,1,0.035714,2017-04-30,2017-04-30,1.0,0.6,0.0,0
02b16a7f-0e8b-4df8-807c-aa40bae1d590,ee421ee4-f861-405d-8730-29cb512dfdbd,1,0.035714,2017-04-30,2017-04-30,1.0,0.333333,0.0,1
2c539200-2ad9-40c8-925a-118ed8c7b225,2c97cd35-1e75-4c1e-88ae-ee618ad0035d,1,0.035714,2017-04-30,2017-04-30,1.0,1.0,0.0,0
2c539200-2ad9-40c8-925a-118ed8c7b225,788c12f0-a1f8-4166-8048-2bbe2b6b193e,1,0.035714,2017-04-30,2017-04-30,1.0,1.0,0.0,0
2c539200-2ad9-40c8-925a-118ed8c7b225,7936fffc-8acf-4ee7-91d1-eaa3df92e381,1,0.035714,2017-04-30,2017-04-30,1.0,1.0,0.0,0
2c539200-2ad9-40c8-925a-118ed8c7b225,854e815f-ce53-4085-a74d-4bb6fc4e1459,1,0.035714,2017-04-30,2017-04-30,1.0,1.0,0.0,0
2c539200-2ad9-40c8-925a-118ed8c7b225,d616b606-cf6a-4b6e-ab0f-e253b8db6610,1,0.035714,2017-04-30,2017-04-30,1.0,0.2,0.0,1
2c539200-2ad9-40c8-925a-118ed8c7b225,ee421ee4-f861-405d-8730-29cb512dfdbd,1,0.035714,2017-04-30,2017-04-30,1.0,1.0,0.0,0
2c97cd35-1e75-4c1e-88ae-ee618ad0035d,788c12f0-a1f8-4166-8048-2bbe2b6b193e,1,0.035714,2017-04-30,2017-04-30,1.0,1.0,0.0,0
2c97cd35-1e75-4c1e-88ae-ee618ad0035d,7936fffc-8acf-4ee7-91d1-eaa3df92e381,1,0.035714,2017-04-30,2017-04-30,1.0,1.0,0.0,0
2c97cd35-1e75-4c1e-88ae-ee618ad0035d,854e815f-ce53-4085-a74d-4bb6fc4e1459,1,0.035714,2017-04-30,2017-04-30,1.0,1.0,0.0,0
2c97cd35-1e75-4c1e-88ae-ee618ad0035d,d616b606-cf6a-4b6e-ab0f-e253b8db6610,1,0.035714,2017-04-30,2017-04-30,1.0,0.2,0.0,1
2c97cd35-1e75-4c1e-88ae-ee618ad0035d,ee421ee4-f861-405d-8730-29cb512dfdbd,1,0.035714,2017-04-30,2017-04-30,1.0,1.0,0.0,0
788c12f0-a1f8-4166-8048-2bbe2b6b193e,7936fffc-8acf-4ee7-91d1-eaa3df92e381,1,0.035714,2017-04-30,2017-04-30,1.0,1.0,0.0,0
788c12f0-a1f8-4166-8048-2bbe2b6b193e,854e815f-ce53-4085-a74d-4bb6fc4e1459,1,0.035714,2017-04-30,2017-04-30,1.0,1.0,0.0,0
788c12f0-a1f8-4166-8048-2bbe2b6b193e,d616b606-cf6a-4b6e-ab0f-e253b8db6610,1,0.035714,2017-04-30,2017-04-30,1.0,0.2,0.0,1
788c12f0-a1f8-4166-8048-2bbe2b6b193e,ee421ee4-f861-405d-8730-29cb512dfdbd,1,0.035714,2017-04-30,2017-04-30,1.0,1.0,0.0,0
7936fffc-8acf-4ee7-91d1-eaa3df92e381,854e815f-ce53-4085-a74d-4bb6fc4e1459,1,0.035714,2017-04-30,2017-04-30,1.0,1.0,0.0,0
7936fffc-8acf-4ee7-91d1-eaa3df92e381,d616b606-cf6a-4b6e-ab0f-e253b8db6610,1,0.035714,2017-04-30,2017-04-30,1.0,0.2,0.0,1
7936fffc-8acf-4ee7-91d1-eaa3df92e381,ee421ee4-f861-405d-8730-29cb512dfdbd,1,0.035714,2017-04-30,2017-04-30,1.0,1.0,0.0,0
854e815f-ce53-4085-a74d-4bb6fc4e1459,d616b606-cf6a-4b6e-ab0f-e253b8db6610,1,0.035714,2017-04-30,2017-04-30,1.0,0.2,0.0,1
854e815f-ce53-4085-a74d-4bb6fc4e1459,ee421ee4-f861-405d-8730-29cb512dfdbd,1,0.035714,2017-04-30,2017-04-30,1.0,1.0,0.0,0
d616b606-cf6a-4b6e-ab0f-e253b8db6610,ee421ee4-f861-405d-8730-29cb512dfdbd,1,0.035714,2017-04-30,2017-04-30,1.0,0.2,0.0,1
0d198fa9-490a-4a71-ac56-e7ee37888396,321531fc-db73-4ffa-a959-61a61a2908c1,1,0.027778,2018-07-13,2018-07-13,1.0,0.076923,0.0,1
0d198fa9-490a-4a71-ac56-e7ee37888396,4e5017d4-874d-48ee-84f0-d535d17a010f,1,0.027778,2018-07-13,2018-07-13,1.0,1.0,0.0,0
0d198fa9-490a-4a71-ac56-e7ee37888396,58e2c1c3-fb2a-4251-a667-fc802908680f,1,0.027778,2018-07-13,2018-07-13,1.0,1.0,0.0,0
0d198fa9-490a-4a71-ac56-e7ee37888396,599fa573-8816-4dbe-8439-2f4d486ffb8e,1,0.027778,2018-07-13,2018-07-13,1.0,1.0,0.0,0
0d198fa9-490a-4a71-ac56-e7ee37888396,603198dd-1269-4100-b802-f0c7f4e40b4c,1,0.027778,2018-07-13,2018-07-13,1.0,1.0,0.0,0
0d198fa9-490a-4a71-ac56-e7ee37888396,68eb8831-4d0b-4a2b-9209-3ccade5117f0,1,0.027778,2018-07-13,2018-07-13,1.0,1.0,0.0,0
0d198fa9-490a-4a71-ac56-e7ee37888396,d616b606-cf6a-4b6e-ab0f-e253b8db6610,1,0.027778,2018-07-13,2018-07-13,1.0,0.2,0.0,1
0d198fa9-490a-4a71-ac56-e7ee37888396,e7b18ac8-3c58-4a9f-bd2e-5b6a90b07fbe,1,0.027778,2018-07-13,2018-07-13,1.0,1.0,0.0,0
321531fc-db73-4ffa-a959-61a61a2908c1,4e5017d4-874d-48ee-84f0-d535d17a010f,1,0.027778,2018-07-13,2018-07-13,1.0,0.076923,0.0,1
321531fc-db73-4ffa-a959-61a61a2908c1,58e2c1c3-fb2a-4251-a667-fc802908680f,1,0.027778,2018-07-13,2018-07-13,1.0,0.076923,0.0,1
321531fc-db73-4ffa-a959-61a61a2908c1,599fa573-8816-4dbe-8439-2f4d486ffb8e,1,0.027778,2018-07-13,2018-07-13,1.0,0.076923,0.0,1
321531fc-db73-4ffa-a959-61a61a2908c1,603198dd-1269-4100-b802-f0c7f4e40b4c,2,1.027778,1997-01-01,2018-07-13,1.0,0.076923,0.0,1
321531fc-db73-4ffa-a959-61a61a2908c1,68eb8831-4d0b-4a2b-9209-3ccade5117f0,1,0.027778,2018-07-13,2018-07-13,1.0,0.076923,0.0,1
321531fc-db73-4ffa-a959-61a61a2908c1,d616b606-cf6a-4b6e-ab0f-e253b8db6610,1,0.027778,2018-07-13,2018-07-13,1.0,0.384615,0.0,1
321531fc-db73-4ffa-a959-61a61a2908c1,e7b18ac8-3c58-4a9f-bd2e-5b6a90b07fbe,1,0.027778,2018-07-13,2018-07-13,1.0,0.076923,0.0,1
4e5017d4-874d-48ee-84f0-d535d17a010f,58e2c1c3-fb2a-4251-a667-fc802908680f,1,0.027778,2018-07-13,2018-07-13,1.0,1.0,0.0,0
4e5017d4-874d-48ee-84f0-d535d17a010f,599fa573-8816-4dbe-8439-2f4d486ffb8e,1,0.027778,2018-07-13,2018-07-13,1.0,1.0,0.0,0
4e5017d4-874d-48ee-84f0-d535d17a010f,603198dd-1269-4100-b802-f0c7f4e40b4c,1,0.027778,2018-07-13,2018-07-13,1.0,1.0,0.0,0
4e5017d4-874d-48ee-84f0-d535d17a010f,68eb8831-4d0b-4a2b-9209-3ccade5117f0,1,0.027778,2018-07-13,2018-07-13,1.0,1.0,0.0,0
4e5017d4-874d-48ee-84f0-d535d17a010f,d616b606-cf6a-4b6e-ab0f-e253b8db6610,1,0.027778,2018-07-13,2018-07-13,0.676425,0.2,0.0,1
4e5017d4-874d-48ee-84f0-d535d17a010f,e7b18ac8-3c58-4a9f-bd2e-5b6a90b07fbe,1,0.027778,2018-07-13,2018-07-13,0.797853,1.0,0.0,0
58e2c1c3-fb2a-4251-a667-fc802908680f,599fa573-8816-4dbe-8439-2f4d486ffb8e,1,0.027778,2018-07-13,2018-07-13,1.0,1.0,0.0,0
58e2c1c3-fb2a-4251-a667-fc802908680f,603198dd-1269-4100-b802-f0c7f4e40b4c,1,0.027778,2018-07-13,2018-07-13,1.0,1.0,0.0,0
58e2c1c3-fb2a-4251-a667-fc802908680f,68eb8831-4d0b-4a2b-9209-3ccade5117f0,1,0.027778,2018-07-13,2018-07-13,1.0,1.0,0.0,0
58e2c1c3-fb2a-4251-a667-fc802908680f,d616b606-cf6a-4b6e-ab0f-e253b8db6610,1,0.027778,2018-07-13,2018-07-13,1.0,0.2,0.0,1
58e2c1c3-fb2a-4251-a667-fc802908680f,e7b18ac8-3c58-4a9f-bd2e-5b6a90b07fbe,1,0.027778,2018-07-13,2018-07-13,1.0,1.0,0.0,0
599fa573-8816-4dbe-8439-2f4d486ffb8e,603198dd-1269-4100-b802-f0c7f4e40b4c,1,0.027778,2018-07-13,2018-07-13,1.0,1.0,0.0,0
599fa573-8816-4dbe-8439-2f4d486ffb8e,68eb8831-4d0b-4a2b-9209-3ccade5117f0,1,0.027778,2018-07-13,2018-07-13,1.0,1.0,0.0,0
599fa573-8816-4dbe-8439-2f4d486ffb8e,d616b606-cf6a-4b6e-ab0f-e253b8db6610,1,0.027778,2018-07-13,2018-07-13,1.0,0.2,0.0,1
599fa573-8816-4dbe-8439-2f4d486ffb8e,e7b18ac8-3c58-4a9f-bd2e-5b6a90b07fbe,1,0.027778,2018-07-13,2018-07-13,1.0,1.0,0.0,0
603198dd-1269-4100-b802-f0c7f4e40b4c,68eb8831-4d0b-4a2b-9209-3ccade5117f0,1,0.027778,2018-07-13,2018-07-13,1.0,1.0,0.0,0
603198dd-1269-4100-b802-f0c7f4e40b4c,d616b606-cf6a-4b6e-ab0f-e253b8db6610,1,0.027778,2018-07-13,2018-07-13,1.0,0.2,0.0,1
603198dd-1269-4100-b802-f0c7f4e40b4c,e7b18ac8-3c58-4a9f-bd2e-5b6a90b07fbe,1,0.027778,2018-07-13,2018-07-13,1.0,1.0,0.0,0
68eb8831-4d0b-4a2b-9209-3ccade5117f0,d616b606-cf6a-4b6e-ab0f-e253b8db6610,1,0.027778,2018-07-13,2018-07-13,1.0,0.2,0.0,1
68eb8831-4d0b-4a2b-9209-3ccade5117f0,e7b18ac8-3c58-4a9f-bd2e-5b6a90b07fbe,1,0.027778,2018-07-13,2018-07-13,1.0,1.0,0.0,0
d616b606-cf6a-4b6e-ab0f-e253b8db6610,e7b18ac8-3c58-4a9f-bd2e-5b6a90b07fbe,2,0.075397,2018-07-13,2019-07-05,1.0,0.2,0.0,1
3ba54400-4c97-450f-b108-bcd90b9b2b76,79c9b9a6-4b78-4738-8b81-95b066321ea9,1,0.066667,2019-06-12,2019-06-12,0.988053,0.25,0.0,1
3ba54400-4c97-450f-b108-bcd90b9b2b76,7e2900f1-2c19-4371-9bd5-4c07826f45ef,1,0.066667,2019-06-12,2019-06-12,1.0,0.5,0.0,0
3ba54400-4c97-450f-b108-bcd90b9b2b76,875203e1-8e58-4b86-8dcb-7190faf411c5,1,0.066667,2019-06-12,2019-06-12,0.988053,0.125,0.0,1
3ba54400-4c97-450f-b108-bcd90b9b2b76,9c5f0dca-d34c-4091-9e92-545e5899caad,1,0.066667,2019-06-12,2019-06-12,0.988053,1.0,0.0,0
3ba54400-4c97-450f-b108-bcd90b9b2b76,d616b606-cf6a-4b6e-ab0f-e253b8db6610,2,0.081818,2019-06-12,2019-07-01,1.0,0.2,0.0,1
79c9b9a6-4b78-4738-8b81-95b066321ea9,7e2900f1-2c19-4371-9bd5-4c07826f45ef,1,0.066667,2019-06-12,2019-06-12,1.0,0.2,0.0,1
79c9b9a6-4b78-4738-8b81-95b066321ea9,875203e1-8e58-4b86-8dcb-7190faf411c5,2,0.233333,2019-06-12,2019-07-05,1.0,0.333333,0.0,1
79c9b9a6-4b78-4738-8b81-95b066321ea9,9c5f0dca-d34c-4091-9e92-545e5899caad,1,0.066667,2019-06-12,2019-06-12,0.985556,0.25,0.0,1
79c9b9a6-4b78-4738-8b81-95b066321ea9,d616b606-cf6a-4b6e-ab0f-e253b8db6610,1,0.066667,2019-06-12,2019-06-12,0.835561,0.5,0.0,0
7e2900f1-2c19-4371-9bd5-4c07826f45ef,875203e1-8e58-4b86-8dcb-7190faf411c5,1,0.066667,2019-06-12,2019-06-12,1.0,0.25,0.0,1
7e2900f1-2c19-4371-9bd5-4c07826f45ef,9c5f0dca-d34c-4091-9e92-545e5899caad,1,0.066667,2019-06-12,2019-06-12,1.0,0.5,0.0,0
7e2900f1-2c19-4371-9bd5-4c07826f45ef,d616b606-cf6a-4b6e-ab0f-e253b8db6610,1,0.066667,2019-06-12,2019-06-12,1.0,0.4,0.0,1
875203e1-8e58-4b86-8dcb-7190faf411c5,9c5f0dca-d34c-4091-9e92-545e5899caad,1,0.066667,2019-06-12,2019-06-12,0.985556,0.125,0.0,1
875203e1-8e58-4b86-8dcb-7190faf411c5,d616b606-cf6a-4b6e-ab0f-e253b8db6610,2,0.102381,2019-06-12,2019-07-05,1.0,0.625,0.0,0
9c5f0dca-d34c-4091-9e92-545e5899caad,d616b606-cf6a-4b6e-ab0f-e253b8db6610,2,0.114286,2019-06-12,2019-07-05,1.0,0.2,0.0,1
20533bc5-fbc5-4d69-9e83-db3f17ce6e49,3d683d51-ba94-4ef1-a07d-3dced0f0bc38,1,0.035714,2019-07-05,2019-07-05,1.0,1.0,0.0,0
20533bc5-fbc5-4d69-9e83-db3f17ce6e49,453c9a64-4ff6-4c3b-9621-a73a6574f5be,3,0.098485,2019-07-01,2019-07-05,1.0,1.0,0.0,0
20533bc5-fbc5-4d69-9e83-db3f17ce6e49,749a2c41-0829-45ad-ba25-1a45f8578d03,1,0.035714,2019-07-05,2019-07-05,1.0,0.5,0.0,0
20533bc5-fbc5-4d69-9e83-db3f17ce6e49,875203e1-8e58-4b86-8dcb-7190faf411c5,1,0.035714,2019-07-05,2019-07-05,1.0,0.125,0.0,1
20533bc5-fbc5-4d69-9e83-db3f17ce6e49,96800e05-9924-4321-859a-76e0d4750f2f,1,0.035714,2019-07-05,2019-07-05,1.0,1.0,0.0,0
20533bc5-fbc5-4d69-9e83-db3f17ce6e49,d616b606-cf6a-4b6e-ab0f-e253b8db6610,3,0.098485,2019-07-01,2019-07-05,1.0,0.2,0.0,1
20533bc5-fbc5-4d69-9e83-db3f17ce6e49,ff89badb-6553-4a10-85fe-0e1287950a27,1,0.035714,2019-07-05,2019-07-05,1.0,1.0,0.0,0
3d683d51-ba94-4ef1-a07d-3dced0f0bc38,453c9a64-4ff6-4c3b-9621-a73a6574f5be,1,0.035714,2019-07-05,2019-07-05,1.0,1.0,0.0,0
3d683d51-ba94-4ef1-a07d-3dced0f0bc38,749a2c41-0829-45ad-ba25-1a45f8578d03,1,0.035714,2019-07-05,2019-07-05,1.0,0.5,0.0,0
3d683d51-ba94-4ef1-a07d-3dced0f0bc38,875203e1-8e58-4b86-8dcb-7190faf411c5,1,0.035714,2019-07-05,2019-07-05,1.0,0.125,0.0,1
3d683d51-ba94-4ef1-a07d-3dced0f0bc38,96800e05-9924-4321-859a-76e0d4750f2f,1,0.035714,2019-07-05,2019-07-05,1.0,1.0,0.0,0
3d683d51-ba94-4ef1-a07d-3dced0f0bc38,d616b606-cf6a-4b6e-ab0f-e253b8db6610,1,0.035714,2019-07-05,2019-07-05,1.0,0.2,0.0,1
3d683d51-ba94-4ef1-a07d-3dced0f0bc38,ff89badb-6553-4a10-85fe-0e1287950a27,1,0.035714,2019-07-05,2019-07-05,1.0,1.0,0.0,0
453c9a64-4ff6-4c3b-9621-a73a6574f5be,749a2c41-0829-45ad-ba25-1a45f8578d03,1,0.035714,2019-07-05,2019-07-05,1.0,0.5,0.0,0
453c9a64-4ff6-4c3b-9621-a73a6574f5be,875203e1-8e58-4b86-8dcb-7190faf411c5,1,0.035714,2019-07-05,2019-07-05,1.0,0.125,0.0,1
453c9a64-4ff6-4c3b-9621-a73a6574f5be,96800e05-9924-4321-859a-76e0d4750f2f,1,0.035714,2019-07-05,2019-07-05,1.0,1.0,0.0,0
453c9a64-4ff6-4c3b-9621-a73a6574f5be,d616b606-cf6a-4b6e-ab0f-e253b8db6610,3,0.098485,2019-07-01,2019-07-05,1.0,0.2,0.0,1
453c9a64-4ff6-4c3b-9621-a73a6574f5be,ff89badb-6553-4a10-85fe-0e1287950a27,1,0.035714,2019-07-05,2019-07-05,1.0,1.0,0.0,0
749a2c41-0829-45ad-ba25-1a45f8578d03,875203e1-8e58-4b86-8dcb-7190faf411c5,1,0.035714,2019-07-05,2019-07-05,1.0,0.25,0.0,1
749a2c41-0829-45ad-ba25-1a45f8578d03,96800e05-9924-4321-859a-76e0d4750f2f,1,0.035714,2019-07-05,2019-07-05,1.0,0.5,0.0,0
749a2c41-0829-45ad-ba25-1a45f8578d03,d616b606-cf6a-4b6e-ab0f-e253b8db6610,1,0.035714,2019-07-05,2019-07-05,0.991183,0.4,0.0,1
749a2c41-0829-45ad-ba25-1a45f8578d03,ff89badb-6553-4a10-85fe-0e1287950a27,1,0.035714,2019-07-05,2019-07-05,1.0,0.5,0.0,0
875203e1-8e58-4b86-8dcb-7190faf411c5,96800e05-9924-4321-859a-76e0d4750f2f,1,0.035714,2019-07-05,2019-07-05,1.0,0.125,0.0,1
875203e1-8e58-4b86-8dcb-7190faf411c5,ff89badb-6553-4a10-85fe-0e1287950a27,1,0.035714,2019-07-05,2019-07-05,1.0,0.125,0.0,1
96800e05-9924-4321-859a-76e0d4750f2f,d616b606-cf6a-4b6e-ab0f-e253b8db6610,1,0.035714,2019-07-05,2019-07-05,1.0,0.2,0.0,1
96800e05-9924-4321-859a-76e0d4750f2f,ff89badb-6553-4a10-85fe-0e1287950a27,1,0.035714,2019-07-05,2019-07-05,1.0,1.0,0.0,0
d616b606-cf6a-4b6e-ab0f-e253b8db6610,ff89badb-6553-4a10-85fe-0e1287950a27,1,0.035714,2019-07-05,2019-07-05,1.0,0.2,0.0,1
20533bc5-fbc5-4d69-9e83-db3f17ce6e49,9c5f0dca-d34c-4091-9e92-545e5899caad,1,0.047619,2019-07-05,2019-07-05,1.0,1.0,0.0,0
20533bc5-fbc5-4d69-9e83-db3f17ce6e49,a0182eb3-7427-42b3-b1aa-dd73e3478690,1,0.047619,2019-07-05,2019-07-05,1.0,1.0,0.0,0
20533bc5-fbc5-4d69-9e83-db3f17ce6e49,d43a143b-5e20-428c-baf6-10bc35f1ff90,1,0.047619,2019-07-05,2019-07-05,1.0,1.0,0.0,0
20533bc5-fbc5-4d69-9e83-db3f17ce6e49,e7b18ac8-3c58-4a9f-bd2e-5b6a90b07fbe,1,0.047619,2019-07-05,2019-07-05,1.0,1.0,0.0,0
453c9a64-4ff6-4c3b-9621-a73a6574f5be,9c5f0dca-d34c-4091-9e92-545e5899caad,1,0.047619,2019-07-05,2019-07-05,1.0,1.0,0.0,0
453c9a64-4ff6-4c3b-9621-a73a6574f5be,a0182eb3-7427-42b3-b1aa-dd73e3478690,1,0.047619,2019-07-05,2019-07-05,1.0,1.0,0.0,0
453c9a64-4ff6-4c3b-9621-a73a6574f5be,d43a143b-5e20-428c-baf6-10bc35f1ff90,1,0.047619,2019-07-05,2019-07-05,1.0,1.0,0.0,0
453c9a64-4ff6-4c3b-9621-a73a6574f5be,e7b18ac8-3c58-4a9f-bd2e-5b6a90b07fbe,1,0.047619,2019-07-05,2019-07-05,1.0,1.0,0.0,0
9c5f0dca-d34c-4091-9e92-545e5899caad,a0182eb3-7427-42b3-b1aa-dd73e3478690,1,0.047619,2019-07-05,2019-07-05,1.0,1.0,0.0,0
9c5f0dca-d34c-4091-9e92-545e5899caad,d43a143b-5e20-428c-baf6-10bc35f1ff90,1,0.047619,2019-07-05,2019-07-05,1.0,1.0,0.0,0
9c5f0dca-d34c-4091-9e92-545e5899caad,e7b18ac8-3c58-4a9f-bd2e-5b6a90b07fbe,1,0.047619,2019-07-05,2019-07-05,1.0,1.0,0.0,0
a0182eb3-7427-42b3-b1aa-dd73e3478690,d43a143b-5e20-428c-baf6-10bc35f1ff90,1,0.047619,2019-07-05,2019-07-05,1.0,1.0,0.0,0
a0182eb3-7427-42b3-b1aa-dd73e3478690,d616b606-cf6a-4b6e-ab0f-e253b8db6610,1,0.047619,2019-07-05,2019-07-05,1.0,0.2,0.0,1
a0182eb3-7427-42b3-b1aa-dd73e3478690,e7b18ac8-3c58-4a9f-bd2e-5b6a90b07fbe,1,0.047619,2019-07-05,2019-07-05,1.0,1.0,0.0,0
d43a143b-5e20-428c-baf6-10bc35f1ff90,d616b606-cf6a-4b6e-ab0f-e253b8db6610,1,0.047619,2019-07-05,2019-07-05,1.0,0.2,0.0,1
d43a143b-5e20-428c-baf6-10bc35f1ff90,e7b18ac8-3c58-4a9f-bd2e-5b6a90b07fbe,1,0.047619,2019-07-05,2019-07-05,1.0,1.0,0.0,0
6fa2e161-200e-475a-8492-3755594581f9,73e7c483-9f3e-4a72-a359-582452fbaeac,6,0.6,1979-07-11,1983-01-01,1.0,1.0,0.0,0
6fa2e161-200e-475a-8492-3755594581f9,b3036249-8b39-4d02-a312-d31a63497bbc,6,0.6,1979-07-11,1983-01-01,1.0,1.0,0.0,0
6fa2e161-200e-475a-8492-3755594581f9,c970c5cd-facf-4c49-babf-a5b688c1ec40,2,0.2,1982-01-01,1983-01-01,1.0,1.0,0.0,0
6fa2e161-200e-475a-8492-3755594581f9,de5d7601-f6fa-4efa-ae3f-7005a2b89a1b,1,0.1,1983-01-01,1983-01-01,1.0,0.125,0.0,1
73e7c483-9f3e-4a72-a359-582452fbaeac,b3036249-8b39-4d02-a312-d31a63497bbc,6,0.6,1979-07-11,1983-01-01,1.0,1.0,0.0,0
73e7c483-9f3e-4a72-a359-582452fbaeac,c970c5cd-facf-4c49-babf-a5b688c1ec40,2,0.2,1982-01-01,1983-01-01,1.0,1.0,0.0,0
73e7c483-9f3e-4a72-a359-582452fbaeac,de5d7601-f6fa-4efa-ae3f-7005a2b89a1b,1,0.1,1983-01-01,1983-01-01,1.0,0.125,0.0,1
b3036249-8b39-4d02-a312-d31a63497bbc,c970c5cd-facf-4c49-babf-a5b688c1ec40,2,0.2,1982-01-01,1983-01-01,1.0,1.0,0.0,0
b3036249-8b39-4d02-a312-d31a63497bbc,de5d7601-f6fa-4efa-ae3f-7005a2b89a1b,1,0.1,1983-01-01,1983-01-01,1.0,0.125,0.0,1
c970c5cd-facf-4c49-babf-a5b688c1ec40,de5d7601-f6fa-4efa-ae3f-7005a2b89a1b,1,0.1,1983-01-01,1983-01-01,1.0,0.125,0.0,1
82b1f5fd-cd31-41a9-b5d4-7e33f0eb9751,d339efbb-77b9-4147-ba9e-59f2f24550b2,1,1.0,1964-01-01,1964-01-01,1.0,0.375,0.0,1
0bf69115-9b4a-491a-9265-d026cfd8af5d,2307602e-a3ce-4f37-bb2b-d54f1980ed5f,1,0.333333,1979-01-01,1979-01-01,1.0,0.5,1.0,0
0bf69115-9b4a-491a-9265-d026cfd8af5d,b4b5b5a7-feff-47d0-9458-83d0d135a692,1,0.333333,1979-01-01,1979-01-01,1.0,0.142857,1.0,0
2307602e-a3ce-4f37-bb2b-d54f1980ed5f,b4b5b5a7-feff-47d0-9458-83d0d135a692,1,0.333333,1979-01-01,1979-01-01,1.0,0.285714,1.0,0
22bb3c13-87b5-46ac-8dc9-553b6579c2e6,46e35005-303b-48f8-bf30-f477fbd6936e,1,0.1,2016-02-16,2016-02-16,1.0,1.0,0.0,0
22bb3c13-87b5-46ac-8dc9-553b6579c2e6,48878cad-3a64-42cd-998b-72d37631c9f6,1,0.1,2016-02-16,2016-02-16,1.0,0.5,0.0,0
22bb3c13-87b5-46ac-8dc9-553b6579c2e6,4c76d2ab-cc32-47b9-8bfe-d382bed617f6,1,0.1,2016-02-16,2016-02-16,1.0,0.333333,0.0,1
22bb3c13-87b5-46ac-8dc9-553b6579c2e6,e16bd03f-a317-4e84-923c-086f51ee8b4b,1,0.1,2016-02-16,2016-02-16,1.0,1.0,0.0,0
46e35005-303b-48f8-bf30-f477fbd6936e,48878cad-3a64-42cd-998b-72d37631c9f6,1,0.1,2016-02-16,2016-02-16,1.0,0.5,0.0,0
46e35005-303b-48f8-bf30-f477fbd6936e,4c76d2ab-cc32-47b9-8bfe-d382bed617f6,1,0.1,2016-02-16,2016-02-16,1.0,0.333333,0.0,1
46e35005-303b-48f8-bf30-f477fbd6936e,e16bd03f-a317-4e84-923c-086f51ee8b4b,1,0.1,2016-02-16,2016-02-16,1.0,1.0,0.0,0
48878cad-3a64-42cd-998b-72d37631c9f6,4c76d2ab-cc32-47b9-8bfe-d382bed617f6,1,0.1,2016-02-16,2016-02-16,1.0,0.25,0.0,1
48878cad-3a64-42cd-998b-72d37631c9f6,e16bd03f-a317-4e84-923c-086f51ee8b4b,1,0.1,2016-02-16,2016-02-16,1.0,0.5,0.0,0
4c76d2ab-cc32-47b9-8bfe-d382bed617f6,e16bd03f-a317-4e84-923c-086f51ee8b4b,1,0.1,2016-02-16,2016-02-16,1.0,0.333333,0.0,1
164f0d73-1234-4e2c-8743-d77bf2191051,43906e48-a7c0-4b80-a5dd-37d1fe6ccdb9,1,0.009524,2023-11-18,2023-11-18,1.0,0.333333,0.0,1
164f0d73-1234-4e2c-8743-d77bf2191051,4d347472-05cd-469f-8b03-864b344d007a,4,0.081349,2021-01-01,2023-12-15,0.989304,0.333333,0.0,1
164f0d73-1234-4e2c-8743-d77bf2191051,5bdbcb6d-1f30-4c29-8501-f63b6445fd77,2,0.037302,2023-11-18,2023-11-22,1.0,0.333333,0.0,1
164f0d73-1234-4e2c-8743-d77bf2191051,7bd66c18-cb33-49aa-9279-140acedbdb49,5,0.123016,2023-11-18,2024-02-01,1.0,0.428571,0.0,1
164f0d73-1234-4e2c-8743-d77bf2191051,8a1c3e7b-e579-416e-bcce-3a782a33dc72,1,0.009524,2023-11-18,2023-11-18,1.0,0.333333,0.0,1
164f0d73-1234-4e2c-8743-d77bf2191051,9818ec14-12ae-4254-be50-46ba7aebac06,1,0.009524,2023-11-18,2023-11-18,1.0,0.333333,0.0,1
164f0d73-1234-4e2c-8743-d77bf2191051,a5f58cd9-6a88-4f66-8d20-cf9c8a4f4c41,2,0.037302,2023-11-18,2023-11-22,1.0,0.333333,0.0,1
164f0d73-1234-4e2c-8743-d77bf2191051,bd81d921-581a-4fb3-81d2-05c690a28587,2,0.037302,2023-11-18,2023-11-22,1.0,0.333333,0.0,1
164f0d73-1234-4e2c-8743-d77bf2191051,bf328740-beaf-4110-88d8-d1ca659d9d15,1,0.009524,2023-11-18,2023-11-18,1.0,0.333333,0.0,1
164f0d73-1234-4e2c-8743-d77bf2191051,c45d161f-83ce-4464-ba41-44202e6916d9,1,0.009524,2023-11-18,2023-11-18,1.0,0.333333,0.0,1
164f0d73-1234-4e2c-8743-d77bf2191051,c890f46c-7e63-4c53-900f-65ab74878806,3,0.073016,2023-11-18,2023-12-15,0.989304,0.333333,0.0,1
164f0d73-1234-4e2c-8743-d77bf2191051,c9cd225b-4883-428e-82c2-73e0b6282fb6,1,0.009524,2023-11-18,2023-11-18,1.0,0.333333,0.0,1
164f0d73-1234-4e2c-8743-d77bf2191051,feebaecc-1e5b-4b28-b7c5-a70f9fccdced,2,0.037302,2023-11-18,2023-11-22,1.0,0.333333,0.0,1
43906e48-a7c0-4b80-a5dd-37d1fe6ccdb9,4d347472-05cd-469f-8b03-864b344d007a,1,0.009524,2023-11-18,2023-11-18,1.0,1.0,0.0,0
43906e48-a7c0-4b80-a5dd-37d1fe6ccdb9,5bdbcb6d-1f30-4c29-8501-f63b6445fd77,1,0.009524,2023-11-18,2023-11-18,1.0,1.0,0.0,0
43906e48-a7c0-4b80-a5dd-37d1fe6ccdb9,6a9e461c-e3c5-4794-a203-98a15daea2df,1,0.009524,2023-11-18,2023-11-18,1.0,1.0,0.0,0
43906e48-a7c0-4b80-a5dd-37d1fe6ccdb9,7bd66c18-cb33-49aa-9279-140acedbdb49,1,0.009524,2023-11-18,2023-11-18,1.0,0.142857,0.0,1
43906e48-a7c0-4b80-a5dd-37d1fe6ccdb9,8a1c3e7b-e579-416e-bcce-3a782a33dc72,1,0.009524,2023-11-18,2023-11-18,1.0,1.0,0.0,0
43906e48-a7c0-4b80-a5dd-37d1fe6ccdb9,9818ec14-12ae-4254-be50-46ba7aebac06,1,0.009524,2023-11-18,2023-11-18,1.0,1.0,0.0,0
43906e48-a7c0-4b80-a5dd-37d1fe6ccdb9,a5f58cd9-6a88-4f66-8d20-cf9c8a4f4c41,1,0.009524,2023-11-18,2023-11-18,1.0,1.0,0.0,0
43906e48-a7c0-4b80-a5dd-37d1fe6ccdb9,bd81d921-581a-4fb3-81d2-05c690a28587,1,0.009524,2023-11-18,2023-11-18,1.0,1.0,0.0,0
43906e48-a7c0-4b80-a5dd-37d1fe6ccdb9,bf328740-beaf-4110-88d8-d1ca659d9d15,1,0.009524,2023-11-18,2023-11-18,1.0,1.0,0.0,0
43906e48-a7c0-4b80-a5dd-37d1fe6ccdb9,c45d161f-83ce-4464-ba41-44202e6916d9,1,0.009524,2023-11-18,2023-11-18,1.0,1.0,0.0,0
43906e48-a7c0-4b80-a5dd-37d1fe6ccdb9,c890f46c-7e63-4c53-900f-65ab74878806,1,0.009524,2023-11-18,2023-11-18,1.0,1.0,0.0,0
43906e48-a7c0-4b80-a5dd-37d1fe6ccdb9,c9cd225b-4883-428e-82c2-73e0b6282fb6,1,0.009524,2023-11-18,2023-11-18,1.0,0.2,0.0,1
43906e48-a7c0-4b80-a5dd-37d1fe6ccdb9,feebaecc-1e5b-4b28-b7c5-a70f9fccdced,1,0.009524,2023-11-18,2023-11-18,1.0,1.0,0.0,0
4d347472-05cd-469f-8b03-864b344d007a,5bdbcb6d-1f30-4c29-8501-f63b6445fd77,2,0.037302,2023-11-18,2023-11-22,1.0,1.0,0.0,0
4d347472-05cd-469f-8b03-864b344d007a,6a9e461c-e3c5-4794-a203-98a15daea2df,2,0.037302,2023-11-18,2023-11-22,0.985556,1.0,0.0,0
4d347472-05cd-469f-8b03-864b344d007a,7bd66c18-cb33-49aa-9279-140acedbdb49,3,0.073016,2023-11-18,2023-12-15,0.989304,0.142857,0.0,1
4d347472-05cd-469f-8b03-864b344d007a,8a1c3e7b-e579-416e-bcce-3a782a33dc72,1,0.009524,2023-11-18,2023-11-18,1.0,1.0,0.0,0
4d347472-05cd-469f-8b03-864b344d007a,9818ec14-12ae-4254-be50-46ba7aebac06,1,0.009524,2023-11-18,2023-11-18,1.0,1.0,0.0,0
4d347472-05cd-469f-8b03-864b344d007a,a5f58cd9-6a88-4f66-8d20-cf9c8a4f4c41,2,0.037302,2023-11-18,2023-11-22,1.0,1.0,0.0,0
4d347472-05cd-469f-8b03-864b344d007a,bd81d921-581a-4fb3-81d2-05c690a28587,2,0.037302,2023-11-18,2023-11-22,1.0,1.0,0.0,0
4d347472-05cd-469f-8b03-864b344d007a,bf328740-beaf-4110-88d8-d1ca659d9d15,1,0.009524,2023-11-18,2023-11-18,1.0,1.0,0.0,0
4d347472-05cd-469f-8b03-864b344d007a,c45d161f-83ce-4464-ba41-44202e6916d9,1,0.009524,2023-11-18,2023-11-18,1.0,1.0,0.0,0
4d347472-05cd-469f-8b03-864b344d007a,c9cd225b-4883-428e-82c2-73e0b6282fb6,1,0.009524,2023-11-18,2023-11-18,1.0,0.2,0.0,1
4d347472-05cd-469f-8b03-864b344d007a,feebaecc-1e5b-4b28-b7c5-a70f9fccdced,2,0.037302,2023-11-18,2023-11-22,1.0,1.0,0.0,0
5bdbcb6d-1f30-4c29-8501-f63b6445fd77,6a9e461c-e3c5-4794-a203-98a15daea2df,2,0.037302,2023-11-18,2023-11-22,1.0,1.0,0.0,0
5bdbcb6d-1f30-4c29-8501-f63b6445fd77,7bd66c18-cb33-49aa-9279-140acedbdb49,2,0.037302,2023-11-18,2023-11-22,1.0,0.142857,0.0,1
5bdbcb6d-1f30-4c29-8501-f63b6445fd77,8a1c3e7b-e579-416e-bcce-3a782a33dc72,1,0.009524,2023-11-18,2023-11-18,1.0,1.0,0.0,0
5bdbcb6d-1f30-4c29-8501-f63b6445fd77,9818ec14-12ae-4254-be50-46ba7aebac06,1,0.009524,2023-11-18,2023-11-18,1.0,1.0,0.0,0
5bdbcb6d-1f30-4c29-8501-f63b6445fd77,a5f58cd9-6a88-4f66-8d20-cf9c8a4f4c41,2,0.037302,2023-11-18,2023-11-22,1.0,1.0,0.0,0
5bdbcb6d-1f30-4c29-8501-f63b6445fd77,bd81d921-581a-4fb3-81d2-05c690a28587,2,0.037302,2023-11-18,2023-11-22,1.0,1.0,0.0,0
5bdbcb6d-1f30-4c29-8501-f63b6445fd77,bf328740-beaf-4110-88d8-d1ca659d9d15,1,0.009524,2023-11-18,2023-11-18,1.0,1.0,0.0,0
5bdbcb6d-1f30-4c29-8501-f63b6445fd77,c45d161f-83ce-4464-ba41-44202e6916d9,1,0.009524,2023-11-18,2023-11-18,1.0,1.0,0.0,0
5bdbcb6d-1f30-4c29-8501-f63b6445fd77,c890f46c-7e63-4c53-900f-65ab74878806,2,0.037302,2023-11-18,2023-11-22,1.0,1.0,0.0,0
5bdbcb6d-1f30-4c29-8501-f63b6445fd77,c9cd225b-4883-428e-82c2-73e0b6282fb6,1,0.009524,2023-11-18,2023-11-18,1.0,0.2,0.0,1
5bdbcb6d-1f30-4c29-8501-f63b6445fd77,feebaecc-1e5b-4b28-b7c5-a70f9fccdced,2,0.037302,2023-11-18,2023-11-22,1.0,1.0,0.0,0
6a9e461c-e3c5-4794-a203-98a15daea2df,7bd66c18-cb33-49aa-9279-140acedbdb49,3,0.065079,2023-11-18,2023-12-15,1.0,0.142857,0.0,1
6a9e461c-e3c5-4794-a203-98a15daea2df,8a1c3e7b-e579-416e-bcce-3a782a33dc72,1,0.009524,2023-11-18,2023-11-18,1.0,1.0,0.0,0
6a9e461c-e3c5-4794-a203-98a15daea2df,9818ec14-12ae-4254-be50-46ba7aebac06,1,0.009524,2023-11-18,2023-11-18,1.0,1.0,0.0,0
6a9e461c-e3c5-4794-a203-98a15daea2df,a5f58cd9-6a88-4f66-8d20-cf9c8a4f4c41,2,0.037302,2023-11-18,2023-11-22,1.0,1.0,0.0,0
6a9e461c-e3c5-4794-a203-98a15daea2df,bd81d921-581a-4fb3-81d2-05c690a28587,2,0.037302,2023-11-18,2023-11-22,1.0,1.0,0.0,0
6a9e461c-e3c5-4794-a203-98a15daea2df,bf328740-beaf-4110-88d8-d1ca659d9d15,1,0.009524,2023-11-18,2023-11-18,1.0,1.0,0.0,0
6a9e461c-e3c5-4794-a203-98a15daea2df,c45d161f-83ce-4464-ba41-44202e6916d9,1,0.009524,2023-11-18,2023-11-18,1.0,1.0,0.0,0
6a9e461c-e3c5-4794-a203-98a15daea2df,c890f46c-7e63-4c53-900f-65ab74878806,2,0.037302,2023-11-18,2023-11-22,0.985556,1.0,0.0,0
6a9e461c-e3c5-4794-a203-98a15daea2df,c9cd225b-4883-428e-82c2-73e0b6282fb6,1,0.009524,2023-11-18,2023-11-18,1.0,0.2,0.0,1
6a9e461c-e3c5-4794-a203-98a15daea2df,feebaecc-1e5b-4b28-b7c5-a70f9fccdced,2,0.037302,2023-11-18,2023-11-22,1.0,1.0,0.0,0
7bd66c18-cb33-49aa-9279-140acedbdb49,8a1c3e7b-e579-416e-bcce-3a782a33dc72,1,0.009524,2023-11-18,2023-11-18,1.0,0.142857,0.0,1
7bd66c18-cb33-49aa-9279-140acedbdb49,9818ec14-12ae-4254-be50-46ba7aebac06,1,0.009524,2023-11-18,2023-11-18,1.0,0.142857,0.0,1
7bd66c18-cb33-49aa-9279-140acedbdb49,a5f58cd9-6a88-4f66-8d20-cf9c8a4f4c41,2,0.037302,2023-11-18,2023-11-22,1.0,0.142857,0.0,1
7bd66c18-cb33-49aa-9279-140acedbdb49,bd81d921-581a-4fb3-81d2-05c690a28587,2,0.037302,2023-11-18,2023-11-22,1.0,0.142857,0.0,1
7bd66c18-cb33-49aa-9279-140acedbdb49,bf328740-beaf-4110-88d8-d1ca659d9d15,1,0.009524,2023-11-18,2023-11-18,1.0,0.142857,0.0,1
7bd66c18-cb33-49aa-9279-140acedbdb49,c45d161f-83ce-4464-ba41-44202e6916d9,1,0.009524,2023-11-18,2023-11-18,1.0,0.142857,0.0,1
7bd66c18-cb33-49aa-9279-140acedbdb49,c890f46c-7e63-4c53-900f-65ab74878806,3,0.073016,2023-11-18,2023-12-15,0.989304,0.142857,0.0,1
7bd66c18-cb33-49aa-9279-140acedbdb49,c9cd225b-4883-428e-82c2-73e0b6282fb6,1,0.009524,2023-11-18,2023-11-18,1.0,0.714286,0.0,0
7bd66c18-cb33-49aa-9279-140acedbdb49,feebaecc-1e5b-4b28-b7c5-a70f9fccdced,2,0.037302,2023-11-18,2023-11-22,1.0,0.142857,0.0,1
8a1c3e7b-e579-416e-bcce-3a782a33dc72,9818ec14-12ae-4254-be50-46ba7aebac06,1,0.009524,2023-11-18,2023-11-18,1.0,1.0,0.0,0
8a1c3e7b-e579-416e-bcce-3a782a33dc72,a5f58cd9-6a88-4f66-8d20-cf9c8a4f4c41,1,0.009524,2023-11-18,2023-11-18,1.0,1.0,0.0,0
8a1c3e7b-e579-416e-bcce-3a782a33dc72,bd81d921-581a-4fb3-81d2-05c690a28587,1,0.009524,2023-11-18,2023-11-18,1.0,1.0,0.0,0
8a1c3e7b-e579-416e-bcce-3a782a33dc72,bf328740-beaf-4110-88d8-d1ca659d9d15,1,0.009524,2023-11-18,2023-11-18,1.0,1.0,0.0,0
8a1c3e7b-e579-416e-bcce-3a782a33dc72,c45d161f-83ce-4464-ba41-44202e6916d9,1,0.009524,2023-11-18,2023-11-18,1.0,1.0,0.0,0
8a1c3e7b-e579-416e-bcce-3a782a33dc72,c890f46c-7e63-4c53-900f-65ab74878806,1,0.009524,2023-11-18,2023-11-18,1.0,1.0,0.0,0
8a1c3e7b-e579-416e-bcce-3a782a33dc72,c9cd225b-4883-428e-82c2-73e0b6282fb6,1,0.009524,2023-11-18,2023-11-18,1.0,0.2,0.0,1
8a1c3e7b-e579-416e-bcce-3a782a33dc72,feebaecc-1e5b-4b28-b7c5-a70f9fccdced,1,0.009524,2023-11-18,2023-11-18,1.0,1.0,0.0,0
9818ec14-12ae-4254-be50-46ba7aebac06,a5f58cd9-6a88-4f66-8d20-cf9c8a4f4c41,1,0.009524,2023-11-18,2023-11-18,1.0,1.0,0.0,0
9818ec14-12ae-4254-be50-46ba7aebac06,bd81d921-581a-4fb3-81d2-05c690a28587,1,0.009524,2023-11-18,2023-11-18,1.0,1.0,0.0,0
9818ec14-12ae-4254-be50-46ba7aebac06,bf328740-beaf-4110-88d8-d1ca659d9d15,1,0.009524,2023-11-18,2023-11-18,1.0,1.0,0.0,0
9818ec14-12ae-4254-be50-46ba7aebac06,c45d161f-83ce-4464-ba41-44202e6916d9,1,0.009524,2023-11-18,2023-11-18,1.0,1.0,0.0,0
9818ec14-12ae-4254-be50-46ba7aebac06,c890f46c-7e63-4c53-900f-65ab74878806,1,0.009524,2023-11-18,2023-11-18,1.0,1.0,0.0,0
9818ec14-12ae-4254-be50-46ba7aebac06,c9cd225b-4883-428e-82c2-73e0b6282fb6,1,0.009524,2023-11-18,2023-11-18,1.0,0.2,0.0,1
9818ec14-12ae-4254-be50-46ba7aebac06,feebaecc-1e5b-4b28-b7c5-a70f9fccdced,1,0.009524,2023-11-18,2023-11-18,1.0,1.0,0.0,0
a5f58cd9-6a88-4f66-8d20-cf9c8a4f4c41,bd81d921-581a-4fb3-81d2-05c690a28587,2,0.037302,2023-11-18,2023-11-22,1.0,1.0,0.0,0
a5f58cd9-6a88-4f66-8d20-cf9c8a4f4c41,bf328740-beaf-4110-88d8-d1ca659d9d15,1,0.009524,2023-11-18,2023-11-18,1.0,1.0,0.0,0
a5f58cd9-6a88-4f66-8d20-cf9c8a4f4c41,c45d161f-83ce-4464-ba41-44202e6916d9,1,0.009524,2023-11-18,2023-11-18,1.0,1.0,0.0,0
a5f58cd9-6a88-4f66-8d20-cf9c8a4f4c41,c890f46c-7e63-4c53-900f-65ab74878806,2,0.037302,2023-11-18,2023-11-22,1.0,1.0,0.0,0
a5f58cd9-6a88-4f66-8d20-cf9c8a4f4c41,c9cd225b-4883-428e-82c2-73e0b6282fb6,1,0.009524,2023-11-18,2023-11-18,1.0,0.2,0.0,1
a5f58cd9-6a88-4f66-8d20-cf9c8a4f4c41,feebaecc-1e5b-4b28-b7c5-a70f9fccdced,2,0.037302,2023-11-18,2023-11-22,1.0,1.0,0.0,0
bd81d921-581a-4fb3-81d2-05c690a28587,bf328740-beaf-4110-88d8-d1ca659d9d15,1,0.009524,2023-11-18,2023-11-18,1.0,1.0,0.0,0
bd81d921-581a-4fb3-81d2-05c690a28587,c45d161f-83ce-4464-ba41-44202e6916d9,1,0.009524,2023-11-18,2023-11-18,1.0,1.0,0.0,0
bd81d921-581a-4fb3-81d2-05c690a28587,c890f46c-7e63-4c53-900f-65ab74878806,2,0.037302,2023-11-18,2023-11-22,1.0,1.0,0.0,0
bd81d921-581a-4fb3-81d2-05c690a28587,c9cd225b-4883-428e-82c2-73e0b6282fb6,1,0.009524,2023-11-18,2023-11-18,1.0,0.2,0.0,1
bd81d921-581a-4fb3-81d2-05c690a28587,feebaecc-1e5b-4b28-b7c5-a70f9fccdced,2,0.037302,2023-11-18,2023-11-22,1.0,1.0,0.0,0
bf328740-beaf-4110-88d8-d1ca659d9d15,c45d161f-83ce-4464-ba41-44202e6916d9,1,0.009524,2023-11-18,2023-11-18,1.0,1.0,0.0,0
bf328740-beaf-4110-88d8-d1ca659d9d15,c890f46c-7e63-4c53-900f-65ab74878806,1,0.009524,2023-11-18,2023-11-18,1.0,1.0,0.0,0
bf328740-beaf-4110-88d8-d1ca659d9d15,c9cd225b-4883-428e-82c2-73e0b6282fb6,1,0.009524,2023-11-18,2023-11-18,1.0,0.2,0.0,1
bf328740-beaf-4110-88d8-d1ca659d9d15,feebaecc-1e5b-4b28-b7c5-a70f9fccdced,1,0.009524,2023-11-18,2023-11-18,1.0,1.0,0.0,0
c45d161f-83ce-4464-ba41-44202e6916d9,c890f46c-7e63-4c53-900f-65ab74878806,1,0.009524,2023-11-18,2023-11-18,1.0,1.0,0.0,0
c45d161f-83ce-4464-ba41-44202e6916d9,c9cd225b-4883-428e-82c2-73e0b6282fb6,1,0.009524,2023-11-18,2023-11-18,1.0,0.2,0.0,1
c45d161f-83ce-4464-ba41-44202e6916d9,feebaecc-1e5b-4b28-b7c5-a70f9fccdced,1,0.009524,2023-11-18,2023-11-18,1.0,1.0,0.0,0
c890f46c-7e63-4c53-900f-65ab74878806,c9cd225b-4883-428e-82c2-73e0b6282fb6,1,0.009524,2023-11-18,2023-11-18,1.0,0.2,0.0,1
c890f46c-7e63-4c53-900f-65ab74878806,feebaecc-1e5b-4b28-b7c5-a70f9fccdced,2,0.037302,2023-11-18,2023-11-22,1.0,1.0,0.0,0
c9cd225b-4883-428e-82c2-73e0b6282fb6,feebaecc-1e5b-4b28-b7c5-a70f9fccdced,1,0.009524,2023-11-18,2023-11-18,1.0,0.2,0.0,1
164f0d73-1234-4e2c-8743-d77bf2191051,19ffc3c3-9d92-46ad-b8e1-52c7212fe010,1,0.035714,2023-12-15,2023-12-15,1.0,0.333333,0.0,1
164f0d73-1234-4e2c-8743-d77bf2191051,2baf3276-ed6a-4349-8d2e-f4601e7b2167,1,0.035714,2023-12-15,2023-12-15,0.989304,0.285714,0.0,1
164f0d73-1234-4e2c-8743-d77bf2191051,6d063567-dbf9-4b2a-bd11-1a4450cd93ca,1,0.035714,2023-12-15,2023-12-15,1.0,0.333333,0.0,1
164f0d73-1234-4e2c-8743-d77bf2191051,f58c445b-07ce-459f-a69b-75c9fc6e55dc,3,0.085714,2023-12-15,2024-02-01,1.0,0.333333,0.0,1
19ffc3c3-9d92-46ad-b8e1-52c7212fe010,2baf3276-ed6a-4349-8d2e-f4601e7b2167,1,0.035714,2023-12-15,2023-12-15,1.0,0.166667,0.0,1
19ffc3c3-9d92-46ad-b8e1-52c7212fe010,4d347472-05cd-469f-8b03-864b344d007a,1,0.035714,2023-12-15,2023-12-15,1.0,1.0,0.0,0
19ffc3c3-9d92-46ad-b8e1-52c7212fe010,6d063567-dbf9-4b2a-bd11-1a4450cd93ca,1,0.035714,2023-12-15,2023-12-15,1.0,1.0,0.0,0
19ffc3c3-9d92-46ad-b8e1-52c7212fe010,7bd66c18-cb33-49aa-9279-140acedbdb49,1,0.035714,2023-12-15,2023-12-15,1.0,0.142857,0.0,1
19ffc3c3-9d92-46ad-b8e1-52c7212fe010,c890f46c-7e63-4c53-900f-65ab74878806,1,0.035714,2023-12-15,2023-12-15,1.0,1.0,0.0,0
19ffc3c3-9d92-46ad-b8e1-52c7212fe010,f58c445b-07ce-459f-a69b-75c9fc6e55dc,1,0.035714,2023-12-15,2023-12-15,1.0,1.0,0.0,0
2baf3276-ed6a-4349-8d2e-f4601e7b2167,6d063567-dbf9-4b2a-bd11-1a4450cd93ca,1,0.035714,2023-12-15,2023-12-15,1.0,0.166667,0.0,1
2baf3276-ed6a-4349-8d2e-f4601e7b2167,7bd66c18-cb33-49aa-9279-140acedbdb49,1,0.035714,2023-12-15,2023-12-15,0.989304,0.625,0.0,0
2baf3276-ed6a-4349-8d2e-f4601e7b2167,f58c445b-07ce-459f-a69b-75c9fc6e55dc,1,0.035714,2023-12-15,2023-12-15,0.989304,0.166667,0.0,1
4d347472-05cd-469f-8b03-864b344d007a,6d063567-dbf9-4b2a-bd11-1a4450cd93ca,1,0.035714,2023-12-15,2023-12-15,1.0,1.0,0.0,0
4d347472-05cd-469f-8b03-864b344d007a,f58c445b-07ce-459f-a69b-75c9fc6e55dc,1,0.035714,2023-12-15,2023-12-15,0.989304,1.0,0.0,0
6d063567-dbf9-4b2a-bd11-1a4450cd93ca,7bd66c18-cb33-49aa-9279-140acedbdb49,1,0.035714,2023-12-15,2023-12-15,1.0,0.142857,0.0,1
6d063567-dbf9-4b2a-bd11-1a4450cd93ca,c890f46c-7e63-4c53-900f-65ab74878806,1,0.035714,2023-12-15,2023-12-15,1.0,1.0,0.0,0
6d063567-dbf9-4b2a-bd11-1a4450cd93ca,f58c445b-07ce-459f-a69b-75c9fc6e55dc,1,0.035714,2023-12-15,2023-12-15,1.0,1.0,0.0,0
7bd66c18-cb33-49aa-9279-140acedbdb49,f58c445b-07ce-459f-a69b-75c9fc6e55dc,3,0.085714,2023-12-15,2024-02-01,1.0,0.142857,0.0,1
c890f46c-7e63-4c53-900f-65ab74878806,f58c445b-07ce-459f-a69b-75c9fc6e55dc,1,0.035714,2023-12-15,2023-12-15,0.989304,1.0,0.0,0
164f0d73-1234-4e2c-8743-d77bf2191051,388d5c37-044c-4b8b-b66d-e28a6566a1f3,1,0.027778,2023-12-15,2023-12-15,1.0,0.333333,0.0,1
164f0d73-1234-4e2c-8743-d77bf2191051,45ff73a4-1478-41b7-a71a-ff86f69336c3,1,0.027778,2023-12-15,2023-12-15,1.0,0.333333,0.0,1
164f0d73-1234-4e2c-8743-d77bf2191051,5833aeea-f734-47f0-9fc6-274d9d152b74,1,0.027778,2023-12-15,2023-12-15,1.0,0.333333,0.0,1
164f0d73-1234-4e2c-8743-d77bf2191051,97f523ba-64ce-4d11-a034-45655062c074,1,0.027778,2023-12-15,2023-12-15,1.0,0.333333,0.0,1
164f0d73-1234-4e2c-8743-d77bf2191051,daa09819-5da5-4c7a-8bef-eb372bb27ff1,1,0.027778,2023-12-15,2023-12-15,1.0,0.25,0.0,1
388d5c37-044c-4b8b-b66d-e28a6566a1f3,45ff73a4-1478-41b7-a71a-ff86f69336c3,1,0.027778,2023-12-15,2023-12-15,1.0,1.0,0.0,0
388d5c37-044c-4b8b-b66d-e28a6566a1f3,5833aeea-f734-47f0-9fc6-274d9d152b74,1,0.027778,2023-12-15,2023-12-15,1.0,1.0,0.0,0
388d5c37-044c-4b8b-b66d-e28a6566a1f3,6a9e461c-e3c5-4794-a203-98a15daea2df,1,0.027778,2023-12-15,2023-12-15,1.0,1.0,0.0,0
388d5c37-044c-4b8b-b66d-e28a6566a1f3,7bd66c18-cb33-49aa-9279-140acedbdb49,1,0.027778,2023-12-15,2023-12-15,1.0,0.142857,0.0,1
388d5c37-044c-4b8b-b66d-e28a6566a1f3,97f523ba-64ce-4d11-a034-45655062c074,1,0.027778,2023-12-15,2023-12-15,1.0,1.0,0.0,0
388d5c37-044c-4b8b-b66d-e28a6566a1f3,daa09819-5da5-4c7a-8bef-eb372bb27ff1,1,0.027778,2023-12-15,2023-12-15,1.0,0.083333,0.0,1
388d5c37-044c-4b8b-b66d-e28a6566a1f3,f58c445b-07ce-459f-a69b-75c9fc6e55dc,1,0.027778,2023-12-15,2023-12-15,1.0,1.0,0.0,0
45ff73a4-1478-41b7-a71a-ff86f69336c3,5833aeea-f734-47f0-9fc6-274d9d152b74,1,0.027778,2023-12-15,2023-12-15,1.0,1.0,0.0,0
45ff73a4-1478-41b7-a71a-ff86f69336c3,6a9e461c-e3c5-4794-a203-98a15daea2df,1,0.027778,2023-12-15,2023-12-15,1.0,1.0,0.0,0
45ff73a4-1478-41b7-a71a-ff86f69336c3,7bd66c18-cb33-49aa-9279-140acedbdb49,1,0.027778,2023-12-15,2023-12-15,1.0,0.142857,0.0,1
45ff73a4-1478-41b7-a71a-ff86f69336c3,97f523ba-64ce-4d11-a034-45655062c074,1,0.027778,2023-12-15,2023-12-15,1.0,1.0,0.0,0
45ff73a4-1478-41b7-a71a-ff86f69336c3,daa09819-5da5-4c7a-8bef-eb372bb27ff1,1,0.027778,2023-12-15,2023-12-15,1.0,0.083333,0.0,1
45ff73a4-1478-41b7-a71a-ff86f69336c3,f58c445b-07ce-459f-a69b-75c9fc6e55dc,1,0.027778,2023-12-15,2023-12-15,1.0,1.0,0.0,0
5833aeea-f734-47f0-9fc6-274d9d152b74,6a9e461c-e3c5-4794-a203-98a15daea2df,1,0.027778,2023-12-15,2023-12-15,1.0,1.0,0.0,0
5833aeea-f734-47f0-9fc6-274d9d152b74,7bd66c18-cb33-49aa-9279-140acedbdb49,1,0.027778,2023-12-15,2023-12-15,1.0,0.142857,0.0,1
5833aeea-f734-47f0-9fc6-274d9d152b74,97f523ba-64ce-4d11-a034-45655062c074,1,0.027778,2023-12-15,2023-12-15,1.0,1.0,0.0,0
5833aeea-f734-47f0-9fc6-274d9d152b74,daa09819-5da5-4c7a-8bef-eb372bb27ff1,1,0.027778,2023-12-15,2023-12-15,1.0,0.083333,0.0,1
5833aeea-f734-47f0-9fc6-274d9d152b74,f58c445b-07ce-459f-a69b-75c9fc6e55dc,1,0.027778,2023-12-15,2023-12-15,1.0,1.0,0.0,0
6a9e461c-e3c5-4794-a203-98a15daea2df,97f523ba-64ce-4d11-a034-45655062c074,1,0.027778,2023-12-15,2023-12-15,1.0,1.0,0.0,0
6a9e461c-e3c5-4794-a203-98a15daea2df,daa09819-5da5-4c7a-8bef-eb372bb27ff1,1,0.027778,2023-12-15,2023-12-15,1.0,0.083333,0.0,1
6a9e461c-e3c5-4794-a203-98a15daea2df,f58c445b-07ce-459f-a69b-75c9fc6e55dc,1,0.027778,2023-12-15,2023-12-15,1.0,1.0,0.0,0
7bd66c18-cb33-49aa-9279-140acedbdb49,97f523ba-64ce-4d11-a034-45655062c074,1,0.027778,2023-12-15,2023-12-15,1.0,0.142857,0.0,1
7bd66c18-cb33-49aa-9279-140acedbdb49,daa09819-5da5-4c7a-8bef-eb372bb27ff1,1,0.027778,2023-12-15,2023-12-15,1.0,0.461538,0.0,1
97f523ba-64ce-4d11-a034-45655062c074,daa09819-5da5-4c7a-8bef-eb372bb27ff1,1,0.027778,2023-12-15,2023-12-15,1.0,0.083333,0.0,1
97f523ba-64ce-4d11-a034-45655062c074,f58c445b-07ce-459f-a69b-75c9fc6e55dc,1,0.027778,2023-12-15,2023-12-15,1.0,1.0,0.0,0
daa09819-5da5-4c7a-8bef-eb372bb27ff1,f58c445b-07ce-459f-a69b-75c9fc6e55dc,1,0.027778,2023-12-15,2023-12-15,1.0,0.083333,0.0,1
164f0d73-1234-4e2c-8743-d77bf2191051,3bd2a147-7d1d-4cf6-b13b-1f3ae1246c58,1,0.022222,2024-02-01,2024-02-01,1.0,0.333333,0.0,1
164f0d73-1234-4e2c-8743-d77bf2191051,4a08f237-59f6-476d-a98f-66b19a7470ed,1,0.022222,2024-02-01,2024-02-01,1.0,0.333333,0.0,1
164f0d73-1234-4e2c-8743-d77bf2191051,53e1c16b-d6e4-4086-b3e6-a6fd29ab0321,2,0.030556,2021-01-01,2024-02-01,1.0,0.333333,0.0,1
164f0d73-1234-4e2c-8743-d77bf2191051,63359ba7-51a9-484a-a009-17971ec633e0,1,0.022222,2024-02-01,2024-02-01,1.0,0.333333,0.0,1
164f0d73-1234-4e2c-8743-d77bf2191051,7c9a0847-68ff-4766-b5b8-6adf133fd031,1,0.022222,2024-02-01,2024-02-01,1.0,0.333333,0.0,1
164f0d73-1234-4e2c-8743-d77bf2191051,98d9e162-c149-4629-8793-3c43403fab2f,1,0.022222,2024-02-01,2024-02-01,1.0,0.333333,0.0,1
164f0d73-1234-4e2c-8743-d77bf2191051,a7808382-465f-40f2-9682-e85b5b39b89b,2,0.030556,2021-01-01,2024-02-01,1.0,0.333333,0.0,1
3bd2a147-7d1d-4cf6-b13b-1f3ae1246c58,4a08f237-59f6-476d-a98f-66b19a7470ed,1,0.022222,2024-02-01,2024-02-01,1.0,1.0,0.0,0
3bd2a147-7d1d-4cf6-b13b-1f3ae1246c58,53e1c16b-d6e4-4086-b3e6-a6fd29ab0321,1,0.022222,2024-02-01,2024-02-01,1.0,1.0,0.0,0
3bd2a147-7d1d-4cf6-b13b-1f3ae1246c58,63359ba7-51a9-484a-a009-17971ec633e0,1,0.022222,2024-02-01,2024-02-01,1.0,1.0,0.0,0
3bd2a147-7d1d-4cf6-b13b-1f3ae1246c58,7bd66c18-cb33-49aa-9279-140acedbdb49,1,0.022222,2024-02-01,2024-02-01,1.0,0.142857,0.0,1
3bd2a147-7d1d-4cf6-b13b-1f3ae1246c58,7c9a0847-68ff-4766-b5b8-6adf133fd031,1,0.022222,2024-02-01,2024-02-01,1.0,1.0,0.0,0
3bd2a147-7d1d-4cf6-b13b-1f3ae1246c58,98d9e162-c149-4629-8793-3c43403fab2f,1,0.022222,2024-02-01,2024-02-01,1.0,1.0,0.0,0
3bd2a147-7d1d-4cf6-b13b-1f3ae1246c58,a7808382-465f-40f2-9682-e85b5b39b89b,1,0.022222,2024-02-01,2024-02-01,1.0,1.0,0.0,0
3bd2a147-7d1d-4cf6-b13b-1f3ae1246c58,f58c445b-07ce-459f-a69b-75c9fc6e55dc,1,0.022222,2024-02-01,2024-02-01,1.0,1.0,0.0,0
4a08f237-59f6-476d-a98f-66b19a7470ed,53e1c16b-d6e4-4086-b3e6-a6fd29ab0321,1,0.022222,2024-02-01,2024-02-01,1.0,1.0,0.0,0
4a08f237-59f6-476d-a98f-66b19a7470ed,63359ba7-51a9-484a-a009-17971ec633e0,1,0.022222,2024-02-01,2024-02-01,1.0,1.0,0.0,0
4a08f237-59f6-476d-a98f-66b19a7470ed,7bd66c18-cb33-49aa-9279-140acedbdb49,1,0.022222,2024-02-01,2024-02-01,1.0,0.142857,0.0,1
4a08f237-59f6-476d-a98f-66b19a7470ed,7c9a0847-68ff-4766-b5b8-6adf133fd031,1,0.022222,2024-02-01,2024-02-01,1.0,1.0,0.0,0
4a08f237-59f6-476d-a98f-66b19a7470ed,98d9e162-c149-4629-8793-3c43403fab2f,1,0.022222,2024-02-01,2024-02-01,1.0,1.0,0.0,0
4a08f237-59f6-476d-a98f-66b19a7470ed,a7808382-465f-40f2-9682-e85b5b39b89b,1,0.022222,2024-02-01,2024-02-01,1.0,1.0,0.0,0
4a08f237-59f6-476d-a98f-66b19a7470ed,f58c445b-07ce-459f-a69b-75c9fc6e55dc,1,0.022222,2024-02-01,2024-02-01,1.0,1.0,0.0,0
53e1c16b-d6e4-4086-b3e6-a6fd29ab0321,63359ba7-51a9-484a-a009-17971ec633e0,1,0.022222,2024-02-01,2024-02-01,1.0,1.0,0.0,0
53e1c16b-d6e4-4086-b3e6-a6fd29ab0321,7bd66c18-cb33-49aa-9279-140acedbdb49,1,0.022222,2024-02-01,2024-02-01,1.0,0.142857,0.0,1
53e1c16b-d6e4-4086-b3e6-a6fd29ab0321,7c9a0847-68ff-4766-b5b8-6adf133fd031,1,0.022222,2024-02-01,2024-02-01,1.0,1.0,0.0,0
53e1c16b-d6e4-4086-b3e6-a6fd29ab0321,98d9e162-c149-4629-8793-3c43403fab2f,1,0.022222,2024-02-01,2024-02-01,1.0,1.0,0.0,0
53e1c16b-d6e4-4086-b3e6-a6fd29ab0321,a7808382-465f-40f2-9682-e85b5b39b89b,2,0.030556,2021-01-01,2024-02-01,1.0,1.0,0.0,0
53e1c16b-d6e4-4086-b3e6-a6fd29ab0321,f58c445b-07ce-459f-a69b-75c9fc6e55dc,1,0.022222,2024-02-01,2024-02-01,1.0,1.0,0.0,0
63359ba7-51a9-484a-a009-17971ec633e0,7bd66c18-cb33-49aa-9279-140acedbdb49,1,0.022222,2024-02-01,2024-02-01,1.0,0.142857,0.0,1
63359ba7-51a9-484a-a009-17971ec633e0,7c9a0847-68ff-4766-b5b8-6adf133fd031,1,0.022222,2024-02-01,2024-02-01,1.0,1.0,0.0,0
63359ba7-51a9-484a-a009-17971ec633e0,98d9e162-c149-4629-8793-3c43403fab2f,1,0.022222,2024-02-01,2024-02-01,1.0,1.0,0.0,0
63359ba7-51a9-484a-a009-17971ec633e0,a7808382-465f-40f2-9682-e85b5b39b89b,1,0.022222,2024-02-01,2024-02-01,1.0,1.0,0.0,0
63359ba7-51a9-484a-a009-17971ec633e0,f58c445b-07ce-459f-a69b-75c9fc6e55dc,1,0.022222,2024-02-01,2024-02-01,1.0,1.0,0.0,0
7bd66c18-cb33-49aa-9279-140acedbdb49,7c9a0847-68ff-4766-b5b8-6adf133fd031,1,0.022222,2024-02-01,2024-02-01,1.0,0.142857,0.0,1
7bd66c18-cb33-49aa-9279-140acedbdb49,98d9e162-c149-4629-8793-3c43403fab2f,1,0.022222,2024-02-01,2024-02-01,1.0,0.142857,0.0,1
7bd66c18-cb33-49aa-9279-140acedbdb49,a7808382-465f-40f2-9682-e85b5b39b89b,1,0.022222,2024-02-01,2024-02-01,1.0,0.142857,0.0,1
7c9a0847-68ff-4766-b5b8-6adf133fd031,98d9e162-c149-4629-8793-3c43403fab2f,1,0.022222,2024-02-01,2024-02-01,1.0,1.0,0.0,0
7c9a0847-68ff-4766-b5b8-6adf133fd031,a7808382-465f-40f2-9682-e85b5b39b89b,1,0.022222,2024-02-01,2024-02-01,1.0,1.0,0.0,0
7c9a0847-68ff-4766-b5b8-6adf133fd031,f58c445b-07ce-459f-a69b-75c9fc6e55dc,1,0.022222,2024-02-01,2024-02-01,1.0,1.0,0.0,0
98d9e162-c149-4629-8793-3c43403fab2f,a7808382-465f-40f2-9682-e85b5b39b89b,1,0.022222,2024-02-01,2024-02-01,1.0,1.0,0.0,0
98d9e162-c149-4629-8793-3c43403fab2f,f58c445b-07ce-459f-a69b-75c9fc6e55dc,1,0.022222,2024-02-01,2024-02-01,1.0,1.0,0.0,0
a7808382-465f-40f2-9682-e85b5b39b89b,f58c445b-07ce-459f-a69b-75c9fc6e55dc,1,0.022222,2024-02-01,2024-02-01,1.0,1.0,0.0,0
937389d5-d59e-4233-86d8-dacba3d5270c,b2dba0a6-188c-45d9-86a1-877e131e05ee,1,0.333333,2013-07-09,2013-07-09,1.0,1.0,0.0,0
937389d5-d59e-4233-86d8-dacba3d5270c,cefda6b1-30d8-452d-89bb-c1f5c8dbfa89,1,0.333333,2013-07-09,2013-07-09,1.0,1.0,0.0,0
b2dba0a6-188c-45d9-86a1-877e131e05ee,cefda6b1-30d8-452d-89bb-c1f5c8dbfa89,1,0.333333,2013-07-09,2013-07-09,1.0,1.0,0.0,0
cd689e77-dfdd-4f81-b50c-5e5a3f5e38a4,cefda6b1-30d8-452d-89bb-c1f5c8dbfa89,1,1.0,2013-07-09,2013-07-09,1.0,0.333333,0.0,1
0423fdbb-678d-4210-aab4-600fb3ceb21b,10361de3-1b9f-4da5-854b-4a4dc8a12faf,1,0.066667,2023-01-01,2023-01-01,1.0,0.5,0.0,0
0423fdbb-678d-4210-aab4-600fb3ceb21b,11a76588-288c-4862-bf6b-9a6bb0e735f6,1,0.066667,2023-01-01,2023-01-01,1.0,0.5,0.0,0
0423fdbb-678d-4210-aab4-600fb3ceb21b,4b807f4a-ce62-494b-bb5b-05372d6b0ae9,1,0.066667,2023-01-01,2023-01-01,1.0,1.0,0.0,0
0423fdbb-678d-4210-aab4-600fb3ceb21b,8837b875-3689-4646-b3fd-d8b53815c7a8,1,0.066667,2023-01-01,2023-01-01,1.0,0.4,0.0,1
0423fdbb-678d-4210-aab4-600fb3ceb21b,fca20b9e-aa01-4e10-9908-4a8e8f790d2a,1,0.066667,2023-01-01,2023-01-01,1.0,1.0,0.0,0
10361de3-1b9f-4da5-854b-4a4dc8a12faf,11a76588-288c-4862-bf6b-9a6bb0e735f6,1,0.066667,2023-01-01,2023-01-01,1.0,1.0,0.0,0
10361de3-1b9f-4da5-854b-4a4dc8a12faf,4b807f4a-ce62-494b-bb5b-05372d6b0ae9,1,0.066667,2023-01-01,2023-01-01,1.0,0.5,0.0,0
10361de3-1b9f-4da5-854b-4a4dc8a12faf,8837b875-3689-4646-b3fd-d8b53815c7a8,1,0.066667,2023-01-01,2023-01-01,1.0,0.2,0.0,1
10361de3-1b9f-4da5-854b-4a4dc8a12faf,fca20b9e-aa01-4e10-9908-4a8e8f790d2a,1,0.066667,2023-01-01,2023-01-01,1.0,0.5,0.0,0
11a76588-288c-4862-bf6b-9a6bb0e735f6,4b807f4a-ce62-494b-bb5b-05372d6b0ae9,1,0.066667,2023-01-01,2023-01-01,1.0,0.5,0.0,0
11a76588-288c-4862-bf6b-9a6bb0e735f6,8837b875-3689-4646-b3fd-d8b53815c7a8,1,0.066667,2023-01-01,2023-01-01,1.0,0.2,0.0,1
11a76588-288c-4862-bf6b-9a6bb0e735f6,fca20b9e-aa01-4e10-9908-4a8e8f790d2a,1,0.066667,2023-01-01,2023-01-01,1.0,0.5,0.0,0
4b807f4a-ce62-494b-bb5b-05372d6b0ae9,8837b875-3689-4646-b3fd-d8b53815c7a8,1,0.066667,2023-01-01,2023-01-01,1.0,0.4,0.0,1
4b807f4a-ce62-494b-bb5b-05372d6b0ae9,fca20b9e-aa01-4e10-9908-4a8e8f790d2a,1,0.066667,2023-01-01,2023-01-01,1.0,1.0,0.0,0
8837b875-3689-4646-b3fd-d8b53815c7a8,fca20b9e-aa01-4e10-9908-4a8e8f790d2a,1,0.066667,2023-01-01,2023-01-01,1.0,0.4,0.0,1
72c090b6-a68e-4cb9-b330-85278681a714,9d1ebcfe-4c15-4d18-95d3-d919898638a1,1,1.0,1966-01-01,1966-01-01,1.0,0.666667,0.0,0
41c9a213-7975-48ec-bd82-da16f99aa510,634fe78e-fc6b-4b2a-ba83-c8c66e13a8aa,1,0.333333,1966-01-01,1966-01-01,1.0,0.333333,0.0,1
41c9a213-7975-48ec-bd82-da16f99aa510,f032428d-9454-4044-a83c-9a34cbfa6244,1,0.333333,1966-01-01,1966-01-01,1.0,0.5,0.0,0
634fe78e-fc6b-4b2a-ba83-c8c66e13a8aa,f032428d-9454-4044-a83c-9a34cbfa6244,3,1.5,1966-01-01,1972-01-01,1.0,0.666667,0.0,0
10adbe5e-a2c0-4bf3-8249-2b4cbf6e6ca8,1b0ae75d-8006-4656-9408-8e1b02424ed0,3,0.155556,1990-01-01,1991-01-01,1.0,0.0,1.0,0
10adbe5e-a2c0-4bf3-8249-2b4cbf6e6ca8,25848dee-8562-4a78-b375-3a80b61da629,1,0.066667,1990-01-01,1990-01-01,1.0,0.0,1.0,0
10adbe5e-a2c0-4bf3-8249-2b4cbf6e6ca8,79733f6e-5bfd-4e5d-be56-8fe1cf60df68,5,0.25,1990-01-01,1991-01-01,1.0,0.0,1.0,0
10adbe5e-a2c0-4bf3-8249-2b4cbf6e6ca8,a3796974-68e8-49e1-be25-73ccab990280,5,0.25,1990-01-01,1991-01-01,1.0,0.0,1.0,0
10adbe5e-a2c0-4bf3-8249-2b4cbf6e6ca8,b1439308-b01c-4bff-ab12-5cc6cd47900c,5,0.25,1990-01-01,1991-01-01,1.0,0.0,1.0,0
1b0ae75d-8006-4656-9408-8e1b02424ed0,25848dee-8562-4a78-b375-3a80b61da629,1,0.066667,1990-01-01,1990-01-01,1.0,1.0,1.0,0
1b0ae75d-8006-4656-9408-8e1b02424ed0,79733f6e-5bfd-4e5d-be56-8fe1cf60df68,3,0.155556,1990-01-01,1991-01-01,1.0,1.0,1.0,0
1b0ae75d-8006-4656-9408-8e1b02424ed0,a3796974-68e8-49e1-be25-73ccab990280,3,0.155556,1990-01-01,1991-01-01,1.0,1.0,1.0,0
1b0ae75d-8006-4656-9408-8e1b02424ed0,b1439308-b01c-4bff-ab12-5cc6cd47900c,3,0.155556,1990-01-01,1991-01-01,1.0,1.0,1.0,0
25848dee-8562-4a78-b375-3a80b61da629,79733f6e-5bfd-4e5d-be56-8fe1cf60df68,1,0.066667,1990-01-01,1990-01-01,1.0,1.0,1.0,0
25848dee-8562-4a78-b375-3a80b61da629,a3796974-68e8-49e1-be25-73ccab990280,1,0.066667,1990-01-01,1990-01-01,1.0,1.0,1.0,0
25848dee-8562-4a78-b375-3a80b61da629,b1439308-b01c-4bff-ab12-5cc6cd47900c,1,0.066667,1990-01-01,1990-01-01,1.0,1.0,1.0,0
79733f6e-5bfd-4e5d-be56-8fe1cf60df68,a3796974-68e8-49e1-be25-73ccab990280,7,0.416667,1990-01-01,1994-01-01,1.0,1.0,1.0,0
79733f6e-5bfd-4e5d-be56-8fe1cf60df68,b1439308-b01c-4bff-ab12-5cc6cd47900c,7,0.416667,1990-01-01,1994-01-01,1.0,1.0,1.0,0
a3796974-68e8-49e1-be25-73ccab990280,b1439308-b01c-4bff-ab12-5cc6cd47900c,7,0.416667,1990-01-01,1994-01-01,1.0,1.0,1.0,0
10adbe5e-a2c0-4bf3-8249-2b4cbf6e6ca8,98a309d2-3d86-42ec-a5cc-e7c006a47a36,1,0.066667,1991-01-01,1991-01-01,1.0,0.0,0.0,1
1b0ae75d-8006-4656-9408-8e1b02424ed0,98a309d2-3d86-42ec-a5cc-e7c006a47a36,1,0.066667,1991-01-01,1991-01-01,1.0,1.0,0.0,0
79733f6e-5bfd-4e5d-be56-8fe1cf60df68,98a309d2-3d86-42ec-a5cc-e7c006a47a36,1,0.066667,1991-01-01,1991-01-01,1.0,1.0,0.0,0
98a309d2-3d86-42ec-a5cc-e7c006a47a36,a3796974-68e8-49e1-be25-73ccab990280,1,0.066667,1991-01-01,1991-01-01,1.0,1.0,0.0,0
98a309d2-3d86-42ec-a5cc-e7c006a47a36,b1439308-b01c-4bff-ab12-5cc6cd47900c,1,0.066667,1991-01-01,1991-01-01,1.0,1.0,0.0,0
08212320-efca-4a86-9778-4ee51a12c6eb,10adbe5e-a2c0-4bf3-8249-2b4cbf6e6ca8,1,0.022222,1991-01-01,1991-01-01,1.0,0.0,0.0,1
08212320-efca-4a86-9778-4ee51a12c6eb,1b0ae75d-8006-4656-9408-8e1b02424ed0,1,0.022222,1991-01-01,1991-01-01,1.0,1.0,0.0,0
08212320-efca-4a86-9778-4ee51a12c6eb,526a6127-7f4e-4797-8ae9-927a6e29e2d0,1,0.022222,1991-01-01,1991-01-01,1.0,1.0,0.0,0
08212320-efca-4a86-9778-4ee51a12c6eb,79733f6e-5bfd-4e5d-be56-8fe1cf60df68,1,0.022222,1991-01-01,1991-01-01,1.0,1.0,0.0,0
08212320-efca-4a86-9778-4ee51a12c6eb,901434fc-5ec8-41a1-af59-6ded7de8a9d2,1,0.022222,1991-01-01,1991-01-01,1.0,1.0,0.0,0
08212320-efca-4a86-9778-4ee51a12c6eb,a3796974-68e8-49e1-be25-73ccab990280,1,0.022222,1991-01-01,1991-01-01,1.0,1.0,0.0,0
08212320-efca-4a86-9778-4ee51a12c6eb,abe4416d-616c-4e61-a3be-62ac6d1bdc4e,1,0.022222,1991-01-01,1991-01-01,1.0,1.0,0.0,0
08212320-efca-4a86-9778-4ee51a12c6eb,b1439308-b01c-4bff-ab12-5cc6cd47900c,1,0.022222,1991-01-01,1991-01-01,1.0,1.0,0.0,0
08212320-efca-4a86-9778-4ee51a12c6eb,f1f81989-dfa9-4bd3-805e-dcf3900c43e3,1,0.022222,1991-01-01,1991-01-01,1.0,1.0,0.0,0
10adbe5e-a2c0-4bf3-8249-2b4cbf6e6ca8,526a6127-7f4e-4797-8ae9-927a6e29e2d0,1,0.022222,1991-01-01,1991-01-01,1.0,0.0,0.0,1
10adbe5e-a2c0-4bf3-8249-2b4cbf6e6ca8,901434fc-5ec8-41a1-af59-6ded7de8a9d2,1,0.022222,1991-01-01,1991-01-01,1.0,0.0,0.0,1
10adbe5e-a2c0-4bf3-8249-2b4cbf6e6ca8,abe4416d-616c-4e61-a3be-62ac6d1bdc4e,1,0.022222,1991-01-01,1991-01-01,1.0,0.0,0.0,1
10adbe5e-a2c0-4bf3-8249-2b4cbf6e6ca8,f1f81989-dfa9-4bd3-805e-dcf3900c43e3,1,0.022222,1991-01-01,1991-01-01,1.0,0.0,0.0,1
1b0ae75d-8006-4656-9408-8e1b02424ed0,526a6127-7f4e-4797-8ae9-927a6e29e2d0,1,0.022222,1991-01-01,1991-01-01,1.0,1.0,0.0,0
1b0ae75d-8006-4656-9408-8e1b02424ed0,901434fc-5ec8-41a1-af59-6ded7de8a9d2,1,0.022222,1991-01-01,1991-01-01,1.0,1.0,0.0,0
1b0ae75d-8006-4656-9408-8e1b02424ed0,abe4416d-616c-4e61-a3be-62ac6d1bdc4e,1,0.022222,1991-01-01,1991-01-01,1.0,1.0,0.0,0
1b0ae75d-8006-4656-9408-8e1b02424ed0,f1f81989-dfa9-4bd3-805e-dcf3900c43e3,1,0.022222,1991-01-01,1991-01-01,1.0,1.0,0.0,0
526a6127-7f4e-4797-8ae9-927a6e29e2d0,79733f6e-5bfd-4e5d-be56-8fe1cf60df68,1,0.022222,1991-01-01,1991-01-01,1.0,1.0,0.0,0
526a6127-7f4e-4797-8ae9-927a6e29e2d0,901434fc-5ec8-41a1-af59-6ded7de8a9d2,1,0.022222,1991-01-01,1991-01-01,1.0,1.0,0.0,0
526a6127-7f4e-4797-8ae9-927a6e29e2d0,a3796974-68e8-49e1-be25-73ccab990280,1,0.022222,1991-01-01,1991-01-01,1.0,1.0,0.0,0
526a6127-7f4e-4797-8ae9-927a6e29e2d0,abe4416d-616c-4e61-a3be-62ac6d1bdc4e,1,0.022222,1991-01-01,1991-01-01,1.0,1.0,0.0,0
526a6127-7f4e-4797-8ae9-927a6e29e2d0,b1439308-b01c-4bff-ab12-5cc6cd47900c,1,0.022222,1991-01-01,1991-01-01,1.0,1.0,0.0,0
526a6127-7f4e-4797-8ae9-927a6e29e2d0,f1f81989-dfa9-4bd3-805e-dcf3900c43e3,1,0.022222,1991-01-01,1991-01-01,1.0,1.0,0.0,0
79733f6e-5bfd-4e5d-be56-8fe1cf60df68,901434fc-5ec8-41a1-af59-6ded7de8a9d2,1,0.022222,1991-01-01,1991-01-01,1.0,1.0,0.0,0
79733f6e-5bfd-4e5d-be56-8fe1cf60df68,abe4416d-616c-4e61-a3be-62ac6d1bdc4e,1,0.022222,1991-01-01,1991-01-01,1.0,1.0,0.0,0
79733f6e-5bfd-4e5d-be56-8fe1cf60df68,f1f81989-dfa9-4bd3-805e-dcf3900c43e3,1,0.022222,1991-01-01,1991-01-01,1.0,1.0,0.0,0
901434fc-5ec8-41a1-af59-6ded7de8a9d2,a3796974-68e8-49e1-be25-73ccab990280,1,0.022222,1991-01-01,1991-01-01,1.0,1.0,0.0,0
901434fc-5ec8-41a1-af59-6ded7de8a9d2,abe4416d-616c-4e61-a3be-62ac6d1bdc4e,1,0.022222,1991-01-01,1991-01-01,1.0,1.0,0.0,0
901434fc-5ec8-41a1-af59-6ded7de8a9d2,b1439308-b01c-4bff-ab12-5cc6cd47900c,1,0.022222,1991-01-01,1991-01-01,1.0,1.0,0.0,0
901434fc-5ec8-41a1-af59-6ded7de8a9d2,f1f81989-dfa9-4bd3-805e-dcf3900c43e3,1,0.022222,1991-01-01,1991-01-01,1.0,1.0,0.0,0
a3796974-68e8-49e1-be25-73ccab990280,abe4416d-616c-4e61-a3be-62ac6d1bdc4e,1,0.022222,1991-01-01,1991-01-01,1.0,1.0,0.0,0
a3796974-68e8-49e1-be25-73ccab990280,f1f81989-dfa9-4bd3-805e-dcf3900c43e3,1,0.022222,1991-01-01,1991-01-01,1.0,1.0,0.0,0
abe4416d-616c-4e61-a3be-62ac6d1bdc4e,b1439308-b01c-4bff-ab12-5cc6cd47900c,1,0.022222,1991-01-01,1991-01-01,1.0,1.0,0.0,0
abe4416d-616c-4e61-a3be-62ac6d1bdc4e,f1f81989-dfa9-4bd3-805e-dcf3900c43e3,1,0.022222,1991-01-01,1991-01-01,1.0,1.0,0.0,0
b1439308-b01c-4bff-ab12-5cc6cd47900c,f1f81989-dfa9-4bd3-805e-dcf3900c43e3,1,0.022222,1991-01-01,1991-01-01,1.0,1.0,0.0,0
10adbe5e-a2c0-4bf3-8249-2b4cbf6e6ca8,2027b08d-45b1-4fb5-aa6d-f6ccc4db78e5,1,0.066667,1991-01-01,1991-01-01,1.0,0.0,0.0,1
10adbe5e-a2c0-4bf3-8249-2b4cbf6e6ca8,527c65d1-9fdb-4482-8796-dde2980bd63a,1,0.066667,1991-01-01,1991-01-01,1.0,0.0,0.0,1
2027b08d-45b1-4fb5-aa6d-f6ccc4db78e5,527c65d1-9fdb-4482-8796-dde2980bd63a,1,0.066667,1991-01-01,1991-01-01,1.0,1.0,0.0,0
2027b08d-45b1-4fb5-aa6d-f6ccc4db78e5,79733f6e-5bfd-4e5d-be56-8fe1cf60df68,1,0.066667,1991-01-01,1991-01-01,1.0,1.0,0.0,0
2027b08d-45b1-4fb5-aa6d-f6ccc4db78e5,a3796974-68e8-49e1-be25-73ccab990280,1,0.066667,1991-01-01,1991-01-01,1.0,1.0,0.0,0
2027b08d-45b1-4fb5-aa6d-f6ccc4db78e5,b1439308-b01c-4bff-ab12-5cc6cd47900c,1,0.066667,1991-01-01,1991-01-01,1.0,1.0,0.0,0
527c65d1-9fdb-4482-8796-dde2980bd63a,79733f6e-5bfd-4e5d-be56-8fe1cf60df68,1,0.066667,1991-01-01,1991-01-01,1.0,1.0,0.0,0
527c65d1-9fdb-4482-8796-dde2980bd63a,a3796974-68e8-49e1-be25-73ccab990280,1,0.066667,1991-01-01,1991-01-01,1.0,1.0,0.0,0
527c65d1-9fdb-4482-8796-dde2980bd63a,b1439308-b01c-4bff-ab12-5cc6cd47900c,1,0.066667,1991-01-01,1991-01-01,1.0,1.0,0.0,0
10adbe5e-a2c0-4bf3-8249-2b4cbf6e6ca8,1d4ee3f4-db4a-4359-ac4e-50ce10878b28,1,0.027778,1991-01-01,1991-01-01,1.0,0.0,0.0,1
10adbe5e-a2c0-4bf3-8249-2b4cbf6e6ca8,1df948fc-4e54-4f4f-a294-9310c763a8a3,1,0.027778,1991-01-01,1991-01-01,1.0,0.0,0.0,1
10adbe5e-a2c0-4bf3-8249-2b4cbf6e6ca8,8500ba7b-429b-4d77-b4b4-53efbabb4d39,1,0.027778,1991-01-01,1991-01-01,1.0,0.0,0.0,1
10adbe5e-a2c0-4bf3-8249-2b4cbf6e6ca8,9d22502f-c768-4918-a68d-5080981d4ae9,1,0.027778,1991-01-01,1991-01-01,1.0,0.0,0.0,1
10adbe5e-a2c0-4bf3-8249-2b4cbf6e6ca8,f0874fae-9251-4dc8-9a48-2b71f6502a10,1,0.027778,1991-01-01,1991-01-01,1.0,0.0,0.0,1
1d4ee3f4-db4a-4359-ac4e-50ce10878b28,1df948fc-4e54-4f4f-a294-9310c763a8a3,1,0.027778,1991-01-01,1991-01-01,1.0,1.0,0.0,0
1d4ee3f4-db4a-4359-ac4e-50ce10878b28,79733f6e-5bfd-4e5d-be56-8fe1cf60df68,1,0.027778,1991-01-01,1991-01-01,1.0,1.0,0.0,0
1d4ee3f4-db4a-4359-ac4e-50ce10878b28,8500ba7b-429b-4d77-b4b4-53efbabb4d39,1,0.027778,1991-01-01,1991-01-01,1.0,1.0,0.0,0
1d4ee3f4-db4a-4359-ac4e-50ce10878b28,9d22502f-c768-4918-a68d-5080981d4ae9,1,0.027778,1991-01-01,1991-01-01,1.0,1.0,0.0,0
1d4ee3f4-db4a-4359-ac4e-50ce10878b28,a3796974-68e8-49e1-be25-73ccab990280,1,0.027778,1991-01-01,1991-01-01,1.0,1.0,0.0,0
1d4ee3f4-db4a-4359-ac4e-50ce10878b28,b1439308-b01c-4bff-ab12-5cc6cd47900c,1,0.027778,1991-01-01,1991-01-01,1.0,1.0,0.0,0
1d4ee3f4-db4a-4359-ac4e-50ce10878b28,f0874fae-9251-4dc8-9a48-2b71f6502a10,1,0.027778,1991-01-01,1991-01-01,1.0,1.0,0.0,0
1df948fc-4e54-4f4f-a294-9310c763a8a3,79733f6e-5bfd-4e5d-be56-8fe1cf60df68,1,0.027778,1991-01-01,1991-01-01,1.0,1.0,0.0,0
1df948fc-4e54-4f4f-a294-9310c763a8a3,8500ba7b-429b-4d77-b4b4-53efbabb4d39,1,0.027778,1991-01-01,1991-01-01,1.0,1.0,0.0,0
1df948fc-4e54-4f4f-a294-9310c763a8a3,9d22502f-c768-4918-a68d-5080981d4ae9,1,0.027778,1991-01-01,1991-01-01,1.0,1.0,0.0,0
1df948fc-4e54-4f4f-a294-9310c763a8a3,a3796974-68e8-49e1-be25-73ccab990280,1,0.027778,1991-01-01,1991-01-01,1.0,1.0,0.0,0
1df948fc-4e54-4f4f-a294-9310c763a8a3,b1439308-b01c-4bff-ab12-5cc6cd47900c,1,0.027778,1991-01-01,1991-01-01,1.0,1.0,0.0,0
1df948fc-4e54-4f4f-a294-9310c763a8a3,f0874fae-9251-4dc8-9a48-2b71f6502a10,1,0.027778,1991-01-01,1991-01-01,1.0,1.0,0.0,0
79733f6e-5bfd-4e5d-be56-8fe1cf60df68,8500ba7b-429b-4d77-b4b4-53efbabb4d39,1,0.027778,1991-01-01,1991-01-01,1.0,1.0,0.0,0
79733f6e-5bfd-4e5d-be56-8fe1cf60df68,9d22502f-c768-4918-a68d-5080981d4ae9,1,0.027778,1991-01-01,1991-01-01,1.0,1.0,0.0,0
79733f6e-5bfd-4e5d-be56-8fe1cf60df68,f0874fae-9251-4dc8-9a48-2b71f6502a10,1,0.027778,1991-01-01,1991-01-01,1.0,1.0,0.0,0
8500ba7b-429b-4d77-b4b4-53efbabb4d39,9d22502f-c768-4918-a68d-5080981d4ae9,1,0.027778,1991-01-01,1991-01-01,1.0,1.0,0.0,0
8500ba7b-429b-4d77-b4b4-53efbabb4d39,a3796974-68e8-49e1-be25-73ccab990280,1,0.027778,1991-01-01,1991-01-01,1.0,1.0,0.0,0
8500ba7b-429b-4d77-b4b4-53efbabb4d39,b1439308-b01c-4bff-ab12-5cc6cd47900c,1,0.027778,1991-01-01,1991-01-01,1.0,1.0,0.0,0
8500ba7b-429b-4d77-b4b4-53efbabb4d39,f0874fae-9251-4dc8-9a48-2b71f6502a10,1,0.027778,1991-01-01,1991-01-01,1.0,1.0,0.0,0
9d22502f-c768-4918-a68d-5080981d4ae9,a3796974-68e8-49e1-be25-73ccab990280,1,0.027778,1991-01-01,1991-01-01,1.0,1.0,0.0,0
9d22502f-c768-4918-a68d-5080981d4ae9,b1439308-b01c-4bff-ab12-5cc6cd47900c,1,0.027778,1991-01-01,1991-01-01,1.0,1.0,0.0,0
9d22502f-c768-4918-a68d-5080981d4ae9,f0874fae-9251-4dc8-9a48-2b71f6502a10,1,0.027778,1991-01-01,1991-01-01,1.0,1.0,0.0,0
a3796974-68e8-49e1-be25-73ccab990280,f0874fae-9251-4dc8-9a48-2b71f6502a10,1,0.027778,1991-01-01,1991-01-01,1.0,1.0,0.0,0
b1439308-b01c-4bff-ab12-5cc6cd47900c,f0874fae-9251-4dc8-9a48-2b71f6502a10,1,0.027778,1991-01-01,1991-01-01,1.0,1.0,0.0,0
a0b8cb9e-7532-45fe-a74c-30e7c4009a39,daa09819-5da5-4c7a-8bef-eb372bb27ff1,4,1.833333,1996-01-01,2003-01-01,1.0,0.166667,0.0,1
a0b8cb9e-7532-45fe-a74c-30e7c4009a39,e56aee57-d90e-40cf-a70d-beb70f6f3c69,1,0.166667,1997-01-01,1997-01-01,0.250079,0.25,0.0,1
a0b8cb9e-7532-45fe-a74c-30e7c4009a39,f545eed4-cd4c-40a3-89c0-edf4d195e52e,1,0.166667,1997-01-01,1997-01-01,1.0,0.5,0.0,0
daa09819-5da5-4c7a-8bef-eb372bb27ff1,e56aee57-d90e-40cf-a70d-beb70f6f3c69,1,0.166667,1997-01-01,1997-01-01,0.004987,0.538462,0.0,0
daa09819-5da5-4c7a-8bef-eb372bb27ff1,f545eed4-cd4c-40a3-89c0-edf4d195e52e,1,0.166667,1997-01-01,1997-01-01,1.0,0.083333,0.0,1
e56aee57-d90e-40cf-a70d-beb70f6f3c69,f545eed4-cd4c-40a3-89c0-edf4d195e52e,1,0.166667,1997-01-01,1997-01-01,1.0,0.125,0.0,1
2bf761c6-4bcf-4cfc-a388-8fcb2eea8cc8,3912b016-666b-46f8-a5ec-86806227ba60,1,0.333333,1973-01-01,1973-01-01,1.0,0.333333,0.0,1
2bf761c6-4bcf-4cfc-a388-8fcb2eea8cc8,ee58c59f-8e7f-4430-b8ca-236c4d3745ae,1,0.333333,1973-01-01,1973-01-01,1.0,0.333333,0.0,1
3912b016-666b-46f8-a5ec-86806227ba60,ee58c59f-8e7f-4430-b8ca-236c4d3745ae,1,0.333333,1973-01-01,1973-01-01,1.0,1.0,0.0,0
35fd8d42-b4a6-4414-9827-8766bd0daa3c,c42e60f4-4520-4954-b6e4-82bbdf532c11,1,1.0,2019-03-20,2019-03-20,1.0,0.076923,0.0,1
775a253c-93e9-49fa-a9af-7577fe1c8e99,7d7a5fdd-0d04-4c36-8bee-906feeae239c,1,0.047619,2020-10-23,2020-10-23,1.0,0.333333,0.0,1
775a253c-93e9-49fa-a9af-7577fe1c8e99,aeb6fd9b-6050-43cf-8a8c-6dbcb6ccabfa,1,0.047619,2020-10-23,2020-10-23,1.0,1.0,0.0,0
775a253c-93e9-49fa-a9af-7577fe1c8e99,bc601632-cb0c-4a0f-ba09-8f335ce5ca2f,1,0.047619,2020-10-23,2020-10-23,1.0,1.0,0.0,0
775a253c-93e9-49fa-a9af-7577fe1c8e99,c42e60f4-4520-4954-b6e4-82bbdf532c11,1,0.047619,2020-10-23,2020-10-23,1.0,0.076923,0.0,1
775a253c-93e9-49fa-a9af-7577fe1c8e99,dff1edde-017b-447f-874a-936cecab27a3,1,0.047619,2020-10-23,2020-10-23,1.0,1.0,0.0,0
775a253c-93e9-49fa-a9af-7577fe1c8e99,ff3ccbb8-5308-4685-bcb2-462ec5c66aa4,1,0.047619,2020-10-23,2020-10-23,1.0,1.0,0.0,0
7d7a5fdd-0d04-4c36-8bee-906feeae239c,aeb6fd9b-6050-43cf-8a8c-6dbcb6ccabfa,1,0.047619,2020-10-23,2020-10-23,1.0,0.333333,0.0,1
7d7a5fdd-0d04-4c36-8bee-906feeae239c,bc601632-cb0c-4a0f-ba09-8f335ce5ca2f,1,0.047619,2020-10-23,2020-10-23,1.0,0.333333,0.0,1
7d7a5fdd-0d04-4c36-8bee-906feeae239c,c42e60f4-4520-4954-b6e4-82bbdf532c11,1,0.047619,2020-10-23,2020-10-23,1.0,0.230769,0.0,1
7d7a5fdd-0d04-4c36-8bee-906feeae239c,dff1edde-017b-447f-874a-936cecab27a3,1,0.047619,2020-10-23,2020-10-23,1.0,0.333333,0.0,1
7d7a5fdd-0d04-4c36-8bee-906feeae239c,ff3ccbb8-5308-4685-bcb2-462ec5c66aa4,1,0.047619,2020-10-23,2020-10-23,1.0,0.333333,0.0,1
aeb6fd9b-6050-43cf-8a8c-6dbcb6ccabfa,bc601632-cb0c-4a0f-ba09-8f335ce5ca2f,1,0.047619,2020-10-23,2020-10-23,1.0,1.0,0.0,0
aeb6fd9b-6050-43cf-8a8c-6dbcb6ccabfa,c42e60f4-4520-4954-b6e4-82bbdf532c11,1,0.047619,2020-10-23,2020-10-23,1.0,0.076923,0.0,1
aeb6fd9b-6050-43cf-8a8c-6dbcb6ccabfa,dff1edde-017b-447f-874a-936cecab27a3,1,0.047619,2020-10-23,2020-10-23,1.0,1.0,0.0,0
aeb6fd9b-6050-43cf-8a8c-6dbcb6ccabfa,ff3ccbb8-5308-4685-bcb2-462ec5c66aa4,1,0.047619,2020-10-23,2020-10-23,1.0,1.0,0.0,0
bc601632-cb0c-4a0f-ba09-8f335ce5ca2f,c42e60f4-4520-4954-b6e4-82bbdf532c11,1,0.047619,2020-10-23,2020-10-23,1.0,0.076923,0.0,1
bc601632-cb0c-4a0f-ba09-8f335ce5ca2f,dff1edde-017b-447f-874a-936cecab27a3,1,0.047619,2020-10-23,2020-10-23,1.0,1.0,0.0,0
bc601632-cb0c-4a0f-ba09-8f335ce5ca2f,ff3ccbb8-5308-4685-bcb2-462ec5c66aa4,1,0.047619,2020-10-23,2020-10-23,1.0,1.0,0.0,0
c42e60f4-4520-4954-b6e4-82bbdf532c11,dff1edde-017b-447f-874a-936cecab27a3,1,0.047619,2020-10-23,2020-10-23,1.0,0.076923,0.0,1
c42e60f4-4520-4954-b6e4-82bbdf532c11,ff3ccbb8-5308-4685-bcb2-462ec5c66aa4,1,0.047619,2020-10-23,2020-10-23,1.0,0.076923,0.0,1
dff1edde-017b-447f-874a-936cecab27a3,ff3ccbb8-5308-4685-bcb2-462ec5c66aa4,1,0.047619,2020-10-23,2020-10-23,1.0,1.0,0.0,0
29c28ac3-27c5-4822-8eb6-0af89a3a7240,32f02957-6de6-4663-bf2d-0b3aa0662384,1,0.010989,2021-04-09,2021-04-09,1.0,1.0,0.0,0
29c28ac3-27c5-4822-8eb6-0af89a3a7240,3cd2e1c5-e7ff-4bc8-b281-1e3059d128d6,1,0.010989,2021-04-09,2021-04-09,1.0,1.0,0.0,0
29c28ac3-27c5-4822-8eb6-0af89a3a7240,a2361c7d-ddb6-41c1-a9a0-be09fbbb8d21,1,0.010989,2021-04-09,2021-04-09,1.0,1.0,0.0,0
29c28ac3-27c5-4822-8eb6-0af89a3a7240,a4b84991-4a7b-449f-831e-498ec9bd83a0,1,0.010989,2021-04-09,2021-04-09,1.0,1.0,0.0,0
29c28ac3-27c5-4822-8eb6-0af89a3a7240,c42e60f4-4520-4954-b6e4-82bbdf532c11,1,0.010989,2021-04-09,2021-04-09,1.0,0.076923,0.0,1
29c28ac3-27c5-4822-8eb6-0af89a3a7240,f072fd2b-1ffa-4e54-a4c4-678741234ee2,1,0.010989,2021-04-09,2021-04-09,1.0,1.0,0.0,0
29edaca5-7e7d-4391-b137-ff1c94a4d262,32f02957-6de6-4663-bf2d-0b3aa0662384,1,0.010989,2021-04-09,2021-04-09,1.0,1.0,0.0,0
29edaca5-7e7d-4391-b137-ff1c94a4d262,3cd2e1c5-e7ff-4bc8-b281-1e3059d128d6,1,0.010989,2021-04-09,2021-04-09,1.0,1.0,0.0,0
29edaca5-7e7d-4391-b137-ff1c94a4d262,a2361c7d-ddb6-41c1-a9a0-be09fbbb8d21,1,0.010989,2021-04-09,2021-04-09,1.0,1.0,0.0,0
29edaca5-7e7d-4391-b137-ff1c94a4d262,a4b84991-4a7b-449f-831e-498ec9bd83a0,1,0.010989,2021-04-09,2021-04-09,1.0,1.0,0.0,0
29edaca5-7e7d-4391-b137-ff1c94a4d262,c42e60f4-4520-4954-b6e4-82bbdf532c11,1,0.010989,2021-04-09,2021-04-09,1.0,0.076923,0.0,1
29edaca5-7e7d-4391-b137-ff1c94a4d262,f072fd2b-1ffa-4e54-a4c4-678741234ee2,1,0.010989,2021-04-09,2021-04-09,1.0,1.0,0.0,0
32f02957-6de6-4663-bf2d-0b3aa0662384,3b39abeb-0064-4eed-9ddd-ee47a45c54cb,1,0.010989,2021-04-09,2021-04-09,1.0,1.0,0.0,0
32f02957-6de6-4663-bf2d-0b3aa0662384,3cd2e1c5-e7ff-4bc8-b281-1e3059d128d6,1,0.010989,2021-04-09,2021-04-09,1.0,1.0,0.0,0
32f02957-6de6-4663-bf2d-0b3aa0662384,4e954b02-fae2-4bd7-9547-e055a6ac0527,1,0.010989,2021-04-09,2021-04-09,1.0,1.0,0.0,0
32f02957-6de6-4663-bf2d-0b3aa0662384,550cb78b-4995-4873-baea-76ef265531f5,1,0.010989,2021-04-09,2021-04-09,1.0,1.0,0.0,0
32f02957-6de6-4663-bf2d-0b3aa0662384,94dbfe2e-ca48-4e08-a5a8-e1e74136c63d,1,0.010989,2021-04-09,2021-04-09,1.0,1.0,0.0,0
32f02957-6de6-4663-bf2d-0b3aa0662384,a2361c7d-ddb6-41c1-a9a0-be09fbbb8d21,1,0.010989,2021-04-09,2021-04-09,1.0,1.0,0.0,0
32f02957-6de6-4663-bf2d-0b3aa0662384,a4b84991-4a7b-449f-831e-498ec9bd83a0,1,0.010989,2021-04-09,2021-04-09,1.0,1.0,0.0,0
32f02957-6de6-4663-bf2d-0b3aa0662384,a6b90dc0-e22e-44e1-890b-87900bd9aca6,1,0.010989,2021-04-09,2021-04-09,1.0,1.0,0.0,0
32f02957-6de6-4663-bf2d-0b3aa0662384,c42e60f4-4520-4954-b6e4-82bbdf532c11,1,0.010989,2021-04-09,2021-04-09,1.0,0.076923,0.0,1
32f02957-6de6-4663-bf2d-0b3aa0662384,d50548a0-3cfd-4d7a-964b-0aef6545d819,1,0.010989,2021-04-09,2021-04-09,1.0,1.0,0.0,0
32f02957-6de6-4663-bf2d-0b3aa0662384,f072fd2b-1ffa-4e54-a4c4-678741234ee2,1,0.010989,2021-04-09,2021-04-09,1.0,1.0,0.0,0
3b39abeb-0064-4eed-9ddd-ee47a45c54cb,3cd2e1c5-e7ff-4bc8-b281-1e3059d128d6,1,0.010989,2021-04-09,2021-04-09,1.0,1.0,0.0,0
3b39abeb-0064-4eed-9ddd-ee47a45c54cb,a2361c7d-ddb6-41c1-a9a0-be09fbbb8d21,1,0.010989,2021-04-09,2021-04-09,1.0,1.0,0.0,0
3b39abeb-0064-4eed-9ddd-ee47a45c54cb,a4b84991-4a7b-449f-831e-498ec9bd83a0,1,0.010989,2021-04-09,2021-04-09,1.0,1.0,0.0,0
3b39abeb-0064-4eed-9ddd-ee47a45c54cb,c42e60f4-4520-4954-b6e4-82bbdf532c11,1,0.010989,2021-04-09,2021-04-09,1.0,0.076923,0.0,1
3b39abeb-0064-4eed-9ddd-ee47a45c54cb,f072fd2b-1ffa-4e54-a4c4-678741234ee2,1,0.010989,2021-04-09,2021-04-09,1.0,1.0,0.0,0
3cd2e1c5-e7ff-4bc8-b281-1e3059d128d6,4e954b02-fae2-4bd7-9547-e055a6ac0527,1,0.010989,2021-04-09,2021-04-09,1.0,1.0,0.0,0
3cd2e1c5-e7ff-4bc8-b281-1e3059d128d6,550cb78b-4995-4873-baea-76ef265531f5,1,0.010989,2021-04-09,2021-04-09,1.0,1.0,0.0,0
3cd2e1c5-e7ff-4bc8-b281-1e3059d128d6,94dbfe2e-ca48-4e08-a5a8-e1e74136c63d,1,0.010989,2021-04-09,2021-04-09,1.0,1.0,0.0,0
3cd2e1c5-e7ff-4bc8-b281-1e3059d128d6,a2361c7d-ddb6-41c1-a9a0-be09fbbb8d21,1,0.010989,2021-04-09,2021-04-09,1.0,1.0,0.0,0
3cd2e1c5-e7ff-4bc8-b281-1e3059d128d6,a4b84991-4a7b-449f-831e-498ec9bd83a0,1,0.010989,2021-04-09,2021-04-09,1.0,1.0,0.0,0
3cd2e1c5-e7ff-4bc8-b281-1e3059d128d6,a6b90dc0-e22e-44e1-890b-87900bd9aca6,1,0.010989,2021-04-09,2021-04-09,1.0,1.0,0.0,0
3cd2e1c5-e7ff-4bc8-b281-1e3059d128d6,c42e60f4-4520-4954-b6e4-82bbdf532c11,1,0.010989,2021-04-09,2021-04-09,1.0,0.076923,0.0,1
3cd2e1c5-e7ff-4bc8-b281-1e3059d128d6,d50548a0-3cfd-4d7a-964b-0aef6545d819,1,0.010989,2021-04-09,2021-04-09,1.0,1.0,0.0,0
3cd2e1c5-e7ff-4bc8-b281-1e3059d128d6,f072fd2b-1ffa-4e54-a4c4-678741234ee2,1,0.010989,2021-04-09,2021-04-09,1.0,1.0,0.0,0
4e954b02-fae2-4bd7-9547-e055a6ac0527,a2361c7d-ddb6-41c1-a9a0-be09fbbb8d21,1,0.010989,2021-04-09,2021-04-09,1.0,1.0,0.0,0
4e954b02-fae2-4bd7-9547-e055a6ac0527,a4b84991-4a7b-449f-831e-498ec9bd83a0,1,0.010989,2021-04-09,2021-04-09,1.0,1.0,0.0,0
4e954b02-fae2-4bd7-9547-e055a6ac0527,c42e60f4-4520-4954-b6e4-82bbdf532c11,1,0.010989,2021-04-09,2021-04-09,1.0,0.076923,0.0,1
4e954b02-fae2-4bd7-9547-e055a6ac0527,f072fd2b-1ffa-4e54-a4c4-678741234ee2,1,0.010989,2021-04-09,2021-04-09,1.0,1.0,0.0,0
550cb78b-4995-4873-baea-76ef265531f5,a2361c7d-ddb6-41c1-a9a0-be09fbbb8d21,1,0.010989,2021-04-09,2021-04-09,1.0,1.0,0.0,0
550cb78b-4995-4873-baea-76ef265531f5,a4b84991-4a7b-449f-831e-498ec9bd83a0,1,0.010989,2021-04-09,2021-04-09,1.0,1.0,0.0,0
550cb78b-4995-4873-baea-76ef265531f5,c42e60f4-4520-4954-b6e4-82bbdf532c11,1,0.010989,2021-04-09,2021-04-09,1.0,0.076923,0.0,1
550cb78b-4995-4873-baea-76ef265531f5,f072fd2b-1ffa-4e54-a4c4-678741234ee2,1,0.010989,2021-04-09,2021-04-09,1.0,1.0,0.0,0
94dbfe2e-ca48-4e08-a5a8-e1e74136c63d,a2361c7d-ddb6-41c1-a9a0-be09fbbb8d21,1,0.010989,2021-04-09,2021-04-09,1.0,1.0,0.0,0
94dbfe2e-ca48-4e08-a5a8-e1e74136c63d,a4b84991-4a7b-449f-831e-498ec9bd83a0,1,0.010989,2021-04-09,2021-04-09,1.0,1.0,0.0,0
94dbfe2e-ca48-4e08-a5a8-e1e74136c63d,c42e60f4-4520-4954-b6e4-82bbdf532c11,1,0.010989,2021-04-09,2021-04-09,1.0,0.076923,0.0,1
94dbfe2e-ca48-4e08-a5a8-e1e74136c63d,f072fd2b-1ffa-4e54-a4c4-678741234ee2,1,0.010989,2021-04-09,2021-04-09,1.0,1.0,0.0,0
a2361c7d-ddb6-41c1-a9a0-be09fbbb8d21,a4b84991-4a7b-449f-831e-498ec9bd83a0,1,0.010989,2021-04-09,2021-04-09,1.0,1.0,0.0,0
a2361c7d-ddb6-41c1-a9a0-be09fbbb8d21,a6b90dc0-e22e-44e1-890b-87900bd9aca6,1,0.010989,2021-04-09,2021-04-09,1.0,1.0,0.0,0
a2361c7d-ddb6-41c1-a9a0-be09fbbb8d21,c42e60f4-4520-4954-b6e4-82bbdf532c11,1,0.010989,2021-04-09,2021-04-09,1.0,0.076923,0.0,1
a2361c7d-ddb6-41c1-a9a0-be09fbbb8d21,d50548a0-3cfd-4d7a-964b-0aef6545d819,1,0.010989,2021-04-09,2021-04-09,1.0,1.0,0.0,0
a2361c7d-ddb6-41c1-a9a0-be09fbbb8d21,f072fd2b-1ffa-4e54-a4c4-678741234ee2,1,0.010989,2021-04-09,2021-04-09,1.0,1.0,0.0,0
a4b84991-4a7b-449f-831e-498ec9bd83a0,a6b90dc0-e22e-44e1-890b-87900bd9aca6,1,0.010989,2021-04-09,2021-04-09,1.0,1.0,0.0,0
a4b84991-4a7b-449f-831e-498ec9bd83a0,c42e60f4-4520-4954-b6e4-82bbdf532c11,1,0.010989,2021-04-09,2021-04-09,1.0,0.076923,0.0,1
a4b84991-4a7b-449f-831e-498ec9bd83a0,d50548a0-3cfd-4d7a-964b-0aef6545d819,1,0.010989,2021-04-09,2021-04-09,1.0,1.0,0.0,0
a4b84991-4a7b-449f-831e-498ec9bd83a0,f072fd2b-1ffa-4e54-a4c4-678741234ee2,1,0.010989,2021-04-09,2021-04-09,1.0,1.0,0.0,0
a6b90dc0-e22e-44e1-890b-87900bd9aca6,c42e60f4-4520-4954-b6e4-82bbdf532c11,1,0.010989,2021-04-09,2021-04-09,1.0,0.076923,0.0,1
a6b90dc0-e22e-44e1-890b-87900bd9aca6,f072fd2b-1ffa-4e54-a4c4-678741234ee2,1,0.010989,2021-04-09,2021-04-09,1.0,1.0,0.0,0
c42e60f4-4520-4954-b6e4-82bbdf532c11,d50548a0-3cfd-4d7a-964b-0aef6545d819,1,0.010989,2021-04-09,2021-04-09,1.0,0.076923,0.0,1
c42e60f4-4520-4954-b6e4-82bbdf532c11,f072fd2b-1ffa-4e54-a4c4-678741234ee2,1,0.010989,2021-04-09,2021-04-09,1.0,0.076923,0.0,1
d50548a0-3cfd-4d7a-964b-0aef6545d819,f072fd2b-1ffa-4e54-a4c4-678741234ee2,1,0.010989,2021-04-09,2021-04-09,1.0,1.0,0.0,0
197b70c7-8910-4030-ad03-632d82aa40e3,23273a24-72ac-45ea-b7ad-7fd486b7eae2,1,1.0,1984-01-01,1984-01-01,1.0,0.333333,1.0,0
64b94289-9474-4d43-8c93-918ccc1920d1,cfbc0924-0035-4d6c-8197-f024653af823,1,1.0,1976-01-01,1976-01-01,0.793324,0.583333,0.0,0
00136dd9-1047-4999-af1f-d709c5fa09f9,301b45a4-b8b9-410e-8344-4b4eaf96691a,2,0.095238,2016-01-01,2017-01-01,0.793826,0.111111,0.0,1
00136dd9-1047-4999-af1f-d709c5fa09f9,31445b1e-96f3-4c7f-84ec-dd02e647e690,1,0.047619,2016-01-01,2016-01-01,0.629761,1.0,0.0,0
03180405-1b26-42dc-80da-7e50fbb4c936,301b45a4-b8b9-410e-8344-4b4eaf96691a,2,0.095238,2016-01-01,2017-01-01,0.793826,0.111111,0.0,1
03180405-1b26-42dc-80da-7e50fbb4c936,31445b1e-96f3-4c7f-84ec-dd02e647e690,1,0.047619,2016-01-01,2016-01-01,0.629761,1.0,0.0,0
301b45a4-b8b9-410e-8344-4b4eaf96691a,31445b1e-96f3-4c7f-84ec-dd02e647e690,1,0.047619,2016-01-01,2016-01-01,0.629761,0.111111,0.0,1
301b45a4-b8b9-410e-8344-4b4eaf96691a,7b14eedd-89d1-4df5-b38d-5260b759c5df,2,0.095238,2016-01-01,2017-01-01,1.0,0.111111,0.0,1
301b45a4-b8b9-410e-8344-4b4eaf96691a,c0367e31-dc3a-4f5e-9d24-0e3af39a8704,2,0.095238,2016-01-01,2017-01-01,0.793826,0.111111,0.0,1
301b45a4-b8b9-410e-8344-4b4eaf96691a,e0140a67-e4d1-4f13-8a01-364355bee46e,1,0.047619,2016-01-01,2016-01-01,0.629761,0.636364,0.0,0
31445b1e-96f3-4c7f-84ec-dd02e647e690,7b14eedd-89d1-4df5-b38d-5260b759c5df,1,0.047619,2016-01-01,2016-01-01,0.793324,1.0,0.0,0
31445b1e-96f3-4c7f-84ec-dd02e647e690,c0367e31-dc3a-4f5e-9d24-0e3af39a8704,1,0.047619,2016-01-01,2016-01-01,0.629761,1.0,0.0,0
31445b1e-96f3-4c7f-84ec-dd02e647e690,e0140a67-e4d1-4f13-8a01-364355bee46e,1,0.047619,2016-01-01,2016-01-01,0.629761,0.111111,0.0,1
7b14eedd-89d1-4df5-b38d-5260b759c5df,e0140a67-e4d1-4f13-8a01-364355bee46e,1,0.047619,2016-01-01,2016-01-01,0.793324,0.111111,0.0,1
00136dd9-1047-4999-af1f-d709c5fa09f9,e4bc69e2-a064-4f93-ada1-f7f209cc1cc3,1,0.047619,2017-01-01,2017-01-01,0.39685,0.142857,0.5,0
00136dd9-1047-4999-af1f-d709c5fa09f9,f2dc8be4-c4bb-41f7-b2fe-7220902d804e,1,0.047619,2017-01-01,2017-01-01,1.0,1.0,0.0,0
03180405-1b26-42dc-80da-7e50fbb4c936,e4bc69e2-a064-4f93-ada1-f7f209cc1cc3,1,0.047619,2017-01-01,2017-01-01,0.39685,0.142857,0.5,0
03180405-1b26-42dc-80da-7e50fbb4c936,f2dc8be4-c4bb-41f7-b2fe-7220902d804e,1,0.047619,2017-01-01,2017-01-01,1.0,1.0,0.0,0
301b45a4-b8b9-410e-8344-4b4eaf96691a,e4bc69e2-a064-4f93-ada1-f7f209cc1cc3,1,0.047619,2017-01-01,2017-01-01,0.793826,0.454545,0.0,1
301b45a4-b8b9-410e-8344-4b4eaf96691a,f2dc8be4-c4bb-41f7-b2fe-7220902d804e,1,0.047619,2017-01-01,2017-01-01,1.0,0.111111,0.0,1
7b14eedd-89d1-4df5-b38d-5260b759c5df,e4bc69e2-a064-4f93-ada1-f7f209cc1cc3,1,0.047619,2017-01-01,2017-01-01,1.0,0.142857,0.5,0
7b14eedd-89d1-4df5-b38d-5260b759c5df,f2dc8be4-c4bb-41f7-b2fe-7220902d804e,1,0.047619,2017-01-01,2017-01-01,1.0,1.0,0.0,0
c0367e31-dc3a-4f5e-9d24-0e3af39a8704,e4bc69e2-a064-4f93-ada1-f7f209cc1cc3,1,0.047619,2017-01-01,2017-01-01,0.39685,0.142857,0.5,0
c0367e31-dc3a-4f5e-9d24-0e3af39a8704,f2dc8be4-c4bb-41f7-b2fe-7220902d804e,1,0.047619,2017-01-01,2017-01-01,1.0,1.0,0.0,0
e4bc69e2-a064-4f93-ada1-f7f209cc1cc3,f2dc8be4-c4bb-41f7-b2fe-7220902d804e,1,0.047619,2017-01-01,2017-01-01,1.0,0.142857,0.0,1
28737730-ec70-4da5-89c5-77ac13c5c34d,301b45a4-b8b9-410e-8344-4b4eaf96691a,1,1.0,2017-01-01,2017-01-01,1.0,0.111111,0.0,1
246e0381-558e-4529-b124-b5a14c340eb4,301b45a4-b8b9-410e-8344-4b4eaf96691a,1,1.0,2018-01-01,2018-01-01,1.0,0.111111,0.0,1
301b45a4-b8b9-410e-8344-4b4eaf96691a,7d5dfdc7-6f95-498f-9b60-87f0319867e0,1,0.333333,2018-01-01,2018-01-01,1.0,0.111111,0.0,1
301b45a4-b8b9-410e-8344-4b4eaf96691a,e3d5b5ec-101a-4529-9f2d-01dca64cf44e,1,0.333333,2018-01-01,2018-01-01,1.0,0.111111,0.0,1
7d5dfdc7-6f95-498f-9b60-87f0319867e0,e3d5b5ec-101a-4529-9f2d-01dca64cf44e,1,0.333333,2018-01-01,2018-01-01,1.0,1.0,0.0,0
24e1b53c-3085-4581-8472-0b0088d2508c,f0bec136-82e8-4fcb-8172-421d9c542d09,2,2.0,1982-01-01,1982-01-01,1.0,0.0,0.0,1
24e1b53c-3085-4581-8472-0b0088d2508c,50698127-f6f4-4c0c-8010-db98c21100e1,1,1.0,1984-01-01,1984-01-01,1.0,0.0,0.0,1
044fd265-79dd-43eb-afc4-8b20becf7e17,a54d9cd2-1359-4ea3-98a1-fe068fc66814,1,1.0,1976-01-01,1976-01-01,1.0,0.333333,1.0,0
561d854a-6a28-4aa7-8c99-323e6ce46c2a,9efff43b-3b29-4082-824e-bc82f646f93d,1,1.0,1959-01-01,1959-01-01,1.0,0.142857,1.0,0
02861daf-f923-49fb-90e3-3ec44a600433,6dee6b6f-aa72-424c-9c8c-0d31ba5ff673,1,0.333333,1955-01-01,1955-01-01,1.0,0.142857,1.0,0
02861daf-f923-49fb-90e3-3ec44a600433,fe27eaad-5cce-4d3f-bcee-a55cb05779bd,1,0.333333,1955-01-01,1955-01-01,1.0,0.0,1.0,0
6dee6b6f-aa72-424c-9c8c-0d31ba5ff673,fe27eaad-5cce-4d3f-bcee-a55cb05779bd,1,0.333333,1955-01-01,1955-01-01,1.0,0.142857,1.0,0
c7740223-c657-4b0a-a0a4-b8349169e760,dccc5ea0-5de4-4bd6-b665-d0e837bfb7e6,1,1.0,1928-01-01,1928-01-01,1.0,0.4,0.0,1
18fdc296-87c6-4b2b-91f0-5039f0651912,afdb7919-059d-43c1-b668-ba1d265e7e42,1,1.0,1942-01-01,1942-01-01,1.0,0.222222,0.666667,0
1e4e9db7-5068-4a9c-bdd0-5777e47172c8,372304d0-5e6a-4030-bc2b-09bdb0ee8abb,1,0.066667,2014-01-01,2014-01-01,1.0,0.3,1.0,0
1e4e9db7-5068-4a9c-bdd0-5777e47172c8,5150857e-0139-49bf-9aae-3314b4db7a37,1,0.066667,2014-01-01,2014-01-01,1.0,0.1,1.0,0
1e4e9db7-5068-4a9c-bdd0-5777e47172c8,5a85c140-dcf9-4dd2-b2c8-aff0471549f3,1,0.066667,2014-01-01,2014-01-01,1.0,0.272727,1.0,0
1e4e9db7-5068-4a9c-bdd0-5777e47172c8,5ca3f318-d028-4151-ac73-78e2b2d6cdcc,1,0.066667,2014-01-01,2014-01-01,1.0,0.1,1.0,0
1e4e9db7-5068-4a9c-bdd0-5777e47172c8,b4b4c19f-021f-4d3c-b11a-911d4c95cd1b,1,0.066667,2014-01-01,2014-01-01,1.0,0.1,1.0,0
372304d0-5e6a-4030-bc2b-09bdb0ee8abb,5150857e-0139-49bf-9aae-3314b4db7a37,1,0.066667,2014-01-01,2014-01-01,1.0,0.333333,1.0,0
372304d0-5e6a-4030-bc2b-09bdb0ee8abb,5a85c140-dcf9-4dd2-b2c8-aff0471549f3,1,0.066667,2014-01-01,2014-01-01,1.0,0.166667,1.0,0
372304d0-5e6a-4030-bc2b-09bdb0ee8abb,5ca3f318-d028-4151-ac73-78e2b2d6cdcc,2,0.233333,1989-01-01,2014-01-01,1.0,0.333333,1.0,0
372304d0-5e6a-4030-bc2b-09bdb0ee8abb,b4b4c19f-021f-4d3c-b11a-911d4c95cd1b,1,0.066667,2014-01-01,2014-01-01,1.0,0.333333,1.0,0
5150857e-0139-49bf-9aae-3314b4db7a37,5a85c140-dcf9-4dd2-b2c8-aff0471549f3,1,0.066667,2014-01-01,2014-01-01,1.0,0.25,1.0,0
5150857e-0139-49bf-9aae-3314b4db7a37,5ca3f318-d028-4151-ac73-78e2b2d6cdcc,1,0.066667,2014-01-01,2014-01-01,1.0,1.0,1.0,0
5150857e-0139-49bf-9aae-3314b4db7a37,b4b4c19f-021f-4d3c-b11a-911d4c95cd1b,1,0.066667,2014-01-01,2014-01-01,1.0,1.0,1.0,0
5a85c140-dcf9-4dd2-b2c8-aff0471549f3,5ca3f318-d028-4151-ac73-78e2b2d6cdcc,1,0.066667,2014-01-01,2014-01-01,1.0,0.25,1.0,0
5a85c140-dcf9-4dd2-b2c8-aff0471549f3,b4b4c19f-021f-4d3c-b11a-911d4c95cd1b,1,0.066667,2014-01-01,2014-01-01,1.0,0.25,1.0,0
5ca3f318-d028-4151-ac73-78e2b2d6cdcc,b4b4c19f-021f-4d3c-b11a-911d4c95cd1b,1,0.066667,2014-01-01,2014-01-01,1.0,1.0,1.0,0
1e4e9db7-5068-4a9c-bdd0-5777e47172c8,d6f3c7d7-3c95-4bf6-8647-0efeec36d704,1,1.0,2014-07-29,2014-07-29,1.0,0.1,0.0,1
1e4e9db7-5068-4a9c-bdd0-5777e47172c8,6230a686-dd04-469f-937a-f30095e58fed,1,0.333333,2014-08-06,2014-08-06,1.0,0.1,0.0,1
1e4e9db7-5068-4a9c-bdd0-5777e47172c8,f7625f34-1799-42a4-a1c6-22b5377c767b,1,0.333333,2014-08-06,2014-08-06,1.0,0.1,0.0,1
6230a686-dd04-469f-937a-f30095e58fed,f7625f34-1799-42a4-a1c6-22b5377c767b,1,0.333333,2014-08-06,2014-08-06,1.0,1.0,0.0,0
9167f739-da47-4495-9d63-9c13b40114ac,b904d624-9e05-4398-8f4f-88fbcf022f79,1,1.0,1973-01-01,1973-01-01,1.0,0.0,0.0,1
5441c29d-3602-4898-b1a1-b77fa23b8e50,aa7a2827-f74b-473c-bd79-03d065835cf7,1,1.0,1977-01-01,1977-01-01,1.0,0.5,0.0,0
0211be88-dc0f-4002-a1de-4001bb359d51,d011c23d-e8e4-4b7b-90c8-63e26ee0bada,1,0.333333,1994-01-01,1994-01-01,1.0,0.0,0.0,1
0211be88-dc0f-4002-a1de-4001bb359d51,e6e879c0-3d56-4f12-b3c5-3ce459661a8e,1,0.333333,1994-01-01,1994-01-01,1.0,0.222222,0.0,1
d011c23d-e8e4-4b7b-90c8-63e26ee0bada,e6e879c0-3d56-4f12-b3c5-3ce459661a8e,1,0.333333,1994-01-01,1994-01-01,1.0,0.125,0.0,1
346448f5-25a0-4f78-bbd6-acc0205f7513,a383f062-e527-4a57-98b0-9205b2f8f171,1,0.333333,1980-01-01,1980-01-01,1.0,0.5,0.0,0
346448f5-25a0-4f78-bbd6-acc0205f7513,e49f69da-17d5-4c5c-bac0-dadcb0e588f5,1,0.333333,1980-01-01,1980-01-01,1.0,0.5,0.0,0
a383f062-e527-4a57-98b0-9205b2f8f171,e49f69da-17d5-4c5c-bac0-dadcb0e588f5,1,0.333333,1980-01-01,1980-01-01,1.0,1.0,0.0,0
37e892e8-b7df-4a03-af0f-ae61903735fa,cefda6b1-30d8-452d-89bb-c1f5c8dbfa89,1,1.0,2013-07-09,2013-07-09,1.0,1.0,0.0,0
72c536dc-7137-4477-a521-567eeb840fa8,7dc8f5bd-9d0b-4087-9f73-dc164950bbd8,1,1.0,1965-01-01,1965-01-01,1.0,0.181818,0.0,1
38dd6337-19ae-4793-ab4b-313eff523457,43b896c5-5652-4b04-bde1-2e4224bc99b3,1,0.333333,1984-01-01,1984-01-01,0.793324,0.0,0.0,1
38dd6337-19ae-4793-ab4b-313eff523457,90df1c5c-0c89-44cd-8552-0273007dfd27,1,0.333333,1984-01-01,1984-01-01,1.0,0.5,0.0,0
43b896c5-5652-4b04-bde1-2e4224bc99b3,90df1c5c-0c89-44cd-8552-0273007dfd27,1,0.333333,1984-01-01,1984-01-01,1.0,0.0,0.375,1
43b896c5-5652-4b04-bde1-2e4224bc99b3,7d1a1624-784b-4f89-8ff9-b9b493cd059d,1,1.0,1985-01-01,1985-01-01,1.0,0.0,0.0,1
75a72702-a5ef-4513-bca5-c5b944903546,9be7f096-97ec-4615-8957-8d40b5dcbc41,1,1.0,1945-05-01,1945-05-01,1.0,0.25,0.4,1
01809552-4f87-45b0-afff-2c6f0730a3be,2054c4db-4d37-4748-a355-de7ee7a6d6fa,1,1.0,1948-01-01,1948-01-01,1.0,0.2,0.333333,1
34bfcd5d-a76d-4b31-8022-b5ac04d5801b,b2d122f9-eadb-4930-a196-8f221eeb0c66,1,0.166667,1978-01-01,1978-01-01,1.0,0.142857,0.0,1
34bfcd5d-a76d-4b31-8022-b5ac04d5801b,da3f4766-628e-4da3-a871-014728993157,1,0.166667,1978-01-01,1978-01-01,1.0,0.5,0.0,0
34bfcd5d-a76d-4b31-8022-b5ac04d5801b,e47b4862-a587-488f-b7a7-bd329726693d,1,0.166667,1978-01-01,1978-01-01,1.0,0.0,0.0,1
b2d122f9-eadb-4930-a196-8f221eeb0c66,da3f4766-628e-4da3-a871-014728993157,1,0.166667,1978-01-01,1978-01-01,1.0,0.285714,0.0,1
b2d122f9-eadb-4930-a196-8f221eeb0c66,e47b4862-a587-488f-b7a7-bd329726693d,1,0.166667,1978-01-01,1978-01-01,1.0,0.142857,0.0,1
da3f4766-628e-4da3-a871-014728993157,e47b4862-a587-488f-b7a7-bd329726693d,1,0.166667,1978-01-01,1978-01-01,1.0,0.5,0.0,0
149f91ef-1287-46da-9a8e-87fee02f1471,5bdeb32d-56a5-4b6d-a768-264101fa0a0a,1,0.1,2013-01-01,2013-01-01,0.31503,0.538462,0.166667,0
149f91ef-1287-46da-9a8e-87fee02f1471,afdb7919-059d-43c1-b668-ba1d265e7e42,1,0.1,2013-01-01,2013-01-01,0.548638,0.571429,0.166667,0
149f91ef-1287-46da-9a8e-87fee02f1471,ddfd9b2f-186e-4b2c-ad09-01aa5380c225,1,0.1,2013-01-01,2013-01-01,1.0,0.076923,0.090909,1
149f91ef-1287-46da-9a8e-87fee02f1471,f7ba7fbe-c6bd-4ac0-bee9-c25c558d7d62,1,0.1,2013-01-01,2013-01-01,1.0,0.153846,0.090909,1
5bdeb32d-56a5-4b6d-a768-264101fa0a0a,afdb7919-059d-43c1-b668-ba1d265e7e42,1,0.1,2013-01-01,2013-01-01,0.548638,0.6,0.2,0
5bdeb32d-56a5-4b6d-a768-264101fa0a0a,ddfd9b2f-186e-4b2c-ad09-01aa5380c225,1,0.1,2013-01-01,2013-01-01,1.0,0.142857,0.333333,1
5bdeb32d-56a5-4b6d-a768-264101fa0a0a,f7ba7fbe-c6bd-4ac0-bee9-c25c558d7d62,1,0.1,2013-01-01,2013-01-01,1.0,0.285714,0.333333,1
afdb7919-059d-43c1-b668-ba1d265e7e42,ddfd9b2f-186e-4b2c-ad09-01aa5380c225,1,0.1,2013-01-01,2013-01-01,1.0,0.111111,0.333333,1
afdb7919-059d-43c1-b668-ba1d265e7e42,f7ba7fbe-c6bd-4ac0-bee9-c25c558d7d62,1,0.1,2013-01-01,2013-01-01,1.0,0.222222,0.333333,1
ddfd9b2f-186e-4b2c-ad09-01aa5380c225,f7ba7fbe-c6bd-4ac0-bee9-c25c558d7d62,1,0.1,2013-01-01,2013-01-01,1.0,0.5,1.0,0
0d198fa9-490a-4a71-ac56-e7ee37888396,11e9104f-ad49-4e33-bc7f-6b98862f256a,1,0.012821,2013-01-01,2013-01-01,1.0,1.0,0.0,0
0d198fa9-490a-4a71-ac56-e7ee37888396,47ab22b9-95cb-4920-aa54-7756113e69f7,1,0.012821,2013-01-01,2013-01-01,1.0,1.0,0.0,0
0d198fa9-490a-4a71-ac56-e7ee37888396,5508631d-697f-4839-a669-06637e5bcb90,1,0.012821,2013-01-01,2013-01-01,1.0,1.0,0.0,0
0d198fa9-490a-4a71-ac56-e7ee37888396,5bdeb32d-56a5-4b6d-a768-264101fa0a0a,1,0.012821,2013-01-01,2013-01-01,0.31503,0.142857,0.0,1
0d198fa9-490a-4a71-ac56-e7ee37888396,5e366045-3176-4e42-bc2f-272b319093a5,1,0.012821,2013-01-01,2013-01-01,1.0,1.0,0.0,0
0d198fa9-490a-4a71-ac56-e7ee37888396,68430e36-5f32-4e6a-b89c-cef750c9703e,1,0.012821,2013-01-01,2013-01-01,1.0,1.0,0.0,0
0d198fa9-490a-4a71-ac56-e7ee37888396,7782d2b8-146e-4eb9-9e1c-6e59b855bcbc,1,0.012821,2013-01-01,2013-01-01,1.0,1.0,0.0,0
0d198fa9-490a-4a71-ac56-e7ee37888396,80fad44a-1a49-4e63-84c0-9f0ceb7fb203,1,0.012821,2013-01-01,2013-01-01,1.0,1.0,0.0,0
0d198fa9-490a-4a71-ac56-e7ee37888396,913b6dab-7bda-43d2-80df-254eebb5314e,1,0.012821,2013-01-01,2013-01-01,1.0,1.0,0.0,0
0d198fa9-490a-4a71-ac56-e7ee37888396,b46914b9-6289-4f86-ad0f-34147e680d21,1,0.012821,2013-01-01,2013-01-01,1.0,1.0,0.0,0
0d198fa9-490a-4a71-ac56-e7ee37888396,de24d412-21f9-42c0-9f46-f73abe7edad6,1,0.012821,2013-01-01,2013-01-01,1.0,1.0,0.0,0
0d198fa9-490a-4a71-ac56-e7ee37888396,ec3e1298-23c5-4c39-bb2b-ae6a588afdeb,1,0.012821,2013-01-01,2013-01-01,1.0,1.0,0.0,0
11e9104f-ad49-4e33-bc7f-6b98862f256a,47ab22b9-95cb-4920-aa54-7756113e69f7,1,0.012821,2013-01-01,2013-01-01,1.0,1.0,0.0,0
11e9104f-ad49-4e33-bc7f-6b98862f256a,5508631d-697f-4839-a669-06637e5bcb90,1,0.012821,2013-01-01,2013-01-01,1.0,1.0,0.0,0
11e9104f-ad49-4e33-bc7f-6b98862f256a,5bdeb32d-56a5-4b6d-a768-264101fa0a0a,1,0.012821,2013-01-01,2013-01-01,1.0,0.142857,0.0,1
11e9104f-ad49-4e33-bc7f-6b98862f256a,5e366045-3176-4e42-bc2f-272b319093a5,1,0.012821,2013-01-01,2013-01-01,1.0,1.0,0.0,0
11e9104f-ad49-4e33-bc7f-6b98862f256a,68430e36-5f32-4e6a-b89c-cef750c9703e,1,0.012821,2013-01-01,2013-01-01,1.0,1.0,0.0,0
11e9104f-ad49-4e33-bc7f-6b98862f256a,7782d2b8-146e-4eb9-9e1c-6e59b855bcbc,1,0.012821,2013-01-01,2013-01-01,1.0,1.0,0.0,0
11e9104f-ad49-4e33-bc7f-6b98862f256a,80fad44a-1a49-4e63-84c0-9f0ceb7fb203,1,0.012821,2013-01-01,2013-01-01,1.0,1.0,0.0,0
11e9104f-ad49-4e33-bc7f-6b98862f256a,913b6dab-7bda-43d2-80df-254eebb5314e,1,0.012821,2013-01-01,2013-01-01,1.0,1.0,0.0,0
11e9104f-ad49-4e33-bc7f-6b98862f256a,b46914b9-6289-4f86-ad0f-34147e680d21,1,0.012821,2013-01-01,2013-01-01,1.0,1.0,0.0,0
11e9104f-ad49-4e33-bc7f-6b98862f256a,de24d412-21f9-42c0-9f46-f73abe7edad6,1,0.012821,2013-01-01,2013-01-01,1.0,1.0,0.0,0
11e9104f-ad49-4e33-bc7f-6b98862f256a,ec3e1298-23c5-4c39-bb2b-ae6a588afdeb,1,0.012821,2013-01-01,2013-01-01,1.0,1.0,0.0,0
47ab22b9-95cb-4920-aa54-7756113e69f7,5508631d-697f-4839-a669-06637e5bcb90,1,0.012821,2013-01-01,2013-01-01,1.0,1.0,0.0,0
47ab22b9-95cb-4920-aa54-7756113e69f7,5bdeb32d-56a5-4b6d-a768-264101fa0a0a,1,0.012821,2013-01-01,2013-01-01,1.0,0.142857,0.0,1
47ab22b9-95cb-4920-aa54-7756113e69f7,5e366045-3176-4e42-bc2f-272b319093a5,1,0.012821,2013-01-01,2013-01-01,1.0,1.0,0.0,0
47ab22b9-95cb-4920-aa54-7756113e69f7,68430e36-5f32-4e6a-b89c-cef750c9703e,1,0.012821,2013-01-01,2013-01-01,1.0,1.0,0.0,0
47ab22b9-95cb-4920-aa54-7756113e69f7,7782d2b8-146e-4eb9-9e1c-6e59b855bcbc,1,0.012821,2013-01-01,2013-01-01,1.0,1.0,0.0,0
47ab22b9-95cb-4920-aa54-7756113e69f7,80fad44a-1a49-4e63-84c0-9f0ceb7fb203,1,0.012821,2013-01-01,2013-01-01,1.0,1.0,0.0,0
47ab22b9-95cb-4920-aa54-7756113e69f7,913b6dab-7bda-43d2-80df-254eebb5314e,1,0.012821,2013-01-01,2013-01-01,1.0,1.0,0.0,0
47ab22b9-95cb-4920-aa54-7756113e69f7,b46914b9-6289-4f86-ad0f-34147e680d21,1,0.012821,2013-01-01,2013-01-01,1.0,1.0,0.0,0
47ab22b9-95cb-4920-aa54-7756113e69f7,de24d412-21f9-42c0-9f46-f73abe7edad6,1,0.012821,2013-01-01,2013-01-01,1.0,1.0,0.0,0
47ab22b9-95cb-4920-aa54-7756113e69f7,ec3e1298-23c5-4c39-bb2b-ae6a588afdeb,1,0.012821,2013-01-01,2013-01-01,1.0,1.0,0.0,0
5508631d-697f-4839-a669-06637e5bcb90,5bdeb32d-56a5-4b6d-a768-264101fa0a0a,1,0.012821,2013-01-01,2013-01-01,1.0,0.142857,0.0,1
5508631d-697f-4839-a669-06637e5bcb90,5e366045-3176-4e42-bc2f-272b319093a5,1,0.012821,2013-01-01,2013-01-01,1.0,1.0,0.0,0
5508631d-697f-4839-a669-06637e5bcb90,68430e36-5f32-4e6a-b89c-cef750c9703e,1,0.012821,2013-01-01,2013-01-01,1.0,1.0,0.0,0
5508631d-697f-4839-a669-06637e5bcb90,7782d2b8-146e-4eb9-9e1c-6e59b855bcbc,1,0.012821,2013-01-01,2013-01-01,1.0,1.0,0.0,0
5508631d-697f-4839-a669-06637e5bcb90,80fad44a-1a49-4e63-84c0-9f0ceb7fb203,1,0.012821,2013-01-01,2013-01-01,1.0,1.0,0.0,0
5508631d-697f-4839-a669-06637e5bcb90,913b6dab-7bda-43d2-80df-254eebb5314e,1,0.012821,2013-01-01,2013-01-01,1.0,1.0,0.0,0
5508631d-697f-4839-a669-06637e5bcb90,b46914b9-6289-4f86-ad0f-34147e680d21,1,0.012821,2013-01-01,2013-01-01,1.0,1.0,0.0,0
5508631d-697f-4839-a669-06637e5bcb90,de24d412-21f9-42c0-9f46-f73abe7edad6,1,0.012821,2013-01-01,2013-01-01,1.0,1.0,0.0,0
5508631d-697f-4839-a669-06637e5bcb90,ec3e1298-23c5-4c39-bb2b-ae6a588afdeb,1,0.012821,2013-01-01,2013-01-01,1.0,1.0,0.0,0
5bdeb32d-56a5-4b6d-a768-264101fa0a0a,5e366045-3176-4e42-bc2f-272b319093a5,1,0.012821,2013-01-01,2013-01-01,1.0,0.142857,0.0,1
5bdeb32d-56a5-4b6d-a768-264101fa0a0a,68430e36-5f32-4e6a-b89c-cef750c9703e,1,0.012821,2013-01-01,2013-01-01,1.0,0.142857,0.0,1
5bdeb32d-56a5-4b6d-a768-264101fa0a0a,7782d2b8-146e-4eb9-9e1c-6e59b855bcbc,1,0.012821,2013-01-01,2013-01-01,1.0,0.142857,0.0,1
5bdeb32d-56a5-4b6d-a768-264101fa0a0a,80fad44a-1a49-4e63-84c0-9f0ceb7fb203,1,0.012821,2013-01-01,2013-01-01,1.0,0.142857,0.0,1
5bdeb32d-56a5-4b6d-a768-264101fa0a0a,913b6dab-7bda-43d2-80df-254eebb5314e,1,0.012821,2013-01-01,2013-01-01,1.0,0.142857,0.0,1
5bdeb32d-56a5-4b6d-a768-264101fa0a0a,b46914b9-6289-4f86-ad0f-34147e680d21,1,0.012821,2013-01-01,2013-01-01,1.0,0.142857,0.0,1
5bdeb32d-56a5-4b6d-a768-264101fa0a0a,de24d412-21f9-42c0-9f46-f73abe7edad6,1,0.012821,2013-01-01,2013-01-01,1.0,0.142857,0.0,1
5bdeb32d-56a5-4b6d-a768-264101fa0a0a,ec3e1298-23c5-4c39-bb2b-ae6a588afdeb,1,0.012821,2013-01-01,2013-01-01,1.0,0.142857,0.0,1
5e366045-3176-4e42-bc2f-272b319093a5,68430e36-5f32-4e6a-b89c-cef750c9703e,1,0.012821,2013-01-01,2013-01-01,1.0,1.0,0.0,0
5e366045-3176-4e42-bc2f-272b319093a5,7782d2b8-146e-4eb9-9e1c-6e59b855bcbc,1,0.012821,2013-01-01,2013-01-01,1.0,1.0,0.0,0
5e366045-3176-4e42-bc2f-272b319093a5,80fad44a-1a49-4e63-84c0-9f0ceb7fb203,1,0.012821,2013-01-01,2013-01-01,1.0,1.0,0.0,0
5e366045-3176-4e42-bc2f-272b319093a5,913b6dab-7bda-43d2-80df-254eebb5314e,1,0.012821,2013-01-01,2013-01-01,1.0,1.0,0.0,0
5e366045-3176-4e42-bc2f-272b319093a5,b46914b9-6289-4f86-ad0f-34147e680d21,1,0.012821,2013-01-01,2013-01-01,1.0,1.0,0.0,0
5e366045-3176-4e42-bc2f-272b319093a5,de24d412-21f9-42c0-9f46-f73abe7edad6,1,0.012821,2013-01-01,2013-01-01,1.0,1.0,0.0,0
5e366045-3176-4e42-bc2f-272b319093a5,ec3e1298-23c5-4c39-bb2b-ae6a588afdeb,1,0.012821,2013-01-01,2013-01-01,1.0,1.0,0.0,0
68430e36-5f32-4e6a-b89c-cef750c9703e,7782d2b8-146e-4eb9-9e1c-6e59b855bcbc,1,0.012821,2013-01-01,2013-01-01,1.0,1.0,0.0,0
68430e36-5f32-4e6a-b89c-cef750c9703e,80fad44a-1a49-4e63-84c0-9f0ceb7fb203,1,0.012821,2013-01-01,2013-01-01,1.0,1.0,0.0,0
68430e36-5f32-4e6a-b89c-cef750c9703e,913b6dab-7bda-43d2-80df-254eebb5314e,1,0.012821,2013-01-01,2013-01-01,1.0,1.0,0.0,0
68430e36-5f32-4e6a-b89c-cef750c9703e,b46914b9-6289-4f86-ad0f-34147e680d21,1,0.012821,2013-01-01,2013-01-01,1.0,1.0,0.0,0
68430e36-5f32-4e6a-b89c-cef750c9703e,de24d412-21f9-42c0-9f46-f73abe7edad6,1,0.012821,2013-01-01,2013-01-01,1.0,1.0,0.0,0
68430e36-5f32-4e6a-b89c-cef750c9703e,ec3e1298-23c5-4c39-bb2b-ae6a588afdeb,1,0.012821,2013-01-01,2013-01-01,1.0,1.0,0.0,0
7782d2b8-146e-4eb9-9e1c-6e59b855bcbc,80fad44a-1a49-4e63-84c0-9f0ceb7fb203,1,0.012821,2013-01-01,2013-01-01,1.0,1.0,0.0,0
7782d2b8-146e-4eb9-9e1c-6e59b855bcbc,913b6dab-7bda-43d2-80df-254eebb5314e,1,0.012821,2013-01-01,2013-01-01,1.0,1.0,0.0,0
7782d2b8-146e-4eb9-9e1c-6e59b855bcbc,b46914b9-6289-4f86-ad0f-34147e680d21,1,0.012821,2013-01-01,2013-01-01,1.0,1.0,0.0,0
7782d2b8-146e-4eb9-9e1c-6e59b855bcbc,de24d412-21f9-42c0-9f46-f73abe7edad6,1,0.012821,2013-01-01,2013-01-01,1.0,1.0,0.0,0
7782d2b8-146e-4eb9-9e1c-6e59b855bcbc,ec3e1298-23c5-4c39-bb2b-ae6a588afdeb,1,0.012821,2013-01-01,2013-01-01,1.0,1.0,0.0,0
80fad44a-1a49-4e63-84c0-9f0ceb7fb203,913b6dab-7bda-43d2-80df-254eebb5314e,1,0.012821,2013-01-01,2013-01-01,1.0,1.0,0.0,0
80fad44a-1a49-4e63-84c0-9f0ceb7fb203,b46914b9-6289-4f86-ad0f-34147e680d21,1,0.012821,2013-01-01,2013-01-01,1.0,1.0,0.0,0
80fad44a-1a49-4e63-84c0-9f0ceb7fb203,de24d412-21f9-42c0-9f46-f73abe7edad6,1,0.012821,2013-01-01,2013-01-01,1.0,1.0,0.0,0
80fad44a-1a49-4e63-84c0-9f0ceb7fb203,ec3e1298-23c5-4c39-bb2b-ae6a588afdeb,1,0.012821,2013-01-01,2013-01-01,1.0,1.0,0.0,0
913b6dab-7bda-43d2-80df-254eebb5314e,b46914b9-6289-4f86-ad0f-34147e680d21,1,0.012821,2013-01-01,2013-01-01,1.0,1.0,0.0,0
913b6dab-7bda-43d2-80df-254eebb5314e,de24d412-21f9-42c0-9f46-f73abe7edad6,1,0.012821,2013-01-01,2013-01-01,1.0,1.0,0.0,0
913b6dab-7bda-43d2-80df-254eebb5314e,ec3e1298-23c5-4c39-bb2b-ae6a588afdeb,1,0.012821,2013-01-01,2013-01-01,1.0,1.0,0.0,0
b46914b9-6289-4f86-ad0f-34147e680d21,de24d412-21f9-42c0-9f46-f73abe7edad6,1,0.012821,2013-01-01,2013-01-01,1.0,1.0,0.0,0
b46914b9-6289-4f86-ad0f-34147e680d21,ec3e1298-23c5-4c39-bb2b-ae6a588afdeb,1,0.012821,2013-01-01,2013-01-01,1.0,1.0,0.0,0
de24d412-21f9-42c0-9f46-f73abe7edad6,ec3e1298-23c5-4c39-bb2b-ae6a588afdeb,1,0.012821,2013-01-01,2013-01-01,1.0,1.0,0.0,0
3a052c99-8c18-484a-8beb-9873b4fb3106,5bdeb32d-56a5-4b6d-a768-264101fa0a0a,1,0.066667,2014-01-01,2014-01-01,1.0,0.142857,0.0,1
3a052c99-8c18-484a-8beb-9873b4fb3106,6622a50e-5206-44d0-9ad5-96047a726dcf,1,0.066667,2014-01-01,2014-01-01,1.0,0.333333,0.0,1
3a052c99-8c18-484a-8beb-9873b4fb3106,9176a2e5-ffb2-4d56-aecc-fdf1ad5d6994,1,0.066667,2014-01-01,2014-01-01,1.0,1.0,0.0,0
3a052c99-8c18-484a-8beb-9873b4fb3106,c8af4490-e48a-4f91-aef9-2b1e39369576,1,0.066667,2014-01-01,2014-01-01,1.0,1.0,0.0,0
3a052c99-8c18-484a-8beb-9873b4fb3106,f4fdbb4c-e4b7-47a0-b83b-d91bbfcfa387,1,0.066667,2014-01-01,2014-01-01,1.0,0.071429,0.0,1
5bdeb32d-56a5-4b6d-a768-264101fa0a0a,6622a50e-5206-44d0-9ad5-96047a726dcf,1,0.066667,2014-01-01,2014-01-01,1.0,0.428571,0.0,1
5bdeb32d-56a5-4b6d-a768-264101fa0a0a,9176a2e5-ffb2-4d56-aecc-fdf1ad5d6994,1,0.066667,2014-01-01,2014-01-01,1.0,0.142857,0.0,1
5bdeb32d-56a5-4b6d-a768-264101fa0a0a,c8af4490-e48a-4f91-aef9-2b1e39369576,1,0.066667,2014-01-01,2014-01-01,1.0,0.142857,0.0,1
5bdeb32d-56a5-4b6d-a768-264101fa0a0a,f4fdbb4c-e4b7-47a0-b83b-d91bbfcfa387,1,0.066667,2014-01-01,2014-01-01,1.0,0.4,0.0,1
6622a50e-5206-44d0-9ad5-96047a726dcf,9176a2e5-ffb2-4d56-aecc-fdf1ad5d6994,1,0.066667,2014-01-01,2014-01-01,1.0,0.333333,0.0,1
6622a50e-5206-44d0-9ad5-96047a726dcf,c8af4490-e48a-4f91-aef9-2b1e39369576,1,0.066667,2014-01-01,2014-01-01,1.0,0.333333,0.0,1
6622a50e-5206-44d0-9ad5-96047a726dcf,f4fdbb4c-e4b7-47a0-b83b-d91bbfcfa387,1,0.066667,2014-01-01,2014-01-01,1.0,0.214286,0.111111,1
9176a2e5-ffb2-4d56-aecc-fdf1ad5d6994,c8af4490-e48a-4f91-aef9-2b1e39369576,2,0.233333,2014-01-01,2014-01-01,1.0,1.0,1.0,0
9176a2e5-ffb2-4d56-aecc-fdf1ad5d6994,f4fdbb4c-e4b7-47a0-b83b-d91bbfcfa387,2,0.233333,2014-01-01,2014-01-01,1.0,0.071429,0.166667,1
c8af4490-e48a-4f91-aef9-2b1e39369576,f4fdbb4c-e4b7-47a0-b83b-d91bbfcfa387,2,0.233333,2014-01-01,2014-01-01,1.0,0.071429,0.166667,1
31445b1e-96f3-4c7f-84ec-dd02e647e690,348d9656-7db6-4efc-92c9-69615bd580d8,1,0.047619,2015-01-01,2015-01-01,0.629761,0.5,0.0,0
31445b1e-96f3-4c7f-84ec-dd02e647e690,3ab2ee23-1c2f-458c-9c8c-ca4844729120,1,0.047619,2015-01-01,2015-01-01,1.0,1.0,0.0,0
31445b1e-96f3-4c7f-84ec-dd02e647e690,5bdeb32d-56a5-4b6d-a768-264101fa0a0a,1,0.047619,2015-01-01,2015-01-01,0.499921,0.142857,0.0,1
31445b1e-96f3-4c7f-84ec-dd02e647e690,7fcbd5bc-738b-4c0d-a837-8dcefaefbb75,1,0.047619,2015-01-01,2015-01-01,1.0,1.0,0.0,0
31445b1e-96f3-4c7f-84ec-dd02e647e690,a254127c-575d-4df1-a883-12b5a0748b16,1,0.047619,2015-01-01,2015-01-01,0.629761,1.0,0.0,0
31445b1e-96f3-4c7f-84ec-dd02e647e690,f5c29b24-f309-46e1-bc75-001f19b1edd0,2,0.147619,2015-01-01,2015-04-07,1.0,1.0,0.0,0
348d9656-7db6-4efc-92c9-69615bd580d8,3ab2ee23-1c2f-458c-9c8c-ca4844729120,1,0.047619,2015-01-01,2015-01-01,1.0,0.5,0.0,0
348d9656-7db6-4efc-92c9-69615bd580d8,5bdeb32d-56a5-4b6d-a768-264101fa0a0a,1,0.047619,2015-01-01,2015-01-01,0.629761,0.285714,0.0,1
348d9656-7db6-4efc-92c9-69615bd580d8,7fcbd5bc-738b-4c0d-a837-8dcefaefbb75,1,0.047619,2015-01-01,2015-01-01,1.0,0.5,0.0,0
348d9656-7db6-4efc-92c9-69615bd580d8,f5c29b24-f309-46e1-bc75-001f19b1edd0,1,0.047619,2015-01-01,2015-01-01,0.94108,0.5,0.0,0
3ab2ee23-1c2f-458c-9c8c-ca4844729120,5bdeb32d-56a5-4b6d-a768-264101fa0a0a,1,0.047619,2015-01-01,2015-01-01,1.0,0.142857,0.0,1
3ab2ee23-1c2f-458c-9c8c-ca4844729120,7fcbd5bc-738b-4c0d-a837-8dcefaefbb75,1,0.047619,2015-01-01,2015-01-01,1.0,1.0,0.0,0
3ab2ee23-1c2f-458c-9c8c-ca4844729120,a254127c-575d-4df1-a883-12b5a0748b16,1,0.047619,2015-01-01,2015-01-01,1.0,1.0,0.0,0
3ab2ee23-1c2f-458c-9c8c-ca4844729120,f5c29b24-f309-46e1-bc75-001f19b1edd0,1,0.047619,2015-01-01,2015-01-01,1.0,1.0,0.0,0
5bdeb32d-56a5-4b6d-a768-264101fa0a0a,7fcbd5bc-738b-4c0d-a837-8dcefaefbb75,1,0.047619,2015-01-01,2015-01-01,1.0,0.142857,0.0,1
5bdeb32d-56a5-4b6d-a768-264101fa0a0a,a254127c-575d-4df1-a883-12b5a0748b16,1,0.047619,2015-01-01,2015-01-01,0.629761,0.142857,0.0,1
5bdeb32d-56a5-4b6d-a768-264101fa0a0a,f5c29b24-f309-46e1-bc75-001f19b1edd0,1,0.047619,2015-01-01,2015-01-01,0.94108,0.142857,0.0,1
7fcbd5bc-738b-4c0d-a837-8dcefaefbb75,a254127c-575d-4df1-a883-12b5a0748b16,1,0.047619,2015-01-01,2015-01-01,1.0,1.0,0.0,0
7fcbd5bc-738b-4c0d-a837-8dcefaefbb75,f5c29b24-f309-46e1-bc75-001f19b1edd0,1,0.047619,2015-01-01,2015-01-01,1.0,1.0,0.0,0
a254127c-575d-4df1-a883-12b5a0748b16,f5c29b24-f309-46e1-bc75-001f19b1edd0,1,0.047619,2015-01-01,2015-01-01,0.94108,1.0,0.0,0
7fe96b15-5608-430e-ad25-77a01353c5d9,a6de8ef9-b1a1-4756-97aa-481bbb8a4069,1,1.0,1967-01-01,1967-01-01,1.0,0.222222,0.2,1
6df08c91-b91d-4b59-95fe-b51a2e1b06d3,8b22acd6-20e6-4463-a75c-c14b5cfdb666,2,0.063492,2012-01-01,2012-01-01,1.0,0.25,0.0,1
6df08c91-b91d-4b59-95fe-b51a2e1b06d3,8f119f99-c95e-49a4-9634-90a602484125,1,0.027778,2012-01-01,2012-01-01,1.0,1.0,0.0,0
6df08c91-b91d-4b59-95fe-b51a2e1b06d3,afd1a907-afeb-466e-a730-7ddd2021b1a9,1,0.027778,2012-01-01,2012-01-01,1.0,1.0,0.0,0
6df08c91-b91d-4b59-95fe-b51a2e1b06d3,bcfff8eb-3a09-4053-a6b7-76aed86f2ac5,1,0.027778,2012-01-01,2012-01-01,1.0,1.0,0.0,0
6df08c91-b91d-4b59-95fe-b51a2e1b06d3,bf66e128-8353-404f-80d4-43916ea454d2,1,0.027778,2012-01-01,2012-01-01,1.0,1.0,0.0,0
6df08c91-b91d-4b59-95fe-b51a2e1b06d3,c4e05d64-c679-4f04-b153-257d12eba7dc,1,0.027778,2012-01-01,2012-01-01,1.0,1.0,0.0,0
6df08c91-b91d-4b59-95fe-b51a2e1b06d3,c5bad957-7f5e-4394-8e17-ef7c360b5e9c,1,0.027778,2012-01-01,2012-01-01,1.0,1.0,0.0,0
6df08c91-b91d-4b59-95fe-b51a2e1b06d3,d863e16e-8811-4182-a168-4d85da239d79,1,0.027778,2012-01-01,2012-01-01,1.0,0.333333,0.0,1
8b22acd6-20e6-4463-a75c-c14b5cfdb666,8f119f99-c95e-49a4-9634-90a602484125,1,0.027778,2012-01-01,2012-01-01,1.0,0.25,0.0,1
8b22acd6-20e6-4463-a75c-c14b5cfdb666,afd1a907-afeb-466e-a730-7ddd2021b1a9,1,0.027778,2012-01-01,2012-01-01,1.0,0.25,0.0,1
8b22acd6-20e6-4463-a75c-c14b5cfdb666,bcfff8eb-3a09-4053-a6b7-76aed86f2ac5,1,0.027778,2012-01-01,2012-01-01,1.0,0.25,0.0,1
8b22acd6-20e6-4463-a75c-c14b5cfdb666,bf66e128-8353-404f-80d4-43916ea454d2,1,0.027778,2012-01-01,2012-01-01,1.0,0.25,0.0,1
8b22acd6-20e6-4463-a75c-c14b5cfdb666,c4e05d64-c679-4f04-b153-257d12eba7dc,1,0.027778,2012-01-01,2012-01-01,1.0,0.25,0.0,1
8b22acd6-20e6-4463-a75c-c14b5cfdb666,c5bad957-7f5e-4394-8e17-ef7c360b5e9c,1,0.027778,2012-01-01,2012-01-01,1.0,0.25,0.0,1
8b22acd6-20e6-4463-a75c-c14b5cfdb666,d863e16e-8811-4182-a168-4d85da239d79,1,0.027778,2012-01-01,2012-01-01,1.0,0.166667,0.0,1
8f119f99-c95e-49a4-9634-90a602484125,afd1a907-afeb-466e-a730-7ddd2021b1a9,1,0.027778,2012-01-01,2012-01-01,1.0,1.0,0.0,0
8f119f99-c95e-49a4-9634-90a602484125,bcfff8eb-3a09-4053-a6b7-76aed86f2ac5,1,0.027778,2012-01-01,2012-01-01,1.0,1.0,0.0,0
8f119f99-c95e-49a4-9634-90a602484125,bf66e128-8353-404f-80d4-43916ea454d2,1,0.027778,2012-01-01,2012-01-01,1.0,1.0,0.0,0
8f119f99-c95e-49a4-9634-90a602484125,c4e05d64-c679-4f04-b153-257d12eba7dc,1,0.027778,2012-01-01,2012-01-01,1.0,1.0,0.0,0
8f119f99-c95e-49a4-9634-90a602484125,c5bad957-7f5e-4394-8e17-ef7c360b5e9c,1,0.027778,2012-01-01,2012-01-01,1.0,1.0,0.0,0
8f119f99-c95e-49a4-9634-90a602484125,d863e16e-8811-4182-a168-4d85da239d79,1,0.027778,2012-01-01,2012-01-01,1.0,0.333333,0.0,1
afd1a907-afeb-466e-a730-7ddd2021b1a9,bcfff8eb-3a09-4053-a6b7-76aed86f2ac5,1,0.027778,2012-01-01,2012-01-01,1.0,1.0,0.0,0
afd1a907-afeb-466e-a730-7ddd2021b1a9,bf66e128-8353-404f-80d4-43916ea454d2,1,0.027778,2012-01-01,2012-01-01,1.0,1.0,0.0,0
afd1a907-afeb-466e-a730-7ddd2021b1a9,c4e05d64-c679-4f04-b153-257d12eba7dc,1,0.027778,2012-01-01,2012-01-01,1.0,1.0,0.0,0
afd1a907-afeb-466e-a730-7ddd2021b1a9,c5bad957-7f5e-4394-8e17-ef7c360b5e9c,1,0.027778,2012-01-01,2012-01-01,1.0,1.0,0.0,0
afd1a907-afeb-466e-a730-7ddd2021b1a9,d863e16e-8811-4182-a168-4d85da239d79,1,0.027778,2012-01-01,2012-01-01,1.0,0.333333,0.0,1
bcfff8eb-3a09-4053-a6b7-76aed86f2ac5,bf66e128-8353-404f-80d4-43916ea454d2,1,0.027778,2012-01-01,2012-01-01,1.0,1.0,0.0,0
bcfff8eb-3a09-4053-a6b7-76aed86f2ac5,c4e05d64-c679-4f04-b153-257d12eba7dc,1,0.027778,2012-01-01,2012-01-01,1.0,1.0,0.0,0
bcfff8eb-3a09-4053-a6b7-76aed86f2ac5,c5bad957-7f5e-4394-8e17-ef7c360b5e9c,1,0.027778,2012-01-01,2012-01-01,1.0,1.0,0.0,0
bcfff8eb-3a09-4053-a6b7-76aed86f2ac5,d863e16e-8811-4182-a168-4d85da239d79,1,0.027778,2012-01-01,2012-01-01,1.0,0.333333,0.0,1
bf66e128-8353-404f-80d4-43916ea454d2,c4e05d64-c679-4f04-b153-257d12eba7dc,1,0.027778,2012-01-01,2012-01-01,1.0,1.0,0.0,0
bf66e128-8353-404f-80d4-43916ea454d2,c5bad957-7f5e-4394-8e17-ef7c360b5e9c,1,0.027778,2012-01-01,2012-01-01,1.0,1.0,0.0,0
bf66e128-8353-404f-80d4-43916ea454d2,d863e16e-8811-4182-a168-4d85da239d79,1,0.027778,2012-01-01,2012-01-01,1.0,0.333333,0.0,1
c4e05d64-c679-4f04-b153-257d12eba7dc,c5bad957-7f5e-4394-8e17-ef7c360b5e9c,1,0.027778,2012-01-01,2012-01-01,1.0,1.0,0.0,0
c4e05d64-c679-4f04-b153-257d12eba7dc,d863e16e-8811-4182-a168-4d85da239d79,1,0.027778,2012-01-01,2012-01-01,1.0,0.333333,0.0,1
c5bad957-7f5e-4394-8e17-ef7c360b5e9c,d863e16e-8811-4182-a168-4d85da239d79,1,0.027778,2012-01-01,2012-01-01,1.0,0.333333,0.0,1
1a9d7ebe-2bab-47b7-9c08-8ebff789d134,6bcc1ff2-65bf-4ac9-bb5e-560d2a30ca7a,1,0.035714,2012-01-01,2012-01-01,1.0,1.0,0.0,0
1a9d7ebe-2bab-47b7-9c08-8ebff789d134,6df08c91-b91d-4b59-95fe-b51a2e1b06d3,1,0.035714,2012-01-01,2012-01-01,1.0,1.0,0.0,0
1a9d7ebe-2bab-47b7-9c08-8ebff789d134,7ef0b97f-6256-4bec-8c31-f6587f969170,1,0.035714,2012-01-01,2012-01-01,1.0,1.0,0.0,0
1a9d7ebe-2bab-47b7-9c08-8ebff789d134,8b22acd6-20e6-4463-a75c-c14b5cfdb666,1,0.035714,2012-01-01,2012-01-01,1.0,0.25,0.0,1
1a9d7ebe-2bab-47b7-9c08-8ebff789d134,e1da97e1-f780-4188-864a-3bf421b6d476,1,0.035714,2012-01-01,2012-01-01,1.0,1.0,0.0,0
1a9d7ebe-2bab-47b7-9c08-8ebff789d134,f57d8a69-ed3c-4d18-8bce-0083b162fae6,1,0.035714,2012-01-01,2012-01-01,1.0,1.0,0.0,0
6bcc1ff2-65bf-4ac9-bb5e-560d2a30ca7a,6df08c91-b91d-4b59-95fe-b51a2e1b06d3,1,0.035714,2012-01-01,2012-01-01,1.0,1.0,0.0,0
6bcc1ff2-65bf-4ac9-bb5e-560d2a30ca7a,7ef0b97f-6256-4bec-8c31-f6587f969170,1,0.035714,2012-01-01,2012-01-01,1.0,1.0,0.0,0
6bcc1ff2-65bf-4ac9-bb5e-560d2a30ca7a,8b22acd6-20e6-4463-a75c-c14b5cfdb666,1,0.035714,2012-01-01,2012-01-01,1.0,0.25,0.0,1
6bcc1ff2-65bf-4ac9-bb5e-560d2a30ca7a,e1da97e1-f780-4188-864a-3bf421b6d476,1,0.035714,2012-01-01,2012-01-01,1.0,1.0,0.0,0
6bcc1ff2-65bf-4ac9-bb5e-560d2a30ca7a,f57d8a69-ed3c-4d18-8bce-0083b162fae6,1,0.035714,2012-01-01,2012-01-01,1.0,1.0,0.0,0
6bcc1ff2-65bf-4ac9-bb5e-560d2a30ca7a,f6beac20-5dfe-4d1f-ae02-0b0a740aafd6,1,0.035714,2012-01-01,2012-01-01,1.0,0.083333,0.0,1
6df08c91-b91d-4b59-95fe-b51a2e1b06d3,7ef0b97f-6256-4bec-8c31-f6587f969170,1,0.035714,2012-01-01,2012-01-01,1.0,1.0,0.0,0
6df08c91-b91d-4b59-95fe-b51a2e1b06d3,e1da97e1-f780-4188-864a-3bf421b6d476,1,0.035714,2012-01-01,2012-01-01,1.0,1.0,0.0,0
6df08c91-b91d-4b59-95fe-b51a2e1b06d3,f57d8a69-ed3c-4d18-8bce-0083b162fae6,1,0.035714,2012-01-01,2012-01-01,1.0,1.0,0.0,0
6df08c91-b91d-4b59-95fe-b51a2e1b06d3,f6beac20-5dfe-4d1f-ae02-0b0a740aafd6,1,0.035714,2012-01-01,2012-01-01,1.0,0.083333,0.0,1
7ef0b97f-6256-4bec-8c31-f6587f969170,8b22acd6-20e6-4463-a75c-c14b5cfdb666,1,0.035714,2012-01-01,2012-01-01,1.0,0.25,0.0,1
7ef0b97f-6256-4bec-8c31-f6587f969170,e1da97e1-f780-4188-864a-3bf421b6d476,1,0.035714,2012-01-01,2012-01-01,1.0,1.0,0.0,0
7ef0b97f-6256-4bec-8c31-f6587f969170,f57d8a69-ed3c-4d18-8bce-0083b162fae6,1,0.035714,2012-01-01,2012-01-01,1.0,1.0,0.0,0
7ef0b97f-6256-4bec-8c31-f6587f969170,f6beac20-5dfe-4d1f-ae02-0b0a740aafd6,1,0.035714,2012-01-01,2012-01-01,1.0,0.083333,0.0,1
8b22acd6-20e6-4463-a75c-c14b5cfdb666,e1da97e1-f780-4188-864a-3bf421b6d476,1,0.035714,2012-01-01,2012-01-01,1.0,0.25,0.0,1
8b22acd6-20e6-4463-a75c-c14b5cfdb666,f57d8a69-ed3c-4d18-8bce-0083b162fae6,1,0.035714,2012-01-01,2012-01-01,1.0,0.25,0.0,1
8b22acd6-20e6-4463-a75c-c14b5cfdb666,f6beac20-5dfe-4d1f-ae02-0b0a740aafd6,1,0.035714,2012-01-01,2012-01-01,1.0,0.230769,0.0,1
e1da97e1-f780-4188-864a-3bf421b6d476,f57d8a69-ed3c-4d18-8bce-0083b162fae6,1,0.035714,2012-01-01,2012-01-01,1.0,1.0,0.0,0
e1da97e1-f780-4188-864a-3bf421b6d476,f6beac20-5dfe-4d1f-ae02-0b0a740aafd6,1,0.035714,2012-01-01,2012-01-01,1.0,0.083333,0.0,1
f57d8a69-ed3c-4d18-8bce-0083b162fae6,f6beac20-5dfe-4d1f-ae02-0b0a740aafd6,1,0.035714,2012-01-01,2012-01-01,1.0,0.083333,0.0,1
122a2714-24f8-4046-a532-64064b5076d2,41f1960d-be42-4ca0-8599-8d0fb77ae6d4,1,0.166667,2000-01-01,2000-01-01,1.0,1.0,0.25,0
122a2714-24f8-4046-a532-64064b5076d2,a56bd8f9-8ef8-4d63-89a4-794ed1360dd2,1,0.166667,2000-01-01,2000-01-01,1.0,0.071429,0.25,1
41f1960d-be42-4ca0-8599-8d0fb77ae6d4,83886397-adf2-431a-b841-dc4af744a6cc,1,0.166667,2000-01-01,2000-01-01,1.0,1.0,0.25,0
41f1960d-be42-4ca0-8599-8d0fb77ae6d4,a56bd8f9-8ef8-4d63-89a4-794ed1360dd2,1,0.166667,2000-01-01,2000-01-01,1.0,0.071429,1.0,0
83886397-adf2-431a-b841-dc4af744a6cc,a56bd8f9-8ef8-4d63-89a4-794ed1360dd2,1,0.166667,2000-01-01,2000-01-01,1.0,0.071429,0.25,1
a0b8cb9e-7532-45fe-a74c-30e7c4009a39,a56bd8f9-8ef8-4d63-89a4-794ed1360dd2,1,0.333333,2002-01-01,2002-01-01,1.0,0.142857,0.0,1
a56bd8f9-8ef8-4d63-89a4-794ed1360dd2,daa09819-5da5-4c7a-8bef-eb372bb27ff1,1,0.333333,2002-01-01,2002-01-01,1.0,0.733333,0.0,0
183da50a-b033-408e-862b-cab1c2425cff,3e30aebd-0557-4cfd-8fb9-3945afa5d72b,1,0.166667,1982-01-01,1982-01-01,1.0,1.0,1.0,0
183da50a-b033-408e-862b-cab1c2425cff,8560d4e8-05e2-4c20-980b-ad2db445dd5d,1,0.166667,1982-01-01,1982-01-01,1.0,0.333333,0.666667,0
183da50a-b033-408e-862b-cab1c2425cff,b4d32cff-f19e-455f-86c4-f347d824ca61,1,0.166667,1982-01-01,1982-01-01,1.0,0.2,0.333333,1
3e30aebd-0557-4cfd-8fb9-3945afa5d72b,8560d4e8-05e2-4c20-980b-ad2db445dd5d,1,0.166667,1982-01-01,1982-01-01,1.0,0.333333,0.666667,0
3e30aebd-0557-4cfd-8fb9-3945afa5d72b,b4d32cff-f19e-455f-86c4-f347d824ca61,1,0.166667,1982-01-01,1982-01-01,1.0,0.2,0.333333,1
8560d4e8-05e2-4c20-980b-ad2db445dd5d,b4d32cff-f19e-455f-86c4-f347d824ca61,1,0.166667,1982-01-01,1982-01-01,1.0,0.2,0.5,0
25e7bc9a-317a-44ab-87ac-dc5617110d54,58cb5169-ad58-4820-baf0-63f6dbd94eb9,1,1.0,1967-02-01,1967-02-01,1.0,1.0,0.0,0
06ed4e1e-4416-4a7c-b14b-bc68dfd252aa,51e90731-08c0-4f60-89b6-5b78e5844de8,1,0.333333,1940-03-25,1940-03-25,1.0,0.166667,1.0,0
06ed4e1e-4416-4a7c-b14b-bc68dfd252aa,88be6065-91c5-409f-aea2-8c39a333d59c,1,0.333333,1940-03-25,1940-03-25,1.0,1.0,1.0,0
51e90731-08c0-4f60-89b6-5b78e5844de8,88be6065-91c5-409f-aea2-8c39a333d59c,1,0.333333,1940-03-25,1940-03-25,1.0,0.166667,1.0,0
210bf857-3387-4a7e-9301-7eb9c66800d6,886b3be4-c93b-4085-85b0-b73ce2817246,1,1.0,1979-01-01,1979-01-01,1.0,1.0,0.0,0
11433f50-a7da-4dc2-8ca8-84b5d160e20e,72935855-cfc9-4e02-a6cc-249fc9d09044,4,0.369048,1981-01-01,1993-01-01,1.0,1.0,1.0,0
11433f50-a7da-4dc2-8ca8-84b5d160e20e,bcdcfdc7-0b3c-4f95-9224-f4a8cd71bb61,3,0.202381,1981-01-01,1985-01-01,1.0,0.333333,0.0,1
11433f50-a7da-4dc2-8ca8-84b5d160e20e,c53f2749-4c19-48fa-b99b-5f4c11297b2c,4,0.369048,1981-01-01,1993-01-01,1.0,1.0,1.0,0
11433f50-a7da-4dc2-8ca8-84b5d160e20e,f2b7fc94-1e8d-4f4d-9a3f-620c1a5ac564,3,0.202381,1981-01-01,1985-01-01,1.0,0.333333,0.0,1
72935855-cfc9-4e02-a6cc-249fc9d09044,bcdcfdc7-0b3c-4f95-9224-f4a8cd71bb61,3,0.202381,1981-01-01,1985-01-01,1.0,0.333333,0.0,1
72935855-cfc9-4e02-a6cc-249fc9d09044,c53f2749-4c19-48fa-b99b-5f4c11297b2c,4,0.369048,1981-01-01,1993-01-01,1.0,1.0,1.0,0
72935855-cfc9-4e02-a6cc-249fc9d09044,f2b7fc94-1e8d-4f4d-9a3f-620c1a5ac564,3,0.202381,1981-01-01,1985-01-01,1.0,0.333333,0.0,1
bcdcfdc7-0b3c-4f95-9224-f4a8cd71bb61,c53f2749-4c19-48fa-b99b-5f4c11297b2c,3,0.202381,1981-01-01,1985-01-01,1.0,0.333333,0.0,1
bcdcfdc7-0b3c-4f95-9224-f4a8cd71bb61,f2b7fc94-1e8d-4f4d-9a3f-620c1a5ac564,3,0.202381,1981-01-01,1985-01-01,1.0,1.0,0.0,0
c53f2749-4c19-48fa-b99b-5f4c11297b2c,f2b7fc94-1e8d-4f4d-9a3f-620c1a5ac564,3,0.202381,1981-01-01,1985-01-01,1.0,0.333333,0.0,1
283fb96d-1f5c-4b74-9bea-3e4504f07fa3,3ccd2160-2d09-4835-8782-0aa68faa278e,1,0.166667,1981-01-01,1981-01-01,1.0,1.0,0.0,0
283fb96d-1f5c-4b74-9bea-3e4504f07fa3,7d79dff5-0bff-4b29-88d3-9e8ab19b6f2d,1,0.166667,1981-01-01,1981-01-01,1.0,0.0,0.0,1
283fb96d-1f5c-4b74-9bea-3e4504f07fa3,df098be2-7aa9-4fc2-9587-ad00a12d4b63,1,0.166667,1981-01-01,1981-01-01,1.0,0.0,0.0,1
3ccd2160-2d09-4835-8782-0aa68faa278e,7d79dff5-0bff-4b29-88d3-9e8ab19b6f2d,1,0.166667,1981-01-01,1981-01-01,1.0,0.0,0.0,1
3ccd2160-2d09-4835-8782-0aa68faa278e,df098be2-7aa9-4fc2-9587-ad00a12d4b63,1,0.166667,1981-01-01,1981-01-01,1.0,0.0,0.0,1
7d79dff5-0bff-4b29-88d3-9e8ab19b6f2d,df098be2-7aa9-4fc2-9587-ad00a12d4b63,1,0.166667,1981-01-01,1981-01-01,1.0,1.0,0.0,0
43a0ce3a-a3d5-45c0-b944-bd8f5e021237,62b914a7-d775-4bb4-bb5e-d46e7df115b5,1,0.166667,2021-10-15,2021-10-15,0.61988,0.333333,0.0,1
43a0ce3a-a3d5-45c0-b944-bd8f5e021237,98784f42-c6b7-40a6-9313-8404024eeba0,1,0.166667,2021-10-15,2021-10-15,1.0,1.0,0.0,0
43a0ce3a-a3d5-45c0-b944-bd8f5e021237,f1314b95-764f-49bc-b920-019abf48901f,1,0.166667,2021-10-15,2021-10-15,1.0,1.0,0.0,0
62b914a7-d775-4bb4-bb5e-d46e7df115b5,98784f42-c6b7-40a6-9313-8404024eeba0,1,0.166667,2021-10-15,2021-10-15,1.0,0.333333,0.0,1
62b914a7-d775-4bb4-bb5e-d46e7df115b5,f1314b95-764f-49bc-b920-019abf48901f,1,0.166667,2021-10-15,2021-10-15,1.0,0.333333,0.0,1
98784f42-c6b7-40a6-9313-8404024eeba0,f1314b95-764f-49bc-b920-019abf48901f,1,0.166667,2021-10-15,2021-10-15,1.0,1.0,0.0,0
62b914a7-d775-4bb4-bb5e-d46e7df115b5,6f26a8e3-4f71-41a1-94dd-d9859b6b888f,2,0.433333,2022-01-01,2024-01-01,1.0,0.333333,0.0,1
62b914a7-d775-4bb4-bb5e-d46e7df115b5,76c5e552-688e-4e9d-afa0-36e77526495a,1,0.333333,2022-01-01,2022-01-01,0.880046,0.333333,0.0,1
6f26a8e3-4f71-41a1-94dd-d9859b6b888f,76c5e552-688e-4e9d-afa0-36e77526495a,1,0.333333,2022-01-01,2022-01-01,0.880046,1.0,0.0,0
2d92239c-44c5-47c5-afe0-44baf9b64629,62b914a7-d775-4bb4-bb5e-d46e7df115b5,1,0.333333,2024-01-01,2024-01-01,1.0,0.2,0.0,1
2d92239c-44c5-47c5-afe0-44baf9b64629,79c795f4-7dee-42df-ad01-b68b5980d9ee,1,0.333333,2024-01-01,2024-01-01,1.0,0.333333,0.0,1
62b914a7-d775-4bb4-bb5e-d46e7df115b5,79c795f4-7dee-42df-ad01-b68b5980d9ee,3,0.766667,2024-01-01,2024-04-05,1.0,0.333333,0.0,1
3332c24c-39ed-414d-afdf-87cdef7ddabc,62b914a7-d775-4bb4-bb5e-d46e7df115b5,1,0.1,2024-01-01,2024-01-01,1.0,0.333333,0.0,1
3332c24c-39ed-414d-afdf-87cdef7ddabc,6f26a8e3-4f71-41a1-94dd-d9859b6b888f,1,0.1,2024-01-01,2024-01-01,1.0,1.0,0.0,0
3332c24c-39ed-414d-afdf-87cdef7ddabc,79c795f4-7dee-42df-ad01-b68b5980d9ee,1,0.1,2024-01-01,2024-01-01,1.0,1.0,0.0,0
62b914a7-d775-4bb4-bb5e-d46e7df115b5,bb1f06b1-bca8-4fe1-8ce7-c033479b1301,1,0.1,2024-01-01,2024-01-01,1.0,0.333333,0.0,1
6f26a8e3-4f71-41a1-94dd-d9859b6b888f,79c795f4-7dee-42df-ad01-b68b5980d9ee,1,0.1,2024-01-01,2024-01-01,1.0,1.0,0.0,0
6f26a8e3-4f71-41a1-94dd-d9859b6b888f,bb1f06b1-bca8-4fe1-8ce7-c033479b1301,1,0.1,2024-01-01,2024-01-01,1.0,1.0,0.0,0
79c795f4-7dee-42df-ad01-b68b5980d9ee,bb1f06b1-bca8-4fe1-8ce7-c033479b1301,1,0.1,2024-01-01,2024-01-01,1.0,1.0,0.0,0
2d0a77d3-719f-4301-acbb-9220b953c417,62b914a7-d775-4bb4-bb5e-d46e7df115b5,1,0.333333,2024-04-05,2024-04-05,1.0,0.333333,0.0,1
2d0a77d3-719f-4301-acbb-9220b953c417,79c795f4-7dee-42df-ad01-b68b5980d9ee,1,0.333333,2024-04-05,2024-04-05,1.0,1.0,0.0,0
02b16a7f-0e8b-4df8-807c-aa40bae1d590,65380f7e-cb7a-4594-ae44-28ff55160746,1,1.0,2011-01-01,2011-01-01,1.0,1.0,0.0,0
21645c31-fe1c-45a4-955c-3e172b12c3f9,2f237389-5603-45eb-9024-dbc05d2c840a,1,0.333333,2011-03-22,2011-03-22,1.0,0.166667,0.0,1
21645c31-fe1c-45a4-955c-3e172b12c3f9,8e346269-5371-468b-9d4d-6f8daa278bc3,1,0.333333,2011-03-22,2011-03-22,1.0,0.166667,0.0,1
2f237389-5603-45eb-9024-dbc05d2c840a,8e346269-5371-468b-9d4d-6f8daa278bc3,1,0.333333,2011-03-22,2011-03-22,1.0,1.0,0.0,0
21645c31-fe1c-45a4-955c-3e172b12c3f9,3451be55-9f9e-4baa-b57b-fcce1b664e98,1,0.166667,2011-04-01,2011-04-01,1.0,0.166667,0.0,1
21645c31-fe1c-45a4-955c-3e172b12c3f9,44fbf113-af6a-478c-824c-c95f9c686ede,1,0.166667,2011-04-01,2011-04-01,1.0,0.166667,0.0,1
21645c31-fe1c-45a4-955c-3e172b12c3f9,c6160117-ebe4-44ba-8f00-da8ecaa0c80d,1,0.166667,2011-04-01,2011-04-01,1.0,0.333333,0.0,1
3451be55-9f9e-4baa-b57b-fcce1b664e98,44fbf113-af6a-478c-824c-c95f9c686ede,1,0.166667,2011-04-01,2011-04-01,1.0,1.0,0.0,0
3451be55-9f9e-4baa-b57b-fcce1b664e98,c6160117-ebe4-44ba-8f00-da8ecaa0c80d,1,0.166667,2011-04-01,2011-04-01,1.0,0.5,0.0,0
44fbf113-af6a-478c-824c-c95f9c686ede,c6160117-ebe4-44ba-8f00-da8ecaa0c80d,1,0.166667,2011-04-01,2011-04-01,1.0,0.5,0.0,0
21645c31-fe1c-45a4-955c-3e172b12c3f9,3eca8465-cbbc-4dde-9ff6-83d6f9263a3b,1,0.333333,2012-01-01,2012-01-01,1.0,0.166667,0.0,1
21645c31-fe1c-45a4-955c-3e172b12c3f9,766235d5-2ceb-4172-ad73-b316d8a1264c,1,0.333333,2012-01-01,2012-01-01,1.0,0.5,0.0,0
3eca8465-cbbc-4dde-9ff6-83d6f9263a3b,766235d5-2ceb-4172-ad73-b316d8a1264c,1,0.333333,2012-01-01,2012-01-01,1.0,0.333333,0.0,1
21645c31-fe1c-45a4-955c-3e172b12c3f9,35fd8d42-b4a6-4414-9827-8766bd0daa3c,1,0.333333,2012-01-01,2012-01-01,0.832922,0.166667,0.0,1
21645c31-fe1c-45a4-955c-3e172b12c3f9,82b1f5fd-cd31-41a9-b5d4-7e33f0eb9751,1,0.333333,2012-01-01,2012-01-01,1.0,0.5,0.0,0
35fd8d42-b4a6-4414-9827-8766bd0daa3c,82b1f5fd-cd31-41a9-b5d4-7e33f0eb9751,1,0.333333,2012-01-01,2012-01-01,1.0,0.333333,0.0,1
010a8a3d-f197-4ec8-b67e-d7cb0326c50f,21645c31-fe1c-45a4-955c-3e172b12c3f9,1,0.027778,2012-10-16,2012-10-16,1.0,0.166667,0.0,1
010a8a3d-f197-4ec8-b67e-d7cb0326c50f,43972689-3a59-4c7d-a093-6432e686645c,1,0.027778,2012-10-16,2012-10-16,1.0,1.0,0.0,0
010a8a3d-f197-4ec8-b67e-d7cb0326c50f,7cbc26a8-06f5-4064-b7db-cb9c6a81aaf2,1,0.027778,2012-10-16,2012-10-16,1.0,1.0,0.0,0
010a8a3d-f197-4ec8-b67e-d7cb0326c50f,80c69d16-ccfe-4ee9-b02a-1aaba5db26d1,1,0.027778,2012-10-16,2012-10-16,1.0,1.0,0.0,0
010a8a3d-f197-4ec8-b67e-d7cb0326c50f,be46b597-c98e-48d4-af49-aa7c0244c343,1,0.027778,2012-10-16,2012-10-16,1.0,1.0,0.0,0
010a8a3d-f197-4ec8-b67e-d7cb0326c50f,c1f5d7c6-1bce-45f1-bb80-f9c74bb9c740,1,0.027778,2012-10-16,2012-10-16,1.0,1.0,0.0,0
010a8a3d-f197-4ec8-b67e-d7cb0326c50f,d2104914-bec9-49e4-83fb-8e860ea94fbf,1,0.027778,2012-10-16,2012-10-16,1.0,1.0,0.0,0
010a8a3d-f197-4ec8-b67e-d7cb0326c50f,fa4f4b89-3ddc-4e97-88fa-0e30121f986a,1,0.027778,2012-10-16,2012-10-16,1.0,1.0,0.0,0
21645c31-fe1c-45a4-955c-3e172b12c3f9,43972689-3a59-4c7d-a093-6432e686645c,1,0.027778,2012-10-16,2012-10-16,1.0,0.166667,0.0,1
21645c31-fe1c-45a4-955c-3e172b12c3f9,7cbc26a8-06f5-4064-b7db-cb9c6a81aaf2,1,0.027778,2012-10-16,2012-10-16,1.0,0.166667,0.0,1
21645c31-fe1c-45a4-955c-3e172b12c3f9,80c69d16-ccfe-4ee9-b02a-1aaba5db26d1,1,0.027778,2012-10-16,2012-10-16,1.0,0.166667,0.0,1
21645c31-fe1c-45a4-955c-3e172b12c3f9,be46b597-c98e-48d4-af49-aa7c0244c343,1,0.027778,2012-10-16,2012-10-16,1.0,0.166667,0.0,1
21645c31-fe1c-45a4-955c-3e172b12c3f9,c1f5d7c6-1bce-45f1-bb80-f9c74bb9c740,1,0.027778,2012-10-16,2012-10-16,1.0,0.166667,0.0,1
21645c31-fe1c-45a4-955c-3e172b12c3f9,d2104914-bec9-49e4-83fb-8e860ea94fbf,1,0.027778,2012-10-16,2012-10-16,1.0,0.166667,0.0,1
21645c31-fe1c-45a4-955c-3e172b12c3f9,fa4f4b89-3ddc-4e97-88fa-0e30121f986a,1,0.027778,2012-10-16,2012-10-16,1.0,0.166667,0.0,1
43972689-3a59-4c7d-a093-6432e686645c,7cbc26a8-06f5-4064-b7db-cb9c6a81aaf2,1,0.027778,2012-10-16,2012-10-16,1.0,1.0,0.0,0
43972689-3a59-4c7d-a093-6432e686645c,80c69d16-ccfe-4ee9-b02a-1aaba5db26d1,1,0.027778,2012-10-16,2012-10-16,1.0,1.0,0.0,0
43972689-3a59-4c7d-a093-6432e686645c,be46b597-c98e-48d4-af49-aa7c0244c343,1,0.027778,2012-10-16,2012-10-16,1.0,1.0,0.0,0
43972689-3a59-4c7d-a093-6432e686645c,c1f5d7c6-1bce-45f1-bb80-f9c74bb9c740,1,0.027778,2012-10-16,2012-10-16,1.0,1.0,0.0,0
43972689-3a59-4c7d-a093-6432e686645c,d2104914-bec9-49e4-83fb-8e860ea94fbf,1,0.027778,2012-10-16,2012-10-16,1.0,1.0,0.0,0
43972689-3a59-4c7d-a093-6432e686645c,fa4f4b89-3ddc-4e97-88fa-0e30121f986a,1,0.027778,2012-10-16,2012-10-16,1.0,1.0,0.0,0
7cbc26a8-06f5-4064-b7db-cb9c6a81aaf2,80c69d16-ccfe-4ee9-b02a-1aaba5db26d1,1,0.027778,2012-10-16,2012-10-16,1.0,1.0,0.0,0
7cbc26a8-06f5-4064-b7db-cb9c6a81aaf2,be46b597-c98e-48d4-af49-aa7c0244c343,1,0.027778,2012-10-16,2012-10-16,1.0,1.0,0.0,0
7cbc26a8-06f5-4064-b7db-cb9c6a81aaf2,c1f5d7c6-1bce-45f1-bb80-f9c74bb9c740,1,0.027778,2012-10-16,2012-10-16,1.0,1.0,0.0,0
7cbc26a8-06f5-4064-b7db-cb9c6a81aaf2,d2104914-bec9-49e4-83fb-8e860ea94fbf,1,0.027778,2012-10-16,2012-10-16,1.0,1.0,0.0,0
7cbc26a8-06f5-4064-b7db-cb9c6a81aaf2,fa4f4b89-3ddc-4e97-88fa-0e30121f986a,1,0.027778,2012-10-16,2012-10-16,1.0,1.0,0.0,0
80c69d16-ccfe-4ee9-b02a-1aaba5db26d1,be46b597-c98e-48d4-af49-aa7c0244c343,1,0.027778,2012-10-16,2012-10-16,1.0,1.0,0.0,0
80c69d16-ccfe-4ee9-b02a-1aaba5db26d1,c1f5d7c6-1bce-45f1-bb80-f9c74bb9c740,1,0.027778,2012-10-16,2012-10-16,1.0,1.0,0.0,0
80c69d16-ccfe-4ee9-b02a-1aaba5db26d1,d2104914-bec9-49e4-83fb-8e860ea94fbf,1,0.027778,2012-10-16,2012-10-16,1.0,1.0,0.0,0
80c69d16-ccfe-4ee9-b02a-1aaba5db26d1,fa4f4b89-3ddc-4e97-88fa-0e30121f986a,1,0.027778,2012-10-16,2012-10-16,1.0,1.0,0.0,0
be46b597-c98e-48d4-af49-aa7c0244c343,c1f5d7c6-1bce-45f1-bb80-f9c74bb9c740,1,0.027778,2012-10-16,2012-10-16,1.0,1.0,0.0,0
be46b597-c98e-48d4-af49-aa7c0244c343,d2104914-bec9-49e4-83fb-8e860ea94fbf,1,0.027778,2012-10-16,2012-10-16,1.0,1.0,0.0,0
be46b597-c98e-48d4-af49-aa7c0244c343,fa4f4b89-3ddc-4e97-88fa-0e30121f986a,1,0.027778,2012-10-16,2012-10-16,1.0,1.0,0.0,0
c1f5d7c6-1bce-45f1-bb80-f9c74bb9c740,d2104914-bec9-49e4-83fb-8e860ea94fbf,1,0.027778,2012-10-16,2012-10-16,1.0,1.0,0.0,0
c1f5d7c6-1bce-45f1-bb80-f9c74bb9c740,fa4f4b89-3ddc-4e97-88fa-0e30121f986a,1,0.027778,2012-10-16,2012-10-16,1.0,1.0,0.0,0
d2104914-bec9-49e4-83fb-8e860ea94fbf,fa4f4b89-3ddc-4e97-88fa-0e30121f986a,1,0.027778,2012-10-16,2012-10-16,1.0,1.0,0.0,0
2df5b6f3-70b1-4e60-b954-43f1b3625c0b,43650e15-b88b-40bd-b45a-e617d45f11be,1,0.333333,2009-11-17,2009-11-17,1.0,1.0,1.0,0
2df5b6f3-70b1-4e60-b954-43f1b3625c0b,e505aa63-cc70-4b35-b77e-476035e4e620,1,0.333333,2009-11-17,2009-11-17,1.0,0.0,1.0,0
43650e15-b88b-40bd-b45a-e617d45f11be,e505aa63-cc70-4b35-b77e-476035e4e620,1,0.333333,2009-11-17,2009-11-17,1.0,0.0,1.0,0
43a0ce3a-a3d5-45c0-b944-bd8f5e021237,609a2ea3-f446-4e31-8eef-9f7591afb55a,1,0.333333,2023-11-10,2023-11-10,1.0,1.0,1.0,0
43a0ce3a-a3d5-45c0-b944-bd8f5e021237,f526f656-ad83-46ce-be57-a5814c57e757,1,0.333333,2023-11-10,2023-11-10,1.0,1.0,1.0,0
609a2ea3-f446-4e31-8eef-9f7591afb55a,f526f656-ad83-46ce-be57-a5814c57e757,5,1.166667,2023-11-10,2024-09-27,1.0,1.0,1.0,0
2c32b7c0-0c38-463b-bfdd-01ac2b2cb0fd,3762a304-9821-4a67-8b82-da866c436761,1,0.166667,2024-02-16,2024-02-16,1.0,1.0,1.0,0
2c32b7c0-0c38-463b-bfdd-01ac2b2cb0fd,609a2ea3-f446-4e31-8eef-9f7591afb55a,1,0.166667,2024-02-16,2024-02-16,1.0,1.0,1.0,0
2c32b7c0-0c38-463b-bfdd-01ac2b2cb0fd,f526f656-ad83-46ce-be57-a5814c57e757,1,0.166667,2024-02-16,2024-02-16,1.0,1.0,1.0,0
3762a304-9821-4a67-8b82-da866c436761,609a2ea3-f446-4e31-8eef-9f7591afb55a,1,0.166667,2024-02-16,2024-02-16,1.0,1.0,1.0,0
3762a304-9821-4a67-8b82-da866c436761,f526f656-ad83-46ce-be57-a5814c57e757,1,0.166667,2024-02-16,2024-02-16,1.0,1.0,1.0,0
37be3f17-a4ba-4c07-9c04-210cc6f4f091,609a2ea3-f446-4e31-8eef-9f7591afb55a,3,0.666667,2024-03-29,2024-09-27,1.0,1.0,1.0,0
37be3f17-a4ba-4c07-9c04-210cc6f4f091,f526f656-ad83-46ce-be57-a5814c57e757,3,0.666667,2024-03-29,2024-09-27,1.0,1.0,1.0,0
37be3f17-a4ba-4c07-9c04-210cc6f4f091,9f0a2d07-e414-4829-85df-b0d801d8ee32,2,0.333333,2024-05-31,2024-09-27,1.0,1.0,1.0,0
609a2ea3-f446-4e31-8eef-9f7591afb55a,9f0a2d07-e414-4829-85df-b0d801d8ee32,2,0.333333,2024-05-31,2024-09-27,1.0,1.0,1.0,0
9f0a2d07-e414-4829-85df-b0d801d8ee32,f526f656-ad83-46ce-be57-a5814c57e757,2,0.333333,2024-05-31,2024-09-27,1.0,1.0,1.0,0
43ac1c53-1275-4296-9d48-ca713d105e8a,56c4b861-0922-4c3a-a9b9-3bfcb00f8274,1,0.166667,1994-01-01,1994-01-01,1.0,0.090909,0.0,1
43ac1c53-1275-4296-9d48-ca713d105e8a,d39a5a70-de11-4ea3-a4c1-f2139cca265a,1,0.166667,1994-01-01,1994-01-01,1.0,1.0,0.0,0
43ac1c53-1275-4296-9d48-ca713d105e8a,e6e879c0-3d56-4f12-b3c5-3ce459661a8e,1,0.166667,1994-01-01,1994-01-01,1.0,0.125,0.0,1
56c4b861-0922-4c3a-a9b9-3bfcb00f8274,d39a5a70-de11-4ea3-a4c1-f2139cca265a,1,0.166667,1994-01-01,1994-01-01,1.0,0.090909,0.0,1
56c4b861-0922-4c3a-a9b9-3bfcb00f8274,e6e879c0-3d56-4f12-b3c5-3ce459661a8e,1,0.166667,1994-01-01,1994-01-01,1.0,0.461538,0.0,1
d39a5a70-de11-4ea3-a4c1-f2139cca265a,e6e879c0-3d56-4f12-b3c5-3ce459661a8e,1,0.166667,1994-01-01,1994-01-01,1.0,0.125,0.0,1
9a775c6e-9346-4b16-a611-cae1b1c6362f,c414371b-3377-43b5-9dc2-2a20254ed520,1,1.0,1935-10-01,1935-10-01,1.0,0.0,1.0,0
3ecdd624-0fa0-4dfe-9498-5a4801724d3b,62162215-b023-4f0e-84bd-1e9412d5b32c,1,0.333333,1986-01-01,1986-01-01,1.0,0.2,0.0,1
62162215-b023-4f0e-84bd-1e9412d5b32c,a98cd83c-4f9d-4c16-a3f2-3759df41df82,1,0.333333,1986-01-01,1986-01-01,1.0,0.2,0.0,1
0a622da7-a691-49fe-be58-20d829e695f4,5157aeef-07da-41b5-b16c-5c5fb81b4f75,1,0.166667,1983-01-01,1983-01-01,1.0,1.0,0.0,0
0a622da7-a691-49fe-be58-20d829e695f4,95f5b748-d370-47fe-85bd-0af2dc450bc0,1,0.166667,1983-01-01,1983-01-01,1.0,0.333333,0.0,1
0a622da7-a691-49fe-be58-20d829e695f4,e0ffdd76-aef8-48ed-b850-b83208589dca,1,0.166667,1983-01-01,1983-01-01,1.0,1.0,0.0,0
5157aeef-07da-41b5-b16c-5c5fb81b4f75,95f5b748-d370-47fe-85bd-0af2dc450bc0,1,0.166667,1983-01-01,1983-01-01,1.0,0.333333,0.0,1
5157aeef-07da-41b5-b16c-5c5fb81b4f75,e0ffdd76-aef8-48ed-b850-b83208589dca,1,0.166667,1983-01-01,1983-01-01,1.0,1.0,0.0,0
95f5b748-d370-47fe-85bd-0af2dc450bc0,e0ffdd76-aef8-48ed-b850-b83208589dca,1,0.166667,1983-01-01,1983-01-01,1.0,0.333333,0.0,1
338c8478-01a8-4851-a65a-3f42ae14f2dc,38d64df7-5b7f-42ca-9d98-9541640ca84f,1,0.333333,1967-01-01,1967-01-01,1.0,1.0,1.0,0
338c8478-01a8-4851-a65a-3f42ae14f2dc,63690c53-d0e0-42bf-8c94-b66e195c61d9,1,0.333333,1967-01-01,1967-01-01,1.0,1.0,1.0,0
38d64df7-5b7f-42ca-9d98-9541640ca84f,63690c53-d0e0-42bf-8c94-b66e195c61d9,1,0.333333,1967-01-01,1967-01-01,1.0,1.0,1.0,0
36494952-f434-45d8-a958-8b4acdbcf8a8,8b98f267-a203-4e69-a6cb-996d4cfecaf7,1,1.0,1967-11-01,1967-11-01,0.000117,0.142857,1.0,0
09d4a85c-4916-4b4e-bc96-c4cfcf371046,8e893bac-144c-4a04-a9d7-9068759a7eed,1,1.0,2017-08-02,2017-08-02,1.0,0.25,0.0,1
31bcadcc-e1da-4cad-bec8-2f4f1d41b095,81600da3-6054-434c-8dfc-696debe6bf7f,1,0.333333,2013-06-13,2013-06-13,1.0,0.25,0.0,1
31bcadcc-e1da-4cad-bec8-2f4f1d41b095,ef89e761-8e77-41a0-bcae-e7109b826a7a,1,0.333333,2013-06-13,2013-06-13,1.0,0.25,0.0,1
81600da3-6054-434c-8dfc-696debe6bf7f,ef89e761-8e77-41a0-bcae-e7109b826a7a,1,0.333333,2013-06-13,2013-06-13,1.0,1.0,0.0,0
23a79d0c-0034-4348-8844-705b7cda6d13,269d6e80-3186-4165-8586-2ccb64b446a4,1,0.166667,2015-01-01,2015-01-01,1.0,1.0,0.0,0
23a79d0c-0034-4348-8844-705b7cda6d13,26cea341-dfab-483f-9cdb-8de82da81019,1,0.166667,2015-01-01,2015-01-01,1.0,1.0,0.0,0
23a79d0c-0034-4348-8844-705b7cda6d13,563abe5e-06b1-430d-99d4-7abf981c6e5a,1,0.166667,2015-01-01,2015-01-01,1.0,1.0,0.0,0
269d6e80-3186-4165-8586-2ccb64b446a4,26cea341-dfab-483f-9cdb-8de82da81019,1,0.166667,2015-01-01,2015-01-01,1.0,1.0,0.0,0
269d6e80-3186-4165-8586-2ccb64b446a4,563abe5e-06b1-430d-99d4-7abf981c6e5a,1,0.166667,2015-01-01,2015-01-01,1.0,1.0,0.0,0
26cea341-dfab-483f-9cdb-8de82da81019,563abe5e-06b1-430d-99d4-7abf981c6e5a,1,0.166667,2015-01-01,2015-01-01,1.0,1.0,0.0,0
1c26f82c-b35d-4c8e-a1f4-9c20747495c9,ff98b821-de0d-4a0e-9002-507bf323a97d,1,1.0,1935-01-01,1935-01-01,1.0,0.153846,1.0,0
70248960-cb53-4ea4-943a-edb18f7d336f,8a338e06-d182-46f2-bd16-30a09bc840ba,1,1.0,1977-01-01,1977-01-01,1.0,0.2,0.0,1
4d5447d7-c61c-4120-ba1b-d7f471d385b9,bf0f7e29-dfe1-416c-b5c6-f9ebc19ea810,1,0.333333,1963-01-01,1963-01-01,1.0,0.538462,0.0,0
ba550d0e-adac-4864-b88b-407cab5e76af,bf0f7e29-dfe1-416c-b5c6-f9ebc19ea810,1,0.333333,1963-01-01,1963-01-01,1.0,0.363636,0.0,1
634fe78e-fc6b-4b2a-ba83-c8c66e13a8aa,ae3d9ebb-6766-49fe-906c-ad0ba33ff6da,2,0.5,1972-01-01,1972-01-01,1.0,0.333333,0.0,1
634fe78e-fc6b-4b2a-ba83-c8c66e13a8aa,ebfc1398-8d96-47e3-82c3-f782abcdb13d,3,0.666667,1972-01-01,1972-01-01,1.0,0.285714,0.0,1
ae3d9ebb-6766-49fe-906c-ad0ba33ff6da,ebfc1398-8d96-47e3-82c3-f782abcdb13d,2,0.5,1972-01-01,1972-01-01,1.0,0.166667,0.0,1
1e9177d5-7804-4b2d-b270-9127a2c47259,756335e3-00c1-4094-b878-b28d70477fd2,1,0.333333,1972-01-01,1972-01-01,1.0,1.0,0.0,0
1e9177d5-7804-4b2d-b270-9127a2c47259,ebfc1398-8d96-47e3-82c3-f782abcdb13d,1,0.333333,1972-01-01,1972-01-01,1.0,0.166667,0.0,1
756335e3-00c1-4094-b878-b28d70477fd2,ebfc1398-8d96-47e3-82c3-f782abcdb13d,1,0.333333,1972-01-01,1972-01-01,1.0,0.166667,0.0,1
634fe78e-fc6b-4b2a-ba83-c8c66e13a8aa,b9bb7959-bdcf-45c2-a73a-0ac2e4333c2f,1,0.166667,1972-01-01,1972-01-01,1.0,0.333333,0.0,1
b9bb7959-bdcf-45c2-a73a-0ac2e4333c2f,ebfc1398-8d96-47e3-82c3-f782abcdb13d,1,0.166667,1972-01-01,1972-01-01,1.0,0.166667,0.0,1
b9bb7959-bdcf-45c2-a73a-0ac2e4333c2f,f032428d-9454-4044-a83c-9a34cbfa6244,1,0.166667,1972-01-01,1972-01-01,1.0,0.5,0.0,0
ebfc1398-8d96-47e3-82c3-f782abcdb13d,f032428d-9454-4044-a83c-9a34cbfa6244,1,0.166667,1972-01-01,1972-01-01,1.0,0.142857,0.0,1
634fe78e-fc6b-4b2a-ba83-c8c66e13a8aa,b548ac3e-b17b-4b82-9a16-49a8ff169732,1,0.166667,1972-01-01,1972-01-01,1.0,0.333333,0.0,1
ae3d9ebb-6766-49fe-906c-ad0ba33ff6da,b548ac3e-b17b-4b82-9a16-49a8ff169732,1,0.166667,1972-01-01,1972-01-01,1.0,1.0,0.0,0
b548ac3e-b17b-4b82-9a16-49a8ff169732,ebfc1398-8d96-47e3-82c3-f782abcdb13d,1,0.166667,1972-01-01,1972-01-01,1.0,0.166667,0.0,1
100d7963-5354-4692-b9ac-d3aeb3eaaa8f,a54d9cd2-1359-4ea3-98a1-fe068fc66814,1,0.166667,1973-01-01,1973-01-01,1.0,0.333333,0.0,1
100d7963-5354-4692-b9ac-d3aeb3eaaa8f,ebfc1398-8d96-47e3-82c3-f782abcdb13d,1,0.166667,1973-01-01,1973-01-01,1.0,0.166667,0.0,1
100d7963-5354-4692-b9ac-d3aeb3eaaa8f,f24331eb-da48-430b-ad7d-48796a5b6255,1,0.166667,1973-01-01,1973-01-01,1.0,1.0,0.0,0
a54d9cd2-1359-4ea3-98a1-fe068fc66814,ebfc1398-8d96-47e3-82c3-f782abcdb13d,1,0.166667,1973-01-01,1973-01-01,1.0,0.285714,0.0,1
a54d9cd2-1359-4ea3-98a1-fe068fc66814,f24331eb-da48-430b-ad7d-48796a5b6255,1,0.166667,1973-01-01,1973-01-01,1.0,0.333333,0.0,1
ebfc1398-8d96-47e3-82c3-f782abcdb13d,f24331eb-da48-430b-ad7d-48796a5b6255,1,0.166667,1973-01-01,1973-01-01,1.0,0.166667,0.0,1
0b30341b-b59d-4979-8130-b66c0e475321,1fefa8b3-806b-4ab9-a066-66574b22aa16,3,0.280952,2018-12-03,2019-01-01,1.0,0.2,1.0,0
0b30341b-b59d-4979-8130-b66c0e475321,bc880664-6751-4998-984d-ebdbff15d229,3,0.280952,2018-12-03,2019-01-01,1.0,0.142857,0.333333,1
0b30341b-b59d-4979-8130-b66c0e475321,e39a514f-f4f3-4ec4-8cdd-817c756d5291,3,0.280952,2018-12-03,2019-01-01,1.0,0.2,1.0,0
1fefa8b3-806b-4ab9-a066-66574b22aa16,bc880664-6751-4998-984d-ebdbff15d229,3,0.280952,2018-12-03,2019-01-01,1.0,0.333333,0.333333,1
1fefa8b3-806b-4ab9-a066-66574b22aa16,e39a514f-f4f3-4ec4-8cdd-817c756d5291,3,0.280952,2018-12-03,2019-01-01,1.0,1.0,1.0,0
bc880664-6751-4998-984d-ebdbff15d229,e39a514f-f4f3-4ec4-8cdd-817c756d5291,3,0.280952,2018-12-03,2019-01-01,1.0,0.333333,0.333333,1
0b30341b-b59d-4979-8130-b66c0e475321,63e8d6f9-e247-45c9-aaf2-e079cddbdd54,2,0.114286,2019-01-01,2019-01-01,1.0,0.2,0.0,1
0b30341b-b59d-4979-8130-b66c0e475321,e0083bb1-bb24-498f-b072-268aa55b5e3e,2,0.114286,2019-01-01,2019-01-01,1.0,0.2,0.0,1
1fefa8b3-806b-4ab9-a066-66574b22aa16,63e8d6f9-e247-45c9-aaf2-e079cddbdd54,2,0.114286,2019-01-01,2019-01-01,1.0,1.0,0.0,0
1fefa8b3-806b-4ab9-a066-66574b22aa16,e0083bb1-bb24-498f-b072-268aa55b5e3e,2,0.114286,2019-01-01,2019-01-01,1.0,1.0,0.0,0
63e8d6f9-e247-45c9-aaf2-e079cddbdd54,bc880664-6751-4998-984d-ebdbff15d229,2,0.114286,2019-01-01,2019-01-01,1.0,0.333333,0.0,1
63e8d6f9-e247-45c9-aaf2-e079cddbdd54,e0083bb1-bb24-498f-b072-268aa55b5e3e,2,0.114286,2019-01-01,2019-01-01,1.0,1.0,0.0,0
63e8d6f9-e247-45c9-aaf2-e079cddbdd54,e39a514f-f4f3-4ec4-8cdd-817c756d5291,2,0.114286,2019-01-01,2019-01-01,1.0,1.0,0.0,0
bc880664-6751-4998-984d-ebdbff15d229,e0083bb1-bb24-498f-b072-268aa55b5e3e,2,0.114286,2019-01-01,2019-01-01,1.0,0.333333,0.0,1
e0083bb1-bb24-498f-b072-268aa55b5e3e,e39a514f-f4f3-4ec4-8cdd-817c756d5291,2,0.114286,2019-01-01,2019-01-01,1.0,1.0,0.0,0
0b30341b-b59d-4979-8130-b66c0e475321,800760de-bdf8-43a2-8fe0-44a2401a5515,1,0.047619,2019-01-01,2019-01-01,1.0,0.375,0.0,1
1fefa8b3-806b-4ab9-a066-66574b22aa16,800760de-bdf8-43a2-8fe0-44a2401a5515,1,0.047619,2019-01-01,2019-01-01,1.0,0.166667,0.0,1
63e8d6f9-e247-45c9-aaf2-e079cddbdd54,800760de-bdf8-43a2-8fe0-44a2401a5515,1,0.047619,2019-01-01,2019-01-01,1.0,0.166667,0.0,1
800760de-bdf8-43a2-8fe0-44a2401a5515,bc880664-6751-4998-984d-ebdbff15d229,1,0.047619,2019-01-01,2019-01-01,1.0,0.5,0.0,0
800760de-bdf8-43a2-8fe0-44a2401a5515,e0083bb1-bb24-498f-b072-268aa55b5e3e,1,0.047619,2019-01-01,2019-01-01,1.0,0.166667,0.0,1
800760de-bdf8-43a2-8fe0-44a2401a5515,e39a514f-f4f3-4ec4-8cdd-817c756d5291,1,0.047619,2019-01-01,2019-01-01,1.0,0.166667,0.0,1
0b30341b-b59d-4979-8130-b66c0e475321,3aebd566-7ff8-4b29-b017-051b6ec55861,1,0.333333,2019-06-21,2019-06-21,1.0,0.2,0.0,1
0b30341b-b59d-4979-8130-b66c0e475321,7cc42035-7d57-4f0b-be72-28fe90284f10,1,0.333333,2019-06-21,2019-06-21,1.0,0.2,0.0,1
3aebd566-7ff8-4b29-b017-051b6ec55861,7cc42035-7d57-4f0b-be72-28fe90284f10,1,0.333333,2019-06-21,2019-06-21,1.0,1.0,0.0,0
0b30341b-b59d-4979-8130-b66c0e475321,2e89c3b1-dc28-4eca-945c-50cdb041e494,1,0.1,2019-06-21,2019-06-21,1.0,0.166667,0.0,1
0b30341b-b59d-4979-8130-b66c0e475321,3c9b356d-d1db-4f4e-a7a3-2d00c1d70255,1,0.1,2019-06-21,2019-06-21,1.0,0.142857,0.0,1
0b30341b-b59d-4979-8130-b66c0e475321,92a5388e-60b0-4600-b988-4993b6f00b3f,2,0.166667,2019-06-21,2021-01-01,1.0,0.2,0.0,1
0b30341b-b59d-4979-8130-b66c0e475321,c9fa0187-ee47-4db4-8e0e-af417c3a3ed4,2,0.166667,2019-06-21,2021-01-01,1.0,0.2,0.0,1
2e89c3b1-dc28-4eca-945c-50cdb041e494,3c9b356d-d1db-4f4e-a7a3-2d00c1d70255,1,0.1,2019-06-21,2019-06-21,1.0,0.666667,0.0,0
2e89c3b1-dc28-4eca-945c-50cdb041e494,92a5388e-60b0-4600-b988-4993b6f00b3f,1,0.1,2019-06-21,2019-06-21,1.0,0.5,0.0,0
2e89c3b1-dc28-4eca-945c-50cdb041e494,c9fa0187-ee47-4db4-8e0e-af417c3a3ed4,1,0.1,2019-06-21,2019-06-21,1.0,0.5,0.0,0
3c9b356d-d1db-4f4e-a7a3-2d00c1d70255,92a5388e-60b0-4600-b988-4993b6f00b3f,1,0.1,2019-06-21,2019-06-21,1.0,0.333333,0.0,1
3c9b356d-d1db-4f4e-a7a3-2d00c1d70255,c9fa0187-ee47-4db4-8e0e-af417c3a3ed4,1,0.1,2019-06-21,2019-06-21,1.0,0.333333,0.0,1
92a5388e-60b0-4600-b988-4993b6f00b3f,c9fa0187-ee47-4db4-8e0e-af417c3a3ed4,2,0.166667,2019-06-21,2021-01-01,1.0,1.0,0.0,0
68c34082-c1d5-4399-af9b-3921ca0a6a1f,e2190b35-1181-44f6-8587-4c04123a6f30,4,0.833333,1984-01-01,1990-01-01,1.0,0.666667,0.0,0
68c34082-c1d5-4399-af9b-3921ca0a6a1f,f90e8b26-9e52-4669-a5c9-e28529c47894,1,0.333333,1990-01-01,1990-01-01,1.0,0.333333,0.0,1
e2190b35-1181-44f6-8587-4c04123a6f30,f90e8b26-9e52-4669-a5c9-e28529c47894,1,0.333333,1990-01-01,1990-01-01,1.0,0.222222,0.0,1
5f6ab597-f57a-40da-be9e-adad48708203,661bc212-bee1-4642-9fd6-a07a4a04dd3a,2,0.666667,1992-01-01,1992-01-01,1.0,0.071429,0.666667,0
5f6ab597-f57a-40da-be9e-adad48708203,f90e8b26-9e52-4669-a5c9-e28529c47894,3,1.0,1992-01-01,1992-01-01,1.0,0.533333,1.0,0
661bc212-bee1-4642-9fd6-a07a4a04dd3a,f90e8b26-9e52-4669-a5c9-e28529c47894,2,0.666667,1992-01-01,1992-01-01,1.0,0.111111,0.666667,0
b57656ce-7e16-42ca-84cc-882067041e4d,bfdcb8b3-e2a7-4c6a-82ea-b1a2f7a97c2a,3,1.0,2020-06-12,2021-01-08,1.0,1.0,0.0,0
b57656ce-7e16-42ca-84cc-882067041e4d,c5af5794-9050-4449-b47c-dec1cad48a57,3,1.0,2020-06-12,2021-01-08,1.0,1.0,0.0,0
bfdcb8b3-e2a7-4c6a-82ea-b1a2f7a97c2a,c5af5794-9050-4449-b47c-dec1cad48a57,3,1.0,2020-06-12,2021-01-08,1.0,1.0,0.0,0
519774a4-3b18-4042-b8c0-927845a616c9,db76c5ca-d555-4f09-b1db-baa1b713d875,1,0.333333,1971-01-01,1971-01-01,1.0,0.25,0.2,1
bd53f9a7-8be9-46b0-bf7d-1deea3cb57bc,db76c5ca-d555-4f09-b1db-baa1b713d875,1,0.333333,1971-01-01,1971-01-01,1.0,0.25,0.2,1
519774a4-3b18-4042-b8c0-927845a616c9,541f16f5-ad7a-428e-af89-9fa1b16d3c9c,1,0.333333,1971-01-01,1971-01-01,1.0,0.285714,0.2,1
541f16f5-ad7a-428e-af89-9fa1b16d3c9c,bd53f9a7-8be9-46b0-bf7d-1deea3cb57bc,1,0.333333,1971-01-01,1971-01-01,1.0,0.285714,0.2,1
00793456-2e3f-49ab-9439-84efe81dc0e2,8f92558c-2baa-4758-8c38-615519e9deda,1,1.0,1959-01-01,1959-01-01,1.0,0.0,1.0,0
10ae1bf6-88b2-4fb4-8fbe-8227a49803d3,6fa2e161-200e-475a-8492-3755594581f9,4,0.4,1979-07-11,1980-01-01,1.0,1.0,0.0,0
10ae1bf6-88b2-4fb4-8fbe-8227a49803d3,73e7c483-9f3e-4a72-a359-582452fbaeac,4,0.4,1979-07-11,1980-01-01,1.0,1.0,0.0,0
10ae1bf6-88b2-4fb4-8fbe-8227a49803d3,b3036249-8b39-4d02-a312-d31a63497bbc,4,0.4,1979-07-11,1980-01-01,1.0,1.0,0.0,0
10ae1bf6-88b2-4fb4-8fbe-8227a49803d3,f1106b17-dcbb-45f6-b938-199ccfab50cc,3,0.3,1980-01-01,1980-01-01,1.0,0.111111,0.0,1
6fa2e161-200e-475a-8492-3755594581f9,f1106b17-dcbb-45f6-b938-199ccfab50cc,4,0.4,1980-01-01,1982-01-01,1.0,0.111111,0.0,1
73e7c483-9f3e-4a72-a359-582452fbaeac,f1106b17-dcbb-45f6-b938-199ccfab50cc,4,0.4,1980-01-01,1982-01-01,1.0,0.111111,0.0,1
b3036249-8b39-4d02-a312-d31a63497bbc,f1106b17-dcbb-45f6-b938-199ccfab50cc,4,0.4,1980-01-01,1982-01-01,1.0,0.111111,0.0,1
c970c5cd-facf-4c49-babf-a5b688c1ec40,f1106b17-dcbb-45f6-b938-199ccfab50cc,1,0.1,1982-01-01,1982-01-01,1.0,0.111111,0.0,1
8ef1df30-ae4f-4dbd-9351-1a32b208a01e,9759df23-f2a5-4887-8926-e62ef15d7e6c,1,0.166667,2009-01-01,2009-01-01,1.0,0.076923,0.0,1
8ef1df30-ae4f-4dbd-9351-1a32b208a01e,9b6d374f-4aa4-4483-8587-45ed4758d231,1,0.166667,2009-01-01,2009-01-01,1.0,0.076923,0.0,1
8ef1df30-ae4f-4dbd-9351-1a32b208a01e,9fff2f8a-21e6-47de-a2b8-7f449929d43f,1,0.166667,2009-01-01,2009-01-01,1.0,0.615385,0.0,0
9759df23-f2a5-4887-8926-e62ef15d7e6c,9b6d374f-4aa4-4483-8587-45ed4758d231,1,0.166667,2009-01-01,2009-01-01,1.0,1.0,0.0,0
9759df23-f2a5-4887-8926-e62ef15d7e6c,9fff2f8a-21e6-47de-a2b8-7f449929d43f,2,0.202381,2009-01-01,2016-04-05,1.0,0.125,1.0,0
9b6d374f-4aa4-4483-8587-45ed4758d231,9fff2f8a-21e6-47de-a2b8-7f449929d43f,1,0.166667,2009-01-01,2009-01-01,1.0,0.125,0.0,1
46ca8889-f33e-46ae-8379-09f48bc84897,64fa7b75-6c24-445c-ba2c-c951a4a44424,1,0.022222,2024-10-11,2024-10-11,1.0,0.0,0.0,1
46ca8889-f33e-46ae-8379-09f48bc84897,652d2a37-9ab2-4a6f-9814-d9e50c4a0faf,1,0.022222,2024-10-11,2024-10-11,1.0,1.0,0.0,0
46ca8889-f33e-46ae-8379-09f48bc84897,7a2632ff-09d9-4ac8-b7fa-41158f5547a7,1,0.022222,2024-10-11,2024-10-11,1.0,0.0,0.0,1
46ca8889-f33e-46ae-8379-09f48bc84897,82b2ac64-4ef4-470f-b2f9-58074a4b9c13,1,0.022222,2024-10-11,2024-10-11,1.0,0.0,0.0,1
46ca8889-f33e-46ae-8379-09f48bc84897,85d76093-9865-4605-97fa-8c910929d366,1,0.022222,2024-10-11,2024-10-11,1.0,0.0,0.0,1
46ca8889-f33e-46ae-8379-09f48bc84897,d503ccef-f74a-4872-aaa0-6777a57a9353,1,0.022222,2024-10-11,2024-10-11,1.0,0.0,0.0,1
46ca8889-f33e-46ae-8379-09f48bc84897,ea72e02e-5dc4-41d5-acee-55057279aae3,1,0.022222,2024-10-11,2024-10-11,1.0,0.0,0.0,1
46ca8889-f33e-46ae-8379-09f48bc84897,fd9ca609-a068-44fe-be99-045c0bb63ebf,1,0.022222,2024-10-11,2024-10-11,1.0,0.0,0.0,1
46ca8889-f33e-46ae-8379-09f48bc84897,ffe22552-e13c-4d79-825e-6b4db11d4693,1,0.022222,2024-10-11,2024-10-11,1.0,0.0,0.0,1
64fa7b75-6c24-445c-ba2c-c951a4a44424,652d2a37-9ab2-4a6f-9814-d9e50c4a0faf,1,0.022222,2024-10-11,2024-10-11,1.0,0.0,0.0,1
64fa7b75-6c24-445c-ba2c-c951a4a44424,7a2632ff-09d9-4ac8-b7fa-41158f5547a7,1,0.022222,2024-10-11,2024-10-11,1.0,1.0,0.0,0
64fa7b75-6c24-445c-ba2c-c951a4a44424,82b2ac64-4ef4-470f-b2f9-58074a4b9c13,1,0.022222,2024-10-11,2024-10-11,1.0,1.0,0.0,0
64fa7b75-6c24-445c-ba2c-c951a4a44424,85d76093-9865-4605-97fa-8c910929d366,1,0.022222,2024-10-11,2024-10-11,1.0,1.0,0.0,0
64fa7b75-6c24-445c-ba2c-c951a4a44424,d503ccef-f74a-4872-aaa0-6777a57a9353,1,0.022222,2024-10-11,2024-10-11,1.0,1.0,0.0,0
64fa7b75-6c24-445c-ba2c-c951a4a44424,ea72e02e-5dc4-41d5-acee-55057279aae3,1,0.022222,2024-10-11,2024-10-11,1.0,1.0,0.0,0
64fa7b75-6c24-445c-ba2c-c951a4a44424,fd9ca609-a068-44fe-be99-045c0bb63ebf,1,0.022222,2024-10-11,2024-10-11,1.0,1.0,0.0,0
64fa7b75-6c24-445c-ba2c-c951a4a44424,ffe22552-e13c-4d79-825e-6b4db11d4693,1,0.022222,2024-10-11,2024-10-11,1.0,1.0,0.0,0
652d2a37-9ab2-4a6f-9814-d9e50c4a0faf,7a2632ff-09d9-4ac8-b7fa-41158f5547a7,1,0.022222,2024-10-11,2024-10-11,1.0,0.0,0.0,1
652d2a37-9ab2-4a6f-9814-d9e50c4a0faf,82b2ac64-4ef4-470f-b2f9-58074a4b9c13,1,0.022222,2024-10-11,2024-10-11,1.0,0.0,0.0,1
652d2a37-9ab2-4a6f-9814-d9e50c4a0faf,85d76093-9865-4605-97fa-8c910929d366,1,0.022222,2024-10-11,2024-10-11,1.0,0.0,0.0,1
652d2a37-9ab2-4a6f-9814-d9e50c4a0faf,d503ccef-f74a-4872-aaa0-6777a57a9353,1,0.022222,2024-10-11,2024-10-11,1.0,0.0,0.0,1
652d2a37-9ab2-4a6f-9814-d9e50c4a0faf,ea72e02e-5dc4-41d5-acee-55057279aae3,1,0.022222,2024-10-11,2024-10-11,1.0,0.0,0.0,1
652d2a37-9ab2-4a6f-9814-d9e50c4a0faf,fd9ca609-a068-44fe-be99-045c0bb63ebf,1,0.022222,2024-10-11,2024-10-11,1.0,0.0,0.0,1
652d2a37-9ab2-4a6f-9814-d9e50c4a0faf,ffe22552-e13c-4d79-825e-6b4db11d4693,1,0.022222,2024-10-11,2024-10-11,1.0,0.0,0.0,1
7a2632ff-09d9-4ac8-b7fa-41158f5547a7,82b2ac64-4ef4-470f-b2f9-58074a4b9c13,1,0.022222,2024-10-11,2024-10-11,1.0,1.0,0.0,0
7a2632ff-09d9-4ac8-b7fa-41158f5547a7,85d76093-9865-4605-97fa-8c910929d366,1,0.022222,2024-10-11,2024-10-11,1.0,1.0,0.0,0
7a2632ff-09d9-4ac8-b7fa-41158f5547a7,d503ccef-f74a-4872-aaa0-6777a57a9353,1,0.022222,2024-10-11,2024-10-11,1.0,1.0,0.0,0
7a2632ff-09d9-4ac8-b7fa-41158f5547a7,ea72e02e-5dc4-41d5-acee-55057279aae3,1,0.022222,2024-10-11,2024-10-11,1.0,1.0,0.0,0
7a2632ff-09d9-4ac8-b7fa-41158f5547a7,fd9ca609-a068-44fe-be99-045c0bb63ebf,1,0.022222,2024-10-11,2024-10-11,1.0,1.0,0.0,0
7a2632ff-09d9-4ac8-b7fa-41158f5547a7,ffe22552-e13c-4d79-825e-6b4db11d4693,1,0.022222,2024-10-11,2024-10-11,1.0,1.0,0.0,0
82b2ac64-4ef4-470f-b2f9-58074a4b9c13,85d76093-9865-4605-97fa-8c910929d366,1,0.022222,2024-10-11,2024-10-11,1.0,1.0,0.0,0
82b2ac64-4ef4-470f-b2f9-58074a4b9c13,d503ccef-f74a-4872-aaa0-6777a57a9353,1,0.022222,2024-10-11,2024-10-11,1.0,1.0,0.0,0
82b2ac64-4ef4-470f-b2f9-58074a4b9c13,ea72e02e-5dc4-41d5-acee-55057279aae3,1,0.022222,2024-10-11,2024-10-11,1.0,1.0,0.0,0
82b2ac64-4ef4-470f-b2f9-58074a4b9c13,fd9ca609-a068-44fe-be99-045c0bb63ebf,1,0.022222,2024-10-11,2024-10-11,1.0,1.0,0.0,0
82b2ac64-4ef4-470f-b2f9-58074a4b9c13,ffe22552-e13c-4d79-825e-6b4db11d4693,1,0.022222,2024-10-11,2024-10-11,1.0,1.0,0.0,0
85d76093-9865-4605-97fa-8c910929d366,d503ccef-f74a-4872-aaa0-6777a57a9353,1,0.022222,2024-10-11,2024-10-11,1.0,1.0,0.0,0
85d76093-9865-4605-97fa-8c910929d366,ea72e02e-5dc4-41d5-acee-55057279aae3,1,0.022222,2024-10-11,2024-10-11,1.0,1.0,0.0,0
85d76093-9865-4605-97fa-8c910929d366,fd9ca609-a068-44fe-be99-045c0bb63ebf,1,0.022222,2024-10-11,2024-10-11,1.0,1.0,0.0,0
85d76093-9865-4605-97fa-8c910929d366,ffe22552-e13c-4d79-825e-6b4db11d4693,1,0.022222,2024-10-11,2024-10-11,1.0,1.0,0.0,0
d503ccef-f74a-4872-aaa0-6777a57a9353,ea72e02e-5dc4-41d5-acee-55057279aae3,1,0.022222,2024-10-11,2024-10-11,1.0,1.0,0.0,0
d503ccef-f74a-4872-aaa0-6777a57a9353,fd9ca609-a068-44fe-be99-045c0bb63ebf,1,0.022222,2024-10-11,2024-10-11,1.0,1.0,0.0,0
d503ccef-f74a-4872-aaa0-6777a57a9353,ffe22552-e13c-4d79-825e-6b4db11d4693,1,0.022222,2024-10-11,2024-10-11,1.0,1.0,0.0,0
ea72e02e-5dc4-41d5-acee-55057279aae3,fd9ca609-a068-44fe-be99-045c0bb63ebf,1,0.022222,2024-10-11,2024-10-11,1.0,1.0,0.0,0
ea72e02e-5dc4-41d5-acee-55057279aae3,ffe22552-e13c-4d79-825e-6b4db11d4693,1,0.022222,2024-10-11,2024-10-11,1.0,1.0,0.0,0
fd9ca609-a068-44fe-be99-045c0bb63ebf,ffe22552-e13c-4d79-825e-6b4db11d4693,1,0.022222,2024-10-11,2024-10-11,1.0,1.0,0.0,0
1ee7489a-af64-4ca2-9041-c1d8588b3a97,382f1005-e9ab-4684-afd4-0bdae4ee37f2,1,0.1,1992-01-01,1992-01-01,1.0,0.1,1.0,0
1ee7489a-af64-4ca2-9041-c1d8588b3a97,5c94241f-d522-4222-a1d6-8b08dbd26723,1,0.1,1992-01-01,1992-01-01,1.0,0.0,1.0,0
1ee7489a-af64-4ca2-9041-c1d8588b3a97,73a156a2-816d-4b3c-ae2e-579da4b998bc,1,0.1,1992-01-01,1992-01-01,1.0,1.0,1.0,0
1ee7489a-af64-4ca2-9041-c1d8588b3a97,ceb3f5b7-9f1a-430f-afbe-976fdcf30482,1,0.1,1992-01-01,1992-01-01,1.0,0.333333,1.0,0
382f1005-e9ab-4684-afd4-0bdae4ee37f2,5c94241f-d522-4222-a1d6-8b08dbd26723,1,0.1,1992-01-01,1992-01-01,1.0,0.1,1.0,0
382f1005-e9ab-4684-afd4-0bdae4ee37f2,73a156a2-816d-4b3c-ae2e-579da4b998bc,1,0.1,1992-01-01,1992-01-01,1.0,0.1,1.0,0
382f1005-e9ab-4684-afd4-0bdae4ee37f2,ceb3f5b7-9f1a-430f-afbe-976fdcf30482,1,0.1,1992-01-01,1992-01-01,1.0,0.3,1.0,0
5c94241f-d522-4222-a1d6-8b08dbd26723,73a156a2-816d-4b3c-ae2e-579da4b998bc,1,0.1,1992-01-01,1992-01-01,1.0,0.0,1.0,0
5c94241f-d522-4222-a1d6-8b08dbd26723,ceb3f5b7-9f1a-430f-afbe-976fdcf30482,1,0.1,1992-01-01,1992-01-01,1.0,0.0,1.0,0
73a156a2-816d-4b3c-ae2e-579da4b998bc,ceb3f5b7-9f1a-430f-afbe-976fdcf30482,1,0.1,1992-01-01,1992-01-01,1.0,0.333333,1.0,0
0719f327-24e8-468e-bed0-44214a55a19c,0d352490-3cc7-43fc-b824-8aa8c9c855e1,1,0.1,1977-01-01,1977-01-01,1.0,1.0,0.0,0
0719f327-24e8-468e-bed0-44214a55a19c,1b389bc0-68d2-4e2e-af22-6be1075b907d,1,0.1,1977-01-01,1977-01-01,1.0,1.0,0.0,0
0719f327-24e8-468e-bed0-44214a55a19c,804088ed-13ef-45c5-994f-a811371b3f4a,1,0.1,1977-01-01,1977-01-01,1.0,1.0,0.0,0
0719f327-24e8-468e-bed0-44214a55a19c,9a58fda3-f4ed-4080-a3a5-f457aac9fcdd,1,0.1,1977-01-01,1977-01-01,1.0,0.0,0.0,1
0d352490-3cc7-43fc-b824-8aa8c9c855e1,1b389bc0-68d2-4e2e-af22-6be1075b907d,1,0.1,1977-01-01,1977-01-01,1.0,1.0,0.0,0
0d352490-3cc7-43fc-b824-8aa8c9c855e1,804088ed-13ef-45c5-994f-a811371b3f4a,1,0.1,1977-01-01,1977-01-01,1.0,1.0,0.0,0
0d352490-3cc7-43fc-b824-8aa8c9c855e1,9a58fda3-f4ed-4080-a3a5-f457aac9fcdd,1,0.1,1977-01-01,1977-01-01,1.0,0.0,0.0,1
1b389bc0-68d2-4e2e-af22-6be1075b907d,804088ed-13ef-45c5-994f-a811371b3f4a,1,0.1,1977-01-01,1977-01-01,1.0,1.0,0.0,0
1b389bc0-68d2-4e2e-af22-6be1075b907d,9a58fda3-f4ed-4080-a3a5-f457aac9fcdd,1,0.1,1977-01-01,1977-01-01,1.0,0.0,0.0,1
804088ed-13ef-45c5-994f-a811371b3f4a,9a58fda3-f4ed-4080-a3a5-f457aac9fcdd,1,0.1,1977-01-01,1977-01-01,1.0,0.0,0.0,1
10ae1bf6-88b2-4fb4-8fbe-8227a49803d3,9a58fda3-f4ed-4080-a3a5-f457aac9fcdd,1,0.1,1979-07-11,1979-07-11,1.0,0.0,0.0,1
6fa2e161-200e-475a-8492-3755594581f9,9a58fda3-f4ed-4080-a3a5-f457aac9fcdd,1,0.1,1979-07-11,1979-07-11,1.0,0.0,0.0,1
73e7c483-9f3e-4a72-a359-582452fbaeac,9a58fda3-f4ed-4080-a3a5-f457aac9fcdd,1,0.1,1979-07-11,1979-07-11,1.0,0.0,0.0,1
9a58fda3-f4ed-4080-a3a5-f457aac9fcdd,b3036249-8b39-4d02-a312-d31a63497bbc,1,0.1,1979-07-11,1979-07-11,1.0,0.0,0.0,1
9b6e2f6a-945d-422d-926e-ebb77b8dd109,fc017c37-5f0a-4fd9-823e-9cd8f51e8ece,1,1.0,1998-02-24,1998-02-24,1.0,1.0,0.0,0
c3da3346-2643-48a7-93cd-011f6834b3d7,ed2ac1e9-d51d-4eff-a2c2-85e81abd6360,1,1.0,1977-01-01,1977-01-01,0.63016,0.333333,0.272727,1
4f340060-bd77-4d55-8562-c1882f2f70ba,89e95aa3-bd49-4af3-9c87-0d88b2093bb0,4,3.333333,2021-11-24,2023-04-20,1.0,0.333333,0.0,1
3e90b322-0441-4e28-ac19-078d0594302c,4f340060-bd77-4d55-8562-c1882f2f70ba,1,0.333333,2023-04-20,2023-04-20,1.0,1.0,0.0,0
3e90b322-0441-4e28-ac19-078d0594302c,89e95aa3-bd49-4af3-9c87-0d88b2093bb0,2,0.666667,2023-04-20,2023-04-20,1.0,0.333333,0.0,1
3e90b322-0441-4e28-ac19-078d0594302c,59b5ea0e-a532-4128-9b35-7cc38c58e6e8,1,0.333333,2023-04-20,2023-04-20,1.0,1.0,0.0,0
59b5ea0e-a532-4128-9b35-7cc38c58e6e8,89e95aa3-bd49-4af3-9c87-0d88b2093bb0,1,0.333333,2023-04-20,2023-04-20,1.0,0.333333,0.0,1
155cfd40-dcde-471e-acc0-32179916165c,35214d53-009b-45d9-8a00-6664325b9e2a,1,0.166667,2025-08-01,2025-08-01,1.0,0.571429,0.0,0
155cfd40-dcde-471e-acc0-32179916165c,5c6394b5-3af5-43f2-83c0-a061750ad233,1,0.166667,2025-08-01,2025-08-01,1.0,0.166667,0.0,1
155cfd40-dcde-471e-acc0-32179916165c,7d7fde25-6f14-497b-8326-770a6dbfc2d8,1,0.166667,2025-08-01,2025-08-01,1.0,0.166667,0.0,1
35214d53-009b-45d9-8a00-6664325b9e2a,5c6394b5-3af5-43f2-83c0-a061750ad233,1,0.166667,2025-08-01,2025-08-01,1.0,0.2,0.0,1
35214d53-009b-45d9-8a00-6664325b9e2a,7d7fde25-6f14-497b-8326-770a6dbfc2d8,1,0.166667,2025-08-01,2025-08-01,1.0,0.2,0.0,1
5c6394b5-3af5-43f2-83c0-a061750ad233,7d7fde25-6f14-497b-8326-770a6dbfc2d8,1,0.166667,2025-08-01,2025-08-01,1.0,1.0,0.0,0
155cfd40-dcde-471e-acc0-32179916165c,1662397b-22d3-45cd-9c96-20350ec12e98,1,1.0,2025-08-01,2025-08-01,1.0,0.166667,0.0,1
6100fb19-ce8d-4ad4-873a-0d16d7024c66,f69e15c5-2768-40b1-b251-0e3271d00e53,5,5.0,2010-02-01,2011-01-01,1.0,1.0,0.0,0
203c31dc-4004-45ac-97bd-78e07e7f91ee,3f12a151-46d1-4814-bb14-4d1b05e6a30c,1,1.0,1999-01-01,1999-01-01,1.0,1.0,0.0,0
33c573df-4e2a-4e28-a27a-13382af11fe5,4374e50c-f57d-492c-bd70-c11422f7fde6,1,0.333333,1990-01-01,1990-01-01,1.0,1.0,0.0,0
33c573df-4e2a-4e28-a27a-13382af11fe5,dacc2d64-7e59-42a8-87a9-10c53919aff2,1,0.333333,1990-01-01,1990-01-01,1.0,0.142857,0.0,1
4374e50c-f57d-492c-bd70-c11422f7fde6,dacc2d64-7e59-42a8-87a9-10c53919aff2,1,0.333333,1990-01-01,1990-01-01,1.0,0.142857,0.0,1
8f4c7ad3-c95c-4d62-a554-3416fb5204f4,bd20fa3d-277c-483f-bd0e-5f8d8ae011c6,1,0.333333,1991-01-01,1991-01-01,1.0,1.0,0.0,0
8f4c7ad3-c95c-4d62-a554-3416fb5204f4,dacc2d64-7e59-42a8-87a9-10c53919aff2,1,0.333333,1991-01-01,1991-01-01,1.0,0.142857,0.0,1
bd20fa3d-277c-483f-bd0e-5f8d8ae011c6,dacc2d64-7e59-42a8-87a9-10c53919aff2,1,0.333333,1991-01-01,1991-01-01,1.0,0.142857,0.0,1
03ad1736-b7c9-412a-b442-82536d63a5c4,7999a8a1-6cbd-4453-8dd4-ebd03a10e44f,1,1.0,1997-01-01,1997-01-01,1.0,0.75,0.0,0
1ee18fb3-18a6-4c7f-8ba0-bc41cdd0462e,773c48db-eb0c-491f-9a36-633d72dcee8d,1,0.166667,1994-01-01,1994-01-01,1.0,0.076923,0.0,1
1ee18fb3-18a6-4c7f-8ba0-bc41cdd0462e,cc30e630-8c75-4d78-b205-8e2edc6bdaa7,1,0.166667,1994-01-01,1994-01-01,1.0,0.076923,0.0,1
1ee18fb3-18a6-4c7f-8ba0-bc41cdd0462e,ed32d69b-7666-4eb8-b865-fe9a361e10e3,1,0.166667,1994-01-01,1994-01-01,1.0,0.076923,0.0,1
773c48db-eb0c-491f-9a36-633d72dcee8d,cc30e630-8c75-4d78-b205-8e2edc6bdaa7,1,0.166667,1994-01-01,1994-01-01,1.0,1.0,0.0,0
773c48db-eb0c-491f-9a36-633d72dcee8d,ed32d69b-7666-4eb8-b865-fe9a361e10e3,1,0.166667,1994-01-01,1994-01-01,1.0,1.0,0.0,0
cc30e630-8c75-4d78-b205-8e2edc6bdaa7,ed32d69b-7666-4eb8-b865-fe9a361e10e3,1,0.166667,1994-01-01,1994-01-01,1.0,1.0,0.0,0
3f962bf0-42a0-45a0-830f-07b66301d35f,55b83fcc-7f1e-4d2d-a8bf-751152fd9fac,1,1.0,1955-01-01,1955-01-01,1.0,0.285714,1.0,0
42a8f507-8412-4611-854f-926571049fa0,4d5447d7-c61c-4120-ba1b-d7f471d385b9,1,0.333333,1968-01-01,1968-01-01,0.793324,0.666667,0.227273,0
42a8f507-8412-4611-854f-926571049fa0,ba550d0e-adac-4864-b88b-407cab5e76af,1,0.333333,1968-01-01,1968-01-01,0.793324,0.590909,0.227273,0
8a184178-86df-4b86-ab58-78c440c313c4,aee63f14-ab80-4b37-86e4-d06fe05a898c,1,1.0,2001-01-01,2001-01-01,1.0,0.0,0.0,1
2f4719c5-58c5-4d5d-b09c-b7c5fb1450da,66fc5bf8-daa4-4241-b378-9bc9077939d2,3,0.3,1991-01-01,1993-01-01,1.0,0.166667,0.0,1
2f4719c5-58c5-4d5d-b09c-b7c5fb1450da,82856c21-c448-4432-bc79-97009b7eb853,3,0.3,1991-01-01,1993-01-01,1.0,1.0,0.0,0
2f4719c5-58c5-4d5d-b09c-b7c5fb1450da,a1b61d0f-2333-44f5-afee-cc0c2eab71a4,3,0.3,1991-01-01,1993-01-01,1.0,1.0,0.0,0
2f4719c5-58c5-4d5d-b09c-b7c5fb1450da,b63a1df4-19dd-4cdb-a0f5-0e575d1f080f,3,0.3,1991-01-01,1993-01-01,1.0,1.0,0.0,0
66fc5bf8-daa4-4241-b378-9bc9077939d2,82856c21-c448-4432-bc79-97009b7eb853,3,0.3,1991-01-01,1993-01-01,1.0,0.166667,0.0,1
66fc5bf8-daa4-4241-b378-9bc9077939d2,a1b61d0f-2333-44f5-afee-cc0c2eab71a4,3,0.3,1991-01-01,1993-01-01,1.0,0.166667,0.0,1
66fc5bf8-daa4-4241-b378-9bc9077939d2,b63a1df4-19dd-4cdb-a0f5-0e575d1f080f,3,0.3,1991-01-01,1993-01-01,1.0,0.166667,0.0,1
82856c21-c448-4432-bc79-97009b7eb853,a1b61d0f-2333-44f5-afee-cc0c2eab71a4,3,0.3,1991-01-01,1993-01-01,1.0,1.0,0.0,0
82856c21-c448-4432-bc79-97009b7eb853,b63a1df4-19dd-4cdb-a0f5-0e575d1f080f,3,0.3,1991-01-01,1993-01-01,1.0,1.0,0.0,0
a1b61d0f-2333-44f5-afee-cc0c2eab71a4,b63a1df4-19dd-4cdb-a0f5-0e575d1f080f,3,0.3,1991-01-01,1993-01-01,1.0,1.0,0.0,0
656b39fb-979c-4c57-bb87-61d1a8eb38d1,66fc5bf8-daa4-4241-b378-9bc9077939d2,1,1.0,1992-01-01,1992-01-01,1.0,0.166667,0.0,1
0306f284-3be8-4ccc-a6e1-f4f2021f796f,2a57b4aa-b16a-4723-aa0b-bdb0371930b1,1,0.333333,2023-06-01,2023-06-01,1.0,1.0,1.0,0
0306f284-3be8-4ccc-a6e1-f4f2021f796f,9670119d-7c83-4dc2-b864-de820edf9ecd,1,0.333333,2023-06-01,2023-06-01,1.0,1.0,1.0,0
2a57b4aa-b16a-4723-aa0b-bdb0371930b1,9670119d-7c83-4dc2-b864-de820edf9ecd,1,0.333333,2023-06-01,2023-06-01,1.0,1.0,1.0,0
2d9eca62-e738-494a-827b-a4f7a847d75c,e96e95c5-ec1e-41e9-b518-cc63c5ada84e,1,1.0,2013-02-03,2013-02-03,1.0,1.0,0.0,0
539a6364-1b25-4723-85fd-89fd6dfa51b9,ea4dfa26-f633-4da6-a52a-f49ea4897b58,1,0.333333,1977-01-01,1977-01-01,1.0,0.142857,1.0,0
ea4dfa26-f633-4da6-a52a-f49ea4897b58,f37b3f31-b1f8-4b88-8cb5-b34f709b17d7,1,0.333333,1977-01-01,1977-01-01,1.0,0.111111,1.0,0
405e3c0e-e430-4e82-bb68-055d026e90fd,79b3801c-f1eb-46c4-b486-4d42cb691d25,1,0.166667,2022-04-29,2022-04-29,1.0,1.0,0.0,0
405e3c0e-e430-4e82-bb68-055d026e90fd,91450f97-d44a-4364-acf4-882433df30a8,1,0.166667,2022-04-29,2022-04-29,1.0,1.0,0.0,0
405e3c0e-e430-4e82-bb68-055d026e90fd,f29e031f-c6b6-4d52-8edd-dc8e14378e74,1,0.166667,2022-04-29,2022-04-29,1.0,0.2,0.0,1
79b3801c-f1eb-46c4-b486-4d42cb691d25,91450f97-d44a-4364-acf4-882433df30a8,1,0.166667,2022-04-29,2022-04-29,1.0,1.0,0.0,0
79b3801c-f1eb-46c4-b486-4d42cb691d25,f29e031f-c6b6-4d52-8edd-dc8e14378e74,3,1.214286,2022-04-29,2023-01-01,1.0,0.2,0.0,1
91450f97-d44a-4364-acf4-882433df30a8,f29e031f-c6b6-4d52-8edd-dc8e14378e74,1,0.166667,2022-04-29,2022-04-29,1.0,0.2,0.0,1
384dfb61-c597-4303-97be-667b571041f9,5f43abf6-92a5-468a-a633-b73f94627972,1,0.047619,2023-01-01,2023-01-01,1.0,1.0,0.0,0
384dfb61-c597-4303-97be-667b571041f9,6f26a8e3-4f71-41a1-94dd-d9859b6b888f,1,0.047619,2023-01-01,2023-01-01,1.0,1.0,0.0,0
384dfb61-c597-4303-97be-667b571041f9,79b3801c-f1eb-46c4-b486-4d42cb691d25,1,0.047619,2023-01-01,2023-01-01,1.0,1.0,0.0,0
384dfb61-c597-4303-97be-667b571041f9,a0fc6295-3026-46d4-b978-84da18b34f71,1,0.047619,2023-01-01,2023-01-01,1.0,1.0,0.0,0
384dfb61-c597-4303-97be-667b571041f9,f29e031f-c6b6-4d52-8edd-dc8e14378e74,1,0.047619,2023-01-01,2023-01-01,1.0,0.2,0.0,1
5f43abf6-92a5-468a-a633-b73f94627972,6f26a8e3-4f71-41a1-94dd-d9859b6b888f,1,0.047619,2023-01-01,2023-01-01,1.0,1.0,0.0,0
5f43abf6-92a5-468a-a633-b73f94627972,79b3801c-f1eb-46c4-b486-4d42cb691d25,1,0.047619,2023-01-01,2023-01-01,1.0,1.0,0.0,0
5f43abf6-92a5-468a-a633-b73f94627972,a0fc6295-3026-46d4-b978-84da18b34f71,1,0.047619,2023-01-01,2023-01-01,1.0,1.0,0.0,0
5f43abf6-92a5-468a-a633-b73f94627972,b13f0288-830a-4ad7-9c60-830f545e5e2b,1,0.047619,2023-01-01,2023-01-01,1.0,1.0,0.0,0
5f43abf6-92a5-468a-a633-b73f94627972,f29e031f-c6b6-4d52-8edd-dc8e14378e74,1,0.047619,2023-01-01,2023-01-01,1.0,0.2,0.0,1
6f26a8e3-4f71-41a1-94dd-d9859b6b888f,79b3801c-f1eb-46c4-b486-4d42cb691d25,1,0.047619,2023-01-01,2023-01-01,1.0,1.0,0.0,0
6f26a8e3-4f71-41a1-94dd-d9859b6b888f,a0fc6295-3026-46d4-b978-84da18b34f71,1,0.047619,2023-01-01,2023-01-01,1.0,1.0,0.0,0
6f26a8e3-4f71-41a1-94dd-d9859b6b888f,b13f0288-830a-4ad7-9c60-830f545e5e2b,1,0.047619,2023-01-01,2023-01-01,1.0,1.0,0.0,0
6f26a8e3-4f71-41a1-94dd-d9859b6b888f,f29e031f-c6b6-4d52-8edd-dc8e14378e74,1,0.047619,2023-01-01,2023-01-01,0.872839,0.2,0.0,1
79b3801c-f1eb-46c4-b486-4d42cb691d25,a0fc6295-3026-46d4-b978-84da18b34f71,1,0.047619,2023-01-01,2023-01-01,1.0,1.0,0.0,0
79b3801c-f1eb-46c4-b486-4d42cb691d25,b13f0288-830a-4ad7-9c60-830f545e5e2b,1,0.047619,2023-01-01,2023-01-01,1.0,1.0,0.0,0
a0fc6295-3026-46d4-b978-84da18b34f71,b13f0288-830a-4ad7-9c60-830f545e5e2b,1,0.047619,2023-01-01,2023-01-01,1.0,1.0,0.0,0
a0fc6295-3026-46d4-b978-84da18b34f71,f29e031f-c6b6-4d52-8edd-dc8e14378e74,1,0.047619,2023-01-01,2023-01-01,1.0,0.2,0.0,1
b13f0288-830a-4ad7-9c60-830f545e5e2b,f29e031f-c6b6-4d52-8edd-dc8e14378e74,1,0.047619,2023-01-01,2023-01-01,1.0,0.2,0.0,1
2f67ee1b-164a-4cc1-9d8e-7fa5f67d4b45,f29e031f-c6b6-4d52-8edd-dc8e14378e74,1,1.0,2023-03-17,2023-03-17,1.0,0.2,0.0,1
3bde6f06-77fe-47db-8d01-c6edb694c2aa,edf81f9b-d3f0-4d57-9636-d08e851b1640,1,0.166667,2023-08-04,2023-08-04,1.0,1.0,0.0,0
3bde6f06-77fe-47db-8d01-c6edb694c2aa,f29e031f-c6b6-4d52-8edd-dc8e14378e74,1,0.166667,2023-08-04,2023-08-04,1.0,0.2,0.0,1
3bde6f06-77fe-47db-8d01-c6edb694c2aa,f9c65c80-b503-400b-9e46-9c74c8267c51,1,0.166667,2023-08-04,2023-08-04,1.0,1.0,0.0,0
edf81f9b-d3f0-4d57-9636-d08e851b1640,f29e031f-c6b6-4d52-8edd-dc8e14378e74,1,0.166667,2023-08-04,2023-08-04,1.0,0.2,0.0,1
edf81f9b-d3f0-4d57-9636-d08e851b1640,f9c65c80-b503-400b-9e46-9c74c8267c51,1,0.166667,2023-08-04,2023-08-04,1.0,1.0,0.0,0
f29e031f-c6b6-4d52-8edd-dc8e14378e74,f9c65c80-b503-400b-9e46-9c74c8267c51,1,0.166667,2023-08-04,2023-08-04,1.0,0.2,0.0,1
0c502791-4ee9-4c5f-9696-0602b721ff3b,372304d0-5e6a-4030-bc2b-09bdb0ee8abb,1,1.0,1971-12-03,1971-12-03,1.0,0.166667,0.0,1
04c39fec-5b44-4f11-9c73-af4f562334c7,091edff2-a5ff-4aff-92b0-8569345098d3,1,0.027778,2012-01-01,2012-01-01,1.0,0.5,0.0,0
04c39fec-5b44-4f11-9c73-af4f562334c7,271973a1-7177-4bcf-9a01-ac75d3691035,1,0.027778,2012-01-01,2012-01-01,1.0,0.5,0.0,0
04c39fec-5b44-4f11-9c73-af4f562334c7,31f2ed7a-c22f-4ae3-a83c-eee7f6133324,1,0.027778,2012-01-01,2012-01-01,1.0,0.5,0.0,0
04c39fec-5b44-4f11-9c73-af4f562334c7,8eaabb17-c046-4899-80ab-37b4058ca773,1,0.027778,2012-01-01,2012-01-01,1.0,0.5,0.0,0
04c39fec-5b44-4f11-9c73-af4f562334c7,9fff2f8a-21e6-47de-a2b8-7f449929d43f,1,0.027778,2012-01-01,2012-01-01,0.208956,0.25,0.0,1
04c39fec-5b44-4f11-9c73-af4f562334c7,d606b860-cc03-4959-a3fd-3a24bccf2560,1,0.027778,2012-01-01,2012-01-01,1.0,0.25,0.0,1
04c39fec-5b44-4f11-9c73-af4f562334c7,fb9b4a46-ffbb-4688-b178-f6f7f07676c3,1,0.027778,2012-01-01,2012-01-01,1.0,0.5,0.0,0
091edff2-a5ff-4aff-92b0-8569345098d3,271973a1-7177-4bcf-9a01-ac75d3691035,1,0.027778,2012-01-01,2012-01-01,1.0,1.0,0.0,0
091edff2-a5ff-4aff-92b0-8569345098d3,31f2ed7a-c22f-4ae3-a83c-eee7f6133324,1,0.027778,2012-01-01,2012-01-01,1.0,1.0,0.0,0
091edff2-a5ff-4aff-92b0-8569345098d3,3394771a-a36b-4739-bcd9-301d09121af8,1,0.027778,2012-01-01,2012-01-01,1.0,0.5,0.0,0
091edff2-a5ff-4aff-92b0-8569345098d3,8eaabb17-c046-4899-80ab-37b4058ca773,1,0.027778,2012-01-01,2012-01-01,1.0,1.0,0.0,0
091edff2-a5ff-4aff-92b0-8569345098d3,9fff2f8a-21e6-47de-a2b8-7f449929d43f,1,0.027778,2012-01-01,2012-01-01,1.0,0.125,0.0,1
091edff2-a5ff-4aff-92b0-8569345098d3,d606b860-cc03-4959-a3fd-3a24bccf2560,1,0.027778,2012-01-01,2012-01-01,1.0,0.333333,0.0,1
091edff2-a5ff-4aff-92b0-8569345098d3,fb9b4a46-ffbb-4688-b178-f6f7f07676c3,1,0.027778,2012-01-01,2012-01-01,1.0,1.0,0.0,0
271973a1-7177-4bcf-9a01-ac75d3691035,31f2ed7a-c22f-4ae3-a83c-eee7f6133324,1,0.027778,2012-01-01,2012-01-01,1.0,1.0,0.0,0
271973a1-7177-4bcf-9a01-ac75d3691035,3394771a-a36b-4739-bcd9-301d09121af8,1,0.027778,2012-01-01,2012-01-01,1.0,0.5,0.0,0
271973a1-7177-4bcf-9a01-ac75d3691035,8eaabb17-c046-4899-80ab-37b4058ca773,1,0.027778,2012-01-01,2012-01-01,1.0,1.0,0.0,0
271973a1-7177-4bcf-9a01-ac75d3691035,9fff2f8a-21e6-47de-a2b8-7f449929d43f,1,0.027778,2012-01-01,2012-01-01,1.0,0.125,0.0,1
271973a1-7177-4bcf-9a01-ac75d3691035,d606b860-cc03-4959-a3fd-3a24bccf2560,1,0.027778,2012-01-01,2012-01-01,1.0,0.333333,0.0,1
271973a1-7177-4bcf-9a01-ac75d3691035,fb9b4a46-ffbb-4688-b178-f6f7f07676c3,1,0.027778,2012-01-01,2012-01-01,1.0,1.0,0.0,0
31f2ed7a-c22f-4ae3-a83c-eee7f6133324,3394771a-a36b-4739-bcd9-301d09121af8,1,0.027778,2012-01-01,2012-01-01,1.0,0.5,0.0,0
31f2ed7a-c22f-4ae3-a83c-eee7f6133324,8eaabb17-c046-4899-80ab-37b4058ca773,1,0.027778,2012-01-01,2012-01-01,1.0,1.0,0.0,0
31f2ed7a-c22f-4ae3-a83c-eee7f6133324,9fff2f8a-21e6-47de-a2b8-7f449929d43f,1,0.027778,2012-01-01,2012-01-01,1.0,0.125,0.0,1
31f2ed7a-c22f-4ae3-a83c-eee7f6133324,d606b860-cc03-4959-a3fd-3a24bccf2560,1,0.027778,2012-01-01,2012-01-01,1.0,0.333333,0.0,1
31f2ed7a-c22f-4ae3-a83c-eee7f6133324,fb9b4a46-ffbb-4688-b178-f6f7f07676c3,1,0.027778,2012-01-01,2012-01-01,1.0,1.0,0.0,0
3394771a-a36b-4739-bcd9-301d09121af8,8eaabb17-c046-4899-80ab-37b4058ca773,1,0.027778,2012-01-01,2012-01-01,1.0,0.5,0.0,0
3394771a-a36b-4739-bcd9-301d09121af8,9fff2f8a-21e6-47de-a2b8-7f449929d43f,1,0.027778,2012-01-01,2012-01-01,0.208956,0.25,0.0,1
3394771a-a36b-4739-bcd9-301d09121af8,d606b860-cc03-4959-a3fd-3a24bccf2560,1,0.027778,2012-01-01,2012-01-01,1.0,0.25,0.0,1
3394771a-a36b-4739-bcd9-301d09121af8,fb9b4a46-ffbb-4688-b178-f6f7f07676c3,1,0.027778,2012-01-01,2012-01-01,1.0,0.5,0.0,0
8eaabb17-c046-4899-80ab-37b4058ca773,9fff2f8a-21e6-47de-a2b8-7f449929d43f,1,0.027778,2012-01-01,2012-01-01,1.0,0.125,0.0,1
8eaabb17-c046-4899-80ab-37b4058ca773,d606b860-cc03-4959-a3fd-3a24bccf2560,1,0.027778,2012-01-01,2012-01-01,1.0,0.333333,0.0,1
8eaabb17-c046-4899-80ab-37b4058ca773,fb9b4a46-ffbb-4688-b178-f6f7f07676c3,1,0.027778,2012-01-01,2012-01-01,1.0,1.0,0.0,0
9fff2f8a-21e6-47de-a2b8-7f449929d43f,d606b860-cc03-4959-a3fd-3a24bccf2560,1,0.027778,2012-01-01,2012-01-01,1.0,0.375,0.0,1
9fff2f8a-21e6-47de-a2b8-7f449929d43f,fb9b4a46-ffbb-4688-b178-f6f7f07676c3,1,0.027778,2012-01-01,2012-01-01,1.0,0.125,0.0,1
d606b860-cc03-4959-a3fd-3a24bccf2560,fb9b4a46-ffbb-4688-b178-f6f7f07676c3,1,0.027778,2012-01-01,2012-01-01,1.0,0.333333,0.0,1
3d2b98e5-556f-4451-a3ff-c50ea18d57cb,7d3f7aed-fb9c-4e80-b198-64cd6ae31cb8,4,0.766667,1987-01-01,1988-01-01,1.0,0.5,0.0,0
3d2b98e5-556f-4451-a3ff-c50ea18d57cb,be797221-0117-45e3-81da-996f8d29db62,4,0.766667,1987-01-01,1988-01-01,1.0,0.5,0.0,0
7d3f7aed-fb9c-4e80-b198-64cd6ae31cb8,be797221-0117-45e3-81da-996f8d29db62,4,0.766667,1987-01-01,1988-01-01,1.0,1.0,0.0,0
3d2b98e5-556f-4451-a3ff-c50ea18d57cb,ec409b83-2981-4fba-b3a1-d830714b7e67,1,0.1,1987-01-01,1987-01-01,1.0,0.333333,0.0,1
3d2b98e5-556f-4451-a3ff-c50ea18d57cb,fa4461c1-518c-4046-bb71-7b8fcab47c10,1,0.1,1987-01-01,1987-01-01,1.0,0.166667,0.0,1
7d3f7aed-fb9c-4e80-b198-64cd6ae31cb8,ec409b83-2981-4fba-b3a1-d830714b7e67,1,0.1,1987-01-01,1987-01-01,1.0,0.666667,0.0,0
7d3f7aed-fb9c-4e80-b198-64cd6ae31cb8,fa4461c1-518c-4046-bb71-7b8fcab47c10,1,0.1,1987-01-01,1987-01-01,1.0,0.333333,0.0,1
be797221-0117-45e3-81da-996f8d29db62,ec409b83-2981-4fba-b3a1-d830714b7e67,1,0.1,1987-01-01,1987-01-01,1.0,0.666667,0.0,0
be797221-0117-45e3-81da-996f8d29db62,fa4461c1-518c-4046-bb71-7b8fcab47c10,1,0.1,1987-01-01,1987-01-01,1.0,0.333333,0.0,1
ec409b83-2981-4fba-b3a1-d830714b7e67,fa4461c1-518c-4046-bb71-7b8fcab47c10,1,0.1,1987-01-01,1987-01-01,1.0,0.5,0.0,0
3d2b98e5-556f-4451-a3ff-c50ea18d57cb,c981b771-e3d8-4709-bf00-3b3ce479b675,2,0.333333,1987-01-01,1988-01-01,1.0,0.5,0.0,0
7d3f7aed-fb9c-4e80-b198-64cd6ae31cb8,c981b771-e3d8-4709-bf00-3b3ce479b675,2,0.333333,1987-01-01,1988-01-01,1.0,1.0,0.0,0
be797221-0117-45e3-81da-996f8d29db62,c981b771-e3d8-4709-bf00-3b3ce479b675,2,0.333333,1987-01-01,1988-01-01,1.0,1.0,0.0,0
11ae9fbb-f3d7-4a47-936f-4c0a04d3b3b5,8c87dda0-be58-4e48-a3b5-2626f26364c7,1,1.0,1965-01-01,1965-01-01,1.0,0.166667,0.0,1
022589ac-7177-460d-a178-9976cf70e29f,5441c29d-3602-4898-b1a1-b77fa23b8e50,1,0.1,1981-01-01,1981-01-01,1.0,0.1875,0.0,1
022589ac-7177-460d-a178-9976cf70e29f,558302b1-07ae-4be1-9edb-2a2b1f036313,1,0.1,1981-01-01,1981-01-01,1.0,1.0,0.0,0
022589ac-7177-460d-a178-9976cf70e29f,6d24f102-5c43-453a-8664-4ee092f441cf,1,0.1,1981-01-01,1981-01-01,1.0,1.0,0.0,0
022589ac-7177-460d-a178-9976cf70e29f,a0b77a10-ecff-4b84-b1f3-008391038d67,1,0.1,1981-01-01,1981-01-01,1.0,1.0,0.0,0
5441c29d-3602-4898-b1a1-b77fa23b8e50,558302b1-07ae-4be1-9edb-2a2b1f036313,1,0.1,1981-01-01,1981-01-01,1.0,0.1875,0.0,1
5441c29d-3602-4898-b1a1-b77fa23b8e50,6d24f102-5c43-453a-8664-4ee092f441cf,1,0.1,1981-01-01,1981-01-01,1.0,0.1875,0.2,1
5441c29d-3602-4898-b1a1-b77fa23b8e50,a0b77a10-ecff-4b84-b1f3-008391038d67,1,0.1,1981-01-01,1981-01-01,1.0,0.1875,0.0,1
558302b1-07ae-4be1-9edb-2a2b1f036313,6d24f102-5c43-453a-8664-4ee092f441cf,1,0.1,1981-01-01,1981-01-01,0.500237,1.0,0.0,0
558302b1-07ae-4be1-9edb-2a2b1f036313,a0b77a10-ecff-4b84-b1f3-008391038d67,1,0.1,1981-01-01,1981-01-01,1.0,1.0,0.0,0
6d24f102-5c43-453a-8664-4ee092f441cf,a0b77a10-ecff-4b84-b1f3-008391038d67,1,0.1,1981-01-01,1981-01-01,1.0,1.0,0.0,0
2f522f5c-111c-4ce8-8bd0-d82e97c227ad,66dd0da0-66f7-4e7e-a3fc-f1a8b8590993,1,0.333333,2010-01-01,2010-01-01,1.0,0.142857,0.0,1
2f522f5c-111c-4ce8-8bd0-d82e97c227ad,92776515-4c09-4cc0-8f9f-4f8b7218b10a,1,0.333333,2010-01-01,2010-01-01,1.0,0.142857,0.0,1
66dd0da0-66f7-4e7e-a3fc-f1a8b8590993,92776515-4c09-4cc0-8f9f-4f8b7218b10a,1,0.333333,2010-01-01,2010-01-01,1.0,1.0,0.0,0
2b1e7c27-2663-43df-9c23-8601e173e6ef,dd498489-7871-475c-a11a-aa418e676e7c,3,3.0,2021-08-19,2023-04-27,1.0,1.0,0.0,0
253c9ae7-850b-46be-8fbb-65e9fa621058,2867b63e-7000-45ea-a6aa-b3b0d8ae4411,1,0.1,2019-12-27,2019-12-27,1.0,0.333333,0.0,1
253c9ae7-850b-46be-8fbb-65e9fa621058,73e36439-1e9a-4925-bf2c-1d7f7885fbb0,1,0.1,2019-12-27,2019-12-27,0.698604,0.333333,0.0,1
253c9ae7-850b-46be-8fbb-65e9fa621058,ba9bae1c-ee4d-496e-abfe-b538a44fda2a,1,0.1,2019-12-27,2019-12-27,1.0,0.333333,0.0,1
253c9ae7-850b-46be-8fbb-65e9fa621058,e4a51f17-a57b-47b1-b37b-f552d0f8e9e6,1,0.1,2019-12-27,2019-12-27,1.0,0.333333,0.0,1
2867b63e-7000-45ea-a6aa-b3b0d8ae4411,73e36439-1e9a-4925-bf2c-1d7f7885fbb0,1,0.1,2019-12-27,2019-12-27,1.0,1.0,0.0,0
2867b63e-7000-45ea-a6aa-b3b0d8ae4411,ba9bae1c-ee4d-496e-abfe-b538a44fda2a,1,0.1,2019-12-27,2019-12-27,1.0,1.0,0.0,0
2867b63e-7000-45ea-a6aa-b3b0d8ae4411,e4a51f17-a57b-47b1-b37b-f552d0f8e9e6,1,0.1,2019-12-27,2019-12-27,1.0,1.0,0.0,0
73e36439-1e9a-4925-bf2c-1d7f7885fbb0,ba9bae1c-ee4d-496e-abfe-b538a44fda2a,1,0.1,2019-12-27,2019-12-27,1.0,1.0,0.0,0
ba9bae1c-ee4d-496e-abfe-b538a44fda2a,e4a51f17-a57b-47b1-b37b-f552d0f8e9e6,1,0.1,2019-12-27,2019-12-27,1.0,1.0,0.0,0
06bf4c0f-d176-4f54-8d1e-3efe89a03be2,14ecd19f-7121-4192-8549-e5056241a42f,1,0.008333,2021-01-01,2021-01-01,1.0,0.125,0.0,1
06bf4c0f-d176-4f54-8d1e-3efe89a03be2,164f0d73-1234-4e2c-8743-d77bf2191051,1,0.008333,2021-01-01,2021-01-01,1.0,0.333333,0.0,1
06bf4c0f-d176-4f54-8d1e-3efe89a03be2,253c9ae7-850b-46be-8fbb-65e9fa621058,1,0.008333,2021-01-01,2021-01-01,1.0,0.333333,0.0,1
06bf4c0f-d176-4f54-8d1e-3efe89a03be2,2ee8d1d0-e491-4f9d-a893-34dccc26e974,1,0.008333,2021-01-01,2021-01-01,1.0,0.0,0.0,1
06bf4c0f-d176-4f54-8d1e-3efe89a03be2,488d4c04-9ab1-4cd1-a061-efac28c5261d,1,0.008333,2021-01-01,2021-01-01,1.0,0.0,0.0,1
06bf4c0f-d176-4f54-8d1e-3efe89a03be2,4d347472-05cd-469f-8b03-864b344d007a,1,0.008333,2021-01-01,2021-01-01,1.0,1.0,0.0,0
06bf4c0f-d176-4f54-8d1e-3efe89a03be2,53e1c16b-d6e4-4086-b3e6-a6fd29ab0321,1,0.008333,2021-01-01,2021-01-01,1.0,1.0,0.0,0
06bf4c0f-d176-4f54-8d1e-3efe89a03be2,6abef8af-c71e-4337-a907-550dc2d08ed1,1,0.008333,2021-01-01,2021-01-01,1.0,1.0,0.0,0
06bf4c0f-d176-4f54-8d1e-3efe89a03be2,6cdc92fe-8277-48b1-906c-6113091b53b4,1,0.008333,2021-01-01,2021-01-01,1.0,1.0,0.0,0
06bf4c0f-d176-4f54-8d1e-3efe89a03be2,8985348a-1024-4c99-b284-19d3b983e1f4,1,0.008333,2021-01-01,2021-01-01,1.0,1.0,0.0,0
06bf4c0f-d176-4f54-8d1e-3efe89a03be2,a0196e18-1129-4493-b16c-dc80e1a6a8b0,1,0.008333,2021-01-01,2021-01-01,1.0,1.0,0.0,0
06bf4c0f-d176-4f54-8d1e-3efe89a03be2,a7808382-465f-40f2-9682-e85b5b39b89b,1,0.008333,2021-01-01,2021-01-01,1.0,1.0,0.0,0
06bf4c0f-d176-4f54-8d1e-3efe89a03be2,b2f3469a-9a8a-41ae-9ae1-ad598ff358e0,1,0.008333,2021-01-01,2021-01-01,1.0,1.0,0.0,0
06bf4c0f-d176-4f54-8d1e-3efe89a03be2,d4791960-0206-4f1a-9acb-dc88fdfc57d8,1,0.008333,2021-01-01,2021-01-01,1.0,1.0,0.0,0
06bf4c0f-d176-4f54-8d1e-3efe89a03be2,fb408407-e377-48c7-9df7-81dec8dd9099,1,0.008333,2021-01-01,2021-01-01,1.0,1.0,0.0,0
14ecd19f-7121-4192-8549-e5056241a42f,253c9ae7-850b-46be-8fbb-65e9fa621058,1,0.008333,2021-01-01,2021-01-01,1.0,0.375,0.0,1
14ecd19f-7121-4192-8549-e5056241a42f,2ee8d1d0-e491-4f9d-a893-34dccc26e974,1,0.008333,2021-01-01,2021-01-01,1.0,0.125,0.0,1
14ecd19f-7121-4192-8549-e5056241a42f,488d4c04-9ab1-4cd1-a061-efac28c5261d,1,0.008333,2021-01-01,2021-01-01,1.0,0.125,0.0,1
14ecd19f-7121-4192-8549-e5056241a42f,4d347472-05cd-469f-8b03-864b344d007a,1,0.008333,2021-01-01,2021-01-01,1.0,0.125,0.0,1
14ecd19f-7121-4192-8549-e5056241a42f,53e1c16b-d6e4-4086-b3e6-a6fd29ab0321,1,0.008333,2021-01-01,2021-01-01,1.0,0.125,0.0,1
14ecd19f-7121-4192-8549-e5056241a42f,6abef8af-c71e-4337-a907-550dc2d08ed1,1,0.008333,2021-01-01,2021-01-01,1.0,0.125,0.0,1
14ecd19f-7121-4192-8549-e5056241a42f,6cdc92fe-8277-48b1-906c-6113091b53b4,1,0.008333,2021-01-01,2021-01-01,1.0,0.125,0.0,1
14ecd19f-7121-4192-8549-e5056241a42f,8985348a-1024-4c99-b284-19d3b983e1f4,1,0.008333,2021-01-01,2021-01-01,1.0,0.125,0.0,1
14ecd19f-7121-4192-8549-e5056241a42f,a0196e18-1129-4493-b16c-dc80e1a6a8b0,1,0.008333,2021-01-01,2021-01-01,1.0,0.125,0.0,1
14ecd19f-7121-4192-8549-e5056241a42f,a7808382-465f-40f2-9682-e85b5b39b89b,1,0.008333,2021-01-01,2021-01-01,1.0,0.125,0.0,1
14ecd19f-7121-4192-8549-e5056241a42f,b2f3469a-9a8a-41ae-9ae1-ad598ff358e0,1,0.008333,2021-01-01,2021-01-01,1.0,0.125,0.0,1
14ecd19f-7121-4192-8549-e5056241a42f,d4791960-0206-4f1a-9acb-dc88fdfc57d8,1,0.008333,2021-01-01,2021-01-01,1.0,0.125,0.0,1
14ecd19f-7121-4192-8549-e5056241a42f,fb408407-e377-48c7-9df7-81dec8dd9099,1,0.008333,2021-01-01,2021-01-01,1.0,0.125,0.0,1
164f0d73-1234-4e2c-8743-d77bf2191051,253c9ae7-850b-46be-8fbb-65e9fa621058,1,0.008333,2021-01-01,2021-01-01,0.883393,0.5,0.0,0
164f0d73-1234-4e2c-8743-d77bf2191051,2ee8d1d0-e491-4f9d-a893-34dccc26e974,1,0.008333,2021-01-01,2021-01-01,1.0,0.333333,0.0,1
164f0d73-1234-4e2c-8743-d77bf2191051,488d4c04-9ab1-4cd1-a061-efac28c5261d,1,0.008333,2021-01-01,2021-01-01,1.0,0.333333,0.0,1
164f0d73-1234-4e2c-8743-d77bf2191051,6abef8af-c71e-4337-a907-550dc2d08ed1,1,0.008333,2021-01-01,2021-01-01,1.0,0.333333,0.0,1
164f0d73-1234-4e2c-8743-d77bf2191051,6cdc92fe-8277-48b1-906c-6113091b53b4,1,0.008333,2021-01-01,2021-01-01,1.0,0.333333,0.0,1
164f0d73-1234-4e2c-8743-d77bf2191051,8985348a-1024-4c99-b284-19d3b983e1f4,1,0.008333,2021-01-01,2021-01-01,1.0,0.333333,0.0,1
164f0d73-1234-4e2c-8743-d77bf2191051,a0196e18-1129-4493-b16c-dc80e1a6a8b0,1,0.008333,2021-01-01,2021-01-01,1.0,0.333333,0.0,1
164f0d73-1234-4e2c-8743-d77bf2191051,b2f3469a-9a8a-41ae-9ae1-ad598ff358e0,1,0.008333,2021-01-01,2021-01-01,1.0,0.333333,0.0,1
164f0d73-1234-4e2c-8743-d77bf2191051,d4791960-0206-4f1a-9acb-dc88fdfc57d8,1,0.008333,2021-01-01,2021-01-01,1.0,0.333333,0.0,1
164f0d73-1234-4e2c-8743-d77bf2191051,fb408407-e377-48c7-9df7-81dec8dd9099,1,0.008333,2021-01-01,2021-01-01,1.0,0.333333,0.0,1
253c9ae7-850b-46be-8fbb-65e9fa621058,2ee8d1d0-e491-4f9d-a893-34dccc26e974,1,0.008333,2021-01-01,2021-01-01,1.0,0.0,0.0,1
253c9ae7-850b-46be-8fbb-65e9fa621058,488d4c04-9ab1-4cd1-a061-efac28c5261d,1,0.008333,2021-01-01,2021-01-01,1.0,0.0,0.0,1
253c9ae7-850b-46be-8fbb-65e9fa621058,4d347472-05cd-469f-8b03-864b344d007a,1,0.008333,2021-01-01,2021-01-01,0.883393,0.333333,0.0,1
253c9ae7-850b-46be-8fbb-65e9fa621058,53e1c16b-d6e4-4086-b3e6-a6fd29ab0321,1,0.008333,2021-01-01,2021-01-01,0.883393,0.333333,0.0,1
253c9ae7-850b-46be-8fbb-65e9fa621058,6abef8af-c71e-4337-a907-550dc2d08ed1,1,0.008333,2021-01-01,2021-01-01,1.0,0.333333,0.0,1
253c9ae7-850b-46be-8fbb-65e9fa621058,6cdc92fe-8277-48b1-906c-6113091b53b4,1,0.008333,2021-01-01,2021-01-01,1.0,0.333333,0.0,1
253c9ae7-850b-46be-8fbb-65e9fa621058,8985348a-1024-4c99-b284-19d3b983e1f4,1,0.008333,2021-01-01,2021-01-01,1.0,0.333333,0.0,1
253c9ae7-850b-46be-8fbb-65e9fa621058,a0196e18-1129-4493-b16c-dc80e1a6a8b0,1,0.008333,2021-01-01,2021-01-01,1.0,0.333333,0.0,1
253c9ae7-850b-46be-8fbb-65e9fa621058,a7808382-465f-40f2-9682-e85b5b39b89b,1,0.008333,2021-01-01,2021-01-01,0.883393,0.333333,0.0,1
253c9ae7-850b-46be-8fbb-65e9fa621058,b2f3469a-9a8a-41ae-9ae1-ad598ff358e0,1,0.008333,2021-01-01,2021-01-01,1.0,0.333333,0.0,1
253c9ae7-850b-46be-8fbb-65e9fa621058,d4791960-0206-4f1a-9acb-dc88fdfc57d8,1,0.008333,2021-01-01,2021-01-01,1.0,0.333333,0.0,1
253c9ae7-850b-46be-8fbb-65e9fa621058,fb408407-e377-48c7-9df7-81dec8dd9099,1,0.008333,2021-01-01,2021-01-01,1.0,0.333333,0.0,1
2ee8d1d0-e491-4f9d-a893-34dccc26e974,488d4c04-9ab1-4cd1-a061-efac28c5261d,1,0.008333,2021-01-01,2021-01-01,1.0,1.0,0.0,0
2ee8d1d0-e491-4f9d-a893-34dccc26e974,4d347472-05cd-469f-8b03-864b344d007a,1,0.008333,2021-01-01,2021-01-01,1.0,0.0,0.0,1
2ee8d1d0-e491-4f9d-a893-34dccc26e974,53e1c16b-d6e4-4086-b3e6-a6fd29ab0321,1,0.008333,2021-01-01,2021-01-01,1.0,0.0,0.0,1
2ee8d1d0-e491-4f9d-a893-34dccc26e974,6abef8af-c71e-4337-a907-550dc2d08ed1,1,0.008333,2021-01-01,2021-01-01,1.0,0.0,0.0,1
2ee8d1d0-e491-4f9d-a893-34dccc26e974,6cdc92fe-8277-48b1-906c-6113091b53b4,1,0.008333,2021-01-01,2021-01-01,1.0,0.0,0.0,1
2ee8d1d0-e491-4f9d-a893-34dccc26e974,8985348a-1024-4c99-b284-19d3b983e1f4,1,0.008333,2021-01-01,2021-01-01,1.0,0.0,0.0,1
2ee8d1d0-e491-4f9d-a893-34dccc26e974,a0196e18-1129-4493-b16c-dc80e1a6a8b0,1,0.008333,2021-01-01,2021-01-01,1.0,0.0,0.0,1
2ee8d1d0-e491-4f9d-a893-34dccc26e974,a7808382-465f-40f2-9682-e85b5b39b89b,1,0.008333,2021-01-01,2021-01-01,1.0,0.0,0.0,1
2ee8d1d0-e491-4f9d-a893-34dccc26e974,b2f3469a-9a8a-41ae-9ae1-ad598ff358e0,1,0.008333,2021-01-01,2021-01-01,1.0,0.0,0.0,1
2ee8d1d0-e491-4f9d-a893-34dccc26e974,d4791960-0206-4f1a-9acb-dc88fdfc57d8,1,0.008333,2021-01-01,2021-01-01,1.0,0.0,0.0,1
2ee8d1d0-e491-4f9d-a893-34dccc26e974,fb408407-e377-48c7-9df7-81dec8dd9099,1,0.008333,2021-01-01,2021-01-01,1.0,0.0,0.0,1
488d4c04-9ab1-4cd1-a061-efac28c5261d,4d347472-05cd-469f-8b03-864b344d007a,1,0.008333,2021-01-01,2021-01-01,1.0,0.0,0.0,1
488d4c04-9ab1-4cd1-a061-efac28c5261d,53e1c16b-d6e4-4086-b3e6-a6fd29ab0321,1,0.008333,2021-01-01,2021-01-01,1.0,0.0,0.0,1
488d4c04-9ab1-4cd1-a061-efac28c5261d,6abef8af-c71e-4337-a907-550dc2d08ed1,1,0.008333,2021-01-01,2021-01-01,1.0,0.0,0.0,1
488d4c04-9ab1-4cd1-a061-efac28c5261d,6cdc92fe-8277-48b1-906c-6113091b53b4,1,0.008333,2021-01-01,2021-01-01,1.0,0.0,0.0,1
488d4c04-9ab1-4cd1-a061-efac28c5261d,8985348a-1024-4c99-b284-19d3b983e1f4,1,0.008333,2021-01-01,2021-01-01,1.0,0.0,0.0,1
488d4c04-9ab1-4cd1-a061-efac28c5261d,a0196e18-1129-4493-b16c-dc80e1a6a8b0,1,0.008333,2021-01-01,2021-01-01,1.0,0.0,0.0,1
488d4c04-9ab1-4cd1-a061-efac28c5261d,a7808382-465f-40f2-9682-e85b5b39b89b,1,0.008333,2021-01-01,2021-01-01,1.0,0.0,0.0,1
488d4c04-9ab1-4cd1-a061-efac28c5261d,b2f3469a-9a8a-41ae-9ae1-ad598ff358e0,1,0.008333,2021-01-01,2021-01-01,1.0,0.0,0.0,1
488d4c04-9ab1-4cd1-a061-efac28c5261d,d4791960-0206-4f1a-9acb-dc88fdfc57d8,1,0.008333,2021-01-01,2021-01-01,1.0,0.0,0.0,1
488d4c04-9ab1-4cd1-a061-efac28c5261d,fb408407-e377-48c7-9df7-81dec8dd9099,1,0.008333,2021-01-01,2021-01-01,1.0,0.0,0.0,1
4d347472-05cd-469f-8b03-864b344d007a,53e1c16b-d6e4-4086-b3e6-a6fd29ab0321,1,0.008333,2021-01-01,2021-01-01,0.500237,1.0,0.0,0
4d347472-05cd-469f-8b03-864b344d007a,6abef8af-c71e-4337-a907-550dc2d08ed1,1,0.008333,2021-01-01,2021-01-01,1.0,1.0,0.0,0
4d347472-05cd-469f-8b03-864b344d007a,6cdc92fe-8277-48b1-906c-6113091b53b4,1,0.008333,2021-01-01,2021-01-01,1.0,1.0,0.0,0
4d347472-05cd-469f-8b03-864b344d007a,8985348a-1024-4c99-b284-19d3b983e1f4,1,0.008333,2021-01-01,2021-01-01,1.0,1.0,0.0,0
4d347472-05cd-469f-8b03-864b344d007a,a0196e18-1129-4493-b16c-dc80e1a6a8b0,1,0.008333,2021-01-01,2021-01-01,1.0,1.0,0.0,0
4d347472-05cd-469f-8b03-864b344d007a,a7808382-465f-40f2-9682-e85b5b39b89b,1,0.008333,2021-01-01,2021-01-01,0.500237,1.0,0.0,0
4d347472-05cd-469f-8b03-864b344d007a,b2f3469a-9a8a-41ae-9ae1-ad598ff358e0,1,0.008333,2021-01-01,2021-01-01,1.0,1.0,0.0,0
4d347472-05cd-469f-8b03-864b344d007a,d4791960-0206-4f1a-9acb-dc88fdfc57d8,1,0.008333,2021-01-01,2021-01-01,1.0,1.0,0.0,0
4d347472-05cd-469f-8b03-864b344d007a,fb408407-e377-48c7-9df7-81dec8dd9099,1,0.008333,2021-01-01,2021-01-01,1.0,1.0,0.0,0
53e1c16b-d6e4-4086-b3e6-a6fd29ab0321,6abef8af-c71e-4337-a907-550dc2d08ed1,1,0.008333,2021-01-01,2021-01-01,1.0,1.0,0.0,0
53e1c16b-d6e4-4086-b3e6-a6fd29ab0321,6cdc92fe-8277-48b1-906c-6113091b53b4,1,0.008333,2021-01-01,2021-01-01,1.0,1.0,0.0,0
53e1c16b-d6e4-4086-b3e6-a6fd29ab0321,8985348a-1024-4c99-b284-19d3b983e1f4,1,0.008333,2021-01-01,2021-01-01,1.0,1.0,0.0,0
53e1c16b-d6e4-4086-b3e6-a6fd29ab0321,a0196e18-1129-4493-b16c-dc80e1a6a8b0,1,0.008333,2021-01-01,2021-01-01,1.0,1.0,0.0,0
53e1c16b-d6e4-4086-b3e6-a6fd29ab0321,b2f3469a-9a8a-41ae-9ae1-ad598ff358e0,1,0.008333,2021-01-01,2021-01-01,1.0,1.0,0.0,0
53e1c16b-d6e4-4086-b3e6-a6fd29ab0321,d4791960-0206-4f1a-9acb-dc88fdfc57d8,1,0.008333,2021-01-01,2021-01-01,1.0,1.0,0.0,0
53e1c16b-d6e4-4086-b3e6-a6fd29ab0321,fb408407-e377-48c7-9df7-81dec8dd9099,1,0.008333,2021-01-01,2021-01-01,1.0,1.0,0.0,0
6abef8af-c71e-4337-a907-550dc2d08ed1,6cdc92fe-8277-48b1-906c-6113091b53b4,1,0.008333,2021-01-01,2021-01-01,1.0,1.0,0.0,0
6abef8af-c71e-4337-a907-550dc2d08ed1,8985348a-1024-4c99-b284-19d3b983e1f4,1,0.008333,2021-01-01,2021-01-01,1.0,1.0,0.0,0
6abef8af-c71e-4337-a907-550dc2d08ed1,a0196e18-1129-4493-b16c-dc80e1a6a8b0,1,0.008333,2021-01-01,2021-01-01,1.0,1.0,0.0,0
6abef8af-c71e-4337-a907-550dc2d08ed1,a7808382-465f-40f2-9682-e85b5b39b89b,1,0.008333,2021-01-01,2021-01-01,1.0,1.0,0.0,0
6abef8af-c71e-4337-a907-550dc2d08ed1,b2f3469a-9a8a-41ae-9ae1-ad598ff358e0,1,0.008333,2021-01-01,2021-01-01,1.0,1.0,0.0,0
6abef8af-c71e-4337-a907-550dc2d08ed1,d4791960-0206-4f1a-9acb-dc88fdfc57d8,1,0.008333,2021-01-01,2021-01-01,1.0,1.0,0.0,0
6abef8af-c71e-4337-a907-550dc2d08ed1,fb408407-e377-48c7-9df7-81dec8dd9099,1,0.008333,2021-01-01,2021-01-01,1.0,1.0,0.0,0
6cdc92fe-8277-48b1-906c-6113091b53b4,8985348a-1024-4c99-b284-19d3b983e1f4,1,0.008333,2021-01-01,2021-01-01,1.0,1.0,0.0,0
6cdc92fe-8277-48b1-906c-6113091b53b4,a0196e18-1129-4493-b16c-dc80e1a6a8b0,1,0.008333,2021-01-01,2021-01-01,1.0,1.0,0.0,0
6cdc92fe-8277-48b1-906c-6113091b53b4,a7808382-465f-40f2-9682-e85b5b39b89b,1,0.008333,2021-01-01,2021-01-01,1.0,1.0,0.0,0
6cdc92fe-8277-48b1-906c-6113091b53b4,b2f3469a-9a8a-41ae-9ae1-ad598ff358e0,1,0.008333,2021-01-01,2021-01-01,1.0,1.0,0.0,0
6cdc92fe-8277-48b1-906c-6113091b53b4,d4791960-0206-4f1a-9acb-dc88fdfc57d8,1,0.008333,2021-01-01,2021-01-01,1.0,1.0,0.0,0
6cdc92fe-8277-48b1-906c-6113091b53b4,fb408407-e377-48c7-9df7-81dec8dd9099,1,0.008333,2021-01-01,2021-01-01,1.0,1.0,0.0,0
8985348a-1024-4c99-b284-19d3b983e1f4,a0196e18-1129-4493-b16c-dc80e1a6a8b0,1,0.008333,2021-01-01,2021-01-01,1.0,1.0,0.0,0
8985348a-1024-4c99-b284-19d3b983e1f4,a7808382-465f-40f2-9682-e85b5b39b89b,1,0.008333,2021-01-01,2021-01-01,1.0,1.0,0.0,0
8985348a-1024-4c99-b284-19d3b983e1f4,b2f3469a-9a8a-41ae-9ae1-ad598ff358e0,1,0.008333,2021-01-01,2021-01-01,1.0,1.0,0.0,0
8985348a-1024-4c99-b284-19d3b983e1f4,d4791960-0206-4f1a-9acb-dc88fdfc57d8,1,0.008333,2021-01-01,2021-01-01,1.0,1.0,0.0,0
8985348a-1024-4c99-b284-19d3b983e1f4,fb408407-e377-48c7-9df7-81dec8dd9099,1,0.008333,2021-01-01,2021-01-01,1.0,1.0,0.0,0
a0196e18-1129-4493-b16c-dc80e1a6a8b0,a7808382-465f-40f2-9682-e85b5b39b89b,1,0.008333,2021-01-01,2021-01-01,1.0,1.0,0.0,0
a0196e18-1129-4493-b16c-dc80e1a6a8b0,b2f3469a-9a8a-41ae-9ae1-ad598ff358e0,1,0.008333,2021-01-01,2021-01-01,1.0,1.0,0.0,0
a0196e18-1129-4493-b16c-dc80e1a6a8b0,d4791960-0206-4f1a-9acb-dc88fdfc57d8,1,0.008333,2021-01-01,2021-01-01,1.0,1.0,0.0,0
a0196e18-1129-4493-b16c-dc80e1a6a8b0,fb408407-e377-48c7-9df7-81dec8dd9099,1,0.008333,2021-01-01,2021-01-01,1.0,1.0,0.0,0
a7808382-465f-40f2-9682-e85b5b39b89b,b2f3469a-9a8a-41ae-9ae1-ad598ff358e0,1,0.008333,2021-01-01,2021-01-01,1.0,1.0,0.0,0
a7808382-465f-40f2-9682-e85b5b39b89b,d4791960-0206-4f1a-9acb-dc88fdfc57d8,1,0.008333,2021-01-01,2021-01-01,1.0,1.0,0.0,0
a7808382-465f-40f2-9682-e85b5b39b89b,fb408407-e377-48c7-9df7-81dec8dd9099,1,0.008333,2021-01-01,2021-01-01,1.0,1.0,0.0,0
b2f3469a-9a8a-41ae-9ae1-ad598ff358e0,d4791960-0206-4f1a-9acb-dc88fdfc57d8,1,0.008333,2021-01-01,2021-01-01,1.0,1.0,0.0,0
b2f3469a-9a8a-41ae-9ae1-ad598ff358e0,fb408407-e377-48c7-9df7-81dec8dd9099,1,0.008333,2021-01-01,2021-01-01,1.0,1.0,0.0,0
d4791960-0206-4f1a-9acb-dc88fdfc57d8,fb408407-e377-48c7-9df7-81dec8dd9099,1,0.008333,2021-01-01,2021-01-01,1.0,1.0,0.0,0
149f91ef-1287-46da-9a8e-87fee02f1471,253c9ae7-850b-46be-8fbb-65e9fa621058,1,0.333333,2021-07-16,2021-07-16,1.0,0.230769,0.0,1
149f91ef-1287-46da-9a8e-87fee02f1471,7c33a306-87ad-4cb6-9f69-bfdb8586b302,14,5.394444,1999-12-07,2021-07-16,1.0,0.153846,0.545455,0
253c9ae7-850b-46be-8fbb-65e9fa621058,7c33a306-87ad-4cb6-9f69-bfdb8586b302,1,0.333333,2021-07-16,2021-07-16,1.0,0.25,0.0,1
2873b450-13c6-4ca1-8ca3-646c25af3202,d1d82d22-80ee-4551-a132-25648e857f9b,1,1.0,2019-01-17,2019-01-17,1.0,0.142857,0.0,1
2873b450-13c6-4ca1-8ca3-646c25af3202,6dd3bfb0-d467-4192-a09b-ad6423db59cc,2,1.1,2019-09-13,2019-12-06,1.0,0.142857,0.0,1
2873b450-13c6-4ca1-8ca3-646c25af3202,608be6ef-0690-4b93-ab63-55028bb879d7,1,0.1,2019-12-06,2019-12-06,1.0,0.142857,0.0,1
2873b450-13c6-4ca1-8ca3-646c25af3202,8971fa37-c402-474a-b897-e2bbc145b59d,1,0.1,2019-12-06,2019-12-06,1.0,0.142857,0.0,1
2873b450-13c6-4ca1-8ca3-646c25af3202,a62e2b14-812a-41a1-884d-5a138705ad2d,1,0.1,2019-12-06,2019-12-06,1.0,0.142857,0.0,1
608be6ef-0690-4b93-ab63-55028bb879d7,6dd3bfb0-d467-4192-a09b-ad6423db59cc,1,0.1,2019-12-06,2019-12-06,1.0,1.0,0.0,0
608be6ef-0690-4b93-ab63-55028bb879d7,8971fa37-c402-474a-b897-e2bbc145b59d,1,0.1,2019-12-06,2019-12-06,1.0,1.0,0.0,0
608be6ef-0690-4b93-ab63-55028bb879d7,a62e2b14-812a-41a1-884d-5a138705ad2d,1,0.1,2019-12-06,2019-12-06,1.0,1.0,0.0,0
6dd3bfb0-d467-4192-a09b-ad6423db59cc,8971fa37-c402-474a-b897-e2bbc145b59d,1,0.1,2019-12-06,2019-12-06,1.0,1.0,0.0,0
6dd3bfb0-d467-4192-a09b-ad6423db59cc,a62e2b14-812a-41a1-884d-5a138705ad2d,1,0.1,2019-12-06,2019-12-06,1.0,1.0,0.0,0
8971fa37-c402-474a-b897-e2bbc145b59d,a62e2b14-812a-41a1-884d-5a138705ad2d,1,0.1,2019-12-06,2019-12-06,1.0,1.0,0.0,0
2873b450-13c6-4ca1-8ca3-646c25af3202,51eaa05a-762b-4b7d-a6ca-91b4391677d8,1,0.1,2020-08-27,2020-08-27,1.0,0.142857,0.0,1
2873b450-13c6-4ca1-8ca3-646c25af3202,8ab5d936-49d1-415e-92c8-151e0e7dd912,1,0.1,2020-08-27,2020-08-27,1.0,0.375,0.0,1
2873b450-13c6-4ca1-8ca3-646c25af3202,dee1716e-c54c-4cc1-92f6-625a0f48c4b2,1,0.1,2020-08-27,2020-08-27,1.0,0.142857,0.0,1
2873b450-13c6-4ca1-8ca3-646c25af3202,e0b1c1a8-8216-422e-b521-83d53f2eaa1b,1,0.1,2020-08-27,2020-08-27,1.0,0.142857,0.0,1
51eaa05a-762b-4b7d-a6ca-91b4391677d8,8ab5d936-49d1-415e-92c8-151e0e7dd912,1,0.1,2020-08-27,2020-08-27,1.0,0.25,0.0,1
51eaa05a-762b-4b7d-a6ca-91b4391677d8,dee1716e-c54c-4cc1-92f6-625a0f48c4b2,1,0.1,2020-08-27,2020-08-27,1.0,1.0,0.0,0
51eaa05a-762b-4b7d-a6ca-91b4391677d8,e0b1c1a8-8216-422e-b521-83d53f2eaa1b,1,0.1,2020-08-27,2020-08-27,1.0,1.0,0.0,0
8ab5d936-49d1-415e-92c8-151e0e7dd912,dee1716e-c54c-4cc1-92f6-625a0f48c4b2,1,0.1,2020-08-27,2020-08-27,1.0,0.25,0.0,1
8ab5d936-49d1-415e-92c8-151e0e7dd912,e0b1c1a8-8216-422e-b521-83d53f2eaa1b,1,0.1,2020-08-27,2020-08-27,1.0,0.25,0.0,1
dee1716e-c54c-4cc1-92f6-625a0f48c4b2,e0b1c1a8-8216-422e-b521-83d53f2eaa1b,1,0.1,2020-08-27,2020-08-27,1.0,1.0,0.0,0
8ce77888-cd3b-4014-b710-88f83ec93633,ee74db56-c264-4c23-9504-29e2d8078f36,1,1.0,2022-09-09,2022-09-09,1.0,0.25,0.0,1
299a2395-812a-4166-9b79-adbdfdf22721,2a0839df-90d6-426b-88f4-5970e8b0026a,2,0.233333,2024-01-01,2024-01-01,1.0,1.0,1.0,0
299a2395-812a-4166-9b79-adbdfdf22721,ee74db56-c264-4c23-9504-29e2d8078f36,3,0.4,2024-01-01,2024-01-01,1.0,0.25,1.0,0
299a2395-812a-4166-9b79-adbdfdf22721,fc2195db-7740-45f2-92b8-bf13baa3927a,2,0.233333,2024-01-01,2024-01-01,1.0,1.0,1.0,0
2a0839df-90d6-426b-88f4-5970e8b0026a,ee74db56-c264-4c23-9504-29e2d8078f36,2,0.233333,2024-01-01,2024-01-01,1.0,0.25,1.0,0
2a0839df-90d6-426b-88f4-5970e8b0026a,fc2195db-7740-45f2-92b8-bf13baa3927a,2,0.233333,2024-01-01,2024-01-01,1.0,1.0,1.0,0
ee74db56-c264-4c23-9504-29e2d8078f36,fc2195db-7740-45f2-92b8-bf13baa3927a,2,0.233333,2024-01-01,2024-01-01,1.0,0.25,1.0,0
299a2395-812a-4166-9b79-adbdfdf22721,c4e05d64-c679-4f04-b153-257d12eba7dc,1,0.066667,2024-01-01,2024-01-01,1.0,1.0,1.0,0
299a2395-812a-4166-9b79-adbdfdf22721,cb78a19d-f36b-4cd0-8548-8cc0919b83fb,1,0.066667,2024-01-01,2024-01-01,1.0,1.0,1.0,0
2a0839df-90d6-426b-88f4-5970e8b0026a,c4e05d64-c679-4f04-b153-257d12eba7dc,1,0.066667,2024-01-01,2024-01-01,1.0,1.0,1.0,0
2a0839df-90d6-426b-88f4-5970e8b0026a,cb78a19d-f36b-4cd0-8548-8cc0919b83fb,1,0.066667,2024-01-01,2024-01-01,1.0,1.0,1.0,0
c4e05d64-c679-4f04-b153-257d12eba7dc,cb78a19d-f36b-4cd0-8548-8cc0919b83fb,1,0.066667,2024-01-01,2024-01-01,1.0,1.0,1.0,0
c4e05d64-c679-4f04-b153-257d12eba7dc,ee74db56-c264-4c23-9504-29e2d8078f36,1,0.066667,2024-01-01,2024-01-01,1.0,0.25,1.0,0
c4e05d64-c679-4f04-b153-257d12eba7dc,fc2195db-7740-45f2-92b8-bf13baa3927a,1,0.066667,2024-01-01,2024-01-01,1.0,1.0,1.0,0
cb78a19d-f36b-4cd0-8548-8cc0919b83fb,ee74db56-c264-4c23-9504-29e2d8078f36,1,0.066667,2024-01-01,2024-01-01,1.0,0.25,1.0,0
cb78a19d-f36b-4cd0-8548-8cc0919b83fb,fc2195db-7740-45f2-92b8-bf13baa3927a,1,0.066667,2024-01-01,2024-01-01,1.0,1.0,1.0,0
299a2395-812a-4166-9b79-adbdfdf22721,3332c24c-39ed-414d-afdf-87cdef7ddabc,1,0.166667,2024-01-01,2024-01-01,1.0,1.0,1.0,0
299a2395-812a-4166-9b79-adbdfdf22721,bb1f06b1-bca8-4fe1-8ce7-c033479b1301,1,0.166667,2024-01-01,2024-01-01,1.0,1.0,1.0,0
3332c24c-39ed-414d-afdf-87cdef7ddabc,ee74db56-c264-4c23-9504-29e2d8078f36,1,0.166667,2024-01-01,2024-01-01,1.0,0.25,1.0,0
bb1f06b1-bca8-4fe1-8ce7-c033479b1301,ee74db56-c264-4c23-9504-29e2d8078f36,1,0.166667,2024-01-01,2024-01-01,1.0,0.25,1.0,0
3798b104-01cb-484c-a3b0-56adc6399b80,42a636a0-dbe4-4d0c-abe2-1590fad9531b,5,0.5,1991-01-01,1992-01-01,1.0,0.0,0.0,1
3798b104-01cb-484c-a3b0-56adc6399b80,4d61abe3-ce6d-4383-b2cd-8b4491496549,5,0.5,1991-01-01,1992-01-01,1.0,0.0,0.0,1
3798b104-01cb-484c-a3b0-56adc6399b80,aa659468-db56-41c9-b6fe-61f4bb2ef1a6,5,0.5,1991-01-01,1992-01-01,1.0,0.0,0.0,1
3798b104-01cb-484c-a3b0-56adc6399b80,b48aebac-8c3e-48aa-b5e6-2b38f30f5f78,5,0.5,1991-01-01,1992-01-01,1.0,0.0,0.0,1
42a636a0-dbe4-4d0c-abe2-1590fad9531b,4d61abe3-ce6d-4383-b2cd-8b4491496549,6,0.6,1991-01-01,1992-01-01,1.0,1.0,0.0,0
42a636a0-dbe4-4d0c-abe2-1590fad9531b,aa659468-db56-41c9-b6fe-61f4bb2ef1a6,6,0.6,1991-01-01,1992-01-01,1.0,0.5,0.0,0
42a636a0-dbe4-4d0c-abe2-1590fad9531b,b48aebac-8c3e-48aa-b5e6-2b38f30f5f78,6,0.6,1991-01-01,1992-01-01,1.0,1.0,0.0,0
4d61abe3-ce6d-4383-b2cd-8b4491496549,aa659468-db56-41c9-b6fe-61f4bb2ef1a6,6,0.6,1991-01-01,1992-01-01,1.0,0.5,0.0,0
4d61abe3-ce6d-4383-b2cd-8b4491496549,b48aebac-8c3e-48aa-b5e6-2b38f30f5f78,6,0.6,1991-01-01,1992-01-01,1.0,1.0,0.0,0
aa659468-db56-41c9-b6fe-61f4bb2ef1a6,b48aebac-8c3e-48aa-b5e6-2b38f30f5f78,6,0.6,1991-01-01,1992-01-01,1.0,0.5,0.0,0
4449ccf6-c948-4d33-aa97-b6ad98ce4b5b,75167b8b-44e4-407b-9d35-effe87b223cf,1,1.0,1969-02-21,1969-02-21,1.0,0.315789,0.0,1
2c1fadd0-8efb-41a4-8272-d5b1b04bf385,37d0a847-32d3-480f-bd1e-101f50a3d332,1,0.166667,2009-01-01,2009-01-01,1.0,0.0,0.0,1
2c1fadd0-8efb-41a4-8272-d5b1b04bf385,42f55e6a-7a8d-4e8f-bbc7-da411b41bd15,1,0.166667,2009-01-01,2009-01-01,1.0,1.0,0.0,0
2c1fadd0-8efb-41a4-8272-d5b1b04bf385,44ab83a3-3e64-42d6-9e80-41fdc06c8ff5,1,0.166667,2009-01-01,2009-01-01,1.0,1.0,0.0,0
37d0a847-32d3-480f-bd1e-101f50a3d332,42f55e6a-7a8d-4e8f-bbc7-da411b41bd15,1,0.166667,2009-01-01,2009-01-01,1.0,0.0,0.0,1
37d0a847-32d3-480f-bd1e-101f50a3d332,44ab83a3-3e64-42d6-9e80-41fdc06c8ff5,1,0.166667,2009-01-01,2009-01-01,1.0,0.0,0.0,1
42f55e6a-7a8d-4e8f-bbc7-da411b41bd15,44ab83a3-3e64-42d6-9e80-41fdc06c8ff5,1,0.166667,2009-01-01,2009-01-01,1.0,1.0,0.0,0
37d0a847-32d3-480f-bd1e-101f50a3d332,5c6d0eea-2028-4462-84a8-8c5d730d2e95,2,0.333333,2009-01-01,2009-01-01,1.0,0.0,1.0,0
37d0a847-32d3-480f-bd1e-101f50a3d332,a2eb78dc-cac4-41a0-8dc1-1a66926175e4,2,0.333333,2009-01-01,2009-01-01,1.0,0.0,1.0,0
37d0a847-32d3-480f-bd1e-101f50a3d332,db8dcf88-5dcc-4832-81f2-7c52d33e857b,2,0.333333,2009-01-01,2009-01-01,1.0,0.0,1.0,0
5c6d0eea-2028-4462-84a8-8c5d730d2e95,a2eb78dc-cac4-41a0-8dc1-1a66926175e4,2,0.333333,2009-01-01,2009-01-01,1.0,1.0,1.0,0
5c6d0eea-2028-4462-84a8-8c5d730d2e95,db8dcf88-5dcc-4832-81f2-7c52d33e857b,2,0.333333,2009-01-01,2009-01-01,1.0,1.0,1.0,0
a2eb78dc-cac4-41a0-8dc1-1a66926175e4,db8dcf88-5dcc-4832-81f2-7c52d33e857b,2,0.333333,2009-01-01,2009-01-01,1.0,1.0,1.0,0
37d0a847-32d3-480f-bd1e-101f50a3d332,8abfaa42-c272-42cb-b7c7-a04e3e9cf668,1,0.166667,2009-01-01,2009-01-01,1.0,0.0,0.0,1
37d0a847-32d3-480f-bd1e-101f50a3d332,e4bc69e2-a064-4f93-ada1-f7f209cc1cc3,1,0.166667,2009-01-01,2009-01-01,0.793826,0.142857,0.333333,1
37d0a847-32d3-480f-bd1e-101f50a3d332,f2722d5c-de0c-4553-816a-09aec7d94e4c,1,0.166667,2009-01-01,2009-01-01,1.0,0.0,0.0,1
8abfaa42-c272-42cb-b7c7-a04e3e9cf668,e4bc69e2-a064-4f93-ada1-f7f209cc1cc3,1,0.166667,2009-01-01,2009-01-01,1.0,0.142857,0.0,1
8abfaa42-c272-42cb-b7c7-a04e3e9cf668,f2722d5c-de0c-4553-816a-09aec7d94e4c,1,0.166667,2009-01-01,2009-01-01,1.0,1.0,0.0,0
e4bc69e2-a064-4f93-ada1-f7f209cc1cc3,f2722d5c-de0c-4553-816a-09aec7d94e4c,1,0.166667,2009-01-01,2009-01-01,1.0,0.142857,0.0,1
33c8190b-3763-4494-8685-286e90b9c160,37d0a847-32d3-480f-bd1e-101f50a3d332,1,0.166667,2009-01-01,2009-01-01,1.0,0.0,0.0,1
33c8190b-3763-4494-8685-286e90b9c160,76517240-0a0f-4817-862b-3596d578a994,1,0.166667,2009-01-01,2009-01-01,1.0,1.0,0.0,0
33c8190b-3763-4494-8685-286e90b9c160,8a947fde-9a05-45d5-8bee-82c7b0236b07,1,0.166667,2009-01-01,2009-01-01,1.0,1.0,0.0,0
37d0a847-32d3-480f-bd1e-101f50a3d332,76517240-0a0f-4817-862b-3596d578a994,1,0.166667,2009-01-01,2009-01-01,1.0,0.0,0.0,1
37d0a847-32d3-480f-bd1e-101f50a3d332,8a947fde-9a05-45d5-8bee-82c7b0236b07,1,0.166667,2009-01-01,2009-01-01,1.0,0.0,0.0,1
76517240-0a0f-4817-862b-3596d578a994,8a947fde-9a05-45d5-8bee-82c7b0236b07,1,0.166667,2009-01-01,2009-01-01,1.0,1.0,0.0,0
081a2d60-9791-4e05-a075-f1890355eeee,2fc6a88a-ed26-479a-9cd8-355830653062,1,0.047619,1995-01-01,1995-01-01,1.0,0.0,0.0,1
081a2d60-9791-4e05-a075-f1890355eeee,494e8d09-f85b-4543-892f-a5096aed1cd4,1,0.047619,1995-01-01,1995-01-01,1.0,0.375,0.0,1
081a2d60-9791-4e05-a075-f1890355eeee,73c3f499-60e2-44e1-81dd-7fe2191461fa,1,0.047619,1995-01-01,1995-01-01,1.0,0.0,0.0,1
081a2d60-9791-4e05-a075-f1890355eeee,7ff991d9-87d6-40f4-b534-a65426bf5ac4,1,0.047619,1995-01-01,1995-01-01,1.0,0.0,0.0,1
081a2d60-9791-4e05-a075-f1890355eeee,9ceb2b1e-915f-4544-b62f-7a35b7358ed5,1,0.047619,1995-01-01,1995-01-01,1.0,0.0,0.0,1
081a2d60-9791-4e05-a075-f1890355eeee,a4103168-a041-4008-aee2-fa64096d9d47,1,0.047619,1995-01-01,1995-01-01,1.0,0.111111,0.0,1
2fc6a88a-ed26-479a-9cd8-355830653062,494e8d09-f85b-4543-892f-a5096aed1cd4,1,0.047619,1995-01-01,1995-01-01,1.0,0.142857,0.0,1
2fc6a88a-ed26-479a-9cd8-355830653062,73c3f499-60e2-44e1-81dd-7fe2191461fa,1,0.047619,1995-01-01,1995-01-01,1.0,0.5,0.0,0
2fc6a88a-ed26-479a-9cd8-355830653062,9ceb2b1e-915f-4544-b62f-7a35b7358ed5,1,0.047619,1995-01-01,1995-01-01,1.0,0.5,0.0,0
2fc6a88a-ed26-479a-9cd8-355830653062,a4103168-a041-4008-aee2-fa64096d9d47,1,0.047619,1995-01-01,1995-01-01,1.0,0.333333,0.0,1
494e8d09-f85b-4543-892f-a5096aed1cd4,73c3f499-60e2-44e1-81dd-7fe2191461fa,1,0.047619,1995-01-01,1995-01-01,1.0,0.071429,0.0,1
494e8d09-f85b-4543-892f-a5096aed1cd4,7ff991d9-87d6-40f4-b534-a65426bf5ac4,1,0.047619,1995-01-01,1995-01-01,1.0,0.142857,0.0,1
494e8d09-f85b-4543-892f-a5096aed1cd4,9ceb2b1e-915f-4544-b62f-7a35b7358ed5,1,0.047619,1995-01-01,1995-01-01,1.0,0.071429,0.0,1
494e8d09-f85b-4543-892f-a5096aed1cd4,a4103168-a041-4008-aee2-fa64096d9d47,1,0.047619,1995-01-01,1995-01-01,0.009843,0.142857,0.0,1
73c3f499-60e2-44e1-81dd-7fe2191461fa,7ff991d9-87d6-40f4-b534-a65426bf5ac4,1,0.047619,1995-01-01,1995-01-01,1.0,0.5,0.0,0
73c3f499-60e2-44e1-81dd-7fe2191461fa,9ceb2b1e-915f-4544-b62f-7a35b7358ed5,1,0.047619,1995-01-01,1995-01-01,1.0,1.0,0.0,0
73c3f499-60e2-44e1-81dd-7fe2191461fa,a4103168-a041-4008-aee2-fa64096d9d47,1,0.047619,1995-01-01,1995-01-01,1.0,0.5,0.0,0
7ff991d9-87d6-40f4-b534-a65426bf5ac4,9ceb2b1e-915f-4544-b62f-7a35b7358ed5,1,0.047619,1995-01-01,1995-01-01,1.0,0.5,0.0,0
7ff991d9-87d6-40f4-b534-a65426bf5ac4,a4103168-a041-4008-aee2-fa64096d9d47,1,0.047619,1995-01-01,1995-01-01,1.0,0.333333,0.0,1
9ceb2b1e-915f-4544-b62f-7a35b7358ed5,a4103168-a041-4008-aee2-fa64096d9d47,1,0.047619,1995-01-01,1995-01-01,1.0,0.5,0.0,0
83d3cc07-60e7-4139-b5f0-3cda9f5aa99b,bfd5aec5-62a2-4560-a316-7c46c17babda,1,0.1,1967-01-01,1967-01-01,0.629761,0.25,0.0,1
b553f0ad-4543-46f2-88ea-1dc94a11c91a,bfd5aec5-62a2-4560-a316-7c46c17babda,1,0.1,1967-01-01,1967-01-01,0.629761,0.25,0.0,1
bfd5aec5-62a2-4560-a316-7c46c17babda,c6619f89-5454-4e2d-aa19-b5596ba3b4c6,1,0.1,1967-01-01,1967-01-01,0.629761,0.25,0.0,1
bfd5aec5-62a2-4560-a316-7c46c17babda,fe93a178-183a-42c9-b3c7-53102b8c724d,1,0.1,1967-01-01,1967-01-01,0.629761,0.25,0.0,1
071d8ae3-e92d-41e1-bc21-378d33400d1d,134cb0bc-06fa-42f7-8078-b0c858349975,1,0.166667,2019-12-06,2019-12-06,1.0,0.333333,0.0,1
071d8ae3-e92d-41e1-bc21-378d33400d1d,772b1730-b908-4d84-a63e-5c54e5551909,1,0.166667,2019-12-06,2019-12-06,1.0,1.0,0.0,0
071d8ae3-e92d-41e1-bc21-378d33400d1d,e0a34d31-bbf2-4f32-b89c-9fb0144b2b5c,1,0.166667,2019-12-06,2019-12-06,1.0,1.0,0.0,0
134cb0bc-06fa-42f7-8078-b0c858349975,772b1730-b908-4d84-a63e-5c54e5551909,1,0.166667,2019-12-06,2019-12-06,1.0,0.333333,0.0,1
134cb0bc-06fa-42f7-8078-b0c858349975,e0a34d31-bbf2-4f32-b89c-9fb0144b2b5c,1,0.166667,2019-12-06,2019-12-06,1.0,0.333333,0.0,1
772b1730-b908-4d84-a63e-5c54e5551909,e0a34d31-bbf2-4f32-b89c-9fb0144b2b5c,1,0.166667,2019-12-06,2019-12-06,1.0,1.0,0.0,0
0b30341b-b59d-4979-8130-b66c0e475321,134cb0bc-06fa-42f7-8078-b0c858349975,1,0.066667,2021-01-01,2021-01-01,1.0,0.333333,0.0,1
0b30341b-b59d-4979-8130-b66c0e475321,164f0d73-1234-4e2c-8743-d77bf2191051,1,0.066667,2021-01-01,2021-01-01,1.0,0.142857,0.0,1
0b30341b-b59d-4979-8130-b66c0e475321,6868834a-83b8-4fbe-878e-0d84395726f2,1,0.066667,2021-01-01,2021-01-01,1.0,0.2,0.0,1
134cb0bc-06fa-42f7-8078-b0c858349975,164f0d73-1234-4e2c-8743-d77bf2191051,1,0.066667,2021-01-01,2021-01-01,0.733938,0.2,0.0,1
134cb0bc-06fa-42f7-8078-b0c858349975,6868834a-83b8-4fbe-878e-0d84395726f2,1,0.066667,2021-01-01,2021-01-01,1.0,0.333333,0.0,1
134cb0bc-06fa-42f7-8078-b0c858349975,92a5388e-60b0-4600-b988-4993b6f00b3f,1,0.066667,2021-01-01,2021-01-01,1.0,0.333333,0.0,1
134cb0bc-06fa-42f7-8078-b0c858349975,c9fa0187-ee47-4db4-8e0e-af417c3a3ed4,1,0.066667,2021-01-01,2021-01-01,1.0,0.333333,0.0,1
164f0d73-1234-4e2c-8743-d77bf2191051,6868834a-83b8-4fbe-878e-0d84395726f2,1,0.066667,2021-01-01,2021-01-01,1.0,0.333333,0.0,1
164f0d73-1234-4e2c-8743-d77bf2191051,92a5388e-60b0-4600-b988-4993b6f00b3f,1,0.066667,2021-01-01,2021-01-01,1.0,0.333333,0.0,1
164f0d73-1234-4e2c-8743-d77bf2191051,c9fa0187-ee47-4db4-8e0e-af417c3a3ed4,1,0.066667,2021-01-01,2021-01-01,1.0,0.333333,0.0,1
6868834a-83b8-4fbe-878e-0d84395726f2,92a5388e-60b0-4600-b988-4993b6f00b3f,1,0.066667,2021-01-01,2021-01-01,1.0,1.0,0.0,0
6868834a-83b8-4fbe-878e-0d84395726f2,c9fa0187-ee47-4db4-8e0e-af417c3a3ed4,1,0.066667,2021-01-01,2021-01-01,1.0,1.0,0.0,0
42a8f507-8412-4611-854f-926571049fa0,9a3bf45c-347d-4630-894d-7cf3e8e0b632,1,1.0,1968-01-01,1968-01-01,1.0,0.538462,0.625,0
0bf0cabe-def2-4113-8dc5-6e721b9c3a92,79733f6e-5bfd-4e5d-be56-8fe1cf60df68,1,0.1,1994-01-01,1994-01-01,1.0,0.5,0.0,0
0bf0cabe-def2-4113-8dc5-6e721b9c3a92,8f6bd1e4-fbe1-4f50-aa9b-94c450ec0f11,1,0.1,1994-01-01,1994-01-01,1.0,0.166667,0.0,1
0bf0cabe-def2-4113-8dc5-6e721b9c3a92,a3796974-68e8-49e1-be25-73ccab990280,1,0.1,1994-01-01,1994-01-01,1.0,0.5,0.0,0
0bf0cabe-def2-4113-8dc5-6e721b9c3a92,b1439308-b01c-4bff-ab12-5cc6cd47900c,1,0.1,1994-01-01,1994-01-01,1.0,0.5,0.0,0
79733f6e-5bfd-4e5d-be56-8fe1cf60df68,8f6bd1e4-fbe1-4f50-aa9b-94c450ec0f11,2,0.166667,1994-01-01,1994-01-01,1.0,0.2,0.0,1
8f6bd1e4-fbe1-4f50-aa9b-94c450ec0f11,a3796974-68e8-49e1-be25-73ccab990280,2,0.166667,1994-01-01,1994-01-01,1.0,0.2,0.0,1
8f6bd1e4-fbe1-4f50-aa9b-94c450ec0f11,b1439308-b01c-4bff-ab12-5cc6cd47900c,2,0.166667,1994-01-01,1994-01-01,1.0,0.2,0.0,1
79733f6e-5bfd-4e5d-be56-8fe1cf60df68,9d1ebcfe-4c15-4d18-95d3-d919898638a1,1,0.066667,1994-01-01,1994-01-01,1.0,0.333333,0.0,1
79733f6e-5bfd-4e5d-be56-8fe1cf60df68,af18a9bc-e4ab-4068-9489-b64e8186fcf1,1,0.066667,1994-01-01,1994-01-01,1.0,1.0,0.0,0
8f6bd1e4-fbe1-4f50-aa9b-94c450ec0f11,9d1ebcfe-4c15-4d18-95d3-d919898638a1,1,0.066667,1994-01-01,1994-01-01,1.0,0.142857,0.0,1
8f6bd1e4-fbe1-4f50-aa9b-94c450ec0f11,af18a9bc-e4ab-4068-9489-b64e8186fcf1,1,0.066667,1994-01-01,1994-01-01,1.0,0.2,0.0,1
9d1ebcfe-4c15-4d18-95d3-d919898638a1,a3796974-68e8-49e1-be25-73ccab990280,1,0.066667,1994-01-01,1994-01-01,1.0,0.333333,0.0,1
9d1ebcfe-4c15-4d18-95d3-d919898638a1,af18a9bc-e4ab-4068-9489-b64e8186fcf1,1,0.066667,1994-01-01,1994-01-01,1.0,0.333333,0.0,1
9d1ebcfe-4c15-4d18-95d3-d919898638a1,b1439308-b01c-4bff-ab12-5cc6cd47900c,1,0.066667,1994-01-01,1994-01-01,1.0,0.333333,0.0,1
a3796974-68e8-49e1-be25-73ccab990280,af18a9bc-e4ab-4068-9489-b64e8186fcf1,1,0.066667,1994-01-01,1994-01-01,1.0,1.0,0.0,0
af18a9bc-e4ab-4068-9489-b64e8186fcf1,b1439308-b01c-4bff-ab12-5cc6cd47900c,1,0.066667,1994-01-01,1994-01-01,1.0,1.0,0.0,0
619b1116-740e-42e0-bdfe-96af274f79f7,8f6bd1e4-fbe1-4f50-aa9b-94c450ec0f11,1,1.0,1995-01-01,1995-01-01,1.0,0.0,0.0,1
5851d2ff-a9ce-49bf-bafb-08574cc22d69,5a2071aa-0787-49fb-931c-fa85ba86e681,2,0.333333,2015-01-01,2015-01-06,0.944061,0.5,0.0,0
5851d2ff-a9ce-49bf-bafb-08574cc22d69,7e2900f1-2c19-4371-9bd5-4c07826f45ef,1,0.166667,2015-01-01,2015-01-01,0.94108,0.5,0.0,0
5851d2ff-a9ce-49bf-bafb-08574cc22d69,a17ce9c3-8f6f-4dcc-a1b7-2a04ab9e31f0,3,0.433333,2015-01-01,2015-04-07,1.0,1.0,0.0,0
5a2071aa-0787-49fb-931c-fa85ba86e681,a17ce9c3-8f6f-4dcc-a1b7-2a04ab9e31f0,3,0.5,2015-01-01,2015-09-03,0.583726,0.5,0.0,0
7e2900f1-2c19-4371-9bd5-4c07826f45ef,a17ce9c3-8f6f-4dcc-a1b7-2a04ab9e31f0,1,0.166667,2015-01-01,2015-01-01,0.414293,0.5,0.0,0
5851d2ff-a9ce-49bf-bafb-08574cc22d69,c20b3d57-9ded-4f5b-a038-fffb344e2681,1,0.166667,2015-01-06,2015-01-06,0.944061,1.0,0.0,0
5a2071aa-0787-49fb-931c-fa85ba86e681,c20b3d57-9ded-4f5b-a038-fffb344e2681,2,0.333333,2015-01-06,2015-09-03,1.0,0.5,0.0,0
a17ce9c3-8f6f-4dcc-a1b7-2a04ab9e31f0,c20b3d57-9ded-4f5b-a038-fffb344e2681,2,0.333333,2015-01-06,2015-09-03,1.0,1.0,0.0,0
1c294418-722f-45a3-a24d-910f9b6f1502,31445b1e-96f3-4c7f-84ec-dd02e647e690,1,0.1,2015-04-07,2015-04-07,1.0,1.0,0.0,0
1c294418-722f-45a3-a24d-910f9b6f1502,5851d2ff-a9ce-49bf-bafb-08574cc22d69,1,0.1,2015-04-07,2015-04-07,1.0,1.0,0.0,0
1c294418-722f-45a3-a24d-910f9b6f1502,a17ce9c3-8f6f-4dcc-a1b7-2a04ab9e31f0,1,0.1,2015-04-07,2015-04-07,1.0,1.0,0.0,0
1c294418-722f-45a3-a24d-910f9b6f1502,f5c29b24-f309-46e1-bc75-001f19b1edd0,1,0.1,2015-04-07,2015-04-07,1.0,1.0,0.0,0
31445b1e-96f3-4c7f-84ec-dd02e647e690,5851d2ff-a9ce-49bf-bafb-08574cc22d69,1,0.1,2015-04-07,2015-04-07,1.0,1.0,0.0,0
31445b1e-96f3-4c7f-84ec-dd02e647e690,a17ce9c3-8f6f-4dcc-a1b7-2a04ab9e31f0,1,0.1,2015-04-07,2015-04-07,0.531221,1.0,0.0,0
5851d2ff-a9ce-49bf-bafb-08574cc22d69,f5c29b24-f309-46e1-bc75-001f19b1edd0,1,0.1,2015-04-07,2015-04-07,1.0,1.0,0.0,0
a17ce9c3-8f6f-4dcc-a1b7-2a04ab9e31f0,f5c29b24-f309-46e1-bc75-001f19b1edd0,1,0.1,2015-04-07,2015-04-07,1.0,1.0,0.0,0
5a2071aa-0787-49fb-931c-fa85ba86e681,f5dfa020-ad69-41cd-b3d4-fd7af0414e94,1,0.166667,2015-09-03,2015-09-03,1.0,0.333333,0.0,1
a17ce9c3-8f6f-4dcc-a1b7-2a04ab9e31f0,f5dfa020-ad69-41cd-b3d4-fd7af0414e94,1,0.166667,2015-09-03,2015-09-03,1.0,0.166667,0.0,1
c20b3d57-9ded-4f5b-a038-fffb344e2681,f5dfa020-ad69-41cd-b3d4-fd7af0414e94,1,0.166667,2015-09-03,2015-09-03,1.0,0.166667,0.0,1
9b80e411-7ef4-4654-8d04-8696345e8879,c4b87e45-c07a-460f-9c58-8d15328e2964,1,1.0,2001-01-01,2001-01-01,1.0,0.5,0.0,0
0eb89e0b-adee-4175-b1f0-55a3531937be,13e2db47-3010-48b8-a8b9-667551f37119,1,0.1,2000-01-01,2000-01-01,1.0,0.166667,0.0,1
0eb89e0b-adee-4175-b1f0-55a3531937be,16b15363-f6fb-4590-be6b-c843ebc7a780,1,0.1,2000-01-01,2000-01-01,1.0,1.0,0.0,0
0eb89e0b-adee-4175-b1f0-55a3531937be,8474c040-9323-48be-a0a9-dbf1ac72623b,1,0.1,2000-01-01,2000-01-01,1.0,1.0,0.0,0
0eb89e0b-adee-4175-b1f0-55a3531937be,fbc3d34d-f4df-4a02-aa24-a6c870b02c85,1,0.1,2000-01-01,2000-01-01,1.0,1.0,0.0,0
13e2db47-3010-48b8-a8b9-667551f37119,16b15363-f6fb-4590-be6b-c843ebc7a780,1,0.1,2000-01-01,2000-01-01,1.0,0.166667,0.0,1
13e2db47-3010-48b8-a8b9-667551f37119,8474c040-9323-48be-a0a9-dbf1ac72623b,1,0.1,2000-01-01,2000-01-01,1.0,0.166667,0.0,1
13e2db47-3010-48b8-a8b9-667551f37119,fbc3d34d-f4df-4a02-aa24-a6c870b02c85,1,0.1,2000-01-01,2000-01-01,1.0,0.166667,0.0,1
16b15363-f6fb-4590-be6b-c843ebc7a780,8474c040-9323-48be-a0a9-dbf1ac72623b,1,0.1,2000-01-01,2000-01-01,1.0,1.0,0.0,0
16b15363-f6fb-4590-be6b-c843ebc7a780,fbc3d34d-f4df-4a02-aa24-a6c870b02c85,1,0.1,2000-01-01,2000-01-01,1.0,1.0,0.0,0
8474c040-9323-48be-a0a9-dbf1ac72623b,fbc3d34d-f4df-4a02-aa24-a6c870b02c85,1,0.1,2000-01-01,2000-01-01,1.0,1.0,0.0,0
b6d7ec94-830c-44dd-b699-ce66556b7e55,bce6d667-cde8-485e-b078-c0a05adea36d,1,0.333333,2012-10-09,2012-10-09,1.0,0.25,0.0,1
b6d7ec94-830c-44dd-b699-ce66556b7e55,c01560d1-6f69-48cf-a3c6-c94b65f099b1,6,5.333333,2011-07-21,2012-10-09,1.0,0.0,0.0,1
bce6d667-cde8-485e-b078-c0a05adea36d,c01560d1-6f69-48cf-a3c6-c94b65f099b1,1,0.333333,2012-10-09,2012-10-09,1.0,0.0,0.0,1
156fdc33-d51c-4348-b966-cdbce304d2dd,1d01b5f5-182a-4558-a057-2f3a109cdbcf,1,0.166667,2013-01-11,2013-01-11,1.0,1.0,0.0,0
156fdc33-d51c-4348-b966-cdbce304d2dd,25b7b584-d952-4662-a8b9-dd8cdfbfeb64,1,0.166667,2013-01-11,2013-01-11,1.0,0.125,0.0,1
156fdc33-d51c-4348-b966-cdbce304d2dd,bce6d667-cde8-485e-b078-c0a05adea36d,1,0.166667,2013-01-11,2013-01-11,1.0,0.25,0.0,1
1d01b5f5-182a-4558-a057-2f3a109cdbcf,25b7b584-d952-4662-a8b9-dd8cdfbfeb64,1,0.166667,2013-01-11,2013-01-11,0.399369,0.125,0.0,1
1d01b5f5-182a-4558-a057-2f3a109cdbcf,bce6d667-cde8-485e-b078-c0a05adea36d,1,0.166667,2013-01-11,2013-01-11,0.578579,0.25,0.0,1
25b7b584-d952-4662-a8b9-dd8cdfbfeb64,bce6d667-cde8-485e-b078-c0a05adea36d,3,0.280952,2013-01-11,2015-05-26,1.0,0.2,1.0,0
25b7b584-d952-4662-a8b9-dd8cdfbfeb64,25c641b9-ba32-4cef-963f-a15a2619907a,1,0.066667,2013-05-14,2013-05-14,1.0,0.125,0.0,1
25b7b584-d952-4662-a8b9-dd8cdfbfeb64,45dc5f07-6609-4760-a933-8c9e0f858d05,1,0.066667,2013-05-14,2013-05-14,0.431683,0.666667,0.0,0
25b7b584-d952-4662-a8b9-dd8cdfbfeb64,4da8a075-9db8-422e-a154-57386c572d88,1,0.066667,2013-05-14,2013-05-14,0.431683,0.125,0.0,1
25b7b584-d952-4662-a8b9-dd8cdfbfeb64,8ab5d936-49d1-415e-92c8-151e0e7dd912,2,0.094444,2013-01-11,2013-05-14,0.431683,0.5,0.0,0
25c641b9-ba32-4cef-963f-a15a2619907a,45dc5f07-6609-4760-a933-8c9e0f858d05,1,0.066667,2013-05-14,2013-05-14,1.0,0.142857,0.0,1
25c641b9-ba32-4cef-963f-a15a2619907a,4da8a075-9db8-422e-a154-57386c572d88,1,0.066667,2013-05-14,2013-05-14,1.0,1.0,0.0,0
25c641b9-ba32-4cef-963f-a15a2619907a,8ab5d936-49d1-415e-92c8-151e0e7dd912,1,0.066667,2013-05-14,2013-05-14,1.0,0.25,0.0,1
25c641b9-ba32-4cef-963f-a15a2619907a,bce6d667-cde8-485e-b078-c0a05adea36d,1,0.066667,2013-05-14,2013-05-14,1.0,0.25,0.0,1
45dc5f07-6609-4760-a933-8c9e0f858d05,4da8a075-9db8-422e-a154-57386c572d88,1,0.066667,2013-05-14,2013-05-14,0.254226,0.142857,0.0,1
45dc5f07-6609-4760-a933-8c9e0f858d05,8ab5d936-49d1-415e-92c8-151e0e7dd912,1,0.066667,2013-05-14,2013-05-14,0.254226,0.571429,0.0,0
45dc5f07-6609-4760-a933-8c9e0f858d05,bce6d667-cde8-485e-b078-c0a05adea36d,1,0.066667,2013-05-14,2013-05-14,0.625394,0.222222,0.0,1
4da8a075-9db8-422e-a154-57386c572d88,8ab5d936-49d1-415e-92c8-151e0e7dd912,1,0.066667,2013-05-14,2013-05-14,0.185644,0.25,0.0,1
4da8a075-9db8-422e-a154-57386c572d88,bce6d667-cde8-485e-b078-c0a05adea36d,1,0.066667,2013-05-14,2013-05-14,0.625394,0.25,0.0,1
8ab5d936-49d1-415e-92c8-151e0e7dd912,bce6d667-cde8-485e-b078-c0a05adea36d,1,0.066667,2013-05-14,2013-05-14,0.625394,0.333333,0.0,1
0612bcce-e351-40be-b3d7-2bb5e1c23479,07567c90-50bc-4945-941b-e9489def8620,1,0.047619,2014-01-01,2014-01-01,1.0,1.0,0.0,0
0612bcce-e351-40be-b3d7-2bb5e1c23479,28a0e439-e447-49cb-9aa2-6c754bdf665f,1,0.047619,2014-01-01,2014-01-01,1.0,1.0,0.0,0
0612bcce-e351-40be-b3d7-2bb5e1c23479,396a9525-0994-4542-b480-c4587feeb476,1,0.047619,2014-01-01,2014-01-01,1.0,0.25,0.0,1
0612bcce-e351-40be-b3d7-2bb5e1c23479,49f4f9bb-e790-42f5-b0da-2802802b10da,1,0.047619,2014-01-01,2014-01-01,1.0,1.0,0.0,0
0612bcce-e351-40be-b3d7-2bb5e1c23479,4ba19b2e-30eb-473c-8d6a-ff799d20cebf,1,0.047619,2014-01-01,2014-01-01,1.0,1.0,0.0,0
0612bcce-e351-40be-b3d7-2bb5e1c23479,bce6d667-cde8-485e-b078-c0a05adea36d,1,0.047619,2014-01-01,2014-01-01,0.724253,0.25,0.0,1
07567c90-50bc-4945-941b-e9489def8620,28a0e439-e447-49cb-9aa2-6c754bdf665f,1,0.047619,2014-01-01,2014-01-01,1.0,1.0,0.0,0
07567c90-50bc-4945-941b-e9489def8620,396a9525-0994-4542-b480-c4587feeb476,1,0.047619,2014-01-01,2014-01-01,1.0,0.25,0.0,1
07567c90-50bc-4945-941b-e9489def8620,49f4f9bb-e790-42f5-b0da-2802802b10da,1,0.047619,2014-01-01,2014-01-01,1.0,1.0,0.0,0
07567c90-50bc-4945-941b-e9489def8620,4ba19b2e-30eb-473c-8d6a-ff799d20cebf,1,0.047619,2014-01-01,2014-01-01,1.0,1.0,0.0,0
07567c90-50bc-4945-941b-e9489def8620,bce6d667-cde8-485e-b078-c0a05adea36d,1,0.047619,2014-01-01,2014-01-01,1.0,0.25,0.0,1
28a0e439-e447-49cb-9aa2-6c754bdf665f,396a9525-0994-4542-b480-c4587feeb476,1,0.047619,2014-01-01,2014-01-01,1.0,0.25,0.0,1
28a0e439-e447-49cb-9aa2-6c754bdf665f,49f4f9bb-e790-42f5-b0da-2802802b10da,1,0.047619,2014-01-01,2014-01-01,1.0,1.0,0.0,0
28a0e439-e447-49cb-9aa2-6c754bdf665f,4ba19b2e-30eb-473c-8d6a-ff799d20cebf,1,0.047619,2014-01-01,2014-01-01,1.0,1.0,0.0,0
28a0e439-e447-49cb-9aa2-6c754bdf665f,bce6d667-cde8-485e-b078-c0a05adea36d,1,0.047619,2014-01-01,2014-01-01,1.0,0.25,0.0,1
396a9525-0994-4542-b480-c4587feeb476,49f4f9bb-e790-42f5-b0da-2802802b10da,1,0.047619,2014-01-01,2014-01-01,1.0,0.25,0.0,1
396a9525-0994-4542-b480-c4587feeb476,4ba19b2e-30eb-473c-8d6a-ff799d20cebf,1,0.047619,2014-01-01,2014-01-01,1.0,0.25,0.0,1
396a9525-0994-4542-b480-c4587feeb476,bce6d667-cde8-485e-b078-c0a05adea36d,1,0.047619,2014-01-01,2014-01-01,1.0,0.333333,0.0,1
49f4f9bb-e790-42f5-b0da-2802802b10da,4ba19b2e-30eb-473c-8d6a-ff799d20cebf,1,0.047619,2014-01-01,2014-01-01,1.0,1.0,0.0,0
49f4f9bb-e790-42f5-b0da-2802802b10da,bce6d667-cde8-485e-b078-c0a05adea36d,1,0.047619,2014-01-01,2014-01-01,1.0,0.25,0.0,1
4ba19b2e-30eb-473c-8d6a-ff799d20cebf,bce6d667-cde8-485e-b078-c0a05adea36d,1,0.047619,2014-01-01,2014-01-01,1.0,0.25,0.0,1
25b7b584-d952-4662-a8b9-dd8cdfbfeb64,3ac05827-32ab-4acd-8b79-7400bdbc525e,1,0.047619,2015-05-26,2015-05-26,1.0,0.125,1.0,0
25b7b584-d952-4662-a8b9-dd8cdfbfeb64,42b1afed-e6db-4ca7-b3e6-c86873603dd3,1,0.047619,2015-05-26,2015-05-26,1.0,0.125,1.0,0
25b7b584-d952-4662-a8b9-dd8cdfbfeb64,6caccdc6-5cf9-4634-a676-2f607629e837,1,0.047619,2015-05-26,2015-05-26,1.0,0.125,1.0,0
25b7b584-d952-4662-a8b9-dd8cdfbfeb64,cea7bda7-394d-43b6-bd2d-7ba4f5bffd23,1,0.047619,2015-05-26,2015-05-26,1.0,0.125,1.0,0
25b7b584-d952-4662-a8b9-dd8cdfbfeb64,eb9075cd-0440-414a-b309-5da6ecc50911,1,0.047619,2015-05-26,2015-05-26,1.0,0.125,1.0,0
3ac05827-32ab-4acd-8b79-7400bdbc525e,42b1afed-e6db-4ca7-b3e6-c86873603dd3,1,0.047619,2015-05-26,2015-05-26,1.0,1.0,1.0,0
3ac05827-32ab-4acd-8b79-7400bdbc525e,6caccdc6-5cf9-4634-a676-2f607629e837,1,0.047619,2015-05-26,2015-05-26,1.0,1.0,1.0,0
3ac05827-32ab-4acd-8b79-7400bdbc525e,bce6d667-cde8-485e-b078-c0a05adea36d,1,0.047619,2015-05-26,2015-05-26,1.0,0.25,1.0,0
3ac05827-32ab-4acd-8b79-7400bdbc525e,cea7bda7-394d-43b6-bd2d-7ba4f5bffd23,1,0.047619,2015-05-26,2015-05-26,1.0,1.0,1.0,0
3ac05827-32ab-4acd-8b79-7400bdbc525e,eb9075cd-0440-414a-b309-5da6ecc50911,1,0.047619,2015-05-26,2015-05-26,1.0,1.0,1.0,0
42b1afed-e6db-4ca7-b3e6-c86873603dd3,6caccdc6-5cf9-4634-a676-2f607629e837,1,0.047619,2015-05-26,2015-05-26,1.0,1.0,1.0,0
42b1afed-e6db-4ca7-b3e6-c86873603dd3,bce6d667-cde8-485e-b078-c0a05adea36d,1,0.047619,2015-05-26,2015-05-26,1.0,0.25,1.0,0
42b1afed-e6db-4ca7-b3e6-c86873603dd3,cea7bda7-394d-43b6-bd2d-7ba4f5bffd23,1,0.047619,2015-05-26,2015-05-26,1.0,1.0,1.0,0
42b1afed-e6db-4ca7-b3e6-c86873603dd3,eb9075cd-0440-414a-b309-5da6ecc50911,1,0.047619,2015-05-26,2015-05-26,1.0,1.0,1.0,0
6caccdc6-5cf9-4634-a676-2f607629e837,bce6d667-cde8-485e-b078-c0a05adea36d,1,0.047619,2015-05-26,2015-05-26,1.0,0.25,1.0,0
6caccdc6-5cf9-4634-a676-2f607629e837,cea7bda7-394d-43b6-bd2d-7ba4f5bffd23,1,0.047619,2015-05-26,2015-05-26,1.0,1.0,1.0,0
6caccdc6-5cf9-4634-a676-2f607629e837,eb9075cd-0440-414a-b309-5da6ecc50911,1,0.047619,2015-05-26,2015-05-26,1.0,1.0,1.0,0
bce6d667-cde8-485e-b078-c0a05adea36d,cea7bda7-394d-43b6-bd2d-7ba4f5bffd23,1,0.047619,2015-05-26,2015-05-26,1.0,0.25,1.0,0
bce6d667-cde8-485e-b078-c0a05adea36d,eb9075cd-0440-414a-b309-5da6ecc50911,1,0.047619,2015-05-26,2015-05-26,1.0,0.25,1.0,0
cea7bda7-394d-43b6-bd2d-7ba4f5bffd23,eb9075cd-0440-414a-b309-5da6ecc50911,1,0.047619,2015-05-26,2015-05-26,1.0,1.0,1.0,0
2873b450-13c6-4ca1-8ca3-646c25af3202,4ac35d1d-3755-4733-b6f2-772514d67a6e,1,0.035714,2023-10-27,2023-10-27,1.0,0.142857,0.0,1
2873b450-13c6-4ca1-8ca3-646c25af3202,8b8985eb-f71f-4229-9f11-171a7aac98c1,1,0.035714,2023-10-27,2023-10-27,1.0,0.142857,0.0,1
2873b450-13c6-4ca1-8ca3-646c25af3202,bbbe3da3-0563-429f-8394-5c546cc8b9bc,1,0.035714,2023-10-27,2023-10-27,1.0,0.142857,0.0,1
2873b450-13c6-4ca1-8ca3-646c25af3202,c45d161f-83ce-4464-ba41-44202e6916d9,1,0.035714,2023-10-27,2023-10-27,1.0,0.142857,0.0,1
2873b450-13c6-4ca1-8ca3-646c25af3202,d0417cd9-dc5c-48e2-9a1b-5a5a51c804cd,1,0.035714,2023-10-27,2023-10-27,1.0,0.142857,0.0,1
2873b450-13c6-4ca1-8ca3-646c25af3202,d25f6294-686a-4569-b1b9-fe64bfef2519,1,0.035714,2023-10-27,2023-10-27,1.0,0.571429,0.0,0
2873b450-13c6-4ca1-8ca3-646c25af3202,e70235d5-f15f-4750-b916-42aadcd579a7,1,0.035714,2023-10-27,2023-10-27,1.0,0.142857,0.0,1
4ac35d1d-3755-4733-b6f2-772514d67a6e,8b8985eb-f71f-4229-9f11-171a7aac98c1,1,0.035714,2023-10-27,2023-10-27,1.0,1.0,0.0,0
4ac35d1d-3755-4733-b6f2-772514d67a6e,bbbe3da3-0563-429f-8394-5c546cc8b9bc,1,0.035714,2023-10-27,2023-10-27,1.0,1.0,0.0,0
4ac35d1d-3755-4733-b6f2-772514d67a6e,c45d161f-83ce-4464-ba41-44202e6916d9,1,0.035714,2023-10-27,2023-10-27,1.0,1.0,0.0,0
4ac35d1d-3755-4733-b6f2-772514d67a6e,d0417cd9-dc5c-48e2-9a1b-5a5a51c804cd,1,0.035714,2023-10-27,2023-10-27,1.0,1.0,0.0,0
4ac35d1d-3755-4733-b6f2-772514d67a6e,d25f6294-686a-4569-b1b9-fe64bfef2519,1,0.035714,2023-10-27,2023-10-27,1.0,0.25,0.0,1
4ac35d1d-3755-4733-b6f2-772514d67a6e,e70235d5-f15f-4750-b916-42aadcd579a7,1,0.035714,2023-10-27,2023-10-27,1.0,1.0,0.0,0
8b8985eb-f71f-4229-9f11-171a7aac98c1,bbbe3da3-0563-429f-8394-5c546cc8b9bc,1,0.035714,2023-10-27,2023-10-27,1.0,1.0,0.0,0
8b8985eb-f71f-4229-9f11-171a7aac98c1,c45d161f-83ce-4464-ba41-44202e6916d9,1,0.035714,2023-10-27,2023-10-27,1.0,1.0,0.0,0
8b8985eb-f71f-4229-9f11-171a7aac98c1,d0417cd9-dc5c-48e2-9a1b-5a5a51c804cd,1,0.035714,2023-10-27,2023-10-27,1.0,1.0,0.0,0
8b8985eb-f71f-4229-9f11-171a7aac98c1,d25f6294-686a-4569-b1b9-fe64bfef2519,1,0.035714,2023-10-27,2023-10-27,1.0,0.25,0.0,1
8b8985eb-f71f-4229-9f11-171a7aac98c1,e70235d5-f15f-4750-b916-42aadcd579a7,1,0.035714,2023-10-27,2023-10-27,1.0,1.0,0.0,0
bbbe3da3-0563-429f-8394-5c546cc8b9bc,c45d161f-83ce-4464-ba41-44202e6916d9,1,0.035714,2023-10-27,2023-10-27,1.0,1.0,0.0,0
bbbe3da3-0563-429f-8394-5c546cc8b9bc,d0417cd9-dc5c-48e2-9a1b-5a5a51c804cd,1,0.035714,2023-10-27,2023-10-27,1.0,1.0,0.0,0
bbbe3da3-0563-429f-8394-5c546cc8b9bc,d25f6294-686a-4569-b1b9-fe64bfef2519,1,0.035714,2023-10-27,2023-10-27,1.0,0.25,0.0,1
bbbe3da3-0563-429f-8394-5c546cc8b9bc,e70235d5-f15f-4750-b916-42aadcd579a7,1,0.035714,2023-10-27,2023-10-27,1.0,1.0,0.0,0
c45d161f-83ce-4464-ba41-44202e6916d9,d0417cd9-dc5c-48e2-9a1b-5a5a51c804cd,1,0.035714,2023-10-27,2023-10-27,1.0,1.0,0.0,0
c45d161f-83ce-4464-ba41-44202e6916d9,d25f6294-686a-4569-b1b9-fe64bfef2519,1,0.035714,2023-10-27,2023-10-27,0.98618,0.25,0.0,1
c45d161f-83ce-4464-ba41-44202e6916d9,e70235d5-f15f-4750-b916-42aadcd579a7,1,0.035714,2023-10-27,2023-10-27,1.0,1.0,0.0,0
d0417cd9-dc5c-48e2-9a1b-5a5a51c804cd,d25f6294-686a-4569-b1b9-fe64bfef2519,1,0.035714,2023-10-27,2023-10-27,1.0,0.25,0.0,1
d0417cd9-dc5c-48e2-9a1b-5a5a51c804cd,e70235d5-f15f-4750-b916-42aadcd579a7,1,0.035714,2023-10-27,2023-10-27,1.0,1.0,0.0,0
d25f6294-686a-4569-b1b9-fe64bfef2519,e70235d5-f15f-4750-b916-42aadcd579a7,1,0.035714,2023-10-27,2023-10-27,1.0,0.25,0.0,1
0b427dad-1ee5-48f1-aa4b-026680a3338e,9e885dfe-5cd3-454f-99fc-d28847de6ce2,1,0.1,2024-05-31,2024-05-31,1.0,1.0,0.0,0
0b427dad-1ee5-48f1-aa4b-026680a3338e,c563a7dd-4bda-4fa1-840f-0f882849fbc4,1,0.1,2024-05-31,2024-05-31,1.0,1.0,0.0,0
0b427dad-1ee5-48f1-aa4b-026680a3338e,d25f6294-686a-4569-b1b9-fe64bfef2519,1,0.1,2024-05-31,2024-05-31,1.0,0.25,0.0,1
0b427dad-1ee5-48f1-aa4b-026680a3338e,fce14ef9-e1df-4821-a4cd-e2ef9045460e,1,0.1,2024-05-31,2024-05-31,1.0,1.0,0.0,0
9e885dfe-5cd3-454f-99fc-d28847de6ce2,c563a7dd-4bda-4fa1-840f-0f882849fbc4,1,0.1,2024-05-31,2024-05-31,1.0,1.0,0.0,0
9e885dfe-5cd3-454f-99fc-d28847de6ce2,d25f6294-686a-4569-b1b9-fe64bfef2519,1,0.1,2024-05-31,2024-05-31,1.0,0.25,0.0,1
9e885dfe-5cd3-454f-99fc-d28847de6ce2,fce14ef9-e1df-4821-a4cd-e2ef9045460e,1,0.1,2024-05-31,2024-05-31,1.0,1.0,0.0,0
c563a7dd-4bda-4fa1-840f-0f882849fbc4,d25f6294-686a-4569-b1b9-fe64bfef2519,1,0.1,2024-05-31,2024-05-31,1.0,0.25,0.0,1
c563a7dd-4bda-4fa1-840f-0f882849fbc4,fce14ef9-e1df-4821-a4cd-e2ef9045460e,1,0.1,2024-05-31,2024-05-31,1.0,1.0,0.0,0
d25f6294-686a-4569-b1b9-fe64bfef2519,fce14ef9-e1df-4821-a4cd-e2ef9045460e,1,0.1,2024-05-31,2024-05-31,1.0,0.25,0.0,1
2257da02-e5b8-4da0-bff5-1db1673483d1,2588180b-9819-46b3-93c9-0fa89dd199b5,1,0.066667,2025-04-04,2025-04-04,1.0,1.0,0.0,0
2257da02-e5b8-4da0-bff5-1db1673483d1,30e036b2-8674-472d-82bf-2b869ad28d99,1,0.066667,2025-04-04,2025-04-04,1.0,1.0,0.0,0
2257da02-e5b8-4da0-bff5-1db1673483d1,4ced4eb2-ed74-4ca1-9d32-eb709b5f348f,1,0.066667,2025-04-04,2025-04-04,1.0,1.0,0.0,0
2257da02-e5b8-4da0-bff5-1db1673483d1,abaa2544-8476-401c-ad32-042b6bfac116,1,0.066667,2025-04-04,2025-04-04,1.0,1.0,0.0,0
2257da02-e5b8-4da0-bff5-1db1673483d1,d25f6294-686a-4569-b1b9-fe64bfef2519,1,0.066667,2025-04-04,2025-04-04,1.0,0.5,0.0,0
2588180b-9819-46b3-93c9-0fa89dd199b5,30e036b2-8674-472d-82bf-2b869ad28d99,1,0.066667,2025-04-04,2025-04-04,1.0,1.0,0.0,0
2588180b-9819-46b3-93c9-0fa89dd199b5,4ced4eb2-ed74-4ca1-9d32-eb709b5f348f,1,0.066667,2025-04-04,2025-04-04,1.0,1.0,0.0,0
2588180b-9819-46b3-93c9-0fa89dd199b5,abaa2544-8476-401c-ad32-042b6bfac116,1,0.066667,2025-04-04,2025-04-04,1.0,1.0,0.0,0
2588180b-9819-46b3-93c9-0fa89dd199b5,d25f6294-686a-4569-b1b9-fe64bfef2519,1,0.066667,2025-04-04,2025-04-04,1.0,0.5,0.0,0
30e036b2-8674-472d-82bf-2b869ad28d99,4ced4eb2-ed74-4ca1-9d32-eb709b5f348f,1,0.066667,2025-04-04,2025-04-04,1.0,1.0,0.0,0
30e036b2-8674-472d-82bf-2b869ad28d99,abaa2544-8476-401c-ad32-042b6bfac116,1,0.066667,2025-04-04,2025-04-04,1.0,1.0,0.0,0
30e036b2-8674-472d-82bf-2b869ad28d99,d25f6294-686a-4569-b1b9-fe64bfef2519,1,0.066667,2025-04-04,2025-04-04,1.0,0.5,0.0,0
4ced4eb2-ed74-4ca1-9d32-eb709b5f348f,abaa2544-8476-401c-ad32-042b6bfac116,1,0.066667,2025-04-04,2025-04-04,1.0,1.0,0.0,0
4ced4eb2-ed74-4ca1-9d32-eb709b5f348f,d25f6294-686a-4569-b1b9-fe64bfef2519,1,0.066667,2025-04-04,2025-04-04,1.0,0.5,0.0,0
abaa2544-8476-401c-ad32-042b6bfac116,d25f6294-686a-4569-b1b9-fe64bfef2519,1,0.066667,2025-04-04,2025-04-04,1.0,0.5,0.0,0
11433f50-a7da-4dc2-8ca8-84b5d160e20e,1a1cd7f3-e5df-4eca-bae2-2757c9e656b5,1,0.035714,1985-01-01,1985-01-01,1.0,0.222222,0.0,1
11433f50-a7da-4dc2-8ca8-84b5d160e20e,661e20c8-3d82-4da2-94a2-97d9e11691c0,1,0.035714,1985-01-01,1985-01-01,1.0,0.666667,0.0,0
11433f50-a7da-4dc2-8ca8-84b5d160e20e,c3c82bdc-d9e7-4836-9746-c24ead47ca19,1,0.035714,1985-01-01,1985-01-01,0.63016,0.176471,0.0,1
1a1cd7f3-e5df-4eca-bae2-2757c9e656b5,661e20c8-3d82-4da2-94a2-97d9e11691c0,1,0.035714,1985-01-01,1985-01-01,1.0,0.25,0.0,1
1a1cd7f3-e5df-4eca-bae2-2757c9e656b5,72935855-cfc9-4e02-a6cc-249fc9d09044,1,0.035714,1985-01-01,1985-01-01,1.0,0.222222,0.0,1
1a1cd7f3-e5df-4eca-bae2-2757c9e656b5,bcdcfdc7-0b3c-4f95-9224-f4a8cd71bb61,1,0.035714,1985-01-01,1985-01-01,1.0,0.125,0.0,1
1a1cd7f3-e5df-4eca-bae2-2757c9e656b5,c3c82bdc-d9e7-4836-9746-c24ead47ca19,1,0.035714,1985-01-01,1985-01-01,1.0,0.470588,0.0,1
1a1cd7f3-e5df-4eca-bae2-2757c9e656b5,c53f2749-4c19-48fa-b99b-5f4c11297b2c,1,0.035714,1985-01-01,1985-01-01,1.0,0.222222,0.0,1
1a1cd7f3-e5df-4eca-bae2-2757c9e656b5,f2b7fc94-1e8d-4f4d-9a3f-620c1a5ac564,1,0.035714,1985-01-01,1985-01-01,1.0,0.125,0.0,1
661e20c8-3d82-4da2-94a2-97d9e11691c0,72935855-cfc9-4e02-a6cc-249fc9d09044,1,0.035714,1985-01-01,1985-01-01,1.0,0.666667,0.0,0
661e20c8-3d82-4da2-94a2-97d9e11691c0,bcdcfdc7-0b3c-4f95-9224-f4a8cd71bb61,1,0.035714,1985-01-01,1985-01-01,1.0,0.5,0.0,0
661e20c8-3d82-4da2-94a2-97d9e11691c0,c3c82bdc-d9e7-4836-9746-c24ead47ca19,1,0.035714,1985-01-01,1985-01-01,1.0,0.117647,0.0,1
661e20c8-3d82-4da2-94a2-97d9e11691c0,c53f2749-4c19-48fa-b99b-5f4c11297b2c,1,0.035714,1985-01-01,1985-01-01,1.0,0.666667,0.0,0
661e20c8-3d82-4da2-94a2-97d9e11691c0,f2b7fc94-1e8d-4f4d-9a3f-620c1a5ac564,1,0.035714,1985-01-01,1985-01-01,1.0,0.5,0.0,0
72935855-cfc9-4e02-a6cc-249fc9d09044,c3c82bdc-d9e7-4836-9746-c24ead47ca19,1,0.035714,1985-01-01,1985-01-01,0.63016,0.176471,0.0,1
bcdcfdc7-0b3c-4f95-9224-f4a8cd71bb61,c3c82bdc-d9e7-4836-9746-c24ead47ca19,1,0.035714,1985-01-01,1985-01-01,1.0,0.058824,0.0,1
c3c82bdc-d9e7-4836-9746-c24ead47ca19,c53f2749-4c19-48fa-b99b-5f4c11297b2c,1,0.035714,1985-01-01,1985-01-01,0.63016,0.176471,0.0,1
c3c82bdc-d9e7-4836-9746-c24ead47ca19,f2b7fc94-1e8d-4f4d-9a3f-620c1a5ac564,1,0.035714,1985-01-01,1985-01-01,1.0,0.058824,0.0,1
013fa897-86db-41d3-8e9f-386c8a34f4e6,c3c82bdc-d9e7-4836-9746-c24ead47ca19,1,0.333333,1987-01-01,1987-01-01,1.0,0.117647,0.0,1
c3c82bdc-d9e7-4836-9746-c24ead47ca19,ff621094-2a76-401f-8398-b75b5fd2be24,1,0.333333,1987-01-01,1987-01-01,1.0,0.117647,0.0,1
0e21491a-18a5-40d9-a68c-a651a0fda689,4c857e19-d9bb-460e-b3ec-2d1ea24c3247,2,0.5,1963-01-01,1964-01-01,1.0,1.0,0.0,0
0e21491a-18a5-40d9-a68c-a651a0fda689,e7b587f7-e678-47c1-81dd-e7bb7855b0f9,2,0.5,1963-01-01,1964-01-01,1.0,1.0,0.0,0
4c857e19-d9bb-460e-b3ec-2d1ea24c3247,e7b587f7-e678-47c1-81dd-e7bb7855b0f9,2,0.5,1963-01-01,1964-01-01,1.0,1.0,0.0,0
194e5e92-0f2d-4d81-b5b9-c5f18d9edd59,ae220349-f608-4cb6-ae49-530cbc7faacf,1,1.0,1965-03-01,1965-03-01,1.0,1.0,0.0,0
8339f0eb-80a0-4c29-815c-f9b02a1d531d,ece1c3c8-b16f-49f0-9c60-eb3029e929a9,1,1.0,1965-03-01,1965-03-01,1.0,1.0,0.0,0
eed95a51-77b2-4679-af5d-cf9ab29fdf14,fe8fd37a-09d7-48f7-b1ac-1ccfa6b4170e,1,1.0,1965-03-01,1965-03-01,1.0,1.0,0.0,0
62879ad9-1594-46ff-a2f4-bca5207a8fd6,bf6c29f5-b69f-4842-9031-37f9645d365d,1,1.0,1965-03-01,1965-03-01,1.0,0.5,0.0,0
0638ba22-040f-438d-83a5-9b670c4adaf5,5ab9fb83-59da-4510-941e-fd42189199aa,1,0.1,2008-01-01,2008-01-01,1.0,1.0,0.0,0
0638ba22-040f-438d-83a5-9b670c4adaf5,94c338ff-1985-4429-9dc8-997b61bb5932,1,0.1,2008-01-01,2008-01-01,1.0,0.142857,0.0,1
0638ba22-040f-438d-83a5-9b670c4adaf5,ea1e93f4-d005-4897-90a9-e065f837d7e2,1,0.1,2008-01-01,2008-01-01,1.0,1.0,0.0,0
0638ba22-040f-438d-83a5-9b670c4adaf5,f7ba7fbe-c6bd-4ac0-bee9-c25c558d7d62,1,0.1,2008-01-01,2008-01-01,1.0,0.5,0.0,0
5ab9fb83-59da-4510-941e-fd42189199aa,94c338ff-1985-4429-9dc8-997b61bb5932,1,0.1,2008-01-01,2008-01-01,1.0,0.142857,0.0,1
5ab9fb83-59da-4510-941e-fd42189199aa,ea1e93f4-d005-4897-90a9-e065f837d7e2,1,0.1,2008-01-01,2008-01-01,1.0,1.0,0.0,0
5ab9fb83-59da-4510-941e-fd42189199aa,f7ba7fbe-c6bd-4ac0-bee9-c25c558d7d62,1,0.1,2008-01-01,2008-01-01,1.0,0.5,0.0,0
94c338ff-1985-4429-9dc8-997b61bb5932,ea1e93f4-d005-4897-90a9-e065f837d7e2,1,0.1,2008-01-01,2008-01-01,1.0,0.142857,0.0,1
94c338ff-1985-4429-9dc8-997b61bb5932,f7ba7fbe-c6bd-4ac0-bee9-c25c558d7d62,2,0.433333,2008-01-01,2008-09-29,0.747999,0.285714,0.0,1
ea1e93f4-d005-4897-90a9-e065f837d7e2,f7ba7fbe-c6bd-4ac0-bee9-c25c558d7d62,1,0.1,2008-01-01,2008-01-01,1.0,0.5,0.0,0
94c338ff-1985-4429-9dc8-997b61bb5932,fb8119a1-596c-41ff-bc98-0c0659fbda37,1,0.333333,2008-09-29,2008-09-29,1.0,0.142857,0.0,1
f7ba7fbe-c6bd-4ac0-bee9-c25c558d7d62,fb8119a1-596c-41ff-bc98-0c0659fbda37,1,0.333333,2008-09-29,2008-09-29,1.0,0.0,0.0,1
0d40af7f-9b4f-4c42-9e5a-c827315dd240,2594e97a-9b01-415d-850a-ce39879c58b1,1,0.1,2010-01-01,2010-01-01,1.0,1.0,0.0,0
0d40af7f-9b4f-4c42-9e5a-c827315dd240,9491138a-e451-4026-8d03-d20bcc7f9f2a,1,0.1,2010-01-01,2010-01-01,1.0,1.0,0.0,0
0d40af7f-9b4f-4c42-9e5a-c827315dd240,94c338ff-1985-4429-9dc8-997b61bb5932,1,0.1,2010-01-01,2010-01-01,1.0,0.142857,0.0,1
0d40af7f-9b4f-4c42-9e5a-c827315dd240,c56910df-7197-466c-93d3-3864758faac1,1,0.1,2010-01-01,2010-01-01,1.0,1.0,0.0,0
2594e97a-9b01-415d-850a-ce39879c58b1,94c338ff-1985-4429-9dc8-997b61bb5932,1,0.1,2010-01-01,2010-01-01,1.0,0.142857,0.0,1
2594e97a-9b01-415d-850a-ce39879c58b1,c56910df-7197-466c-93d3-3864758faac1,1,0.1,2010-01-01,2010-01-01,1.0,1.0,0.0,0
9491138a-e451-4026-8d03-d20bcc7f9f2a,94c338ff-1985-4429-9dc8-997b61bb5932,1,0.1,2010-01-01,2010-01-01,1.0,0.142857,0.0,1
9491138a-e451-4026-8d03-d20bcc7f9f2a,c56910df-7197-466c-93d3-3864758faac1,1,0.1,2010-01-01,2010-01-01,1.0,1.0,0.0,0
94c338ff-1985-4429-9dc8-997b61bb5932,c56910df-7197-466c-93d3-3864758faac1,1,0.1,2010-01-01,2010-01-01,1.0,0.142857,0.0,1
396d316b-a9de-4c3e-88e8-a1caf730a6b5,94c338ff-1985-4429-9dc8-997b61bb5932,1,0.166667,2010-01-01,2010-01-01,1.0,0.142857,0.0,1
396d316b-a9de-4c3e-88e8-a1caf730a6b5,b67bf15d-03c3-40a4-9d17-769a964d5005,1,0.166667,2010-01-01,2010-01-01,1.0,1.0,0.0,0
396d316b-a9de-4c3e-88e8-a1caf730a6b5,d24fb461-dee8-41fc-bb15-2f13bb2644a6,1,0.166667,2010-01-01,2010-01-01,1.0,0.125,0.0,1
94c338ff-1985-4429-9dc8-997b61bb5932,b67bf15d-03c3-40a4-9d17-769a964d5005,1,0.166667,2010-01-01,2010-01-01,1.0,0.142857,0.0,1
94c338ff-1985-4429-9dc8-997b61bb5932,d24fb461-dee8-41fc-bb15-2f13bb2644a6,1,0.166667,2010-01-01,2010-01-01,1.0,0.666667,0.0,0
b67bf15d-03c3-40a4-9d17-769a964d5005,d24fb461-dee8-41fc-bb15-2f13bb2644a6,1,0.166667,2010-01-01,2010-01-01,1.0,0.125,0.0,1
94b0fb9d-a066-4823-b2ec-af1d324bcfcf,9d1ebcfe-4c15-4d18-95d3-d919898638a1,3,3.0,1969-03-01,1969-03-01,1.0,0.166667,0.0,1
9d1ebcfe-4c15-4d18-95d3-d919898638a1,f81f19b9-c76e-43ac-8656-bb56071785fb,1,1.0,1969-03-01,1969-03-01,1.0,0.285714,0.0,1
c1f1cf38-1fee-4106-871d-ac392a28b91a,c5ce487b-0462-444e-a184-4de0fef7e028,1,1.0,2003-01-01,2003-01-01,1.0,0.25,0.0,1
11433f50-a7da-4dc2-8ca8-84b5d160e20e,2fddb92d-24b2-46a5-bf28-3aed46f4684c,1,0.066667,1983-01-01,1983-01-01,1.0,0.25,0.0,1
2fddb92d-24b2-46a5-bf28-3aed46f4684c,72935855-cfc9-4e02-a6cc-249fc9d09044,1,0.066667,1983-01-01,1983-01-01,1.0,0.25,0.0,1
2fddb92d-24b2-46a5-bf28-3aed46f4684c,bcdcfdc7-0b3c-4f95-9224-f4a8cd71bb61,1,0.066667,1983-01-01,1983-01-01,1.0,0.083333,0.0,1
2fddb92d-24b2-46a5-bf28-3aed46f4684c,c53f2749-4c19-48fa-b99b-5f4c11297b2c,1,0.066667,1983-01-01,1983-01-01,1.0,0.25,0.0,1
2fddb92d-24b2-46a5-bf28-3aed46f4684c,f2b7fc94-1e8d-4f4d-9a3f-620c1a5ac564,1,0.066667,1983-01-01,1983-01-01,1.0,0.083333,0.0,1
1138a764-2212-4d0a-b02d-0dc14df91e08,ff9542ca-7859-4db2-8796-c1e3c39b9c0a,1,1.0,1971-09-01,1971-09-01,1.0,0.214286,0.0,1
3101759b-cae6-42d1-bbc0-17948bd45622,3547f34a-db02-4ab7-b4a0-380e1ef951a9,1,0.166667,1953-01-01,1953-01-01,1.0,0.5,1.0,0
3101759b-cae6-42d1-bbc0-17948bd45622,971cf058-cba6-49c1-92d2-6893b1683ee5,1,0.166667,1953-01-01,1953-01-01,1.0,1.0,1.0,0
3101759b-cae6-42d1-bbc0-17948bd45622,9dcb52fc-b6f8-4980-ad45-22b066583b8b,1,0.166667,1953-01-01,1953-01-01,1.0,1.0,1.0,0
3547f34a-db02-4ab7-b4a0-380e1ef951a9,971cf058-cba6-49c1-92d2-6893b1683ee5,1,0.166667,1953-01-01,1953-01-01,1.0,0.5,1.0,0
3547f34a-db02-4ab7-b4a0-380e1ef951a9,9dcb52fc-b6f8-4980-ad45-22b066583b8b,1,0.166667,1953-01-01,1953-01-01,1.0,0.5,1.0,0
971cf058-cba6-49c1-92d2-6893b1683ee5,9dcb52fc-b6f8-4980-ad45-22b066583b8b,1,0.166667,1953-01-01,1953-01-01,1.0,1.0,1.0,0
1f272198-9e76-42ad-90ce-543d30a61b8d,5863c64e-7867-4dcf-a0ac-1181ebdab988,1,0.333333,2011-01-01,2011-01-01,1.0,1.0,0.0,0
1f272198-9e76-42ad-90ce-543d30a61b8d,dc99e6fd-c710-4f79-b74b-127b4d0b7849,1,0.333333,2011-01-01,2011-01-01,1.0,0.0625,0.0,1
5863c64e-7867-4dcf-a0ac-1181ebdab988,dc99e6fd-c710-4f79-b74b-127b4d0b7849,1,0.333333,2011-01-01,2011-01-01,1.0,0.0625,0.0,1
674bf89f-8e70-4472-929d-6b4ed6f98c88,c234fa42-e6a6-443e-937e-2f4b073538a3,1,0.1,2011-01-01,2011-01-01,1.0,0.1,0.0,1
674bf89f-8e70-4472-929d-6b4ed6f98c88,dc99e6fd-c710-4f79-b74b-127b4d0b7849,1,0.1,2011-01-01,2011-01-01,1.0,0.0625,0.0,1
674bf89f-8e70-4472-929d-6b4ed6f98c88,fc7ac183-74f9-417a-bfbb-8c5840d01fa7,1,0.1,2011-01-01,2011-01-01,1.0,1.0,0.0,0
674bf89f-8e70-4472-929d-6b4ed6f98c88,fdcfe3d3-73db-432d-8a34-10540ded35fb,1,0.1,2011-01-01,2011-01-01,1.0,1.0,0.0,0
c234fa42-e6a6-443e-937e-2f4b073538a3,dc99e6fd-c710-4f79-b74b-127b4d0b7849,1,0.1,2011-01-01,2011-01-01,1.0,0.444444,0.0,1
c234fa42-e6a6-443e-937e-2f4b073538a3,fc7ac183-74f9-417a-bfbb-8c5840d01fa7,1,0.1,2011-01-01,2011-01-01,1.0,0.1,0.0,1
c234fa42-e6a6-443e-937e-2f4b073538a3,fdcfe3d3-73db-432d-8a34-10540ded35fb,1,0.1,2011-01-01,2011-01-01,1.0,0.1,0.0,1
dc99e6fd-c710-4f79-b74b-127b4d0b7849,fc7ac183-74f9-417a-bfbb-8c5840d01fa7,1,0.1,2011-01-01,2011-01-01,1.0,0.0625,0.0,1
dc99e6fd-c710-4f79-b74b-127b4d0b7849,fdcfe3d3-73db-432d-8a34-10540ded35fb,1,0.1,2011-01-01,2011-01-01,1.0,0.0625,0.0,1
fc7ac183-74f9-417a-bfbb-8c5840d01fa7,fdcfe3d3-73db-432d-8a34-10540ded35fb,1,0.1,2011-01-01,2011-01-01,1.0,1.0,0.0,0
5b64e344-b2fb-47bd-bd7b-4c793b17d472,7cfaac66-62e5-4fcd-af1b-9d3aa8f68e8b,1,0.333333,2012-01-01,2012-01-01,1.0,0.125,0.0,1
5b64e344-b2fb-47bd-bd7b-4c793b17d472,dc99e6fd-c710-4f79-b74b-127b4d0b7849,1,0.333333,2012-01-01,2012-01-01,0.89464,0.5,0.0,0
7cfaac66-62e5-4fcd-af1b-9d3aa8f68e8b,dc99e6fd-c710-4f79-b74b-127b4d0b7849,1,0.333333,2012-01-01,2012-01-01,1.0,0.0625,0.0,1
daf84e36-f78e-4c94-a032-6aed138c0d34,dc99e6fd-c710-4f79-b74b-127b4d0b7849,1,1.0,2012-07-20,2012-07-20,1.0,0.5625,1.0,0
5e645519-a175-4fe0-9a9b-eb9dc9f506b5,b202beb7-99bd-47e7-8b72-195c8d72ebdd,1,1.0,1948-01-01,1948-01-01,1.0,0.2,0.0,1
2077273e-eaa1-4f49-903c-f286ededecb9,4c501a41-5f23-41c9-a36a-5b86e894e08d,1,1.0,2013-06-11,2013-06-11,1.0,0.25,0.0,1
2077273e-eaa1-4f49-903c-f286ededecb9,30199a54-282c-46c2-bd0f-e9567b120a67,1,0.333333,2016-01-01,2016-01-01,1.0,0.333333,0.0,1
2077273e-eaa1-4f49-903c-f286ededecb9,69135e6a-bde8-418e-8ab2-1c4c7e88760e,1,0.333333,2016-01-01,2016-01-01,1.0,0.333333,0.0,1
30199a54-282c-46c2-bd0f-e9567b120a67,69135e6a-bde8-418e-8ab2-1c4c7e88760e,1,0.333333,2016-01-01,2016-01-01,1.0,1.0,0.0,0
9878be28-66b3-47f9-a019-baf1b32876ff,fac55e3c-d459-45ed-9f9f-f5078d3b3423,1,1.0,2010-10-27,2010-10-27,1.0,0.076923,0.0,1
1d60f591-29ef-4a47-a27e-228081a30f2b,fac55e3c-d459-45ed-9f9f-f5078d3b3423,1,1.0,2010-11-01,2010-11-01,1.0,0.076923,0.0,1
1db73bf2-2e08-4f7c-88de-cf4020800294,fac55e3c-d459-45ed-9f9f-f5078d3b3423,2,2.0,2011-03-04,2011-03-04,1.0,0.076923,1.0,0
e4c2bb42-55d9-46ec-9a2b-d79af8a6a0ff,fac55e3c-d459-45ed-9f9f-f5078d3b3423,1,1.0,2012-04-20,2012-04-20,1.0,0.076923,0.0,1
4dca4bb2-23ba-4103-97e6-5810311db33a,d574c9bd-46f6-440a-8d6a-8412a283eeb1,1,0.333333,1966-01-01,1966-01-01,9.7e-05,0.133333,0.0,1
4dca4bb2-23ba-4103-97e6-5810311db33a,ed2ac1e9-d51d-4eff-a2c2-85e81abd6360,1,0.333333,1966-01-01,1966-01-01,0.049614,0.666667,0.0,0
d574c9bd-46f6-440a-8d6a-8412a283eeb1,ed2ac1e9-d51d-4eff-a2c2-85e81abd6360,1,0.333333,1966-01-01,1966-01-01,0.049614,0.2,0.0,1
20c9c2de-e23c-43a0-8706-7c5bfdb1d31e,277ebc64-df06-4d60-bb95-fe14936870b2,2,1.333333,2008-01-01,2008-01-01,1.0,0.5,0.0,0
20c9c2de-e23c-43a0-8706-7c5bfdb1d31e,ba1ba43e-80a8-4471-8d02-c31453f4aa88,2,1.333333,2008-01-01,2008-01-01,1.0,0.5,0.0,0
277ebc64-df06-4d60-bb95-fe14936870b2,ba1ba43e-80a8-4471-8d02-c31453f4aa88,1,0.333333,2008-01-01,2008-01-01,1.0,1.0,0.0,0
8456e9f7-debf-4579-a86c-33a325a35d2d,c78a77fa-507c-4c07-947a-0355029453bd,1,1.0,1990-01-01,1990-01-01,1.0,0.4,0.0,1
4ad8190b-d2fd-46f8-a3d9-c0f55c034976,6cb79cb2-9087-44d4-828b-5c6fdff2c957,1,1.0,1979-01-01,1979-01-01,1.0,0.4,0.0,1
122a2714-24f8-4046-a532-64064b5076d2,59f8e44c-5206-43f6-8b7b-87c8ea1f658d,1,0.333333,2000-01-01,2000-01-01,1.0,1.0,0.75,0
59f8e44c-5206-43f6-8b7b-87c8ea1f658d,83886397-adf2-431a-b841-dc4af744a6cc,1,0.333333,2000-01-01,2000-01-01,1.0,1.0,0.75,0
020bfbb4-05c3-4c86-b372-17825c262094,cbf9738d-8f81-4a92-bc64-ede09341652d,2,2.0,1991-01-01,1992-01-01,1.0,0.0,0.0,1
020bfbb4-05c3-4c86-b372-17825c262094,42a636a0-dbe4-4d0c-abe2-1590fad9531b,1,0.1,1991-12-01,1991-12-01,0.980581,0.0,0.0,1
020bfbb4-05c3-4c86-b372-17825c262094,4d61abe3-ce6d-4383-b2cd-8b4491496549,1,0.1,1991-12-01,1991-12-01,0.980581,0.0,0.0,1
020bfbb4-05c3-4c86-b372-17825c262094,aa659468-db56-41c9-b6fe-61f4bb2ef1a6,1,0.1,1991-12-01,1991-12-01,0.980581,0.0,0.0,1
020bfbb4-05c3-4c86-b372-17825c262094,b48aebac-8c3e-48aa-b5e6-2b38f30f5f78,1,0.1,1991-12-01,1991-12-01,0.980581,0.0,0.0,1
3b3b7f25-cda0-43a9-a3c0-e95e769eb08a,9564a2a8-2e0e-43bc-8a0e-12c3befadbe5,1,1.0,1986-01-01,1986-01-01,1.0,1.0,1.0,0
478e1c5e-cf31-4fc8-a65f-14c7fe86754c,5f6ab597-f57a-40da-be9e-adad48708203,2,0.338095,1992-01-01,2019-04-18,1.0,0.142857,0.666667,0
478e1c5e-cf31-4fc8-a65f-14c7fe86754c,f90e8b26-9e52-4669-a5c9-e28529c47894,1,0.333333,1992-01-01,1992-01-01,1.0,0.222222,0.666667,0
00ef990b-098d-4bf6-897b-708e35638854,6838ca8e-da88-436c-a0fd-6d3a7e832f1f,1,0.166667,1968-01-01,1968-01-01,0.793324,0.125,0.2,1
6838ca8e-da88-436c-a0fd-6d3a7e832f1f,71bcb5be-394c-4c04-bb38-35982e8a94d3,1,0.166667,1968-01-01,1968-01-01,0.793324,0.125,0.2,1
6838ca8e-da88-436c-a0fd-6d3a7e832f1f,b02e4ca5-312a-4d2e-b087-30db9d5ec579,1,0.166667,1968-01-01,1968-01-01,0.793324,0.375,0.2,1
6838ca8e-da88-436c-a0fd-6d3a7e832f1f,e5963d26-01fa-40f5-b200-e0127f410a45,1,1.0,1969-01-01,1969-01-01,1.0,0.25,0.0,1
37b2cb82-ef79-4d46-a184-a549450aa231,79c9b9a6-4b78-4738-8b81-95b066321ea9,1,0.333333,2018-12-21,2018-12-21,1.0,0.375,0.0,1
37b2cb82-ef79-4d46-a184-a549450aa231,f7c6f813-ecc9-4a5d-9b1e-cca33a5a8785,1,0.333333,2018-12-21,2018-12-21,1.0,0.142857,0.0,1
79c9b9a6-4b78-4738-8b81-95b066321ea9,f7c6f813-ecc9-4a5d-9b1e-cca33a5a8785,1,0.333333,2018-12-21,2018-12-21,1.0,0.25,0.0,1
6c309bb4-112b-46db-b55b-e68068fad581,79c9b9a6-4b78-4738-8b81-95b066321ea9,1,0.166667,2019-07-05,2019-07-05,1.0,0.25,0.0,1
6c309bb4-112b-46db-b55b-e68068fad581,875203e1-8e58-4b86-8dcb-7190faf411c5,1,0.166667,2019-07-05,2019-07-05,1.0,0.125,0.0,1
6c309bb4-112b-46db-b55b-e68068fad581,e6b5b1a4-fb93-4f44-b2ac-8bec34181b0e,1,0.166667,2019-07-05,2019-07-05,1.0,1.0,0.0,0
79c9b9a6-4b78-4738-8b81-95b066321ea9,e6b5b1a4-fb93-4f44-b2ac-8bec34181b0e,1,0.166667,2019-07-05,2019-07-05,1.0,0.25,0.0,1
875203e1-8e58-4b86-8dcb-7190faf411c5,e6b5b1a4-fb93-4f44-b2ac-8bec34181b0e,1,0.166667,2019-07-05,2019-07-05,1.0,0.125,0.0,1
79c9b9a6-4b78-4738-8b81-95b066321ea9,8837b875-3689-4646-b3fd-d8b53815c7a8,1,1.0,2020-03-13,2020-03-13,0.994323,0.5,0.0,0
1ba01bce-7f32-4d72-a5d9-34930b191656,2b5bdcc5-6ef4-48da-b4e7-b2c16208fc2c,1,0.035714,2020-03-22,2020-03-22,1.0,1.0,0.0,0
1ba01bce-7f32-4d72-a5d9-34930b191656,4e5017d4-874d-48ee-84f0-d535d17a010f,1,0.035714,2020-03-22,2020-03-22,1.0,1.0,0.0,0
1ba01bce-7f32-4d72-a5d9-34930b191656,512161f9-5225-4f6a-b770-94acfcfe5da4,1,0.035714,2020-03-22,2020-03-22,1.0,1.0,0.0,0
1ba01bce-7f32-4d72-a5d9-34930b191656,604f0692-4d31-479b-a93a-e4c75be21f81,1,0.035714,2020-03-22,2020-03-22,1.0,1.0,0.0,0
1ba01bce-7f32-4d72-a5d9-34930b191656,79c9b9a6-4b78-4738-8b81-95b066321ea9,1,0.035714,2020-03-22,2020-03-22,1.0,0.25,0.0,1
1ba01bce-7f32-4d72-a5d9-34930b191656,c7772f09-52d8-408c-b178-7cd18741dded,1,0.035714,2020-03-22,2020-03-22,1.0,1.0,0.0,0
1ba01bce-7f32-4d72-a5d9-34930b191656,ed3c8e2f-d7ce-4d0a-aafe-2c4ddd51f8ff,1,0.035714,2020-03-22,2020-03-22,1.0,1.0,0.0,0
2b5bdcc5-6ef4-48da-b4e7-b2c16208fc2c,4e5017d4-874d-48ee-84f0-d535d17a010f,1,0.035714,2020-03-22,2020-03-22,1.0,1.0,0.0,0
2b5bdcc5-6ef4-48da-b4e7-b2c16208fc2c,512161f9-5225-4f6a-b770-94acfcfe5da4,1,0.035714,2020-03-22,2020-03-22,1.0,1.0,0.0,0
2b5bdcc5-6ef4-48da-b4e7-b2c16208fc2c,604f0692-4d31-479b-a93a-e4c75be21f81,1,0.035714,2020-03-22,2020-03-22,1.0,1.0,0.0,0
2b5bdcc5-6ef4-48da-b4e7-b2c16208fc2c,79c9b9a6-4b78-4738-8b81-95b066321ea9,1,0.035714,2020-03-22,2020-03-22,1.0,0.25,0.0,1
2b5bdcc5-6ef4-48da-b4e7-b2c16208fc2c,c7772f09-52d8-408c-b178-7cd18741dded,1,0.035714,2020-03-22,2020-03-22,1.0,1.0,0.0,0
2b5bdcc5-6ef4-48da-b4e7-b2c16208fc2c,ed3c8e2f-d7ce-4d0a-aafe-2c4ddd51f8ff,1,0.035714,2020-03-22,2020-03-22,1.0,1.0,0.0,0
4e5017d4-874d-48ee-84f0-d535d17a010f,512161f9-5225-4f6a-b770-94acfcfe5da4,1,0.035714,2020-03-22,2020-03-22,1.0,1.0,0.0,0
4e5017d4-874d-48ee-84f0-d535d17a010f,604f0692-4d31-479b-a93a-e4c75be21f81,1,0.035714,2020-03-22,2020-03-22,1.0,1.0,0.0,0
4e5017d4-874d-48ee-84f0-d535d17a010f,79c9b9a6-4b78-4738-8b81-95b066321ea9,1,0.035714,2020-03-22,2020-03-22,1.0,0.25,0.0,1
4e5017d4-874d-48ee-84f0-d535d17a010f,c7772f09-52d8-408c-b178-7cd18741dded,1,0.035714,2020-03-22,2020-03-22,1.0,1.0,0.0,0
4e5017d4-874d-48ee-84f0-d535d17a010f,ed3c8e2f-d7ce-4d0a-aafe-2c4ddd51f8ff,1,0.035714,2020-03-22,2020-03-22,1.0,1.0,0.0,0
512161f9-5225-4f6a-b770-94acfcfe5da4,604f0692-4d31-479b-a93a-e4c75be21f81,1,0.035714,2020-03-22,2020-03-22,1.0,1.0,0.0,0
512161f9-5225-4f6a-b770-94acfcfe5da4,79c9b9a6-4b78-4738-8b81-95b066321ea9,1,0.035714,2020-03-22,2020-03-22,1.0,0.25,0.0,1
512161f9-5225-4f6a-b770-94acfcfe5da4,c7772f09-52d8-408c-b178-7cd18741dded,1,0.035714,2020-03-22,2020-03-22,1.0,1.0,0.0,0
512161f9-5225-4f6a-b770-94acfcfe5da4,ed3c8e2f-d7ce-4d0a-aafe-2c4ddd51f8ff,1,0.035714,2020-03-22,2020-03-22,1.0,1.0,0.0,0
604f0692-4d31-479b-a93a-e4c75be21f81,79c9b9a6-4b78-4738-8b81-95b066321ea9,1,0.035714,2020-03-22,2020-03-22,1.0,0.25,0.0,1
604f0692-4d31-479b-a93a-e4c75be21f81,c7772f09-52d8-408c-b178-7cd18741dded,1,0.035714,2020-03-22,2020-03-22,1.0,1.0,0.0,0
604f0692-4d31-479b-a93a-e4c75be21f81,ed3c8e2f-d7ce-4d0a-aafe-2c4ddd51f8ff,1,0.035714,2020-03-22,2020-03-22,1.0,1.0,0.0,0
79c9b9a6-4b78-4738-8b81-95b066321ea9,c7772f09-52d8-408c-b178-7cd18741dded,1,0.035714,2020-03-22,2020-03-22,1.0,0.25,0.0,1
79c9b9a6-4b78-4738-8b81-95b066321ea9,ed3c8e2f-d7ce-4d0a-aafe-2c4ddd51f8ff,1,0.035714,2020-03-22,2020-03-22,1.0,0.25,0.0,1
c7772f09-52d8-408c-b178-7cd18741dded,ed3c8e2f-d7ce-4d0a-aafe-2c4ddd51f8ff,1,0.035714,2020-03-22,2020-03-22,1.0,1.0,0.0,0
16f456c9-e23b-4675-ab6a-fd295712c256,54d8e9a4-277b-4d3b-8ca1-a79863c1e379,1,0.1,2016-10-10,2016-10-10,1.0,0.5,0.0,0
16f456c9-e23b-4675-ab6a-fd295712c256,63138eec-6e47-47e3-bb61-142e150385f6,1,0.1,2016-10-10,2016-10-10,1.0,0.5,0.0,0
16f456c9-e23b-4675-ab6a-fd295712c256,d2582c77-6b0f-4b2f-802f-8f3cad1a5fec,1,0.1,2016-10-10,2016-10-10,1.0,0.25,0.0,1
16f456c9-e23b-4675-ab6a-fd295712c256,fcde0346-8615-499b-8f25-c45b3fa92228,1,0.1,2016-10-10,2016-10-10,1.0,1.0,0.0,0
54d8e9a4-277b-4d3b-8ca1-a79863c1e379,63138eec-6e47-47e3-bb61-142e150385f6,1,0.1,2016-10-10,2016-10-10,0.459582,1.0,0.0,0
54d8e9a4-277b-4d3b-8ca1-a79863c1e379,d2582c77-6b0f-4b2f-802f-8f3cad1a5fec,1,0.1,2016-10-10,2016-10-10,1.0,0.5,0.0,0
54d8e9a4-277b-4d3b-8ca1-a79863c1e379,fcde0346-8615-499b-8f25-c45b3fa92228,1,0.1,2016-10-10,2016-10-10,1.0,0.5,0.0,0
63138eec-6e47-47e3-bb61-142e150385f6,d2582c77-6b0f-4b2f-802f-8f3cad1a5fec,1,0.1,2016-10-10,2016-10-10,1.0,0.5,0.0,0
63138eec-6e47-47e3-bb61-142e150385f6,fcde0346-8615-499b-8f25-c45b3fa92228,1,0.1,2016-10-10,2016-10-10,1.0,0.5,0.0,0
d2582c77-6b0f-4b2f-802f-8f3cad1a5fec,fcde0346-8615-499b-8f25-c45b3fa92228,1,0.1,2016-10-10,2016-10-10,1.0,0.25,0.0,1
48e5f8d2-93c9-486d-9268-d5ebd2253ac0,a8010e51-688c-4f0e-a97f-757696b28e7b,1,1.0,1959-01-01,1959-01-01,1.0,0.0,0.0,1
15a5032b-70f2-4c00-bab9-5072b6fbba02,39787cc4-b614-485b-86f2-91c99ddf2f93,2,1.333333,1973-01-01,1974-04-15,1.0,0.333333,0.5,0
70047e57-0153-4117-b0fc-a1d2e322e5ef,8cc72457-488e-44e6-a5b3-d2da843b7245,2,0.666667,1975-01-01,1977-01-01,1.0,1.0,1.0,0
70047e57-0153-4117-b0fc-a1d2e322e5ef,e01c3376-15fa-40d7-b747-5f219bdefdd7,2,0.666667,1975-01-01,1977-01-01,1.0,0.0,1.0,0
8cc72457-488e-44e6-a5b3-d2da843b7245,e01c3376-15fa-40d7-b747-5f219bdefdd7,2,0.666667,1975-01-01,1977-01-01,1.0,0.0,1.0,0
72c536dc-7137-4477-a521-567eeb840fa8,aab5c954-cabe-432e-899e-1c4f99757327,1,1.0,1965-01-01,1965-01-01,0.63016,0.272727,0.0,1
347bfb50-3780-4b9e-9d73-7be6d8109630,f7d1c68a-e6c1-412a-b23a-dd4b9910711a,1,0.333333,1963-01-01,1963-01-01,1.0,0.0,0.0,1
347bfb50-3780-4b9e-9d73-7be6d8109630,ff294730-0315-440d-a543-54005779c15b,1,0.333333,1963-01-01,1963-01-01,1.0,0.0,0.0,1
f7d1c68a-e6c1-412a-b23a-dd4b9910711a,ff294730-0315-440d-a543-54005779c15b,1,0.333333,1963-01-01,1963-01-01,1.0,0.0,0.0,1
1333db0b-41d1-42fa-8e7e-526b4cc70d64,ff294730-0315-440d-a543-54005779c15b,1,1.0,1965-01-01,1965-01-01,1.0,0.0,0.0,1
0d00b498-512d-4a4d-9234-a4d710f37e6d,7ee89158-3446-4044-bb88-0dcc4d4cd6c0,1,0.166667,2003-01-01,2003-01-01,1.0,1.0,0.0,0
0d00b498-512d-4a4d-9234-a4d710f37e6d,8006f1d0-8851-46d8-a928-085c686b29b9,1,0.166667,2003-01-01,2003-01-01,1.0,1.0,0.0,0
0d00b498-512d-4a4d-9234-a4d710f37e6d,ae002c5d-aac6-490b-a39a-30aa9e2edf2b,1,0.166667,2003-01-01,2003-01-01,1.0,0.071429,0.0,1
7ee89158-3446-4044-bb88-0dcc4d4cd6c0,8006f1d0-8851-46d8-a928-085c686b29b9,1,0.166667,2003-01-01,2003-01-01,1.0,1.0,0.0,0
7ee89158-3446-4044-bb88-0dcc4d4cd6c0,ae002c5d-aac6-490b-a39a-30aa9e2edf2b,1,0.166667,2003-01-01,2003-01-01,1.0,0.071429,0.0,1
8006f1d0-8851-46d8-a928-085c686b29b9,ae002c5d-aac6-490b-a39a-30aa9e2edf2b,1,0.166667,2003-01-01,2003-01-01,1.0,0.071429,0.0,1
149f91ef-1287-46da-9a8e-87fee02f1471,7bd66c18-cb33-49aa-9279-140acedbdb49,1,1.0,2002-01-01,2002-01-01,0.006203,0.428571,0.0,1
44ecd2ac-a5b9-4b64-8edb-f3c76a5fa439,dfb786ef-29d1-4c4d-b94d-4d83e85c7d33,1,0.333333,1992-01-01,1992-01-01,1.0,1.0,0.0,0
44ecd2ac-a5b9-4b64-8edb-f3c76a5fa439,ee1e7008-03ac-4324-9653-70d847e4c4f6,1,0.333333,1992-01-01,1992-01-01,1.0,1.0,0.0,0
dfb786ef-29d1-4c4d-b94d-4d83e85c7d33,ee1e7008-03ac-4324-9653-70d847e4c4f6,1,0.333333,1992-01-01,1992-01-01,1.0,1.0,0.0,0
11433f50-a7da-4dc2-8ca8-84b5d160e20e,a49a9a95-33fb-4d21-9139-9ced074feb58,1,0.166667,1993-01-01,1993-01-01,1.0,0.666667,1.0,0
72935855-cfc9-4e02-a6cc-249fc9d09044,a49a9a95-33fb-4d21-9139-9ced074feb58,1,0.166667,1993-01-01,1993-01-01,1.0,0.666667,1.0,0
a49a9a95-33fb-4d21-9139-9ced074feb58,c53f2749-4c19-48fa-b99b-5f4c11297b2c,1,0.166667,1993-01-01,1993-01-01,1.0,0.666667,1.0,0
16a43d5e-c52d-4eaa-9c3b-00b2c1d8e816,7bf2add2-1fd6-466a-9e4a-ebfe38306a91,3,1.0,2006-10-03,2009-01-01,1.0,1.0,0.0,0
16a43d5e-c52d-4eaa-9c3b-00b2c1d8e816,e94aee5e-7bb1-4fd9-9380-176d397a8f16,3,1.0,2006-10-03,2009-01-01,1.0,1.0,0.0,0
7bf2add2-1fd6-466a-9e4a-ebfe38306a91,e94aee5e-7bb1-4fd9-9380-176d397a8f16,3,1.0,2006-10-03,2009-01-01,1.0,1.0,0.0,0
83d3cc07-60e7-4139-b5f0-3cda9f5aa99b,8c32bb01-58a3-453b-8050-8c0620edb0e5,1,0.1,1967-01-01,1967-01-01,0.793826,0.0,0.142857,1
8c32bb01-58a3-453b-8050-8c0620edb0e5,b553f0ad-4543-46f2-88ea-1dc94a11c91a,1,0.1,1967-01-01,1967-01-01,0.793826,0.0,0.142857,1
8c32bb01-58a3-453b-8050-8c0620edb0e5,c6619f89-5454-4e2d-aa19-b5596ba3b4c6,1,0.1,1967-01-01,1967-01-01,0.793826,0.0,0.142857,1
8c32bb01-58a3-453b-8050-8c0620edb0e5,fe93a178-183a-42c9-b3c7-53102b8c724d,1,0.1,1967-01-01,1967-01-01,0.793826,0.0,0.142857,1
26f07661-e115-471d-a930-206f5c89d17c,4d5447d7-c61c-4120-ba1b-d7f471d385b9,1,0.333333,1968-01-01,1968-01-01,1.0,0.25,0.210526,1
26f07661-e115-471d-a930-206f5c89d17c,ba550d0e-adac-4864-b88b-407cab5e76af,1,0.333333,1968-01-01,1968-01-01,1.0,0.136364,0.210526,1
d06f65d2-26e0-4d40-95e5-22592917eb52,f27ec8db-af05-4f36-916e-3d57f91ecf5e,1,1.0,1980-01-01,1980-01-01,1.0,0.055556,0.428571,1
1595addf-f76b-450a-a097-af852ff35f27,ea4aa8bb-0547-4405-8252-e8139a18a516,1,0.333333,2003-08-21,2003-08-21,1.0,0.0,0.0,1
1595addf-f76b-450a-a097-af852ff35f27,f6503f59-ac71-44b9-a376-1bbc43f74d94,2,1.333333,2003-08-21,2003-08-21,1.0,0.0,0.0,1
ea4aa8bb-0547-4405-8252-e8139a18a516,f6503f59-ac71-44b9-a376-1bbc43f74d94,1,0.333333,2003-08-21,2003-08-21,1.0,1.0,0.0,0
1595addf-f76b-450a-a097-af852ff35f27,e09bfd0b-2118-4bf4-bd4e-1d5e245e6d02,2,2.0,2003-08-21,2003-08-21,1.0,0.0,0.0,1
1595addf-f76b-450a-a097-af852ff35f27,55210efc-9dee-4e81-8741-7af235084e7b,1,0.166667,2003-08-21,2003-08-21,1.0,0.0,0.0,1
1595addf-f76b-450a-a097-af852ff35f27,815dec5e-c6e9-4684-937b-c67f1c65408d,1,0.166667,2003-08-21,2003-08-21,1.0,0.0,0.0,1
1595addf-f76b-450a-a097-af852ff35f27,fc13982a-59cf-4a8f-a1e0-5f97afcfd8a2,1,0.166667,2003-08-21,2003-08-21,1.0,0.0,0.0,1
55210efc-9dee-4e81-8741-7af235084e7b,815dec5e-c6e9-4684-937b-c67f1c65408d,1,0.166667,2003-08-21,2003-08-21,1.0,1.0,0.0,0
55210efc-9dee-4e81-8741-7af235084e7b,fc13982a-59cf-4a8f-a1e0-5f97afcfd8a2,1,0.166667,2003-08-21,2003-08-21,1.0,1.0,0.0,0
815dec5e-c6e9-4684-937b-c67f1c65408d,fc13982a-59cf-4a8f-a1e0-5f97afcfd8a2,1,0.166667,2003-08-21,2003-08-21,1.0,1.0,0.0,0
03a82b66-d021-4754-aca2-399d51ee6199,ab2528d9-719f-4261-8098-21849222a0f2,1,0.333333,1983-01-01,1983-01-01,1.0,0.166667,0.0,1
03a82b66-d021-4754-aca2-399d51ee6199,b1afd320-018f-4639-b48e-3c16c369e5d4,1,0.333333,1983-01-01,1983-01-01,1.0,0.5,0.0,0
ab2528d9-719f-4261-8098-21849222a0f2,b1afd320-018f-4639-b48e-3c16c369e5d4,1,0.333333,1983-01-01,1983-01-01,1.0,0.083333,0.0,1
149f91ef-1287-46da-9a8e-87fee02f1471,1cfe52d7-181a-4b3a-8041-d8bf9ccef57b,2,0.666667,2000-01-01,2001-01-01,1.0,0.076923,0.090909,1
1cfe52d7-181a-4b3a-8041-d8bf9ccef57b,7c33a306-87ad-4cb6-9f69-bfdb8586b302,2,0.666667,2000-01-01,2001-01-01,1.0,0.5,0.166667,0
23207c32-6743-4982-9f46-e297b2e4eb14,25b509ef-48ad-461b-a0bc-94cdddb8c919,1,0.047619,1996-01-01,1996-01-01,1.0,1.0,0.0,0
23207c32-6743-4982-9f46-e297b2e4eb14,71b03238-e53d-4e1e-9b3a-6ce1dcdf2894,1,0.047619,1996-01-01,1996-01-01,1.0,1.0,0.0,0
23207c32-6743-4982-9f46-e297b2e4eb14,9a6f7310-87f0-4fe0-baf1-a58f719b1f3b,1,0.047619,1996-01-01,1996-01-01,1.0,1.0,0.0,0
23207c32-6743-4982-9f46-e297b2e4eb14,9c0527f9-b616-494a-9d03-a30b89e81866,1,0.047619,1996-01-01,1996-01-01,1.0,1.0,0.0,0
23207c32-6743-4982-9f46-e297b2e4eb14,b08593b7-1514-4f94-b8ee-1138480c58ad,1,0.047619,1996-01-01,1996-01-01,1.0,1.0,0.0,0
23207c32-6743-4982-9f46-e297b2e4eb14,ce8dbfe4-3ce7-41e9-9bb3-13e35c053318,1,0.047619,1996-01-01,1996-01-01,1.0,1.0,0.0,0
25b509ef-48ad-461b-a0bc-94cdddb8c919,71b03238-e53d-4e1e-9b3a-6ce1dcdf2894,1,0.047619,1996-01-01,1996-01-01,1.0,1.0,0.0,0
25b509ef-48ad-461b-a0bc-94cdddb8c919,9a6f7310-87f0-4fe0-baf1-a58f719b1f3b,1,0.047619,1996-01-01,1996-01-01,1.0,1.0,0.0,0
25b509ef-48ad-461b-a0bc-94cdddb8c919,9c0527f9-b616-494a-9d03-a30b89e81866,1,0.047619,1996-01-01,1996-01-01,1.0,1.0,0.0,0
25b509ef-48ad-461b-a0bc-94cdddb8c919,b08593b7-1514-4f94-b8ee-1138480c58ad,1,0.047619,1996-01-01,1996-01-01,1.0,1.0,0.0,0
25b509ef-48ad-461b-a0bc-94cdddb8c919,ce8dbfe4-3ce7-41e9-9bb3-13e35c053318,1,0.047619,1996-01-01,1996-01-01,1.0,1.0,0.0,0
71b03238-e53d-4e1e-9b3a-6ce1dcdf2894,9a6f7310-87f0-4fe0-baf1-a58f719b1f3b,1,0.047619,1996-01-01,1996-01-01,1.0,1.0,0.0,0
71b03238-e53d-4e1e-9b3a-6ce1dcdf2894,9c0527f9-b616-494a-9d03-a30b89e81866,1,0.047619,1996-01-01,1996-01-01,1.0,1.0,0.0,0
71b03238-e53d-4e1e-9b3a-6ce1dcdf2894,b08593b7-1514-4f94-b8ee-1138480c58ad,1,0.047619,1996-01-01,1996-01-01,1.0,1.0,0.0,0
71b03238-e53d-4e1e-9b3a-6ce1dcdf2894,ce8dbfe4-3ce7-41e9-9bb3-13e35c053318,1,0.047619,1996-01-01,1996-01-01,1.0,1.0,0.0,0
9a6f7310-87f0-4fe0-baf1-a58f719b1f3b,9c0527f9-b616-494a-9d03-a30b89e81866,1,0.047619,1996-01-01,1996-01-01,1.0,1.0,0.0,0
9a6f7310-87f0-4fe0-baf1-a58f719b1f3b,b08593b7-1514-4f94-b8ee-1138480c58ad,1,0.047619,1996-01-01,1996-01-01,1.0,1.0,0.0,0
9a6f7310-87f0-4fe0-baf1-a58f719b1f3b,ce8dbfe4-3ce7-41e9-9bb3-13e35c053318,1,0.047619,1996-01-01,1996-01-01,1.0,1.0,0.0,0
9c0527f9-b616-494a-9d03-a30b89e81866,b08593b7-1514-4f94-b8ee-1138480c58ad,1,0.047619,1996-01-01,1996-01-01,1.0,1.0,0.0,0
9c0527f9-b616-494a-9d03-a30b89e81866,ce8dbfe4-3ce7-41e9-9bb3-13e35c053318,1,0.047619,1996-01-01,1996-01-01,1.0,1.0,0.0,0
b08593b7-1514-4f94-b8ee-1138480c58ad,ce8dbfe4-3ce7-41e9-9bb3-13e35c053318,1,0.047619,1996-01-01,1996-01-01,1.0,1.0,0.0,0
21cb44eb-3f6b-4f55-9a0d-c36a517f8d36,e864aa1b-5dc6-4f76-9425-c5d98e289d3e,1,0.333333,2004-01-01,2004-01-01,1.0,0.5,0.0,0
766235d5-2ceb-4172-ad73-b316d8a1264c,e864aa1b-5dc6-4f76-9425-c5d98e289d3e,1,0.333333,2004-01-01,2004-01-01,1.0,0.333333,0.0,1
260b6184-8828-48eb-945c-bc4cb6fc34ca,5706885b-7712-4be3-b809-db026e07d3a7,1,0.1,2024-03-15,2024-03-15,1.0,0.090909,0.0,1
260b6184-8828-48eb-945c-bc4cb6fc34ca,610b71d9-fa78-47d6-9073-083922e73840,1,0.1,2024-03-15,2024-03-15,1.0,0.363636,0.25,1
260b6184-8828-48eb-945c-bc4cb6fc34ca,b12ef43e-72ad-43d0-b216-a8cd32f78852,2,0.433333,2024-03-15,2024-06-07,1.0,0.181818,0.5,0
260b6184-8828-48eb-945c-bc4cb6fc34ca,f40856e6-079f-4a0a-916e-9e6a5e04f646,1,0.1,2024-03-15,2024-03-15,0.948251,0.272727,0.25,1
5706885b-7712-4be3-b809-db026e07d3a7,610b71d9-fa78-47d6-9073-083922e73840,1,0.1,2024-03-15,2024-03-15,1.0,0.25,0.0,1
5706885b-7712-4be3-b809-db026e07d3a7,b12ef43e-72ad-43d0-b216-a8cd32f78852,1,0.1,2024-03-15,2024-03-15,1.0,0.5,0.0,0
5706885b-7712-4be3-b809-db026e07d3a7,f40856e6-079f-4a0a-916e-9e6a5e04f646,1,0.1,2024-03-15,2024-03-15,1.0,0.0,0.0,1
610b71d9-fa78-47d6-9073-083922e73840,b12ef43e-72ad-43d0-b216-a8cd32f78852,1,0.1,2024-03-15,2024-03-15,1.0,0.5,0.5,0
610b71d9-fa78-47d6-9073-083922e73840,f40856e6-079f-4a0a-916e-9e6a5e04f646,1,0.1,2024-03-15,2024-03-15,1.0,0.4,1.0,0
b12ef43e-72ad-43d0-b216-a8cd32f78852,f40856e6-079f-4a0a-916e-9e6a5e04f646,1,0.1,2024-03-15,2024-03-15,0.948251,0.25,0.5,0
f40856e6-079f-4a0a-916e-9e6a5e04f646,fc673028-e2a2-4e5e-b55a-5d1928d72a83,3,1.266667,2024-09-13,2025-08-22,1.0,0.666667,1.0,0
22804f50-38f7-4639-a2a8-a790c4c10108,254401f5-0db4-4856-bd24-6c2a7f0ebfeb,1,0.166667,2024-10-25,2024-10-25,1.0,1.0,1.0,0
22804f50-38f7-4639-a2a8-a790c4c10108,f40856e6-079f-4a0a-916e-9e6a5e04f646,1,0.166667,2024-10-25,2024-10-25,1.0,0.666667,1.0,0
22804f50-38f7-4639-a2a8-a790c4c10108,fc673028-e2a2-4e5e-b55a-5d1928d72a83,1,0.166667,2024-10-25,2024-10-25,1.0,1.0,1.0,0
254401f5-0db4-4856-bd24-6c2a7f0ebfeb,f40856e6-079f-4a0a-916e-9e6a5e04f646,1,0.166667,2024-10-25,2024-10-25,1.0,0.666667,1.0,0
254401f5-0db4-4856-bd24-6c2a7f0ebfeb,fc673028-e2a2-4e5e-b55a-5d1928d72a83,1,0.166667,2024-10-25,2024-10-25,1.0,1.0,1.0,0
383d6203-8dac-48dc-8faa-808d01932663,42221313-9b45-476a-8414-1166fadfa518,1,0.166667,2025-08-22,2025-08-22,1.0,1.0,1.0,0
383d6203-8dac-48dc-8faa-808d01932663,49a0caf5-d4f5-4571-b360-211990f63194,1,0.166667,2025-08-22,2025-08-22,1.0,0.666667,1.0,0
383d6203-8dac-48dc-8faa-808d01932663,f40856e6-079f-4a0a-916e-9e6a5e04f646,1,0.166667,2025-08-22,2025-08-22,1.0,0.666667,1.0,0
42221313-9b45-476a-8414-1166fadfa518,49a0caf5-d4f5-4571-b360-211990f63194,1,0.166667,2025-08-22,2025-08-22,1.0,0.666667,1.0,0
42221313-9b45-476a-8414-1166fadfa518,f40856e6-079f-4a0a-916e-9e6a5e04f646,1,0.166667,2025-08-22,2025-08-22,1.0,0.666667,1.0,0
49a0caf5-d4f5-4571-b360-211990f63194,f40856e6-079f-4a0a-916e-9e6a5e04f646,1,0.166667,2025-08-22,2025-08-22,1.0,0.5,1.0,0
091e2b4f-1e60-408c-9ee2-06440cdb8846,95bae8c3-4450-4c97-a6ea-388f99af38c6,1,0.1,2025-08-22,2025-08-22,1.0,0.666667,1.0,0
091e2b4f-1e60-408c-9ee2-06440cdb8846,f40856e6-079f-4a0a-916e-9e6a5e04f646,1,0.1,2025-08-22,2025-08-22,1.0,0.5,1.0,0
091e2b4f-1e60-408c-9ee2-06440cdb8846,f58094e4-5c56-4421-abde-e83253b5f581,1,0.1,2025-08-22,2025-08-22,1.0,0.666667,1.0,0
091e2b4f-1e60-408c-9ee2-06440cdb8846,fc673028-e2a2-4e5e-b55a-5d1928d72a83,1,0.1,2025-08-22,2025-08-22,1.0,0.666667,1.0,0
95bae8c3-4450-4c97-a6ea-388f99af38c6,f40856e6-079f-4a0a-916e-9e6a5e04f646,1,0.1,2025-08-22,2025-08-22,1.0,0.666667,1.0,0
95bae8c3-4450-4c97-a6ea-388f99af38c6,f58094e4-5c56-4421-abde-e83253b5f581,1,0.1,2025-08-22,2025-08-22,1.0,1.0,1.0,0
95bae8c3-4450-4c97-a6ea-388f99af38c6,fc673028-e2a2-4e5e-b55a-5d1928d72a83,1,0.1,2025-08-22,2025-08-22,1.0,1.0,1.0,0
f40856e6-079f-4a0a-916e-9e6a5e04f646,f58094e4-5c56-4421-abde-e83253b5f581,1,0.1,2025-08-22,2025-08-22,1.0,0.666667,1.0,0
f58094e4-5c56-4421-abde-e83253b5f581,fc673028-e2a2-4e5e-b55a-5d1928d72a83,1,0.1,2025-08-22,2025-08-22,1.0,1.0,1.0,0
00f64453-7fe3-4171-b66d-b89fa0bf9dea,d6b93263-0f35-4fa7-a8a3-ab430275749e,1,0.166667,2011-01-01,2011-01-01,1.0,1.0,0.0,0
00f64453-7fe3-4171-b66d-b89fa0bf9dea,df6a1106-6caf-465b-bcfd-0b80d2b53516,1,0.166667,2011-01-01,2011-01-01,1.0,1.0,0.0,0
00f64453-7fe3-4171-b66d-b89fa0bf9dea,f9133036-ab3d-4e97-bd11-7a2c98ad148a,1,0.166667,2011-01-01,2011-01-01,1.0,0.0,0.0,1
d6b93263-0f35-4fa7-a8a3-ab430275749e,df6a1106-6caf-465b-bcfd-0b80d2b53516,1,0.166667,2011-01-01,2011-01-01,1.0,1.0,0.0,0
d6b93263-0f35-4fa7-a8a3-ab430275749e,f9133036-ab3d-4e97-bd11-7a2c98ad148a,1,0.166667,2011-01-01,2011-01-01,1.0,0.0,0.0,1
df6a1106-6caf-465b-bcfd-0b80d2b53516,f9133036-ab3d-4e97-bd11-7a2c98ad148a,1,0.166667,2011-01-01,2011-01-01,1.0,0.0,0.0,1
80e7cb60-3ed8-46dd-8eec-9052606306f2,bb65dc2d-9556-4f07-94fa-e75f49ecfaca,1,1.0,1984-01-01,1984-01-01,1.0,0.0,1.0,0
33e48f13-ff3f-49e9-8e24-1a1d0e4862ee,7e1e5648-1d6a-4248-975a-98603e781848,1,0.166667,2019-02-01,2019-02-01,1.0,0.25,0.0,1
33e48f13-ff3f-49e9-8e24-1a1d0e4862ee,d44b92db-dd49-4636-abe8-7c381f90b7aa,1,0.166667,2019-02-01,2019-02-01,1.0,0.5,0.0,0
33e48f13-ff3f-49e9-8e24-1a1d0e4862ee,f06c6acb-cbf8-4181-87e4-6660ef75036c,1,0.166667,2019-02-01,2019-02-01,1.0,1.0,0.0,0
7e1e5648-1d6a-4248-975a-98603e781848,d44b92db-dd49-4636-abe8-7c381f90b7aa,1,0.166667,2019-02-01,2019-02-01,0.606307,0.5,0.0,0
7e1e5648-1d6a-4248-975a-98603e781848,f06c6acb-cbf8-4181-87e4-6660ef75036c,1,0.166667,2019-02-01,2019-02-01,1.0,0.25,0.0,1
d44b92db-dd49-4636-abe8-7c381f90b7aa,f06c6acb-cbf8-4181-87e4-6660ef75036c,1,0.166667,2019-02-01,2019-02-01,1.0,0.5,0.0,0
20877ac4-ce8b-451d-a429-25f8483045e5,28cb617b-1213-487e-aa8d-bfaae9f1ee43,1,0.1,2021-04-09,2021-04-09,1.0,1.0,0.0,0
20877ac4-ce8b-451d-a429-25f8483045e5,7e1e5648-1d6a-4248-975a-98603e781848,1,0.1,2021-04-09,2021-04-09,1.0,0.25,0.0,1
20877ac4-ce8b-451d-a429-25f8483045e5,7ebebd5e-98f5-4511-bf51-e1ebe17bcb36,1,0.1,2021-04-09,2021-04-09,1.0,1.0,0.0,0
20877ac4-ce8b-451d-a429-25f8483045e5,91376b53-c37d-4eed-ac24-63d167af6885,1,0.1,2021-04-09,2021-04-09,1.0,0.5,0.0,0
28cb617b-1213-487e-aa8d-bfaae9f1ee43,7e1e5648-1d6a-4248-975a-98603e781848,1,0.1,2021-04-09,2021-04-09,1.0,0.25,0.0,1
28cb617b-1213-487e-aa8d-bfaae9f1ee43,7ebebd5e-98f5-4511-bf51-e1ebe17bcb36,1,0.1,2021-04-09,2021-04-09,1.0,1.0,0.0,0
28cb617b-1213-487e-aa8d-bfaae9f1ee43,91376b53-c37d-4eed-ac24-63d167af6885,1,0.1,2021-04-09,2021-04-09,1.0,0.5,0.0,0
7e1e5648-1d6a-4248-975a-98603e781848,7ebebd5e-98f5-4511-bf51-e1ebe17bcb36,1,0.1,2021-04-09,2021-04-09,1.0,0.25,0.0,1
7e1e5648-1d6a-4248-975a-98603e781848,91376b53-c37d-4eed-ac24-63d167af6885,1,0.1,2021-04-09,2021-04-09,1.0,0.2,0.0,1
7ebebd5e-98f5-4511-bf51-e1ebe17bcb36,91376b53-c37d-4eed-ac24-63d167af6885,1,0.1,2021-04-09,2021-04-09,1.0,0.5,0.0,0
650e7db6-b795-4eb5-a702-5ea2fc46c848,8c84402d-f282-4afc-8d64-049bdaabb92d,1,0.166667,2009-01-01,2009-01-01,1.0,0.071429,0.0,1
650e7db6-b795-4eb5-a702-5ea2fc46c848,9058d01e-8afc-47a4-8664-621fb5f159c0,1,0.166667,2009-01-01,2009-01-01,1.0,0.133333,0.0,1
650e7db6-b795-4eb5-a702-5ea2fc46c848,92f29d03-1d89-42a6-9ea7-ed17bc5d6dc1,1,0.166667,2009-01-01,2009-01-01,1.0,0.071429,0.0,1
8c84402d-f282-4afc-8d64-049bdaabb92d,9058d01e-8afc-47a4-8664-621fb5f159c0,1,0.166667,2009-01-01,2009-01-01,1.0,0.333333,0.0,1
8c84402d-f282-4afc-8d64-049bdaabb92d,92f29d03-1d89-42a6-9ea7-ed17bc5d6dc1,1,0.166667,2009-01-01,2009-01-01,1.0,1.0,0.0,0
9058d01e-8afc-47a4-8664-621fb5f159c0,92f29d03-1d89-42a6-9ea7-ed17bc5d6dc1,1,0.166667,2009-01-01,2009-01-01,1.0,0.333333,0.0,1
4c40f65d-57b7-4667-89cd-3069e33ddf8a,4e5119da-3d88-40e1-9aff-ddf660ff715b,5,0.833333,2022-08-18,2022-10-28,1.0,1.0,0.0,0
4c40f65d-57b7-4667-89cd-3069e33ddf8a,ca49c09b-9ac8-400c-8f3b-edde6a026342,5,0.833333,2022-08-18,2022-10-28,1.0,1.0,0.0,0
4c40f65d-57b7-4667-89cd-3069e33ddf8a,df918064-70d3-4022-86cc-9c3a1186e63a,5,0.833333,2022-08-18,2022-10-28,1.0,1.0,0.0,0
4e5119da-3d88-40e1-9aff-ddf660ff715b,ca49c09b-9ac8-400c-8f3b-edde6a026342,5,0.833333,2022-08-18,2022-10-28,1.0,1.0,0.0,0
4e5119da-3d88-40e1-9aff-ddf660ff715b,df918064-70d3-4022-86cc-9c3a1186e63a,5,0.833333,2022-08-18,2022-10-28,1.0,1.0,0.0,0
ca49c09b-9ac8-400c-8f3b-edde6a026342,df918064-70d3-4022-86cc-9c3a1186e63a,5,0.833333,2022-08-18,2022-10-28,1.0,1.0,0.0,0
0ce1a4c2-ad1e-40d0-80da-d3396bc6518a,a3cb23fc-acd3-4ce0-8f36-1e5aa6a18432,3,0.3,1992-01-01,1992-01-01,1.0,0.125,0.0,1
1f52af22-0207-40ac-9a15-e5052bb670c2,a3cb23fc-acd3-4ce0-8f36-1e5aa6a18432,3,0.3,1992-01-01,1992-01-01,1.0,0.125,0.0,1
a3cb23fc-acd3-4ce0-8f36-1e5aa6a18432,a94e530f-4e9f-40e6-b44b-ebec06f7900e,3,0.3,1992-01-01,1992-01-01,1.0,0.25,0.0,1
9689aa5a-4471-4fb4-9721-07cecda0fa9f,b3c94036-6166-41d2-91a2-dc3a0b5fa188,5,0.7,1993-01-01,1993-01-01,1.0,0.0,0.0,1
9689aa5a-4471-4fb4-9721-07cecda0fa9f,d5ee9a6f-8e10-47e7-bca7-7e3f82aad769,5,0.7,1993-01-01,1993-01-01,1.0,0.0,0.0,1
9689aa5a-4471-4fb4-9721-07cecda0fa9f,d9f3f7ca-9963-45c5-85b3-81f306614ff8,5,0.7,1993-01-01,1993-01-01,1.0,0.0,0.0,1
b3c94036-6166-41d2-91a2-dc3a0b5fa188,d5ee9a6f-8e10-47e7-bca7-7e3f82aad769,5,0.7,1993-01-01,1993-01-01,1.0,1.0,0.0,0
b3c94036-6166-41d2-91a2-dc3a0b5fa188,d9f3f7ca-9963-45c5-85b3-81f306614ff8,5,0.7,1993-01-01,1993-01-01,1.0,1.0,0.0,0
d5ee9a6f-8e10-47e7-bca7-7e3f82aad769,d9f3f7ca-9963-45c5-85b3-81f306614ff8,5,0.7,1993-01-01,1993-01-01,1.0,1.0,0.0,0
92a0f97c-311e-4ca9-8bb3-247b3d96d41b,9689aa5a-4471-4fb4-9721-07cecda0fa9f,1,0.1,1993-01-01,1993-01-01,1.0,0.0,0.0,1
92a0f97c-311e-4ca9-8bb3-247b3d96d41b,b3c94036-6166-41d2-91a2-dc3a0b5fa188,1,0.1,1993-01-01,1993-01-01,1.0,1.0,0.0,0
92a0f97c-311e-4ca9-8bb3-247b3d96d41b,d5ee9a6f-8e10-47e7-bca7-7e3f82aad769,1,0.1,1993-01-01,1993-01-01,1.0,1.0,0.0,0
92a0f97c-311e-4ca9-8bb3-247b3d96d41b,d9f3f7ca-9963-45c5-85b3-81f306614ff8,1,0.1,1993-01-01,1993-01-01,1.0,1.0,0.0,0
9689aa5a-4471-4fb4-9721-07cecda0fa9f,f7b6a303-2abb-42ce-bb7a-b84fa52bb585,1,0.1,1993-01-01,1993-01-01,1.0,0.0,0.0,1
b3c94036-6166-41d2-91a2-dc3a0b5fa188,f7b6a303-2abb-42ce-bb7a-b84fa52bb585,1,0.1,1993-01-01,1993-01-01,1.0,1.0,0.0,0
d5ee9a6f-8e10-47e7-bca7-7e3f82aad769,f7b6a303-2abb-42ce-bb7a-b84fa52bb585,1,0.1,1993-01-01,1993-01-01,1.0,1.0,0.0,0
d9f3f7ca-9963-45c5-85b3-81f306614ff8,f7b6a303-2abb-42ce-bb7a-b84fa52bb585,1,0.1,1993-01-01,1993-01-01,1.0,1.0,0.0,0
36bfa85f-737b-41db-a8fc-b8825850ffc3,39352b9b-e3f0-46f4-8c69-ef17d541e603,1,0.1,1983-01-01,1983-01-01,1.0,0.333333,0.0,1
36bfa85f-737b-41db-a8fc-b8825850ffc3,4071e367-ccf8-484e-a269-bc80ba61e4ce,1,0.1,1983-01-01,1983-01-01,1.0,0.333333,0.0,1
36bfa85f-737b-41db-a8fc-b8825850ffc3,5fab583d-7b67-4b1b-a108-8397c983032e,1,0.1,1983-01-01,1983-01-01,1.0,0.333333,0.0,1
36bfa85f-737b-41db-a8fc-b8825850ffc3,9a0fe101-f7a4-47fc-a3a2-1606588cec6c,1,0.1,1983-01-01,1983-01-01,1.0,0.333333,0.0,1
39352b9b-e3f0-46f4-8c69-ef17d541e603,4071e367-ccf8-484e-a269-bc80ba61e4ce,1,0.1,1983-01-01,1983-01-01,1.0,1.0,0.0,0
39352b9b-e3f0-46f4-8c69-ef17d541e603,5fab583d-7b67-4b1b-a108-8397c983032e,1,0.1,1983-01-01,1983-01-01,1.0,1.0,0.0,0
39352b9b-e3f0-46f4-8c69-ef17d541e603,9a0fe101-f7a4-47fc-a3a2-1606588cec6c,1,0.1,1983-01-01,1983-01-01,1.0,1.0,0.0,0
4071e367-ccf8-484e-a269-bc80ba61e4ce,5fab583d-7b67-4b1b-a108-8397c983032e,1,0.1,1983-01-01,1983-01-01,1.0,1.0,0.0,0
4071e367-ccf8-484e-a269-bc80ba61e4ce,9a0fe101-f7a4-47fc-a3a2-1606588cec6c,1,0.1,1983-01-01,1983-01-01,1.0,1.0,0.0,0
5fab583d-7b67-4b1b-a108-8397c983032e,9a0fe101-f7a4-47fc-a3a2-1606588cec6c,1,0.1,1983-01-01,1983-01-01,1.0,1.0,0.0,0
098ae3cc-2ca3-4fb2-a6d8-2a7c1a6b3565,2bab20bf-8dab-4af8-b7b0-ba8e30860261,1,0.1,1984-01-01,1984-01-01,1.0,1.0,0.0,0
098ae3cc-2ca3-4fb2-a6d8-2a7c1a6b3565,36bfa85f-737b-41db-a8fc-b8825850ffc3,1,0.1,1984-01-01,1984-01-01,1.0,0.333333,0.0,1
098ae3cc-2ca3-4fb2-a6d8-2a7c1a6b3565,525d2a4a-3d81-4d96-9581-3442feed3d2e,1,0.1,1984-01-01,1984-01-01,1.0,1.0,0.0,0
098ae3cc-2ca3-4fb2-a6d8-2a7c1a6b3565,905a8f9b-03dc-4f47-b9bb-ecce7ea13ab1,1,0.1,1984-01-01,1984-01-01,1.0,1.0,0.0,0
2bab20bf-8dab-4af8-b7b0-ba8e30860261,36bfa85f-737b-41db-a8fc-b8825850ffc3,1,0.1,1984-01-01,1984-01-01,1.0,0.333333,0.0,1
2bab20bf-8dab-4af8-b7b0-ba8e30860261,525d2a4a-3d81-4d96-9581-3442feed3d2e,1,0.1,1984-01-01,1984-01-01,1.0,1.0,0.0,0
2bab20bf-8dab-4af8-b7b0-ba8e30860261,905a8f9b-03dc-4f47-b9bb-ecce7ea13ab1,1,0.1,1984-01-01,1984-01-01,1.0,1.0,0.0,0
36bfa85f-737b-41db-a8fc-b8825850ffc3,525d2a4a-3d81-4d96-9581-3442feed3d2e,1,0.1,1984-01-01,1984-01-01,1.0,0.333333,0.0,1
36bfa85f-737b-41db-a8fc-b8825850ffc3,905a8f9b-03dc-4f47-b9bb-ecce7ea13ab1,1,0.1,1984-01-01,1984-01-01,1.0,0.333333,0.0,1
525d2a4a-3d81-4d96-9581-3442feed3d2e,905a8f9b-03dc-4f47-b9bb-ecce7ea13ab1,1,0.1,1984-01-01,1984-01-01,1.0,1.0,0.0,0
0307edfc-437c-4b48-8700-80680e66a228,1d543e07-d0d2-4834-a8db-d65c50c2a856,1,1.0,1974-01-01,1974-01-01,1.0,0.0,1.0,0
3b6def32-b3ee-47e0-9eb9-c9e1a2e22efd,acee4af5-a34d-4ab0-96f8-ca050028d643,1,1.0,2006-03-21,2006-03-21,1.0,0.5,0.0,0
b0ee191c-7b75-445e-8416-b8f9918d3b6b,d9c9cfb7-f751-4fb0-97c0-b3ddd768bc78,1,1.0,1967-01-01,1967-01-01,1.0,0.0,1.0,0
1f4e9049-6ee4-4b4e-a2b7-4c47721d9f62,29ed4a49-fb99-4a5c-8713-609cabe6f34a,1,0.066667,2006-01-01,2006-01-01,1.0,1.0,0.0,0
1f4e9049-6ee4-4b4e-a2b7-4c47721d9f62,59eda569-b380-4958-b98c-051d1667b3e1,1,0.066667,2006-01-01,2006-01-01,1.0,0.25,0.0,1
1f4e9049-6ee4-4b4e-a2b7-4c47721d9f62,7ef691ec-b82a-4c58-852a-45ae2ed6d7b6,2,0.114286,2006-01-01,2010-01-01,1.0,1.0,0.0,0
1f4e9049-6ee4-4b4e-a2b7-4c47721d9f62,aab2ab30-ab36-4587-8ce8-f1b5132d9fa1,1,0.066667,2006-01-01,2006-01-01,1.0,0.0,0.0,1
1f4e9049-6ee4-4b4e-a2b7-4c47721d9f62,f280f9d2-77e6-49aa-a0b5-ce51a18cc2f3,1,0.066667,2006-01-01,2006-01-01,1.0,0.0,0.0,1
29ed4a49-fb99-4a5c-8713-609cabe6f34a,59eda569-b380-4958-b98c-051d1667b3e1,1,0.066667,2006-01-01,2006-01-01,1.0,0.25,0.0,1
29ed4a49-fb99-4a5c-8713-609cabe6f34a,7ef691ec-b82a-4c58-852a-45ae2ed6d7b6,1,0.066667,2006-01-01,2006-01-01,1.0,1.0,0.0,0
29ed4a49-fb99-4a5c-8713-609cabe6f34a,aab2ab30-ab36-4587-8ce8-f1b5132d9fa1,1,0.066667,2006-01-01,2006-01-01,1.0,0.0,0.0,1
29ed4a49-fb99-4a5c-8713-609cabe6f34a,f280f9d2-77e6-49aa-a0b5-ce51a18cc2f3,1,0.066667,2006-01-01,2006-01-01,1.0,0.0,0.0,1
59eda569-b380-4958-b98c-051d1667b3e1,7ef691ec-b82a-4c58-852a-45ae2ed6d7b6,1,0.066667,2006-01-01,2006-01-01,1.0,0.25,0.0,1
59eda569-b380-4958-b98c-051d1667b3e1,aab2ab30-ab36-4587-8ce8-f1b5132d9fa1,1,0.066667,2006-01-01,2006-01-01,1.0,0.2,0.0,1
59eda569-b380-4958-b98c-051d1667b3e1,f280f9d2-77e6-49aa-a0b5-ce51a18cc2f3,1,0.066667,2006-01-01,2006-01-01,1.0,0.2,0.0,1
7ef691ec-b82a-4c58-852a-45ae2ed6d7b6,aab2ab30-ab36-4587-8ce8-f1b5132d9fa1,1,0.066667,2006-01-01,2006-01-01,1.0,0.0,0.0,1
7ef691ec-b82a-4c58-852a-45ae2ed6d7b6,f280f9d2-77e6-49aa-a0b5-ce51a18cc2f3,1,0.066667,2006-01-01,2006-01-01,1.0,0.0,0.0,1
aab2ab30-ab36-4587-8ce8-f1b5132d9fa1,f280f9d2-77e6-49aa-a0b5-ce51a18cc2f3,1,0.066667,2006-01-01,2006-01-01,1.0,1.0,0.0,0
0b966a38-5ad9-43c1-b86b-c07079523165,2a2b4909-4b47-49ae-b8c8-35ffb6d47ece,2,1.166667,2022-04-08,2022-04-08,1.0,0.25,0.0,1
0b966a38-5ad9-43c1-b86b-c07079523165,24d311f8-da82-4068-896b-ca061deaccb6,2,1.166667,2022-04-08,2022-04-08,1.0,0.25,0.0,1
0b966a38-5ad9-43c1-b86b-c07079523165,2dad5809-0d9b-40cf-85cf-2f8828ffaaf0,1,0.166667,2022-04-08,2022-04-08,1.0,0.25,0.0,1
24d311f8-da82-4068-896b-ca061deaccb6,2a2b4909-4b47-49ae-b8c8-35ffb6d47ece,1,0.166667,2022-04-08,2022-04-08,1.0,1.0,0.0,0
24d311f8-da82-4068-896b-ca061deaccb6,2dad5809-0d9b-40cf-85cf-2f8828ffaaf0,1,0.166667,2022-04-08,2022-04-08,1.0,1.0,0.0,0
2a2b4909-4b47-49ae-b8c8-35ffb6d47ece,2dad5809-0d9b-40cf-85cf-2f8828ffaaf0,1,0.166667,2022-04-08,2022-04-08,1.0,1.0,0.0,0
0b966a38-5ad9-43c1-b86b-c07079523165,9eba77a2-7297-4917-b6fd-b0dec8b57437,1,0.166667,2023-03-03,2023-03-03,1.0,0.25,0.0,1
0b966a38-5ad9-43c1-b86b-c07079523165,d0c7656d-8169-4f77-9dbe-b8f24e40105d,1,0.166667,2023-03-03,2023-03-03,1.0,0.6,0.0,0
0b966a38-5ad9-43c1-b86b-c07079523165,fc7f4897-7cd7-4211-adb2-4028fd76fec3,1,0.166667,2023-03-03,2023-03-03,1.0,0.25,0.0,1
9eba77a2-7297-4917-b6fd-b0dec8b57437,d0c7656d-8169-4f77-9dbe-b8f24e40105d,1,0.166667,2023-03-03,2023-03-03,1.0,0.25,0.0,1
9eba77a2-7297-4917-b6fd-b0dec8b57437,fc7f4897-7cd7-4211-adb2-4028fd76fec3,1,0.166667,2023-03-03,2023-03-03,1.0,1.0,0.0,0
d0c7656d-8169-4f77-9dbe-b8f24e40105d,fc7f4897-7cd7-4211-adb2-4028fd76fec3,1,0.166667,2023-03-03,2023-03-03,1.0,0.25,0.0,1
519774a4-3b18-4042-b8c0-927845a616c9,a9044915-8be3-4c7e-b11f-9e2d2ea0a91e,1,0.166667,1970-10-05,1970-10-05,1.0,0.0,0.0,1
9c2b375c-ce68-44a8-90ac-e06b177f43f9,a9044915-8be3-4c7e-b11f-9e2d2ea0a91e,1,0.166667,1970-10-05,1970-10-05,1.0,0.0,0.0,1
a9044915-8be3-4c7e-b11f-9e2d2ea0a91e,bd53f9a7-8be9-46b0-bf7d-1deea3cb57bc,1,0.166667,1970-10-05,1970-10-05,1.0,0.0,0.0,1
02669ae0-7b21-4648-8a2e-04a28aaba9d1,321531fc-db73-4ffa-a959-61a61a2908c1,1,1.0,1997-01-01,1997-01-01,1.0,0.076923,0.0,1
29181727-a888-431e-a6c5-bd7f4969a318,321531fc-db73-4ffa-a959-61a61a2908c1,1,0.1,1997-01-01,1997-01-01,1.0,0.076923,0.0,1
29181727-a888-431e-a6c5-bd7f4969a318,80b3cf5e-18fe-4c59-98c7-e5bb87210710,1,0.1,1997-01-01,1997-01-01,1.0,1.0,0.0,0
29181727-a888-431e-a6c5-bd7f4969a318,8fb6c2cc-7076-4164-94e2-82dddd3b1d5d,1,0.1,1997-01-01,1997-01-01,1.0,1.0,0.0,0
29181727-a888-431e-a6c5-bd7f4969a318,fde17fa5-3238-439f-ab1c-c37671e3c3b3,1,0.1,1997-01-01,1997-01-01,1.0,1.0,0.0,0
321531fc-db73-4ffa-a959-61a61a2908c1,80b3cf5e-18fe-4c59-98c7-e5bb87210710,1,0.1,1997-01-01,1997-01-01,1.0,0.076923,0.0,1
321531fc-db73-4ffa-a959-61a61a2908c1,8fb6c2cc-7076-4164-94e2-82dddd3b1d5d,1,0.1,1997-01-01,1997-01-01,1.0,0.076923,0.0,1
321531fc-db73-4ffa-a959-61a61a2908c1,fde17fa5-3238-439f-ab1c-c37671e3c3b3,2,0.433333,1997-01-01,1997-02-11,1.0,0.076923,0.0,1
80b3cf5e-18fe-4c59-98c7-e5bb87210710,8fb6c2cc-7076-4164-94e2-82dddd3b1d5d,1,0.1,1997-01-01,1997-01-01,1.0,1.0,0.0,0
80b3cf5e-18fe-4c59-98c7-e5bb87210710,fde17fa5-3238-439f-ab1c-c37671e3c3b3,1,0.1,1997-01-01,1997-01-01,1.0,1.0,0.0,0
8fb6c2cc-7076-4164-94e2-82dddd3b1d5d,fde17fa5-3238-439f-ab1c-c37671e3c3b3,1,0.1,1997-01-01,1997-01-01,1.0,1.0,0.0,0
321531fc-db73-4ffa-a959-61a61a2908c1,9b71ad4a-df8e-4142-88f8-4d757ba18f55,1,1.0,1997-01-01,1997-01-01,1.0,0.076923,0.0,1
12f9b20b-ee20-4e88-a29c-f2a87bd34198,321531fc-db73-4ffa-a959-61a61a2908c1,1,0.333333,1997-02-11,1997-02-11,1.0,0.076923,0.0,1
12f9b20b-ee20-4e88-a29c-f2a87bd34198,fde17fa5-3238-439f-ab1c-c37671e3c3b3,1,0.333333,1997-02-11,1997-02-11,1.0,1.0,0.0,0
10587e37-c76a-4530-ac32-86203752cd5e,d60c30e4-f52c-46c1-bacd-0c0d58a35d30,1,0.333333,2017-06-02,2017-06-02,1.0,0.5,0.0,0
10587e37-c76a-4530-ac32-86203752cd5e,eb3fdcb8-6607-41d5-9387-edd648f38bc2,1,0.333333,2017-06-02,2017-06-02,1.0,0.5,0.0,0
d60c30e4-f52c-46c1-bacd-0c0d58a35d30,eb3fdcb8-6607-41d5-9387-edd648f38bc2,1,0.333333,2017-06-02,2017-06-02,1.0,1.0,0.0,0
0ba9202b-0855-4935-9425-e2d9feab77ef,804e04dc-8812-4313-9159-bec358d2b8ed,1,0.066667,2000-01-01,2000-01-01,1.0,1.0,0.0,0
0ba9202b-0855-4935-9425-e2d9feab77ef,85a21c41-0514-480c-8412-0230f3de5aa4,1,0.066667,2000-01-01,2000-01-01,1.0,1.0,0.0,0
0ba9202b-0855-4935-9425-e2d9feab77ef,b8ac29a7-6b59-4f49-bcbc-c870b2d56764,1,0.066667,2000-01-01,2000-01-01,1.0,1.0,0.0,0
0ba9202b-0855-4935-9425-e2d9feab77ef,ce6a13b9-7d01-4308-811e-fcee6fc53027,1,0.066667,2000-01-01,2000-01-01,1.0,1.0,0.0,0
0ba9202b-0855-4935-9425-e2d9feab77ef,f0602f55-1770-483d-89bd-4bae0d0ac086,1,0.066667,2000-01-01,2000-01-01,1.0,0.285714,0.0,1
804e04dc-8812-4313-9159-bec358d2b8ed,85a21c41-0514-480c-8412-0230f3de5aa4,1,0.066667,2000-01-01,2000-01-01,1.0,1.0,0.0,0
804e04dc-8812-4313-9159-bec358d2b8ed,b8ac29a7-6b59-4f49-bcbc-c870b2d56764,1,0.066667,2000-01-01,2000-01-01,1.0,1.0,0.0,0
804e04dc-8812-4313-9159-bec358d2b8ed,ce6a13b9-7d01-4308-811e-fcee6fc53027,1,0.066667,2000-01-01,2000-01-01,1.0,1.0,0.0,0
804e04dc-8812-4313-9159-bec358d2b8ed,f0602f55-1770-483d-89bd-4bae0d0ac086,1,0.066667,2000-01-01,2000-01-01,1.0,0.285714,0.0,1
85a21c41-0514-480c-8412-0230f3de5aa4,b8ac29a7-6b59-4f49-bcbc-c870b2d56764,1,0.066667,2000-01-01,2000-01-01,1.0,1.0,0.0,0
85a21c41-0514-480c-8412-0230f3de5aa4,ce6a13b9-7d01-4308-811e-fcee6fc53027,1,0.066667,2000-01-01,2000-01-01,1.0,1.0,0.0,0
85a21c41-0514-480c-8412-0230f3de5aa4,f0602f55-1770-483d-89bd-4bae0d0ac086,1,0.066667,2000-01-01,2000-01-01,1.0,0.285714,0.0,1
b8ac29a7-6b59-4f49-bcbc-c870b2d56764,ce6a13b9-7d01-4308-811e-fcee6fc53027,1,0.066667,2000-01-01,2000-01-01,1.0,1.0,0.0,0
b8ac29a7-6b59-4f49-bcbc-c870b2d56764,f0602f55-1770-483d-89bd-4bae0d0ac086,1,0.066667,2000-01-01,2000-01-01,1.0,0.285714,0.0,1
ce6a13b9-7d01-4308-811e-fcee6fc53027,f0602f55-1770-483d-89bd-4bae0d0ac086,1,0.066667,2000-01-01,2000-01-01,1.0,0.285714,0.0,1
186edc09-db32-4d4f-ba71-eed418630c83,348d1d67-e150-49a8-81ab-db34540ebfa9,1,0.1,2001-01-01,2001-01-01,1.0,1.0,0.0,0
186edc09-db32-4d4f-ba71-eed418630c83,d863e16e-8811-4182-a168-4d85da239d79,1,0.1,2001-01-01,2001-01-01,1.0,0.666667,0.0,0
186edc09-db32-4d4f-ba71-eed418630c83,eebc696c-f861-4e92-8916-28fc86d727ea,1,0.1,2001-01-01,2001-01-01,1.0,1.0,0.0,0
186edc09-db32-4d4f-ba71-eed418630c83,f0602f55-1770-483d-89bd-4bae0d0ac086,1,0.1,2001-01-01,2001-01-01,1.0,0.285714,0.0,1
348d1d67-e150-49a8-81ab-db34540ebfa9,d863e16e-8811-4182-a168-4d85da239d79,1,0.1,2001-01-01,2001-01-01,1.0,0.666667,0.0,0
348d1d67-e150-49a8-81ab-db34540ebfa9,eebc696c-f861-4e92-8916-28fc86d727ea,1,0.1,2001-01-01,2001-01-01,1.0,1.0,0.0,0
348d1d67-e150-49a8-81ab-db34540ebfa9,f0602f55-1770-483d-89bd-4bae0d0ac086,1,0.1,2001-01-01,2001-01-01,1.0,0.285714,0.0,1
d863e16e-8811-4182-a168-4d85da239d79,eebc696c-f861-4e92-8916-28fc86d727ea,1,0.1,2001-01-01,2001-01-01,1.0,0.666667,0.0,0
d863e16e-8811-4182-a168-4d85da239d79,f0602f55-1770-483d-89bd-4bae0d0ac086,3,1.2,2001-01-01,2001-01-01,1.0,0.428571,0.0,1
eebc696c-f861-4e92-8916-28fc86d727ea,f0602f55-1770-483d-89bd-4bae0d0ac086,1,0.1,2001-01-01,2001-01-01,1.0,0.285714,0.0,1
78e98e0e-f873-4e5e-b4b7-88b7293fd713,7c61a5bc-3d87-46bc-9734-ae86645b36af,1,0.1,2001-01-01,2001-01-01,1.0,1.0,0.0,0
78e98e0e-f873-4e5e-b4b7-88b7293fd713,d863e16e-8811-4182-a168-4d85da239d79,1,0.1,2001-01-01,2001-01-01,1.0,0.666667,0.0,0
78e98e0e-f873-4e5e-b4b7-88b7293fd713,e9f2c808-cf43-4d52-be4d-ea3311f0a4d9,1,0.1,2001-01-01,2001-01-01,1.0,1.0,0.0,0
78e98e0e-f873-4e5e-b4b7-88b7293fd713,f0602f55-1770-483d-89bd-4bae0d0ac086,1,0.1,2001-01-01,2001-01-01,1.0,0.285714,0.0,1
7c61a5bc-3d87-46bc-9734-ae86645b36af,d863e16e-8811-4182-a168-4d85da239d79,1,0.1,2001-01-01,2001-01-01,1.0,0.666667,0.0,0
7c61a5bc-3d87-46bc-9734-ae86645b36af,e9f2c808-cf43-4d52-be4d-ea3311f0a4d9,1,0.1,2001-01-01,2001-01-01,1.0,1.0,0.0,0
7c61a5bc-3d87-46bc-9734-ae86645b36af,f0602f55-1770-483d-89bd-4bae0d0ac086,1,0.1,2001-01-01,2001-01-01,1.0,0.285714,0.0,1
d863e16e-8811-4182-a168-4d85da239d79,e9f2c808-cf43-4d52-be4d-ea3311f0a4d9,1,0.1,2001-01-01,2001-01-01,1.0,0.666667,0.0,0
e9f2c808-cf43-4d52-be4d-ea3311f0a4d9,f0602f55-1770-483d-89bd-4bae0d0ac086,1,0.1,2001-01-01,2001-01-01,1.0,0.285714,0.0,1
14ec11c6-d275-405e-999b-d7629633e51d,22a45219-658b-42c4-9119-c0c4b685631b,1,0.035714,2001-01-01,2001-01-01,1.0,1.0,0.0,0
14ec11c6-d275-405e-999b-d7629633e51d,5028a04d-c3b5-428d-9c88-433224bb10ba,1,0.035714,2001-01-01,2001-01-01,1.0,1.0,0.0,0
14ec11c6-d275-405e-999b-d7629633e51d,91b4a2a6-8015-4a4f-81a3-77618f567566,1,0.035714,2001-01-01,2001-01-01,1.0,1.0,0.0,0
14ec11c6-d275-405e-999b-d7629633e51d,c089eb00-0f9b-4057-89b4-2932968e59f1,1,0.035714,2001-01-01,2001-01-01,1.0,1.0,0.0,0
14ec11c6-d275-405e-999b-d7629633e51d,c10b2fc6-8eb1-41e8-89fc-5ad4ced0e01a,1,0.035714,2001-01-01,2001-01-01,1.0,1.0,0.0,0
14ec11c6-d275-405e-999b-d7629633e51d,cabb4fcf-4067-4ba5-908d-76ee66fcf0c6,1,0.035714,2001-01-01,2001-01-01,1.0,1.0,0.0,0
14ec11c6-d275-405e-999b-d7629633e51d,f0602f55-1770-483d-89bd-4bae0d0ac086,1,0.035714,2001-01-01,2001-01-01,1.0,0.285714,0.0,1
22a45219-658b-42c4-9119-c0c4b685631b,5028a04d-c3b5-428d-9c88-433224bb10ba,1,0.035714,2001-01-01,2001-01-01,1.0,1.0,0.0,0
22a45219-658b-42c4-9119-c0c4b685631b,91b4a2a6-8015-4a4f-81a3-77618f567566,1,0.035714,2001-01-01,2001-01-01,1.0,1.0,0.0,0
22a45219-658b-42c4-9119-c0c4b685631b,c089eb00-0f9b-4057-89b4-2932968e59f1,1,0.035714,2001-01-01,2001-01-01,1.0,1.0,0.0,0
22a45219-658b-42c4-9119-c0c4b685631b,c10b2fc6-8eb1-41e8-89fc-5ad4ced0e01a,1,0.035714,2001-01-01,2001-01-01,1.0,1.0,0.0,0
22a45219-658b-42c4-9119-c0c4b685631b,cabb4fcf-4067-4ba5-908d-76ee66fcf0c6,1,0.035714,2001-01-01,2001-01-01,1.0,1.0,0.0,0
22a45219-658b-42c4-9119-c0c4b685631b,f0602f55-1770-483d-89bd-4bae0d0ac086,1,0.035714,2001-01-01,2001-01-01,1.0,0.285714,0.0,1
5028a04d-c3b5-428d-9c88-433224bb10ba,91b4a2a6-8015-4a4f-81a3-77618f567566,1,0.035714,2001-01-01,2001-01-01,1.0,1.0,0.0,0
5028a04d-c3b5-428d-9c88-433224bb10ba,c089eb00-0f9b-4057-89b4-2932968e59f1,1,0.035714,2001-01-01,2001-01-01,1.0,1.0,0.0,0
5028a04d-c3b5-428d-9c88-433224bb10ba,c10b2fc6-8eb1-41e8-89fc-5ad4ced0e01a,1,0.035714,2001-01-01,2001-01-01,1.0,1.0,0.0,0
5028a04d-c3b5-428d-9c88-433224bb10ba,cabb4fcf-4067-4ba5-908d-76ee66fcf0c6,1,0.035714,2001-01-01,2001-01-01,1.0,1.0,0.0,0
5028a04d-c3b5-428d-9c88-433224bb10ba,f0602f55-1770-483d-89bd-4bae0d0ac086,1,0.035714,2001-01-01,2001-01-01,1.0,0.285714,0.0,1
91b4a2a6-8015-4a4f-81a3-77618f567566,c089eb00-0f9b-4057-89b4-2932968e59f1,1,0.035714,2001-01-01,2001-01-01,1.0,1.0,0.0,0
91b4a2a6-8015-4a4f-81a3-77618f567566,c10b2fc6-8eb1-41e8-89fc-5ad4ced0e01a,1,0.035714,2001-01-01,2001-01-01,1.0,1.0,0.0,0
91b4a2a6-8015-4a4f-81a3-77618f567566,cabb4fcf-4067-4ba5-908d-76ee66fcf0c6,1,0.035714,2001-01-01,2001-01-01,1.0,1.0,0.0,0
91b4a2a6-8015-4a4f-81a3-77618f567566,f0602f55-1770-483d-89bd-4bae0d0ac086,1,0.035714,2001-01-01,2001-01-01,1.0,0.285714,0.0,1
c089eb00-0f9b-4057-89b4-2932968e59f1,c10b2fc6-8eb1-41e8-89fc-5ad4ced0e01a,1,0.035714,2001-01-01,2001-01-01,1.0,1.0,0.0,0
c089eb00-0f9b-4057-89b4-2932968e59f1,cabb4fcf-4067-4ba5-908d-76ee66fcf0c6,1,0.035714,2001-01-01,2001-01-01,1.0,1.0,0.0,0
c089eb00-0f9b-4057-89b4-2932968e59f1,f0602f55-1770-483d-89bd-4bae0d0ac086,1,0.035714,2001-01-01,2001-01-01,1.0,0.285714,0.0,1
c10b2fc6-8eb1-41e8-89fc-5ad4ced0e01a,cabb4fcf-4067-4ba5-908d-76ee66fcf0c6,1,0.035714,2001-01-01,2001-01-01,1.0,1.0,0.0,0
c10b2fc6-8eb1-41e8-89fc-5ad4ced0e01a,f0602f55-1770-483d-89bd-4bae0d0ac086,1,0.035714,2001-01-01,2001-01-01,1.0,0.285714,0.0,1
cabb4fcf-4067-4ba5-908d-76ee66fcf0c6,f0602f55-1770-483d-89bd-4bae0d0ac086,1,0.035714,2001-01-01,2001-01-01,1.0,0.285714,0.0,1
37d0a847-32d3-480f-bd1e-101f50a3d332,f4b6e451-5dce-4842-a555-f793892299b3,1,1.0,2010-01-01,2010-01-01,1.0,0.090909,0.0,1
20533bc5-fbc5-4d69-9e83-db3f17ce6e49,2a11b7c9-12d6-495d-a577-7412dd1f7aca,1,0.015152,2019-07-01,2019-07-01,1.0,1.0,0.0,0
20533bc5-fbc5-4d69-9e83-db3f17ce6e49,3ba54400-4c97-450f-b108-bcd90b9b2b76,1,0.015152,2019-07-01,2019-07-01,1.0,1.0,0.0,0
20533bc5-fbc5-4d69-9e83-db3f17ce6e49,5a42040d-2ae5-4e2a-a362-22e7b19d993c,1,0.015152,2019-07-01,2019-07-01,1.0,1.0,0.0,0
20533bc5-fbc5-4d69-9e83-db3f17ce6e49,6c309bb4-112b-46db-b55b-e68068fad581,1,0.015152,2019-07-01,2019-07-01,0.997473,1.0,0.0,0
20533bc5-fbc5-4d69-9e83-db3f17ce6e49,6ce817bd-600d-494d-bd53-2a5f770cf0c6,1,0.015152,2019-07-01,2019-07-01,1.0,1.0,0.0,0
20533bc5-fbc5-4d69-9e83-db3f17ce6e49,94e2f6fe-37ab-4e1f-b145-26cb80069503,1,0.015152,2019-07-01,2019-07-01,1.0,1.0,0.0,0
20533bc5-fbc5-4d69-9e83-db3f17ce6e49,ba991ec6-049b-479f-9020-be2a84dc1473,1,0.015152,2019-07-01,2019-07-01,1.0,1.0,0.0,0
20533bc5-fbc5-4d69-9e83-db3f17ce6e49,f09efc2c-210d-4a94-909a-20a233a75ec6,1,0.015152,2019-07-01,2019-07-01,1.0,1.0,0.0,0
20533bc5-fbc5-4d69-9e83-db3f17ce6e49,faf916e0-ffc5-4345-a10b-b79ed8c9b8f6,1,0.015152,2019-07-01,2019-07-01,0.997473,0.5,0.0,0
2a11b7c9-12d6-495d-a577-7412dd1f7aca,3ba54400-4c97-450f-b108-bcd90b9b2b76,1,0.015152,2019-07-01,2019-07-01,1.0,1.0,0.0,0
2a11b7c9-12d6-495d-a577-7412dd1f7aca,453c9a64-4ff6-4c3b-9621-a73a6574f5be,1,0.015152,2019-07-01,2019-07-01,1.0,1.0,0.0,0
2a11b7c9-12d6-495d-a577-7412dd1f7aca,5a42040d-2ae5-4e2a-a362-22e7b19d993c,1,0.015152,2019-07-01,2019-07-01,1.0,1.0,0.0,0
2a11b7c9-12d6-495d-a577-7412dd1f7aca,6c309bb4-112b-46db-b55b-e68068fad581,1,0.015152,2019-07-01,2019-07-01,1.0,1.0,0.0,0
2a11b7c9-12d6-495d-a577-7412dd1f7aca,6ce817bd-600d-494d-bd53-2a5f770cf0c6,1,0.015152,2019-07-01,2019-07-01,1.0,1.0,0.0,0
2a11b7c9-12d6-495d-a577-7412dd1f7aca,94e2f6fe-37ab-4e1f-b145-26cb80069503,1,0.015152,2019-07-01,2019-07-01,1.0,1.0,0.0,0
2a11b7c9-12d6-495d-a577-7412dd1f7aca,d616b606-cf6a-4b6e-ab0f-e253b8db6610,1,0.015152,2019-07-01,2019-07-01,1.0,0.2,0.0,1
2a11b7c9-12d6-495d-a577-7412dd1f7aca,f09efc2c-210d-4a94-909a-20a233a75ec6,1,0.015152,2019-07-01,2019-07-01,1.0,1.0,0.0,0
2a11b7c9-12d6-495d-a577-7412dd1f7aca,faf916e0-ffc5-4345-a10b-b79ed8c9b8f6,1,0.015152,2019-07-01,2019-07-01,1.0,0.5,0.0,0
3ba54400-4c97-450f-b108-bcd90b9b2b76,453c9a64-4ff6-4c3b-9621-a73a6574f5be,1,0.015152,2019-07-01,2019-07-01,1.0,1.0,0.0,0
3ba54400-4c97-450f-b108-bcd90b9b2b76,5a42040d-2ae5-4e2a-a362-22e7b19d993c,1,0.015152,2019-07-01,2019-07-01,1.0,1.0,0.0,0
3ba54400-4c97-450f-b108-bcd90b9b2b76,6c309bb4-112b-46db-b55b-e68068fad581,1,0.015152,2019-07-01,2019-07-01,1.0,1.0,0.0,0
3ba54400-4c97-450f-b108-bcd90b9b2b76,6ce817bd-600d-494d-bd53-2a5f770cf0c6,1,0.015152,2019-07-01,2019-07-01,1.0,1.0,0.0,0
3ba54400-4c97-450f-b108-bcd90b9b2b76,94e2f6fe-37ab-4e1f-b145-26cb80069503,1,0.015152,2019-07-01,2019-07-01,1.0,1.0,0.0,0
3ba54400-4c97-450f-b108-bcd90b9b2b76,ba991ec6-049b-479f-9020-be2a84dc1473,1,0.015152,2019-07-01,2019-07-01,1.0,1.0,0.0,0
3ba54400-4c97-450f-b108-bcd90b9b2b76,f09efc2c-210d-4a94-909a-20a233a75ec6,1,0.015152,2019-07-01,2019-07-01,1.0,1.0,0.0,0
3ba54400-4c97-450f-b108-bcd90b9b2b76,faf916e0-ffc5-4345-a10b-b79ed8c9b8f6,1,0.015152,2019-07-01,2019-07-01,1.0,0.5,0.0,0
453c9a64-4ff6-4c3b-9621-a73a6574f5be,5a42040d-2ae5-4e2a-a362-22e7b19d993c,1,0.015152,2019-07-01,2019-07-01,1.0,1.0,0.0,0
453c9a64-4ff6-4c3b-9621-a73a6574f5be,6c309bb4-112b-46db-b55b-e68068fad581,1,0.015152,2019-07-01,2019-07-01,0.997473,1.0,0.0,0
453c9a64-4ff6-4c3b-9621-a73a6574f5be,6ce817bd-600d-494d-bd53-2a5f770cf0c6,1,0.015152,2019-07-01,2019-07-01,1.0,1.0,0.0,0
453c9a64-4ff6-4c3b-9621-a73a6574f5be,94e2f6fe-37ab-4e1f-b145-26cb80069503,1,0.015152,2019-07-01,2019-07-01,1.0,1.0,0.0,0
453c9a64-4ff6-4c3b-9621-a73a6574f5be,ba991ec6-049b-479f-9020-be2a84dc1473,1,0.015152,2019-07-01,2019-07-01,1.0,1.0,0.0,0
453c9a64-4ff6-4c3b-9621-a73a6574f5be,f09efc2c-210d-4a94-909a-20a233a75ec6,1,0.015152,2019-07-01,2019-07-01,1.0,1.0,0.0,0
453c9a64-4ff6-4c3b-9621-a73a6574f5be,faf916e0-ffc5-4345-a10b-b79ed8c9b8f6,1,0.015152,2019-07-01,2019-07-01,0.997473,0.5,0.0,0
5a42040d-2ae5-4e2a-a362-22e7b19d993c,6c309bb4-112b-46db-b55b-e68068fad581,1,0.015152,2019-07-01,2019-07-01,1.0,1.0,0.0,0
5a42040d-2ae5-4e2a-a362-22e7b19d993c,6ce817bd-600d-494d-bd53-2a5f770cf0c6,1,0.015152,2019-07-01,2019-07-01,1.0,1.0,0.0,0
5a42040d-2ae5-4e2a-a362-22e7b19d993c,94e2f6fe-37ab-4e1f-b145-26cb80069503,1,0.015152,2019-07-01,2019-07-01,1.0,1.0,0.0,0
5a42040d-2ae5-4e2a-a362-22e7b19d993c,ba991ec6-049b-479f-9020-be2a84dc1473,1,0.015152,2019-07-01,2019-07-01,1.0,1.0,0.0,0
5a42040d-2ae5-4e2a-a362-22e7b19d993c,d616b606-cf6a-4b6e-ab0f-e253b8db6610,1,0.015152,2019-07-01,2019-07-01,1.0,0.2,0.0,1
5a42040d-2ae5-4e2a-a362-22e7b19d993c,f09efc2c-210d-4a94-909a-20a233a75ec6,1,0.015152,2019-07-01,2019-07-01,1.0,1.0,0.0,0
5a42040d-2ae5-4e2a-a362-22e7b19d993c,faf916e0-ffc5-4345-a10b-b79ed8c9b8f6,1,0.015152,2019-07-01,2019-07-01,1.0,0.5,0.0,0
6c309bb4-112b-46db-b55b-e68068fad581,6ce817bd-600d-494d-bd53-2a5f770cf0c6,1,0.015152,2019-07-01,2019-07-01,1.0,1.0,0.0,0
6c309bb4-112b-46db-b55b-e68068fad581,94e2f6fe-37ab-4e1f-b145-26cb80069503,1,0.015152,2019-07-01,2019-07-01,1.0,1.0,0.0,0
6c309bb4-112b-46db-b55b-e68068fad581,ba991ec6-049b-479f-9020-be2a84dc1473,1,0.015152,2019-07-01,2019-07-01,1.0,1.0,0.0,0
6c309bb4-112b-46db-b55b-e68068fad581,d616b606-cf6a-4b6e-ab0f-e253b8db6610,1,0.015152,2019-07-01,2019-07-01,0.997473,0.2,0.0,1
6c309bb4-112b-46db-b55b-e68068fad581,f09efc2c-210d-4a94-909a-20a233a75ec6,1,0.015152,2019-07-01,2019-07-01,1.0,1.0,0.0,0
6c309bb4-112b-46db-b55b-e68068fad581,faf916e0-ffc5-4345-a10b-b79ed8c9b8f6,1,0.015152,2019-07-01,2019-07-01,0.997473,0.5,0.0,0
6ce817bd-600d-494d-bd53-2a5f770cf0c6,94e2f6fe-37ab-4e1f-b145-26cb80069503,1,0.015152,2019-07-01,2019-07-01,1.0,1.0,0.0,0
6ce817bd-600d-494d-bd53-2a5f770cf0c6,ba991ec6-049b-479f-9020-be2a84dc1473,1,0.015152,2019-07-01,2019-07-01,1.0,1.0,0.0,0
6ce817bd-600d-494d-bd53-2a5f770cf0c6,d616b606-cf6a-4b6e-ab0f-e253b8db6610,1,0.015152,2019-07-01,2019-07-01,1.0,0.2,0.0,1
6ce817bd-600d-494d-bd53-2a5f770cf0c6,f09efc2c-210d-4a94-909a-20a233a75ec6,1,0.015152,2019-07-01,2019-07-01,1.0,1.0,0.0,0
6ce817bd-600d-494d-bd53-2a5f770cf0c6,faf916e0-ffc5-4345-a10b-b79ed8c9b8f6,1,0.015152,2019-07-01,2019-07-01,1.0,0.5,0.0,0
94e2f6fe-37ab-4e1f-b145-26cb80069503,ba991ec6-049b-479f-9020-be2a84dc1473,1,0.015152,2019-07-01,2019-07-01,1.0,1.0,0.0,0
94e2f6fe-37ab-4e1f-b145-26cb80069503,d616b606-cf6a-4b6e-ab0f-e253b8db6610,1,0.015152,2019-07-01,2019-07-01,1.0,0.2,0.0,1
94e2f6fe-37ab-4e1f-b145-26cb80069503,f09efc2c-210d-4a94-909a-20a233a75ec6,1,0.015152,2019-07-01,2019-07-01,1.0,1.0,0.0,0
94e2f6fe-37ab-4e1f-b145-26cb80069503,faf916e0-ffc5-4345-a10b-b79ed8c9b8f6,1,0.015152,2019-07-01,2019-07-01,1.0,0.5,0.0,0
ba991ec6-049b-479f-9020-be2a84dc1473,d616b606-cf6a-4b6e-ab0f-e253b8db6610,1,0.015152,2019-07-01,2019-07-01,1.0,0.2,0.0,1
ba991ec6-049b-479f-9020-be2a84dc1473,f09efc2c-210d-4a94-909a-20a233a75ec6,1,0.015152,2019-07-01,2019-07-01,1.0,1.0,0.0,0
ba991ec6-049b-479f-9020-be2a84dc1473,faf916e0-ffc5-4345-a10b-b79ed8c9b8f6,1,0.015152,2019-07-01,2019-07-01,1.0,0.5,0.0,0
d616b606-cf6a-4b6e-ab0f-e253b8db6610,f09efc2c-210d-4a94-909a-20a233a75ec6,1,0.015152,2019-07-01,2019-07-01,1.0,0.2,0.0,1
d616b606-cf6a-4b6e-ab0f-e253b8db6610,faf916e0-ffc5-4345-a10b-b79ed8c9b8f6,1,0.015152,2019-07-01,2019-07-01,0.64386,0.4,0.0,1
f09efc2c-210d-4a94-909a-20a233a75ec6,faf916e0-ffc5-4345-a10b-b79ed8c9b8f6,1,0.015152,2019-07-01,2019-07-01,1.0,0.5,0.0,0
216e79a8-2243-4c25-8b0b-44c96c0cc55d,b178fa24-ed91-4e19-acc4-cd3fe76e7a43,1,0.333333,2021-05-27,2021-05-27,1.0,1.0,0.0,0
216e79a8-2243-4c25-8b0b-44c96c0cc55d,faf916e0-ffc5-4345-a10b-b79ed8c9b8f6,1,0.333333,2021-05-27,2021-05-27,1.0,0.5,0.0,0
b178fa24-ed91-4e19-acc4-cd3fe76e7a43,faf916e0-ffc5-4345-a10b-b79ed8c9b8f6,1,0.333333,2021-05-27,2021-05-27,1.0,0.5,0.0,0
7944ed53-2a58-4035-9b93-140a71e41c34,d4d17620-fd97-4574-92a8-a2cb7e72ce42,1,1.0,1979-01-01,1979-01-01,1.0,0.5,0.0,0
2f3f8fb1-e5dc-4548-9601-fada0485e561,584c04d2-4acc-491b-8a0a-e63133f4bfc4,1,0.1,1977-01-01,1977-01-01,1.0,0.25,0.0,1
2f3f8fb1-e5dc-4548-9601-fada0485e561,70ef8ba7-ec5b-4ab8-9f8f-a5b31e771989,1,0.1,1977-01-01,1977-01-01,1.0,1.0,0.0,0
2f3f8fb1-e5dc-4548-9601-fada0485e561,859bf1bb-0470-4869-aa97-a2f1c0fee62c,1,0.1,1977-01-01,1977-01-01,1.0,1.0,0.0,0
2f3f8fb1-e5dc-4548-9601-fada0485e561,94796bba-bffe-4510-8493-957e176b8c61,1,0.1,1977-01-01,1977-01-01,1.0,1.0,0.0,0
584c04d2-4acc-491b-8a0a-e63133f4bfc4,70ef8ba7-ec5b-4ab8-9f8f-a5b31e771989,1,0.1,1977-01-01,1977-01-01,1.0,0.25,0.0,1
584c04d2-4acc-491b-8a0a-e63133f4bfc4,859bf1bb-0470-4869-aa97-a2f1c0fee62c,1,0.1,1977-01-01,1977-01-01,1.0,0.25,0.0,1
584c04d2-4acc-491b-8a0a-e63133f4bfc4,94796bba-bffe-4510-8493-957e176b8c61,1,0.1,1977-01-01,1977-01-01,1.0,0.25,0.0,1
70ef8ba7-ec5b-4ab8-9f8f-a5b31e771989,859bf1bb-0470-4869-aa97-a2f1c0fee62c,1,0.1,1977-01-01,1977-01-01,1.0,1.0,0.0,0
70ef8ba7-ec5b-4ab8-9f8f-a5b31e771989,94796bba-bffe-4510-8493-957e176b8c61,1,0.1,1977-01-01,1977-01-01,1.0,1.0,0.0,0
859bf1bb-0470-4869-aa97-a2f1c0fee62c,94796bba-bffe-4510-8493-957e176b8c61,1,0.1,1977-01-01,1977-01-01,1.0,1.0,0.0,0
1cfbf85c-dc74-42d6-915e-77033afd0204,420c6768-0885-415a-bb59-d6a275121125,1,0.166667,1969-01-01,1969-01-01,1.0,0.0,1.0,0
1cfbf85c-dc74-42d6-915e-77033afd0204,afbdfac9-2955-4404-ae22-c08bf1c1b51e,1,0.166667,1969-01-01,1969-01-01,1.0,0.166667,1.0,0
1cfbf85c-dc74-42d6-915e-77033afd0204,bd5ffaaa-71e8-4930-a5c2-338d828f0c89,1,0.166667,1969-01-01,1969-01-01,1.0,1.0,1.0,0
420c6768-0885-415a-bb59-d6a275121125,afbdfac9-2955-4404-ae22-c08bf1c1b51e,1,0.166667,1969-01-01,1969-01-01,1.0,0.166667,1.0,0
420c6768-0885-415a-bb59-d6a275121125,bd5ffaaa-71e8-4930-a5c2-338d828f0c89,1,0.166667,1969-01-01,1969-01-01,1.0,0.0,1.0,0
afbdfac9-2955-4404-ae22-c08bf1c1b51e,bd5ffaaa-71e8-4930-a5c2-338d828f0c89,1,0.166667,1969-01-01,1969-01-01,1.0,0.166667,1.0,0
6493ed80-8b44-49fa-91de-e7b0a0b57d6d,c0ef2ba5-a7b7-40ea-bd27-30acccfcac11,1,1.0,2002-01-01,2002-01-01,1.0,0.181818,0.0,1
4b585938-f271-45e2-b19a-91c634b5e396,54fc0558-12b5-4854-9d57-9441bcd73a72,1,1.0,1985-01-01,1985-01-01,1.0,0.3,0.25,1
2f569e60-0a1b-4fb9-95a4-3dc1525d1aad,6622a50e-5206-44d0-9ad5-96047a726dcf,5,1.5,1998-01-01,2000-01-01,1.0,0.0,0.571429,0
2f569e60-0a1b-4fb9-95a4-3dc1525d1aad,b13f0288-830a-4ad7-9c60-830f545e5e2b,3,0.833333,1999-01-01,2000-01-01,1.0,0.0,0.0,1
6622a50e-5206-44d0-9ad5-96047a726dcf,b13f0288-830a-4ad7-9c60-830f545e5e2b,3,0.833333,1999-01-01,2000-01-01,0.03936,0.333333,0.0,1
149f91ef-1287-46da-9a8e-87fee02f1471,596ffa74-3d08-44ef-b113-765d43d12738,1,0.166667,2002-01-01,2002-01-01,1.0,0.733333,0.0,0
149f91ef-1287-46da-9a8e-87fee02f1471,e6424fa5-08d3-41c6-96f3-8549f733708c,1,0.166667,2002-01-01,2002-01-01,1.0,0.307692,0.0,1
596ffa74-3d08-44ef-b113-765d43d12738,7c33a306-87ad-4cb6-9f69-bfdb8586b302,1,0.166667,2002-01-01,2002-01-01,1.0,0.153846,0.0,1
596ffa74-3d08-44ef-b113-765d43d12738,e6424fa5-08d3-41c6-96f3-8549f733708c,1,0.166667,2002-01-01,2002-01-01,1.0,0.307692,0.0,1
7c33a306-87ad-4cb6-9f69-bfdb8586b302,e6424fa5-08d3-41c6-96f3-8549f733708c,1,0.166667,2002-01-01,2002-01-01,1.0,0.0,0.0,1
06ef7219-6c9b-42e0-a81e-9ce6ab164d13,21032561-1973-4bda-9a25-d89cd8ef8541,1,0.027778,2014-01-01,2014-01-01,1.0,1.0,0.0,0
06ef7219-6c9b-42e0-a81e-9ce6ab164d13,24b596e5-7da6-49f8-b2d1-ae9083968d1c,1,0.027778,2014-01-01,2014-01-01,1.0,1.0,0.0,0
06ef7219-6c9b-42e0-a81e-9ce6ab164d13,2f548675-008d-4332-876c-108b0c7ab9c5,1,0.027778,2014-01-01,2014-01-01,1.0,0.111111,0.0,1
06ef7219-6c9b-42e0-a81e-9ce6ab164d13,302bd7b9-d012-4360-897a-93b00c855680,1,0.027778,2014-01-01,2014-01-01,1.0,0.071429,0.0,1
06ef7219-6c9b-42e0-a81e-9ce6ab164d13,aa6c3b53-4091-495a-8399-4d3e5e5a404a,1,0.027778,2014-01-01,2014-01-01,1.0,1.0,0.0,0
06ef7219-6c9b-42e0-a81e-9ce6ab164d13,d4889ce7-b66b-4de5-9c88-088d2e18492c,1,0.027778,2014-01-01,2014-01-01,1.0,1.0,0.0,0
06ef7219-6c9b-42e0-a81e-9ce6ab164d13,df5274d8-1060-4097-a916-a5f888e400a9,1,0.027778,2014-01-01,2014-01-01,1.0,1.0,0.0,0
06ef7219-6c9b-42e0-a81e-9ce6ab164d13,e3492ea0-5997-4241-a7bf-2fd7fb1bfad1,1,0.027778,2014-01-01,2014-01-01,1.0,0.2,0.0,1
21032561-1973-4bda-9a25-d89cd8ef8541,24b596e5-7da6-49f8-b2d1-ae9083968d1c,1,0.027778,2014-01-01,2014-01-01,1.0,1.0,0.0,0
21032561-1973-4bda-9a25-d89cd8ef8541,2f548675-008d-4332-876c-108b0c7ab9c5,1,0.027778,2014-01-01,2014-01-01,1.0,0.111111,0.0,1
21032561-1973-4bda-9a25-d89cd8ef8541,302bd7b9-d012-4360-897a-93b00c855680,1,0.027778,2014-01-01,2014-01-01,1.0,0.071429,0.0,1
21032561-1973-4bda-9a25-d89cd8ef8541,aa6c3b53-4091-495a-8399-4d3e5e5a404a,1,0.027778,2014-01-01,2014-01-01,1.0,1.0,0.0,0
21032561-1973-4bda-9a25-d89cd8ef8541,d4889ce7-b66b-4de5-9c88-088d2e18492c,1,0.027778,2014-01-01,2014-01-01,1.0,1.0,0.0,0
21032561-1973-4bda-9a25-d89cd8ef8541,df5274d8-1060-4097-a916-a5f888e400a9,1,0.027778,2014-01-01,2014-01-01,1.0,1.0,0.0,0
21032561-1973-4bda-9a25-d89cd8ef8541,e3492ea0-5997-4241-a7bf-2fd7fb1bfad1,1,0.027778,2014-01-01,2014-01-01,1.0,0.2,0.0,1
24b596e5-7da6-49f8-b2d1-ae9083968d1c,2f548675-008d-4332-876c-108b0c7ab9c5,1,0.027778,2014-01-01,2014-01-01,1.0,0.111111,0.0,1
24b596e5-7da6-49f8-b2d1-ae9083968d1c,302bd7b9-d012-4360-897a-93b00c855680,1,0.027778,2014-01-01,2014-01-01,1.0,0.071429,0.0,1
24b596e5-7da6-49f8-b2d1-ae9083968d1c,aa6c3b53-4091-495a-8399-4d3e5e5a404a,1,0.027778,2014-01-01,2014-01-01,1.0,1.0,0.0,0
24b596e5-7da6-49f8-b2d1-ae9083968d1c,d4889ce7-b66b-4de5-9c88-088d2e18492c,1,0.027778,2014-01-01,2014-01-01,1.0,1.0,0.0,0
24b596e5-7da6-49f8-b2d1-ae9083968d1c,df5274d8-1060-4097-a916-a5f888e400a9,1,0.027778,2014-01-01,2014-01-01,1.0,1.0,0.0,0
24b596e5-7da6-49f8-b2d1-ae9083968d1c,e3492ea0-5997-4241-a7bf-2fd7fb1bfad1,1,0.027778,2014-01-01,2014-01-01,1.0,0.2,0.0,1
2f548675-008d-4332-876c-108b0c7ab9c5,302bd7b9-d012-4360-897a-93b00c855680,1,0.027778,2014-01-01,2014-01-01,1.0,0.4375,0.0,1
2f548675-008d-4332-876c-108b0c7ab9c5,aa6c3b53-4091-495a-8399-4d3e5e5a404a,1,0.027778,2014-01-01,2014-01-01,1.0,0.111111,0.0,1
2f548675-008d-4332-876c-108b0c7ab9c5,d4889ce7-b66b-4de5-9c88-088d2e18492c,1,0.027778,2014-01-01,2014-01-01,1.0,0.111111,0.0,1
2f548675-008d-4332-876c-108b0c7ab9c5,df5274d8-1060-4097-a916-a5f888e400a9,1,0.027778,2014-01-01,2014-01-01,1.0,0.111111,0.0,1
2f548675-008d-4332-876c-108b0c7ab9c5,e3492ea0-5997-4241-a7bf-2fd7fb1bfad1,1,0.027778,2014-01-01,2014-01-01,1.0,0.555556,0.0,0
302bd7b9-d012-4360-897a-93b00c855680,aa6c3b53-4091-495a-8399-4d3e5e5a404a,1,0.027778,2014-01-01,2014-01-01,1.0,0.071429,0.0,1
302bd7b9-d012-4360-897a-93b00c855680,d4889ce7-b66b-4de5-9c88-088d2e18492c,1,0.027778,2014-01-01,2014-01-01,1.0,0.071429,0.0,1
302bd7b9-d012-4360-897a-93b00c855680,df5274d8-1060-4097-a916-a5f888e400a9,1,0.027778,2014-01-01,2014-01-01,1.0,0.071429,0.0,1
302bd7b9-d012-4360-897a-93b00c855680,e3492ea0-5997-4241-a7bf-2fd7fb1bfad1,1,0.027778,2014-01-01,2014-01-01,1.0,0.357143,0.0,1
aa6c3b53-4091-495a-8399-4d3e5e5a404a,d4889ce7-b66b-4de5-9c88-088d2e18492c,1,0.027778,2014-01-01,2014-01-01,1.0,1.0,0.0,0
aa6c3b53-4091-495a-8399-4d3e5e5a404a,df5274d8-1060-4097-a916-a5f888e400a9,1,0.027778,2014-01-01,2014-01-01,1.0,1.0,0.0,0
aa6c3b53-4091-495a-8399-4d3e5e5a404a,e3492ea0-5997-4241-a7bf-2fd7fb1bfad1,1,0.027778,2014-01-01,2014-01-01,1.0,0.2,0.0,1
d4889ce7-b66b-4de5-9c88-088d2e18492c,df5274d8-1060-4097-a916-a5f888e400a9,1,0.027778,2014-01-01,2014-01-01,1.0,1.0,0.0,0
d4889ce7-b66b-4de5-9c88-088d2e18492c,e3492ea0-5997-4241-a7bf-2fd7fb1bfad1,1,0.027778,2014-01-01,2014-01-01,1.0,0.2,0.0,1
df5274d8-1060-4097-a916-a5f888e400a9,e3492ea0-5997-4241-a7bf-2fd7fb1bfad1,1,0.027778,2014-01-01,2014-01-01,1.0,0.2,0.0,1
c7b90dd3-5962-4ef8-926f-f40020720a01,e3492ea0-5997-4241-a7bf-2fd7fb1bfad1,1,1.0,2014-04-22,2014-04-22,1.0,0.2,0.0,1
217269ca-ed88-45f4-8251-4c9384d48841,277ae4fb-4f7a-4bfd-af15-7d36f19ac09a,1,0.166667,2015-01-28,2015-01-28,1.0,1.0,0.0,0
217269ca-ed88-45f4-8251-4c9384d48841,41a2b0bf-0469-43da-93a3-8774da760cb8,1,0.166667,2015-01-28,2015-01-28,0.985556,1.0,0.0,0
217269ca-ed88-45f4-8251-4c9384d48841,e3492ea0-5997-4241-a7bf-2fd7fb1bfad1,2,0.5,2015-01-28,2015-02-20,1.0,0.2,0.0,1
277ae4fb-4f7a-4bfd-af15-7d36f19ac09a,41a2b0bf-0469-43da-93a3-8774da760cb8,1,0.166667,2015-01-28,2015-01-28,1.0,1.0,0.0,0
277ae4fb-4f7a-4bfd-af15-7d36f19ac09a,e3492ea0-5997-4241-a7bf-2fd7fb1bfad1,1,0.166667,2015-01-28,2015-01-28,1.0,0.2,0.0,1
41a2b0bf-0469-43da-93a3-8774da760cb8,e3492ea0-5997-4241-a7bf-2fd7fb1bfad1,2,0.5,2015-01-28,2015-05-06,1.0,0.2,0.0,1
217269ca-ed88-45f4-8251-4c9384d48841,9181e544-f535-40a7-9f9e-66c5fa92ab52,1,0.333333,2015-02-20,2015-02-20,1.0,1.0,0.0,0
9181e544-f535-40a7-9f9e-66c5fa92ab52,e3492ea0-5997-4241-a7bf-2fd7fb1bfad1,1,0.333333,2015-02-20,2015-02-20,1.0,0.2,0.0,1
41a2b0bf-0469-43da-93a3-8774da760cb8,e3e5eeab-38df-483e-b618-abb09f4309b6,1,0.333333,2015-05-06,2015-05-06,1.0,1.0,0.0,0
e3492ea0-5997-4241-a7bf-2fd7fb1bfad1,e3e5eeab-38df-483e-b618-abb09f4309b6,1,0.333333,2015-05-06,2015-05-06,1.0,0.2,0.0,1
6dbd7f8b-20ac-4287-8dd3-b4cae5c5f82f,9030ae90-4db2-4a9c-aa08-01cf17a86b58,1,0.333333,1994-01-01,1994-01-01,1.0,0.5,0.0,0
6dbd7f8b-20ac-4287-8dd3-b4cae5c5f82f,d8f43dc5-4613-48ac-8c23-a62b82f8c67a,1,0.333333,1994-01-01,1994-01-01,1.0,0.181818,0.0,1
9030ae90-4db2-4a9c-aa08-01cf17a86b58,d8f43dc5-4613-48ac-8c23-a62b82f8c67a,1,0.333333,1994-01-01,1994-01-01,1.0,0.090909,0.0,1
74ed34ce-ee95-44e9-a87d-4d2d5056c24a,aabb1d9f-be12-45b3-a84d-a1fc3e8181fd,1,1.0,1966-01-01,1966-01-01,1.0,0.076923,1.0,0
35feae82-8b2c-4f8f-ae7a-af5662848947,68cff6ec-3751-4bd5-9254-f4a77fe7e08f,1,1.0,2014-01-01,2014-01-01,1.0,0.0,0.0,1
789f6768-5830-4b08-8b4f-f38566b2eb1d,c5eb9407-caeb-4303-b383-6929aa94021c,1,1.0,1989-01-01,1989-01-01,1.0,0.25,1.0,0
1ecff755-607d-4130-9a8a-8873f27e5de5,29d59d18-89ae-4510-89a3-06105efda32c,1,0.166667,1970-01-01,1970-01-01,1.0,1.0,0.0,0
1ecff755-607d-4130-9a8a-8873f27e5de5,c44e9c22-ef82-4a77-9bcd-af6c958446d6,1,0.166667,1970-01-01,1970-01-01,1.0,0.0,0.0,1
1ecff755-607d-4130-9a8a-8873f27e5de5,e9b419b5-ab8f-425c-8214-a7259e6efe10,2,0.5,1970-01-01,1970-01-01,1.0,0.0,0.0,1
29d59d18-89ae-4510-89a3-06105efda32c,c44e9c22-ef82-4a77-9bcd-af6c958446d6,1,0.166667,1970-01-01,1970-01-01,1.0,0.0,0.0,1
29d59d18-89ae-4510-89a3-06105efda32c,e9b419b5-ab8f-425c-8214-a7259e6efe10,1,0.166667,1970-01-01,1970-01-01,1.0,0.0,0.0,1
c44e9c22-ef82-4a77-9bcd-af6c958446d6,e9b419b5-ab8f-425c-8214-a7259e6efe10,1,0.166667,1970-01-01,1970-01-01,1.0,0.0,0.0,1
c44e9c22-ef82-4a77-9bcd-af6c958446d6,f213b312-92d8-4180-8483-02f26063cba5,1,1.0,1970-01-01,1970-01-01,1.0,0.0,0.0,1
1c009a08-74d1-4682-bc56-8bfbe9e66b62,23793dda-dc14-46b3-8d71-bb38e068fb3e,1,0.166667,2014-10-28,2014-10-28,1.0,0.25,0.0,1
1c009a08-74d1-4682-bc56-8bfbe9e66b62,60bec7fc-22ad-4597-a928-781c576ebccd,1,0.166667,2014-10-28,2014-10-28,0.835561,0.25,0.0,1
1c009a08-74d1-4682-bc56-8bfbe9e66b62,875203e1-8e58-4b86-8dcb-7190faf411c5,1,0.166667,2014-10-28,2014-10-28,0.835561,0.5,0.0,0
23793dda-dc14-46b3-8d71-bb38e068fb3e,60bec7fc-22ad-4597-a928-781c576ebccd,1,0.166667,2014-10-28,2014-10-28,1.0,1.0,0.0,0
23793dda-dc14-46b3-8d71-bb38e068fb3e,875203e1-8e58-4b86-8dcb-7190faf411c5,1,0.166667,2014-10-28,2014-10-28,1.0,0.125,0.0,1
60bec7fc-22ad-4597-a928-781c576ebccd,875203e1-8e58-4b86-8dcb-7190faf411c5,1,0.166667,2014-10-28,2014-10-28,0.479782,0.125,0.0,1
0612bcce-e351-40be-b3d7-2bb5e1c23479,1c009a08-74d1-4682-bc56-8bfbe9e66b62,2,0.355556,2015-06-28,2015-08-08,1.0,0.25,0.0,1
0612bcce-e351-40be-b3d7-2bb5e1c23479,b2c48217-e016-4c72-abb3-d447c90fafcc,1,0.333333,2015-06-28,2015-06-28,1.0,1.0,0.0,0
1c009a08-74d1-4682-bc56-8bfbe9e66b62,b2c48217-e016-4c72-abb3-d447c90fafcc,1,0.333333,2015-06-28,2015-06-28,1.0,0.25,0.0,1
0612bcce-e351-40be-b3d7-2bb5e1c23479,5c1fdfd8-20de-4eca-846e-478d9252c32d,1,0.022222,2015-08-08,2015-08-08,1.0,1.0,0.0,0
0612bcce-e351-40be-b3d7-2bb5e1c23479,811900b2-68fc-4d41-8bad-69b7a1f4d628,1,0.022222,2015-08-08,2015-08-08,1.0,0.125,0.0,1
0612bcce-e351-40be-b3d7-2bb5e1c23479,924572a3-8ea4-4d4a-8a79-af61884cc7fb,1,0.022222,2015-08-08,2015-08-08,1.0,1.0,0.0,0
0612bcce-e351-40be-b3d7-2bb5e1c23479,970eed52-c6a3-4616-9f07-e712772ab2f3,1,0.022222,2015-08-08,2015-08-08,1.0,1.0,0.0,0
0612bcce-e351-40be-b3d7-2bb5e1c23479,afdb7919-059d-43c1-b668-ba1d265e7e42,1,0.022222,2015-08-08,2015-08-08,1.0,0.111111,0.0,1
0612bcce-e351-40be-b3d7-2bb5e1c23479,d22f7657-5e76-4ea0-a2e9-49bdc56eeb43,1,0.022222,2015-08-08,2015-08-08,1.0,1.0,0.0,0
0612bcce-e351-40be-b3d7-2bb5e1c23479,d27d1b7a-4d2e-469d-954d-bdf938c294ad,1,0.022222,2015-08-08,2015-08-08,1.0,1.0,0.0,0
0612bcce-e351-40be-b3d7-2bb5e1c23479,e13a9aa0-c60c-45e8-9009-010a2752ea8e,1,0.022222,2015-08-08,2015-08-08,1.0,1.0,0.0,0
1c009a08-74d1-4682-bc56-8bfbe9e66b62,5c1fdfd8-20de-4eca-846e-478d9252c32d,1,0.022222,2015-08-08,2015-08-08,1.0,0.25,0.0,1
1c009a08-74d1-4682-bc56-8bfbe9e66b62,811900b2-68fc-4d41-8bad-69b7a1f4d628,1,0.022222,2015-08-08,2015-08-08,1.0,0.5,0.0,0
1c009a08-74d1-4682-bc56-8bfbe9e66b62,924572a3-8ea4-4d4a-8a79-af61884cc7fb,1,0.022222,2015-08-08,2015-08-08,1.0,0.25,0.0,1
1c009a08-74d1-4682-bc56-8bfbe9e66b62,970eed52-c6a3-4616-9f07-e712772ab2f3,1,0.022222,2015-08-08,2015-08-08,1.0,0.25,0.0,1
1c009a08-74d1-4682-bc56-8bfbe9e66b62,afdb7919-059d-43c1-b668-ba1d265e7e42,1,0.022222,2015-08-08,2015-08-08,1.0,0.444444,0.0,1
1c009a08-74d1-4682-bc56-8bfbe9e66b62,d22f7657-5e76-4ea0-a2e9-49bdc56eeb43,1,0.022222,2015-08-08,2015-08-08,1.0,0.25,0.0,1
1c009a08-74d1-4682-bc56-8bfbe9e66b62,d27d1b7a-4d2e-469d-954d-bdf938c294ad,1,0.022222,2015-08-08,2015-08-08,1.0,0.25,0.0,1
1c009a08-74d1-4682-bc56-8bfbe9e66b62,e13a9aa0-c60c-45e8-9009-010a2752ea8e,1,0.022222,2015-08-08,2015-08-08,1.0,0.25,0.0,1
5c1fdfd8-20de-4eca-846e-478d9252c32d,811900b2-68fc-4d41-8bad-69b7a1f4d628,1,0.022222,2015-08-08,2015-08-08,1.0,0.125,0.0,1
5c1fdfd8-20de-4eca-846e-478d9252c32d,924572a3-8ea4-4d4a-8a79-af61884cc7fb,1,0.022222,2015-08-08,2015-08-08,1.0,1.0,0.0,0
5c1fdfd8-20de-4eca-846e-478d9252c32d,970eed52-c6a3-4616-9f07-e712772ab2f3,1,0.022222,2015-08-08,2015-08-08,1.0,1.0,0.0,0
5c1fdfd8-20de-4eca-846e-478d9252c32d,afdb7919-059d-43c1-b668-ba1d265e7e42,1,0.022222,2015-08-08,2015-08-08,1.0,0.111111,0.0,1
5c1fdfd8-20de-4eca-846e-478d9252c32d,d22f7657-5e76-4ea0-a2e9-49bdc56eeb43,1,0.022222,2015-08-08,2015-08-08,1.0,1.0,0.0,0
5c1fdfd8-20de-4eca-846e-478d9252c32d,d27d1b7a-4d2e-469d-954d-bdf938c294ad,1,0.022222,2015-08-08,2015-08-08,1.0,1.0,0.0,0
5c1fdfd8-20de-4eca-846e-478d9252c32d,e13a9aa0-c60c-45e8-9009-010a2752ea8e,1,0.022222,2015-08-08,2015-08-08,1.0,1.0,0.0,0
811900b2-68fc-4d41-8bad-69b7a1f4d628,924572a3-8ea4-4d4a-8a79-af61884cc7fb,1,0.022222,2015-08-08,2015-08-08,1.0,0.125,0.0,1
811900b2-68fc-4d41-8bad-69b7a1f4d628,970eed52-c6a3-4616-9f07-e712772ab2f3,1,0.022222,2015-08-08,2015-08-08,1.0,0.125,0.0,1
811900b2-68fc-4d41-8bad-69b7a1f4d628,afdb7919-059d-43c1-b668-ba1d265e7e42,1,0.022222,2015-08-08,2015-08-08,1.0,0.7,0.0,0
811900b2-68fc-4d41-8bad-69b7a1f4d628,d22f7657-5e76-4ea0-a2e9-49bdc56eeb43,1,0.022222,2015-08-08,2015-08-08,1.0,0.125,0.0,1
811900b2-68fc-4d41-8bad-69b7a1f4d628,d27d1b7a-4d2e-469d-954d-bdf938c294ad,1,0.022222,2015-08-08,2015-08-08,1.0,0.125,0.0,1
811900b2-68fc-4d41-8bad-69b7a1f4d628,e13a9aa0-c60c-45e8-9009-010a2752ea8e,1,0.022222,2015-08-08,2015-08-08,1.0,0.125,0.0,1
924572a3-8ea4-4d4a-8a79-af61884cc7fb,970eed52-c6a3-4616-9f07-e712772ab2f3,1,0.022222,2015-08-08,2015-08-08,1.0,1.0,0.0,0
924572a3-8ea4-4d4a-8a79-af61884cc7fb,afdb7919-059d-43c1-b668-ba1d265e7e42,1,0.022222,2015-08-08,2015-08-08,1.0,0.111111,0.0,1
924572a3-8ea4-4d4a-8a79-af61884cc7fb,d22f7657-5e76-4ea0-a2e9-49bdc56eeb43,1,0.022222,2015-08-08,2015-08-08,1.0,1.0,0.0,0
924572a3-8ea4-4d4a-8a79-af61884cc7fb,d27d1b7a-4d2e-469d-954d-bdf938c294ad,1,0.022222,2015-08-08,2015-08-08,1.0,1.0,0.0,0
924572a3-8ea4-4d4a-8a79-af61884cc7fb,e13a9aa0-c60c-45e8-9009-010a2752ea8e,1,0.022222,2015-08-08,2015-08-08,1.0,1.0,0.0,0
970eed52-c6a3-4616-9f07-e712772ab2f3,afdb7919-059d-43c1-b668-ba1d265e7e42,1,0.022222,2015-08-08,2015-08-08,1.0,0.111111,0.0,1
970eed52-c6a3-4616-9f07-e712772ab2f3,d22f7657-5e76-4ea0-a2e9-49bdc56eeb43,1,0.022222,2015-08-08,2015-08-08,1.0,1.0,0.0,0
970eed52-c6a3-4616-9f07-e712772ab2f3,d27d1b7a-4d2e-469d-954d-bdf938c294ad,1,0.022222,2015-08-08,2015-08-08,1.0,1.0,0.0,0
970eed52-c6a3-4616-9f07-e712772ab2f3,e13a9aa0-c60c-45e8-9009-010a2752ea8e,1,0.022222,2015-08-08,2015-08-08,1.0,1.0,0.0,0
afdb7919-059d-43c1-b668-ba1d265e7e42,d22f7657-5e76-4ea0-a2e9-49bdc56eeb43,1,0.022222,2015-08-08,2015-08-08,1.0,0.111111,0.0,1
afdb7919-059d-43c1-b668-ba1d265e7e42,d27d1b7a-4d2e-469d-954d-bdf938c294ad,1,0.022222,2015-08-08,2015-08-08,1.0,0.111111,0.0,1
afdb7919-059d-43c1-b668-ba1d265e7e42,e13a9aa0-c60c-45e8-9009-010a2752ea8e,1,0.022222,2015-08-08,2015-08-08,1.0,0.111111,0.0,1
d22f7657-5e76-4ea0-a2e9-49bdc56eeb43,d27d1b7a-4d2e-469d-954d-bdf938c294ad,1,0.022222,2015-08-08,2015-08-08,1.0,1.0,0.0,0
d22f7657-5e76-4ea0-a2e9-49bdc56eeb43,e13a9aa0-c60c-45e8-9009-010a2752ea8e,1,0.022222,2015-08-08,2015-08-08,1.0,1.0,0.0,0
d27d1b7a-4d2e-469d-954d-bdf938c294ad,e13a9aa0-c60c-45e8-9009-010a2752ea8e,1,0.022222,2015-08-08,2015-08-08,1.0,1.0,0.0,0
469d6414-1f06-43de-80d5-17762d4a356a,c896c760-f766-46fe-8e10-d8d0ac93e02c,1,1.0,1963-01-01,1963-01-01,1.0,0.333333,1.0,0
1da369a4-7e66-4b30-8aa7-33426370347a,cc7d4686-ea02-45fd-956e-94c1a322558c,1,0.333333,1955-01-01,1955-01-01,1.0,0.142857,1.0,0
1da369a4-7e66-4b30-8aa7-33426370347a,e28d6352-c13e-407b-b72b-7f6cb1785c5f,1,0.333333,1955-01-01,1955-01-01,1.0,0.0,1.0,0
cc7d4686-ea02-45fd-956e-94c1a322558c,e28d6352-c13e-407b-b72b-7f6cb1785c5f,1,0.333333,1955-01-01,1955-01-01,1.0,0.142857,1.0,0
29eead4d-3793-4625-8727-c03edbb38b8b,31bea673-d23a-4889-8da1-7cb040863268,1,0.066667,1999-01-01,1999-01-01,1.0,0.166667,0.0,1
29eead4d-3793-4625-8727-c03edbb38b8b,785a76e3-02db-4a36-bc13-9369d53be151,1,0.066667,1999-01-01,1999-01-01,1.0,0.166667,0.0,1
29eead4d-3793-4625-8727-c03edbb38b8b,859d0860-d480-4efd-970c-c05d5f1776b8,5,0.6,1999-01-01,2001-01-01,1.0,0.25,0.0,1
29eead4d-3793-4625-8727-c03edbb38b8b,888f7e18-2a96-4f2e-8320-08ff4330b442,1,0.066667,1999-01-01,1999-01-01,1.0,0.166667,0.0,1
29eead4d-3793-4625-8727-c03edbb38b8b,b2f1149b-171a-4bc5-ac8f-3baf9a566abf,1,0.066667,1999-01-01,1999-01-01,1.0,0.166667,0.0,1
31bea673-d23a-4889-8da1-7cb040863268,785a76e3-02db-4a36-bc13-9369d53be151,1,0.066667,1999-01-01,1999-01-01,1.0,1.0,0.0,0
31bea673-d23a-4889-8da1-7cb040863268,888f7e18-2a96-4f2e-8320-08ff4330b442,1,0.066667,1999-01-01,1999-01-01,1.0,1.0,0.0,0
785a76e3-02db-4a36-bc13-9369d53be151,859d0860-d480-4efd-970c-c05d5f1776b8,1,0.066667,1999-01-01,1999-01-01,1.0,0.052632,0.0,1
785a76e3-02db-4a36-bc13-9369d53be151,888f7e18-2a96-4f2e-8320-08ff4330b442,1,0.066667,1999-01-01,1999-01-01,1.0,1.0,0.0,0
785a76e3-02db-4a36-bc13-9369d53be151,b2f1149b-171a-4bc5-ac8f-3baf9a566abf,1,0.066667,1999-01-01,1999-01-01,1.0,1.0,0.0,0
859d0860-d480-4efd-970c-c05d5f1776b8,888f7e18-2a96-4f2e-8320-08ff4330b442,1,0.066667,1999-01-01,1999-01-01,1.0,0.052632,0.0,1
888f7e18-2a96-4f2e-8320-08ff4330b442,b2f1149b-171a-4bc5-ac8f-3baf9a566abf,1,0.066667,1999-01-01,1999-01-01,1.0,1.0,0.0,0
29eead4d-3793-4625-8727-c03edbb38b8b,459d3e59-d857-4ce6-ba53-21ee6575665d,1,0.166667,1999-01-01,1999-01-01,1.0,0.0,0.0,1
29eead4d-3793-4625-8727-c03edbb38b8b,b6fdd3f0-6a85-4089-a6bf-c34939de0150,1,0.166667,1999-01-01,1999-01-01,1.0,0.0,0.0,1
459d3e59-d857-4ce6-ba53-21ee6575665d,859d0860-d480-4efd-970c-c05d5f1776b8,1,0.166667,1999-01-01,1999-01-01,1.0,0.052632,0.0,1
459d3e59-d857-4ce6-ba53-21ee6575665d,b6fdd3f0-6a85-4089-a6bf-c34939de0150,1,0.166667,1999-01-01,1999-01-01,1.0,1.0,0.0,0
859d0860-d480-4efd-970c-c05d5f1776b8,b6fdd3f0-6a85-4089-a6bf-c34939de0150,1,0.166667,1999-01-01,1999-01-01,1.0,0.052632,0.0,1
29eead4d-3793-4625-8727-c03edbb38b8b,817f3417-0669-47f2-81ff-399851fb66ee,1,0.1,2000-01-01,2000-01-01,1.0,0.166667,0.0,1
29eead4d-3793-4625-8727-c03edbb38b8b,d62a5d3c-aff0-49f6-8ec9-ae3ce61a358f,1,0.1,2000-01-01,2000-01-01,1.0,0.166667,0.0,1
29eead4d-3793-4625-8727-c03edbb38b8b,d863e16e-8811-4182-a168-4d85da239d79,1,0.1,2000-01-01,2000-01-01,0.793324,0.285714,0.0,1
817f3417-0669-47f2-81ff-399851fb66ee,859d0860-d480-4efd-970c-c05d5f1776b8,1,0.1,2000-01-01,2000-01-01,1.0,0.052632,0.0,1
817f3417-0669-47f2-81ff-399851fb66ee,d62a5d3c-aff0-49f6-8ec9-ae3ce61a358f,1,0.1,2000-01-01,2000-01-01,1.0,1.0,0.0,0
817f3417-0669-47f2-81ff-399851fb66ee,d863e16e-8811-4182-a168-4d85da239d79,1,0.1,2000-01-01,2000-01-01,1.0,0.333333,0.0,1
859d0860-d480-4efd-970c-c05d5f1776b8,d62a5d3c-aff0-49f6-8ec9-ae3ce61a358f,1,0.1,2000-01-01,2000-01-01,1.0,0.052632,0.0,1
859d0860-d480-4efd-970c-c05d5f1776b8,d863e16e-8811-4182-a168-4d85da239d79,1,0.1,2000-01-01,2000-01-01,0.0625,0.157895,0.0,1
d62a5d3c-aff0-49f6-8ec9-ae3ce61a358f,d863e16e-8811-4182-a168-4d85da239d79,1,0.1,2000-01-01,2000-01-01,1.0,0.333333,0.0,1
1fd47a70-f368-4138-9547-e94caaec89ff,29eead4d-3793-4625-8727-c03edbb38b8b,1,0.166667,2001-01-01,2001-01-01,1.0,0.166667,0.0,1
1fd47a70-f368-4138-9547-e94caaec89ff,859d0860-d480-4efd-970c-c05d5f1776b8,1,0.166667,2001-01-01,2001-01-01,1.0,0.052632,0.0,1
1fd47a70-f368-4138-9547-e94caaec89ff,8a78b436-b2c4-4391-bc48-8fc87232e5dc,1,0.166667,2001-01-01,2001-01-01,1.0,1.0,0.0,0
29eead4d-3793-4625-8727-c03edbb38b8b,8a78b436-b2c4-4391-bc48-8fc87232e5dc,1,0.166667,2001-01-01,2001-01-01,1.0,0.166667,0.0,1
859d0860-d480-4efd-970c-c05d5f1776b8,8a78b436-b2c4-4391-bc48-8fc87232e5dc,1,0.166667,2001-01-01,2001-01-01,1.0,0.052632,0.0,1
29eead4d-3793-4625-8727-c03edbb38b8b,b7f2cca2-72c6-41fb-ae33-53370fc62fe7,1,0.1,2001-01-01,2001-01-01,1.0,0.416667,0.0,1
29eead4d-3793-4625-8727-c03edbb38b8b,d8196d20-972d-4d20-a584-55d33895a9db,1,0.1,2001-01-01,2001-01-01,1.0,0.166667,0.0,1
29eead4d-3793-4625-8727-c03edbb38b8b,fe06a5aa-2be7-468d-823e-94b8de490980,1,0.1,2001-01-01,2001-01-01,1.0,0.166667,0.0,1
859d0860-d480-4efd-970c-c05d5f1776b8,b7f2cca2-72c6-41fb-ae33-53370fc62fe7,1,0.1,2001-01-01,2001-01-01,1.0,0.5,0.125,0
859d0860-d480-4efd-970c-c05d5f1776b8,d8196d20-972d-4d20-a584-55d33895a9db,1,0.1,2001-01-01,2001-01-01,1.0,0.052632,0.0,1
859d0860-d480-4efd-970c-c05d5f1776b8,fe06a5aa-2be7-468d-823e-94b8de490980,1,0.1,2001-01-01,2001-01-01,1.0,0.052632,0.0,1
b7f2cca2-72c6-41fb-ae33-53370fc62fe7,d8196d20-972d-4d20-a584-55d33895a9db,1,0.1,2001-01-01,2001-01-01,1.0,0.090909,0.0,1
b7f2cca2-72c6-41fb-ae33-53370fc62fe7,fe06a5aa-2be7-468d-823e-94b8de490980,1,0.1,2001-01-01,2001-01-01,1.0,0.090909,0.0,1
d8196d20-972d-4d20-a584-55d33895a9db,fe06a5aa-2be7-468d-823e-94b8de490980,1,0.1,2001-01-01,2001-01-01,1.0,1.0,0.0,0
29b550f2-04a3-4733-b6f5-4e347fac7e11,5aaf332c-1a4d-4c03-a585-aeafa2f663b8,1,1.0,1968-01-01,1968-01-01,1.0,0.0,0.0,1
37c16e49-0d6f-4fdd-bdd6-63e99607a831,3a5d1cc7-627e-48ea-aba3-fdd20d782c33,1,0.166667,1924-11-01,1924-11-01,1.0,0.125,0.0,1
37c16e49-0d6f-4fdd-bdd6-63e99607a831,65744963-191a-44ef-a3c7-b693a808a158,1,0.166667,1924-11-01,1924-11-01,1.0,0.0,0.0,1
37c16e49-0d6f-4fdd-bdd6-63e99607a831,ab00597c-43f1-41c4-98ee-6934dcd4179c,1,0.166667,1924-11-01,1924-11-01,1.0,1.0,0.0,0
3a5d1cc7-627e-48ea-aba3-fdd20d782c33,65744963-191a-44ef-a3c7-b693a808a158,1,0.166667,1924-11-01,1924-11-01,1.0,0.125,0.0,1
3a5d1cc7-627e-48ea-aba3-fdd20d782c33,ab00597c-43f1-41c4-98ee-6934dcd4179c,1,0.166667,1924-11-01,1924-11-01,1.0,0.125,0.0,1
65744963-191a-44ef-a3c7-b693a808a158,ab00597c-43f1-41c4-98ee-6934dcd4179c,1,0.166667,1924-11-01,1924-11-01,1.0,0.0,0.0,1
39787cc4-b614-485b-86f2-91c99ddf2f93,3e8f2f3e-25d9-425e-9bd7-ee0b47bb1785,4,4.0,1973-08-13,1977-10-17,1.0,1.0,0.5,0
15a5032b-70f2-4c00-bab9-5072b6fbba02,c2566277-e680-41bf-8e9d-6936d1fa4b0e,1,0.333333,1974-04-15,1974-04-15,1.0,1.0,1.0,0
39787cc4-b614-485b-86f2-91c99ddf2f93,c2566277-e680-41bf-8e9d-6936d1fa4b0e,2,1.333333,1974-04-15,1975-03-24,1.0,0.333333,0.5,0
1ecff755-607d-4130-9a8a-8873f27e5de5,d43d12a1-2dc9-4257-a2fd-0a3bb1081b86,1,0.333333,1970-01-01,1970-01-01,1.0,0.1,0.0,1
d43d12a1-2dc9-4257-a2fd-0a3bb1081b86,e9b419b5-ab8f-425c-8214-a7259e6efe10,1,0.333333,1970-01-01,1970-01-01,1.0,0.1,0.0,1
d43d12a1-2dc9-4257-a2fd-0a3bb1081b86,e2345fdf-2be7-47c5-a6dd-be64353ad134,1,1.0,1970-01-01,1970-01-01,1.0,0.2,0.0,1
149f91ef-1287-46da-9a8e-87fee02f1471,3a9d80e7-564a-418f-91d4-0cb7fee9965e,1,0.166667,2002-01-01,2002-01-01,1.0,0.076923,0.0,1
149f91ef-1287-46da-9a8e-87fee02f1471,811900b2-68fc-4d41-8bad-69b7a1f4d628,1,0.166667,2002-01-01,2002-01-01,0.043196,0.615385,0.0,0
3a9d80e7-564a-418f-91d4-0cb7fee9965e,7c33a306-87ad-4cb6-9f69-bfdb8586b302,1,0.166667,2002-01-01,2002-01-01,1.0,0.0,0.0,1
3a9d80e7-564a-418f-91d4-0cb7fee9965e,811900b2-68fc-4d41-8bad-69b7a1f4d628,1,0.166667,2002-01-01,2002-01-01,1.0,0.125,0.0,1
7c33a306-87ad-4cb6-9f69-bfdb8586b302,811900b2-68fc-4d41-8bad-69b7a1f4d628,1,0.166667,2002-01-01,2002-01-01,0.043196,0.25,0.0,1
08e031e0-e576-4c80-94bf-d9c3c428c075,3778a413-6202-44c4-a11c-aaeb78feb7de,1,0.1,2002-01-01,2002-01-01,1.0,0.0,0.0,1
08e031e0-e576-4c80-94bf-d9c3c428c075,583b4673-f3bc-4f6f-ae7e-1478e919298c,1,0.1,2002-01-01,2002-01-01,1.0,1.0,0.0,0
08e031e0-e576-4c80-94bf-d9c3c428c075,811900b2-68fc-4d41-8bad-69b7a1f4d628,1,0.1,2002-01-01,2002-01-01,1.0,0.125,0.0,1
08e031e0-e576-4c80-94bf-d9c3c428c075,9c952245-bb78-450c-83ee-69785949466e,1,0.1,2002-01-01,2002-01-01,1.0,0.5,0.0,0
3778a413-6202-44c4-a11c-aaeb78feb7de,583b4673-f3bc-4f6f-ae7e-1478e919298c,1,0.1,2002-01-01,2002-01-01,1.0,0.0,0.0,1
3778a413-6202-44c4-a11c-aaeb78feb7de,811900b2-68fc-4d41-8bad-69b7a1f4d628,1,0.1,2002-01-01,2002-01-01,1.0,0.125,0.0,1
3778a413-6202-44c4-a11c-aaeb78feb7de,9c952245-bb78-450c-83ee-69785949466e,1,0.1,2002-01-01,2002-01-01,1.0,0.5,0.0,0
583b4673-f3bc-4f6f-ae7e-1478e919298c,811900b2-68fc-4d41-8bad-69b7a1f4d628,1,0.1,2002-01-01,2002-01-01,1.0,0.125,0.0,1
583b4673-f3bc-4f6f-ae7e-1478e919298c,9c952245-bb78-450c-83ee-69785949466e,1,0.1,2002-01-01,2002-01-01,1.0,0.5,0.0,0
811900b2-68fc-4d41-8bad-69b7a1f4d628,9c952245-bb78-450c-83ee-69785949466e,2,0.147619,2002-01-01,2004-01-01,1.0,0.25,0.0,1
811900b2-68fc-4d41-8bad-69b7a1f4d628,a0b8cb9e-7532-45fe-a74c-30e7c4009a39,1,0.333333,2003-01-01,2003-01-01,1.0,0.25,0.0,1
811900b2-68fc-4d41-8bad-69b7a1f4d628,daa09819-5da5-4c7a-8bef-eb372bb27ff1,1,0.333333,2003-01-01,2003-01-01,0.054415,0.666667,0.0,0
5f857e5c-5620-4110-a9fb-ca797148287f,68eabc1f-f304-46cb-8015-6f9cb7af33c6,1,0.047619,2004-01-01,2004-01-01,1.0,1.0,0.0,0
5f857e5c-5620-4110-a9fb-ca797148287f,7cbdfc61-30a9-4f17-b2fc-dcae3757adba,1,0.047619,2004-01-01,2004-01-01,1.0,1.0,0.0,0
5f857e5c-5620-4110-a9fb-ca797148287f,811900b2-68fc-4d41-8bad-69b7a1f4d628,1,0.047619,2004-01-01,2004-01-01,1.0,0.25,0.0,1
5f857e5c-5620-4110-a9fb-ca797148287f,8dcc01a3-e6b7-4398-83cd-b7993d9f355c,1,0.047619,2004-01-01,2004-01-01,1.0,1.0,0.0,0
5f857e5c-5620-4110-a9fb-ca797148287f,9c952245-bb78-450c-83ee-69785949466e,1,0.047619,2004-01-01,2004-01-01,1.0,1.0,0.0,0
5f857e5c-5620-4110-a9fb-ca797148287f,bccbc99f-fcd9-4ed4-b8ab-b327f6b5f708,1,0.047619,2004-01-01,2004-01-01,1.0,1.0,0.0,0
68eabc1f-f304-46cb-8015-6f9cb7af33c6,7cbdfc61-30a9-4f17-b2fc-dcae3757adba,1,0.047619,2004-01-01,2004-01-01,1.0,1.0,0.0,0
68eabc1f-f304-46cb-8015-6f9cb7af33c6,811900b2-68fc-4d41-8bad-69b7a1f4d628,1,0.047619,2004-01-01,2004-01-01,1.0,0.25,0.0,1
68eabc1f-f304-46cb-8015-6f9cb7af33c6,8dcc01a3-e6b7-4398-83cd-b7993d9f355c,1,0.047619,2004-01-01,2004-01-01,1.0,1.0,0.0,0
68eabc1f-f304-46cb-8015-6f9cb7af33c6,9c952245-bb78-450c-83ee-69785949466e,1,0.047619,2004-01-01,2004-01-01,1.0,1.0,0.0,0
68eabc1f-f304-46cb-8015-6f9cb7af33c6,bccbc99f-fcd9-4ed4-b8ab-b327f6b5f708,1,0.047619,2004-01-01,2004-01-01,1.0,1.0,0.0,0
7cbdfc61-30a9-4f17-b2fc-dcae3757adba,811900b2-68fc-4d41-8bad-69b7a1f4d628,1,0.047619,2004-01-01,2004-01-01,1.0,0.25,0.0,1
7cbdfc61-30a9-4f17-b2fc-dcae3757adba,8dcc01a3-e6b7-4398-83cd-b7993d9f355c,1,0.047619,2004-01-01,2004-01-01,1.0,1.0,0.0,0
7cbdfc61-30a9-4f17-b2fc-dcae3757adba,9c952245-bb78-450c-83ee-69785949466e,1,0.047619,2004-01-01,2004-01-01,1.0,1.0,0.0,0
7cbdfc61-30a9-4f17-b2fc-dcae3757adba,bccbc99f-fcd9-4ed4-b8ab-b327f6b5f708,1,0.047619,2004-01-01,2004-01-01,1.0,1.0,0.0,0
811900b2-68fc-4d41-8bad-69b7a1f4d628,8dcc01a3-e6b7-4398-83cd-b7993d9f355c,1,0.047619,2004-01-01,2004-01-01,1.0,0.25,0.0,1
811900b2-68fc-4d41-8bad-69b7a1f4d628,bccbc99f-fcd9-4ed4-b8ab-b327f6b5f708,1,0.047619,2004-01-01,2004-01-01,1.0,0.25,0.0,1
8dcc01a3-e6b7-4398-83cd-b7993d9f355c,9c952245-bb78-450c-83ee-69785949466e,1,0.047619,2004-01-01,2004-01-01,1.0,1.0,0.0,0
8dcc01a3-e6b7-4398-83cd-b7993d9f355c,bccbc99f-fcd9-4ed4-b8ab-b327f6b5f708,1,0.047619,2004-01-01,2004-01-01,1.0,1.0,0.0,0
9c952245-bb78-450c-83ee-69785949466e,bccbc99f-fcd9-4ed4-b8ab-b327f6b5f708,1,0.047619,2004-01-01,2004-01-01,1.0,1.0,0.0,0
068538c3-e73e-44b3-a3c0-990dd5f029dc,900f8151-f582-4d6e-bd4e-8f02b838239e,1,0.166667,1957-01-01,1957-01-01,1.0,1.0,1.0,0
068538c3-e73e-44b3-a3c0-990dd5f029dc,a96ac800-bfcb-412a-8a63-0a98df600700,1,0.166667,1957-01-01,1957-01-01,1.0,0.5,1.0,0
068538c3-e73e-44b3-a3c0-990dd5f029dc,d352f5dd-3023-4565-a7bb-52396bf8821d,1,0.166667,1957-01-01,1957-01-01,1.0,1.0,1.0,0
900f8151-f582-4d6e-bd4e-8f02b838239e,a96ac800-bfcb-412a-8a63-0a98df600700,1,0.166667,1957-01-01,1957-01-01,1.0,0.5,1.0,0
900f8151-f582-4d6e-bd4e-8f02b838239e,d352f5dd-3023-4565-a7bb-52396bf8821d,1,0.166667,1957-01-01,1957-01-01,1.0,1.0,1.0,0
a96ac800-bfcb-412a-8a63-0a98df600700,d352f5dd-3023-4565-a7bb-52396bf8821d,1,0.166667,1957-01-01,1957-01-01,1.0,0.5,1.0,0
3241363a-f7c0-4d3d-b154-d0b7132067b4,412faa8b-0bf2-490a-aaea-45185504f2b2,1,1.0,1973-01-01,1973-01-01,1.0,0.0,1.0,0
1ec32b96-b712-416f-8aaf-0c4db6588c94,42a8b26e-0ae0-4c28-8db5-b54deb80a23a,1,0.333333,2003-07-28,2003-07-28,1.0,1.0,0.0,0
1ec32b96-b712-416f-8aaf-0c4db6588c94,4f9675d2-f6d5-486c-9b26-33dcca998500,1,0.333333,2003-07-28,2003-07-28,1.0,0.25,0.0,1
42a8b26e-0ae0-4c28-8db5-b54deb80a23a,4f9675d2-f6d5-486c-9b26-33dcca998500,1,0.333333,2003-07-28,2003-07-28,1.0,0.25,0.0,1
4f9675d2-f6d5-486c-9b26-33dcca998500,7bd57a77-61ae-49e9-8f12-4ad5eb42ff84,1,1.0,2003-12-29,2003-12-29,1.0,0.25,0.0,1
1ac10f5e-2079-4435-b78f-dda6ecdeba15,efc381ba-ea68-49ca-af91-bebdd40fe1d8,1,1.0,1973-10-01,1973-10-01,1.0,0.166667,0.0,1
0ef3f425-9bd2-4216-9dd2-219d2fe90f1f,2c90905f-6c6c-40fb-8bbe-8495cb4e699c,1,0.1,1965-01-01,1965-01-01,1.0,0.066667,0.0,1
0ef3f425-9bd2-4216-9dd2-219d2fe90f1f,404c5c4c-7d08-44e4-9721-68a824edc144,1,0.1,1965-01-01,1965-01-01,1.0,0.066667,0.0,1
0ef3f425-9bd2-4216-9dd2-219d2fe90f1f,9c102db7-a04d-4530-a83c-4cd169b99f68,1,0.1,1965-01-01,1965-01-01,1.0,0.066667,0.0,1
0ef3f425-9bd2-4216-9dd2-219d2fe90f1f,f4415bee-fb5c-4a7e-acaf-09041992aa35,1,0.1,1965-01-01,1965-01-01,1.0,0.066667,0.0,1
2c90905f-6c6c-40fb-8bbe-8495cb4e699c,404c5c4c-7d08-44e4-9721-68a824edc144,1,0.1,1965-01-01,1965-01-01,1.0,1.0,0.0,0
2c90905f-6c6c-40fb-8bbe-8495cb4e699c,9c102db7-a04d-4530-a83c-4cd169b99f68,1,0.1,1965-01-01,1965-01-01,1.0,1.0,0.0,0
2c90905f-6c6c-40fb-8bbe-8495cb4e699c,f4415bee-fb5c-4a7e-acaf-09041992aa35,1,0.1,1965-01-01,1965-01-01,1.0,1.0,0.0,0
404c5c4c-7d08-44e4-9721-68a824edc144,9c102db7-a04d-4530-a83c-4cd169b99f68,1,0.1,1965-01-01,1965-01-01,1.0,1.0,0.0,0
404c5c4c-7d08-44e4-9721-68a824edc144,f4415bee-fb5c-4a7e-acaf-09041992aa35,1,0.1,1965-01-01,1965-01-01,1.0,1.0,0.0,0
9c102db7-a04d-4530-a83c-4cd169b99f68,f4415bee-fb5c-4a7e-acaf-09041992aa35,1,0.1,1965-01-01,1965-01-01,1.0,1.0,0.0,0
6e019bc6-5c23-4935-94f0-4a896631d846,c47026a1-3300-4cf7-80df-8b9462a884e4,1,0.333333,1967-01-01,1967-01-01,1.0,0.0,0.666667,0
6e019bc6-5c23-4935-94f0-4a896631d846,d378dedb-444f-48f5-a6e6-3e8e31ef6c14,1,0.333333,1967-01-01,1967-01-01,1.0,0.0,0.666667,0
13b14a2e-470c-434c-8f89-c8763f849e2c,4bb4e4e4-5f66-4509-98af-62dbb90c45c5,1,0.166667,1980-01-01,1980-01-01,1.0,0.2,0.0,1
13b14a2e-470c-434c-8f89-c8763f849e2c,9f0d5967-5b88-44d6-9fa1-7d4bb8b61ed0,1,0.166667,1980-01-01,1980-01-01,1.0,1.0,0.0,0
13b14a2e-470c-434c-8f89-c8763f849e2c,e6fbb8f7-9545-4f3f-b835-2fed39022f89,1,0.166667,1980-01-01,1980-01-01,1.0,1.0,0.0,0
4bb4e4e4-5f66-4509-98af-62dbb90c45c5,9f0d5967-5b88-44d6-9fa1-7d4bb8b61ed0,1,0.166667,1980-01-01,1980-01-01,1.0,0.2,0.0,1
4bb4e4e4-5f66-4509-98af-62dbb90c45c5,e6fbb8f7-9545-4f3f-b835-2fed39022f89,1,0.166667,1980-01-01,1980-01-01,1.0,0.2,0.0,1
9f0d5967-5b88-44d6-9fa1-7d4bb8b61ed0,e6fbb8f7-9545-4f3f-b835-2fed39022f89,1,0.166667,1980-01-01,1980-01-01,1.0,1.0,0.0,0
bbc5b66b-d037-4f26-aecf-0b129e7f876a,e7f29e49-6078-4528-a5dc-5d0eeb8a1437,1,1.0,1995-04-04,1995-04-04,1.0,0.2,0.0,1
0b0bd0c0-3723-4715-87d7-9d57f0eb240f,3efc71ea-3594-4510-b2d5-34c14c8687d4,1,0.027778,1995-10-28,1995-10-28,1.0,1.0,0.0,0
0b0bd0c0-3723-4715-87d7-9d57f0eb240f,46a16e88-4537-4b29-a06b-4a5dfe90a6cd,1,0.027778,1995-10-28,1995-10-28,1.0,1.0,0.0,0
0b0bd0c0-3723-4715-87d7-9d57f0eb240f,760e4df4-e851-46c8-b34d-afa2e9706831,1,0.027778,1995-10-28,1995-10-28,1.0,1.0,0.0,0
0b0bd0c0-3723-4715-87d7-9d57f0eb240f,9f6c4f5a-278a-4c46-aaed-bf5410f013c5,1,0.027778,1995-10-28,1995-10-28,1.0,1.0,0.0,0
0b0bd0c0-3723-4715-87d7-9d57f0eb240f,a8449e6e-834b-4e2a-8497-0182a6e2aade,1,0.027778,1995-10-28,1995-10-28,1.0,1.0,0.0,0
0b0bd0c0-3723-4715-87d7-9d57f0eb240f,b81c06a5-341f-4d04-a72e-7738030f792b,1,0.027778,1995-10-28,1995-10-28,1.0,1.0,0.0,0
0b0bd0c0-3723-4715-87d7-9d57f0eb240f,bbc5b66b-d037-4f26-aecf-0b129e7f876a,1,0.027778,1995-10-28,1995-10-28,1.0,0.25,0.0,1
0b0bd0c0-3723-4715-87d7-9d57f0eb240f,c1a18927-020f-4241-a08c-53d2630473b8,1,0.027778,1995-10-28,1995-10-28,1.0,0.5,0.0,0
3efc71ea-3594-4510-b2d5-34c14c8687d4,46a16e88-4537-4b29-a06b-4a5dfe90a6cd,1,0.027778,1995-10-28,1995-10-28,1.0,1.0,0.0,0
3efc71ea-3594-4510-b2d5-34c14c8687d4,760e4df4-e851-46c8-b34d-afa2e9706831,1,0.027778,1995-10-28,1995-10-28,1.0,1.0,0.0,0
3efc71ea-3594-4510-b2d5-34c14c8687d4,9f6c4f5a-278a-4c46-aaed-bf5410f013c5,1,0.027778,1995-10-28,1995-10-28,1.0,1.0,0.0,0
3efc71ea-3594-4510-b2d5-34c14c8687d4,a8449e6e-834b-4e2a-8497-0182a6e2aade,1,0.027778,1995-10-28,1995-10-28,1.0,1.0,0.0,0
3efc71ea-3594-4510-b2d5-34c14c8687d4,b81c06a5-341f-4d04-a72e-7738030f792b,1,0.027778,1995-10-28,1995-10-28,1.0,1.0,0.0,0
3efc71ea-3594-4510-b2d5-34c14c8687d4,bbc5b66b-d037-4f26-aecf-0b129e7f876a,1,0.027778,1995-10-28,1995-10-28,1.0,0.25,0.0,1
3efc71ea-3594-4510-b2d5-34c14c8687d4,c1a18927-020f-4241-a08c-53d2630473b8,3,0.527778,1995-10-28,1996-01-01,1.0,0.5,0.0,0
46a16e88-4537-4b29-a06b-4a5dfe90a6cd,760e4df4-e851-46c8-b34d-afa2e9706831,1,0.027778,1995-10-28,1995-10-28,1.0,1.0,0.0,0
46a16e88-4537-4b29-a06b-4a5dfe90a6cd,9f6c4f5a-278a-4c46-aaed-bf5410f013c5,1,0.027778,1995-10-28,1995-10-28,1.0,1.0,0.0,0
46a16e88-4537-4b29-a06b-4a5dfe90a6cd,a8449e6e-834b-4e2a-8497-0182a6e2aade,1,0.027778,1995-10-28,1995-10-28,1.0,1.0,0.0,0
46a16e88-4537-4b29-a06b-4a5dfe90a6cd,b81c06a5-341f-4d04-a72e-7738030f792b,1,0.027778,1995-10-28,1995-10-28,1.0,1.0,0.0,0
46a16e88-4537-4b29-a06b-4a5dfe90a6cd,bbc5b66b-d037-4f26-aecf-0b129e7f876a,1,0.027778,1995-10-28,1995-10-28,1.0,0.25,0.0,1
46a16e88-4537-4b29-a06b-4a5dfe90a6cd,c1a18927-020f-4241-a08c-53d2630473b8,1,0.027778,1995-10-28,1995-10-28,1.0,0.5,0.0,0
760e4df4-e851-46c8-b34d-afa2e9706831,9f6c4f5a-278a-4c46-aaed-bf5410f013c5,1,0.027778,1995-10-28,1995-10-28,1.0,1.0,0.0,0
760e4df4-e851-46c8-b34d-afa2e9706831,a8449e6e-834b-4e2a-8497-0182a6e2aade,1,0.027778,1995-10-28,1995-10-28,1.0,1.0,0.0,0
760e4df4-e851-46c8-b34d-afa2e9706831,b81c06a5-341f-4d04-a72e-7738030f792b,1,0.027778,1995-10-28,1995-10-28,1.0,1.0,0.0,0
760e4df4-e851-46c8-b34d-afa2e9706831,bbc5b66b-d037-4f26-aecf-0b129e7f876a,1,0.027778,1995-10-28,1995-10-28,1.0,0.25,0.0,1
760e4df4-e851-46c8-b34d-afa2e9706831,c1a18927-020f-4241-a08c-53d2630473b8,1,0.027778,1995-10-28,1995-10-28,1.0,0.5,0.0,0
9f6c4f5a-278a-4c46-aaed-bf5410f013c5,a8449e6e-834b-4e2a-8497-0182a6e2aade,1,0.027778,1995-10-28,1995-10-28,1.0,1.0,0.0,0
9f6c4f5a-278a-4c46-aaed-bf5410f013c5,b81c06a5-341f-4d04-a72e-7738030f792b,1,0.027778,1995-10-28,1995-10-28,1.0,1.0,0.0,0
9f6c4f5a-278a-4c46-aaed-bf5410f013c5,bbc5b66b-d037-4f26-aecf-0b129e7f876a,1,0.027778,1995-10-28,1995-10-28,1.0,0.25,0.0,1
9f6c4f5a-278a-4c46-aaed-bf5410f013c5,c1a18927-020f-4241-a08c-53d2630473b8,1,0.027778,1995-10-28,1995-10-28,1.0,0.5,0.0,0
a8449e6e-834b-4e2a-8497-0182a6e2aade,b81c06a5-341f-4d04-a72e-7738030f792b,1,0.027778,1995-10-28,1995-10-28,1.0,1.0,0.0,0
a8449e6e-834b-4e2a-8497-0182a6e2aade,bbc5b66b-d037-4f26-aecf-0b129e7f876a,1,0.027778,1995-10-28,1995-10-28,1.0,0.25,0.0,1
a8449e6e-834b-4e2a-8497-0182a6e2aade,c1a18927-020f-4241-a08c-53d2630473b8,1,0.027778,1995-10-28,1995-10-28,1.0,0.5,0.0,0
b81c06a5-341f-4d04-a72e-7738030f792b,bbc5b66b-d037-4f26-aecf-0b129e7f876a,1,0.027778,1995-10-28,1995-10-28,1.0,0.25,0.0,1
b81c06a5-341f-4d04-a72e-7738030f792b,c1a18927-020f-4241-a08c-53d2630473b8,1,0.027778,1995-10-28,1995-10-28,1.0,0.5,0.0,0
bbc5b66b-d037-4f26-aecf-0b129e7f876a,c1a18927-020f-4241-a08c-53d2630473b8,1,0.027778,1995-10-28,1995-10-28,1.0,0.5,0.0,0
6f6fd596-76e0-4b82-aa37-f558ac2d337b,ede97bcb-181b-4a3a-a939-b2c544193b5f,1,1.0,1977-01-01,1977-01-01,1.0,0.222222,0.0,1
854a1807-025b-42a8-ba8c-2a39717f1d25,e08ac443-f1d2-4666-abd1-fa5859592981,1,1.0,1985-01-01,1985-01-01,0.793826,0.0,0.125,1
6d24f102-5c43-453a-8664-4ee092f441cf,854a1807-025b-42a8-ba8c-2a39717f1d25,1,1.0,1986-01-01,1986-01-01,1.0,0.142857,0.8,0
0432c3b1-995d-42fc-82e8-ab1257217c27,f687f9e5-92ce-4fc8-a2b7-454c3dfffc32,3,1.266667,2023-04-21,2024-08-21,1.0,1.0,1.0,0
0432c3b1-995d-42fc-82e8-ab1257217c27,3ce513c5-bdd4-492c-a875-07e0f3e1993b,1,0.166667,2023-07-28,2023-07-28,1.0,0.5,0.0,0
0432c3b1-995d-42fc-82e8-ab1257217c27,ce0724ab-2d63-415b-bbb1-839f97bb771a,1,0.166667,2023-07-28,2023-07-28,1.0,0.5,0.0,0
3ce513c5-bdd4-492c-a875-07e0f3e1993b,ce0724ab-2d63-415b-bbb1-839f97bb771a,1,0.166667,2023-07-28,2023-07-28,1.0,1.0,0.0,0
3ce513c5-bdd4-492c-a875-07e0f3e1993b,f687f9e5-92ce-4fc8-a2b7-454c3dfffc32,1,0.166667,2023-07-28,2023-07-28,1.0,0.5,0.0,0
ce0724ab-2d63-415b-bbb1-839f97bb771a,f687f9e5-92ce-4fc8-a2b7-454c3dfffc32,1,0.166667,2023-07-28,2023-07-28,1.0,0.5,0.0,0
0eb93ee5-2e6a-4ab4-a988-99c9139a664a,260b6184-8828-48eb-945c-bc4cb6fc34ca,1,0.333333,2024-06-07,2024-06-07,1.0,0.181818,0.5,0
0eb93ee5-2e6a-4ab4-a988-99c9139a664a,b12ef43e-72ad-43d0-b216-a8cd32f78852,1,0.333333,2024-06-07,2024-06-07,1.0,1.0,1.0,0
0432c3b1-995d-42fc-82e8-ab1257217c27,9ed34f6b-8429-4e14-913c-bdf3c932fe87,1,0.1,2024-08-21,2024-08-21,1.0,0.5,1.0,0
0432c3b1-995d-42fc-82e8-ab1257217c27,ca8f5844-3ab9-4071-bdc3-376ca2f44a65,1,0.1,2024-08-21,2024-08-21,1.0,0.5,1.0,0
0432c3b1-995d-42fc-82e8-ab1257217c27,d160804b-0cfa-42b3-9089-f11e876930bb,1,0.1,2024-08-21,2024-08-21,1.0,0.5,1.0,0
9ed34f6b-8429-4e14-913c-bdf3c932fe87,ca8f5844-3ab9-4071-bdc3-376ca2f44a65,1,0.1,2024-08-21,2024-08-21,1.0,1.0,1.0,0
9ed34f6b-8429-4e14-913c-bdf3c932fe87,d160804b-0cfa-42b3-9089-f11e876930bb,1,0.1,2024-08-21,2024-08-21,1.0,1.0,1.0,0
9ed34f6b-8429-4e14-913c-bdf3c932fe87,f687f9e5-92ce-4fc8-a2b7-454c3dfffc32,1,0.1,2024-08-21,2024-08-21,1.0,0.5,1.0,0
ca8f5844-3ab9-4071-bdc3-376ca2f44a65,d160804b-0cfa-42b3-9089-f11e876930bb,1,0.1,2024-08-21,2024-08-21,1.0,1.0,1.0,0
ca8f5844-3ab9-4071-bdc3-376ca2f44a65,f687f9e5-92ce-4fc8-a2b7-454c3dfffc32,1,0.1,2024-08-21,2024-08-21,1.0,0.5,1.0,0
d160804b-0cfa-42b3-9089-f11e876930bb,f687f9e5-92ce-4fc8-a2b7-454c3dfffc32,1,0.1,2024-08-21,2024-08-21,1.0,0.5,1.0,0
13dec3df-6b0b-4ccc-bd5d-53f7e4dd990f,409538d4-488b-43fe-a4a3-49a3a80cc78f,1,0.333333,2016-01-01,2016-01-01,1.0,1.0,0.0,0
13dec3df-6b0b-4ccc-bd5d-53f7e4dd990f,70c60e51-a155-4dc1-bd99-ed11df29a6f1,1,0.333333,2016-01-01,2016-01-01,1.0,1.0,0.0,0
409538d4-488b-43fe-a4a3-49a3a80cc78f,70c60e51-a155-4dc1-bd99-ed11df29a6f1,1,0.333333,2016-01-01,2016-01-01,1.0,1.0,0.0,0
1d673024-a339-4b97-9f41-52cdc47498c6,2d4982a6-b093-41aa-8773-619220ea2812,1,0.047619,2016-05-10,2016-05-10,0.933372,1.0,0.0,0
1d673024-a339-4b97-9f41-52cdc47498c6,332a08b3-c1a3-49cf-8b96-e373a914590e,1,0.047619,2016-05-10,2016-05-10,1.0,1.0,0.0,0
1d673024-a339-4b97-9f41-52cdc47498c6,5ed4c688-cab3-4e54-83ba-6e4a73ed7522,1,0.047619,2016-05-10,2016-05-10,1.0,1.0,0.0,0
1d673024-a339-4b97-9f41-52cdc47498c6,9bd7b6a6-d0b6-47f5-a62b-04dade95f5d1,1,0.047619,2016-05-10,2016-05-10,1.0,0.0,0.0,1
1d673024-a339-4b97-9f41-52cdc47498c6,b0740928-e5bb-42d8-9c0d-0f0ed32867bf,1,0.047619,2016-05-10,2016-05-10,1.0,0.0,0.0,1
1d673024-a339-4b97-9f41-52cdc47498c6,c24d48ad-6cf5-4391-aad4-5ed02ba1580e,1,0.047619,2016-05-10,2016-05-10,1.0,0.0,0.0,1
2d4982a6-b093-41aa-8773-619220ea2812,332a08b3-c1a3-49cf-8b96-e373a914590e,1,0.047619,2016-05-10,2016-05-10,1.0,1.0,0.0,0
2d4982a6-b093-41aa-8773-619220ea2812,5ed4c688-cab3-4e54-83ba-6e4a73ed7522,1,0.047619,2016-05-10,2016-05-10,1.0,1.0,0.0,0
2d4982a6-b093-41aa-8773-619220ea2812,9bd7b6a6-d0b6-47f5-a62b-04dade95f5d1,1,0.047619,2016-05-10,2016-05-10,1.0,0.0,0.0,1
2d4982a6-b093-41aa-8773-619220ea2812,b0740928-e5bb-42d8-9c0d-0f0ed32867bf,1,0.047619,2016-05-10,2016-05-10,1.0,0.0,0.0,1
2d4982a6-b093-41aa-8773-619220ea2812,c24d48ad-6cf5-4391-aad4-5ed02ba1580e,1,0.047619,2016-05-10,2016-05-10,1.0,0.0,0.0,1
332a08b3-c1a3-49cf-8b96-e373a914590e,5ed4c688-cab3-4e54-83ba-6e4a73ed7522,1,0.047619,2016-05-10,2016-05-10,1.0,1.0,0.0,0
332a08b3-c1a3-49cf-8b96-e373a914590e,9bd7b6a6-d0b6-47f5-a62b-04dade95f5d1,1,0.047619,2016-05-10,2016-05-10,1.0,0.0,0.0,1
332a08b3-c1a3-49cf-8b96-e373a914590e,b0740928-e5bb-42d8-9c0d-0f0ed32867bf,1,0.047619,2016-05-10,2016-05-10,1.0,0.0,0.0,1
332a08b3-c1a3-49cf-8b96-e373a914590e,c24d48ad-6cf5-4391-aad4-5ed02ba1580e,1,0.047619,2016-05-10,2016-05-10,1.0,0.0,0.0,1
5ed4c688-cab3-4e54-83ba-6e4a73ed7522,9bd7b6a6-d0b6-47f5-a62b-04dade95f5d1,1,0.047619,2016-05-10,2016-05-10,1.0,0.0,0.0,1
5ed4c688-cab3-4e54-83ba-6e4a73ed7522,b0740928-e5bb-42d8-9c0d-0f0ed32867bf,1,0.047619,2016-05-10,2016-05-10,1.0,0.0,0.0,1
5ed4c688-cab3-4e54-83ba-6e4a73ed7522,c24d48ad-6cf5-4391-aad4-5ed02ba1580e,1,0.047619,2016-05-10,2016-05-10,1.0,0.0,0.0,1
9bd7b6a6-d0b6-47f5-a62b-04dade95f5d1,b0740928-e5bb-42d8-9c0d-0f0ed32867bf,2,0.147619,2016-05-10,2016-05-10,1.0,1.0,0.0,0
9bd7b6a6-d0b6-47f5-a62b-04dade95f5d1,c24d48ad-6cf5-4391-aad4-5ed02ba1580e,1,0.047619,2016-05-10,2016-05-10,1.0,1.0,0.0,0
b0740928-e5bb-42d8-9c0d-0f0ed32867bf,c24d48ad-6cf5-4391-aad4-5ed02ba1580e,1,0.047619,2016-05-10,2016-05-10,1.0,1.0,0.0,0
381eed10-4b1a-4100-9872-2dbad6985bc3,7ef79f87-2ce7-4826-8890-8033cb77b077,1,0.333333,2016-05-10,2016-05-10,1.0,0.0,0.0,1
381eed10-4b1a-4100-9872-2dbad6985bc3,c36ddabd-84d9-400a-91e9-e7c51b246852,1,0.333333,2016-05-10,2016-05-10,1.0,1.0,0.0,0
7ef79f87-2ce7-4826-8890-8033cb77b077,c36ddabd-84d9-400a-91e9-e7c51b246852,1,0.333333,2016-05-10,2016-05-10,1.0,0.0,0.0,1
407f2ad5-7f2a-4a03-9be1-199ebb754f0d,9bd7b6a6-d0b6-47f5-a62b-04dade95f5d1,1,0.1,2016-05-10,2016-05-10,1.0,0.0,0.0,1
407f2ad5-7f2a-4a03-9be1-199ebb754f0d,9e51a90d-fcb3-4db6-9fa2-5a60557885dd,1,0.1,2016-05-10,2016-05-10,1.0,1.0,0.0,0
407f2ad5-7f2a-4a03-9be1-199ebb754f0d,b0740928-e5bb-42d8-9c0d-0f0ed32867bf,1,0.1,2016-05-10,2016-05-10,1.0,0.0,0.0,1
407f2ad5-7f2a-4a03-9be1-199ebb754f0d,ccbb3f5a-cf88-4f43-8881-63bee4d07a57,1,0.1,2016-05-10,2016-05-10,1.0,1.0,0.0,0
9bd7b6a6-d0b6-47f5-a62b-04dade95f5d1,9e51a90d-fcb3-4db6-9fa2-5a60557885dd,1,0.1,2016-05-10,2016-05-10,1.0,0.0,0.0,1
9bd7b6a6-d0b6-47f5-a62b-04dade95f5d1,ccbb3f5a-cf88-4f43-8881-63bee4d07a57,1,0.1,2016-05-10,2016-05-10,1.0,0.0,0.0,1
9e51a90d-fcb3-4db6-9fa2-5a60557885dd,b0740928-e5bb-42d8-9c0d-0f0ed32867bf,1,0.1,2016-05-10,2016-05-10,1.0,0.0,0.0,1
9e51a90d-fcb3-4db6-9fa2-5a60557885dd,ccbb3f5a-cf88-4f43-8881-63bee4d07a57,1,0.1,2016-05-10,2016-05-10,1.0,1.0,0.0,0
b0740928-e5bb-42d8-9c0d-0f0ed32867bf,ccbb3f5a-cf88-4f43-8881-63bee4d07a57,1,0.1,2016-05-10,2016-05-10,1.0,0.0,0.0,1
1fb335d9-e9ce-4fb0-a4d2-738fea0c0148,60add5d1-45f0-4c49-9c6f-fff71d307996,1,0.035714,2016-05-10,2016-05-10,1.0,1.0,0.0,0
1fb335d9-e9ce-4fb0-a4d2-738fea0c0148,71f634cc-91e8-4bff-ad9d-d0357828049f,1,0.035714,2016-05-10,2016-05-10,1.0,1.0,0.0,0
1fb335d9-e9ce-4fb0-a4d2-738fea0c0148,75fcb0af-b701-4f71-b57f-f451cfe61c5b,1,0.035714,2016-05-10,2016-05-10,1.0,1.0,0.0,0
1fb335d9-e9ce-4fb0-a4d2-738fea0c0148,764b0653-1855-40a2-85dd-98dabecb5efb,1,0.035714,2016-05-10,2016-05-10,1.0,1.0,0.0,0
1fb335d9-e9ce-4fb0-a4d2-738fea0c0148,963e9e5e-4036-4b97-b74e-b97297fe54eb,1,0.035714,2016-05-10,2016-05-10,1.0,0.0,0.0,1
1fb335d9-e9ce-4fb0-a4d2-738fea0c0148,aaa4f3af-a639-471b-bceb-ae3f015248c8,1,0.035714,2016-05-10,2016-05-10,1.0,0.0,0.0,1
1fb335d9-e9ce-4fb0-a4d2-738fea0c0148,b0740928-e5bb-42d8-9c0d-0f0ed32867bf,1,0.035714,2016-05-10,2016-05-10,1.0,1.0,0.0,0
60add5d1-45f0-4c49-9c6f-fff71d307996,71f634cc-91e8-4bff-ad9d-d0357828049f,1,0.035714,2016-05-10,2016-05-10,1.0,1.0,0.0,0
60add5d1-45f0-4c49-9c6f-fff71d307996,75fcb0af-b701-4f71-b57f-f451cfe61c5b,1,0.035714,2016-05-10,2016-05-10,1.0,1.0,0.0,0
60add5d1-45f0-4c49-9c6f-fff71d307996,764b0653-1855-40a2-85dd-98dabecb5efb,1,0.035714,2016-05-10,2016-05-10,1.0,1.0,0.0,0
60add5d1-45f0-4c49-9c6f-fff71d307996,963e9e5e-4036-4b97-b74e-b97297fe54eb,1,0.035714,2016-05-10,2016-05-10,1.0,0.0,0.0,1
60add5d1-45f0-4c49-9c6f-fff71d307996,aaa4f3af-a639-471b-bceb-ae3f015248c8,1,0.035714,2016-05-10,2016-05-10,1.0,0.0,0.0,1
60add5d1-45f0-4c49-9c6f-fff71d307996,b0740928-e5bb-42d8-9c0d-0f0ed32867bf,1,0.035714,2016-05-10,2016-05-10,1.0,1.0,0.0,0
71f634cc-91e8-4bff-ad9d-d0357828049f,75fcb0af-b701-4f71-b57f-f451cfe61c5b,1,0.035714,2016-05-10,2016-05-10,1.0,1.0,0.0,0
71f634cc-91e8-4bff-ad9d-d0357828049f,764b0653-1855-40a2-85dd-98dabecb5efb,1,0.035714,2016-05-10,2016-05-10,1.0,1.0,0.0,0
71f634cc-91e8-4bff-ad9d-d0357828049f,963e9e5e-4036-4b97-b74e-b97297fe54eb,1,0.035714,2016-05-10,2016-05-10,1.0,0.0,0.0,1
71f634cc-91e8-4bff-ad9d-d0357828049f,aaa4f3af-a639-471b-bceb-ae3f015248c8,1,0.035714,2016-05-10,2016-05-10,1.0,0.0,0.0,1
71f634cc-91e8-4bff-ad9d-d0357828049f,b0740928-e5bb-42d8-9c0d-0f0ed32867bf,1,0.035714,2016-05-10,2016-05-10,1.0,1.0,0.0,0
75fcb0af-b701-4f71-b57f-f451cfe61c5b,764b0653-1855-40a2-85dd-98dabecb5efb,1,0.035714,2016-05-10,2016-05-10,1.0,1.0,0.0,0
75fcb0af-b701-4f71-b57f-f451cfe61c5b,963e9e5e-4036-4b97-b74e-b97297fe54eb,1,0.035714,2016-05-10,2016-05-10,1.0,0.0,0.0,1
75fcb0af-b701-4f71-b57f-f451cfe61c5b,aaa4f3af-a639-471b-bceb-ae3f015248c8,1,0.035714,2016-05-10,2016-05-10,1.0,0.0,0.0,1
75fcb0af-b701-4f71-b57f-f451cfe61c5b,b0740928-e5bb-42d8-9c0d-0f0ed32867bf,1,0.035714,2016-05-10,2016-05-10,1.0,1.0,0.0,0
764b0653-1855-40a2-85dd-98dabecb5efb,963e9e5e-4036-4b97-b74e-b97297fe54eb,1,0.035714,2016-05-10,2016-05-10,1.0,0.0,0.0,1
764b0653-1855-40a2-85dd-98dabecb5efb,aaa4f3af-a639-471b-bceb-ae3f015248c8,1,0.035714,2016-05-10,2016-05-10,1.0,0.0,0.0,1
764b0653-1855-40a2-85dd-98dabecb5efb,b0740928-e5bb-42d8-9c0d-0f0ed32867bf,1,0.035714,2016-05-10,2016-05-10,1.0,1.0,0.0,0
963e9e5e-4036-4b97-b74e-b97297fe54eb,aaa4f3af-a639-471b-bceb-ae3f015248c8,1,0.035714,2016-05-10,2016-05-10,1.0,1.0,0.0,0
963e9e5e-4036-4b97-b74e-b97297fe54eb,b0740928-e5bb-42d8-9c0d-0f0ed32867bf,1,0.035714,2016-05-10,2016-05-10,1.0,0.0,0.0,1
aaa4f3af-a639-471b-bceb-ae3f015248c8,b0740928-e5bb-42d8-9c0d-0f0ed32867bf,1,0.035714,2016-05-10,2016-05-10,1.0,0.0,0.0,1
22135057-efdf-4afd-98e7-2935669d9721,4586735e-6673-4eac-934b-a0bfbcf9ddb9,1,0.333333,1982-01-01,1982-01-01,1.0,1.0,0.0,0
22135057-efdf-4afd-98e7-2935669d9721,7cf0ea9d-86b9-4dad-ba9e-2355a64899ea,1,0.333333,1982-01-01,1982-01-01,1.0,0.1,0.0,1
4586735e-6673-4eac-934b-a0bfbcf9ddb9,7cf0ea9d-86b9-4dad-ba9e-2355a64899ea,1,0.333333,1982-01-01,1982-01-01,1.0,0.1,0.0,1
15ee9456-7699-45f0-a83f-e08988ad9621,5e6c760b-42e0-4df4-a221-0269355da00a,1,0.166667,1933-01-01,1933-01-01,1.0,0.0,0.0,1
15ee9456-7699-45f0-a83f-e08988ad9621,ded9fa6b-5141-486a-bc12-51c313e606b9,1,0.166667,1933-01-01,1933-01-01,1.0,0.0,0.0,1
15ee9456-7699-45f0-a83f-e08988ad9621,e8674a18-6b6c-4a88-9252-d7f8661bd671,1,0.166667,1933-01-01,1933-01-01,1.0,0.0,0.0,1
5e6c760b-42e0-4df4-a221-0269355da00a,ded9fa6b-5141-486a-bc12-51c313e606b9,1,0.166667,1933-01-01,1933-01-01,1.0,0.0,0.0,1
5e6c760b-42e0-4df4-a221-0269355da00a,e8674a18-6b6c-4a88-9252-d7f8661bd671,1,0.166667,1933-01-01,1933-01-01,1.0,0.0,0.0,1
ded9fa6b-5141-486a-bc12-51c313e606b9,e8674a18-6b6c-4a88-9252-d7f8661bd671,1,0.166667,1933-01-01,1933-01-01,1.0,1.0,0.0,0
d75d1f08-bbb8-4eae-9877-399ca9121197,f27ec8db-af05-4f36-916e-3d57f91ecf5e,1,1.0,1987-01-01,1987-01-01,1.0,0.210526,0.0,1
a96d82a0-cdca-40bf-b4c8-3d7ec178d85b,afac07f5-d4aa-43f4-bad3-6bc2bb474cba,1,1.0,1964-10-23,1964-10-23,1.0,0.142857,1.0,0
42adb8ca-8484-4901-a429-fc8ecd3a4327,be540c02-7898-4b79-9acc-c8122c7d9e83,1,1.0,1979-10-19,1979-10-19,1.0,0.0,0.0,1
0211756e-139e-4b4c-a721-9ee9db363f12,24202038-7b02-4444-96c2-cf2fc7b81308,1,0.166667,1971-11-12,1971-11-12,1.0,1.0,0.0,0
0211756e-139e-4b4c-a721-9ee9db363f12,3765dccd-b659-4298-9211-15c3f73b40bf,1,0.166667,1971-11-12,1971-11-12,1.0,1.0,0.0,0
0211756e-139e-4b4c-a721-9ee9db363f12,c1d4f2ba-cf39-460c-9528-6b827d3417a1,1,0.166667,1971-11-12,1971-11-12,1.0,0.0,0.0,1
24202038-7b02-4444-96c2-cf2fc7b81308,3765dccd-b659-4298-9211-15c3f73b40bf,2,0.5,1969-07-01,1971-11-12,1.0,1.0,0.0,0
24202038-7b02-4444-96c2-cf2fc7b81308,c1d4f2ba-cf39-460c-9528-6b827d3417a1,2,0.5,1969-07-01,1971-11-12,1.0,0.0,0.0,1
3765dccd-b659-4298-9211-15c3f73b40bf,c1d4f2ba-cf39-460c-9528-6b827d3417a1,2,0.5,1969-07-01,1971-11-12,1.0,0.0,0.0,1
0e3f65bc-f2c8-4a57-a47d-11868eefd4b6,7e61db63-b2e4-496a-a3a3-d4383c63b698,1,0.333333,2021-07-16,2021-07-16,1.0,0.166667,0.0,1
0e3f65bc-f2c8-4a57-a47d-11868eefd4b6,f7db159f-a8d7-4f67-a81c-82e3e3f6e9f3,1,0.333333,2021-07-16,2021-07-16,1.0,1.0,0.0,0
7e61db63-b2e4-496a-a3a3-d4383c63b698,f7db159f-a8d7-4f67-a81c-82e3e3f6e9f3,1,0.333333,2021-07-16,2021-07-16,1.0,0.166667,0.0,1
64c1e219-dd5e-435f-99d8-0590e1df996c,d49abf5b-0d72-4239-8ec8-c3d7464707f6,4,1.1,2022-02-22,2023-06-30,1.0,1.0,0.0,0
64c1e219-dd5e-435f-99d8-0590e1df996c,fa22eeda-8db9-4ae5-97c9-6d0b9ceb7cf3,4,1.1,2022-02-22,2023-06-30,1.0,1.0,0.0,0
d49abf5b-0d72-4239-8ec8-c3d7464707f6,fa22eeda-8db9-4ae5-97c9-6d0b9ceb7cf3,4,1.1,2022-02-22,2023-06-30,0.841395,1.0,0.0,0
4060586a-8e79-43a1-8397-94458f5b9146,64c1e219-dd5e-435f-99d8-0590e1df996c,1,0.1,2023-06-30,2023-06-30,1.0,1.0,0.0,0
4060586a-8e79-43a1-8397-94458f5b9146,87940179-76a7-4fb7-a8d1-2e4cda09dd61,1,0.1,2023-06-30,2023-06-30,1.0,1.0,0.0,0
4060586a-8e79-43a1-8397-94458f5b9146,d49abf5b-0d72-4239-8ec8-c3d7464707f6,1,0.1,2023-06-30,2023-06-30,1.0,1.0,0.0,0
4060586a-8e79-43a1-8397-94458f5b9146,fa22eeda-8db9-4ae5-97c9-6d0b9ceb7cf3,1,0.1,2023-06-30,2023-06-30,1.0,1.0,0.0,0
64c1e219-dd5e-435f-99d8-0590e1df996c,87940179-76a7-4fb7-a8d1-2e4cda09dd61,1,0.1,2023-06-30,2023-06-30,1.0,1.0,0.0,0
87940179-76a7-4fb7-a8d1-2e4cda09dd61,d49abf5b-0d72-4239-8ec8-c3d7464707f6,1,0.1,2023-06-30,2023-06-30,1.0,1.0,0.0,0
87940179-76a7-4fb7-a8d1-2e4cda09dd61,fa22eeda-8db9-4ae5-97c9-6d0b9ceb7cf3,1,0.1,2023-06-30,2023-06-30,1.0,1.0,0.0,0
7c9c8018-bae6-4d06-b201-643f5eb1c39f,b0337af1-8d93-4671-b6c9-ba306bf942bf,1,0.166667,2021-01-01,2021-01-01,1.0,0.5,0.0,0
7c9c8018-bae6-4d06-b201-643f5eb1c39f,b8a7c51f-362c-4dcb-a259-bc6e0095f0a6,1,0.166667,2021-01-01,2021-01-01,1.0,0.083333,0.0,1
7c9c8018-bae6-4d06-b201-643f5eb1c39f,bca46a0c-25c9-42ca-98c2-e64c8a5e337e,1,0.166667,2021-01-01,2021-01-01,1.0,0.066667,0.0,1
b0337af1-8d93-4671-b6c9-ba306bf942bf,b8a7c51f-362c-4dcb-a259-bc6e0095f0a6,1,0.166667,2021-01-01,2021-01-01,1.0,0.166667,0.0,1
b0337af1-8d93-4671-b6c9-ba306bf942bf,bca46a0c-25c9-42ca-98c2-e64c8a5e337e,1,0.166667,2021-01-01,2021-01-01,1.0,0.133333,0.0,1
b8a7c51f-362c-4dcb-a259-bc6e0095f0a6,bca46a0c-25c9-42ca-98c2-e64c8a5e337e,1,0.166667,2021-01-01,2021-01-01,1.0,0.588235,0.0,0
28b1e14e-fada-48f0-a8df-fece056f336a,2ec4441f-07ee-4081-9929-10457293f437,1,0.066667,2023-01-01,2023-01-01,1.0,1.0,0.0,0
28b1e14e-fada-48f0-a8df-fece056f336a,9ca998cf-c1cd-493b-9a5d-a32fd33859ea,1,0.066667,2023-01-01,2023-01-01,1.0,1.0,0.0,0
28b1e14e-fada-48f0-a8df-fece056f336a,b0337af1-8d93-4671-b6c9-ba306bf942bf,1,0.066667,2023-01-01,2023-01-01,1.0,0.5,0.0,0
28b1e14e-fada-48f0-a8df-fece056f336a,e823eaa2-6e16-4675-9450-ba89bb02e5ca,1,0.066667,2023-01-01,2023-01-01,1.0,1.0,0.0,0
28b1e14e-fada-48f0-a8df-fece056f336a,f93bac9e-b20a-403e-abc9-06a2fc151df1,1,0.066667,2023-01-01,2023-01-01,1.0,1.0,0.0,0
2ec4441f-07ee-4081-9929-10457293f437,9ca998cf-c1cd-493b-9a5d-a32fd33859ea,1,0.066667,2023-01-01,2023-01-01,1.0,1.0,0.0,0
2ec4441f-07ee-4081-9929-10457293f437,b0337af1-8d93-4671-b6c9-ba306bf942bf,1,0.066667,2023-01-01,2023-01-01,1.0,0.5,0.0,0
2ec4441f-07ee-4081-9929-10457293f437,e823eaa2-6e16-4675-9450-ba89bb02e5ca,1,0.066667,2023-01-01,2023-01-01,1.0,1.0,0.0,0
2ec4441f-07ee-4081-9929-10457293f437,f93bac9e-b20a-403e-abc9-06a2fc151df1,1,0.066667,2023-01-01,2023-01-01,1.0,1.0,0.0,0
9ca998cf-c1cd-493b-9a5d-a32fd33859ea,b0337af1-8d93-4671-b6c9-ba306bf942bf,1,0.066667,2023-01-01,2023-01-01,1.0,0.5,0.0,0
9ca998cf-c1cd-493b-9a5d-a32fd33859ea,e823eaa2-6e16-4675-9450-ba89bb02e5ca,1,0.066667,2023-01-01,2023-01-01,1.0,1.0,0.0,0
9ca998cf-c1cd-493b-9a5d-a32fd33859ea,f93bac9e-b20a-403e-abc9-06a2fc151df1,1,0.066667,2023-01-01,2023-01-01,1.0,1.0,0.0,0
b0337af1-8d93-4671-b6c9-ba306bf942bf,e823eaa2-6e16-4675-9450-ba89bb02e5ca,1,0.066667,2023-01-01,2023-01-01,1.0,0.5,0.0,0
b0337af1-8d93-4671-b6c9-ba306bf942bf,f93bac9e-b20a-403e-abc9-06a2fc151df1,1,0.066667,2023-01-01,2023-01-01,1.0,0.5,0.0,0
e823eaa2-6e16-4675-9450-ba89bb02e5ca,f93bac9e-b20a-403e-abc9-06a2fc151df1,1,0.066667,2023-01-01,2023-01-01,1.0,1.0,0.0,0
0ce1a4c2-ad1e-40d0-80da-d3396bc6518a,9011971a-df29-4b57-8889-2e5e9a645cbe,1,0.1,1984-01-01,1984-01-01,1.0,0.166667,0.0,1
1f52af22-0207-40ac-9a15-e5052bb670c2,9011971a-df29-4b57-8889-2e5e9a645cbe,1,0.1,1984-01-01,1984-01-01,1.0,0.166667,0.0,1
7f347782-eb14-40c3-98e2-17b6e1bfe56c,9011971a-df29-4b57-8889-2e5e9a645cbe,1,0.1,1984-01-01,1984-01-01,1.0,0.333333,0.0,1
9011971a-df29-4b57-8889-2e5e9a645cbe,a94e530f-4e9f-40e6-b44b-ebec06f7900e,1,0.1,1984-01-01,1984-01-01,1.0,0.333333,0.0,1
45dc5f07-6609-4760-a933-8c9e0f858d05,5a2071aa-0787-49fb-931c-fa85ba86e681,1,0.066667,2012-01-01,2012-01-01,0.249921,0.285714,0.0,1
45dc5f07-6609-4760-a933-8c9e0f858d05,ac9a487a-d9d2-4f27-bb23-0f4686488345,2,0.114286,2012-01-01,2012-01-01,0.784838,0.285714,0.0,1
45dc5f07-6609-4760-a933-8c9e0f858d05,c45d161f-83ce-4464-ba41-44202e6916d9,1,0.066667,2012-01-01,2012-01-01,0.18541,0.142857,0.0,1
45dc5f07-6609-4760-a933-8c9e0f858d05,db56fad3-0dad-4b0d-9415-6a13ee695c64,1,0.066667,2012-01-01,2012-01-01,0.793324,0.142857,0.0,1
45dc5f07-6609-4760-a933-8c9e0f858d05,dff0d392-4cd5-4052-9fbb-f485df3891e5,1,0.066667,2012-01-01,2012-01-01,1.0,0.142857,0.0,1
5a2071aa-0787-49fb-931c-fa85ba86e681,c45d161f-83ce-4464-ba41-44202e6916d9,1,0.066667,2012-01-01,2012-01-01,0.249921,0.5,0.0,0
5a2071aa-0787-49fb-931c-fa85ba86e681,db56fad3-0dad-4b0d-9415-6a13ee695c64,2,0.133333,2012-01-01,2013-01-01,1.0,0.5,0.0,0
5a2071aa-0787-49fb-931c-fa85ba86e681,dff0d392-4cd5-4052-9fbb-f485df3891e5,1,0.066667,2012-01-01,2012-01-01,1.0,0.5,0.0,0
ac9a487a-d9d2-4f27-bb23-0f4686488345,c45d161f-83ce-4464-ba41-44202e6916d9,1,0.066667,2012-01-01,2012-01-01,0.784838,0.5,0.0,0
ac9a487a-d9d2-4f27-bb23-0f4686488345,db56fad3-0dad-4b0d-9415-6a13ee695c64,1,0.066667,2012-01-01,2012-01-01,0.793324,0.5,0.0,0
ac9a487a-d9d2-4f27-bb23-0f4686488345,dff0d392-4cd5-4052-9fbb-f485df3891e5,1,0.066667,2012-01-01,2012-01-01,1.0,0.5,0.0,0
c45d161f-83ce-4464-ba41-44202e6916d9,db56fad3-0dad-4b0d-9415-6a13ee695c64,1,0.066667,2012-01-01,2012-01-01,0.793324,1.0,0.0,0
c45d161f-83ce-4464-ba41-44202e6916d9,dff0d392-4cd5-4052-9fbb-f485df3891e5,1,0.066667,2012-01-01,2012-01-01,1.0,1.0,0.0,0
db56fad3-0dad-4b0d-9415-6a13ee695c64,dff0d392-4cd5-4052-9fbb-f485df3891e5,1,0.066667,2012-01-01,2012-01-01,1.0,1.0,0.0,0
05f80bab-9bb3-4292-91f3-75714074f431,13bcb2bb-db37-4397-baf5-e0f085be2d64,1,0.047619,2012-01-01,2012-01-01,1.0,1.0,0.0,0
05f80bab-9bb3-4292-91f3-75714074f431,45dc5f07-6609-4760-a933-8c9e0f858d05,1,0.047619,2012-01-01,2012-01-01,1.0,0.142857,0.0,1
05f80bab-9bb3-4292-91f3-75714074f431,9fff2f8a-21e6-47de-a2b8-7f449929d43f,1,0.047619,2012-01-01,2012-01-01,1.0,0.125,0.0,1
05f80bab-9bb3-4292-91f3-75714074f431,ac9a487a-d9d2-4f27-bb23-0f4686488345,1,0.047619,2012-01-01,2012-01-01,1.0,0.5,0.0,0
05f80bab-9bb3-4292-91f3-75714074f431,b997f5fa-a728-407f-ba2d-4c43c7d883fd,1,0.047619,2012-01-01,2012-01-01,1.0,1.0,0.0,0
05f80bab-9bb3-4292-91f3-75714074f431,ecbe0f51-b540-498e-907d-bfaf2fdb75b0,1,0.047619,2012-01-01,2012-01-01,1.0,1.0,0.0,0
13bcb2bb-db37-4397-baf5-e0f085be2d64,45dc5f07-6609-4760-a933-8c9e0f858d05,1,0.047619,2012-01-01,2012-01-01,0.793324,0.142857,0.0,1
13bcb2bb-db37-4397-baf5-e0f085be2d64,9fff2f8a-21e6-47de-a2b8-7f449929d43f,1,0.047619,2012-01-01,2012-01-01,0.793324,0.125,0.0,1
13bcb2bb-db37-4397-baf5-e0f085be2d64,ac9a487a-d9d2-4f27-bb23-0f4686488345,1,0.047619,2012-01-01,2012-01-01,0.793324,0.5,0.0,0
13bcb2bb-db37-4397-baf5-e0f085be2d64,b997f5fa-a728-407f-ba2d-4c43c7d883fd,1,0.047619,2012-01-01,2012-01-01,1.0,1.0,0.0,0
13bcb2bb-db37-4397-baf5-e0f085be2d64,ecbe0f51-b540-498e-907d-bfaf2fdb75b0,1,0.047619,2012-01-01,2012-01-01,1.0,1.0,0.0,0
45dc5f07-6609-4760-a933-8c9e0f858d05,9fff2f8a-21e6-47de-a2b8-7f449929d43f,1,0.047619,2012-01-01,2012-01-01,0.208956,0.666667,0.0,0
45dc5f07-6609-4760-a933-8c9e0f858d05,b997f5fa-a728-407f-ba2d-4c43c7d883fd,1,0.047619,2012-01-01,2012-01-01,1.0,0.142857,0.0,1
45dc5f07-6609-4760-a933-8c9e0f858d05,ecbe0f51-b540-498e-907d-bfaf2fdb75b0,1,0.047619,2012-01-01,2012-01-01,1.0,0.142857,0.0,1
9fff2f8a-21e6-47de-a2b8-7f449929d43f,b997f5fa-a728-407f-ba2d-4c43c7d883fd,1,0.047619,2012-01-01,2012-01-01,1.0,0.125,0.0,1
9fff2f8a-21e6-47de-a2b8-7f449929d43f,ecbe0f51-b540-498e-907d-bfaf2fdb75b0,1,0.047619,2012-01-01,2012-01-01,1.0,0.125,0.0,1
ac9a487a-d9d2-4f27-bb23-0f4686488345,b997f5fa-a728-407f-ba2d-4c43c7d883fd,1,0.047619,2012-01-01,2012-01-01,1.0,0.5,0.0,0
ac9a487a-d9d2-4f27-bb23-0f4686488345,ecbe0f51-b540-498e-907d-bfaf2fdb75b0,1,0.047619,2012-01-01,2012-01-01,1.0,0.5,0.0,0
b997f5fa-a728-407f-ba2d-4c43c7d883fd,ecbe0f51-b540-498e-907d-bfaf2fdb75b0,1,0.047619,2012-01-01,2012-01-01,1.0,1.0,0.0,0
45dc5f07-6609-4760-a933-8c9e0f858d05,5d1a6e5f-a190-4e26-93bc-51457f179412,1,0.166667,2013-01-01,2013-01-01,1.0,0.142857,0.0,1
45dc5f07-6609-4760-a933-8c9e0f858d05,7e9bd05a-117f-4cce-87bc-e011527a8b18,1,0.166667,2013-01-01,2013-01-01,1.0,0.545455,0.0,0
45dc5f07-6609-4760-a933-8c9e0f858d05,b4434d7f-d3cd-4a6b-b78b-a4c670ae6e8d,1,0.166667,2013-01-01,2013-01-01,1.0,0.142857,0.0,1
5d1a6e5f-a190-4e26-93bc-51457f179412,7e9bd05a-117f-4cce-87bc-e011527a8b18,1,0.166667,2013-01-01,2013-01-01,1.0,0.1,0.0,1
5d1a6e5f-a190-4e26-93bc-51457f179412,b4434d7f-d3cd-4a6b-b78b-a4c670ae6e8d,1,0.166667,2013-01-01,2013-01-01,1.0,1.0,0.0,0
7e9bd05a-117f-4cce-87bc-e011527a8b18,b4434d7f-d3cd-4a6b-b78b-a4c670ae6e8d,1,0.166667,2013-01-01,2013-01-01,1.0,0.1,0.0,1
09925d0f-b482-45cc-aa94-e868a41d0a4a,11953393-76ce-4081-9d36-1891283f5e27,1,0.027778,2013-01-11,2013-01-11,1.0,1.0,0.0,0
09925d0f-b482-45cc-aa94-e868a41d0a4a,25b7b584-d952-4662-a8b9-dd8cdfbfeb64,1,0.027778,2013-01-11,2013-01-11,1.0,0.125,0.0,1
09925d0f-b482-45cc-aa94-e868a41d0a4a,328d146c-79f1-4eb6-9e40-8ee5710c14e5,1,0.027778,2013-01-11,2013-01-11,1.0,0.055556,0.0,1
09925d0f-b482-45cc-aa94-e868a41d0a4a,79d1e9ca-d396-44ac-8a4a-ff5dbe9e44f9,1,0.027778,2013-01-11,2013-01-11,1.0,1.0,0.0,0
09925d0f-b482-45cc-aa94-e868a41d0a4a,8ab5d936-49d1-415e-92c8-151e0e7dd912,1,0.027778,2013-01-11,2013-01-11,1.0,0.25,0.0,1
09925d0f-b482-45cc-aa94-e868a41d0a4a,9b46bd1f-2f9e-46bb-9a68-4e24c644a137,1,0.027778,2013-01-11,2013-01-11,1.0,1.0,0.0,0
09925d0f-b482-45cc-aa94-e868a41d0a4a,a2dce1c9-f3ed-4022-a742-ae14d91f32cc,1,0.027778,2013-01-11,2013-01-11,1.0,1.0,0.0,0
09925d0f-b482-45cc-aa94-e868a41d0a4a,e780a5a7-a7ce-4390-983e-0171b91e15c1,1,0.027778,2013-01-11,2013-01-11,1.0,1.0,0.0,0
11953393-76ce-4081-9d36-1891283f5e27,25b7b584-d952-4662-a8b9-dd8cdfbfeb64,1,0.027778,2013-01-11,2013-01-11,1.0,0.125,0.0,1
11953393-76ce-4081-9d36-1891283f5e27,328d146c-79f1-4eb6-9e40-8ee5710c14e5,1,0.027778,2013-01-11,2013-01-11,1.0,0.055556,0.0,1
11953393-76ce-4081-9d36-1891283f5e27,79d1e9ca-d396-44ac-8a4a-ff5dbe9e44f9,1,0.027778,2013-01-11,2013-01-11,1.0,1.0,0.0,0
11953393-76ce-4081-9d36-1891283f5e27,8ab5d936-49d1-415e-92c8-151e0e7dd912,1,0.027778,2013-01-11,2013-01-11,1.0,0.25,0.0,1
11953393-76ce-4081-9d36-1891283f5e27,9b46bd1f-2f9e-46bb-9a68-4e24c644a137,1,0.027778,2013-01-11,2013-01-11,1.0,1.0,0.0,0
11953393-76ce-4081-9d36-1891283f5e27,a2dce1c9-f3ed-4022-a742-ae14d91f32cc,1,0.027778,2013-01-11,2013-01-11,1.0,1.0,0.0,0
11953393-76ce-4081-9d36-1891283f5e27,e780a5a7-a7ce-4390-983e-0171b91e15c1,1,0.027778,2013-01-11,2013-01-11,1.0,1.0,0.0,0
25b7b584-d952-4662-a8b9-dd8cdfbfeb64,328d146c-79f1-4eb6-9e40-8ee5710c14e5,1,0.027778,2013-01-11,2013-01-11,1.0,0.368421,0.0,1
25b7b584-d952-4662-a8b9-dd8cdfbfeb64,79d1e9ca-d396-44ac-8a4a-ff5dbe9e44f9,1,0.027778,2013-01-11,2013-01-11,1.0,0.125,0.0,1
25b7b584-d952-4662-a8b9-dd8cdfbfeb64,9b46bd1f-2f9e-46bb-9a68-4e24c644a137,1,0.027778,2013-01-11,2013-01-11,1.0,0.125,0.0,1
25b7b584-d952-4662-a8b9-dd8cdfbfeb64,a2dce1c9-f3ed-4022-a742-ae14d91f32cc,1,0.027778,2013-01-11,2013-01-11,1.0,0.125,0.0,1
25b7b584-d952-4662-a8b9-dd8cdfbfeb64,e780a5a7-a7ce-4390-983e-0171b91e15c1,1,0.027778,2013-01-11,2013-01-11,1.0,0.125,0.0,1
328d146c-79f1-4eb6-9e40-8ee5710c14e5,79d1e9ca-d396-44ac-8a4a-ff5dbe9e44f9,1,0.027778,2013-01-11,2013-01-11,1.0,0.055556,0.0,1
328d146c-79f1-4eb6-9e40-8ee5710c14e5,8ab5d936-49d1-415e-92c8-151e0e7dd912,1,0.027778,2013-01-11,2013-01-11,1.0,0.222222,0.0,1
328d146c-79f1-4eb6-9e40-8ee5710c14e5,9b46bd1f-2f9e-46bb-9a68-4e24c644a137,1,0.027778,2013-01-11,2013-01-11,1.0,0.055556,0.0,1
328d146c-79f1-4eb6-9e40-8ee5710c14e5,a2dce1c9-f3ed-4022-a742-ae14d91f32cc,1,0.027778,2013-01-11,2013-01-11,1.0,0.055556,0.0,1
328d146c-79f1-4eb6-9e40-8ee5710c14e5,e780a5a7-a7ce-4390-983e-0171b91e15c1,1,0.027778,2013-01-11,2013-01-11,1.0,0.055556,0.0,1
79d1e9ca-d396-44ac-8a4a-ff5dbe9e44f9,8ab5d936-49d1-415e-92c8-151e0e7dd912,1,0.027778,2013-01-11,2013-01-11,1.0,0.25,0.0,1
79d1e9ca-d396-44ac-8a4a-ff5dbe9e44f9,9b46bd1f-2f9e-46bb-9a68-4e24c644a137,1,0.027778,2013-01-11,2013-01-11,1.0,1.0,0.0,0
79d1e9ca-d396-44ac-8a4a-ff5dbe9e44f9,a2dce1c9-f3ed-4022-a742-ae14d91f32cc,1,0.027778,2013-01-11,2013-01-11,1.0,1.0,0.0,0
79d1e9ca-d396-44ac-8a4a-ff5dbe9e44f9,e780a5a7-a7ce-4390-983e-0171b91e15c1,1,0.027778,2013-01-11,2013-01-11,1.0,1.0,0.0,0
8ab5d936-49d1-415e-92c8-151e0e7dd912,9b46bd1f-2f9e-46bb-9a68-4e24c644a137,1,0.027778,2013-01-11,2013-01-11,1.0,0.25,0.0,1
8ab5d936-49d1-415e-92c8-151e0e7dd912,a2dce1c9-f3ed-4022-a742-ae14d91f32cc,1,0.027778,2013-01-11,2013-01-11,1.0,0.25,0.0,1
8ab5d936-49d1-415e-92c8-151e0e7dd912,e780a5a7-a7ce-4390-983e-0171b91e15c1,1,0.027778,2013-01-11,2013-01-11,1.0,0.25,0.0,1
9b46bd1f-2f9e-46bb-9a68-4e24c644a137,a2dce1c9-f3ed-4022-a742-ae14d91f32cc,1,0.027778,2013-01-11,2013-01-11,1.0,1.0,0.0,0
9b46bd1f-2f9e-46bb-9a68-4e24c644a137,e780a5a7-a7ce-4390-983e-0171b91e15c1,1,0.027778,2013-01-11,2013-01-11,1.0,1.0,0.0,0
a2dce1c9-f3ed-4022-a742-ae14d91f32cc,e780a5a7-a7ce-4390-983e-0171b91e15c1,1,0.027778,2013-01-11,2013-01-11,1.0,1.0,0.0,0
3e308b4a-c8d0-4883-8c38-e2953002a882,53ba7b2d-06c4-432a-81cc-ca7525adfec1,1,0.1,2013-09-27,2013-09-27,1.0,1.0,0.0,0
3e308b4a-c8d0-4883-8c38-e2953002a882,85de81eb-23d1-4536-b757-e0dda9c57129,1,0.1,2013-09-27,2013-09-27,1.0,1.0,0.0,0
3e308b4a-c8d0-4883-8c38-e2953002a882,8ab5d936-49d1-415e-92c8-151e0e7dd912,1,0.1,2013-09-27,2013-09-27,1.0,0.25,0.0,1
3e308b4a-c8d0-4883-8c38-e2953002a882,de250d68-9b30-4cfd-8c48-5cf288733bee,1,0.1,2013-09-27,2013-09-27,1.0,1.0,0.0,0
53ba7b2d-06c4-432a-81cc-ca7525adfec1,85de81eb-23d1-4536-b757-e0dda9c57129,1,0.1,2013-09-27,2013-09-27,1.0,1.0,0.0,0
53ba7b2d-06c4-432a-81cc-ca7525adfec1,8ab5d936-49d1-415e-92c8-151e0e7dd912,1,0.1,2013-09-27,2013-09-27,1.0,0.25,0.0,1
53ba7b2d-06c4-432a-81cc-ca7525adfec1,de250d68-9b30-4cfd-8c48-5cf288733bee,1,0.1,2013-09-27,2013-09-27,1.0,1.0,0.0,0
85de81eb-23d1-4536-b757-e0dda9c57129,8ab5d936-49d1-415e-92c8-151e0e7dd912,1,0.1,2013-09-27,2013-09-27,1.0,0.25,0.0,1
85de81eb-23d1-4536-b757-e0dda9c57129,de250d68-9b30-4cfd-8c48-5cf288733bee,1,0.1,2013-09-27,2013-09-27,1.0,1.0,0.0,0
8ab5d936-49d1-415e-92c8-151e0e7dd912,de250d68-9b30-4cfd-8c48-5cf288733bee,1,0.1,2013-09-27,2013-09-27,1.0,0.25,0.0,1
597f1204-98f0-4151-ab5f-b4e728f09e09,5c882e22-3467-4cc3-8c77-6595288f3b39,1,0.166667,2014-01-01,2014-01-01,1.0,1.0,0.0,0
597f1204-98f0-4151-ab5f-b4e728f09e09,875749d5-a6c6-4ea7-94b9-21c90a2c1a63,1,0.166667,2014-01-01,2014-01-01,1.0,1.0,0.0,0
597f1204-98f0-4151-ab5f-b4e728f09e09,8ab5d936-49d1-415e-92c8-151e0e7dd912,1,0.166667,2014-01-01,2014-01-01,1.0,0.25,0.0,1
5c882e22-3467-4cc3-8c77-6595288f3b39,875749d5-a6c6-4ea7-94b9-21c90a2c1a63,1,0.166667,2014-01-01,2014-01-01,1.0,1.0,0.0,0
5c882e22-3467-4cc3-8c77-6595288f3b39,8ab5d936-49d1-415e-92c8-151e0e7dd912,1,0.166667,2014-01-01,2014-01-01,1.0,0.25,0.0,1
875749d5-a6c6-4ea7-94b9-21c90a2c1a63,8ab5d936-49d1-415e-92c8-151e0e7dd912,1,0.166667,2014-01-01,2014-01-01,1.0,0.25,0.0,1
2849e217-6d97-43d0-b33a-4c580a3d7629,c243168b-4c19-46d4-8af8-8724d79dd33a,1,1.0,1971-02-05,1971-02-05,1.0,0.0,0.0,1
346448f5-25a0-4f78-bbd6-acc0205f7513,6ca4886a-8f77-4133-b404-46fb3908e24a,1,0.333333,1933-01-01,1933-01-01,1.0,0.166667,1.0,0
3fb75d97-5dfd-4e72-9aee-1904aa4268f4,6ca4886a-8f77-4133-b404-46fb3908e24a,1,0.333333,1933-01-01,1933-01-01,1.0,0.166667,1.0,0
14aea021-97ec-48f0-b69b-8a177c7c72ad,31b22ba7-1544-4c64-9117-fe514ecf23ff,1,0.333333,1970-01-01,1970-01-01,1.0,1.0,0.0,0
14aea021-97ec-48f0-b69b-8a177c7c72ad,5bddb0fa-66f7-47c8-bf00-afecab627d59,1,0.333333,1970-01-01,1970-01-01,1.0,0.2,0.0,1
31b22ba7-1544-4c64-9117-fe514ecf23ff,5bddb0fa-66f7-47c8-bf00-afecab627d59,1,0.333333,1970-01-01,1970-01-01,0.63016,0.2,0.0,1
1bfa27e3-0376-4206-a772-4586e25a64f5,5bddb0fa-66f7-47c8-bf00-afecab627d59,1,0.333333,1972-01-01,1972-01-01,1.0,0.555556,0.0,0
1bfa27e3-0376-4206-a772-4586e25a64f5,bf4fe7cd-7d38-41d2-b78a-fdc7c6b08929,1,0.333333,1972-01-01,1972-01-01,1.0,0.111111,0.0,1
5bddb0fa-66f7-47c8-bf00-afecab627d59,bf4fe7cd-7d38-41d2-b78a-fdc7c6b08929,1,0.333333,1972-01-01,1972-01-01,1.0,0.2,0.0,1
5bddb0fa-66f7-47c8-bf00-afecab627d59,761abc87-7ad8-4b40-9bf6-f80f1ad30f4e,1,1.0,1972-01-01,1972-01-01,1.0,0.2,0.0,1
2d67239c-aa40-4ad5-a807-9052b66857a6,b0b33754-a664-43b7-ba00-be0dc4ec2396,1,1.0,1972-01-01,1972-01-01,1.0,0.25,0.0,1
1edc84fc-d7af-401f-876f-954d2a02209e,526aab94-697f-44a9-b630-41d1c0505953,1,0.166667,1961-01-01,1961-01-01,1.0,0.166667,1.0,0
1edc84fc-d7af-401f-876f-954d2a02209e,95bcfc2e-1517-4af3-b7b9-c1679fdf53c3,1,0.166667,1961-01-01,1961-01-01,1.0,1.0,1.0,0
1edc84fc-d7af-401f-876f-954d2a02209e,9643ef45-b844-48b2-9e56-7e8be098bea0,1,0.166667,1961-01-01,1961-01-01,1.0,1.0,1.0,0
526aab94-697f-44a9-b630-41d1c0505953,95bcfc2e-1517-4af3-b7b9-c1679fdf53c3,1,0.166667,1961-01-01,1961-01-01,1.0,0.166667,1.0,0
526aab94-697f-44a9-b630-41d1c0505953,9643ef45-b844-48b2-9e56-7e8be098bea0,1,0.166667,1961-01-01,1961-01-01,1.0,0.166667,1.0,0
95bcfc2e-1517-4af3-b7b9-c1679fdf53c3,9643ef45-b844-48b2-9e56-7e8be098bea0,1,0.166667,1961-01-01,1961-01-01,1.0,1.0,1.0,0
4a8ac23a-e27a-44db-814a-f8c31beb68e6,4bbc8087-548d-4484-abd2-5b1f4c1a7940,1,1.0,2006-01-01,2006-01-01,1.0,0.25,0.0,1
2e89c3b1-dc28-4eca-945c-50cdb041e494,4a8ac23a-e27a-44db-814a-f8c31beb68e6,1,0.333333,2008-01-01,2008-01-01,1.0,0.2,1.0,0
2e89c3b1-dc28-4eca-945c-50cdb041e494,e0e1db18-f7ba-4dee-95ff-7ae8cf545460,1,0.333333,2008-01-01,2008-01-01,0.793324,0.25,1.0,0
4a8ac23a-e27a-44db-814a-f8c31beb68e6,e0e1db18-f7ba-4dee-95ff-7ae8cf545460,1,0.333333,2008-01-01,2008-01-01,1.0,0.333333,1.0,0
2f569e60-0a1b-4fb9-95a4-3dc1525d1aad,cb88c5ff-801a-4c31-96e6-c2553ced8e0a,1,0.333333,1998-01-01,1998-01-01,1.0,0.0,0.875,0
6622a50e-5206-44d0-9ad5-96047a726dcf,cb88c5ff-801a-4c31-96e6-c2553ced8e0a,1,0.333333,1998-01-01,1998-01-01,1.0,0.333333,0.5,0
2f569e60-0a1b-4fb9-95a4-3dc1525d1aad,cf3bab56-feda-41ec-9aef-a9a31b1ad97e,1,0.333333,1999-01-01,1999-01-01,1.0,0.0,1.0,0
6622a50e-5206-44d0-9ad5-96047a726dcf,cf3bab56-feda-41ec-9aef-a9a31b1ad97e,1,0.333333,1999-01-01,1999-01-01,1.0,1.0,0.571429,0
2b1ec960-982a-450d-a27b-d7a77a1b40ac,2f569e60-0a1b-4fb9-95a4-3dc1525d1aad,1,0.166667,1999-01-01,1999-01-01,1.0,0.0,0.0,1
2b1ec960-982a-450d-a27b-d7a77a1b40ac,6622a50e-5206-44d0-9ad5-96047a726dcf,1,0.166667,1999-01-01,1999-01-01,1.0,0.333333,0.0,1
2b1ec960-982a-450d-a27b-d7a77a1b40ac,b13f0288-830a-4ad7-9c60-830f545e5e2b,1,0.166667,1999-01-01,1999-01-01,1.0,1.0,0.0,0
7a45c6ea-bb66-4e85-8643-271658fe935e,817c68f4-e110-4529-82fa-aec902e9768f,1,0.166667,1989-01-01,1989-01-01,1.0,0.0,0.0,1
7a45c6ea-bb66-4e85-8643-271658fe935e,831dcf03-b745-436b-922f-6a2baaf45e57,1,0.166667,1989-01-01,1989-01-01,1.0,0.166667,0.0,1
7a45c6ea-bb66-4e85-8643-271658fe935e,925c7673-0e85-410f-b7e4-d9705a7aa619,1,0.166667,1989-01-01,1989-01-01,1.0,1.0,0.0,0
817c68f4-e110-4529-82fa-aec902e9768f,831dcf03-b745-436b-922f-6a2baaf45e57,1,0.166667,1989-01-01,1989-01-01,1.0,0.166667,0.0,1
817c68f4-e110-4529-82fa-aec902e9768f,925c7673-0e85-410f-b7e4-d9705a7aa619,1,0.166667,1989-01-01,1989-01-01,1.0,0.0,0.0,1
831dcf03-b745-436b-922f-6a2baaf45e57,925c7673-0e85-410f-b7e4-d9705a7aa619,1,0.166667,1989-01-01,1989-01-01,1.0,0.166667,0.0,1
539b1c6c-4414-4b6a-8b3e-1e114fc00b30,56393a36-155f-4f50-adbe-45f4a26c40bf,1,0.333333,2020-07-14,2020-07-14,1.0,0.5,0.0,0
539b1c6c-4414-4b6a-8b3e-1e114fc00b30,74889c76-b1de-4ca2-bc9a-2cc1a162e319,1,0.333333,2020-07-14,2020-07-14,1.0,1.0,0.0,0
56393a36-155f-4f50-adbe-45f4a26c40bf,74889c76-b1de-4ca2-bc9a-2cc1a162e319,1,0.333333,2020-07-14,2020-07-14,1.0,0.5,0.0,0
97529a9e-4b5a-4a9c-9c08-c42401d1c268,fcfa9543-e113-4ef9-9ef6-455ba4cbe7af,1,1.0,1972-01-01,1972-01-01,1.0,0.857143,0.4,0
9c14317c-87b9-4f7c-a5a5-80add17a1709,c43d2302-02db-487b-b62d-8cb3c57f94c6,1,1.0,1966-01-01,1966-01-01,1.0,0.333333,0.0,1
2d92239c-44c5-47c5-afe0-44baf9b64629,da0c8f4f-f4f4-4e91-86ca-e31108bb5706,4,0.6,2022-10-01,2023-10-06,0.946453,0.75,1.0,0
2d92239c-44c5-47c5-afe0-44baf9b64629,dda1353c-6395-455b-8b2c-20a59ba61962,1,0.1,2022-10-01,2022-10-01,1.0,0.666667,1.0,0
2d92239c-44c5-47c5-afe0-44baf9b64629,f9b285a5-f672-4058-9b25-d153f60f404c,1,0.1,2022-10-01,2022-10-01,1.0,0.666667,1.0,0
da0c8f4f-f4f4-4e91-86ca-e31108bb5706,dda1353c-6395-455b-8b2c-20a59ba61962,1,0.1,2022-10-01,2022-10-01,1.0,0.5,1.0,0
da0c8f4f-f4f4-4e91-86ca-e31108bb5706,e3d17fe5-2564-4181-b3f1-91192d5366f2,4,0.6,2022-10-01,2023-10-06,1.0,0.75,1.0,0
da0c8f4f-f4f4-4e91-86ca-e31108bb5706,f9b285a5-f672-4058-9b25-d153f60f404c,1,0.1,2022-10-01,2022-10-01,1.0,0.5,1.0,0
dda1353c-6395-455b-8b2c-20a59ba61962,e3d17fe5-2564-4181-b3f1-91192d5366f2,1,0.1,2022-10-01,2022-10-01,1.0,0.666667,1.0,0
dda1353c-6395-455b-8b2c-20a59ba61962,f9b285a5-f672-4058-9b25-d153f60f404c,1,0.1,2022-10-01,2022-10-01,1.0,1.0,1.0,0
e3d17fe5-2564-4181-b3f1-91192d5366f2,f9b285a5-f672-4058-9b25-d153f60f404c,1,0.1,2022-10-01,2022-10-01,1.0,0.666667,1.0,0
0f4bf831-2672-4e94-8396-4198a3a0e731,2d92239c-44c5-47c5-afe0-44baf9b64629,3,0.5,2023-02-17,2023-10-06,1.0,0.666667,0.0,0
0f4bf831-2672-4e94-8396-4198a3a0e731,da0c8f4f-f4f4-4e91-86ca-e31108bb5706,3,0.5,2023-02-17,2023-10-06,1.0,0.5,0.0,0
0f4bf831-2672-4e94-8396-4198a3a0e731,e3d17fe5-2564-4181-b3f1-91192d5366f2,3,0.5,2023-02-17,2023-10-06,1.0,0.666667,0.0,0
2006a0f7-04ed-48bc-8a60-0e01b95f5095,5860586a-2e79-4c24-b041-c087ee051470,1,0.022222,2024-02-09,2024-02-09,1.0,1.0,0.0,0
2006a0f7-04ed-48bc-8a60-0e01b95f5095,6a07c595-3096-43c2-99f2-509c0762b822,1,0.022222,2024-02-09,2024-02-09,1.0,0.666667,0.0,0
2006a0f7-04ed-48bc-8a60-0e01b95f5095,6c271707-9c98-4024-b6a0-818569ce9028,1,0.022222,2024-02-09,2024-02-09,1.0,0.666667,0.0,0
2006a0f7-04ed-48bc-8a60-0e01b95f5095,ba45b249-1b65-491a-b194-5d57f47c8e84,1,0.022222,2024-02-09,2024-02-09,1.0,1.0,0.0,0
2006a0f7-04ed-48bc-8a60-0e01b95f5095,beccdfc5-5630-4560-a7a3-b48f9a08a5c8,1,0.022222,2024-02-09,2024-02-09,1.0,0.666667,0.0,0
2006a0f7-04ed-48bc-8a60-0e01b95f5095,c97a32c2-1fbc-44eb-a28b-cee23c135844,1,0.022222,2024-02-09,2024-02-09,1.0,0.666667,0.0,0
2006a0f7-04ed-48bc-8a60-0e01b95f5095,ccb8f30e-4d71-40c4-8b1d-846dafe73e2c,1,0.022222,2024-02-09,2024-02-09,1.0,0.181818,0.0,1
2006a0f7-04ed-48bc-8a60-0e01b95f5095,da0c8f4f-f4f4-4e91-86ca-e31108bb5706,1,0.022222,2024-02-09,2024-02-09,1.0,0.5,0.0,0
2006a0f7-04ed-48bc-8a60-0e01b95f5095,e7dcdf9f-b058-482e-bca8-45675628ebf2,1,0.022222,2024-02-09,2024-02-09,1.0,1.0,0.0,0
5860586a-2e79-4c24-b041-c087ee051470,6a07c595-3096-43c2-99f2-509c0762b822,1,0.022222,2024-02-09,2024-02-09,1.0,0.666667,0.0,0
5860586a-2e79-4c24-b041-c087ee051470,6c271707-9c98-4024-b6a0-818569ce9028,1,0.022222,2024-02-09,2024-02-09,1.0,0.666667,0.0,0
5860586a-2e79-4c24-b041-c087ee051470,ba45b249-1b65-491a-b194-5d57f47c8e84,1,0.022222,2024-02-09,2024-02-09,1.0,1.0,0.0,0
5860586a-2e79-4c24-b041-c087ee051470,beccdfc5-5630-4560-a7a3-b48f9a08a5c8,1,0.022222,2024-02-09,2024-02-09,1.0,0.666667,0.0,0
5860586a-2e79-4c24-b041-c087ee051470,c97a32c2-1fbc-44eb-a28b-cee23c135844,1,0.022222,2024-02-09,2024-02-09,1.0,0.666667,0.0,0
5860586a-2e79-4c24-b041-c087ee051470,ccb8f30e-4d71-40c4-8b1d-846dafe73e2c,1,0.022222,2024-02-09,2024-02-09,1.0,0.181818,0.0,1
5860586a-2e79-4c24-b041-c087ee051470,da0c8f4f-f4f4-4e91-86ca-e31108bb5706,1,0.022222,2024-02-09,2024-02-09,1.0,0.5,0.0,0
5860586a-2e79-4c24-b041-c087ee051470,e7dcdf9f-b058-482e-bca8-45675628ebf2,1,0.022222,2024-02-09,2024-02-09,1.0,1.0,0.0,0
6a07c595-3096-43c2-99f2-509c0762b822,6c271707-9c98-4024-b6a0-818569ce9028,1,0.022222,2024-02-09,2024-02-09,1.0,1.0,0.0,0
6a07c595-3096-43c2-99f2-509c0762b822,ba45b249-1b65-491a-b194-5d57f47c8e84,1,0.022222,2024-02-09,2024-02-09,1.0,0.666667,0.0,0
6a07c595-3096-43c2-99f2-509c0762b822,beccdfc5-5630-4560-a7a3-b48f9a08a5c8,1,0.022222,2024-02-09,2024-02-09,1.0,1.0,0.0,0
6a07c595-3096-43c2-99f2-509c0762b822,c97a32c2-1fbc-44eb-a28b-cee23c135844,1,0.022222,2024-02-09,2024-02-09,1.0,1.0,0.0,0
6a07c595-3096-43c2-99f2-509c0762b822,ccb8f30e-4d71-40c4-8b1d-846dafe73e2c,2,1.022222,1984-01-01,2024-02-09,1.0,0.272727,0.181818,1
6a07c595-3096-43c2-99f2-509c0762b822,da0c8f4f-f4f4-4e91-86ca-e31108bb5706,1,0.022222,2024-02-09,2024-02-09,1.0,0.75,0.0,0
6a07c595-3096-43c2-99f2-509c0762b822,e7dcdf9f-b058-482e-bca8-45675628ebf2,1,0.022222,2024-02-09,2024-02-09,1.0,0.666667,0.0,0
6c271707-9c98-4024-b6a0-818569ce9028,ba45b249-1b65-491a-b194-5d57f47c8e84,1,0.022222,2024-02-09,2024-02-09,1.0,0.666667,0.0,0
6c271707-9c98-4024-b6a0-818569ce9028,beccdfc5-5630-4560-a7a3-b48f9a08a5c8,1,0.022222,2024-02-09,2024-02-09,1.0,1.0,0.0,0
6c271707-9c98-4024-b6a0-818569ce9028,c97a32c2-1fbc-44eb-a28b-cee23c135844,1,0.022222,2024-02-09,2024-02-09,1.0,1.0,0.0,0
6c271707-9c98-4024-b6a0-818569ce9028,ccb8f30e-4d71-40c4-8b1d-846dafe73e2c,1,0.022222,2024-02-09,2024-02-09,1.0,0.272727,0.0,1
6c271707-9c98-4024-b6a0-818569ce9028,da0c8f4f-f4f4-4e91-86ca-e31108bb5706,1,0.022222,2024-02-09,2024-02-09,1.0,0.75,0.0,0
6c271707-9c98-4024-b6a0-818569ce9028,e7dcdf9f-b058-482e-bca8-45675628ebf2,1,0.022222,2024-02-09,2024-02-09,1.0,0.666667,0.0,0
ba45b249-1b65-491a-b194-5d57f47c8e84,beccdfc5-5630-4560-a7a3-b48f9a08a5c8,1,0.022222,2024-02-09,2024-02-09,1.0,0.666667,0.0,0
ba45b249-1b65-491a-b194-5d57f47c8e84,c97a32c2-1fbc-44eb-a28b-cee23c135844,1,0.022222,2024-02-09,2024-02-09,1.0,0.666667,0.0,0
ba45b249-1b65-491a-b194-5d57f47c8e84,ccb8f30e-4d71-40c4-8b1d-846dafe73e2c,1,0.022222,2024-02-09,2024-02-09,1.0,0.181818,0.0,1
ba45b249-1b65-491a-b194-5d57f47c8e84,da0c8f4f-f4f4-4e91-86ca-e31108bb5706,1,0.022222,2024-02-09,2024-02-09,1.0,0.5,0.0,0
ba45b249-1b65-491a-b194-5d57f47c8e84,e7dcdf9f-b058-482e-bca8-45675628ebf2,1,0.022222,2024-02-09,2024-02-09,1.0,1.0,0.0,0
beccdfc5-5630-4560-a7a3-b48f9a08a5c8,ccb8f30e-4d71-40c4-8b1d-846dafe73e2c,1,0.022222,2024-02-09,2024-02-09,1.0,0.272727,0.0,1
beccdfc5-5630-4560-a7a3-b48f9a08a5c8,da0c8f4f-f4f4-4e91-86ca-e31108bb5706,1,0.022222,2024-02-09,2024-02-09,1.0,0.75,0.0,0
beccdfc5-5630-4560-a7a3-b48f9a08a5c8,e7dcdf9f-b058-482e-bca8-45675628ebf2,1,0.022222,2024-02-09,2024-02-09,1.0,0.666667,0.0,0
c97a32c2-1fbc-44eb-a28b-cee23c135844,ccb8f30e-4d71-40c4-8b1d-846dafe73e2c,1,0.022222,2024-02-09,2024-02-09,1.0,0.272727,0.0,1
c97a32c2-1fbc-44eb-a28b-cee23c135844,da0c8f4f-f4f4-4e91-86ca-e31108bb5706,1,0.022222,2024-02-09,2024-02-09,1.0,0.75,0.0,0
c97a32c2-1fbc-44eb-a28b-cee23c135844,e7dcdf9f-b058-482e-bca8-45675628ebf2,1,0.022222,2024-02-09,2024-02-09,1.0,0.666667,0.0,0
ccb8f30e-4d71-40c4-8b1d-846dafe73e2c,da0c8f4f-f4f4-4e91-86ca-e31108bb5706,1,0.022222,2024-02-09,2024-02-09,1.0,0.363636,0.230769,1
ccb8f30e-4d71-40c4-8b1d-846dafe73e2c,e7dcdf9f-b058-482e-bca8-45675628ebf2,1,0.022222,2024-02-09,2024-02-09,1.0,0.181818,0.0,1
da0c8f4f-f4f4-4e91-86ca-e31108bb5706,e7dcdf9f-b058-482e-bca8-45675628ebf2,1,0.022222,2024-02-09,2024-02-09,1.0,0.5,0.0,0
31e0783a-9c5d-4218-9f23-4b9427b111e7,36aa434c-6823-44b7-b5a6-53bde476c642,1,0.333333,2004-01-01,2004-01-01,1.0,1.0,0.0,0
31e0783a-9c5d-4218-9f23-4b9427b111e7,c4363ee6-42f6-4edc-bcc2-7f99ac367bb1,1,0.333333,2004-01-01,2004-01-01,1.0,1.0,0.0,0
36aa434c-6823-44b7-b5a6-53bde476c642,c4363ee6-42f6-4edc-bcc2-7f99ac367bb1,1,0.333333,2004-01-01,2004-01-01,1.0,1.0,0.0,0
1b9ac64d-680f-45c1-93af-fde816cf8091,9f93c34a-2dc2-400e-ada5-937c3efc3437,1,0.333333,1964-01-01,1964-01-01,1.0,0.25,0.0,1
1b9ac64d-680f-45c1-93af-fde816cf8091,d5709a02-30e0-4967-92ba-e584d8c21c72,1,0.333333,1964-01-01,1964-01-01,1.0,0.5,0.0,0
9f93c34a-2dc2-400e-ada5-937c3efc3437,d5709a02-30e0-4967-92ba-e584d8c21c72,1,0.333333,1964-01-01,1964-01-01,1.0,0.2,0.0,1
4d5447d7-c61c-4120-ba1b-d7f471d385b9,9e103f85-7af7-41d7-b83b-49ba8f0c5abf,1,0.333333,1966-01-01,1966-01-01,1.0,0.166667,0.052632,1
9e103f85-7af7-41d7-b83b-49ba8f0c5abf,ba550d0e-adac-4864-b88b-407cab5e76af,1,0.333333,1966-01-01,1966-01-01,1.0,0.090909,0.052632,1
13bcb2bb-db37-4397-baf5-e0f085be2d64,31bcadcc-e1da-4cad-bec8-2f4f1d41b095,1,0.066667,2013-01-01,2013-01-01,1.0,0.25,0.0,1
13bcb2bb-db37-4397-baf5-e0f085be2d64,48262e82-db9f-4a92-b650-dfef979b73ec,1,0.066667,2013-01-01,2013-01-01,1.0,0.125,0.0,1
13bcb2bb-db37-4397-baf5-e0f085be2d64,5a2071aa-0787-49fb-931c-fa85ba86e681,1,0.066667,2013-01-01,2013-01-01,1.0,0.5,0.0,0
13bcb2bb-db37-4397-baf5-e0f085be2d64,986ee464-cf8a-4e59-a71f-74756102067f,1,0.066667,2013-01-01,2013-01-01,1.0,1.0,0.0,0
13bcb2bb-db37-4397-baf5-e0f085be2d64,db56fad3-0dad-4b0d-9415-6a13ee695c64,1,0.066667,2013-01-01,2013-01-01,1.0,1.0,0.0,0
31bcadcc-e1da-4cad-bec8-2f4f1d41b095,5a2071aa-0787-49fb-931c-fa85ba86e681,1,0.066667,2013-01-01,2013-01-01,0.31503,0.2,0.0,1
31bcadcc-e1da-4cad-bec8-2f4f1d41b095,986ee464-cf8a-4e59-a71f-74756102067f,1,0.066667,2013-01-01,2013-01-01,1.0,0.25,0.0,1
31bcadcc-e1da-4cad-bec8-2f4f1d41b095,db56fad3-0dad-4b0d-9415-6a13ee695c64,1,0.066667,2013-01-01,2013-01-01,1.0,0.25,0.0,1
48262e82-db9f-4a92-b650-dfef979b73ec,986ee464-cf8a-4e59-a71f-74756102067f,1,0.066667,2013-01-01,2013-01-01,1.0,0.125,0.0,1
48262e82-db9f-4a92-b650-dfef979b73ec,db56fad3-0dad-4b0d-9415-6a13ee695c64,1,0.066667,2013-01-01,2013-01-01,1.0,0.125,0.0,1
5a2071aa-0787-49fb-931c-fa85ba86e681,986ee464-cf8a-4e59-a71f-74756102067f,1,0.066667,2013-01-01,2013-01-01,1.0,0.5,0.0,0
986ee464-cf8a-4e59-a71f-74756102067f,db56fad3-0dad-4b0d-9415-6a13ee695c64,1,0.066667,2013-01-01,2013-01-01,1.0,1.0,0.0,0
2280ca0e-6968-4349-8c36-cb0cbd6ee95f,5bec856f-b78b-4216-8af5-1c0c6365bcbe,1,0.066667,1990-01-01,1990-01-01,1.0,1.0,0.0,0
2280ca0e-6968-4349-8c36-cb0cbd6ee95f,6c0dadab-266a-4601-8394-5b8e19e90def,1,0.066667,1990-01-01,1990-01-01,1.0,1.0,0.0,0
2280ca0e-6968-4349-8c36-cb0cbd6ee95f,90023d8a-3907-45ec-a2aa-b8da61a6d0bd,1,0.066667,1990-01-01,1990-01-01,1.0,1.0,0.0,0
2280ca0e-6968-4349-8c36-cb0cbd6ee95f,e6de1f3b-6484-491c-88dd-6d619f142abc,1,0.066667,1990-01-01,1990-01-01,1.0,0.083333,0.0,1
2280ca0e-6968-4349-8c36-cb0cbd6ee95f,f40bf2d1-1da5-4146-96ab-865242554a66,1,0.066667,1990-01-01,1990-01-01,1.0,1.0,0.0,0
5bec856f-b78b-4216-8af5-1c0c6365bcbe,6c0dadab-266a-4601-8394-5b8e19e90def,1,0.066667,1990-01-01,1990-01-01,1.0,1.0,0.0,0
5bec856f-b78b-4216-8af5-1c0c6365bcbe,90023d8a-3907-45ec-a2aa-b8da61a6d0bd,1,0.066667,1990-01-01,1990-01-01,1.0,1.0,0.0,0
5bec856f-b78b-4216-8af5-1c0c6365bcbe,e6de1f3b-6484-491c-88dd-6d619f142abc,1,0.066667,1990-01-01,1990-01-01,1.0,0.083333,0.0,1
5bec856f-b78b-4216-8af5-1c0c6365bcbe,f40bf2d1-1da5-4146-96ab-865242554a66,1,0.066667,1990-01-01,1990-01-01,1.0,1.0,0.0,0
6c0dadab-266a-4601-8394-5b8e19e90def,90023d8a-3907-45ec-a2aa-b8da61a6d0bd,1,0.066667,1990-01-01,1990-01-01,1.0,1.0,0.0,0
6c0dadab-266a-4601-8394-5b8e19e90def,e6de1f3b-6484-491c-88dd-6d619f142abc,1,0.066667,1990-01-01,1990-01-01,1.0,0.083333,0.0,1
6c0dadab-266a-4601-8394-5b8e19e90def,f40bf2d1-1da5-4146-96ab-865242554a66,1,0.066667,1990-01-01,1990-01-01,1.0,1.0,0.0,0
90023d8a-3907-45ec-a2aa-b8da61a6d0bd,e6de1f3b-6484-491c-88dd-6d619f142abc,1,0.066667,1990-01-01,1990-01-01,1.0,0.083333,0.0,1
90023d8a-3907-45ec-a2aa-b8da61a6d0bd,f40bf2d1-1da5-4146-96ab-865242554a66,1,0.066667,1990-01-01,1990-01-01,1.0,1.0,0.0,0
e6de1f3b-6484-491c-88dd-6d619f142abc,f40bf2d1-1da5-4146-96ab-865242554a66,1,0.066667,1990-01-01,1990-01-01,1.0,0.083333,0.0,1
12eab90b-6b40-40ed-9ab0-b43c5ba09beb,170ef669-69f0-487f-9700-9896ac966a7f,1,0.035714,2023-09-15,2023-09-15,1.0,1.0,0.0,0
12eab90b-6b40-40ed-9ab0-b43c5ba09beb,2a4ee2dd-44f7-4135-ab02-cae8cb7ad059,1,0.035714,2023-09-15,2023-09-15,1.0,1.0,0.0,0
12eab90b-6b40-40ed-9ab0-b43c5ba09beb,351bf0c8-00a9-41da-923d-2daa61a21179,2,0.202381,2023-09-15,2025-03-28,1.0,1.0,0.0,0
12eab90b-6b40-40ed-9ab0-b43c5ba09beb,543727f8-971b-4433-a208-9896b0785dbf,1,0.035714,2023-09-15,2023-09-15,1.0,1.0,0.0,0
12eab90b-6b40-40ed-9ab0-b43c5ba09beb,5b0b7831-69a2-47aa-9891-de14e58f9ad9,1,0.035714,2023-09-15,2023-09-15,1.0,1.0,0.0,0
12eab90b-6b40-40ed-9ab0-b43c5ba09beb,6cf7f2ce-c646-45aa-8179-9149e9866097,1,0.035714,2023-09-15,2023-09-15,1.0,1.0,0.0,0
12eab90b-6b40-40ed-9ab0-b43c5ba09beb,f35494f7-1193-4277-b69f-6b10d50e0f09,1,0.035714,2023-09-15,2023-09-15,1.0,1.0,0.0,0
170ef669-69f0-487f-9700-9896ac966a7f,2a4ee2dd-44f7-4135-ab02-cae8cb7ad059,1,0.035714,2023-09-15,2023-09-15,1.0,1.0,0.0,0
170ef669-69f0-487f-9700-9896ac966a7f,351bf0c8-00a9-41da-923d-2daa61a21179,1,0.035714,2023-09-15,2023-09-15,1.0,1.0,0.0,0
170ef669-69f0-487f-9700-9896ac966a7f,543727f8-971b-4433-a208-9896b0785dbf,1,0.035714,2023-09-15,2023-09-15,1.0,1.0,0.0,0
170ef669-69f0-487f-9700-9896ac966a7f,5b0b7831-69a2-47aa-9891-de14e58f9ad9,1,0.035714,2023-09-15,2023-09-15,1.0,1.0,0.0,0
170ef669-69f0-487f-9700-9896ac966a7f,6cf7f2ce-c646-45aa-8179-9149e9866097,1,0.035714,2023-09-15,2023-09-15,1.0,1.0,0.0,0
170ef669-69f0-487f-9700-9896ac966a7f,f35494f7-1193-4277-b69f-6b10d50e0f09,1,0.035714,2023-09-15,2023-09-15,1.0,1.0,0.0,0
2a4ee2dd-44f7-4135-ab02-cae8cb7ad059,351bf0c8-00a9-41da-923d-2daa61a21179,1,0.035714,2023-09-15,2023-09-15,1.0,1.0,0.0,0
2a4ee2dd-44f7-4135-ab02-cae8cb7ad059,543727f8-971b-4433-a208-9896b0785dbf,1,0.035714,2023-09-15,2023-09-15,1.0,1.0,0.0,0
2a4ee2dd-44f7-4135-ab02-cae8cb7ad059,5b0b7831-69a2-47aa-9891-de14e58f9ad9,1,0.035714,2023-09-15,2023-09-15,1.0,1.0,0.0,0
2a4ee2dd-44f7-4135-ab02-cae8cb7ad059,6cf7f2ce-c646-45aa-8179-9149e9866097,1,0.035714,2023-09-15,2023-09-15,1.0,1.0,0.0,0
2a4ee2dd-44f7-4135-ab02-cae8cb7ad059,f35494f7-1193-4277-b69f-6b10d50e0f09,1,0.035714,2023-09-15,2023-09-15,1.0,1.0,0.0,0
351bf0c8-00a9-41da-923d-2daa61a21179,543727f8-971b-4433-a208-9896b0785dbf,1,0.035714,2023-09-15,2023-09-15,1.0,1.0,0.0,0
351bf0c8-00a9-41da-923d-2daa61a21179,5b0b7831-69a2-47aa-9891-de14e58f9ad9,1,0.035714,2023-09-15,2023-09-15,1.0,1.0,0.0,0
351bf0c8-00a9-41da-923d-2daa61a21179,6cf7f2ce-c646-45aa-8179-9149e9866097,1,0.035714,2023-09-15,2023-09-15,1.0,1.0,0.0,0
351bf0c8-00a9-41da-923d-2daa61a21179,f35494f7-1193-4277-b69f-6b10d50e0f09,1,0.035714,2023-09-15,2023-09-15,1.0,1.0,0.0,0
543727f8-971b-4433-a208-9896b0785dbf,5b0b7831-69a2-47aa-9891-de14e58f9ad9,1,0.035714,2023-09-15,2023-09-15,1.0,1.0,0.0,0
543727f8-971b-4433-a208-9896b0785dbf,6cf7f2ce-c646-45aa-8179-9149e9866097,1,0.035714,2023-09-15,2023-09-15,1.0,1.0,0.0,0
543727f8-971b-4433-a208-9896b0785dbf,f35494f7-1193-4277-b69f-6b10d50e0f09,1,0.035714,2023-09-15,2023-09-15,1.0,1.0,0.0,0
5b0b7831-69a2-47aa-9891-de14e58f9ad9,6cf7f2ce-c646-45aa-8179-9149e9866097,1,0.035714,2023-09-15,2023-09-15,1.0,1.0,0.0,0
5b0b7831-69a2-47aa-9891-de14e58f9ad9,f35494f7-1193-4277-b69f-6b10d50e0f09,1,0.035714,2023-09-15,2023-09-15,1.0,1.0,0.0,0
6cf7f2ce-c646-45aa-8179-9149e9866097,f35494f7-1193-4277-b69f-6b10d50e0f09,1,0.035714,2023-09-15,2023-09-15,1.0,1.0,0.0,0
12eab90b-6b40-40ed-9ab0-b43c5ba09beb,16ee7f6b-a8b5-4320-bc8b-4712a13ae965,1,0.166667,2025-03-28,2025-03-28,1.0,1.0,0.0,0
12eab90b-6b40-40ed-9ab0-b43c5ba09beb,8541ef68-0d90-4835-8f0b-cea044b4534b,1,0.166667,2025-03-28,2025-03-28,1.0,1.0,0.0,0
16ee7f6b-a8b5-4320-bc8b-4712a13ae965,351bf0c8-00a9-41da-923d-2daa61a21179,1,0.166667,2025-03-28,2025-03-28,1.0,1.0,0.0,0
16ee7f6b-a8b5-4320-bc8b-4712a13ae965,8541ef68-0d90-4835-8f0b-cea044b4534b,1,0.166667,2025-03-28,2025-03-28,1.0,1.0,0.0,0
351bf0c8-00a9-41da-923d-2daa61a21179,8541ef68-0d90-4835-8f0b-cea044b4534b,1,0.166667,2025-03-28,2025-03-28,1.0,1.0,0.0,0
6b5d7d4e-c64d-44c5-8af3-6acd9ccd55ed,ed7d03f3-75d8-422f-9ecf-1a9d105ee007,1,1.0,1996-01-01,1996-01-01,1.0,1.0,0.0,0
91eda19b-1437-42cd-b7af-69df24b7f275,a12980dd-8cf1-4802-84e3-32c08560cf49,1,1.0,1963-12-01,1963-12-01,1.0,0.0,0.0,1
8339c0c3-7a04-4b19-8ca3-b149e0d09222,844ed68b-265d-4c0c-ac22-b44e71455194,1,0.333333,2017-12-28,2017-12-28,1.0,0.4,1.0,0
8339c0c3-7a04-4b19-8ca3-b149e0d09222,db4713f0-54ed-4da6-9932-ef70d065402f,1,0.333333,2017-12-28,2017-12-28,1.0,0.4,1.0,0
844ed68b-265d-4c0c-ac22-b44e71455194,db4713f0-54ed-4da6-9932-ef70d065402f,1,0.333333,2017-12-28,2017-12-28,1.0,1.0,1.0,0
1a43e9d1-9767-4e2c-893a-65f43e5b8561,47010115-1e5e-46b5-bea4-4dd4a29fb0ab,1,0.1,2012-01-01,2012-01-01,1.0,1.0,0.0,0
1a43e9d1-9767-4e2c-893a-65f43e5b8561,5b64e344-b2fb-47bd-bd7b-4c793b17d472,1,0.1,2012-01-01,2012-01-01,1.0,0.125,0.0,1
1a43e9d1-9767-4e2c-893a-65f43e5b8561,e0140a67-e4d1-4f13-8a01-364355bee46e,1,0.1,2012-01-01,2012-01-01,1.0,0.111111,0.0,1
1a43e9d1-9767-4e2c-893a-65f43e5b8561,e07d9474-00ea-4460-ac27-88b46b3d976e,1,0.1,2012-01-01,2012-01-01,1.0,0.166667,0.0,1
47010115-1e5e-46b5-bea4-4dd4a29fb0ab,5b64e344-b2fb-47bd-bd7b-4c793b17d472,1,0.1,2012-01-01,2012-01-01,1.0,0.125,0.0,1
47010115-1e5e-46b5-bea4-4dd4a29fb0ab,e0140a67-e4d1-4f13-8a01-364355bee46e,1,0.1,2012-01-01,2012-01-01,1.0,0.111111,0.0,1
47010115-1e5e-46b5-bea4-4dd4a29fb0ab,e07d9474-00ea-4460-ac27-88b46b3d976e,1,0.1,2012-01-01,2012-01-01,1.0,0.166667,0.0,1
5b64e344-b2fb-47bd-bd7b-4c793b17d472,e0140a67-e4d1-4f13-8a01-364355bee46e,1,0.1,2012-01-01,2012-01-01,0.89464,0.7,0.0,0
5b64e344-b2fb-47bd-bd7b-4c793b17d472,e07d9474-00ea-4460-ac27-88b46b3d976e,2,0.135714,2012-01-01,2012-06-25,1.0,0.555556,0.0,0
e0140a67-e4d1-4f13-8a01-364355bee46e,e07d9474-00ea-4460-ac27-88b46b3d976e,1,0.1,2012-01-01,2012-01-01,0.89464,0.5,0.0,0
03f8ade0-201a-43ee-90b4-96c36dc591b0,5b64e344-b2fb-47bd-bd7b-4c793b17d472,1,0.035714,2012-06-25,2012-06-25,1.0,0.25,0.0,1
03f8ade0-201a-43ee-90b4-96c36dc591b0,5e7ac01f-0a87-4df6-abf3-31a6acb33633,1,0.035714,2012-06-25,2012-06-25,1.0,0.5,0.0,0
03f8ade0-201a-43ee-90b4-96c36dc591b0,86083bea-ffa2-47ec-b7dd-06313f3b349b,1,0.035714,2012-06-25,2012-06-25,1.0,0.5,0.0,0
03f8ade0-201a-43ee-90b4-96c36dc591b0,e07d9474-00ea-4460-ac27-88b46b3d976e,1,0.035714,2012-06-25,2012-06-25,1.0,0.333333,0.0,1
5b64e344-b2fb-47bd-bd7b-4c793b17d472,5e7ac01f-0a87-4df6-abf3-31a6acb33633,1,0.035714,2012-06-25,2012-06-25,1.0,0.125,0.0,1
5b64e344-b2fb-47bd-bd7b-4c793b17d472,6fca9aa3-8e72-40c0-bac9-7c4b73c9786e,1,0.035714,2012-06-25,2012-06-25,1.0,0.25,0.0,1
5b64e344-b2fb-47bd-bd7b-4c793b17d472,7d7a5fdd-0d04-4c36-8bee-906feeae239c,1,0.035714,2012-06-25,2012-06-25,1.0,0.375,0.0,1
5b64e344-b2fb-47bd-bd7b-4c793b17d472,86083bea-ffa2-47ec-b7dd-06313f3b349b,1,0.035714,2012-06-25,2012-06-25,1.0,0.125,0.0,1
5b64e344-b2fb-47bd-bd7b-4c793b17d472,fb56cc34-2ab1-4621-ac18-9bf2895e5f4f,1,0.035714,2012-06-25,2012-06-25,1.0,0.375,0.0,1
5e7ac01f-0a87-4df6-abf3-31a6acb33633,6fca9aa3-8e72-40c0-bac9-7c4b73c9786e,1,0.035714,2012-06-25,2012-06-25,1.0,0.5,0.0,0
5e7ac01f-0a87-4df6-abf3-31a6acb33633,7d7a5fdd-0d04-4c36-8bee-906feeae239c,1,0.035714,2012-06-25,2012-06-25,1.0,0.333333,0.0,1
5e7ac01f-0a87-4df6-abf3-31a6acb33633,86083bea-ffa2-47ec-b7dd-06313f3b349b,1,0.035714,2012-06-25,2012-06-25,1.0,1.0,0.0,0
5e7ac01f-0a87-4df6-abf3-31a6acb33633,e07d9474-00ea-4460-ac27-88b46b3d976e,1,0.035714,2012-06-25,2012-06-25,1.0,0.166667,0.0,1
5e7ac01f-0a87-4df6-abf3-31a6acb33633,fb56cc34-2ab1-4621-ac18-9bf2895e5f4f,1,0.035714,2012-06-25,2012-06-25,1.0,0.333333,0.0,1
6fca9aa3-8e72-40c0-bac9-7c4b73c9786e,86083bea-ffa2-47ec-b7dd-06313f3b349b,1,0.035714,2012-06-25,2012-06-25,1.0,0.5,0.0,0
6fca9aa3-8e72-40c0-bac9-7c4b73c9786e,e07d9474-00ea-4460-ac27-88b46b3d976e,1,0.035714,2012-06-25,2012-06-25,1.0,0.333333,0.0,1
7d7a5fdd-0d04-4c36-8bee-906feeae239c,86083bea-ffa2-47ec-b7dd-06313f3b349b,1,0.035714,2012-06-25,2012-06-25,1.0,0.333333,0.0,1
7d7a5fdd-0d04-4c36-8bee-906feeae239c,e07d9474-00ea-4460-ac27-88b46b3d976e,1,0.035714,2012-06-25,2012-06-25,1.0,0.285714,0.0,1
86083bea-ffa2-47ec-b7dd-06313f3b349b,e07d9474-00ea-4460-ac27-88b46b3d976e,1,0.035714,2012-06-25,2012-06-25,1.0,0.166667,0.0,1
86083bea-ffa2-47ec-b7dd-06313f3b349b,fb56cc34-2ab1-4621-ac18-9bf2895e5f4f,1,0.035714,2012-06-25,2012-06-25,1.0,0.333333,0.0,1
e07d9474-00ea-4460-ac27-88b46b3d976e,fb56cc34-2ab1-4621-ac18-9bf2895e5f4f,1,0.035714,2012-06-25,2012-06-25,1.0,0.285714,0.0,1
65e60a4a-4e52-48b3-ade4-bdfed2c94b3e,ec8033d3-33db-4018-bdc4-7e7437160821,1,1.0,2015-07-17,2015-07-17,1.0,1.0,0.0,0
0fb41597-d1a0-480c-93f3-9ecd8b2daa0d,8c8d8f2c-0924-4492-a4c4-cb042531ce86,1,0.333333,1940-01-01,1940-01-01,1.0,0.0,1.0,0
0fb41597-d1a0-480c-93f3-9ecd8b2daa0d,facf743e-1231-410d-bdf1-9ba11a6a4f3c,1,0.333333,1940-01-01,1940-01-01,1.0,0.0,1.0,0
8c8d8f2c-0924-4492-a4c4-cb042531ce86,facf743e-1231-410d-bdf1-9ba11a6a4f3c,1,0.333333,1940-01-01,1940-01-01,1.0,0.166667,1.0,0
03f3deb7-0419-4bf9-a1e7-511946385717,2d4a1dd1-2cd8-4553-bf0b-74b8c9179633,1,0.035714,2000-01-01,2000-01-01,1.0,0.076923,0.0,1
03f3deb7-0419-4bf9-a1e7-511946385717,415e30a0-116b-4a4f-8cbf-8d0f6406bbab,1,0.035714,2000-01-01,2000-01-01,1.0,0.076923,0.0,1
03f3deb7-0419-4bf9-a1e7-511946385717,6bfe9806-b477-4750-8bd2-b1d0acf901a9,1,0.035714,2000-01-01,2000-01-01,1.0,0.076923,0.0,1
03f3deb7-0419-4bf9-a1e7-511946385717,c262b6bf-be56-4b26-bceb-42d7a27342f3,1,0.035714,2000-01-01,2000-01-01,1.0,0.076923,0.0,1
03f3deb7-0419-4bf9-a1e7-511946385717,c8975bbf-2778-47ae-accf-c584e644450d,1,0.035714,2000-01-01,2000-01-01,1.0,0.076923,0.0,1
03f3deb7-0419-4bf9-a1e7-511946385717,d07bca29-d980-4100-8cad-065a05f2b343,1,0.035714,2000-01-01,2000-01-01,1.0,0.076923,0.0,1
03f3deb7-0419-4bf9-a1e7-511946385717,f1dd0051-5578-45a7-a733-03113626407f,1,0.035714,2000-01-01,2000-01-01,1.0,0.076923,0.0,1
2d4a1dd1-2cd8-4553-bf0b-74b8c9179633,415e30a0-116b-4a4f-8cbf-8d0f6406bbab,1,0.035714,2000-01-01,2000-01-01,1.0,1.0,0.0,0
2d4a1dd1-2cd8-4553-bf0b-74b8c9179633,6bfe9806-b477-4750-8bd2-b1d0acf901a9,1,0.035714,2000-01-01,2000-01-01,1.0,1.0,0.0,0
2d4a1dd1-2cd8-4553-bf0b-74b8c9179633,c262b6bf-be56-4b26-bceb-42d7a27342f3,1,0.035714,2000-01-01,2000-01-01,1.0,1.0,0.0,0
2d4a1dd1-2cd8-4553-bf0b-74b8c9179633,c8975bbf-2778-47ae-accf-c584e644450d,1,0.035714,2000-01-01,2000-01-01,1.0,1.0,0.0,0
2d4a1dd1-2cd8-4553-bf0b-74b8c9179633,d07bca29-d980-4100-8cad-065a05f2b343,1,0.035714,2000-01-01,2000-01-01,1.0,1.0,0.0,0
2d4a1dd1-2cd8-4553-bf0b-74b8c9179633,f1dd0051-5578-45a7-a733-03113626407f,1,0.035714,2000-01-01,2000-01-01,1.0,1.0,0.0,0
415e30a0-116b-4a4f-8cbf-8d0f6406bbab,6bfe9806-b477-4750-8bd2-b1d0acf901a9,1,0.035714,2000-01-01,2000-01-01,1.0,1.0,0.0,0
415e30a0-116b-4a4f-8cbf-8d0f6406bbab,c262b6bf-be56-4b26-bceb-42d7a27342f3,1,0.035714,2000-01-01,2000-01-01,1.0,1.0,0.0,0
415e30a0-116b-4a4f-8cbf-8d0f6406bbab,c8975bbf-2778-47ae-accf-c584e644450d,1,0.035714,2000-01-01,2000-01-01,1.0,1.0,0.0,0
415e30a0-116b-4a4f-8cbf-8d0f6406bbab,d07bca29-d980-4100-8cad-065a05f2b343,1,0.035714,2000-01-01,2000-01-01,1.0,1.0,0.0,0
415e30a0-116b-4a4f-8cbf-8d0f6406bbab,f1dd0051-5578-45a7-a733-03113626407f,1,0.035714,2000-01-01,2000-01-01,1.0,1.0,0.0,0
6bfe9806-b477-4750-8bd2-b1d0acf901a9,c262b6bf-be56-4b26-bceb-42d7a27342f3,1,0.035714,2000-01-01,2000-01-01,1.0,1.0,0.0,0
6bfe9806-b477-4750-8bd2-b1d0acf901a9,c8975bbf-2778-47ae-accf-c584e644450d,1,0.035714,2000-01-01,2000-01-01,1.0,1.0,0.0,0
6bfe9806-b477-4750-8bd2-b1d0acf901a9,d07bca29-d980-4100-8cad-065a05f2b343,1,0.035714,2000-01-01,2000-01-01,1.0,1.0,0.0,0
6bfe9806-b477-4750-8bd2-b1d0acf901a9,f1dd0051-5578-45a7-a733-03113626407f,1,0.035714,2000-01-01,2000-01-01,1.0,1.0,0.0,0
c262b6bf-be56-4b26-bceb-42d7a27342f3,c8975bbf-2778-47ae-accf-c584e644450d,1,0.035714,2000-01-01,2000-01-01,1.0,1.0,0.0,0
c262b6bf-be56-4b26-bceb-42d7a27342f3,d07bca29-d980-4100-8cad-065a05f2b343,1,0.035714,2000-01-01,2000-01-01,1.0,1.0,0.0,0
c262b6bf-be56-4b26-bceb-42d7a27342f3,f1dd0051-5578-45a7-a733-03113626407f,1,0.035714,2000-01-01,2000-01-01,1.0,1.0,0.0,0
c8975bbf-2778-47ae-accf-c584e644450d,d07bca29-d980-4100-8cad-065a05f2b343,1,0.035714,2000-01-01,2000-01-01,1.0,1.0,0.0,0
c8975bbf-2778-47ae-accf-c584e644450d,f1dd0051-5578-45a7-a733-03113626407f,1,0.035714,2000-01-01,2000-01-01,1.0,1.0,0.0,0
d07bca29-d980-4100-8cad-065a05f2b343,f1dd0051-5578-45a7-a733-03113626407f,1,0.035714,2000-01-01,2000-01-01,1.0,1.0,0.0,0
12718e0c-546e-45f7-ae86-9dbaa65797d2,21a14ee3-cede-420a-9d6d-a33517d2f952,1,0.166667,2000-01-01,2000-01-01,1.0,0.2,1.0,0
12718e0c-546e-45f7-ae86-9dbaa65797d2,b95ce3ff-3d05-4e87-9e01-c97b66af13d4,1,0.166667,2000-01-01,2000-01-01,1.0,0.083333,1.0,0
12718e0c-546e-45f7-ae86-9dbaa65797d2,d1353a0c-26fb-4318-a116-defde9c7c9ad,1,0.166667,2000-01-01,2000-01-01,1.0,1.0,1.0,0
21a14ee3-cede-420a-9d6d-a33517d2f952,b95ce3ff-3d05-4e87-9e01-c97b66af13d4,1,0.166667,2000-01-01,2000-01-01,1.0,0.416667,1.0,0
21a14ee3-cede-420a-9d6d-a33517d2f952,d1353a0c-26fb-4318-a116-defde9c7c9ad,1,0.166667,2000-01-01,2000-01-01,1.0,0.2,1.0,0
b95ce3ff-3d05-4e87-9e01-c97b66af13d4,d1353a0c-26fb-4318-a116-defde9c7c9ad,1,0.166667,2000-01-01,2000-01-01,1.0,0.083333,1.0,0
3a750bab-16d5-4305-a8ab-9305d81afdf9,58a5d932-03bd-422a-8456-376fb7e5fba4,1,0.166667,1995-01-01,1995-01-01,1.0,1.0,1.0,0
3a750bab-16d5-4305-a8ab-9305d81afdf9,78e854b8-9713-4ff2-9218-6b3784893bff,1,0.166667,1995-01-01,1995-01-01,1.0,0.166667,1.0,0
3a750bab-16d5-4305-a8ab-9305d81afdf9,dfe7421a-e4a8-4330-8fc0-f69777e7b707,1,0.166667,1995-01-01,1995-01-01,1.0,1.0,1.0,0
58a5d932-03bd-422a-8456-376fb7e5fba4,78e854b8-9713-4ff2-9218-6b3784893bff,1,0.166667,1995-01-01,1995-01-01,1.0,0.166667,1.0,0
58a5d932-03bd-422a-8456-376fb7e5fba4,dfe7421a-e4a8-4330-8fc0-f69777e7b707,1,0.166667,1995-01-01,1995-01-01,1.0,1.0,1.0,0
78e854b8-9713-4ff2-9218-6b3784893bff,dfe7421a-e4a8-4330-8fc0-f69777e7b707,1,0.166667,1995-01-01,1995-01-01,1.0,0.166667,1.0,0
32b21b39-d65c-4c6e-811c-f5618b6806af,5660a8c7-d0d9-4181-89b4-8e125328e31e,5,4.333333,2017-01-01,2019-07-26,1.0,0.166667,0.0,1
2ffba2ce-d1ec-4a83-bafc-f515577cc106,32b21b39-d65c-4c6e-811c-f5618b6806af,1,0.333333,2019-07-26,2019-07-26,1.0,1.0,0.0,0
2ffba2ce-d1ec-4a83-bafc-f515577cc106,5660a8c7-d0d9-4181-89b4-8e125328e31e,1,0.333333,2019-07-26,2019-07-26,1.0,0.166667,0.0,1
02f314c0-2136-4172-8ea0-07149c77c722,7147eef1-7c2f-4259-89e5-572c76dc16e5,1,0.066667,2007-01-01,2007-01-01,0.629761,1.0,0.0,0
02f314c0-2136-4172-8ea0-07149c77c722,c3318701-8e8b-4dff-b43a-2291b1ffa312,1,0.066667,2007-01-01,2007-01-01,1.0,1.0,0.0,0
02f314c0-2136-4172-8ea0-07149c77c722,f7eb3be3-1065-4a53-94d4-e2d0c15c0b33,1,0.066667,2007-01-01,2007-01-01,0.629761,0.25,0.0,1
24252d8a-38e7-4358-bfe7-70d845f156ba,7147eef1-7c2f-4259-89e5-572c76dc16e5,1,0.066667,2007-01-01,2007-01-01,0.629761,1.0,0.0,0
24252d8a-38e7-4358-bfe7-70d845f156ba,c3318701-8e8b-4dff-b43a-2291b1ffa312,1,0.066667,2007-01-01,2007-01-01,1.0,1.0,0.0,0
24252d8a-38e7-4358-bfe7-70d845f156ba,f7eb3be3-1065-4a53-94d4-e2d0c15c0b33,1,0.066667,2007-01-01,2007-01-01,0.629761,0.25,0.0,1
7147eef1-7c2f-4259-89e5-572c76dc16e5,837555ba-012e-45f1-9a9c-9628da13ee54,1,0.066667,2007-01-01,2007-01-01,0.629761,1.0,0.0,0
7147eef1-7c2f-4259-89e5-572c76dc16e5,c3318701-8e8b-4dff-b43a-2291b1ffa312,1,0.066667,2007-01-01,2007-01-01,1.0,1.0,0.0,0
7147eef1-7c2f-4259-89e5-572c76dc16e5,f7eb3be3-1065-4a53-94d4-e2d0c15c0b33,3,0.3,2007-01-01,2009-01-01,1.0,0.25,0.0,1
837555ba-012e-45f1-9a9c-9628da13ee54,c3318701-8e8b-4dff-b43a-2291b1ffa312,1,0.066667,2007-01-01,2007-01-01,1.0,1.0,0.0,0
837555ba-012e-45f1-9a9c-9628da13ee54,f7eb3be3-1065-4a53-94d4-e2d0c15c0b33,1,0.066667,2007-01-01,2007-01-01,0.629761,0.25,0.0,1
c3318701-8e8b-4dff-b43a-2291b1ffa312,f7eb3be3-1065-4a53-94d4-e2d0c15c0b33,1,0.066667,2007-01-01,2007-01-01,1.0,0.25,0.0,1
3bf30073-ce4e-4207-88d2-ad83677b0387,6de0f914-3e60-4418-be3b-42e0feb6eb4d,1,0.066667,2009-01-01,2009-01-01,1.0,1.0,0.0,0
3bf30073-ce4e-4207-88d2-ad83677b0387,7147eef1-7c2f-4259-89e5-572c76dc16e5,1,0.066667,2009-01-01,2009-01-01,1.0,1.0,0.0,0
3bf30073-ce4e-4207-88d2-ad83677b0387,88991326-cbc7-4a03-b4f4-94e4a859b6c8,1,0.066667,2009-01-01,2009-01-01,1.0,1.0,0.0,0
3bf30073-ce4e-4207-88d2-ad83677b0387,93c4a677-a00b-4067-b594-4dcdbc5c9d44,1,0.066667,2009-01-01,2009-01-01,1.0,1.0,0.0,0
3bf30073-ce4e-4207-88d2-ad83677b0387,f7eb3be3-1065-4a53-94d4-e2d0c15c0b33,1,0.066667,2009-01-01,2009-01-01,1.0,0.25,0.0,1
6de0f914-3e60-4418-be3b-42e0feb6eb4d,7147eef1-7c2f-4259-89e5-572c76dc16e5,2,0.233333,2009-01-01,2009-01-01,1.0,1.0,0.0,0
6de0f914-3e60-4418-be3b-42e0feb6eb4d,88991326-cbc7-4a03-b4f4-94e4a859b6c8,1,0.066667,2009-01-01,2009-01-01,1.0,1.0,0.0,0
6de0f914-3e60-4418-be3b-42e0feb6eb4d,93c4a677-a00b-4067-b594-4dcdbc5c9d44,1,0.066667,2009-01-01,2009-01-01,1.0,1.0,0.0,0
6de0f914-3e60-4418-be3b-42e0feb6eb4d,f7eb3be3-1065-4a53-94d4-e2d0c15c0b33,2,0.233333,2009-01-01,2009-01-01,1.0,0.25,0.0,1
7147eef1-7c2f-4259-89e5-572c76dc16e5,88991326-cbc7-4a03-b4f4-94e4a859b6c8,1,0.066667,2009-01-01,2009-01-01,1.0,1.0,0.0,0
7147eef1-7c2f-4259-89e5-572c76dc16e5,93c4a677-a00b-4067-b594-4dcdbc5c9d44,1,0.066667,2009-01-01,2009-01-01,1.0,1.0,0.0,0
88991326-cbc7-4a03-b4f4-94e4a859b6c8,93c4a677-a00b-4067-b594-4dcdbc5c9d44,1,0.066667,2009-01-01,2009-01-01,1.0,1.0,0.0,0
88991326-cbc7-4a03-b4f4-94e4a859b6c8,f7eb3be3-1065-4a53-94d4-e2d0c15c0b33,1,0.066667,2009-01-01,2009-01-01,1.0,0.25,0.0,1
93c4a677-a00b-4067-b594-4dcdbc5c9d44,f7eb3be3-1065-4a53-94d4-e2d0c15c0b33,1,0.066667,2009-01-01,2009-01-01,1.0,0.25,0.0,1
328d146c-79f1-4eb6-9e40-8ee5710c14e5,6de0f914-3e60-4418-be3b-42e0feb6eb4d,1,0.166667,2009-01-01,2009-01-01,1.0,0.055556,0.0,1
328d146c-79f1-4eb6-9e40-8ee5710c14e5,7147eef1-7c2f-4259-89e5-572c76dc16e5,1,0.166667,2009-01-01,2009-01-01,1.0,0.055556,0.0,1
328d146c-79f1-4eb6-9e40-8ee5710c14e5,f7eb3be3-1065-4a53-94d4-e2d0c15c0b33,1,0.166667,2009-01-01,2009-01-01,1.0,0.157895,0.0,1
519774a4-3b18-4042-b8c0-927845a616c9,bfd5aec5-62a2-4560-a316-7c46c17babda,1,0.333333,1969-01-01,1969-01-01,1.0,0.2,0.2,1
bd53f9a7-8be9-46b0-bf7d-1deea3cb57bc,bfd5aec5-62a2-4560-a316-7c46c17babda,1,0.333333,1969-01-01,1969-01-01,1.0,0.2,0.2,1
05f3353e-e2d9-4344-a3c9-8009dd8e0427,3cb25fb2-5547-4b05-adec-1a5e37830d46,1,1.0,1977-01-01,1977-01-01,1.0,0.4,0.0,1
c3cceeed-3332-4cf0-8c4c-bbde425147b6,ff399892-1aab-44e8-8905-bf8721ce0866,1,1.0,1977-01-01,1977-01-01,1.0,0.0,0.0,1
690c8bf1-9499-4c9c-9b5e-9758378cb5c7,c3cceeed-3332-4cf0-8c4c-bbde425147b6,2,0.666667,1978-01-01,1978-01-01,1.0,0.0,0.0,1
690c8bf1-9499-4c9c-9b5e-9758378cb5c7,f8c5d264-c107-4fa6-806c-d7951624a477,1,0.333333,1978-01-01,1978-01-01,1.0,0.5,0.0,0
c3cceeed-3332-4cf0-8c4c-bbde425147b6,f8c5d264-c107-4fa6-806c-d7951624a477,1,0.333333,1978-01-01,1978-01-01,1.0,0.0,0.0,1
690c8bf1-9499-4c9c-9b5e-9758378cb5c7,d71aa474-76e1-4c5c-8d5b-778e4bee708d,1,0.333333,1978-01-01,1978-01-01,1.0,0.0,0.0,1
c3cceeed-3332-4cf0-8c4c-bbde425147b6,d71aa474-76e1-4c5c-8d5b-778e4bee708d,1,0.333333,1978-01-01,1978-01-01,1.0,0.0,0.0,1
0f50beab-d77d-4f0f-ac26-0b87d3e9b11b,c3cceeed-3332-4cf0-8c4c-bbde425147b6,1,1.0,1979-01-01,1979-01-01,1.0,0.0,0.0,1
add5f522-25df-41c4-815e-0ca9f60b83e4,b201c562-a974-4c73-8bc2-41b204f694a3,1,0.166667,1984-01-01,1984-01-01,1.0,0.0,0.0,1
add5f522-25df-41c4-815e-0ca9f60b83e4,b7718415-b72a-463f-86df-50e900a1e771,1,0.166667,1984-01-01,1984-01-01,1.0,0.0,0.0,1
add5f522-25df-41c4-815e-0ca9f60b83e4,e06442a5-1716-46cd-adc4-e1ef022704b6,1,0.166667,1984-01-01,1984-01-01,1.0,0.0,0.0,1
b201c562-a974-4c73-8bc2-41b204f694a3,b7718415-b72a-463f-86df-50e900a1e771,1,0.166667,1984-01-01,1984-01-01,1.0,0.5,0.0,0
b201c562-a974-4c73-8bc2-41b204f694a3,e06442a5-1716-46cd-adc4-e1ef022704b6,1,0.166667,1984-01-01,1984-01-01,1.0,1.0,0.0,0
b7718415-b72a-463f-86df-50e900a1e771,e06442a5-1716-46cd-adc4-e1ef022704b6,1,0.166667,1984-01-01,1984-01-01,1.0,0.5,0.0,0
66ab36ce-8f58-46fb-9284-396c2c90ecbd,83862818-99d7-4b43-92f3-aec81c633204,1,1.0,2018-02-23,2018-02-23,1.0,0.5,0.0,0
31bcadcc-e1da-4cad-bec8-2f4f1d41b095,5721c227-4caf-48b1-bbfc-1a4ed3276963,1,0.1,2018-11-30,2018-11-30,1.0,0.285714,0.0,1
31bcadcc-e1da-4cad-bec8-2f4f1d41b095,800760de-bdf8-43a2-8fe0-44a2401a5515,1,0.1,2018-11-30,2018-11-30,1.0,0.428571,0.0,1
31bcadcc-e1da-4cad-bec8-2f4f1d41b095,9fb2e361-6b56-44ae-b276-50e46e8f8688,1,0.1,2018-11-30,2018-11-30,1.0,0.25,0.0,1
48262e82-db9f-4a92-b650-dfef979b73ec,5721c227-4caf-48b1-bbfc-1a4ed3276963,1,0.1,2018-11-30,2018-11-30,1.0,0.444444,0.0,1
48262e82-db9f-4a92-b650-dfef979b73ec,800760de-bdf8-43a2-8fe0-44a2401a5515,1,0.1,2018-11-30,2018-11-30,1.0,0.555556,0.0,0
48262e82-db9f-4a92-b650-dfef979b73ec,9fb2e361-6b56-44ae-b276-50e46e8f8688,1,0.1,2018-11-30,2018-11-30,1.0,0.125,0.0,1
5721c227-4caf-48b1-bbfc-1a4ed3276963,800760de-bdf8-43a2-8fe0-44a2401a5515,1,0.1,2018-11-30,2018-11-30,0.979961,0.833333,0.0,0
5721c227-4caf-48b1-bbfc-1a4ed3276963,9fb2e361-6b56-44ae-b276-50e46e8f8688,1,0.1,2018-11-30,2018-11-30,1.0,0.2,0.0,1
800760de-bdf8-43a2-8fe0-44a2401a5515,9fb2e361-6b56-44ae-b276-50e46e8f8688,1,0.1,2018-11-30,2018-11-30,1.0,0.166667,0.0,1
5721c227-4caf-48b1-bbfc-1a4ed3276963,7aa27474-7b32-46c5-a065-ec831e8a70da,1,0.1,2018-12-24,2018-12-24,0.802917,0.2,0.0,1
5721c227-4caf-48b1-bbfc-1a4ed3276963,b1e26560-60e5-4236-bbdb-9aa5a8d5ee19,1,0.1,2018-12-24,2018-12-24,1.0,0.333333,0.0,1
5721c227-4caf-48b1-bbfc-1a4ed3276963,c0367e31-dc3a-4f5e-9d24-0e3af39a8704,1,0.1,2018-12-24,2018-12-24,0.802917,0.2,0.0,1
5721c227-4caf-48b1-bbfc-1a4ed3276963,fb7d550f-7518-41ba-95db-33db5287d8e2,1,0.1,2018-12-24,2018-12-24,1.0,0.166667,0.0,1
7aa27474-7b32-46c5-a065-ec831e8a70da,fb7d550f-7518-41ba-95db-33db5287d8e2,1,0.1,2018-12-24,2018-12-24,1.0,0.5,0.0,0
b1e26560-60e5-4236-bbdb-9aa5a8d5ee19,fb7d550f-7518-41ba-95db-33db5287d8e2,1,0.1,2018-12-24,2018-12-24,1.0,0.285714,0.0,1
410bbb19-8309-4a0b-9f87-3d65bde4a826,5721c227-4caf-48b1-bbfc-1a4ed3276963,1,0.1,2019-02-14,2019-02-14,1.0,0.2,0.0,1
410bbb19-8309-4a0b-9f87-3d65bde4a826,5b489ea2-dea2-43c7-a4e5-c373a22d3113,1,0.1,2019-02-14,2019-02-14,1.0,1.0,0.0,0
410bbb19-8309-4a0b-9f87-3d65bde4a826,7abcd29e-8b5c-42d2-b845-3bf4b80100a8,1,0.1,2019-02-14,2019-02-14,1.0,1.0,0.0,0
410bbb19-8309-4a0b-9f87-3d65bde4a826,bf314a8f-5dc6-4dc5-8819-d25b4cc38164,1,0.1,2019-02-14,2019-02-14,1.0,1.0,0.0,0
5721c227-4caf-48b1-bbfc-1a4ed3276963,5b489ea2-dea2-43c7-a4e5-c373a22d3113,1,0.1,2019-02-14,2019-02-14,1.0,0.2,0.0,1
5721c227-4caf-48b1-bbfc-1a4ed3276963,7abcd29e-8b5c-42d2-b845-3bf4b80100a8,1,0.1,2019-02-14,2019-02-14,1.0,0.2,0.0,1
5721c227-4caf-48b1-bbfc-1a4ed3276963,bf314a8f-5dc6-4dc5-8819-d25b4cc38164,1,0.1,2019-02-14,2019-02-14,1.0,0.2,0.0,1
5b489ea2-dea2-43c7-a4e5-c373a22d3113,7abcd29e-8b5c-42d2-b845-3bf4b80100a8,1,0.1,2019-02-14,2019-02-14,1.0,1.0,0.0,0
5b489ea2-dea2-43c7-a4e5-c373a22d3113,bf314a8f-5dc6-4dc5-8819-d25b4cc38164,1,0.1,2019-02-14,2019-02-14,1.0,1.0,0.0,0
7abcd29e-8b5c-42d2-b845-3bf4b80100a8,bf314a8f-5dc6-4dc5-8819-d25b4cc38164,1,0.1,2019-02-14,2019-02-14,1.0,1.0,0.0,0
3ebf1451-e5db-4cb9-b140-7ba22ba83a8d,5721c227-4caf-48b1-bbfc-1a4ed3276963,1,0.166667,2019-12-06,2019-12-06,1.0,0.2,1.0,0
3ebf1451-e5db-4cb9-b140-7ba22ba83a8d,704693db-969d-4e94-b0d5-dad24952c6bb,1,0.166667,2019-12-06,2019-12-06,1.0,1.0,1.0,0
3ebf1451-e5db-4cb9-b140-7ba22ba83a8d,f99b7df3-2df2-45d0-9e99-c5f4623b7dcc,1,0.166667,2019-12-06,2019-12-06,1.0,1.0,0.333333,0
5721c227-4caf-48b1-bbfc-1a4ed3276963,704693db-969d-4e94-b0d5-dad24952c6bb,1,0.166667,2019-12-06,2019-12-06,1.0,0.2,1.0,0
5721c227-4caf-48b1-bbfc-1a4ed3276963,f99b7df3-2df2-45d0-9e99-c5f4623b7dcc,1,0.166667,2019-12-06,2019-12-06,1.0,0.2,0.333333,1
704693db-969d-4e94-b0d5-dad24952c6bb,f99b7df3-2df2-45d0-9e99-c5f4623b7dcc,1,0.166667,2019-12-06,2019-12-06,1.0,1.0,0.333333,0
1c5b9bd6-76e8-4fe7-a6df-3bc0b5a452cc,248ead7d-8058-4e0c-b334-fde70c036f8d,1,0.166667,1990-01-01,1990-01-01,1.0,0.0,0.0,1
1c5b9bd6-76e8-4fe7-a6df-3bc0b5a452cc,68c34082-c1d5-4399-af9b-3921ca0a6a1f,1,0.166667,1990-01-01,1990-01-01,1.0,0.0,0.0,1
1c5b9bd6-76e8-4fe7-a6df-3bc0b5a452cc,e2190b35-1181-44f6-8587-4c04123a6f30,1,0.166667,1990-01-01,1990-01-01,1.0,0.0,0.0,1
248ead7d-8058-4e0c-b334-fde70c036f8d,68c34082-c1d5-4399-af9b-3921ca0a6a1f,1,0.166667,1990-01-01,1990-01-01,1.0,0.333333,0.0,1
248ead7d-8058-4e0c-b334-fde70c036f8d,e2190b35-1181-44f6-8587-4c04123a6f30,1,0.166667,1990-01-01,1990-01-01,1.0,0.5,0.0,0
8546949d-f46c-45ab-8391-85b26dda6b65,92a42e82-b36f-4308-82c1-68bad2e03c89,1,0.333333,1970-01-01,1970-01-01,1.0,0.2,0.0,1
8546949d-f46c-45ab-8391-85b26dda6b65,f367ff22-5787-41cb-a7c9-bbbc7b817c21,1,0.333333,1970-01-01,1970-01-01,1.0,0.5,0.0,0
92a42e82-b36f-4308-82c1-68bad2e03c89,f367ff22-5787-41cb-a7c9-bbbc7b817c21,1,0.333333,1970-01-01,1970-01-01,1.0,0.0,0.0,1
90270118-8ed0-4446-bf97-8a09b3f9e8f3,a2c4674d-35eb-4e86-9100-1da0a2985cb1,1,1.0,1940-09-27,1940-09-27,1.0,0.0,0.0,1
56b7ad8e-3c4f-4f14-914d-f2852d147c2e,673d3a45-5f49-4b5e-9910-4869a613d37f,2,1.333333,1947-01-01,1951-01-01,1.0,0.0,1.0,0
1b3a1e49-2494-441c-9818-3fbbe73d09b4,5fd5aa4f-02b0-4747-ad4c-8a3b4f0f3f79,1,1.0,1944-01-01,1944-01-01,1.0,0.0,0.0,1
1239d1bc-cc09-43e0-bcd0-374f60346138,2882ffa3-dec9-4055-a842-a950728bcb02,1,0.333333,1969-01-01,1969-01-01,1.0,0.285714,0.2,1
1239d1bc-cc09-43e0-bcd0-374f60346138,41f5d2cd-672b-460e-8ab6-e29db2f1e088,1,0.333333,1969-01-01,1969-01-01,1.0,0.142857,0.25,1
2882ffa3-dec9-4055-a842-a950728bcb02,41f5d2cd-672b-460e-8ab6-e29db2f1e088,2,0.666667,1965-01-01,1969-01-01,1.0,0.0,0.8,0
01a7069c-882d-40f5-9575-c59d5bddcd61,31ee774b-6248-48d5-a8b5-0d9bebeaba9d,1,0.333333,1967-09-01,1967-09-01,1.0,1.0,0.0,0
01a7069c-882d-40f5-9575-c59d5bddcd61,f81f19b9-c76e-43ac-8656-bb56071785fb,1,0.333333,1967-09-01,1967-09-01,1.0,0.166667,0.0,1
31ee774b-6248-48d5-a8b5-0d9bebeaba9d,f81f19b9-c76e-43ac-8656-bb56071785fb,1,0.333333,1967-09-01,1967-09-01,1.0,0.166667,0.0,1
cf6b70f6-2616-481c-912c-0263cabfc974,f07dbc2f-317b-470f-bad4-5f1b0eb6faf1,1,0.333333,1968-01-01,1968-01-01,1.0,1.0,0.0,0
cf6b70f6-2616-481c-912c-0263cabfc974,f81f19b9-c76e-43ac-8656-bb56071785fb,1,0.333333,1968-01-01,1968-01-01,1.0,0.166667,0.0,1
f07dbc2f-317b-470f-bad4-5f1b0eb6faf1,f81f19b9-c76e-43ac-8656-bb56071785fb,1,0.333333,1968-01-01,1968-01-01,1.0,0.166667,0.0,1
87ae83df-6173-40cc-a0f2-bad543faa6aa,8f4350e9-c567-4cda-9b10-d44ac1b9a9f4,1,1.0,2018-11-02,2018-11-02,1.0,0.2,0.0,1
5c9ac367-dbf6-46ca-a42b-9f01803ff1c0,87ae83df-6173-40cc-a0f2-bad543faa6aa,1,0.333333,2019-03-01,2019-03-01,1.0,0.2,0.0,1
5c9ac367-dbf6-46ca-a42b-9f01803ff1c0,d9ef5bac-9f88-4559-932b-63d753ef6161,1,0.333333,2019-03-01,2019-03-01,1.0,1.0,0.0,0
87ae83df-6173-40cc-a0f2-bad543faa6aa,d9ef5bac-9f88-4559-932b-63d753ef6161,1,0.333333,2019-03-01,2019-03-01,1.0,0.2,0.0,1
70debfb9-fa72-424b-b1ea-1c0b4baf00f4,87ae83df-6173-40cc-a0f2-bad543faa6aa,1,1.0,2019-03-01,2019-03-01,1.0,0.2,0.0,1
87ae83df-6173-40cc-a0f2-bad543faa6aa,fb408407-e377-48c7-9df7-81dec8dd9099,1,1.0,2019-03-01,2019-03-01,1.0,0.2,0.0,1
7e92584c-ca97-48bf-8a12-0327db0f6ac8,ebe02d36-410d-4a85-a67e-36e2462e3e44,1,0.333333,2007-01-01,2007-01-01,1.0,0.090909,0.0,1
7e92584c-ca97-48bf-8a12-0327db0f6ac8,f5584cee-1448-4e41-a347-3c4c96c720dc,1,0.333333,2007-01-01,2007-01-01,1.0,0.090909,0.0,1
ebe02d36-410d-4a85-a67e-36e2462e3e44,f5584cee-1448-4e41-a347-3c4c96c720dc,1,0.333333,2007-01-01,2007-01-01,1.0,1.0,0.0,0
16243662-8538-4746-a0fb-0d15b5828b8e,6c7fc9af-07ee-41af-9ef7-2eb9665f2cbb,1,0.166667,1981-01-01,1981-01-01,1.0,0.333333,1.0,0
16243662-8538-4746-a0fb-0d15b5828b8e,90df1c5c-0c89-44cd-8552-0273007dfd27,1,0.166667,1981-01-01,1981-01-01,1.0,0.25,1.0,0
16243662-8538-4746-a0fb-0d15b5828b8e,d45e5fba-2475-4c2a-ad8a-085a53b83f87,1,0.166667,1981-01-01,1981-01-01,1.0,0.333333,1.0,0
6c7fc9af-07ee-41af-9ef7-2eb9665f2cbb,90df1c5c-0c89-44cd-8552-0273007dfd27,1,0.166667,1981-01-01,1981-01-01,1.0,0.5,1.0,0
6c7fc9af-07ee-41af-9ef7-2eb9665f2cbb,d45e5fba-2475-4c2a-ad8a-085a53b83f87,1,0.166667,1981-01-01,1981-01-01,1.0,1.0,1.0,0
90df1c5c-0c89-44cd-8552-0273007dfd27,d45e5fba-2475-4c2a-ad8a-085a53b83f87,1,0.166667,1981-01-01,1981-01-01,1.0,0.5,1.0,0
0d3bf21a-5eec-443c-9a37-b305598b0840,9beb62b2-88db-4cea-801e-162cd344ee53,5,0.547619,1998-01-01,1998-01-01,1.0,0.1,0.0,1
9beb62b2-88db-4cea-801e-162cd344ee53,a8797304-f0b3-497b-a592-c09eac0fd9c8,5,0.547619,1998-01-01,1998-01-01,1.0,0.1,0.0,1
9beb62b2-88db-4cea-801e-162cd344ee53,e3fd8e3d-df64-43cb-b68e-cf6d65315e4b,5,0.547619,1998-01-01,1998-01-01,1.0,0.1,0.0,1
0d3bf21a-5eec-443c-9a37-b305598b0840,92762a95-0762-4604-b5bf-0d4ff3961de3,1,0.066667,1998-01-01,1998-01-01,1.0,1.0,0.0,0
0d3bf21a-5eec-443c-9a37-b305598b0840,bcd6af9f-afa8-43fd-b1be-acbbbb2f7dc7,1,0.066667,1998-01-01,1998-01-01,1.0,1.0,0.0,0
92762a95-0762-4604-b5bf-0d4ff3961de3,9beb62b2-88db-4cea-801e-162cd344ee53,1,0.066667,1998-01-01,1998-01-01,1.0,0.1,0.0,1
92762a95-0762-4604-b5bf-0d4ff3961de3,a8797304-f0b3-497b-a592-c09eac0fd9c8,1,0.066667,1998-01-01,1998-01-01,1.0,1.0,0.0,0
92762a95-0762-4604-b5bf-0d4ff3961de3,bcd6af9f-afa8-43fd-b1be-acbbbb2f7dc7,1,0.066667,1998-01-01,1998-01-01,1.0,1.0,0.0,0
92762a95-0762-4604-b5bf-0d4ff3961de3,e3fd8e3d-df64-43cb-b68e-cf6d65315e4b,1,0.066667,1998-01-01,1998-01-01,1.0,1.0,0.0,0
9beb62b2-88db-4cea-801e-162cd344ee53,bcd6af9f-afa8-43fd-b1be-acbbbb2f7dc7,1,0.066667,1998-01-01,1998-01-01,1.0,0.1,0.0,1
a8797304-f0b3-497b-a592-c09eac0fd9c8,bcd6af9f-afa8-43fd-b1be-acbbbb2f7dc7,1,0.066667,1998-01-01,1998-01-01,1.0,1.0,0.0,0
bcd6af9f-afa8-43fd-b1be-acbbbb2f7dc7,e3fd8e3d-df64-43cb-b68e-cf6d65315e4b,1,0.066667,1998-01-01,1998-01-01,1.0,1.0,0.0,0
0d3bf21a-5eec-443c-9a37-b305598b0840,74dca2c7-d7dc-4b13-bd17-502a35db042a,1,0.047619,1998-01-01,1998-01-01,1.0,1.0,0.0,0
0d3bf21a-5eec-443c-9a37-b305598b0840,8c6df732-bb9f-4aa5-9557-0d8b6d3b350c,1,0.047619,1998-01-01,1998-01-01,1.0,1.0,0.0,0
0d3bf21a-5eec-443c-9a37-b305598b0840,c0499bfa-294c-43c2-ace0-dd30a70ec8dc,1,0.047619,1998-01-01,1998-01-01,1.0,1.0,0.0,0
74dca2c7-d7dc-4b13-bd17-502a35db042a,8c6df732-bb9f-4aa5-9557-0d8b6d3b350c,1,0.047619,1998-01-01,1998-01-01,1.0,1.0,0.0,0
74dca2c7-d7dc-4b13-bd17-502a35db042a,9beb62b2-88db-4cea-801e-162cd344ee53,1,0.047619,1998-01-01,1998-01-01,1.0,0.1,0.0,1
74dca2c7-d7dc-4b13-bd17-502a35db042a,a8797304-f0b3-497b-a592-c09eac0fd9c8,1,0.047619,1998-01-01,1998-01-01,1.0,1.0,0.0,0
74dca2c7-d7dc-4b13-bd17-502a35db042a,c0499bfa-294c-43c2-ace0-dd30a70ec8dc,1,0.047619,1998-01-01,1998-01-01,1.0,1.0,0.0,0
74dca2c7-d7dc-4b13-bd17-502a35db042a,e3fd8e3d-df64-43cb-b68e-cf6d65315e4b,1,0.047619,1998-01-01,1998-01-01,1.0,1.0,0.0,0
8c6df732-bb9f-4aa5-9557-0d8b6d3b350c,9beb62b2-88db-4cea-801e-162cd344ee53,1,0.047619,1998-01-01,1998-01-01,1.0,0.1,0.0,1
8c6df732-bb9f-4aa5-9557-0d8b6d3b350c,a8797304-f0b3-497b-a592-c09eac0fd9c8,1,0.047619,1998-01-01,1998-01-01,1.0,1.0,0.0,0
8c6df732-bb9f-4aa5-9557-0d8b6d3b350c,c0499bfa-294c-43c2-ace0-dd30a70ec8dc,1,0.047619,1998-01-01,1998-01-01,1.0,1.0,0.0,0
8c6df732-bb9f-4aa5-9557-0d8b6d3b350c,e3fd8e3d-df64-43cb-b68e-cf6d65315e4b,1,0.047619,1998-01-01,1998-01-01,1.0,1.0,0.0,0
9beb62b2-88db-4cea-801e-162cd344ee53,c0499bfa-294c-43c2-ace0-dd30a70ec8dc,1,0.047619,1998-01-01,1998-01-01,1.0,0.1,0.0,1
a8797304-f0b3-497b-a592-c09eac0fd9c8,c0499bfa-294c-43c2-ace0-dd30a70ec8dc,1,0.047619,1998-01-01,1998-01-01,1.0,1.0,0.0,0
c0499bfa-294c-43c2-ace0-dd30a70ec8dc,e3fd8e3d-df64-43cb-b68e-cf6d65315e4b,1,0.047619,1998-01-01,1998-01-01,1.0,1.0,0.0,0
0d3bf21a-5eec-443c-9a37-b305598b0840,a05b6bdb-d500-4ca8-93de-79aecb4a1ee7,1,0.1,1998-01-01,1998-01-01,1.0,1.0,0.0,0
9beb62b2-88db-4cea-801e-162cd344ee53,a05b6bdb-d500-4ca8-93de-79aecb4a1ee7,1,0.1,1998-01-01,1998-01-01,1.0,0.1,0.0,1
a05b6bdb-d500-4ca8-93de-79aecb4a1ee7,a8797304-f0b3-497b-a592-c09eac0fd9c8,1,0.1,1998-01-01,1998-01-01,1.0,1.0,0.0,0
a05b6bdb-d500-4ca8-93de-79aecb4a1ee7,e3fd8e3d-df64-43cb-b68e-cf6d65315e4b,1,0.1,1998-01-01,1998-01-01,1.0,1.0,0.0,0
78898501-187f-4f3d-bff1-cf465c14de21,9d67c199-1d6c-4647-966c-f45a4badb43b,1,1.0,1992-01-01,1992-01-01,1.0,1.0,0.0,0
9d67c199-1d6c-4647-966c-f45a4badb43b,efb1cf08-8a85-4fa8-98d8-636d0a7c6e33,1,1.0,1993-01-01,1993-01-01,1.0,0.5,0.0,0
068b6c09-e30f-4df4-ae12-9da76f8c50a0,9d67c199-1d6c-4647-966c-f45a4badb43b,2,0.666667,1994-01-01,1994-01-01,1.0,0.0,0.0,1
068b6c09-e30f-4df4-ae12-9da76f8c50a0,d289a787-d914-4561-93e4-282d9fafcb32,2,0.666667,1994-01-01,1994-01-01,1.0,1.0,0.0,0
9d67c199-1d6c-4647-966c-f45a4badb43b,d289a787-d914-4561-93e4-282d9fafcb32,2,0.666667,1994-01-01,1994-01-01,1.0,0.0,0.0,1
309c62ba-7a22-4277-9f67-4a162526d18a,f205743d-4441-471d-a3af-66f584738e29,1,1.0,1931-07-01,1931-07-01,1.0,0.142857,0.0,1
02913597-19e0-4a3e-ad2b-2df95b5ff76c,29a237ac-bad8-4ad3-a57a-032f8e2e611e,1,0.166667,2023-11-23,2023-11-23,1.0,1.0,0.0,0
02913597-19e0-4a3e-ad2b-2df95b5ff76c,796bc8a9-efd1-43e8-bacf-5eba68835928,1,0.166667,2023-11-23,2023-11-23,1.0,1.0,0.0,0
02913597-19e0-4a3e-ad2b-2df95b5ff76c,ab13b249-4880-4538-980f-c9e48bed1844,1,0.166667,2023-11-23,2023-11-23,1.0,1.0,0.0,0
29a237ac-bad8-4ad3-a57a-032f8e2e611e,796bc8a9-efd1-43e8-bacf-5eba68835928,1,0.166667,2023-11-23,2023-11-23,1.0,1.0,0.0,0
29a237ac-bad8-4ad3-a57a-032f8e2e611e,ab13b249-4880-4538-980f-c9e48bed1844,1,0.166667,2023-11-23,2023-11-23,1.0,1.0,0.0,0
796bc8a9-efd1-43e8-bacf-5eba68835928,ab13b249-4880-4538-980f-c9e48bed1844,1,0.166667,2023-11-23,2023-11-23,1.0,1.0,0.0,0
10886c9d-c106-4337-9653-430989ec484e,4ebb5ad3-9018-407d-8c24-c03011ab9ac6,1,0.333333,1993-01-01,1993-01-01,1.0,1.0,0.0,0
10886c9d-c106-4337-9653-430989ec484e,bc1cc75d-ab68-41b2-a135-3b62f41ea266,1,0.333333,1993-01-01,1993-01-01,1.0,0.0,0.0,1
4ebb5ad3-9018-407d-8c24-c03011ab9ac6,bc1cc75d-ab68-41b2-a135-3b62f41ea266,1,0.333333,1993-01-01,1993-01-01,1.0,0.0,0.0,1
27613b78-1b9d-4ec3-9db5-fa0743465fdd,29fab96f-c3a2-4251-80f6-7ccda50da706,1,0.166667,1979-01-01,1979-01-01,1.0,0.2,0.0,1
27613b78-1b9d-4ec3-9db5-fa0743465fdd,c0050289-6969-437d-be83-0fcb608ead5c,1,0.166667,1979-01-01,1979-01-01,1.0,1.0,0.0,0
27613b78-1b9d-4ec3-9db5-fa0743465fdd,faddb781-a5c5-4fc5-b5e6-1f2e1d4170e6,1,0.166667,1979-01-01,1979-01-01,1.0,0.0,0.0,1
29fab96f-c3a2-4251-80f6-7ccda50da706,c0050289-6969-437d-be83-0fcb608ead5c,1,0.166667,1979-01-01,1979-01-01,1.0,0.2,0.0,1
29fab96f-c3a2-4251-80f6-7ccda50da706,faddb781-a5c5-4fc5-b5e6-1f2e1d4170e6,1,0.166667,1979-01-01,1979-01-01,1.0,0.2,0.0,1
c0050289-6969-437d-be83-0fcb608ead5c,faddb781-a5c5-4fc5-b5e6-1f2e1d4170e6,1,0.166667,1979-01-01,1979-01-01,1.0,0.0,0.0,1
56767817-884c-4ba8-9921-ff9a6a56796d,d1393ecb-431b-4fde-a6ea-d769f2f040cb,1,0.333333,2018-01-01,2018-01-01,1.0,1.0,0.0,0
56767817-884c-4ba8-9921-ff9a6a56796d,f19d2f86-fddb-4ae8-b647-70ad567ad28b,1,0.333333,2018-01-01,2018-01-01,1.0,1.0,0.0,0
d1393ecb-431b-4fde-a6ea-d769f2f040cb,f19d2f86-fddb-4ae8-b647-70ad567ad28b,1,0.333333,2018-01-01,2018-01-01,1.0,1.0,0.0,0
49786277-f9ac-48a3-91fd-f825d833bde2,b0eacf92-511b-4566-b72b-a5fed2526d73,3,0.5,2018-08-10,2020-02-14,1.0,1.0,0.0,0
49786277-f9ac-48a3-91fd-f825d833bde2,bfa30cb9-c909-4ffe-bc45-2a957455b03b,1,0.166667,2018-08-10,2018-08-10,1.0,1.0,0.0,0
49786277-f9ac-48a3-91fd-f825d833bde2,e8848d50-7def-4252-a3f5-00b656c9a7c0,3,0.5,2018-08-10,2020-02-14,1.0,1.0,0.0,0
b0eacf92-511b-4566-b72b-a5fed2526d73,bfa30cb9-c909-4ffe-bc45-2a957455b03b,1,0.166667,2018-08-10,2018-08-10,1.0,1.0,0.0,0
b0eacf92-511b-4566-b72b-a5fed2526d73,e8848d50-7def-4252-a3f5-00b656c9a7c0,3,0.5,2018-08-10,2020-02-14,1.0,1.0,0.0,0
bfa30cb9-c909-4ffe-bc45-2a957455b03b,e8848d50-7def-4252-a3f5-00b656c9a7c0,1,0.166667,2018-08-10,2018-08-10,1.0,1.0,0.0,0
4465b45e-3146-4131-9f28-3dad16ef5031,49786277-f9ac-48a3-91fd-f825d833bde2,2,0.333333,2019-10-31,2020-02-14,1.0,1.0,0.0,0
4465b45e-3146-4131-9f28-3dad16ef5031,b0eacf92-511b-4566-b72b-a5fed2526d73,2,0.333333,2019-10-31,2020-02-14,1.0,1.0,0.0,0
4465b45e-3146-4131-9f28-3dad16ef5031,e8848d50-7def-4252-a3f5-00b656c9a7c0,2,0.333333,2019-10-31,2020-02-14,1.0,1.0,0.0,0
3478a5d1-bd96-4584-aa54-4d6e0a329658,de53495e-ad5a-4c30-82ab-05e7e3ec7b4d,1,1.0,1985-01-01,1985-01-01,1.0,0.25,0.0,1
2ce6e4e3-8dfb-438f-91ac-df793d1a2b39,c9dd05a5-6ba4-4e49-88e0-5dbbb637715e,1,0.333333,2003-10-01,2003-10-01,1.0,0.0,1.0,0
2ce6e4e3-8dfb-438f-91ac-df793d1a2b39,f906154a-7011-49c3-8f6a-44ca83311b08,1,0.333333,2003-10-01,2003-10-01,1.0,0.333333,1.0,0
c9dd05a5-6ba4-4e49-88e0-5dbbb637715e,f906154a-7011-49c3-8f6a-44ca83311b08,1,0.333333,2003-10-01,2003-10-01,1.0,0.0,1.0,0
05517043-ff78-4988-9c22-88c68588ebb9,5d02f264-e225-41ff-83f7-d9b1f0b1874a,3,3.0,1969-01-01,1970-01-01,1.0,0.142857,0.5,0
1130da4c-32e8-41d3-8951-ef224590d64b,3d2bf6b6-23e7-4c7e-aff6-a60536d5bbf4,1,0.166667,2025-09-18,2025-09-18,1.0,1.0,0.0,0
1130da4c-32e8-41d3-8951-ef224590d64b,c82f254b-7606-49ca-851b-5da478143a52,1,0.166667,2025-09-18,2025-09-18,1.0,1.0,0.0,0
1130da4c-32e8-41d3-8951-ef224590d64b,d58439e2-d39a-4571-aec5-4cb4944bc1bc,1,0.166667,2025-09-18,2025-09-18,1.0,1.0,0.0,0
3d2bf6b6-23e7-4c7e-aff6-a60536d5bbf4,c82f254b-7606-49ca-851b-5da478143a52,1,0.166667,2025-09-18,2025-09-18,1.0,1.0,0.0,0
3d2bf6b6-23e7-4c7e-aff6-a60536d5bbf4,d58439e2-d39a-4571-aec5-4cb4944bc1bc,1,0.166667,2025-09-18,2025-09-18,1.0,1.0,0.0,0
c82f254b-7606-49ca-851b-5da478143a52,d58439e2-d39a-4571-aec5-4cb4944bc1bc,1,0.166667,2025-09-18,2025-09-18,1.0,1.0,0.0,0
1ee18fb3-18a6-4c7f-8ba0-bc41cdd0462e,4c7a5854-6b75-4623-a684-6a3d785d9015,1,1.0,1972-01-01,1972-01-01,1.0,0.461538,0.0,1
149f91ef-1287-46da-9a8e-87fee02f1471,410e7fd3-b865-4fa0-bb18-1b7fd53382ca,2,0.266667,2003-01-01,2005-01-01,1.0,0.538462,0.0,0
149f91ef-1287-46da-9a8e-87fee02f1471,539fca0f-6739-492a-bf3c-3a420ce4cf6f,1,0.166667,2003-01-01,2003-01-01,1.0,0.076923,0.0,1
149f91ef-1287-46da-9a8e-87fee02f1471,b59b8a4d-2278-414f-bf10-04b204ad798b,1,0.166667,2003-01-01,2003-01-01,1.0,0.076923,0.0,1
410e7fd3-b865-4fa0-bb18-1b7fd53382ca,539fca0f-6739-492a-bf3c-3a420ce4cf6f,1,0.166667,2003-01-01,2003-01-01,1.0,0.142857,0.0,1
410e7fd3-b865-4fa0-bb18-1b7fd53382ca,b59b8a4d-2278-414f-bf10-04b204ad798b,1,0.166667,2003-01-01,2003-01-01,1.0,0.142857,0.0,1
539fca0f-6739-492a-bf3c-3a420ce4cf6f,b59b8a4d-2278-414f-bf10-04b204ad798b,1,0.166667,2003-01-01,2003-01-01,1.0,1.0,0.0,0
149f91ef-1287-46da-9a8e-87fee02f1471,494e8d09-f85b-4543-892f-a5096aed1cd4,1,0.1,2005-01-01,2005-01-01,0.099244,0.6875,0.125,0
149f91ef-1287-46da-9a8e-87fee02f1471,965f5705-6eb1-49a1-b312-cd3d65bcc7c9,3,0.461111,2003-01-01,2005-01-01,0.036807,0.153846,0.083333,1
410e7fd3-b865-4fa0-bb18-1b7fd53382ca,494e8d09-f85b-4543-892f-a5096aed1cd4,1,0.1,2005-01-01,2005-01-01,1.0,0.5,0.0,0
410e7fd3-b865-4fa0-bb18-1b7fd53382ca,7c33a306-87ad-4cb6-9f69-bfdb8586b302,1,0.1,2005-01-01,2005-01-01,1.0,0.285714,0.0,1
410e7fd3-b865-4fa0-bb18-1b7fd53382ca,965f5705-6eb1-49a1-b312-cd3d65bcc7c9,1,0.1,2005-01-01,2005-01-01,1.0,0.285714,0.0,1
494e8d09-f85b-4543-892f-a5096aed1cd4,7c33a306-87ad-4cb6-9f69-bfdb8586b302,1,0.1,2005-01-01,2005-01-01,0.099244,0.142857,0.181818,1
494e8d09-f85b-4543-892f-a5096aed1cd4,965f5705-6eb1-49a1-b312-cd3d65bcc7c9,1,0.1,2005-01-01,2005-01-01,0.099244,0.142857,0.0,1
7c33a306-87ad-4cb6-9f69-bfdb8586b302,965f5705-6eb1-49a1-b312-cd3d65bcc7c9,3,0.461111,2003-01-01,2005-01-01,0.036807,1.0,0.142857,0
71db5060-324e-4cc5-8ca6-0070220ae000,78d140d8-66f6-483e-9bed-fad417405771,5,0.633333,2000-12-11,2002-01-01,1.0,1.0,0.0,0
71db5060-324e-4cc5-8ca6-0070220ae000,a4dcd7c6-53ee-4c5b-aae2-d88f876b89c0,5,0.633333,2000-12-11,2002-01-01,1.0,1.0,0.0,0
71db5060-324e-4cc5-8ca6-0070220ae000,b23e8a63-8f47-4882-b55b-df2c92ef400e,5,0.633333,2000-12-11,2002-01-01,1.0,0.166667,0.0,1
78d140d8-66f6-483e-9bed-fad417405771,a4dcd7c6-53ee-4c5b-aae2-d88f876b89c0,5,0.633333,2000-12-11,2002-01-01,1.0,1.0,0.0,0
78d140d8-66f6-483e-9bed-fad417405771,b23e8a63-8f47-4882-b55b-df2c92ef400e,5,0.633333,2000-12-11,2002-01-01,1.0,0.166667,0.0,1
a4dcd7c6-53ee-4c5b-aae2-d88f876b89c0,b23e8a63-8f47-4882-b55b-df2c92ef400e,5,0.633333,2000-12-11,2002-01-01,1.0,0.166667,0.0,1
0e48d6a9-7a38-42ae-9356-65ad8b6e977d,71db5060-324e-4cc5-8ca6-0070220ae000,3,0.3,2001-01-01,2002-01-01,1.0,1.0,0.0,0
0e48d6a9-7a38-42ae-9356-65ad8b6e977d,78d140d8-66f6-483e-9bed-fad417405771,3,0.3,2001-01-01,2002-01-01,1.0,1.0,0.0,0
0e48d6a9-7a38-42ae-9356-65ad8b6e977d,a4dcd7c6-53ee-4c5b-aae2-d88f876b89c0,3,0.3,2001-01-01,2002-01-01,1.0,1.0,0.0,0
0e48d6a9-7a38-42ae-9356-65ad8b6e977d,b23e8a63-8f47-4882-b55b-df2c92ef400e,3,0.3,2001-01-01,2002-01-01,1.0,0.166667,0.0,1
4d5447d7-c61c-4120-ba1b-d7f471d385b9,f37c537b-3557-4031-bfd6-ab63ced32854,1,0.333333,1966-01-01,1966-01-01,1.0,0.25,0.157895,1
ba550d0e-adac-4864-b88b-407cab5e76af,f37c537b-3557-4031-bfd6-ab63ced32854,1,0.333333,1966-01-01,1966-01-01,1.0,0.136364,0.157895,1
88795ca5-5bef-4253-ae0e-79a5d00e0388,f37c537b-3557-4031-bfd6-ab63ced32854,1,1.0,1966-01-01,1966-01-01,1.0,0.0,0.333333,1
4d5447d7-c61c-4120-ba1b-d7f471d385b9,4dbf5678-7a31-406a-abbe-232f8ac2cd63,1,0.333333,1964-01-01,1964-01-01,1.0,0.529412,0.0,0
4dbf5678-7a31-406a-abbe-232f8ac2cd63,ba550d0e-adac-4864-b88b-407cab5e76af,1,0.333333,1964-01-01,1964-01-01,1.0,0.565217,0.0,0
0dcee02c-5d2c-4f5c-9d60-d58a4df32d9e,5d06fe54-485a-4a07-b506-5f6f719448cb,1,0.333333,1995-01-01,1995-01-01,1.0,0.5,0.0,0
0dcee02c-5d2c-4f5c-9d60-d58a4df32d9e,f332a312-e95b-4413-b6cc-1762a5a6a083,1,0.333333,1995-01-01,1995-01-01,1.0,1.0,0.0,0
5d06fe54-485a-4a07-b506-5f6f719448cb,f332a312-e95b-4413-b6cc-1762a5a6a083,1,0.333333,1995-01-01,1995-01-01,1.0,0.5,0.0,0
155cfd40-dcde-471e-acc0-32179916165c,bfc872ee-8285-4496-bb02-95159f08a7ef,1,1.0,2025-08-01,2025-08-01,1.0,0.166667,0.0,1
155cfd40-dcde-471e-acc0-32179916165c,a817dcec-520a-44ec-bd7e-ada26dcf4243,1,1.0,2025-08-01,2025-08-01,1.0,0.166667,0.0,1
155cfd40-dcde-471e-acc0-32179916165c,5501517e-57b6-46e3-9736-e49ee657da7b,1,1.0,2025-08-01,2025-08-01,1.0,0.166667,0.0,1
bf6c29f5-b69f-4842-9031-37f9645d365d,dbe7fdf7-81b2-418b-b3f6-81ae71532f40,2,1.333333,1971-01-01,1971-01-01,1.0,0.222222,0.545455,0
bf6c29f5-b69f-4842-9031-37f9645d365d,e64ffaa4-fbb0-465f-9b31-c860a9f767fa,1,0.333333,1971-01-01,1971-01-01,1.0,0.5,0.181818,0
dbe7fdf7-81b2-418b-b3f6-81ae71532f40,e64ffaa4-fbb0-465f-9b31-c860a9f767fa,1,0.333333,1971-01-01,1971-01-01,1.0,0.111111,0.333333,1
0d21c07a-387b-4374-a193-0d85e90b6bdc,71d8b051-6d79-4d31-9075-debfe031e539,1,1.0,1979-01-01,1979-01-01,1.0,1.0,0.0,0
6b905738-f1b5-4851-942e-ee0118f3e44a,d15721d8-56b4-453d-b506-fc915b14cba2,1,1.0,1967-01-01,1967-01-01,1.0,0.0,0.0,1
0ee34279-2624-41a5-8c14-a85da7eba79a,8ff201f8-3b3f-40dd-a7f7-8d0a2184c62e,2,0.2,1969-01-01,1969-01-01,1.0,1.0,0.0,0
0ee34279-2624-41a5-8c14-a85da7eba79a,a10c8616-cdc3-4fd1-a0fa-bc35a6514168,2,0.2,1969-01-01,1969-01-01,1.0,1.0,0.0,0
0ee34279-2624-41a5-8c14-a85da7eba79a,d15721d8-56b4-453d-b506-fc915b14cba2,1,0.1,1969-01-01,1969-01-01,1.0,0.111111,0.0,1
0ee34279-2624-41a5-8c14-a85da7eba79a,f37b3f31-b1f8-4b88-8cb5-b34f709b17d7,2,0.2,1969-01-01,1969-01-01,1.0,0.666667,0.0,0
8ff201f8-3b3f-40dd-a7f7-8d0a2184c62e,a10c8616-cdc3-4fd1-a0fa-bc35a6514168,2,0.2,1969-01-01,1969-01-01,1.0,1.0,0.0,0
8ff201f8-3b3f-40dd-a7f7-8d0a2184c62e,d15721d8-56b4-453d-b506-fc915b14cba2,1,0.1,1969-01-01,1969-01-01,1.0,0.111111,0.0,1
8ff201f8-3b3f-40dd-a7f7-8d0a2184c62e,f37b3f31-b1f8-4b88-8cb5-b34f709b17d7,2,0.2,1969-01-01,1969-01-01,1.0,0.666667,0.0,0
a10c8616-cdc3-4fd1-a0fa-bc35a6514168,d15721d8-56b4-453d-b506-fc915b14cba2,1,0.1,1969-01-01,1969-01-01,1.0,0.111111,0.0,1
a10c8616-cdc3-4fd1-a0fa-bc35a6514168,f37b3f31-b1f8-4b88-8cb5-b34f709b17d7,2,0.2,1969-01-01,1969-01-01,1.0,0.666667,0.0,0
d15721d8-56b4-453d-b506-fc915b14cba2,f37b3f31-b1f8-4b88-8cb5-b34f709b17d7,1,0.1,1969-01-01,1969-01-01,1.0,0.222222,0.0,1
42a8f507-8412-4611-854f-926571049fa0,78ea5ea1-3c4d-4b7e-ac5d-68900319ebe2,1,1.0,1967-01-01,1967-01-01,0.6459,0.384615,0.0,1
78ea5ea1-3c4d-4b7e-ac5d-68900319ebe2,83d3cc07-60e7-4139-b5f0-3cda9f5aa99b,1,0.1,1967-09-27,1967-09-27,0.765713,0.0,0.0,1
78ea5ea1-3c4d-4b7e-ac5d-68900319ebe2,b553f0ad-4543-46f2-88ea-1dc94a11c91a,1,0.1,1967-09-27,1967-09-27,0.765713,0.0,0.0,1
78ea5ea1-3c4d-4b7e-ac5d-68900319ebe2,c6619f89-5454-4e2d-aa19-b5596ba3b4c6,1,0.1,1967-09-27,1967-09-27,0.765713,0.0,0.0,1
78ea5ea1-3c4d-4b7e-ac5d-68900319ebe2,fe93a178-183a-42c9-b3c7-53102b8c724d,1,0.1,1967-09-27,1967-09-27,0.765713,0.0,0.0,1
4bdcee62-4902-4773-8cd1-e252e2e31225,4d5447d7-c61c-4120-ba1b-d7f471d385b9,2,0.666667,1968-01-01,1968-11-22,1.0,0.666667,0.0,0
4bdcee62-4902-4773-8cd1-e252e2e31225,ba550d0e-adac-4864-b88b-407cab5e76af,2,0.666667,1968-01-01,1968-11-22,1.0,0.363636,0.0,1
12398bf3-1b99-47b7-930c-f3956773f35a,24a43e36-0435-4f04-ae9a-d5d73e52d278,1,0.066667,2008-01-01,2008-01-01,1.0,0.166667,0.0,1
12398bf3-1b99-47b7-930c-f3956773f35a,a2fdc044-010f-4317-97d2-a1c67e978543,1,0.066667,2008-01-01,2008-01-01,1.0,0.5,0.0,0
12398bf3-1b99-47b7-930c-f3956773f35a,c4e05d64-c679-4f04-b153-257d12eba7dc,1,0.066667,2008-01-01,2008-01-01,1.0,0.166667,0.0,1
12398bf3-1b99-47b7-930c-f3956773f35a,cc7d4686-ea02-45fd-956e-94c1a322558c,1,0.066667,2008-01-01,2008-01-01,1.0,0.625,0.0,0
12398bf3-1b99-47b7-930c-f3956773f35a,ea3562d2-c0dc-4c36-b1e4-1a0035281c44,1,0.066667,2008-01-01,2008-01-01,1.0,0.166667,0.0,1
24a43e36-0435-4f04-ae9a-d5d73e52d278,a2fdc044-010f-4317-97d2-a1c67e978543,1,0.066667,2008-01-01,2008-01-01,1.0,0.333333,0.0,1
24a43e36-0435-4f04-ae9a-d5d73e52d278,c4e05d64-c679-4f04-b153-257d12eba7dc,1,0.066667,2008-01-01,2008-01-01,1.0,1.0,0.0,0
24a43e36-0435-4f04-ae9a-d5d73e52d278,cc7d4686-ea02-45fd-956e-94c1a322558c,1,0.066667,2008-01-01,2008-01-01,1.0,0.142857,0.0,1
24a43e36-0435-4f04-ae9a-d5d73e52d278,ea3562d2-c0dc-4c36-b1e4-1a0035281c44,1,0.066667,2008-01-01,2008-01-01,1.0,1.0,0.0,0
a2fdc044-010f-4317-97d2-a1c67e978543,c4e05d64-c679-4f04-b153-257d12eba7dc,1,0.066667,2008-01-01,2008-01-01,1.0,0.333333,0.0,1
a2fdc044-010f-4317-97d2-a1c67e978543,cc7d4686-ea02-45fd-956e-94c1a322558c,1,0.066667,2008-01-01,2008-01-01,1.0,0.428571,0.0,1
a2fdc044-010f-4317-97d2-a1c67e978543,ea3562d2-c0dc-4c36-b1e4-1a0035281c44,1,0.066667,2008-01-01,2008-01-01,1.0,0.333333,0.0,1
c4e05d64-c679-4f04-b153-257d12eba7dc,cc7d4686-ea02-45fd-956e-94c1a322558c,1,0.066667,2008-01-01,2008-01-01,1.0,0.142857,0.111111,1
c4e05d64-c679-4f04-b153-257d12eba7dc,ea3562d2-c0dc-4c36-b1e4-1a0035281c44,1,0.066667,2008-01-01,2008-01-01,1.0,1.0,0.0,0
cc7d4686-ea02-45fd-956e-94c1a322558c,ea3562d2-c0dc-4c36-b1e4-1a0035281c44,1,0.066667,2008-01-01,2008-01-01,1.0,0.142857,0.0,1
5e010e55-68c7-48d8-a4c5-d511dc8c100e,998c3c3c-bbe3-40f0-8c56-0c585598308b,2,0.266667,1972-01-01,1972-01-01,1.0,0.333333,0.0,1
5e010e55-68c7-48d8-a4c5-d511dc8c100e,c7423e0c-ab3e-4ab4-be10-cdff5a9d3062,4,0.766667,1972-01-01,1972-01-01,1.0,0.166667,0.0,1
5e010e55-68c7-48d8-a4c5-d511dc8c100e,d66f0c6f-6891-471c-9abc-ce52d5160a8c,4,0.766667,1972-01-01,1972-01-01,1.0,1.0,0.0,0
998c3c3c-bbe3-40f0-8c56-0c585598308b,c7423e0c-ab3e-4ab4-be10-cdff5a9d3062,3,0.433333,1972-01-01,1972-01-01,1.0,0.25,0.0,1
998c3c3c-bbe3-40f0-8c56-0c585598308b,d66f0c6f-6891-471c-9abc-ce52d5160a8c,3,0.433333,1972-01-01,1972-01-01,1.0,0.333333,0.0,1
c7423e0c-ab3e-4ab4-be10-cdff5a9d3062,d66f0c6f-6891-471c-9abc-ce52d5160a8c,5,0.933333,1972-01-01,1972-01-01,1.0,0.166667,0.0,1
5e010e55-68c7-48d8-a4c5-d511dc8c100e,bf29d579-a22d-4c4a-8ec3-e362d397e006,1,0.1,1972-01-01,1972-01-01,1.0,0.333333,0.0,1
998c3c3c-bbe3-40f0-8c56-0c585598308b,bf29d579-a22d-4c4a-8ec3-e362d397e006,1,0.1,1972-01-01,1972-01-01,1.0,1.0,0.0,0
bf29d579-a22d-4c4a-8ec3-e362d397e006,c7423e0c-ab3e-4ab4-be10-cdff5a9d3062,1,0.1,1972-01-01,1972-01-01,1.0,0.25,0.0,1
bf29d579-a22d-4c4a-8ec3-e362d397e006,d66f0c6f-6891-471c-9abc-ce52d5160a8c,1,0.1,1972-01-01,1972-01-01,1.0,0.333333,0.0,1
998c3c3c-bbe3-40f0-8c56-0c585598308b,9e5b5efe-fd35-4471-8745-628cb528983e,1,0.166667,1972-01-01,1972-01-01,1.0,1.0,0.0,0
9e5b5efe-fd35-4471-8745-628cb528983e,c7423e0c-ab3e-4ab4-be10-cdff5a9d3062,1,0.166667,1972-01-01,1972-01-01,1.0,0.25,0.0,1
9e5b5efe-fd35-4471-8745-628cb528983e,d66f0c6f-6891-471c-9abc-ce52d5160a8c,1,0.166667,1972-01-01,1972-01-01,1.0,0.333333,0.0,1
5e010e55-68c7-48d8-a4c5-d511dc8c100e,65f227f7-6d11-4eb7-b0ed-ad87599d2b0a,1,0.166667,1972-01-01,1972-01-01,1.0,0.333333,0.0,1
65f227f7-6d11-4eb7-b0ed-ad87599d2b0a,c7423e0c-ab3e-4ab4-be10-cdff5a9d3062,1,0.166667,1972-01-01,1972-01-01,1.0,0.25,0.0,1
65f227f7-6d11-4eb7-b0ed-ad87599d2b0a,d66f0c6f-6891-471c-9abc-ce52d5160a8c,1,0.166667,1972-01-01,1972-01-01,1.0,0.333333,0.0,1
446ac261-09ae-43f4-a7e1-2c753c0813ce,6c8fd0be-d961-454c-aee0-4366a6dbc993,1,1.0,1960-07-26,1960-07-26,1.0,0.25,0.0,1
1226cb0d-03d3-4021-801a-a74408575abf,446ac261-09ae-43f4-a7e1-2c753c0813ce,1,0.333333,1960-08-01,1960-08-01,1.0,0.333333,1.0,0
1226cb0d-03d3-4021-801a-a74408575abf,5780ff53-6dfa-4835-80dc-71c7316208a5,1,0.333333,1960-08-01,1960-08-01,1.0,1.0,1.0,0
446ac261-09ae-43f4-a7e1-2c753c0813ce,5780ff53-6dfa-4835-80dc-71c7316208a5,1,0.333333,1960-08-01,1960-08-01,1.0,0.333333,1.0,0
0e21491a-18a5-40d9-a68c-a651a0fda689,29a7ec52-8155-49fd-8b4f-bbd2cc835f89,1,0.166667,1963-01-01,1963-01-01,1.0,0.0,0.0,1
29a7ec52-8155-49fd-8b4f-bbd2cc835f89,4c857e19-d9bb-460e-b3ec-2d1ea24c3247,1,0.166667,1963-01-01,1963-01-01,1.0,0.0,0.0,1
29a7ec52-8155-49fd-8b4f-bbd2cc835f89,e7b587f7-e678-47c1-81dd-e7bb7855b0f9,1,0.166667,1963-01-01,1963-01-01,1.0,0.0,0.0,1
864d7069-57dc-45f6-b408-875b35106dd3,e2adad86-2ca4-4a21-a4be-3b5f8ead8452,1,1.0,1983-01-01,1983-01-01,1.0,1.0,1.0,0
3e1f2ee4-16be-4406-bf18-6173840cf2b1,594858bd-433e-464c-b571-d0af4d9041fc,1,0.166667,2010-11-01,2010-11-01,1.0,0.111111,0.0,1
3e1f2ee4-16be-4406-bf18-6173840cf2b1,59575779-fc9a-49f8-a01a-10b363f7cc79,1,0.166667,2010-11-01,2010-11-01,1.0,0.111111,0.0,1
3e1f2ee4-16be-4406-bf18-6173840cf2b1,cb59d750-a055-4603-a6fa-16c76ae4088d,1,0.166667,2010-11-01,2010-11-01,1.0,0.111111,0.0,1
594858bd-433e-464c-b571-d0af4d9041fc,59575779-fc9a-49f8-a01a-10b363f7cc79,1,0.166667,2010-11-01,2010-11-01,1.0,1.0,0.0,0
594858bd-433e-464c-b571-d0af4d9041fc,cb59d750-a055-4603-a6fa-16c76ae4088d,1,0.166667,2010-11-01,2010-11-01,1.0,1.0,0.0,0
59575779-fc9a-49f8-a01a-10b363f7cc79,cb59d750-a055-4603-a6fa-16c76ae4088d,1,0.166667,2010-11-01,2010-11-01,1.0,1.0,0.0,0
2342146c-053a-42c5-8618-d87474d01a5e,5a052a86-65e5-4ac6-9a43-3008a1fb3881,2,2.0,2000-01-01,2001-01-01,1.0,1.0,1.0,0
52074ba6-e495-4ef3-9bb4-0703888a9f68,5441c29d-3602-4898-b1a1-b77fa23b8e50,2,2.0,1971-12-01,1972-01-01,1.0,0.625,1.0,0
5f04b5df-2247-4d09-b780-b68705cf0d35,e4356a15-5acc-400d-a707-592d66922e28,4,2.666667,2018-01-31,2018-03-30,1.0,0.2,0.0,1
5f04b5df-2247-4d09-b780-b68705cf0d35,7e8235b3-39a8-41ae-b77f-9c693631b802,2,0.666667,2018-03-30,2018-03-30,1.0,1.0,0.0,0
7e8235b3-39a8-41ae-b77f-9c693631b802,e4356a15-5acc-400d-a707-592d66922e28,2,0.666667,2018-03-30,2018-03-30,1.0,0.2,0.0,1
04009762-d776-4f8b-807f-53e9f730f5e0,21dab5d7-3bda-4f72-a054-6379729dcb62,1,0.166667,2022-04-21,2022-04-21,1.0,0.2,1.0,0
04009762-d776-4f8b-807f-53e9f730f5e0,ce49d491-8c6f-48eb-bd9e-38b6cf1d4552,1,0.166667,2022-04-21,2022-04-21,1.0,1.0,1.0,0
04009762-d776-4f8b-807f-53e9f730f5e0,fda7ccd5-773e-4659-a762-0395894b255b,1,0.166667,2022-04-21,2022-04-21,1.0,1.0,1.0,0
21dab5d7-3bda-4f72-a054-6379729dcb62,ce49d491-8c6f-48eb-bd9e-38b6cf1d4552,1,0.166667,2022-04-21,2022-04-21,1.0,0.2,1.0,0
21dab5d7-3bda-4f72-a054-6379729dcb62,fda7ccd5-773e-4659-a762-0395894b255b,1,0.166667,2022-04-21,2022-04-21,1.0,0.2,1.0,0
ce49d491-8c6f-48eb-bd9e-38b6cf1d4552,fda7ccd5-773e-4659-a762-0395894b255b,1,0.166667,2022-04-21,2022-04-21,1.0,1.0,1.0,0
107760dd-ce1f-463f-9bb0-d42d13a30657,21dab5d7-3bda-4f72-a054-6379729dcb62,1,0.166667,2022-06-17,2022-06-17,1.0,0.2,0.0,1
107760dd-ce1f-463f-9bb0-d42d13a30657,4da8a075-9db8-422e-a154-57386c572d88,1,0.166667,2022-06-17,2022-06-17,1.0,1.0,0.0,0
107760dd-ce1f-463f-9bb0-d42d13a30657,5e986bb1-9f43-4ed2-bf70-4f43b036e4e4,1,0.166667,2022-06-17,2022-06-17,1.0,1.0,0.0,0
21dab5d7-3bda-4f72-a054-6379729dcb62,4da8a075-9db8-422e-a154-57386c572d88,1,0.166667,2022-06-17,2022-06-17,1.0,0.2,0.0,1
21dab5d7-3bda-4f72-a054-6379729dcb62,5e986bb1-9f43-4ed2-bf70-4f43b036e4e4,1,0.166667,2022-06-17,2022-06-17,1.0,0.2,0.0,1
4da8a075-9db8-422e-a154-57386c572d88,5e986bb1-9f43-4ed2-bf70-4f43b036e4e4,1,0.166667,2022-06-17,2022-06-17,1.0,1.0,0.0,0
013fa897-86db-41d3-8e9f-386c8a34f4e6,7c20f558-d664-42bd-b6f1-81acf9dbb72d,1,0.333333,1984-01-01,1984-01-01,1.0,0.2,0.0,1
7c20f558-d664-42bd-b6f1-81acf9dbb72d,ff621094-2a76-401f-8398-b75b5fd2be24,1,0.333333,1984-01-01,1984-01-01,1.0,0.2,0.0,1
1ba5e790-ab00-4acc-9083-e3bdc47b2f0b,9a93190b-3e24-4586-bc10-aefd1ad8de01,1,1.0,1971-01-01,1971-01-01,1.0,1.0,0.0,0
3dda6037-415b-4ac3-9476-86db3385550a,e6ce60d3-f08d-4f02-837c-5a3022df17fd,5,5.0,2017-08-01,2017-09-08,1.0,1.0,0.0,0
430e0a62-866f-4101-95d9-70f083170f19,f136771b-40e2-4f5c-936c-bcb478b18c34,1,1.0,1977-01-01,1977-01-01,1.0,1.0,0.0,0
1355d559-f13f-4c78-a7a8-02b6d747d94e,430e0a62-866f-4101-95d9-70f083170f19,1,0.333333,1977-01-01,1977-01-01,1.0,1.0,0.0,0
1355d559-f13f-4c78-a7a8-02b6d747d94e,901b1b4d-3894-4589-b97e-112092f87d87,1,0.333333,1977-01-01,1977-01-01,1.0,1.0,0.0,0
430e0a62-866f-4101-95d9-70f083170f19,901b1b4d-3894-4589-b97e-112092f87d87,1,0.333333,1977-01-01,1977-01-01,1.0,1.0,0.0,0
830398a8-6124-48de-8305-0e162e668387,b665b768-0d83-4363-950c-31ed39317c15,1,1.0,1952-01-01,1952-01-01,1.0,0.2,0.0,1
49b34ba3-46a2-40af-b6c0-6f1fab93af8b,de0748c9-ed32-4a7c-aaaa-cfac23ec5299,1,1.0,1991-01-01,1991-01-01,1.0,0.5,1.0,0
4fc5c762-2aaa-4840-9640-267667c8330f,61af87f4-16ee-4431-8504-cc06187079fb,1,0.1,2018-12-21,2018-12-21,1.0,0.125,0.0,1
4fc5c762-2aaa-4840-9640-267667c8330f,aa5a6061-e60d-4a58-b9f6-c09de390bb2d,1,0.1,2018-12-21,2018-12-21,1.0,1.0,0.0,0
4fc5c762-2aaa-4840-9640-267667c8330f,c1708d03-8a66-46eb-848e-fe0d233ffb39,1,0.1,2018-12-21,2018-12-21,1.0,1.0,0.0,0
4fc5c762-2aaa-4840-9640-267667c8330f,c9cd225b-4883-428e-82c2-73e0b6282fb6,1,0.1,2018-12-21,2018-12-21,1.0,0.2,0.0,1
61af87f4-16ee-4431-8504-cc06187079fb,aa5a6061-e60d-4a58-b9f6-c09de390bb2d,1,0.1,2018-12-21,2018-12-21,1.0,0.125,0.0,1
61af87f4-16ee-4431-8504-cc06187079fb,c1708d03-8a66-46eb-848e-fe0d233ffb39,1,0.1,2018-12-21,2018-12-21,1.0,0.125,0.0,1
61af87f4-16ee-4431-8504-cc06187079fb,c9cd225b-4883-428e-82c2-73e0b6282fb6,1,0.1,2018-12-21,2018-12-21,1.0,0.625,0.0,0
aa5a6061-e60d-4a58-b9f6-c09de390bb2d,c1708d03-8a66-46eb-848e-fe0d233ffb39,1,0.1,2018-12-21,2018-12-21,1.0,1.0,0.0,0
aa5a6061-e60d-4a58-b9f6-c09de390bb2d,c9cd225b-4883-428e-82c2-73e0b6282fb6,1,0.1,2018-12-21,2018-12-21,1.0,0.2,0.0,1
c1708d03-8a66-46eb-848e-fe0d233ffb39,c9cd225b-4883-428e-82c2-73e0b6282fb6,1,0.1,2018-12-21,2018-12-21,1.0,0.2,0.0,1
418fe547-4bec-48fe-8df0-ed25e27f4570,a75e7eb4-9be7-466b-8c72-311cd2b2b310,1,0.166667,2019-03-22,2019-03-22,1.0,1.0,0.0,0
418fe547-4bec-48fe-8df0-ed25e27f4570,c9cd225b-4883-428e-82c2-73e0b6282fb6,1,0.166667,2019-03-22,2019-03-22,1.0,0.2,0.0,1
418fe547-4bec-48fe-8df0-ed25e27f4570,d841a2c4-33ce-4980-b715-776fe04e551d,1,0.166667,2019-03-22,2019-03-22,1.0,1.0,0.0,0
a75e7eb4-9be7-466b-8c72-311cd2b2b310,c9cd225b-4883-428e-82c2-73e0b6282fb6,1,0.166667,2019-03-22,2019-03-22,1.0,0.2,0.0,1
a75e7eb4-9be7-466b-8c72-311cd2b2b310,d841a2c4-33ce-4980-b715-776fe04e551d,1,0.166667,2019-03-22,2019-03-22,1.0,1.0,0.0,0
c9cd225b-4883-428e-82c2-73e0b6282fb6,d841a2c4-33ce-4980-b715-776fe04e551d,1,0.166667,2019-03-22,2019-03-22,1.0,0.2,0.0,1
1a7ce96f-defa-4255-84de-deaca3c10c28,5721c227-4caf-48b1-bbfc-1a4ed3276963,1,0.166667,2019-12-06,2019-12-06,1.0,0.2,0.0,1
1a7ce96f-defa-4255-84de-deaca3c10c28,a9bfd9c0-a849-48d7-828b-b5c600b89ebb,1,0.166667,2019-12-06,2019-12-06,1.0,1.0,0.0,0
1a7ce96f-defa-4255-84de-deaca3c10c28,c9cd225b-4883-428e-82c2-73e0b6282fb6,1,0.166667,2019-12-06,2019-12-06,1.0,0.2,0.0,1
5721c227-4caf-48b1-bbfc-1a4ed3276963,a9bfd9c0-a849-48d7-828b-b5c600b89ebb,1,0.166667,2019-12-06,2019-12-06,1.0,0.2,0.0,1
5721c227-4caf-48b1-bbfc-1a4ed3276963,c9cd225b-4883-428e-82c2-73e0b6282fb6,1,0.166667,2019-12-06,2019-12-06,1.0,0.428571,0.0,1
a9bfd9c0-a849-48d7-828b-b5c600b89ebb,c9cd225b-4883-428e-82c2-73e0b6282fb6,1,0.166667,2019-12-06,2019-12-06,1.0,0.2,0.0,1
c9cd225b-4883-428e-82c2-73e0b6282fb6,cfbc0924-0035-4d6c-8197-f024653af823,1,1.0,2020-01-01,2020-01-01,1.0,0.625,0.0,0
1b1f50d1-4746-468b-a6a2-7db7200d3dfc,8032cf05-d916-4b2a-9c53-6e75d4a24bd8,1,0.166667,2020-02-21,2020-02-21,1.0,0.166667,0.0,1
1b1f50d1-4746-468b-a6a2-7db7200d3dfc,be0d7749-0974-48ba-93bb-6e974ec193a2,1,0.166667,2020-02-21,2020-02-21,1.0,0.0,0.0,1
1b1f50d1-4746-468b-a6a2-7db7200d3dfc,c9cd225b-4883-428e-82c2-73e0b6282fb6,1,0.166667,2020-02-21,2020-02-21,1.0,0.2,0.0,1
8032cf05-d916-4b2a-9c53-6e75d4a24bd8,be0d7749-0974-48ba-93bb-6e974ec193a2,1,0.166667,2020-02-21,2020-02-21,1.0,0.166667,0.0,1
8032cf05-d916-4b2a-9c53-6e75d4a24bd8,c9cd225b-4883-428e-82c2-73e0b6282fb6,1,0.166667,2020-02-21,2020-02-21,1.0,0.833333,0.0,0
be0d7749-0974-48ba-93bb-6e974ec193a2,c9cd225b-4883-428e-82c2-73e0b6282fb6,1,0.166667,2020-02-21,2020-02-21,1.0,0.0,0.0,1
0103c1cc-4a09-4a5d-a344-56ad99a77193,92885064-c9c3-4f4f-9100-0809548c9ec9,1,0.333333,2000-10-10,2000-10-10,1.0,0.1,0.0,1
0103c1cc-4a09-4a5d-a344-56ad99a77193,ab1a3f85-e0ea-470a-af5c-175447ae774c,1,0.333333,2000-10-10,2000-10-10,1.0,0.4,0.0,1
92885064-c9c3-4f4f-9100-0809548c9ec9,ab1a3f85-e0ea-470a-af5c-175447ae774c,1,0.333333,2000-10-10,2000-10-10,1.0,0.090909,0.0,1
149f91ef-1287-46da-9a8e-87fee02f1471,2e41ae9c-afd2-4f20-8f1e-17281ce9b472,1,0.1,2001-01-01,2001-01-01,1.0,0.538462,0.0,0
149f91ef-1287-46da-9a8e-87fee02f1471,ab1a3f85-e0ea-470a-af5c-175447ae774c,1,0.1,2001-01-01,2001-01-01,1.0,0.411765,0.0,1
149f91ef-1287-46da-9a8e-87fee02f1471,bfeb843d-d3b1-4308-b81a-8dce7c2eecbe,1,0.1,2001-01-01,2001-01-01,1.0,0.076923,0.0,1
2e41ae9c-afd2-4f20-8f1e-17281ce9b472,7c33a306-87ad-4cb6-9f69-bfdb8586b302,1,0.1,2001-01-01,2001-01-01,1.0,0.285714,0.0,1
2e41ae9c-afd2-4f20-8f1e-17281ce9b472,ab1a3f85-e0ea-470a-af5c-175447ae774c,1,0.1,2001-01-01,2001-01-01,1.0,0.285714,0.0,1
7c33a306-87ad-4cb6-9f69-bfdb8586b302,ab1a3f85-e0ea-470a-af5c-175447ae774c,1,0.1,2001-01-01,2001-01-01,1.0,0.181818,0.0,1
7c33a306-87ad-4cb6-9f69-bfdb8586b302,bfeb843d-d3b1-4308-b81a-8dce7c2eecbe,1,0.1,2001-01-01,2001-01-01,1.0,0.5,0.0,0
ab1a3f85-e0ea-470a-af5c-175447ae774c,bfeb843d-d3b1-4308-b81a-8dce7c2eecbe,1,0.1,2001-01-01,2001-01-01,1.0,0.090909,0.0,1
583ceac1-556a-445c-b522-c2b4f9f9272e,b9545342-1e6d-4dae-84ac-013374ad8d7c,1,0.333333,1984-07-20,1984-07-20,1.0,0.166667,0.0,1
583ceac1-556a-445c-b522-c2b4f9f9272e,cce12765-786d-410b-8ed0-8cd9f1b2cd6f,1,0.333333,1984-07-20,1984-07-20,1.0,0.0,0.0,1
b9545342-1e6d-4dae-84ac-013374ad8d7c,cce12765-786d-410b-8ed0-8cd9f1b2cd6f,1,0.333333,1984-07-20,1984-07-20,1.0,0.166667,0.0,1
364c40f5-020d-41e1-917d-ade1431f60a2,79c6b6f4-cb92-4f03-a1ef-82e7aa4eddbb,1,0.166667,1951-01-01,1951-01-01,1.0,0.125,1.0,0
364c40f5-020d-41e1-917d-ade1431f60a2,9484dbd2-849b-42e8-ab23-a3c1b9012e9c,1,0.166667,1951-01-01,1951-01-01,1.0,0.0,1.0,0
364c40f5-020d-41e1-917d-ade1431f60a2,9be7f096-97ec-4615-8957-8d40b5dcbc41,1,0.166667,1951-01-01,1951-01-01,1.0,0.5,0.6,0
79c6b6f4-cb92-4f03-a1ef-82e7aa4eddbb,9484dbd2-849b-42e8-ab23-a3c1b9012e9c,1,0.166667,1951-01-01,1951-01-01,1.0,0.125,1.0,0
79c6b6f4-cb92-4f03-a1ef-82e7aa4eddbb,9be7f096-97ec-4615-8957-8d40b5dcbc41,1,0.166667,1951-01-01,1951-01-01,1.0,0.25,0.6,0
9484dbd2-849b-42e8-ab23-a3c1b9012e9c,9be7f096-97ec-4615-8957-8d40b5dcbc41,1,0.166667,1951-01-01,1951-01-01,1.0,0.5,0.6,0
260b6184-8828-48eb-945c-bc4cb6fc34ca,b0270c18-f45c-4a84-948d-078d331fed15,1,0.333333,2012-01-01,2012-01-01,0.833449,0.090909,0.0,1
260b6184-8828-48eb-945c-bc4cb6fc34ca,ffadf26a-2593-4eaf-8c5d-a54cbc5aedc5,1,0.333333,2012-01-01,2012-01-01,1.0,0.272727,0.090909,1
b0270c18-f45c-4a84-948d-078d331fed15,ffadf26a-2593-4eaf-8c5d-a54cbc5aedc5,1,0.333333,2012-01-01,2012-01-01,1.0,0.333333,0.0,1
0374a8d1-3b68-4b53-b003-fa8a24fb4397,b0270c18-f45c-4a84-948d-078d331fed15,1,0.066667,2012-10-15,2012-10-15,1.0,1.0,0.0,0
0374a8d1-3b68-4b53-b003-fa8a24fb4397,b10954d4-0b15-48a6-9333-5a4c7169da51,1,0.066667,2012-10-15,2012-10-15,1.0,1.0,0.0,0
56756959-1e78-429c-b897-e1d056cb0225,b0270c18-f45c-4a84-948d-078d331fed15,1,0.066667,2012-10-15,2012-10-15,1.0,0.090909,0.0,1
56756959-1e78-429c-b897-e1d056cb0225,b10954d4-0b15-48a6-9333-5a4c7169da51,1,0.066667,2012-10-15,2012-10-15,1.0,0.090909,0.0,1
8870ec41-3a85-4461-86bf-e2012307b30e,b0270c18-f45c-4a84-948d-078d331fed15,1,0.066667,2012-10-15,2012-10-15,1.0,1.0,0.0,0
8870ec41-3a85-4461-86bf-e2012307b30e,b10954d4-0b15-48a6-9333-5a4c7169da51,1,0.066667,2012-10-15,2012-10-15,1.0,1.0,0.0,0
b0270c18-f45c-4a84-948d-078d331fed15,b10954d4-0b15-48a6-9333-5a4c7169da51,1,0.066667,2012-10-15,2012-10-15,1.0,1.0,0.0,0
b0270c18-f45c-4a84-948d-078d331fed15,e9ac8a5f-da51-496d-b2f0-9b42090232dc,1,0.066667,2012-10-15,2012-10-15,1.0,1.0,0.0,0
b10954d4-0b15-48a6-9333-5a4c7169da51,e9ac8a5f-da51-496d-b2f0-9b42090232dc,1,0.066667,2012-10-15,2012-10-15,1.0,1.0,0.0,0
0374a8d1-3b68-4b53-b003-fa8a24fb4397,13d92e1d-d230-4827-84ba-14643630751d,1,0.047619,2013-01-01,2013-01-01,1.0,0.5,0.0,0
0374a8d1-3b68-4b53-b003-fa8a24fb4397,7b14eedd-89d1-4df5-b38d-5260b759c5df,1,0.047619,2013-01-01,2013-01-01,1.0,1.0,0.0,0
0374a8d1-3b68-4b53-b003-fa8a24fb4397,7d661adb-5d8c-421a-aee1-bb6f4c0c0992,1,0.047619,2013-01-01,2013-01-01,1.0,0.5,0.0,0
0374a8d1-3b68-4b53-b003-fa8a24fb4397,bdf204b6-8cab-4d95-bd33-679192b63352,1,0.047619,2013-01-01,2013-01-01,1.0,0.333333,0.0,1
13d92e1d-d230-4827-84ba-14643630751d,7b14eedd-89d1-4df5-b38d-5260b759c5df,1,0.047619,2013-01-01,2013-01-01,1.0,0.5,0.0,0
13d92e1d-d230-4827-84ba-14643630751d,8870ec41-3a85-4461-86bf-e2012307b30e,1,0.047619,2013-01-01,2013-01-01,1.0,0.5,0.0,0
13d92e1d-d230-4827-84ba-14643630751d,e9ac8a5f-da51-496d-b2f0-9b42090232dc,1,0.047619,2013-01-01,2013-01-01,1.0,0.5,0.0,0
7b14eedd-89d1-4df5-b38d-5260b759c5df,7d661adb-5d8c-421a-aee1-bb6f4c0c0992,1,0.047619,2013-01-01,2013-01-01,1.0,0.5,0.0,0
7b14eedd-89d1-4df5-b38d-5260b759c5df,8870ec41-3a85-4461-86bf-e2012307b30e,1,0.047619,2013-01-01,2013-01-01,1.0,1.0,0.0,0
7b14eedd-89d1-4df5-b38d-5260b759c5df,bdf204b6-8cab-4d95-bd33-679192b63352,1,0.047619,2013-01-01,2013-01-01,1.0,0.333333,0.0,1
7b14eedd-89d1-4df5-b38d-5260b759c5df,e9ac8a5f-da51-496d-b2f0-9b42090232dc,1,0.047619,2013-01-01,2013-01-01,1.0,1.0,0.0,0
7d661adb-5d8c-421a-aee1-bb6f4c0c0992,8870ec41-3a85-4461-86bf-e2012307b30e,1,0.047619,2013-01-01,2013-01-01,1.0,0.5,0.0,0
7d661adb-5d8c-421a-aee1-bb6f4c0c0992,e9ac8a5f-da51-496d-b2f0-9b42090232dc,1,0.047619,2013-01-01,2013-01-01,1.0,0.5,0.0,0
8870ec41-3a85-4461-86bf-e2012307b30e,bdf204b6-8cab-4d95-bd33-679192b63352,1,0.047619,2013-01-01,2013-01-01,1.0,0.333333,0.0,1
bdf204b6-8cab-4d95-bd33-679192b63352,e9ac8a5f-da51-496d-b2f0-9b42090232dc,1,0.047619,2013-01-01,2013-01-01,1.0,0.333333,0.0,1
006fbfa3-3ee6-4c29-93fc-771c9282aa26,0374a8d1-3b68-4b53-b003-fa8a24fb4397,1,0.015152,2013-01-01,2013-01-01,1.0,1.0,0.0,0
006fbfa3-3ee6-4c29-93fc-771c9282aa26,04c39fec-5b44-4f11-9c73-af4f562334c7,1,0.015152,2013-01-01,2013-01-01,1.0,0.5,0.0,0
006fbfa3-3ee6-4c29-93fc-771c9282aa26,3394771a-a36b-4739-bcd9-301d09121af8,1,0.015152,2013-01-01,2013-01-01,1.0,0.5,0.0,0
006fbfa3-3ee6-4c29-93fc-771c9282aa26,382f1005-e9ab-4684-afd4-0bdae4ee37f2,1,0.015152,2013-01-01,2013-01-01,1.0,0.1,0.0,1
006fbfa3-3ee6-4c29-93fc-771c9282aa26,4d23b2fd-1ed8-47bf-a4d7-0c78f6e61ce3,1,0.015152,2013-01-01,2013-01-01,1.0,1.0,0.0,0
006fbfa3-3ee6-4c29-93fc-771c9282aa26,52a5221c-b206-4372-812c-70426e58aa1e,1,0.015152,2013-01-01,2013-01-01,1.0,1.0,0.0,0
006fbfa3-3ee6-4c29-93fc-771c9282aa26,69b54f7a-b7c6-4081-98dc-77fdbb2027cc,1,0.015152,2013-01-01,2013-01-01,1.0,1.0,0.0,0
006fbfa3-3ee6-4c29-93fc-771c9282aa26,8870ec41-3a85-4461-86bf-e2012307b30e,1,0.015152,2013-01-01,2013-01-01,1.0,1.0,0.0,0
006fbfa3-3ee6-4c29-93fc-771c9282aa26,b7ec322e-3450-4bd0-ac3c-1e2e9744e32b,1,0.015152,2013-01-01,2013-01-01,1.0,1.0,0.0,0
006fbfa3-3ee6-4c29-93fc-771c9282aa26,ba7479d2-1957-49e5-a263-03631539d320,1,0.015152,2013-01-01,2013-01-01,1.0,1.0,0.0,0
006fbfa3-3ee6-4c29-93fc-771c9282aa26,d42a4776-3a6f-4828-9bf1-23a9477c8774,1,0.015152,2013-01-01,2013-01-01,1.0,1.0,0.0,0
0374a8d1-3b68-4b53-b003-fa8a24fb4397,04c39fec-5b44-4f11-9c73-af4f562334c7,1,0.015152,2013-01-01,2013-01-01,1.0,0.5,0.0,0
0374a8d1-3b68-4b53-b003-fa8a24fb4397,3394771a-a36b-4739-bcd9-301d09121af8,1,0.015152,2013-01-01,2013-01-01,1.0,0.5,0.0,0
0374a8d1-3b68-4b53-b003-fa8a24fb4397,382f1005-e9ab-4684-afd4-0bdae4ee37f2,1,0.015152,2013-01-01,2013-01-01,1.0,0.1,0.0,1
0374a8d1-3b68-4b53-b003-fa8a24fb4397,4d23b2fd-1ed8-47bf-a4d7-0c78f6e61ce3,1,0.015152,2013-01-01,2013-01-01,1.0,1.0,0.0,0
0374a8d1-3b68-4b53-b003-fa8a24fb4397,52a5221c-b206-4372-812c-70426e58aa1e,1,0.015152,2013-01-01,2013-01-01,1.0,1.0,0.0,0
0374a8d1-3b68-4b53-b003-fa8a24fb4397,69b54f7a-b7c6-4081-98dc-77fdbb2027cc,1,0.015152,2013-01-01,2013-01-01,1.0,1.0,0.0,0
0374a8d1-3b68-4b53-b003-fa8a24fb4397,b7ec322e-3450-4bd0-ac3c-1e2e9744e32b,1,0.015152,2013-01-01,2013-01-01,1.0,1.0,0.0,0
0374a8d1-3b68-4b53-b003-fa8a24fb4397,ba7479d2-1957-49e5-a263-03631539d320,1,0.015152,2013-01-01,2013-01-01,1.0,1.0,0.0,0
0374a8d1-3b68-4b53-b003-fa8a24fb4397,d42a4776-3a6f-4828-9bf1-23a9477c8774,1,0.015152,2013-01-01,2013-01-01,1.0,1.0,0.0,0
04c39fec-5b44-4f11-9c73-af4f562334c7,382f1005-e9ab-4684-afd4-0bdae4ee37f2,1,0.015152,2013-01-01,2013-01-01,1.0,0.2,0.0,1
04c39fec-5b44-4f11-9c73-af4f562334c7,4d23b2fd-1ed8-47bf-a4d7-0c78f6e61ce3,1,0.015152,2013-01-01,2013-01-01,1.0,0.5,0.0,0
04c39fec-5b44-4f11-9c73-af4f562334c7,52a5221c-b206-4372-812c-70426e58aa1e,1,0.015152,2013-01-01,2013-01-01,1.0,0.5,0.0,0
04c39fec-5b44-4f11-9c73-af4f562334c7,69b54f7a-b7c6-4081-98dc-77fdbb2027cc,1,0.015152,2013-01-01,2013-01-01,1.0,0.5,0.0,0
04c39fec-5b44-4f11-9c73-af4f562334c7,8870ec41-3a85-4461-86bf-e2012307b30e,1,0.015152,2013-01-01,2013-01-01,1.0,0.5,0.0,0
04c39fec-5b44-4f11-9c73-af4f562334c7,b7ec322e-3450-4bd0-ac3c-1e2e9744e32b,1,0.015152,2013-01-01,2013-01-01,1.0,0.5,0.0,0
04c39fec-5b44-4f11-9c73-af4f562334c7,ba7479d2-1957-49e5-a263-03631539d320,1,0.015152,2013-01-01,2013-01-01,1.0,0.5,0.0,0
04c39fec-5b44-4f11-9c73-af4f562334c7,d42a4776-3a6f-4828-9bf1-23a9477c8774,1,0.015152,2013-01-01,2013-01-01,1.0,0.5,0.0,0
3394771a-a36b-4739-bcd9-301d09121af8,382f1005-e9ab-4684-afd4-0bdae4ee37f2,1,0.015152,2013-01-01,2013-01-01,1.0,0.2,0.0,1
3394771a-a36b-4739-bcd9-301d09121af8,4d23b2fd-1ed8-47bf-a4d7-0c78f6e61ce3,1,0.015152,2013-01-01,2013-01-01,1.0,0.5,0.0,0
3394771a-a36b-4739-bcd9-301d09121af8,52a5221c-b206-4372-812c-70426e58aa1e,1,0.015152,2013-01-01,2013-01-01,1.0,0.5,0.0,0
3394771a-a36b-4739-bcd9-301d09121af8,69b54f7a-b7c6-4081-98dc-77fdbb2027cc,1,0.015152,2013-01-01,2013-01-01,1.0,0.5,0.0,0
3394771a-a36b-4739-bcd9-301d09121af8,8870ec41-3a85-4461-86bf-e2012307b30e,1,0.015152,2013-01-01,2013-01-01,1.0,0.5,0.0,0
3394771a-a36b-4739-bcd9-301d09121af8,b7ec322e-3450-4bd0-ac3c-1e2e9744e32b,1,0.015152,2013-01-01,2013-01-01,1.0,0.5,0.0,0
3394771a-a36b-4739-bcd9-301d09121af8,ba7479d2-1957-49e5-a263-03631539d320,1,0.015152,2013-01-01,2013-01-01,1.0,0.5,0.0,0
3394771a-a36b-4739-bcd9-301d09121af8,d42a4776-3a6f-4828-9bf1-23a9477c8774,1,0.015152,2013-01-01,2013-01-01,1.0,0.5,0.0,0
382f1005-e9ab-4684-afd4-0bdae4ee37f2,4d23b2fd-1ed8-47bf-a4d7-0c78f6e61ce3,1,0.015152,2013-01-01,2013-01-01,1.0,0.1,0.0,1
382f1005-e9ab-4684-afd4-0bdae4ee37f2,52a5221c-b206-4372-812c-70426e58aa1e,1,0.015152,2013-01-01,2013-01-01,1.0,0.1,0.0,1
382f1005-e9ab-4684-afd4-0bdae4ee37f2,69b54f7a-b7c6-4081-98dc-77fdbb2027cc,1,0.015152,2013-01-01,2013-01-01,1.0,0.1,0.0,1
382f1005-e9ab-4684-afd4-0bdae4ee37f2,8870ec41-3a85-4461-86bf-e2012307b30e,1,0.015152,2013-01-01,2013-01-01,1.0,0.1,0.0,1
382f1005-e9ab-4684-afd4-0bdae4ee37f2,b7ec322e-3450-4bd0-ac3c-1e2e9744e32b,1,0.015152,2013-01-01,2013-01-01,1.0,0.1,0.0,1
382f1005-e9ab-4684-afd4-0bdae4ee37f2,ba7479d2-1957-49e5-a263-03631539d320,1,0.015152,2013-01-01,2013-01-01,1.0,0.1,0.0,1
382f1005-e9ab-4684-afd4-0bdae4ee37f2,d42a4776-3a6f-4828-9bf1-23a9477c8774,1,0.015152,2013-01-01,2013-01-01,1.0,0.1,0.0,1
4d23b2fd-1ed8-47bf-a4d7-0c78f6e61ce3,52a5221c-b206-4372-812c-70426e58aa1e,1,0.015152,2013-01-01,2013-01-01,1.0,1.0,0.0,0
4d23b2fd-1ed8-47bf-a4d7-0c78f6e61ce3,69b54f7a-b7c6-4081-98dc-77fdbb2027cc,1,0.015152,2013-01-01,2013-01-01,1.0,1.0,0.0,0
4d23b2fd-1ed8-47bf-a4d7-0c78f6e61ce3,8870ec41-3a85-4461-86bf-e2012307b30e,1,0.015152,2013-01-01,2013-01-01,1.0,1.0,0.0,0
4d23b2fd-1ed8-47bf-a4d7-0c78f6e61ce3,b7ec322e-3450-4bd0-ac3c-1e2e9744e32b,1,0.015152,2013-01-01,2013-01-01,1.0,1.0,0.0,0
4d23b2fd-1ed8-47bf-a4d7-0c78f6e61ce3,ba7479d2-1957-49e5-a263-03631539d320,1,0.015152,2013-01-01,2013-01-01,1.0,1.0,0.0,0
4d23b2fd-1ed8-47bf-a4d7-0c78f6e61ce3,d42a4776-3a6f-4828-9bf1-23a9477c8774,1,0.015152,2013-01-01,2013-01-01,1.0,1.0,0.0,0
52a5221c-b206-4372-812c-70426e58aa1e,69b54f7a-b7c6-4081-98dc-77fdbb2027cc,1,0.015152,2013-01-01,2013-01-01,1.0,1.0,0.0,0
52a5221c-b206-4372-812c-70426e58aa1e,8870ec41-3a85-4461-86bf-e2012307b30e,1,0.015152,2013-01-01,2013-01-01,1.0,1.0,0.0,0
52a5221c-b206-4372-812c-70426e58aa1e,b7ec322e-3450-4bd0-ac3c-1e2e9744e32b,1,0.015152,2013-01-01,2013-01-01,1.0,1.0,0.0,0
52a5221c-b206-4372-812c-70426e58aa1e,ba7479d2-1957-49e5-a263-03631539d320,1,0.015152,2013-01-01,2013-01-01,1.0,1.0,0.0,0
52a5221c-b206-4372-812c-70426e58aa1e,d42a4776-3a6f-4828-9bf1-23a9477c8774,1,0.015152,2013-01-01,2013-01-01,1.0,1.0,0.0,0
69b54f7a-b7c6-4081-98dc-77fdbb2027cc,8870ec41-3a85-4461-86bf-e2012307b30e,1,0.015152,2013-01-01,2013-01-01,1.0,1.0,0.0,0
69b54f7a-b7c6-4081-98dc-77fdbb2027cc,b7ec322e-3450-4bd0-ac3c-1e2e9744e32b,1,0.015152,2013-01-01,2013-01-01,1.0,1.0,0.0,0
69b54f7a-b7c6-4081-98dc-77fdbb2027cc,ba7479d2-1957-49e5-a263-03631539d320,1,0.015152,2013-01-01,2013-01-01,1.0,1.0,0.0,0
69b54f7a-b7c6-4081-98dc-77fdbb2027cc,d42a4776-3a6f-4828-9bf1-23a9477c8774,1,0.015152,2013-01-01,2013-01-01,1.0,1.0,0.0,0
8870ec41-3a85-4461-86bf-e2012307b30e,b7ec322e-3450-4bd0-ac3c-1e2e9744e32b,1,0.015152,2013-01-01,2013-01-01,1.0,1.0,0.0,0
8870ec41-3a85-4461-86bf-e2012307b30e,ba7479d2-1957-49e5-a263-03631539d320,1,0.015152,2013-01-01,2013-01-01,1.0,1.0,0.0,0
8870ec41-3a85-4461-86bf-e2012307b30e,d42a4776-3a6f-4828-9bf1-23a9477c8774,1,0.015152,2013-01-01,2013-01-01,1.0,1.0,0.0,0
b7ec322e-3450-4bd0-ac3c-1e2e9744e32b,ba7479d2-1957-49e5-a263-03631539d320,1,0.015152,2013-01-01,2013-01-01,1.0,1.0,0.0,0
b7ec322e-3450-4bd0-ac3c-1e2e9744e32b,d42a4776-3a6f-4828-9bf1-23a9477c8774,1,0.015152,2013-01-01,2013-01-01,1.0,1.0,0.0,0
ba7479d2-1957-49e5-a263-03631539d320,d42a4776-3a6f-4828-9bf1-23a9477c8774,1,0.015152,2013-01-01,2013-01-01,1.0,1.0,0.0,0
07cc14fb-4784-4a25-804b-2686ed5ef52c,2309d446-c871-498b-a6e4-970d7fce0ee6,1,0.027778,2000-01-01,2000-01-01,1.0,0.142857,1.0,0
07cc14fb-4784-4a25-804b-2686ed5ef52c,28658c41-ae08-45dc-b593-42d393df1381,1,0.027778,2000-01-01,2000-01-01,1.0,0.142857,1.0,0
07cc14fb-4784-4a25-804b-2686ed5ef52c,405528df-2632-4730-80fc-83e775a97651,1,0.027778,2000-01-01,2000-01-01,1.0,0.142857,1.0,0
07cc14fb-4784-4a25-804b-2686ed5ef52c,55c6eaaf-1dde-468c-a4ff-244d58c4eb89,1,0.027778,2000-01-01,2000-01-01,1.0,0.142857,1.0,0
07cc14fb-4784-4a25-804b-2686ed5ef52c,5f6ab597-f57a-40da-be9e-adad48708203,1,0.027778,2000-01-01,2000-01-01,1.0,0.5,0.666667,0
07cc14fb-4784-4a25-804b-2686ed5ef52c,6c61b24f-aa32-458d-83fe-b8619dd7def7,1,0.027778,2000-01-01,2000-01-01,1.0,0.142857,1.0,0
07cc14fb-4784-4a25-804b-2686ed5ef52c,965f5705-6eb1-49a1-b312-cd3d65bcc7c9,1,0.027778,2000-01-01,2000-01-01,1.0,0.285714,1.0,0
07cc14fb-4784-4a25-804b-2686ed5ef52c,a5bd836d-8d8f-48a5-b0b7-dbb18b3264dd,1,0.027778,2000-01-01,2000-01-01,1.0,0.142857,1.0,0
2309d446-c871-498b-a6e4-970d7fce0ee6,28658c41-ae08-45dc-b593-42d393df1381,1,0.027778,2000-01-01,2000-01-01,1.0,1.0,1.0,0
2309d446-c871-498b-a6e4-970d7fce0ee6,405528df-2632-4730-80fc-83e775a97651,1,0.027778,2000-01-01,2000-01-01,1.0,1.0,1.0,0
2309d446-c871-498b-a6e4-970d7fce0ee6,55c6eaaf-1dde-468c-a4ff-244d58c4eb89,1,0.027778,2000-01-01,2000-01-01,1.0,1.0,1.0,0
2309d446-c871-498b-a6e4-970d7fce0ee6,5f6ab597-f57a-40da-be9e-adad48708203,1,0.027778,2000-01-01,2000-01-01,1.0,0.071429,0.666667,0
2309d446-c871-498b-a6e4-970d7fce0ee6,6c61b24f-aa32-458d-83fe-b8619dd7def7,1,0.027778,2000-01-01,2000-01-01,1.0,1.0,1.0,0
2309d446-c871-498b-a6e4-970d7fce0ee6,965f5705-6eb1-49a1-b312-cd3d65bcc7c9,1,0.027778,2000-01-01,2000-01-01,1.0,0.5,1.0,0
2309d446-c871-498b-a6e4-970d7fce0ee6,a5bd836d-8d8f-48a5-b0b7-dbb18b3264dd,1,0.027778,2000-01-01,2000-01-01,1.0,1.0,1.0,0
28658c41-ae08-45dc-b593-42d393df1381,405528df-2632-4730-80fc-83e775a97651,1,0.027778,2000-01-01,2000-01-01,1.0,1.0,1.0,0
28658c41-ae08-45dc-b593-42d393df1381,55c6eaaf-1dde-468c-a4ff-244d58c4eb89,1,0.027778,2000-01-01,2000-01-01,1.0,1.0,1.0,0
28658c41-ae08-45dc-b593-42d393df1381,5f6ab597-f57a-40da-be9e-adad48708203,1,0.027778,2000-01-01,2000-01-01,1.0,0.071429,0.666667,0
28658c41-ae08-45dc-b593-42d393df1381,6c61b24f-aa32-458d-83fe-b8619dd7def7,1,0.027778,2000-01-01,2000-01-01,1.0,1.0,1.0,0
28658c41-ae08-45dc-b593-42d393df1381,965f5705-6eb1-49a1-b312-cd3d65bcc7c9,1,0.027778,2000-01-01,2000-01-01,1.0,0.5,1.0,0
28658c41-ae08-45dc-b593-42d393df1381,a5bd836d-8d8f-48a5-b0b7-dbb18b3264dd,1,0.027778,2000-01-01,2000-01-01,1.0,1.0,1.0,0
405528df-2632-4730-80fc-83e775a97651,55c6eaaf-1dde-468c-a4ff-244d58c4eb89,1,0.027778,2000-01-01,2000-01-01,1.0,1.0,1.0,0
405528df-2632-4730-80fc-83e775a97651,5f6ab597-f57a-40da-be9e-adad48708203,1,0.027778,2000-01-01,2000-01-01,1.0,0.071429,0.666667,0
405528df-2632-4730-80fc-83e775a97651,6c61b24f-aa32-458d-83fe-b8619dd7def7,1,0.027778,2000-01-01,2000-01-01,1.0,1.0,1.0,0
405528df-2632-4730-80fc-83e775a97651,965f5705-6eb1-49a1-b312-cd3d65bcc7c9,1,0.027778,2000-01-01,2000-01-01,1.0,0.5,1.0,0
405528df-2632-4730-80fc-83e775a97651,a5bd836d-8d8f-48a5-b0b7-dbb18b3264dd,1,0.027778,2000-01-01,2000-01-01,1.0,1.0,1.0,0
55c6eaaf-1dde-468c-a4ff-244d58c4eb89,5f6ab597-f57a-40da-be9e-adad48708203,1,0.027778,2000-01-01,2000-01-01,1.0,0.071429,0.666667,0
55c6eaaf-1dde-468c-a4ff-244d58c4eb89,6c61b24f-aa32-458d-83fe-b8619dd7def7,1,0.027778,2000-01-01,2000-01-01,1.0,1.0,1.0,0
55c6eaaf-1dde-468c-a4ff-244d58c4eb89,965f5705-6eb1-49a1-b312-cd3d65bcc7c9,1,0.027778,2000-01-01,2000-01-01,1.0,0.5,1.0,0
55c6eaaf-1dde-468c-a4ff-244d58c4eb89,a5bd836d-8d8f-48a5-b0b7-dbb18b3264dd,1,0.027778,2000-01-01,2000-01-01,1.0,1.0,1.0,0
5f6ab597-f57a-40da-be9e-adad48708203,6c61b24f-aa32-458d-83fe-b8619dd7def7,1,0.027778,2000-01-01,2000-01-01,1.0,0.071429,0.666667,0
5f6ab597-f57a-40da-be9e-adad48708203,a5bd836d-8d8f-48a5-b0b7-dbb18b3264dd,1,0.027778,2000-01-01,2000-01-01,1.0,0.071429,0.666667,0
6c61b24f-aa32-458d-83fe-b8619dd7def7,965f5705-6eb1-49a1-b312-cd3d65bcc7c9,1,0.027778,2000-01-01,2000-01-01,1.0,0.5,1.0,0
6c61b24f-aa32-458d-83fe-b8619dd7def7,a5bd836d-8d8f-48a5-b0b7-dbb18b3264dd,1,0.027778,2000-01-01,2000-01-01,1.0,1.0,1.0,0
965f5705-6eb1-49a1-b312-cd3d65bcc7c9,a5bd836d-8d8f-48a5-b0b7-dbb18b3264dd,1,0.027778,2000-01-01,2000-01-01,1.0,0.5,1.0,0
20ff3303-4fe2-4a47-a1b6-291e26aa3438,752e457b-fc3b-4809-96bc-d34264ee9519,1,0.333333,1966-01-01,1966-01-01,1.0,1.0,0.0,0
20ff3303-4fe2-4a47-a1b6-291e26aa3438,7fe96b15-5608-430e-ad25-77a01353c5d9,1,0.333333,1966-01-01,1966-01-01,1.0,0.5,0.0,0
752e457b-fc3b-4809-96bc-d34264ee9519,7fe96b15-5608-430e-ad25-77a01353c5d9,1,0.333333,1966-01-01,1966-01-01,1.0,0.5,0.0,0
3f611c40-fa51-426f-9c4a-d71950de7622,40b46c2d-5792-4eb4-90d0-e07aa0676479,1,0.333333,1989-01-01,1989-01-01,1.0,1.0,0.0,0
3f611c40-fa51-426f-9c4a-d71950de7622,a21a3ff2-064c-452d-8aea-3d4039ab70d6,1,0.333333,1989-01-01,1989-01-01,1.0,1.0,0.0,0
40b46c2d-5792-4eb4-90d0-e07aa0676479,a21a3ff2-064c-452d-8aea-3d4039ab70d6,1,0.333333,1989-01-01,1989-01-01,1.0,1.0,0.0,0
4c45495f-b9f3-4d03-9fac-d44c8a77f5de,52494f9b-789d-4467-bcaf-9915e70cc8f6,1,0.166667,1990-01-01,1990-01-01,1.0,0.2,0.0,1
4c45495f-b9f3-4d03-9fac-d44c8a77f5de,68c34082-c1d5-4399-af9b-3921ca0a6a1f,2,0.333333,1984-01-01,1990-01-01,1.0,0.666667,0.0,0
4c45495f-b9f3-4d03-9fac-d44c8a77f5de,e2190b35-1181-44f6-8587-4c04123a6f30,2,0.333333,1984-01-01,1990-01-01,1.0,1.0,0.0,0
52494f9b-789d-4467-bcaf-9915e70cc8f6,68c34082-c1d5-4399-af9b-3921ca0a6a1f,1,0.166667,1990-01-01,1990-01-01,1.0,0.166667,0.0,1
52494f9b-789d-4467-bcaf-9915e70cc8f6,e2190b35-1181-44f6-8587-4c04123a6f30,1,0.166667,1990-01-01,1990-01-01,1.0,0.2,0.0,1
936addc3-91aa-49de-8ec0-0dc186de151f,f0bec136-82e8-4fcb-8172-421d9c542d09,1,1.0,1977-08-01,1977-08-01,1.0,0.333333,0.0,1
592da4c4-9618-4a1a-a944-e60c05c39037,9d1ebcfe-4c15-4d18-95d3-d919898638a1,1,1.0,1972-01-01,1972-01-01,1.0,0.25,0.0,1
5b64e344-b2fb-47bd-bd7b-4c793b17d472,d9b295f1-9634-47bf-a290-b3d91681a88d,1,1.0,2009-01-01,2009-01-01,1.0,0.125,0.0,1
5a6131f9-f8db-4722-b4d7-6a0c7183c590,5b64e344-b2fb-47bd-bd7b-4c793b17d472,1,1.0,2010-08-10,2010-08-10,0.648356,0.375,0.0,1
9176a2e5-ffb2-4d56-aecc-fdf1ad5d6994,e107bde8-78f0-4646-8925-68007a15880e,1,0.166667,2014-01-01,2014-01-01,1.0,0.0,1.0,0
c8af4490-e48a-4f91-aef9-2b1e39369576,e107bde8-78f0-4646-8925-68007a15880e,1,0.166667,2014-01-01,2014-01-01,1.0,0.0,1.0,0
e107bde8-78f0-4646-8925-68007a15880e,f4fdbb4c-e4b7-47a0-b83b-d91bbfcfa387,1,0.166667,2014-01-01,2014-01-01,1.0,0.142857,0.166667,1
9947e874-ddd0-4e1a-b0d4-a76f6532fe45,9be7f096-97ec-4615-8957-8d40b5dcbc41,1,1.0,1924-01-01,1924-01-01,1.0,0.285714,0.0,1
6be2828f-6c0d-4059-99d4-fa18acf1a296,a35237a0-4f47-40a6-b6f3-1e786db23402,1,1.0,1976-01-01,1976-01-01,1.0,0.25,0.0,1
6622a50e-5206-44d0-9ad5-96047a726dcf,b67bf15d-03c3-40a4-9d17-769a964d5005,1,0.333333,2003-01-01,2003-01-01,0.198394,0.333333,0.428571,1
6622a50e-5206-44d0-9ad5-96047a726dcf,db008806-16f6-48fc-8521-3d953709689d,1,0.333333,2003-01-01,2003-01-01,0.580412,0.25,0.428571,1
b67bf15d-03c3-40a4-9d17-769a964d5005,db008806-16f6-48fc-8521-3d953709689d,1,0.333333,2003-01-01,2003-01-01,0.580412,0.5,1.0,0
7046105f-a02f-4053-8314-94b1ced8216f,db008806-16f6-48fc-8521-3d953709689d,1,0.333333,2005-01-01,2005-01-01,0.921638,0.333333,0.0,1
c6029add-33ca-4a0a-8fa5-c47a1c4b2f9d,db008806-16f6-48fc-8521-3d953709689d,1,0.333333,2005-01-01,2005-01-01,0.921638,0.333333,0.0,1
37ed89f2-c1e4-4836-8f68-190014a48034,b2c2d4fe-8c1e-44ec-8be6-ff500e105a90,1,1.0,1984-01-01,1984-01-01,1.0,1.0,0.5,0
7bd9e20e-74b9-446a-a2ed-a223f82a36e7,ac3a43db-8437-44c5-b8b8-740a7211dde9,1,1.0,1959-01-01,1959-01-01,1.0,0.125,0.0,1
08415f3b-6402-4800-8d62-4d6d1557b85b,5139d541-5d2c-4e4a-804d-b4437d985be0,2,0.083333,2025-09-26,2025-09-26,1.0,1.0,0.0,0
08415f3b-6402-4800-8d62-4d6d1557b85b,69c22cc7-88c8-4f27-a9e7-3225af8329c5,2,0.083333,2025-09-26,2025-09-26,1.0,1.0,0.0,0
08415f3b-6402-4800-8d62-4d6d1557b85b,863cd67a-33d3-4394-b8d4-eaf7c123427c,2,0.083333,2025-09-26,2025-09-26,1.0,1.0,0.0,0
08415f3b-6402-4800-8d62-4d6d1557b85b,c8b868fe-6217-4908-b73a-fc7ecf605b8a,2,0.083333,2025-09-26,2025-09-26,1.0,1.0,0.0,0
08415f3b-6402-4800-8d62-4d6d1557b85b,e77c277f-6c29-4bcd-b541-4dcf47ac775a,2,0.083333,2025-09-26,2025-09-26,1.0,1.0,0.0,0
08415f3b-6402-4800-8d62-4d6d1557b85b,ed58cf08-77c2-4265-ae0e-ccb3533c0982,2,0.083333,2025-09-26,2025-09-26,1.0,1.0,0.0,0
5139d541-5d2c-4e4a-804d-b4437d985be0,69c22cc7-88c8-4f27-a9e7-3225af8329c5,2,0.083333,2025-09-26,2025-09-26,1.0,1.0,0.0,0
5139d541-5d2c-4e4a-804d-b4437d985be0,863cd67a-33d3-4394-b8d4-eaf7c123427c,2,0.083333,2025-09-26,2025-09-26,1.0,1.0,0.0,0
5139d541-5d2c-4e4a-804d-b4437d985be0,c8b868fe-6217-4908-b73a-fc7ecf605b8a,4,0.166667,2025-09-26,2025-09-26,1.0,1.0,0.0,0
5139d541-5d2c-4e4a-804d-b4437d985be0,e77c277f-6c29-4bcd-b541-4dcf47ac775a,2,0.083333,2025-09-26,2025-09-26,1.0,1.0,0.0,0
5139d541-5d2c-4e4a-804d-b4437d985be0,ed58cf08-77c2-4265-ae0e-ccb3533c0982,2,0.083333,2025-09-26,2025-09-26,1.0,1.0,0.0,0
69c22cc7-88c8-4f27-a9e7-3225af8329c5,863cd67a-33d3-4394-b8d4-eaf7c123427c,2,0.083333,2025-09-26,2025-09-26,1.0,1.0,0.0,0
69c22cc7-88c8-4f27-a9e7-3225af8329c5,c8b868fe-6217-4908-b73a-fc7ecf605b8a,2,0.083333,2025-09-26,2025-09-26,1.0,1.0,0.0,0
69c22cc7-88c8-4f27-a9e7-3225af8329c5,e77c277f-6c29-4bcd-b541-4dcf47ac775a,2,0.083333,2025-09-26,2025-09-26,1.0,1.0,0.0,0
69c22cc7-88c8-4f27-a9e7-3225af8329c5,ed58cf08-77c2-4265-ae0e-ccb3533c0982,2,0.083333,2025-09-26,2025-09-26,1.0,1.0,0.0,0
863cd67a-33d3-4394-b8d4-eaf7c123427c,c8b868fe-6217-4908-b73a-fc7ecf605b8a,2,0.083333,2025-09-26,2025-09-26,1.0,1.0,0.0,0
863cd67a-33d3-4394-b8d4-eaf7c123427c,e77c277f-6c29-4bcd-b541-4dcf47ac775a,2,0.083333,2025-09-26,2025-09-26,1.0,1.0,0.0,0
863cd67a-33d3-4394-b8d4-eaf7c123427c,ed58cf08-77c2-4265-ae0e-ccb3533c0982,2,0.083333,2025-09-26,2025-09-26,1.0,1.0,0.0,0
c8b868fe-6217-4908-b73a-fc7ecf605b8a,e77c277f-6c29-4bcd-b541-4dcf47ac775a,2,0.083333,2025-09-26,2025-09-26,1.0,1.0,0.0,0
c8b868fe-6217-4908-b73a-fc7ecf605b8a,ed58cf08-77c2-4265-ae0e-ccb3533c0982,2,0.083333,2025-09-26,2025-09-26,1.0,1.0,0.0,0
e77c277f-6c29-4bcd-b541-4dcf47ac775a,ed58cf08-77c2-4265-ae0e-ccb3533c0982,2,0.083333,2025-09-26,2025-09-26,1.0,1.0,0.0,0
320d51be-7d70-4de6-b4d4-ce05204b31c4,5139d541-5d2c-4e4a-804d-b4437d985be0,2,0.083333,2025-09-26,2025-09-26,1.0,1.0,0.0,0
320d51be-7d70-4de6-b4d4-ce05204b31c4,b3713c4d-4b17-49f2-86d2-446909d8291e,2,0.083333,2025-09-26,2025-09-26,1.0,1.0,0.0,0
320d51be-7d70-4de6-b4d4-ce05204b31c4,c8b868fe-6217-4908-b73a-fc7ecf605b8a,2,0.083333,2025-09-26,2025-09-26,1.0,1.0,0.0,0
320d51be-7d70-4de6-b4d4-ce05204b31c4,cafe729b-f9b1-4e57-a7ff-2e79ad3d9868,2,0.083333,2025-09-26,2025-09-26,1.0,1.0,0.0,0
320d51be-7d70-4de6-b4d4-ce05204b31c4,e5891cfb-6df9-4288-96f3-caf00f668558,1,0.047619,2025-09-26,2025-09-26,1.0,1.0,0.0,0
320d51be-7d70-4de6-b4d4-ce05204b31c4,e6c48159-cd80-499a-af7b-bbd92cc057b9,1,0.047619,2025-09-26,2025-09-26,1.0,1.0,0.0,0
5139d541-5d2c-4e4a-804d-b4437d985be0,b3713c4d-4b17-49f2-86d2-446909d8291e,2,0.083333,2025-09-26,2025-09-26,1.0,1.0,0.0,0
5139d541-5d2c-4e4a-804d-b4437d985be0,cafe729b-f9b1-4e57-a7ff-2e79ad3d9868,2,0.083333,2025-09-26,2025-09-26,1.0,1.0,0.0,0
5139d541-5d2c-4e4a-804d-b4437d985be0,e5891cfb-6df9-4288-96f3-caf00f668558,1,0.047619,2025-09-26,2025-09-26,1.0,1.0,0.0,0
5139d541-5d2c-4e4a-804d-b4437d985be0,e6c48159-cd80-499a-af7b-bbd92cc057b9,1,0.047619,2025-09-26,2025-09-26,1.0,1.0,0.0,0
b3713c4d-4b17-49f2-86d2-446909d8291e,c8b868fe-6217-4908-b73a-fc7ecf605b8a,2,0.083333,2025-09-26,2025-09-26,1.0,1.0,0.0,0
b3713c4d-4b17-49f2-86d2-446909d8291e,cafe729b-f9b1-4e57-a7ff-2e79ad3d9868,2,0.083333,2025-09-26,2025-09-26,1.0,1.0,0.0,0
b3713c4d-4b17-49f2-86d2-446909d8291e,e5891cfb-6df9-4288-96f3-caf00f668558,1,0.047619,2025-09-26,2025-09-26,1.0,1.0,0.0,0
b3713c4d-4b17-49f2-86d2-446909d8291e,e6c48159-cd80-499a-af7b-bbd92cc057b9,1,0.047619,2025-09-26,2025-09-26,1.0,1.0,0.0,0
c8b868fe-6217-4908-b73a-fc7ecf605b8a,cafe729b-f9b1-4e57-a7ff-2e79ad3d9868,2,0.083333,2025-09-26,2025-09-26,1.0,1.0,0.0,0
c8b868fe-6217-4908-b73a-fc7ecf605b8a,e5891cfb-6df9-4288-96f3-caf00f668558,1,0.047619,2025-09-26,2025-09-26,1.0,1.0,0.0,0
c8b868fe-6217-4908-b73a-fc7ecf605b8a,e6c48159-cd80-499a-af7b-bbd92cc057b9,1,0.047619,2025-09-26,2025-09-26,1.0,1.0,0.0,0
cafe729b-f9b1-4e57-a7ff-2e79ad3d9868,e5891cfb-6df9-4288-96f3-caf00f668558,1,0.047619,2025-09-26,2025-09-26,1.0,1.0,0.0,0
cafe729b-f9b1-4e57-a7ff-2e79ad3d9868,e6c48159-cd80-499a-af7b-bbd92cc057b9,1,0.047619,2025-09-26,2025-09-26,1.0,1.0,0.0,0
e5891cfb-6df9-4288-96f3-caf00f668558,e6c48159-cd80-499a-af7b-bbd92cc057b9,1,0.047619,2025-09-26,2025-09-26,1.0,1.0,0.0,0
320d51be-7d70-4de6-b4d4-ce05204b31c4,9181fc7d-a66d-4056-9b85-45d7b1bbaecd,1,0.035714,2025-09-26,2025-09-26,1.0,1.0,0.0,0
320d51be-7d70-4de6-b4d4-ce05204b31c4,be465d46-9615-4722-b828-ea531ff97ea3,1,0.035714,2025-09-26,2025-09-26,1.0,1.0,0.0,0
320d51be-7d70-4de6-b4d4-ce05204b31c4,ee88db2a-042d-4f39-9a97-d3482dee7dba,1,0.035714,2025-09-26,2025-09-26,1.0,1.0,0.0,0
5139d541-5d2c-4e4a-804d-b4437d985be0,9181fc7d-a66d-4056-9b85-45d7b1bbaecd,1,0.035714,2025-09-26,2025-09-26,1.0,1.0,0.0,0
5139d541-5d2c-4e4a-804d-b4437d985be0,be465d46-9615-4722-b828-ea531ff97ea3,1,0.035714,2025-09-26,2025-09-26,1.0,1.0,0.0,0
5139d541-5d2c-4e4a-804d-b4437d985be0,ee88db2a-042d-4f39-9a97-d3482dee7dba,1,0.035714,2025-09-26,2025-09-26,1.0,1.0,0.0,0
9181fc7d-a66d-4056-9b85-45d7b1bbaecd,b3713c4d-4b17-49f2-86d2-446909d8291e,1,0.035714,2025-09-26,2025-09-26,1.0,1.0,0.0,0
9181fc7d-a66d-4056-9b85-45d7b1bbaecd,be465d46-9615-4722-b828-ea531ff97ea3,1,0.035714,2025-09-26,2025-09-26,1.0,1.0,0.0,0
9181fc7d-a66d-4056-9b85-45d7b1bbaecd,c8b868fe-6217-4908-b73a-fc7ecf605b8a,1,0.035714,2025-09-26,2025-09-26,1.0,1.0,0.0,0
9181fc7d-a66d-4056-9b85-45d7b1bbaecd,cafe729b-f9b1-4e57-a7ff-2e79ad3d9868,1,0.035714,2025-09-26,2025-09-26,1.0,1.0,0.0,0
9181fc7d-a66d-4056-9b85-45d7b1bbaecd,ee88db2a-042d-4f39-9a97-d3482dee7dba,1,0.035714,2025-09-26,2025-09-26,1.0,1.0,0.0,0
b3713c4d-4b17-49f2-86d2-446909d8291e,be465d46-9615-4722-b828-ea531ff97ea3,1,0.035714,2025-09-26,2025-09-26,1.0,1.0,0.0,0
b3713c4d-4b17-49f2-86d2-446909d8291e,ee88db2a-042d-4f39-9a97-d3482dee7dba,1,0.035714,2025-09-26,2025-09-26,1.0,1.0,0.0,0
be465d46-9615-4722-b828-ea531ff97ea3,c8b868fe-6217-4908-b73a-fc7ecf605b8a,1,0.035714,2025-09-26,2025-09-26,1.0,1.0,0.0,0
be465d46-9615-4722-b828-ea531ff97ea3,cafe729b-f9b1-4e57-a7ff-2e79ad3d9868,1,0.035714,2025-09-26,2025-09-26,1.0,1.0,0.0,0
be465d46-9615-4722-b828-ea531ff97ea3,ee88db2a-042d-4f39-9a97-d3482dee7dba,1,0.035714,2025-09-26,2025-09-26,1.0,1.0,0.0,0
c8b868fe-6217-4908-b73a-fc7ecf605b8a,ee88db2a-042d-4f39-9a97-d3482dee7dba,1,0.035714,2025-09-26,2025-09-26,1.0,1.0,0.0,0
cafe729b-f9b1-4e57-a7ff-2e79ad3d9868,ee88db2a-042d-4f39-9a97-d3482dee7dba,1,0.035714,2025-09-26,2025-09-26,1.0,1.0,0.0,0
14a00a25-04d7-43f6-9196-29e68a767321,1ebc9eb7-a97e-46a3-9ed7-b57244f74c93,1,0.066667,2025-09-26,2025-09-26,1.0,1.0,0.0,0
14a00a25-04d7-43f6-9196-29e68a767321,5139d541-5d2c-4e4a-804d-b4437d985be0,1,0.066667,2025-09-26,2025-09-26,1.0,1.0,0.0,0
14a00a25-04d7-43f6-9196-29e68a767321,8edb76e6-b846-4465-a7c2-778b6bb38379,1,0.066667,2025-09-26,2025-09-26,1.0,1.0,0.0,0
14a00a25-04d7-43f6-9196-29e68a767321,ab624b4b-31cf-47ae-bb46-57bd5a710b7e,1,0.066667,2025-09-26,2025-09-26,1.0,1.0,0.0,0
14a00a25-04d7-43f6-9196-29e68a767321,de713a6b-a172-4533-a259-587b15b3c4cc,1,0.066667,2025-09-26,2025-09-26,1.0,1.0,0.0,0
1ebc9eb7-a97e-46a3-9ed7-b57244f74c93,5139d541-5d2c-4e4a-804d-b4437d985be0,1,0.066667,2025-09-26,2025-09-26,1.0,1.0,0.0,0
1ebc9eb7-a97e-46a3-9ed7-b57244f74c93,8edb76e6-b846-4465-a7c2-778b6bb38379,1,0.066667,2025-09-26,2025-09-26,1.0,1.0,0.0,0
1ebc9eb7-a97e-46a3-9ed7-b57244f74c93,ab624b4b-31cf-47ae-bb46-57bd5a710b7e,1,0.066667,2025-09-26,2025-09-26,1.0,1.0,0.0,0
1ebc9eb7-a97e-46a3-9ed7-b57244f74c93,de713a6b-a172-4533-a259-587b15b3c4cc,1,0.066667,2025-09-26,2025-09-26,1.0,1.0,0.0,0
5139d541-5d2c-4e4a-804d-b4437d985be0,8edb76e6-b846-4465-a7c2-778b6bb38379,1,0.066667,2025-09-26,2025-09-26,1.0,1.0,0.0,0
5139d541-5d2c-4e4a-804d-b4437d985be0,ab624b4b-31cf-47ae-bb46-57bd5a710b7e,1,0.066667,2025-09-26,2025-09-26,1.0,1.0,0.0,0
5139d541-5d2c-4e4a-804d-b4437d985be0,de713a6b-a172-4533-a259-587b15b3c4cc,1,0.066667,2025-09-26,2025-09-26,1.0,1.0,0.0,0
8edb76e6-b846-4465-a7c2-778b6bb38379,ab624b4b-31cf-47ae-bb46-57bd5a710b7e,1,0.066667,2025-09-26,2025-09-26,1.0,1.0,0.0,0
8edb76e6-b846-4465-a7c2-778b6bb38379,de713a6b-a172-4533-a259-587b15b3c4cc,1,0.066667,2025-09-26,2025-09-26,1.0,1.0,0.0,0
ab624b4b-31cf-47ae-bb46-57bd5a710b7e,de713a6b-a172-4533-a259-587b15b3c4cc,1,0.066667,2025-09-26,2025-09-26,1.0,1.0,0.0,0
08415f3b-6402-4800-8d62-4d6d1557b85b,666050d0-5d6e-4436-b451-e2775da0461f,1,0.035714,2025-09-26,2025-09-26,1.0,1.0,0.0,0
5139d541-5d2c-4e4a-804d-b4437d985be0,666050d0-5d6e-4436-b451-e2775da0461f,1,0.035714,2025-09-26,2025-09-26,1.0,1.0,0.0,0
666050d0-5d6e-4436-b451-e2775da0461f,69c22cc7-88c8-4f27-a9e7-3225af8329c5,1,0.035714,2025-09-26,2025-09-26,1.0,1.0,0.0,0
666050d0-5d6e-4436-b451-e2775da0461f,863cd67a-33d3-4394-b8d4-eaf7c123427c,1,0.035714,2025-09-26,2025-09-26,1.0,1.0,0.0,0
666050d0-5d6e-4436-b451-e2775da0461f,c8b868fe-6217-4908-b73a-fc7ecf605b8a,1,0.035714,2025-09-26,2025-09-26,1.0,1.0,0.0,0
666050d0-5d6e-4436-b451-e2775da0461f,e77c277f-6c29-4bcd-b541-4dcf47ac775a,1,0.035714,2025-09-26,2025-09-26,1.0,1.0,0.0,0
666050d0-5d6e-4436-b451-e2775da0461f,ed58cf08-77c2-4265-ae0e-ccb3533c0982,1,0.035714,2025-09-26,2025-09-26,1.0,1.0,0.0,0
497271e7-4f08-4cb9-8d55-4f16ddad408e,593d9667-e32b-41f3-a42f-1d1bf8e4e399,1,0.066667,2008-01-01,2008-01-01,1.0,0.5,0.0,0
497271e7-4f08-4cb9-8d55-4f16ddad408e,751211d7-1ddb-41d7-bb2e-06af49c08fac,2,0.114286,2008-01-01,2010-01-01,1.0,1.0,0.0,0
497271e7-4f08-4cb9-8d55-4f16ddad408e,7d3372ea-68ea-461e-84e4-d0f5259809ed,2,0.114286,2008-01-01,2010-01-01,1.0,1.0,0.0,0
497271e7-4f08-4cb9-8d55-4f16ddad408e,896d6f37-d44e-4592-b06c-cd5ba0320886,2,0.114286,2008-01-01,2010-01-01,1.0,1.0,0.0,0
497271e7-4f08-4cb9-8d55-4f16ddad408e,b4011cea-1bc4-445d-9f4c-a17eb3bbbed4,1,0.066667,2008-01-01,2008-01-01,1.0,0.5,0.0,0
593d9667-e32b-41f3-a42f-1d1bf8e4e399,751211d7-1ddb-41d7-bb2e-06af49c08fac,1,0.066667,2008-01-01,2008-01-01,1.0,0.5,0.0,0
593d9667-e32b-41f3-a42f-1d1bf8e4e399,7d3372ea-68ea-461e-84e4-d0f5259809ed,1,0.066667,2008-01-01,2008-01-01,1.0,0.5,0.0,0
593d9667-e32b-41f3-a42f-1d1bf8e4e399,896d6f37-d44e-4592-b06c-cd5ba0320886,1,0.066667,2008-01-01,2008-01-01,1.0,0.5,0.0,0
593d9667-e32b-41f3-a42f-1d1bf8e4e399,b4011cea-1bc4-445d-9f4c-a17eb3bbbed4,1,0.066667,2008-01-01,2008-01-01,1.0,1.0,0.0,0
751211d7-1ddb-41d7-bb2e-06af49c08fac,7d3372ea-68ea-461e-84e4-d0f5259809ed,2,0.114286,2008-01-01,2010-01-01,1.0,1.0,0.0,0
751211d7-1ddb-41d7-bb2e-06af49c08fac,896d6f37-d44e-4592-b06c-cd5ba0320886,2,0.114286,2008-01-01,2010-01-01,1.0,1.0,0.0,0
751211d7-1ddb-41d7-bb2e-06af49c08fac,b4011cea-1bc4-445d-9f4c-a17eb3bbbed4,1,0.066667,2008-01-01,2008-01-01,1.0,0.5,0.0,0
7d3372ea-68ea-461e-84e4-d0f5259809ed,896d6f37-d44e-4592-b06c-cd5ba0320886,2,0.114286,2008-01-01,2010-01-01,1.0,1.0,0.0,0
7d3372ea-68ea-461e-84e4-d0f5259809ed,b4011cea-1bc4-445d-9f4c-a17eb3bbbed4,1,0.066667,2008-01-01,2008-01-01,1.0,0.5,0.0,0
896d6f37-d44e-4592-b06c-cd5ba0320886,b4011cea-1bc4-445d-9f4c-a17eb3bbbed4,1,0.066667,2008-01-01,2008-01-01,1.0,0.5,0.0,0
1f4e9049-6ee4-4b4e-a2b7-4c47721d9f62,497271e7-4f08-4cb9-8d55-4f16ddad408e,1,0.047619,2010-01-01,2010-01-01,1.0,1.0,0.0,0
1f4e9049-6ee4-4b4e-a2b7-4c47721d9f62,751211d7-1ddb-41d7-bb2e-06af49c08fac,1,0.047619,2010-01-01,2010-01-01,1.0,1.0,0.0,0
1f4e9049-6ee4-4b4e-a2b7-4c47721d9f62,7cc04f00-4c8f-40ea-894c-5f65777b3575,1,0.047619,2010-01-01,2010-01-01,1.0,1.0,0.0,0
1f4e9049-6ee4-4b4e-a2b7-4c47721d9f62,7d3372ea-68ea-461e-84e4-d0f5259809ed,1,0.047619,2010-01-01,2010-01-01,1.0,1.0,0.0,0
1f4e9049-6ee4-4b4e-a2b7-4c47721d9f62,896d6f37-d44e-4592-b06c-cd5ba0320886,1,0.047619,2010-01-01,2010-01-01,1.0,1.0,0.0,0
497271e7-4f08-4cb9-8d55-4f16ddad408e,7cc04f00-4c8f-40ea-894c-5f65777b3575,1,0.047619,2010-01-01,2010-01-01,1.0,1.0,0.0,0
497271e7-4f08-4cb9-8d55-4f16ddad408e,7ef691ec-b82a-4c58-852a-45ae2ed6d7b6,1,0.047619,2010-01-01,2010-01-01,1.0,1.0,0.0,0
751211d7-1ddb-41d7-bb2e-06af49c08fac,7cc04f00-4c8f-40ea-894c-5f65777b3575,1,0.047619,2010-01-01,2010-01-01,1.0,1.0,0.0,0
751211d7-1ddb-41d7-bb2e-06af49c08fac,7ef691ec-b82a-4c58-852a-45ae2ed6d7b6,1,0.047619,2010-01-01,2010-01-01,1.0,1.0,0.0,0
7cc04f00-4c8f-40ea-894c-5f65777b3575,7d3372ea-68ea-461e-84e4-d0f5259809ed,1,0.047619,2010-01-01,2010-01-01,1.0,1.0,0.0,0
7cc04f00-4c8f-40ea-894c-5f65777b3575,7ef691ec-b82a-4c58-852a-45ae2ed6d7b6,1,0.047619,2010-01-01,2010-01-01,1.0,1.0,0.0,0
7cc04f00-4c8f-40ea-894c-5f65777b3575,896d6f37-d44e-4592-b06c-cd5ba0320886,1,0.047619,2010-01-01,2010-01-01,1.0,1.0,0.0,0
7d3372ea-68ea-461e-84e4-d0f5259809ed,7ef691ec-b82a-4c58-852a-45ae2ed6d7b6,1,0.047619,2010-01-01,2010-01-01,1.0,1.0,0.0,0
7ef691ec-b82a-4c58-852a-45ae2ed6d7b6,896d6f37-d44e-4592-b06c-cd5ba0320886,1,0.047619,2010-01-01,2010-01-01,1.0,1.0,0.0,0
c4aaadaf-da28-4136-a888-f0008c710d58,ff6e677f-91dd-4986-a174-8db0474b1799,1,1.0,1968-01-01,1968-01-01,1.0,0.181818,0.0,1
4d5447d7-c61c-4120-ba1b-d7f471d385b9,ff6e677f-91dd-4986-a174-8db0474b1799,1,0.333333,1968-01-01,1968-01-01,0.629761,0.642857,0.0,0
ba550d0e-adac-4864-b88b-407cab5e76af,ff6e677f-91dd-4986-a174-8db0474b1799,1,0.333333,1968-01-01,1968-01-01,0.629761,0.5,0.0,0
e2345fdf-2be7-47c5-a6dd-be64353ad134,ff6e677f-91dd-4986-a174-8db0474b1799,1,1.0,1970-01-01,1970-01-01,1.0,0.181818,0.0,1
1bfa27e3-0376-4206-a772-4586e25a64f5,31b22ba7-1544-4c64-9117-fe514ecf23ff,1,0.333333,1978-01-01,1978-01-01,1.0,0.111111,0.0,1
1bfa27e3-0376-4206-a772-4586e25a64f5,cf71e106-1003-4390-8477-cf268229df66,1,0.333333,1978-01-01,1978-01-01,1.0,0.333333,0.0,1
31b22ba7-1544-4c64-9117-fe514ecf23ff,cf71e106-1003-4390-8477-cf268229df66,1,0.333333,1978-01-01,1978-01-01,1.0,0.333333,0.0,1
d6cb8700-8c8b-490a-800e-cfc1ae69d454,e8500b78-d8de-4232-adbc-bf08668ffec8,2,0.380952,2024-03-08,2024-11-08,1.0,0.142857,0.0,1
d6cb8700-8c8b-490a-800e-cfc1ae69d454,efc5c6cb-7720-49b1-9dba-c9f2fc298960,1,0.333333,2024-03-08,2024-03-08,1.0,0.142857,0.0,1
e8500b78-d8de-4232-adbc-bf08668ffec8,efc5c6cb-7720-49b1-9dba-c9f2fc298960,1,0.333333,2024-03-08,2024-03-08,1.0,1.0,0.0,0
766d43ae-74f0-4ce9-af1a-81227742db2e,851e8959-de95-4741-ac69-79c56d949766,1,0.047619,2024-11-08,2024-11-08,1.0,1.0,0.0,0
766d43ae-74f0-4ce9-af1a-81227742db2e,8a0b0e89-72e0-4c2b-81a8-f1365165c717,1,0.047619,2024-11-08,2024-11-08,1.0,1.0,0.0,0
766d43ae-74f0-4ce9-af1a-81227742db2e,d49abf5b-0d72-4239-8ec8-c3d7464707f6,1,0.047619,2024-11-08,2024-11-08,1.0,1.0,0.0,0
766d43ae-74f0-4ce9-af1a-81227742db2e,d6cb8700-8c8b-490a-800e-cfc1ae69d454,1,0.047619,2024-11-08,2024-11-08,1.0,0.142857,0.0,1
766d43ae-74f0-4ce9-af1a-81227742db2e,db48610c-6d8f-4d10-90ca-c4d14bb1a8b1,1,0.047619,2024-11-08,2024-11-08,1.0,1.0,0.0,0
766d43ae-74f0-4ce9-af1a-81227742db2e,e8500b78-d8de-4232-adbc-bf08668ffec8,1,0.047619,2024-11-08,2024-11-08,1.0,1.0,0.0,0
851e8959-de95-4741-ac69-79c56d949766,8a0b0e89-72e0-4c2b-81a8-f1365165c717,1,0.047619,2024-11-08,2024-11-08,1.0,1.0,0.0,0
851e8959-de95-4741-ac69-79c56d949766,d49abf5b-0d72-4239-8ec8-c3d7464707f6,1,0.047619,2024-11-08,2024-11-08,1.0,1.0,0.0,0
851e8959-de95-4741-ac69-79c56d949766,d6cb8700-8c8b-490a-800e-cfc1ae69d454,1,0.047619,2024-11-08,2024-11-08,1.0,0.142857,0.0,1
851e8959-de95-4741-ac69-79c56d949766,db48610c-6d8f-4d10-90ca-c4d14bb1a8b1,1,0.047619,2024-11-08,2024-11-08,1.0,1.0,0.0,0
851e8959-de95-4741-ac69-79c56d949766,e8500b78-d8de-4232-adbc-bf08668ffec8,1,0.047619,2024-11-08,2024-11-08,1.0,1.0,0.0,0
8a0b0e89-72e0-4c2b-81a8-f1365165c717,d49abf5b-0d72-4239-8ec8-c3d7464707f6,1,0.047619,2024-11-08,2024-11-08,1.0,1.0,0.0,0
8a0b0e89-72e0-4c2b-81a8-f1365165c717,d6cb8700-8c8b-490a-800e-cfc1ae69d454,1,0.047619,2024-11-08,2024-11-08,1.0,0.142857,0.0,1
8a0b0e89-72e0-4c2b-81a8-f1365165c717,db48610c-6d8f-4d10-90ca-c4d14bb1a8b1,1,0.047619,2024-11-08,2024-11-08,1.0,1.0,0.0,0
8a0b0e89-72e0-4c2b-81a8-f1365165c717,e8500b78-d8de-4232-adbc-bf08668ffec8,1,0.047619,2024-11-08,2024-11-08,1.0,1.0,0.0,0
d49abf5b-0d72-4239-8ec8-c3d7464707f6,d6cb8700-8c8b-490a-800e-cfc1ae69d454,1,0.047619,2024-11-08,2024-11-08,1.0,0.142857,0.0,1
d49abf5b-0d72-4239-8ec8-c3d7464707f6,db48610c-6d8f-4d10-90ca-c4d14bb1a8b1,1,0.047619,2024-11-08,2024-11-08,1.0,1.0,0.0,0
d49abf5b-0d72-4239-8ec8-c3d7464707f6,e8500b78-d8de-4232-adbc-bf08668ffec8,1,0.047619,2024-11-08,2024-11-08,1.0,1.0,0.0,0
d6cb8700-8c8b-490a-800e-cfc1ae69d454,db48610c-6d8f-4d10-90ca-c4d14bb1a8b1,1,0.047619,2024-11-08,2024-11-08,1.0,0.142857,0.0,1
db48610c-6d8f-4d10-90ca-c4d14bb1a8b1,e8500b78-d8de-4232-adbc-bf08668ffec8,1,0.047619,2024-11-08,2024-11-08,1.0,1.0,0.0,0
59d6cea7-3771-4ce6-8c02-395ac5ba927a,b52c8015-35c5-48e6-ba6b-004698188038,1,1.0,2018-06-01,2018-06-01,1.0,0.5,0.0,0
59d6cea7-3771-4ce6-8c02-395ac5ba927a,6047359d-6c61-47b2-87cc-a622c932767a,1,0.333333,2019-08-09,2019-08-09,1.0,0.5,0.0,0
59d6cea7-3771-4ce6-8c02-395ac5ba927a,e44aa1c2-c4ea-4dae-a9c5-36fd9fd22d09,1,0.333333,2019-08-09,2019-08-09,1.0,0.5,0.0,0
6047359d-6c61-47b2-87cc-a622c932767a,e44aa1c2-c4ea-4dae-a9c5-36fd9fd22d09,1,0.333333,2019-08-09,2019-08-09,1.0,1.0,0.0,0
4e4ebde4-0c56-4dec-844b-6c73adcdd92d,59d6cea7-3771-4ce6-8c02-395ac5ba927a,1,0.1,2019-11-22,2019-11-22,1.0,0.285714,0.0,1
4e4ebde4-0c56-4dec-844b-6c73adcdd92d,6a3cf2b0-b60f-4cc0-805b-730e1f33f505,1,0.1,2019-11-22,2019-11-22,0.975014,0.285714,0.0,1
4e4ebde4-0c56-4dec-844b-6c73adcdd92d,8032cf05-d916-4b2a-9c53-6e75d4a24bd8,1,0.1,2019-11-22,2019-11-22,0.975014,0.857143,0.0,0
59d6cea7-3771-4ce6-8c02-395ac5ba927a,6a3cf2b0-b60f-4cc0-805b-730e1f33f505,1,0.1,2019-11-22,2019-11-22,1.0,0.333333,0.0,1
59d6cea7-3771-4ce6-8c02-395ac5ba927a,8032cf05-d916-4b2a-9c53-6e75d4a24bd8,1,0.1,2019-11-22,2019-11-22,1.0,0.333333,0.0,1
59d6cea7-3771-4ce6-8c02-395ac5ba927a,d594304b-5903-46e2-ac82-7f6126cb55e8,1,0.1,2019-11-22,2019-11-22,1.0,0.333333,0.0,1
3838a0c9-920d-4a80-a3c1-2e0ee20d48ae,634fe78e-fc6b-4b2a-ba83-c8c66e13a8aa,1,0.333333,1964-01-01,1964-01-01,1.0,0.333333,0.0,1
3838a0c9-920d-4a80-a3c1-2e0ee20d48ae,d8e41375-bd8d-4e39-9da7-f0c171e97086,1,0.333333,1964-01-01,1964-01-01,1.0,0.333333,0.0,1
634fe78e-fc6b-4b2a-ba83-c8c66e13a8aa,d8e41375-bd8d-4e39-9da7-f0c171e97086,1,0.333333,1964-01-01,1964-01-01,0.629761,0.5,0.0,0
06581da7-23ac-4d1c-8dc6-b120b5cfcf0e,ac367c2e-7783-41e5-a184-131da6b0c166,1,0.166667,2016-05-27,2016-05-27,1.0,1.0,0.0,0
06581da7-23ac-4d1c-8dc6-b120b5cfcf0e,bf24ca37-25f4-4e34-9aec-460b94364cfc,1,0.166667,2016-05-27,2016-05-27,1.0,0.083333,0.0,1
06581da7-23ac-4d1c-8dc6-b120b5cfcf0e,e8979f75-9110-4df8-ac70-898898d080d1,1,0.166667,2016-05-27,2016-05-27,1.0,0.5,0.0,0
ac367c2e-7783-41e5-a184-131da6b0c166,bf24ca37-25f4-4e34-9aec-460b94364cfc,1,0.166667,2016-05-27,2016-05-27,1.0,0.083333,0.0,1
ac367c2e-7783-41e5-a184-131da6b0c166,e8979f75-9110-4df8-ac70-898898d080d1,1,0.166667,2016-05-27,2016-05-27,1.0,0.5,0.0,0
bf24ca37-25f4-4e34-9aec-460b94364cfc,e8979f75-9110-4df8-ac70-898898d080d1,3,0.366667,2016-05-27,2017-05-26,1.0,0.166667,0.0,1
43f28d78-3566-4fd2-bdae-a15bb6342d16,738d4f23-2596-46c7-89ad-a593dd030555,1,0.1,2016-10-28,2016-10-28,1.0,1.0,0.0,0
43f28d78-3566-4fd2-bdae-a15bb6342d16,8ccf5657-92d6-4f31-9527-ba1fb90530b3,1,0.1,2016-10-28,2016-10-28,1.0,1.0,0.0,0
43f28d78-3566-4fd2-bdae-a15bb6342d16,bf24ca37-25f4-4e34-9aec-460b94364cfc,1,0.1,2016-10-28,2016-10-28,1.0,0.083333,0.0,1
43f28d78-3566-4fd2-bdae-a15bb6342d16,e8979f75-9110-4df8-ac70-898898d080d1,1,0.1,2016-10-28,2016-10-28,1.0,0.5,0.0,0
738d4f23-2596-46c7-89ad-a593dd030555,8ccf5657-92d6-4f31-9527-ba1fb90530b3,2,0.2,2016-10-28,2017-05-26,1.0,1.0,0.0,0
738d4f23-2596-46c7-89ad-a593dd030555,bf24ca37-25f4-4e34-9aec-460b94364cfc,2,0.2,2016-10-28,2017-05-26,1.0,0.083333,0.0,1
738d4f23-2596-46c7-89ad-a593dd030555,e8979f75-9110-4df8-ac70-898898d080d1,2,0.2,2016-10-28,2017-05-26,1.0,0.5,0.0,0
8ccf5657-92d6-4f31-9527-ba1fb90530b3,bf24ca37-25f4-4e34-9aec-460b94364cfc,2,0.2,2016-10-28,2017-05-26,1.0,0.083333,0.0,1
8ccf5657-92d6-4f31-9527-ba1fb90530b3,e8979f75-9110-4df8-ac70-898898d080d1,2,0.2,2016-10-28,2017-05-26,1.0,0.5,0.0,0
738d4f23-2596-46c7-89ad-a593dd030555,7f9a0794-785a-4a2b-90dc-8a265ba05998,1,0.1,2017-05-26,2017-05-26,1.0,1.0,0.0,0
7f9a0794-785a-4a2b-90dc-8a265ba05998,8ccf5657-92d6-4f31-9527-ba1fb90530b3,1,0.1,2017-05-26,2017-05-26,1.0,1.0,0.0,0
7f9a0794-785a-4a2b-90dc-8a265ba05998,bf24ca37-25f4-4e34-9aec-460b94364cfc,1,0.1,2017-05-26,2017-05-26,1.0,0.083333,0.0,1
7f9a0794-785a-4a2b-90dc-8a265ba05998,e8979f75-9110-4df8-ac70-898898d080d1,1,0.1,2017-05-26,2017-05-26,1.0,0.5,0.0,0
2abc5fbb-f1fc-4f6f-9150-c701233e2086,61af87f4-16ee-4431-8504-cc06187079fb,1,0.035714,2018-10-25,2018-10-25,1.0,0.125,0.0,1
2abc5fbb-f1fc-4f6f-9150-c701233e2086,65a01fd2-35fb-4817-90d5-ab5506b21161,1,0.035714,2018-10-25,2018-10-25,1.0,1.0,0.0,0
2abc5fbb-f1fc-4f6f-9150-c701233e2086,a17ce9c3-8f6f-4dcc-a1b7-2a04ab9e31f0,1,0.035714,2018-10-25,2018-10-25,1.0,1.0,0.0,0
2abc5fbb-f1fc-4f6f-9150-c701233e2086,ae002c5d-aac6-490b-a39a-30aa9e2edf2b,1,0.035714,2018-10-25,2018-10-25,1.0,0.071429,0.0,1
2abc5fbb-f1fc-4f6f-9150-c701233e2086,b452711d-4f77-468c-99f8-8d2e621db081,1,0.035714,2018-10-25,2018-10-25,1.0,1.0,0.0,0
2abc5fbb-f1fc-4f6f-9150-c701233e2086,e8979f75-9110-4df8-ac70-898898d080d1,1,0.035714,2018-10-25,2018-10-25,1.0,0.5,0.0,0
2abc5fbb-f1fc-4f6f-9150-c701233e2086,fe697682-1f05-48c8-98da-79a4abdf0e8b,1,0.035714,2018-10-25,2018-10-25,1.0,1.0,0.0,0
61af87f4-16ee-4431-8504-cc06187079fb,65a01fd2-35fb-4817-90d5-ab5506b21161,1,0.035714,2018-10-25,2018-10-25,1.0,0.125,0.0,1
61af87f4-16ee-4431-8504-cc06187079fb,a17ce9c3-8f6f-4dcc-a1b7-2a04ab9e31f0,1,0.035714,2018-10-25,2018-10-25,1.0,0.125,0.0,1
61af87f4-16ee-4431-8504-cc06187079fb,ae002c5d-aac6-490b-a39a-30aa9e2edf2b,1,0.035714,2018-10-25,2018-10-25,1.0,0.571429,0.0,0
61af87f4-16ee-4431-8504-cc06187079fb,b452711d-4f77-468c-99f8-8d2e621db081,1,0.035714,2018-10-25,2018-10-25,1.0,0.125,0.0,1
61af87f4-16ee-4431-8504-cc06187079fb,e8979f75-9110-4df8-ac70-898898d080d1,1,0.035714,2018-10-25,2018-10-25,1.0,0.25,0.0,1
61af87f4-16ee-4431-8504-cc06187079fb,fe697682-1f05-48c8-98da-79a4abdf0e8b,1,0.035714,2018-10-25,2018-10-25,1.0,0.125,0.0,1
65a01fd2-35fb-4817-90d5-ab5506b21161,a17ce9c3-8f6f-4dcc-a1b7-2a04ab9e31f0,1,0.035714,2018-10-25,2018-10-25,1.0,1.0,0.0,0
65a01fd2-35fb-4817-90d5-ab5506b21161,ae002c5d-aac6-490b-a39a-30aa9e2edf2b,1,0.035714,2018-10-25,2018-10-25,1.0,0.071429,0.0,1
65a01fd2-35fb-4817-90d5-ab5506b21161,b452711d-4f77-468c-99f8-8d2e621db081,1,0.035714,2018-10-25,2018-10-25,1.0,1.0,0.0,0
65a01fd2-35fb-4817-90d5-ab5506b21161,e8979f75-9110-4df8-ac70-898898d080d1,1,0.035714,2018-10-25,2018-10-25,1.0,0.5,0.0,0
65a01fd2-35fb-4817-90d5-ab5506b21161,fe697682-1f05-48c8-98da-79a4abdf0e8b,1,0.035714,2018-10-25,2018-10-25,1.0,1.0,0.0,0
a17ce9c3-8f6f-4dcc-a1b7-2a04ab9e31f0,ae002c5d-aac6-490b-a39a-30aa9e2edf2b,1,0.035714,2018-10-25,2018-10-25,1.0,0.071429,0.0,1
a17ce9c3-8f6f-4dcc-a1b7-2a04ab9e31f0,b452711d-4f77-468c-99f8-8d2e621db081,1,0.035714,2018-10-25,2018-10-25,1.0,1.0,0.0,0
a17ce9c3-8f6f-4dcc-a1b7-2a04ab9e31f0,e8979f75-9110-4df8-ac70-898898d080d1,1,0.035714,2018-10-25,2018-10-25,1.0,0.5,0.0,0
a17ce9c3-8f6f-4dcc-a1b7-2a04ab9e31f0,fe697682-1f05-48c8-98da-79a4abdf0e8b,1,0.035714,2018-10-25,2018-10-25,1.0,1.0,0.0,0
ae002c5d-aac6-490b-a39a-30aa9e2edf2b,b452711d-4f77-468c-99f8-8d2e621db081,1,0.035714,2018-10-25,2018-10-25,1.0,0.071429,0.0,1
ae002c5d-aac6-490b-a39a-30aa9e2edf2b,e8979f75-9110-4df8-ac70-898898d080d1,1,0.035714,2018-10-25,2018-10-25,1.0,0.142857,0.0,1
ae002c5d-aac6-490b-a39a-30aa9e2edf2b,fe697682-1f05-48c8-98da-79a4abdf0e8b,1,0.035714,2018-10-25,2018-10-25,1.0,0.071429,0.0,1
b452711d-4f77-468c-99f8-8d2e621db081,e8979f75-9110-4df8-ac70-898898d080d1,1,0.035714,2018-10-25,2018-10-25,1.0,0.5,0.0,0
b452711d-4f77-468c-99f8-8d2e621db081,fe697682-1f05-48c8-98da-79a4abdf0e8b,1,0.035714,2018-10-25,2018-10-25,1.0,1.0,0.0,0
e8979f75-9110-4df8-ac70-898898d080d1,fe697682-1f05-48c8-98da-79a4abdf0e8b,1,0.035714,2018-10-25,2018-10-25,1.0,0.5,0.0,0
0df4ba7d-f65d-48ee-a6db-e9c0821d04f4,149f91ef-1287-46da-9a8e-87fee02f1471,1,0.027778,2004-01-01,2004-01-01,1.0,0.076923,0.090909,1
0df4ba7d-f65d-48ee-a6db-e9c0821d04f4,72a7ae58-d1fa-493d-8f4b-1bf43e6479c6,1,0.027778,2004-01-01,2004-01-01,1.0,1.0,1.0,0
0df4ba7d-f65d-48ee-a6db-e9c0821d04f4,7c33a306-87ad-4cb6-9f69-bfdb8586b302,1,0.027778,2004-01-01,2004-01-01,1.0,0.5,0.166667,0
0df4ba7d-f65d-48ee-a6db-e9c0821d04f4,965f5705-6eb1-49a1-b312-cd3d65bcc7c9,1,0.027778,2004-01-01,2004-01-01,1.0,0.5,0.5,0
0df4ba7d-f65d-48ee-a6db-e9c0821d04f4,bf992f64-5c05-46c5-af86-2267727246b9,1,0.027778,2004-01-01,2004-01-01,1.0,1.0,1.0,0
0df4ba7d-f65d-48ee-a6db-e9c0821d04f4,c9efd47d-6cc2-45aa-be67-ca59ebac6553,1,0.027778,2004-01-01,2004-01-01,1.0,1.0,1.0,0
0df4ba7d-f65d-48ee-a6db-e9c0821d04f4,ef73e6ed-9096-4ddb-9799-b94874d0ce33,1,0.027778,2004-01-01,2004-01-01,1.0,0.166667,1.0,0
0df4ba7d-f65d-48ee-a6db-e9c0821d04f4,fdfa5368-9962-4d41-b332-1180dead02eb,1,0.027778,2004-01-01,2004-01-01,1.0,1.0,1.0,0
149f91ef-1287-46da-9a8e-87fee02f1471,72a7ae58-d1fa-493d-8f4b-1bf43e6479c6,1,0.027778,2004-01-01,2004-01-01,1.0,0.076923,0.090909,1
149f91ef-1287-46da-9a8e-87fee02f1471,bf992f64-5c05-46c5-af86-2267727246b9,1,0.027778,2004-01-01,2004-01-01,1.0,0.076923,0.090909,1
149f91ef-1287-46da-9a8e-87fee02f1471,c9efd47d-6cc2-45aa-be67-ca59ebac6553,1,0.027778,2004-01-01,2004-01-01,1.0,0.076923,0.090909,1
149f91ef-1287-46da-9a8e-87fee02f1471,ef73e6ed-9096-4ddb-9799-b94874d0ce33,1,0.027778,2004-01-01,2004-01-01,0.629761,0.461538,0.090909,1
149f91ef-1287-46da-9a8e-87fee02f1471,fdfa5368-9962-4d41-b332-1180dead02eb,1,0.027778,2004-01-01,2004-01-01,1.0,0.076923,0.090909,1
72a7ae58-d1fa-493d-8f4b-1bf43e6479c6,7c33a306-87ad-4cb6-9f69-bfdb8586b302,1,0.027778,2004-01-01,2004-01-01,1.0,0.5,0.166667,0
72a7ae58-d1fa-493d-8f4b-1bf43e6479c6,965f5705-6eb1-49a1-b312-cd3d65bcc7c9,1,0.027778,2004-01-01,2004-01-01,1.0,0.5,0.5,0
72a7ae58-d1fa-493d-8f4b-1bf43e6479c6,bf992f64-5c05-46c5-af86-2267727246b9,1,0.027778,2004-01-01,2004-01-01,1.0,1.0,1.0,0
72a7ae58-d1fa-493d-8f4b-1bf43e6479c6,c9efd47d-6cc2-45aa-be67-ca59ebac6553,1,0.027778,2004-01-01,2004-01-01,1.0,1.0,1.0,0
72a7ae58-d1fa-493d-8f4b-1bf43e6479c6,ef73e6ed-9096-4ddb-9799-b94874d0ce33,1,0.027778,2004-01-01,2004-01-01,1.0,0.166667,1.0,0
72a7ae58-d1fa-493d-8f4b-1bf43e6479c6,fdfa5368-9962-4d41-b332-1180dead02eb,1,0.027778,2004-01-01,2004-01-01,1.0,1.0,1.0,0
7c33a306-87ad-4cb6-9f69-bfdb8586b302,bf992f64-5c05-46c5-af86-2267727246b9,1,0.027778,2004-01-01,2004-01-01,1.0,0.5,0.166667,0
7c33a306-87ad-4cb6-9f69-bfdb8586b302,c9efd47d-6cc2-45aa-be67-ca59ebac6553,1,0.027778,2004-01-01,2004-01-01,1.0,0.5,0.166667,0
7c33a306-87ad-4cb6-9f69-bfdb8586b302,ef73e6ed-9096-4ddb-9799-b94874d0ce33,1,0.027778,2004-01-01,2004-01-01,0.629761,0.142857,0.166667,1
7c33a306-87ad-4cb6-9f69-bfdb8586b302,fdfa5368-9962-4d41-b332-1180dead02eb,1,0.027778,2004-01-01,2004-01-01,1.0,0.5,0.166667,0
965f5705-6eb1-49a1-b312-cd3d65bcc7c9,bf992f64-5c05-46c5-af86-2267727246b9,1,0.027778,2004-01-01,2004-01-01,1.0,0.5,0.5,0
965f5705-6eb1-49a1-b312-cd3d65bcc7c9,c9efd47d-6cc2-45aa-be67-ca59ebac6553,1,0.027778,2004-01-01,2004-01-01,1.0,0.5,0.5,0
965f5705-6eb1-49a1-b312-cd3d65bcc7c9,ef73e6ed-9096-4ddb-9799-b94874d0ce33,1,0.027778,2004-01-01,2004-01-01,0.629761,0.142857,0.5,0
965f5705-6eb1-49a1-b312-cd3d65bcc7c9,fdfa5368-9962-4d41-b332-1180dead02eb,1,0.027778,2004-01-01,2004-01-01,1.0,0.5,0.5,0
bf992f64-5c05-46c5-af86-2267727246b9,c9efd47d-6cc2-45aa-be67-ca59ebac6553,1,0.027778,2004-01-01,2004-01-01,1.0,1.0,1.0,0
bf992f64-5c05-46c5-af86-2267727246b9,ef73e6ed-9096-4ddb-9799-b94874d0ce33,1,0.027778,2004-01-01,2004-01-01,1.0,0.166667,1.0,0
bf992f64-5c05-46c5-af86-2267727246b9,fdfa5368-9962-4d41-b332-1180dead02eb,1,0.027778,2004-01-01,2004-01-01,1.0,1.0,1.0,0
c9efd47d-6cc2-45aa-be67-ca59ebac6553,ef73e6ed-9096-4ddb-9799-b94874d0ce33,1,0.027778,2004-01-01,2004-01-01,1.0,0.166667,1.0,0
c9efd47d-6cc2-45aa-be67-ca59ebac6553,fdfa5368-9962-4d41-b332-1180dead02eb,1,0.027778,2004-01-01,2004-01-01,1.0,1.0,1.0,0
ef73e6ed-9096-4ddb-9799-b94874d0ce33,fdfa5368-9962-4d41-b332-1180dead02eb,1,0.027778,2004-01-01,2004-01-01,1.0,0.166667,1.0,0
8fc6b153-d183-408c-9e39-bf91bfc74998,ef73e6ed-9096-4ddb-9799-b94874d0ce33,1,1.0,2005-01-01,2005-01-01,1.0,0.166667,0.0,1
0cc4efd9-b2db-4428-a646-82f04d653d58,b940b832-506c-45ef-9f3a-40d5d053eb27,1,0.066667,2006-01-01,2006-01-01,1.0,1.0,0.0,0
0cc4efd9-b2db-4428-a646-82f04d653d58,c3da3346-2643-48a7-93cd-011f6834b3d7,1,0.066667,2006-01-01,2006-01-01,1.0,0.111111,0.0,1
0cc4efd9-b2db-4428-a646-82f04d653d58,c777f839-67ce-4d26-99de-8a6707ad1b44,1,0.066667,2006-01-01,2006-01-01,1.0,1.0,0.0,0
0cc4efd9-b2db-4428-a646-82f04d653d58,ef73e6ed-9096-4ddb-9799-b94874d0ce33,1,0.066667,2006-01-01,2006-01-01,1.0,0.166667,0.0,1
0cc4efd9-b2db-4428-a646-82f04d653d58,f32d8c5d-d662-4499-8910-6aa6a01d574b,1,0.066667,2006-01-01,2006-01-01,1.0,1.0,0.0,0
b940b832-506c-45ef-9f3a-40d5d053eb27,c3da3346-2643-48a7-93cd-011f6834b3d7,1,0.066667,2006-01-01,2006-01-01,1.0,0.111111,0.0,1
b940b832-506c-45ef-9f3a-40d5d053eb27,c777f839-67ce-4d26-99de-8a6707ad1b44,1,0.066667,2006-01-01,2006-01-01,1.0,1.0,0.0,0
b940b832-506c-45ef-9f3a-40d5d053eb27,ef73e6ed-9096-4ddb-9799-b94874d0ce33,1,0.066667,2006-01-01,2006-01-01,1.0,0.166667,0.0,1
b940b832-506c-45ef-9f3a-40d5d053eb27,f32d8c5d-d662-4499-8910-6aa6a01d574b,1,0.066667,2006-01-01,2006-01-01,1.0,1.0,0.0,0
c3da3346-2643-48a7-93cd-011f6834b3d7,c777f839-67ce-4d26-99de-8a6707ad1b44,1,0.066667,2006-01-01,2006-01-01,1.0,0.111111,0.0,1
c3da3346-2643-48a7-93cd-011f6834b3d7,ef73e6ed-9096-4ddb-9799-b94874d0ce33,1,0.066667,2006-01-01,2006-01-01,1.0,0.5,0.0,0
c3da3346-2643-48a7-93cd-011f6834b3d7,f32d8c5d-d662-4499-8910-6aa6a01d574b,1,0.066667,2006-01-01,2006-01-01,1.0,0.111111,0.0,1
c777f839-67ce-4d26-99de-8a6707ad1b44,ef73e6ed-9096-4ddb-9799-b94874d0ce33,1,0.066667,2006-01-01,2006-01-01,1.0,0.166667,0.0,1
c777f839-67ce-4d26-99de-8a6707ad1b44,f32d8c5d-d662-4499-8910-6aa6a01d574b,1,0.066667,2006-01-01,2006-01-01,1.0,1.0,0.0,0
ef73e6ed-9096-4ddb-9799-b94874d0ce33,f32d8c5d-d662-4499-8910-6aa6a01d574b,1,0.066667,2006-01-01,2006-01-01,1.0,0.166667,0.0,1
31da7b06-bc30-4a1f-9f4a-c2ac1a84167f,88527d26-7496-47c5-8358-ebdb1868a90f,1,1.0,1967-01-01,1967-01-01,1.0,0.166667,1.0,0
1d8b8292-7dc9-45a1-8cdf-818148cb56ea,31721fa4-d6bc-4f09-b0bb-464b27e2ad3c,1,0.166667,1979-01-01,1979-01-01,1.0,1.0,0.0,0
1d8b8292-7dc9-45a1-8cdf-818148cb56ea,3bd08e76-bf53-4b16-82ee-63f95ca5cdae,1,0.166667,1979-01-01,1979-01-01,1.0,1.0,0.0,0
1d8b8292-7dc9-45a1-8cdf-818148cb56ea,ba0e7638-0cd6-4ff4-8987-c3e224d22c23,1,0.166667,1979-01-01,1979-01-01,1.0,0.2,0.0,1
31721fa4-d6bc-4f09-b0bb-464b27e2ad3c,3bd08e76-bf53-4b16-82ee-63f95ca5cdae,1,0.166667,1979-01-01,1979-01-01,1.0,1.0,0.0,0
31721fa4-d6bc-4f09-b0bb-464b27e2ad3c,ba0e7638-0cd6-4ff4-8987-c3e224d22c23,1,0.166667,1979-01-01,1979-01-01,1.0,0.2,0.0,1
3bd08e76-bf53-4b16-82ee-63f95ca5cdae,ba0e7638-0cd6-4ff4-8987-c3e224d22c23,1,0.166667,1979-01-01,1979-01-01,1.0,0.2,0.0,1
6f2c949d-9540-4421-bf02-27ae27e00e33,7441014f-f8f5-494f-81db-ff166fbc078d,1,0.333333,2014-07-14,2014-07-14,1.0,0.2,0.0,1
6f2c949d-9540-4421-bf02-27ae27e00e33,d2a76e1b-cecc-4500-b445-d55591821cd3,1,0.333333,2014-07-14,2014-07-14,1.0,0.25,0.0,1
7441014f-f8f5-494f-81db-ff166fbc078d,d2a76e1b-cecc-4500-b445-d55591821cd3,1,0.333333,2014-07-14,2014-07-14,1.0,0.125,0.0,1
149f91ef-1287-46da-9a8e-87fee02f1471,14ecd19f-7121-4192-8549-e5056241a42f,1,0.333333,1999-12-07,1999-12-07,0.007686,0.5,0.0,0
14ecd19f-7121-4192-8549-e5056241a42f,7c33a306-87ad-4cb6-9f69-bfdb8586b302,1,0.333333,1999-12-07,1999-12-07,0.007686,0.25,0.0,1
65c351fd-bcc4-47fe-b7b7-15bb4912a8e9,d43d12a1-2dc9-4257-a2fd-0a3bb1081b86,1,0.333333,1957-01-01,1957-01-01,1.0,0.1,0.0,1
65c351fd-bcc4-47fe-b7b7-15bb4912a8e9,eab65757-b949-421f-b870-9246541c83b3,1,0.333333,1957-01-01,1957-01-01,1.0,1.0,0.0,0
d43d12a1-2dc9-4257-a2fd-0a3bb1081b86,eab65757-b949-421f-b870-9246541c83b3,1,0.333333,1957-01-01,1957-01-01,1.0,0.1,0.0,1
55e6074f-ef78-4ec3-8fff-bd1b8cc8c14a,7c5b8865-d23c-4abf-884d-c68be0020991,1,0.166667,1982-01-01,1982-01-01,1.0,0.142857,0.0,1
55e6074f-ef78-4ec3-8fff-bd1b8cc8c14a,94b72cd2-c09c-4d9e-9673-275f89b78687,1,0.166667,1982-01-01,1982-01-01,1.0,0.142857,0.0,1
55e6074f-ef78-4ec3-8fff-bd1b8cc8c14a,d1ba4333-3112-44bc-8768-273d879d7d74,1,0.166667,1982-01-01,1982-01-01,1.0,0.142857,0.0,1
7c5b8865-d23c-4abf-884d-c68be0020991,94b72cd2-c09c-4d9e-9673-275f89b78687,1,0.166667,1982-01-01,1982-01-01,1.0,1.0,0.0,0
7c5b8865-d23c-4abf-884d-c68be0020991,d1ba4333-3112-44bc-8768-273d879d7d74,1,0.166667,1982-01-01,1982-01-01,1.0,1.0,0.0,0
94b72cd2-c09c-4d9e-9673-275f89b78687,d1ba4333-3112-44bc-8768-273d879d7d74,1,0.166667,1982-01-01,1982-01-01,1.0,1.0,0.0,0
65314b12-0e08-43fa-ba33-baaa7b874c15,b2befbb4-c585-4b05-8efa-3deebc8e1385,1,1.0,1984-01-01,1984-01-01,1.0,0.0,0.0,1
58325670-9323-464a-8b20-3e8d7b26df60,606bf117-494f-4864-891f-09d63ff6aa4b,1,0.333333,1980-01-01,1980-01-01,1.0,0.0,1.0,0
58325670-9323-464a-8b20-3e8d7b26df60,88b0ef74-9da8-4998-8e3b-70687575588c,1,0.333333,1980-01-01,1980-01-01,1.0,1.0,1.0,0
606bf117-494f-4864-891f-09d63ff6aa4b,88b0ef74-9da8-4998-8e3b-70687575588c,1,0.333333,1980-01-01,1980-01-01,1.0,0.0,1.0,0
44727d86-a37c-449f-aa91-4a8554127336,72c536dc-7137-4477-a521-567eeb840fa8,1,1.0,1965-01-01,1965-01-01,1.0,0.166667,0.0,1
54e105a9-4515-47e2-8953-9b5f9cdcbf1c,c6ecb060-2a9f-43b4-a657-440150548c6d,1,1.0,1979-01-01,1979-01-01,1.0,0.0,0.0,1
2e229823-0fc2-438b-aacb-5de02bd0b9b7,38dd6337-19ae-4793-ab4b-313eff523457,1,1.0,1980-01-01,1980-01-01,0.249921,0.0,0.0,1
7f59aca1-934a-429f-8844-cb98e18504a9,ffbd09fd-30ca-4941-8e83-968c31076891,1,1.0,1981-01-01,1981-01-01,1.0,1.0,0.0,0
201f8ca9-0d8a-43db-ba69-aea79a525e56,af1b83bb-3edc-4443-b771-67a1d235e82b,1,0.166667,2012-06-21,2012-06-21,1.0,0.5,0.0,0
201f8ca9-0d8a-43db-ba69-aea79a525e56,dc6341b6-2914-4fcc-b58c-985733b43f16,1,0.166667,2012-06-21,2012-06-21,1.0,0.0,0.0,1
201f8ca9-0d8a-43db-ba69-aea79a525e56,ffa78fac-e97d-48b3-a22b-379fceceaf1a,1,0.166667,2012-06-21,2012-06-21,1.0,1.0,0.0,0
af1b83bb-3edc-4443-b771-67a1d235e82b,dc6341b6-2914-4fcc-b58c-985733b43f16,1,0.166667,2012-06-21,2012-06-21,1.0,0.5,0.0,0
af1b83bb-3edc-4443-b771-67a1d235e82b,ffa78fac-e97d-48b3-a22b-379fceceaf1a,1,0.166667,2012-06-21,2012-06-21,1.0,0.5,0.0,0
dc6341b6-2914-4fcc-b58c-985733b43f16,ffa78fac-e97d-48b3-a22b-379fceceaf1a,1,0.166667,2012-06-21,2012-06-21,1.0,0.0,0.0,1
1ba1d493-7114-45e2-b163-a36d49a0c065,56b7ad8e-3c4f-4f14-914d-f2852d147c2e,1,0.333333,1951-01-01,1951-01-01,1.0,0.166667,0.0,1
1ba1d493-7114-45e2-b163-a36d49a0c065,673d3a45-5f49-4b5e-9910-4869a613d37f,1,0.333333,1951-01-01,1951-01-01,1.0,0.166667,0.0,1
346448f5-25a0-4f78-bbd6-acc0205f7513,53b106e7-0cc6-42cc-ac95-ed8d30a3a98e,1,0.333333,1953-01-01,1953-01-01,1.0,0.090909,0.0,1
3fb75d97-5dfd-4e72-9aee-1904aa4268f4,53b106e7-0cc6-42cc-ac95-ed8d30a3a98e,1,0.333333,1953-01-01,1953-01-01,1.0,0.090909,0.0,1
2ed5b00d-d6a8-4793-815e-99af39d7ccc5,d9550ac2-7bcf-4655-a3fe-24922e254a74,1,0.333333,1977-01-01,1977-01-01,1.0,0.166667,1.0,0
2ed5b00d-d6a8-4793-815e-99af39d7ccc5,f9300575-b356-4e5a-88b3-f76bf6f34115,1,0.333333,1977-01-01,1977-01-01,1.0,1.0,1.0,0
d9550ac2-7bcf-4655-a3fe-24922e254a74,f9300575-b356-4e5a-88b3-f76bf6f34115,1,0.333333,1977-01-01,1977-01-01,1.0,0.166667,1.0,0
35f866dc-c061-48ba-8157-cf2e0eac4857,70248960-cb53-4ea4-943a-edb18f7d336f,1,1.0,1998-01-01,1998-01-01,1.0,0.5,0.0,0
38912003-efbd-48a3-be23-ff264bf86d85,38fbbbdf-90be-4fd3-a2d2-9ae29a9a81b3,1,0.1,2025-03-21,2025-03-21,1.0,1.0,0.0,0
38912003-efbd-48a3-be23-ff264bf86d85,5a6131f9-f8db-4722-b4d7-6a0c7183c590,1,0.1,2025-03-21,2025-03-21,1.0,0.666667,0.0,0
38912003-efbd-48a3-be23-ff264bf86d85,e4bc69e2-a064-4f93-ada1-f7f209cc1cc3,1,0.1,2025-03-21,2025-03-21,1.0,0.285714,0.0,1
38912003-efbd-48a3-be23-ff264bf86d85,ff4fc9b6-bdcd-44ee-b053-c1ccbe47fe4b,1,0.1,2025-03-21,2025-03-21,1.0,1.0,0.0,0
38fbbbdf-90be-4fd3-a2d2-9ae29a9a81b3,5a6131f9-f8db-4722-b4d7-6a0c7183c590,1,0.1,2025-03-21,2025-03-21,1.0,0.666667,0.0,0
38fbbbdf-90be-4fd3-a2d2-9ae29a9a81b3,e4bc69e2-a064-4f93-ada1-f7f209cc1cc3,1,0.1,2025-03-21,2025-03-21,1.0,0.285714,0.0,1
38fbbbdf-90be-4fd3-a2d2-9ae29a9a81b3,ff4fc9b6-bdcd-44ee-b053-c1ccbe47fe4b,1,0.1,2025-03-21,2025-03-21,1.0,1.0,0.0,0
5a6131f9-f8db-4722-b4d7-6a0c7183c590,e4bc69e2-a064-4f93-ada1-f7f209cc1cc3,1,0.1,2025-03-21,2025-03-21,1.0,0.428571,0.333333,1
5a6131f9-f8db-4722-b4d7-6a0c7183c590,ff4fc9b6-bdcd-44ee-b053-c1ccbe47fe4b,1,0.1,2025-03-21,2025-03-21,1.0,0.666667,0.0,0
e4bc69e2-a064-4f93-ada1-f7f209cc1cc3,ff4fc9b6-bdcd-44ee-b053-c1ccbe47fe4b,1,0.1,2025-03-21,2025-03-21,1.0,0.285714,0.0,1
1964d560-1e82-4879-bd6e-3cbfb7dba01e,39d895fa-c8e1-4dfe-ae14-9a1a302e64aa,1,0.004762,2019-04-18,2019-04-18,1.0,1.0,0.0,0
1964d560-1e82-4879-bd6e-3cbfb7dba01e,3de93aad-ff09-42a8-bb3e-c724f9ff4061,1,0.004762,2019-04-18,2019-04-18,1.0,1.0,0.0,0
1964d560-1e82-4879-bd6e-3cbfb7dba01e,45dc5f07-6609-4760-a933-8c9e0f858d05,1,0.004762,2019-04-18,2019-04-18,1.0,0.142857,0.0,1
1964d560-1e82-4879-bd6e-3cbfb7dba01e,478e1c5e-cf31-4fc8-a65f-14c7fe86754c,1,0.004762,2019-04-18,2019-04-18,1.0,0.5,0.0,0
1964d560-1e82-4879-bd6e-3cbfb7dba01e,483072d1-ff09-4a61-a67e-2abe72bd806b,1,0.004762,2019-04-18,2019-04-18,1.0,1.0,0.0,0
1964d560-1e82-4879-bd6e-3cbfb7dba01e,58824ae6-8f93-4e09-a1c3-c50858f912a7,1,0.004762,2019-04-18,2019-04-18,1.0,1.0,0.0,0
1964d560-1e82-4879-bd6e-3cbfb7dba01e,5f6ab597-f57a-40da-be9e-adad48708203,1,0.004762,2019-04-18,2019-04-18,1.0,0.071429,0.0,1
1964d560-1e82-4879-bd6e-3cbfb7dba01e,664bd251-a22c-4ab9-a4f7-25da4b14f9fc,1,0.004762,2019-04-18,2019-04-18,1.0,1.0,0.0,0
1964d560-1e82-4879-bd6e-3cbfb7dba01e,68a77226-cc92-4e95-b264-18d219499b1b,1,0.004762,2019-04-18,2019-04-18,1.0,1.0,0.0,0
1964d560-1e82-4879-bd6e-3cbfb7dba01e,88b1b2c9-1cda-4dda-ae4b-2e8a4d00356a,1,0.004762,2019-04-18,2019-04-18,1.0,1.0,0.0,0
1964d560-1e82-4879-bd6e-3cbfb7dba01e,89b13f49-4fea-4110-999e-21a148f7c89f,1,0.004762,2019-04-18,2019-04-18,1.0,1.0,0.0,0
1964d560-1e82-4879-bd6e-3cbfb7dba01e,9034f787-3e79-44fe-89c1-8a082d556eec,1,0.004762,2019-04-18,2019-04-18,1.0,1.0,0.0,0
1964d560-1e82-4879-bd6e-3cbfb7dba01e,965f5705-6eb1-49a1-b312-cd3d65bcc7c9,1,0.004762,2019-04-18,2019-04-18,1.0,0.5,0.0,0
1964d560-1e82-4879-bd6e-3cbfb7dba01e,c399b484-b977-4800-aec4-ac904b50292a,1,0.004762,2019-04-18,2019-04-18,1.0,1.0,0.0,0
1964d560-1e82-4879-bd6e-3cbfb7dba01e,d44b92db-dd49-4636-abe8-7c381f90b7aa,1,0.004762,2019-04-18,2019-04-18,1.0,0.5,0.0,0
1964d560-1e82-4879-bd6e-3cbfb7dba01e,ddb01e3e-0e38-4c47-a4e8-2cc0c13b8388,1,0.004762,2019-04-18,2019-04-18,1.0,1.0,0.0,0
1964d560-1e82-4879-bd6e-3cbfb7dba01e,e0f608de-b289-46eb-aba6-bcce89fd9d2d,1,0.004762,2019-04-18,2019-04-18,1.0,1.0,0.0,0
1964d560-1e82-4879-bd6e-3cbfb7dba01e,eb2a70c7-7dab-415a-9546-79b5092f3461,1,0.004762,2019-04-18,2019-04-18,1.0,1.0,0.0,0
1964d560-1e82-4879-bd6e-3cbfb7dba01e,f7cdc9e0-d1e9-4fdc-a407-e2c0244f517d,1,0.004762,2019-04-18,2019-04-18,1.0,1.0,0.0,0
1964d560-1e82-4879-bd6e-3cbfb7dba01e,fc4568b6-cbe3-4a3d-8409-28510c19e3e2,1,0.004762,2019-04-18,2019-04-18,1.0,1.0,0.0,0
39d895fa-c8e1-4dfe-ae14-9a1a302e64aa,3de93aad-ff09-42a8-bb3e-c724f9ff4061,1,0.004762,2019-04-18,2019-04-18,1.0,1.0,0.0,0
39d895fa-c8e1-4dfe-ae14-9a1a302e64aa,45dc5f07-6609-4760-a933-8c9e0f858d05,1,0.004762,2019-04-18,2019-04-18,1.0,0.142857,0.0,1
39d895fa-c8e1-4dfe-ae14-9a1a302e64aa,478e1c5e-cf31-4fc8-a65f-14c7fe86754c,1,0.004762,2019-04-18,2019-04-18,1.0,0.5,0.0,0
39d895fa-c8e1-4dfe-ae14-9a1a302e64aa,483072d1-ff09-4a61-a67e-2abe72bd806b,1,0.004762,2019-04-18,2019-04-18,1.0,1.0,0.0,0
39d895fa-c8e1-4dfe-ae14-9a1a302e64aa,58824ae6-8f93-4e09-a1c3-c50858f912a7,1,0.004762,2019-04-18,2019-04-18,1.0,1.0,0.0,0
39d895fa-c8e1-4dfe-ae14-9a1a302e64aa,5f6ab597-f57a-40da-be9e-adad48708203,1,0.004762,2019-04-18,2019-04-18,1.0,0.071429,0.0,1
39d895fa-c8e1-4dfe-ae14-9a1a302e64aa,664bd251-a22c-4ab9-a4f7-25da4b14f9fc,1,0.004762,2019-04-18,2019-04-18,1.0,1.0,0.0,0
39d895fa-c8e1-4dfe-ae14-9a1a302e64aa,68a77226-cc92-4e95-b264-18d219499b1b,1,0.004762,2019-04-18,2019-04-18,1.0,1.0,0.0,0
39d895fa-c8e1-4dfe-ae14-9a1a302e64aa,88b1b2c9-1cda-4dda-ae4b-2e8a4d00356a,1,0.004762,2019-04-18,2019-04-18,1.0,1.0,0.0,0
39d895fa-c8e1-4dfe-ae14-9a1a302e64aa,89b13f49-4fea-4110-999e-21a148f7c89f,1,0.004762,2019-04-18,2019-04-18,1.0,1.0,0.0,0
39d895fa-c8e1-4dfe-ae14-9a1a302e64aa,9034f787-3e79-44fe-89c1-8a082d556eec,1,0.004762,2019-04-18,2019-04-18,1.0,1.0,0.0,0
39d895fa-c8e1-4dfe-ae14-9a1a302e64aa,965f5705-6eb1-49a1-b312-cd3d65bcc7c9,1,0.004762,2019-04-18,2019-04-18,1.0,0.5,0.0,0
39d895fa-c8e1-4dfe-ae14-9a1a302e64aa,c399b484-b977-4800-aec4-ac904b50292a,1,0.004762,2019-04-18,2019-04-18,1.0,1.0,0.0,0
39d895fa-c8e1-4dfe-ae14-9a1a302e64aa,d44b92db-dd49-4636-abe8-7c381f90b7aa,1,0.004762,2019-04-18,2019-04-18,1.0,0.5,0.0,0
39d895fa-c8e1-4dfe-ae14-9a1a302e64aa,ddb01e3e-0e38-4c47-a4e8-2cc0c13b8388,1,0.004762,2019-04-18,2019-04-18,1.0,1.0,0.0,0
39d895fa-c8e1-4dfe-ae14-9a1a302e64aa,e0f608de-b289-46eb-aba6-bcce89fd9d2d,1,0.004762,2019-04-18,2019-04-18,1.0,1.0,0.0,0
39d895fa-c8e1-4dfe-ae14-9a1a302e64aa,eb2a70c7-7dab-415a-9546-79b5092f3461,1,0.004762,2019-04-18,2019-04-18,1.0,1.0,0.0,0
39d895fa-c8e1-4dfe-ae14-9a1a302e64aa,f7cdc9e0-d1e9-4fdc-a407-e2c0244f517d,1,0.004762,2019-04-18,2019-04-18,1.0,1.0,0.0,0
39d895fa-c8e1-4dfe-ae14-9a1a302e64aa,fc4568b6-cbe3-4a3d-8409-28510c19e3e2,1,0.004762,2019-04-18,2019-04-18,1.0,1.0,0.0,0
3de93aad-ff09-42a8-bb3e-c724f9ff4061,45dc5f07-6609-4760-a933-8c9e0f858d05,1,0.004762,2019-04-18,2019-04-18,1.0,0.142857,0.0,1
3de93aad-ff09-42a8-bb3e-c724f9ff4061,478e1c5e-cf31-4fc8-a65f-14c7fe86754c,1,0.004762,2019-04-18,2019-04-18,1.0,0.5,0.0,0
3de93aad-ff09-42a8-bb3e-c724f9ff4061,483072d1-ff09-4a61-a67e-2abe72bd806b,1,0.004762,2019-04-18,2019-04-18,1.0,1.0,0.0,0
3de93aad-ff09-42a8-bb3e-c724f9ff4061,58824ae6-8f93-4e09-a1c3-c50858f912a7,1,0.004762,2019-04-18,2019-04-18,1.0,1.0,0.0,0
3de93aad-ff09-42a8-bb3e-c724f9ff4061,5f6ab597-f57a-40da-be9e-adad48708203,1,0.004762,2019-04-18,2019-04-18,1.0,0.071429,0.0,1
3de93aad-ff09-42a8-bb3e-c724f9ff4061,664bd251-a22c-4ab9-a4f7-25da4b14f9fc,1,0.004762,2019-04-18,2019-04-18,1.0,1.0,0.0,0
3de93aad-ff09-42a8-bb3e-c724f9ff4061,68a77226-cc92-4e95-b264-18d219499b1b,1,0.004762,2019-04-18,2019-04-18,1.0,1.0,0.0,0
3de93aad-ff09-42a8-bb3e-c724f9ff4061,88b1b2c9-1cda-4dda-ae4b-2e8a4d00356a,1,0.004762,2019-04-18,2019-04-18,1.0,1.0,0.0,0
3de93aad-ff09-42a8-bb3e-c724f9ff4061,89b13f49-4fea-4110-999e-21a148f7c89f,1,0.004762,2019-04-18,2019-04-18,1.0,1.0,0.0,0
3de93aad-ff09-42a8-bb3e-c724f9ff4061,9034f787-3e79-44fe-89c1-8a082d556eec,1,0.004762,2019-04-18,2019-04-18,1.0,1.0,0.0,0
3de93aad-ff09-42a8-bb3e-c724f9ff4061,965f5705-6eb1-49a1-b312-cd3d65bcc7c9,1,0.004762,2019-04-18,2019-04-18,1.0,0.5,0.0,0
3de93aad-ff09-42a8-bb3e-c724f9ff4061,c399b484-b977-4800-aec4-ac904b50292a,1,0.004762,2019-04-18,2019-04-18,1.0,1.0,0.0,0
3de93aad-ff09-42a8-bb3e-c724f9ff4061,d44b92db-dd49-4636-abe8-7c381f90b7aa,1,0.004762,2019-04-18,2019-04-18,1.0,0.5,0.0,0
3de93aad-ff09-42a8-bb3e-c724f9ff4061,ddb01e3e-0e38-4c47-a4e8-2cc0c13b8388,1,0.004762,2019-04-18,2019-04-18,1.0,1.0,0.0,0
3de93aad-ff09-42a8-bb3e-c724f9ff4061,e0f608de-b289-46eb-aba6-bcce89fd9d2d,1,0.004762,2019-04-18,2019-04-18,1.0,1.0,0.0,0
3de93aad-ff09-42a8-bb3e-c724f9ff4061,eb2a70c7-7dab-415a-9546-79b5092f3461,1,0.004762,2019-04-18,2019-04-18,1.0,1.0,0.0,0
3de93aad-ff09-42a8-bb3e-c724f9ff4061,f7cdc9e0-d1e9-4fdc-a407-e2c0244f517d,1,0.004762,2019-04-18,2019-04-18,1.0,1.0,0.0,0
3de93aad-ff09-42a8-bb3e-c724f9ff4061,fc4568b6-cbe3-4a3d-8409-28510c19e3e2,1,0.004762,2019-04-18,2019-04-18,1.0,1.0,0.0,0
45dc5f07-6609-4760-a933-8c9e0f858d05,478e1c5e-cf31-4fc8-a65f-14c7fe86754c,1,0.004762,2019-04-18,2019-04-18,1.0,0.285714,0.0,1
45dc5f07-6609-4760-a933-8c9e0f858d05,483072d1-ff09-4a61-a67e-2abe72bd806b,1,0.004762,2019-04-18,2019-04-18,1.0,0.142857,0.0,1
45dc5f07-6609-4760-a933-8c9e0f858d05,58824ae6-8f93-4e09-a1c3-c50858f912a7,1,0.004762,2019-04-18,2019-04-18,1.0,0.142857,0.0,1
45dc5f07-6609-4760-a933-8c9e0f858d05,5f6ab597-f57a-40da-be9e-adad48708203,1,0.004762,2019-04-18,2019-04-18,1.0,0.4,0.0,1
45dc5f07-6609-4760-a933-8c9e0f858d05,664bd251-a22c-4ab9-a4f7-25da4b14f9fc,1,0.004762,2019-04-18,2019-04-18,1.0,0.142857,0.0,1
45dc5f07-6609-4760-a933-8c9e0f858d05,68a77226-cc92-4e95-b264-18d219499b1b,1,0.004762,2019-04-18,2019-04-18,1.0,0.142857,0.0,1
45dc5f07-6609-4760-a933-8c9e0f858d05,88b1b2c9-1cda-4dda-ae4b-2e8a4d00356a,1,0.004762,2019-04-18,2019-04-18,1.0,0.142857,0.0,1
45dc5f07-6609-4760-a933-8c9e0f858d05,89b13f49-4fea-4110-999e-21a148f7c89f,1,0.004762,2019-04-18,2019-04-18,1.0,0.142857,0.0,1
45dc5f07-6609-4760-a933-8c9e0f858d05,9034f787-3e79-44fe-89c1-8a082d556eec,1,0.004762,2019-04-18,2019-04-18,1.0,0.142857,0.0,1
45dc5f07-6609-4760-a933-8c9e0f858d05,965f5705-6eb1-49a1-b312-cd3d65bcc7c9,1,0.004762,2019-04-18,2019-04-18,1.0,0.285714,0.0,1
45dc5f07-6609-4760-a933-8c9e0f858d05,c399b484-b977-4800-aec4-ac904b50292a,1,0.004762,2019-04-18,2019-04-18,1.0,0.142857,0.0,1
45dc5f07-6609-4760-a933-8c9e0f858d05,d44b92db-dd49-4636-abe8-7c381f90b7aa,1,0.004762,2019-04-18,2019-04-18,1.0,0.285714,0.0,1
45dc5f07-6609-4760-a933-8c9e0f858d05,ddb01e3e-0e38-4c47-a4e8-2cc0c13b8388,1,0.004762,2019-04-18,2019-04-18,1.0,0.142857,0.0,1
45dc5f07-6609-4760-a933-8c9e0f858d05,e0f608de-b289-46eb-aba6-bcce89fd9d2d,1,0.004762,2019-04-18,2019-04-18,1.0,0.142857,0.0,1
45dc5f07-6609-4760-a933-8c9e0f858d05,eb2a70c7-7dab-415a-9546-79b5092f3461,1,0.004762,2019-04-18,2019-04-18,1.0,0.142857,0.0,1
45dc5f07-6609-4760-a933-8c9e0f858d05,f7cdc9e0-d1e9-4fdc-a407-e2c0244f517d,1,0.004762,2019-04-18,2019-04-18,1.0,0.142857,0.0,1
45dc5f07-6609-4760-a933-8c9e0f858d05,fc4568b6-cbe3-4a3d-8409-28510c19e3e2,1,0.004762,2019-04-18,2019-04-18,1.0,0.142857,0.0,1
478e1c5e-cf31-4fc8-a65f-14c7fe86754c,483072d1-ff09-4a61-a67e-2abe72bd806b,1,0.004762,2019-04-18,2019-04-18,1.0,0.5,0.0,0
478e1c5e-cf31-4fc8-a65f-14c7fe86754c,58824ae6-8f93-4e09-a1c3-c50858f912a7,1,0.004762,2019-04-18,2019-04-18,1.0,0.5,0.0,0
478e1c5e-cf31-4fc8-a65f-14c7fe86754c,664bd251-a22c-4ab9-a4f7-25da4b14f9fc,1,0.004762,2019-04-18,2019-04-18,1.0,0.5,0.0,0
478e1c5e-cf31-4fc8-a65f-14c7fe86754c,68a77226-cc92-4e95-b264-18d219499b1b,1,0.004762,2019-04-18,2019-04-18,1.0,0.5,0.0,0
478e1c5e-cf31-4fc8-a65f-14c7fe86754c,88b1b2c9-1cda-4dda-ae4b-2e8a4d00356a,1,0.004762,2019-04-18,2019-04-18,1.0,0.5,0.0,0
478e1c5e-cf31-4fc8-a65f-14c7fe86754c,89b13f49-4fea-4110-999e-21a148f7c89f,1,0.004762,2019-04-18,2019-04-18,1.0,0.5,0.0,0
478e1c5e-cf31-4fc8-a65f-14c7fe86754c,9034f787-3e79-44fe-89c1-8a082d556eec,1,0.004762,2019-04-18,2019-04-18,1.0,0.5,0.0,0
478e1c5e-cf31-4fc8-a65f-14c7fe86754c,965f5705-6eb1-49a1-b312-cd3d65bcc7c9,1,0.004762,2019-04-18,2019-04-18,1.0,0.333333,1.0,0
478e1c5e-cf31-4fc8-a65f-14c7fe86754c,c399b484-b977-4800-aec4-ac904b50292a,1,0.004762,2019-04-18,2019-04-18,1.0,0.5,0.0,0
478e1c5e-cf31-4fc8-a65f-14c7fe86754c,d44b92db-dd49-4636-abe8-7c381f90b7aa,1,0.004762,2019-04-18,2019-04-18,1.0,0.333333,0.0,1
478e1c5e-cf31-4fc8-a65f-14c7fe86754c,ddb01e3e-0e38-4c47-a4e8-2cc0c13b8388,1,0.004762,2019-04-18,2019-04-18,1.0,0.5,0.0,0
478e1c5e-cf31-4fc8-a65f-14c7fe86754c,e0f608de-b289-46eb-aba6-bcce89fd9d2d,1,0.004762,2019-04-18,2019-04-18,1.0,0.5,0.0,0
478e1c5e-cf31-4fc8-a65f-14c7fe86754c,eb2a70c7-7dab-415a-9546-79b5092f3461,1,0.004762,2019-04-18,2019-04-18,1.0,0.5,0.0,0
478e1c5e-cf31-4fc8-a65f-14c7fe86754c,f7cdc9e0-d1e9-4fdc-a407-e2c0244f517d,1,0.004762,2019-04-18,2019-04-18,1.0,0.5,0.0,0
478e1c5e-cf31-4fc8-a65f-14c7fe86754c,fc4568b6-cbe3-4a3d-8409-28510c19e3e2,1,0.004762,2019-04-18,2019-04-18,1.0,0.5,0.0,0
483072d1-ff09-4a61-a67e-2abe72bd806b,58824ae6-8f93-4e09-a1c3-c50858f912a7,1,0.004762,2019-04-18,2019-04-18,1.0,1.0,0.0,0
483072d1-ff09-4a61-a67e-2abe72bd806b,5f6ab597-f57a-40da-be9e-adad48708203,1,0.004762,2019-04-18,2019-04-18,1.0,0.071429,0.0,1
483072d1-ff09-4a61-a67e-2abe72bd806b,664bd251-a22c-4ab9-a4f7-25da4b14f9fc,1,0.004762,2019-04-18,2019-04-18,1.0,1.0,0.0,0
483072d1-ff09-4a61-a67e-2abe72bd806b,68a77226-cc92-4e95-b264-18d219499b1b,1,0.004762,2019-04-18,2019-04-18,1.0,1.0,0.0,0
483072d1-ff09-4a61-a67e-2abe72bd806b,88b1b2c9-1cda-4dda-ae4b-2e8a4d00356a,1,0.004762,2019-04-18,2019-04-18,1.0,1.0,0.0,0
483072d1-ff09-4a61-a67e-2abe72bd806b,89b13f49-4fea-4110-999e-21a148f7c89f,1,0.004762,2019-04-18,2019-04-18,1.0,1.0,0.0,0
483072d1-ff09-4a61-a67e-2abe72bd806b,9034f787-3e79-44fe-89c1-8a082d556eec,1,0.004762,2019-04-18,2019-04-18,1.0,1.0,0.0,0
483072d1-ff09-4a61-a67e-2abe72bd806b,965f5705-6eb1-49a1-b312-cd3d65bcc7c9,1,0.004762,2019-04-18,2019-04-18,1.0,0.5,0.0,0
483072d1-ff09-4a61-a67e-2abe72bd806b,c399b484-b977-4800-aec4-ac904b50292a,1,0.004762,2019-04-18,2019-04-18,1.0,1.0,0.0,0
483072d1-ff09-4a61-a67e-2abe72bd806b,d44b92db-dd49-4636-abe8-7c381f90b7aa,1,0.004762,2019-04-18,2019-04-18,1.0,0.5,0.0,0
483072d1-ff09-4a61-a67e-2abe72bd806b,ddb01e3e-0e38-4c47-a4e8-2cc0c13b8388,1,0.004762,2019-04-18,2019-04-18,1.0,1.0,0.0,0
483072d1-ff09-4a61-a67e-2abe72bd806b,e0f608de-b289-46eb-aba6-bcce89fd9d2d,1,0.004762,2019-04-18,2019-04-18,1.0,1.0,0.0,0
483072d1-ff09-4a61-a67e-2abe72bd806b,eb2a70c7-7dab-415a-9546-79b5092f3461,1,0.004762,2019-04-18,2019-04-18,1.0,1.0,0.0,0
483072d1-ff09-4a61-a67e-2abe72bd806b,f7cdc9e0-d1e9-4fdc-a407-e2c0244f517d,1,0.004762,2019-04-18,2019-04-18,1.0,1.0,0.0,0
483072d1-ff09-4a61-a67e-2abe72bd806b,fc4568b6-cbe3-4a3d-8409-28510c19e3e2,1,0.004762,2019-04-18,2019-04-18,1.0,1.0,0.0,0
58824ae6-8f93-4e09-a1c3-c50858f912a7,5f6ab597-f57a-40da-be9e-adad48708203,1,0.004762,2019-04-18,2019-04-18,1.0,0.071429,0.0,1
58824ae6-8f93-4e09-a1c3-c50858f912a7,664bd251-a22c-4ab9-a4f7-25da4b14f9fc,1,0.004762,2019-04-18,2019-04-18,1.0,1.0,0.0,0
58824ae6-8f93-4e09-a1c3-c50858f912a7,68a77226-cc92-4e95-b264-18d219499b1b,1,0.004762,2019-04-18,2019-04-18,1.0,1.0,0.0,0
58824ae6-8f93-4e09-a1c3-c50858f912a7,88b1b2c9-1cda-4dda-ae4b-2e8a4d00356a,1,0.004762,2019-04-18,2019-04-18,1.0,1.0,0.0,0
58824ae6-8f93-4e09-a1c3-c50858f912a7,89b13f49-4fea-4110-999e-21a148f7c89f,1,0.004762,2019-04-18,2019-04-18,1.0,1.0,0.0,0
58824ae6-8f93-4e09-a1c3-c50858f912a7,9034f787-3e79-44fe-89c1-8a082d556eec,1,0.004762,2019-04-18,2019-04-18,1.0,1.0,0.0,0
58824ae6-8f93-4e09-a1c3-c50858f912a7,965f5705-6eb1-49a1-b312-cd3d65bcc7c9,1,0.004762,2019-04-18,2019-04-18,1.0,0.5,0.0,0
58824ae6-8f93-4e09-a1c3-c50858f912a7,c399b484-b977-4800-aec4-ac904b50292a,1,0.004762,2019-04-18,2019-04-18,1.0,1.0,0.0,0
58824ae6-8f93-4e09-a1c3-c50858f912a7,d44b92db-dd49-4636-abe8-7c381f90b7aa,1,0.004762,2019-04-18,2019-04-18,1.0,0.5,0.0,0
58824ae6-8f93-4e09-a1c3-c50858f912a7,ddb01e3e-0e38-4c47-a4e8-2cc0c13b8388,1,0.004762,2019-04-18,2019-04-18,1.0,1.0,0.0,0
58824ae6-8f93-4e09-a1c3-c50858f912a7,e0f608de-b289-46eb-aba6-bcce89fd9d2d,1,0.004762,2019-04-18,2019-04-18,1.0,1.0,0.0,0
58824ae6-8f93-4e09-a1c3-c50858f912a7,eb2a70c7-7dab-415a-9546-79b5092f3461,1,0.004762,2019-04-18,2019-04-18,1.0,1.0,0.0,0
58824ae6-8f93-4e09-a1c3-c50858f912a7,f7cdc9e0-d1e9-4fdc-a407-e2c0244f517d,1,0.004762,2019-04-18,2019-04-18,1.0,1.0,0.0,0
58824ae6-8f93-4e09-a1c3-c50858f912a7,fc4568b6-cbe3-4a3d-8409-28510c19e3e2,1,0.004762,2019-04-18,2019-04-18,1.0,1.0,0.0,0
5f6ab597-f57a-40da-be9e-adad48708203,664bd251-a22c-4ab9-a4f7-25da4b14f9fc,1,0.004762,2019-04-18,2019-04-18,1.0,0.071429,0.0,1
5f6ab597-f57a-40da-be9e-adad48708203,68a77226-cc92-4e95-b264-18d219499b1b,1,0.004762,2019-04-18,2019-04-18,1.0,0.071429,0.0,1
5f6ab597-f57a-40da-be9e-adad48708203,88b1b2c9-1cda-4dda-ae4b-2e8a4d00356a,1,0.004762,2019-04-18,2019-04-18,1.0,0.071429,0.0,1
5f6ab597-f57a-40da-be9e-adad48708203,89b13f49-4fea-4110-999e-21a148f7c89f,1,0.004762,2019-04-18,2019-04-18,1.0,0.071429,0.0,1
5f6ab597-f57a-40da-be9e-adad48708203,9034f787-3e79-44fe-89c1-8a082d556eec,1,0.004762,2019-04-18,2019-04-18,1.0,0.071429,0.0,1
5f6ab597-f57a-40da-be9e-adad48708203,c399b484-b977-4800-aec4-ac904b50292a,1,0.004762,2019-04-18,2019-04-18,1.0,0.071429,0.0,1
5f6ab597-f57a-40da-be9e-adad48708203,d44b92db-dd49-4636-abe8-7c381f90b7aa,1,0.004762,2019-04-18,2019-04-18,1.0,0.142857,0.0,1
5f6ab597-f57a-40da-be9e-adad48708203,ddb01e3e-0e38-4c47-a4e8-2cc0c13b8388,1,0.004762,2019-04-18,2019-04-18,1.0,0.071429,0.0,1
5f6ab597-f57a-40da-be9e-adad48708203,e0f608de-b289-46eb-aba6-bcce89fd9d2d,1,0.004762,2019-04-18,2019-04-18,1.0,0.071429,0.0,1
5f6ab597-f57a-40da-be9e-adad48708203,eb2a70c7-7dab-415a-9546-79b5092f3461,1,0.004762,2019-04-18,2019-04-18,1.0,0.071429,0.0,1
5f6ab597-f57a-40da-be9e-adad48708203,f7cdc9e0-d1e9-4fdc-a407-e2c0244f517d,1,0.004762,2019-04-18,2019-04-18,1.0,0.071429,0.0,1
5f6ab597-f57a-40da-be9e-adad48708203,fc4568b6-cbe3-4a3d-8409-28510c19e3e2,1,0.004762,2019-04-18,2019-04-18,1.0,0.071429,0.0,1
664bd251-a22c-4ab9-a4f7-25da4b14f9fc,68a77226-cc92-4e95-b264-18d219499b1b,1,0.004762,2019-04-18,2019-04-18,1.0,1.0,0.0,0
664bd251-a22c-4ab9-a4f7-25da4b14f9fc,88b1b2c9-1cda-4dda-ae4b-2e8a4d00356a,1,0.004762,2019-04-18,2019-04-18,1.0,1.0,0.0,0
664bd251-a22c-4ab9-a4f7-25da4b14f9fc,89b13f49-4fea-4110-999e-21a148f7c89f,1,0.004762,2019-04-18,2019-04-18,1.0,1.0,0.0,0
664bd251-a22c-4ab9-a4f7-25da4b14f9fc,9034f787-3e79-44fe-89c1-8a082d556eec,1,0.004762,2019-04-18,2019-04-18,1.0,1.0,0.0,0
664bd251-a22c-4ab9-a4f7-25da4b14f9fc,965f5705-6eb1-49a1-b312-cd3d65bcc7c9,1,0.004762,2019-04-18,2019-04-18,1.0,0.5,0.0,0
664bd251-a22c-4ab9-a4f7-25da4b14f9fc,c399b484-b977-4800-aec4-ac904b50292a,1,0.004762,2019-04-18,2019-04-18,1.0,1.0,0.0,0
664bd251-a22c-4ab9-a4f7-25da4b14f9fc,d44b92db-dd49-4636-abe8-7c381f90b7aa,1,0.004762,2019-04-18,2019-04-18,1.0,0.5,0.0,0
664bd251-a22c-4ab9-a4f7-25da4b14f9fc,ddb01e3e-0e38-4c47-a4e8-2cc0c13b8388,1,0.004762,2019-04-18,2019-04-18,1.0,1.0,0.0,0
664bd251-a22c-4ab9-a4f7-25da4b14f9fc,e0f608de-b289-46eb-aba6-bcce89fd9d2d,1,0.004762,2019-04-18,2019-04-18,1.0,1.0,0.0,0
664bd251-a22c-4ab9-a4f7-25da4b14f9fc,eb2a70c7-7dab-415a-9546-79b5092f3461,1,0.004762,2019-04-18,2019-04-18,1.0,1.0,0.0,0
664bd251-a22c-4ab9-a4f7-25da4b14f9fc,f7cdc9e0-d1e9-4fdc-a407-e2c0244f517d,1,0.004762,2019-04-18,2019-04-18,1.0,1.0,0.0,0
664bd251-a22c-4ab9-a4f7-25da4b14f9fc,fc4568b6-cbe3-4a3d-8409-28510c19e3e2,1,0.004762,2019-04-18,2019-04-18,1.0,1.0,0.0,0
68a77226-cc92-4e95-b264-18d219499b1b,88b1b2c9-1cda-4dda-ae4b-2e8a4d00356a,1,0.004762,2019-04-18,2019-04-18,1.0,1.0,0.0,0
68a77226-cc92-4e95-b264-18d219499b1b,89b13f49-4fea-4110-999e-21a148f7c89f,1,0.004762,2019-04-18,2019-04-18,1.0,1.0,0.0,0
68a77226-cc92-4e95-b264-18d219499b1b,9034f787-3e79-44fe-89c1-8a082d556eec,1,0.004762,2019-04-18,2019-04-18,1.0,1.0,0.0,0
68a77226-cc92-4e95-b264-18d219499b1b,965f5705-6eb1-49a1-b312-cd3d65bcc7c9,1,0.004762,2019-04-18,2019-04-18,1.0,0.5,0.0,0
68a77226-cc92-4e95-b264-18d219499b1b,c399b484-b977-4800-aec4-ac904b50292a,1,0.004762,2019-04-18,2019-04-18,1.0,1.0,0.0,0
68a77226-cc92-4e95-b264-18d219499b1b,d44b92db-dd49-4636-abe8-7c381f90b7aa,1,0.004762,2019-04-18,2019-04-18,1.0,0.5,0.0,0
68a77226-cc92-4e95-b264-18d219499b1b,ddb01e3e-0e38-4c47-a4e8-2cc0c13b8388,1,0.004762,2019-04-18,2019-04-18,1.0,1.0,0.0,0
68a77226-cc92-4e95-b264-18d219499b1b,e0f608de-b289-46eb-aba6-bcce89fd9d2d,1,0.004762,2019-04-18,2019-04-18,1.0,1.0,0.0,0
68a77226-cc92-4e95-b264-18d219499b1b,eb2a70c7-7dab-415a-9546-79b5092f3461,1,0.004762,2019-04-18,2019-04-18,1.0,1.0,0.0,0
68a77226-cc92-4e95-b264-18d219499b1b,f7cdc9e0-d1e9-4fdc-a407-e2c0244f517d,1,0.004762,2019-04-18,2019-04-18,1.0,1.0,0.0,0
68a77226-cc92-4e95-b264-18d219499b1b,fc4568b6-cbe3-4a3d-8409-28510c19e3e2,1,0.004762,2019-04-18,2019-04-18,1.0,1.0,0.0,0
88b1b2c9-1cda-4dda-ae4b-2e8a4d00356a,89b13f49-4fea-4110-999e-21a148f7c89f,1,0.004762,2019-04-18,2019-04-18,1.0,1.0,0.0,0
88b1b2c9-1cda-4dda-ae4b-2e8a4d00356a,9034f787-3e79-44fe-89c1-8a082d556eec,1,0.004762,2019-04-18,2019-04-18,1.0,1.0,0.0,0
88b1b2c9-1cda-4dda-ae4b-2e8a4d00356a,965f5705-6eb1-49a1-b312-cd3d65bcc7c9,1,0.004762,2019-04-18,2019-04-18,1.0,0.5,0.0,0
88b1b2c9-1cda-4dda-ae4b-2e8a4d00356a,c399b484-b977-4800-aec4-ac904b50292a,1,0.004762,2019-04-18,2019-04-18,1.0,1.0,0.0,0
88b1b2c9-1cda-4dda-ae4b-2e8a4d00356a,d44b92db-dd49-4636-abe8-7c381f90b7aa,1,0.004762,2019-04-18,2019-04-18,1.0,0.5,0.0,0
88b1b2c9-1cda-4dda-ae4b-2e8a4d00356a,ddb01e3e-0e38-4c47-a4e8-2cc0c13b8388,1,0.004762,2019-04-18,2019-04-18,1.0,1.0,0.0,0
88b1b2c9-1cda-4dda-ae4b-2e8a4d00356a,e0f608de-b289-46eb-aba6-bcce89fd9d2d,1,0.004762,2019-04-18,2019-04-18,1.0,1.0,0.0,0
88b1b2c9-1cda-4dda-ae4b-2e8a4d00356a,eb2a70c7-7dab-415a-9546-79b5092f3461,1,0.004762,2019-04-18,2019-04-18,1.0,1.0,0.0,0
88b1b2c9-1cda-4dda-ae4b-2e8a4d00356a,f7cdc9e0-d1e9-4fdc-a407-e2c0244f517d,1,0.004762,2019-04-18,2019-04-18,1.0,1.0,0.0,0
88b1b2c9-1cda-4dda-ae4b-2e8a4d00356a,fc4568b6-cbe3-4a3d-8409-28510c19e3e2,1,0.004762,2019-04-18,2019-04-18,1.0,1.0,0.0,0
89b13f49-4fea-4110-999e-21a148f7c89f,9034f787-3e79-44fe-89c1-8a082d556eec,1,0.004762,2019-04-18,2019-04-18,1.0,1.0,0.0,0
89b13f49-4fea-4110-999e-21a148f7c89f,965f5705-6eb1-49a1-b312-cd3d65bcc7c9,1,0.004762,2019-04-18,2019-04-18,1.0,0.5,0.0,0
89b13f49-4fea-4110-999e-21a148f7c89f,c399b484-b977-4800-aec4-ac904b50292a,1,0.004762,2019-04-18,2019-04-18,1.0,1.0,0.0,0
89b13f49-4fea-4110-999e-21a148f7c89f,d44b92db-dd49-4636-abe8-7c381f90b7aa,1,0.004762,2019-04-18,2019-04-18,1.0,0.5,0.0,0
89b13f49-4fea-4110-999e-21a148f7c89f,ddb01e3e-0e38-4c47-a4e8-2cc0c13b8388,1,0.004762,2019-04-18,2019-04-18,1.0,1.0,0.0,0
89b13f49-4fea-4110-999e-21a148f7c89f,e0f608de-b289-46eb-aba6-bcce89fd9d2d,1,0.004762,2019-04-18,2019-04-18,1.0,1.0,0.0,0
89b13f49-4fea-4110-999e-21a148f7c89f,eb2a70c7-7dab-415a-9546-79b5092f3461,1,0.004762,2019-04-18,2019-04-18,1.0,1.0,0.0,0
89b13f49-4fea-4110-999e-21a148f7c89f,f7cdc9e0-d1e9-4fdc-a407-e2c0244f517d,1,0.004762,2019-04-18,2019-04-18,1.0,1.0,0.0,0
89b13f49-4fea-4110-999e-21a148f7c89f,fc4568b6-cbe3-4a3d-8409-28510c19e3e2,1,0.004762,2019-04-18,2019-04-18,1.0,1.0,0.0,0
9034f787-3e79-44fe-89c1-8a082d556eec,965f5705-6eb1-49a1-b312-cd3d65bcc7c9,1,0.004762,2019-04-18,2019-04-18,1.0,0.5,0.0,0
9034f787-3e79-44fe-89c1-8a082d556eec,c399b484-b977-4800-aec4-ac904b50292a,1,0.004762,2019-04-18,2019-04-18,1.0,1.0,0.0,0
9034f787-3e79-44fe-89c1-8a082d556eec,d44b92db-dd49-4636-abe8-7c381f90b7aa,1,0.004762,2019-04-18,2019-04-18,1.0,0.5,0.0,0
9034f787-3e79-44fe-89c1-8a082d556eec,ddb01e3e-0e38-4c47-a4e8-2cc0c13b8388,1,0.004762,2019-04-18,2019-04-18,1.0,1.0,0.0,0
9034f787-3e79-44fe-89c1-8a082d556eec,e0f608de-b289-46eb-aba6-bcce89fd9d2d,1,0.004762,2019-04-18,2019-04-18,1.0,1.0,0.0,0
9034f787-3e79-44fe-89c1-8a082d556eec,eb2a70c7-7dab-415a-9546-79b5092f3461,1,0.004762,2019-04-18,2019-04-18,1.0,1.0,0.0,0
9034f787-3e79-44fe-89c1-8a082d556eec,f7cdc9e0-d1e9-4fdc-a407-e2c0244f517d,1,0.004762,2019-04-18,2019-04-18,1.0,1.0,0.0,0
9034f787-3e79-44fe-89c1-8a082d556eec,fc4568b6-cbe3-4a3d-8409-28510c19e3e2,1,0.004762,2019-04-18,2019-04-18,1.0,1.0,0.0,0
965f5705-6eb1-49a1-b312-cd3d65bcc7c9,c399b484-b977-4800-aec4-ac904b50292a,1,0.004762,2019-04-18,2019-04-18,1.0,0.5,0.0,0
965f5705-6eb1-49a1-b312-cd3d65bcc7c9,d44b92db-dd49-4636-abe8-7c381f90b7aa,1,0.004762,2019-04-18,2019-04-18,1.0,0.333333,0.0,1
965f5705-6eb1-49a1-b312-cd3d65bcc7c9,ddb01e3e-0e38-4c47-a4e8-2cc0c13b8388,1,0.004762,2019-04-18,2019-04-18,1.0,0.5,0.0,0
965f5705-6eb1-49a1-b312-cd3d65bcc7c9,e0f608de-b289-46eb-aba6-bcce89fd9d2d,1,0.004762,2019-04-18,2019-04-18,1.0,0.5,0.0,0
965f5705-6eb1-49a1-b312-cd3d65bcc7c9,eb2a70c7-7dab-415a-9546-79b5092f3461,1,0.004762,2019-04-18,2019-04-18,1.0,0.5,0.0,0
965f5705-6eb1-49a1-b312-cd3d65bcc7c9,f7cdc9e0-d1e9-4fdc-a407-e2c0244f517d,1,0.004762,2019-04-18,2019-04-18,1.0,0.5,0.0,0
965f5705-6eb1-49a1-b312-cd3d65bcc7c9,fc4568b6-cbe3-4a3d-8409-28510c19e3e2,1,0.004762,2019-04-18,2019-04-18,1.0,0.5,0.0,0
c399b484-b977-4800-aec4-ac904b50292a,d44b92db-dd49-4636-abe8-7c381f90b7aa,1,0.004762,2019-04-18,2019-04-18,1.0,0.5,0.0,0
c399b484-b977-4800-aec4-ac904b50292a,ddb01e3e-0e38-4c47-a4e8-2cc0c13b8388,1,0.004762,2019-04-18,2019-04-18,1.0,1.0,0.0,0
c399b484-b977-4800-aec4-ac904b50292a,e0f608de-b289-46eb-aba6-bcce89fd9d2d,1,0.004762,2019-04-18,2019-04-18,1.0,1.0,0.0,0
c399b484-b977-4800-aec4-ac904b50292a,eb2a70c7-7dab-415a-9546-79b5092f3461,1,0.004762,2019-04-18,2019-04-18,1.0,1.0,0.0,0
c399b484-b977-4800-aec4-ac904b50292a,f7cdc9e0-d1e9-4fdc-a407-e2c0244f517d,1,0.004762,2019-04-18,2019-04-18,1.0,1.0,0.0,0
c399b484-b977-4800-aec4-ac904b50292a,fc4568b6-cbe3-4a3d-8409-28510c19e3e2,1,0.004762,2019-04-18,2019-04-18,1.0,1.0,0.0,0
d44b92db-dd49-4636-abe8-7c381f90b7aa,ddb01e3e-0e38-4c47-a4e8-2cc0c13b8388,1,0.004762,2019-04-18,2019-04-18,1.0,0.5,0.0,0
d44b92db-dd49-4636-abe8-7c381f90b7aa,e0f608de-b289-46eb-aba6-bcce89fd9d2d,1,0.004762,2019-04-18,2019-04-18,1.0,0.5,0.0,0
d44b92db-dd49-4636-abe8-7c381f90b7aa,eb2a70c7-7dab-415a-9546-79b5092f3461,1,0.004762,2019-04-18,2019-04-18,1.0,0.5,0.0,0
d44b92db-dd49-4636-abe8-7c381f90b7aa,f7cdc9e0-d1e9-4fdc-a407-e2c0244f517d,1,0.004762,2019-04-18,2019-04-18,1.0,0.5,0.0,0
d44b92db-dd49-4636-abe8-7c381f90b7aa,fc4568b6-cbe3-4a3d-8409-28510c19e3e2,1,0.004762,2019-04-18,2019-04-18,1.0,0.5,0.0,0
ddb01e3e-0e38-4c47-a4e8-2cc0c13b8388,e0f608de-b289-46eb-aba6-bcce89fd9d2d,1,0.004762,2019-04-18,2019-04-18,1.0,1.0,0.0,0
ddb01e3e-0e38-4c47-a4e8-2cc0c13b8388,eb2a70c7-7dab-415a-9546-79b5092f3461,1,0.004762,2019-04-18,2019-04-18,1.0,1.0,0.0,0
ddb01e3e-0e38-4c47-a4e8-2cc0c13b8388,f7cdc9e0-d1e9-4fdc-a407-e2c0244f517d,1,0.004762,2019-04-18,2019-04-18,1.0,1.0,0.0,0
ddb01e3e-0e38-4c47-a4e8-2cc0c13b8388,fc4568b6-cbe3-4a3d-8409-28510c19e3e2,1,0.004762,2019-04-18,2019-04-18,1.0,1.0,0.0,0
e0f608de-b289-46eb-aba6-bcce89fd9d2d,eb2a70c7-7dab-415a-9546-79b5092f3461,1,0.004762,2019-04-18,2019-04-18,1.0,1.0,0.0,0
e0f608de-b289-46eb-aba6-bcce89fd9d2d,f7cdc9e0-d1e9-4fdc-a407-e2c0244f517d,1,0.004762,2019-04-18,2019-04-18,1.0,1.0,0.0,0
e0f608de-b289-46eb-aba6-bcce89fd9d2d,fc4568b6-cbe3-4a3d-8409-28510c19e3e2,1,0.004762,2019-04-18,2019-04-18,1.0,1.0,0.0,0
eb2a70c7-7dab-415a-9546-79b5092f3461,f7cdc9e0-d1e9-4fdc-a407-e2c0244f517d,1,0.004762,2019-04-18,2019-04-18,1.0,1.0,0.0,0
eb2a70c7-7dab-415a-9546-79b5092f3461,fc4568b6-cbe3-4a3d-8409-28510c19e3e2,1,0.004762,2019-04-18,2019-04-18,1.0,1.0,0.0,0
f7cdc9e0-d1e9-4fdc-a407-e2c0244f517d,fc4568b6-cbe3-4a3d-8409-28510c19e3e2,1,0.004762,2019-04-18,2019-04-18,1.0,1.0,0.0,0
65314b12-0e08-43fa-ba33-baaa7b874c15,daf84e36-f78e-4c94-a032-6aed138c0d34,1,1.0,1966-01-01,1966-01-01,0.01563,0.222222,0.0,1
03172286-f7ed-4864-a4db-459cd5ca9790,b5ffc3aa-b868-4b88-905f-d73d51dbe51c,1,0.333333,1966-01-01,1966-01-01,1.0,0.142857,0.0,1
03172286-f7ed-4864-a4db-459cd5ca9790,f0ed72a3-ae8f-4cf7-b51d-2696a2330230,1,0.333333,1966-01-01,1966-01-01,1.0,0.142857,0.0,1
67ebede8-b5c5-4115-90e5-1d760466baee,e7c13d2c-630c-4796-9188-77e2281f32cc,1,1.0,2025-05-29,2025-05-29,1.0,1.0,0.0,0
0b7c2cc8-0276-4b23-a538-746ebe4133ce,2882ffa3-dec9-4055-a842-a950728bcb02,1,0.1,1981-01-01,1981-01-01,1.0,0.5,0.2,0
0b7c2cc8-0276-4b23-a538-746ebe4133ce,606a2d8e-2ac3-494d-bf6c-f903a37fc7ca,1,0.1,1981-01-01,1981-01-01,1.0,1.0,1.0,0
0b7c2cc8-0276-4b23-a538-746ebe4133ce,8560d4e8-05e2-4c20-980b-ad2db445dd5d,1,0.1,1981-01-01,1981-01-01,1.0,0.5,0.333333,0
0b7c2cc8-0276-4b23-a538-746ebe4133ce,883e4ba4-8ccc-47ed-81df-df51e41792a9,1,0.1,1981-01-01,1981-01-01,1.0,1.0,1.0,0
2882ffa3-dec9-4055-a842-a950728bcb02,606a2d8e-2ac3-494d-bf6c-f903a37fc7ca,1,0.1,1981-01-01,1981-01-01,1.0,0.5,0.2,0
2882ffa3-dec9-4055-a842-a950728bcb02,8560d4e8-05e2-4c20-980b-ad2db445dd5d,1,0.1,1981-01-01,1981-01-01,1.0,1.0,0.142857,0
2882ffa3-dec9-4055-a842-a950728bcb02,883e4ba4-8ccc-47ed-81df-df51e41792a9,1,0.1,1981-01-01,1981-01-01,1.0,0.5,0.2,0
606a2d8e-2ac3-494d-bf6c-f903a37fc7ca,8560d4e8-05e2-4c20-980b-ad2db445dd5d,1,0.1,1981-01-01,1981-01-01,1.0,0.5,0.333333,0
606a2d8e-2ac3-494d-bf6c-f903a37fc7ca,883e4ba4-8ccc-47ed-81df-df51e41792a9,1,0.1,1981-01-01,1981-01-01,1.0,1.0,1.0,0
8560d4e8-05e2-4c20-980b-ad2db445dd5d,883e4ba4-8ccc-47ed-81df-df51e41792a9,1,0.1,1981-01-01,1981-01-01,1.0,0.5,0.333333,0
21e6aab7-8077-4351-b013-f3f29772714c,a35237a0-4f47-40a6-b6f3-1e786db23402,1,0.333333,1978-01-01,1978-01-01,1.0,0.333333,1.0,0
21e6aab7-8077-4351-b013-f3f29772714c,ba2a6b88-f467-48d0-a503-5f098aefd54e,1,0.333333,1978-01-01,1978-01-01,1.0,1.0,1.0,0
a35237a0-4f47-40a6-b6f3-1e786db23402,ba2a6b88-f467-48d0-a503-5f098aefd54e,1,0.333333,1978-01-01,1978-01-01,1.0,0.333333,1.0,0
8fb64b2e-db8b-4579-ad08-f324ef1bf494,a383f062-e527-4a57-98b0-9205b2f8f171,1,0.333333,1927-01-01,1927-01-01,1.0,0.5,1.0,0
8fb64b2e-db8b-4579-ad08-f324ef1bf494,fcfa9543-e113-4ef9-9ef6-455ba4cbe7af,1,0.333333,1927-01-01,1927-01-01,1.0,0.142857,0.6,0
a383f062-e527-4a57-98b0-9205b2f8f171,fcfa9543-e113-4ef9-9ef6-455ba4cbe7af,1,0.333333,1927-01-01,1927-01-01,3.1e-05,0.285714,0.6,0
034b3a22-3f58-4000-be08-16c27971bc00,5bdeb32d-56a5-4b6d-a768-264101fa0a0a,1,0.1,2015-01-01,2015-01-01,1.0,0.142857,0.0,1
034b3a22-3f58-4000-be08-16c27971bc00,7f9a0794-785a-4a2b-90dc-8a265ba05998,1,0.1,2015-01-01,2015-01-01,1.0,1.0,0.0,0
034b3a22-3f58-4000-be08-16c27971bc00,bfbd3940-14aa-4c4a-a2ab-67d040aae0f2,1,0.1,2015-01-01,2015-01-01,1.0,1.0,0.0,0
034b3a22-3f58-4000-be08-16c27971bc00,eaee97f6-f2e4-414a-966c-f31a1fb4696a,1,0.1,2015-01-01,2015-01-01,1.0,0.5,0.0,0
5bdeb32d-56a5-4b6d-a768-264101fa0a0a,7f9a0794-785a-4a2b-90dc-8a265ba05998,1,0.1,2015-01-01,2015-01-01,0.574567,0.142857,0.0,1
5bdeb32d-56a5-4b6d-a768-264101fa0a0a,bfbd3940-14aa-4c4a-a2ab-67d040aae0f2,1,0.1,2015-01-01,2015-01-01,1.0,0.142857,0.0,1
5bdeb32d-56a5-4b6d-a768-264101fa0a0a,eaee97f6-f2e4-414a-966c-f31a1fb4696a,1,0.1,2015-01-01,2015-01-01,1.0,0.285714,0.0,1
7f9a0794-785a-4a2b-90dc-8a265ba05998,bfbd3940-14aa-4c4a-a2ab-67d040aae0f2,1,0.1,2015-01-01,2015-01-01,1.0,1.0,0.0,0
7f9a0794-785a-4a2b-90dc-8a265ba05998,eaee97f6-f2e4-414a-966c-f31a1fb4696a,1,0.1,2015-01-01,2015-01-01,1.0,0.5,0.0,0
bfbd3940-14aa-4c4a-a2ab-67d040aae0f2,eaee97f6-f2e4-414a-966c-f31a1fb4696a,1,0.1,2015-01-01,2015-01-01,1.0,0.5,0.0,0
35f343df-3b87-4475-b0e4-d2ba5cc26eea,c3dcad1b-1380-4a94-98d8-3f8272f19df6,1,1.0,1992-01-01,1992-01-01,1.0,0.5,0.0,0
262cf0ce-2af2-4686-a8cc-d6b33e97336d,cff102cc-236f-4936-a1b7-0e80a1d28ff7,5,3.5,2023-08-11,2024-02-09,1.0,0.0,0.0,1
262cf0ce-2af2-4686-a8cc-d6b33e97336d,cceea21d-f3ec-4586-be7a-d2e939c15c78,1,0.333333,2024-02-09,2024-02-09,1.0,0.0,0.0,1
cceea21d-f3ec-4586-be7a-d2e939c15c78,cff102cc-236f-4936-a1b7-0e80a1d28ff7,1,0.333333,2024-02-09,2024-02-09,1.0,1.0,0.0,0
25509e4f-a378-42fc-9be1-192afc3e2cac,262cf0ce-2af2-4686-a8cc-d6b33e97336d,1,0.166667,2024-02-09,2024-02-09,1.0,0.0,0.0,1
25509e4f-a378-42fc-9be1-192afc3e2cac,56576619-c9e0-4e66-b2cc-f9795025448e,1,0.166667,2024-02-09,2024-02-09,1.0,1.0,0.0,0
25509e4f-a378-42fc-9be1-192afc3e2cac,cff102cc-236f-4936-a1b7-0e80a1d28ff7,1,0.166667,2024-02-09,2024-02-09,1.0,1.0,0.0,0
262cf0ce-2af2-4686-a8cc-d6b33e97336d,56576619-c9e0-4e66-b2cc-f9795025448e,1,0.166667,2024-02-09,2024-02-09,1.0,0.0,0.0,1
56576619-c9e0-4e66-b2cc-f9795025448e,cff102cc-236f-4936-a1b7-0e80a1d28ff7,1,0.166667,2024-02-09,2024-02-09,1.0,1.0,0.0,0
bb7959ac-84cc-45c4-8138-d80ee5f2bd9a,f4b6e451-5dce-4842-a555-f793892299b3,1,1.0,2025-09-12,2025-09-12,1.0,0.090909,0.0,1
603ba565-3967-4be1-931e-9cb945394e86,7d2f744e-4a28-4fff-be97-684fdd4ef881,1,1.0,1976-01-01,1976-01-01,1.0,0.0,0.0,1
4be53eb7-32d7-4d7b-a995-345b90a507f6,dac606a0-a7ee-4ae0-9cba-91e8030e21fd,1,1.0,2009-01-01,2009-01-01,1.0,1.0,0.0,0
192ccbd4-9c06-4302-be05-c2cd494b86d5,1cdcccea-2725-41ac-930b-55ca4a4a9db2,2,2.0,2010-01-01,2010-01-01,1.0,1.0,0.0,0
5e7a7026-dfc5-4aba-8496-95140716f3db,d8433dee-d1a8-4b40-b27c-40bc53481167,1,0.1,1985-08-01,1985-08-01,1.0,1.0,0.0,0
5e7a7026-dfc5-4aba-8496-95140716f3db,db4da9ba-c52b-4df9-876f-7c6db3582256,1,0.1,1985-08-01,1985-08-01,1.0,0.5,0.0,0
5e7a7026-dfc5-4aba-8496-95140716f3db,dbf295d7-8e29-44db-b2f7-6eb1e40e4c8e,1,0.1,1985-08-01,1985-08-01,1.0,1.0,0.0,0
5e7a7026-dfc5-4aba-8496-95140716f3db,f2da4752-8db0-4e54-8f30-680acaa8e1cf,1,0.1,1985-08-01,1985-08-01,1.0,1.0,0.0,0
d8433dee-d1a8-4b40-b27c-40bc53481167,db4da9ba-c52b-4df9-876f-7c6db3582256,1,0.1,1985-08-01,1985-08-01,1.0,0.5,0.0,0
d8433dee-d1a8-4b40-b27c-40bc53481167,dbf295d7-8e29-44db-b2f7-6eb1e40e4c8e,1,0.1,1985-08-01,1985-08-01,1.0,1.0,0.0,0
d8433dee-d1a8-4b40-b27c-40bc53481167,f2da4752-8db0-4e54-8f30-680acaa8e1cf,1,0.1,1985-08-01,1985-08-01,1.0,1.0,0.0,0
db4da9ba-c52b-4df9-876f-7c6db3582256,dbf295d7-8e29-44db-b2f7-6eb1e40e4c8e,1,0.1,1985-08-01,1985-08-01,1.0,0.5,0.0,0
db4da9ba-c52b-4df9-876f-7c6db3582256,f2da4752-8db0-4e54-8f30-680acaa8e1cf,1,0.1,1985-08-01,1985-08-01,1.0,0.5,0.0,0
dbf295d7-8e29-44db-b2f7-6eb1e40e4c8e,f2da4752-8db0-4e54-8f30-680acaa8e1cf,1,0.1,1985-08-01,1985-08-01,1.0,1.0,0.0,0
022589ac-7177-460d-a178-9976cf70e29f,6b014cfd-4927-4187-a741-715998e6d785,1,1.0,1978-01-01,1978-01-01,1.0,0.2,0.0,1
0e738f68-783c-4a6a-80ae-4f7500861060,2944824d-4c26-476f-a981-be849081942f,1,0.333333,1930-01-01,1930-01-01,1.0,0.090909,0.0,1
0e738f68-783c-4a6a-80ae-4f7500861060,95fb3a0c-fc74-4f51-acba-bbe5b3a78e32,1,0.333333,1930-01-01,1930-01-01,1.0,0.0,0.0,1
2944824d-4c26-476f-a981-be849081942f,95fb3a0c-fc74-4f51-acba-bbe5b3a78e32,1,0.333333,1930-01-01,1930-01-01,1.0,0.090909,0.0,1
89c20fbe-42ad-4b52-85c3-d18fc5686717,b89a3568-9d87-4da0-97e3-97b30348d098,1,0.333333,2004-05-11,2004-05-11,1.0,1.0,0.0,0
89c20fbe-42ad-4b52-85c3-d18fc5686717,e9296a90-9c59-4657-9165-1f1b5319de00,1,0.333333,2004-05-11,2004-05-11,1.0,0.25,0.0,1
b89a3568-9d87-4da0-97e3-97b30348d098,e9296a90-9c59-4657-9165-1f1b5319de00,1,0.333333,2004-05-11,2004-05-11,1.0,0.25,0.0,1
668391a3-cf69-4cd2-9d18-12e82fec15f2,9daf6754-682e-4afe-84ae-5b35c61e26e9,1,0.333333,1966-01-01,1966-01-01,1.0,1.0,1.0,0
668391a3-cf69-4cd2-9d18-12e82fec15f2,b345af35-205e-4eca-8006-029e5c20127e,1,0.333333,1966-01-01,1966-01-01,1.0,0.2,1.0,0
9daf6754-682e-4afe-84ae-5b35c61e26e9,b345af35-205e-4eca-8006-029e5c20127e,1,0.333333,1966-01-01,1966-01-01,1.0,0.2,1.0,0
17b53d9f-5c63-4a09-a593-dde4608e0db9,afac07f5-d4aa-43f4-bad3-6bc2bb474cba,4,4.0,1971-11-24,1971-11-24,1.0,0.0,0.0,1
164f0d73-1234-4e2c-8743-d77bf2191051,cf15719f-51f9-4db8-a15d-5eed9664ce69,2,0.333333,2005-01-01,2007-01-01,1.0,0.166667,0.0,1
164f0d73-1234-4e2c-8743-d77bf2191051,e527455c-5f72-4208-b892-22f7271a9305,1,0.166667,2005-01-01,2005-01-01,1.0,0.333333,0.0,1
164f0d73-1234-4e2c-8743-d77bf2191051,ee1a3cdd-d907-4e76-bfe8-f60a8bbd5ba4,1,0.166667,2005-01-01,2005-01-01,0.793826,0.666667,0.0,0
cf15719f-51f9-4db8-a15d-5eed9664ce69,e527455c-5f72-4208-b892-22f7271a9305,1,0.166667,2005-01-01,2005-01-01,1.0,0.0,0.0,1
cf15719f-51f9-4db8-a15d-5eed9664ce69,ee1a3cdd-d907-4e76-bfe8-f60a8bbd5ba4,2,0.214286,2005-01-01,2006-01-01,1.0,0.0,0.0,1
e527455c-5f72-4208-b892-22f7271a9305,ee1a3cdd-d907-4e76-bfe8-f60a8bbd5ba4,1,0.166667,2005-01-01,2005-01-01,1.0,0.5,0.0,0
05ec340f-c772-4995-9256-092c6931d098,4dca4bb2-23ba-4103-97e6-5810311db33a,1,0.047619,2006-01-01,2006-01-01,1.0,0.5,0.0,0
05ec340f-c772-4995-9256-092c6931d098,598ec1f8-fddf-4be4-aa68-fe7de35a6afc,1,0.047619,2006-01-01,2006-01-01,1.0,1.0,0.0,0
05ec340f-c772-4995-9256-092c6931d098,702d6512-6c3d-4820-9d17-25462ad1a1dd,1,0.047619,2006-01-01,2006-01-01,1.0,0.0,0.0,1
05ec340f-c772-4995-9256-092c6931d098,b727ffed-79ab-4905-b20d-2a8df5335929,1,0.047619,2006-01-01,2006-01-01,1.0,1.0,0.0,0
05ec340f-c772-4995-9256-092c6931d098,cf15719f-51f9-4db8-a15d-5eed9664ce69,1,0.047619,2006-01-01,2006-01-01,1.0,0.0,0.0,1
05ec340f-c772-4995-9256-092c6931d098,ee1a3cdd-d907-4e76-bfe8-f60a8bbd5ba4,1,0.047619,2006-01-01,2006-01-01,1.0,0.5,0.0,0
4dca4bb2-23ba-4103-97e6-5810311db33a,598ec1f8-fddf-4be4-aa68-fe7de35a6afc,1,0.047619,2006-01-01,2006-01-01,1.0,0.5,0.0,0
4dca4bb2-23ba-4103-97e6-5810311db33a,702d6512-6c3d-4820-9d17-25462ad1a1dd,1,0.047619,2006-01-01,2006-01-01,1.0,0.5,0.0,0
4dca4bb2-23ba-4103-97e6-5810311db33a,b727ffed-79ab-4905-b20d-2a8df5335929,1,0.047619,2006-01-01,2006-01-01,1.0,0.5,0.0,0
4dca4bb2-23ba-4103-97e6-5810311db33a,cf15719f-51f9-4db8-a15d-5eed9664ce69,1,0.047619,2006-01-01,2006-01-01,1.0,0.0,0.0,1
4dca4bb2-23ba-4103-97e6-5810311db33a,ee1a3cdd-d907-4e76-bfe8-f60a8bbd5ba4,1,0.047619,2006-01-01,2006-01-01,1.0,1.0,0.0,0
598ec1f8-fddf-4be4-aa68-fe7de35a6afc,702d6512-6c3d-4820-9d17-25462ad1a1dd,1,0.047619,2006-01-01,2006-01-01,1.0,0.0,0.0,1
598ec1f8-fddf-4be4-aa68-fe7de35a6afc,b727ffed-79ab-4905-b20d-2a8df5335929,1,0.047619,2006-01-01,2006-01-01,1.0,1.0,0.0,0
598ec1f8-fddf-4be4-aa68-fe7de35a6afc,cf15719f-51f9-4db8-a15d-5eed9664ce69,1,0.047619,2006-01-01,2006-01-01,1.0,0.0,0.0,1
598ec1f8-fddf-4be4-aa68-fe7de35a6afc,ee1a3cdd-d907-4e76-bfe8-f60a8bbd5ba4,1,0.047619,2006-01-01,2006-01-01,1.0,0.5,0.0,0
702d6512-6c3d-4820-9d17-25462ad1a1dd,b727ffed-79ab-4905-b20d-2a8df5335929,1,0.047619,2006-01-01,2006-01-01,1.0,0.0,0.0,1
702d6512-6c3d-4820-9d17-25462ad1a1dd,cf15719f-51f9-4db8-a15d-5eed9664ce69,1,0.047619,2006-01-01,2006-01-01,1.0,0.0,0.0,1
702d6512-6c3d-4820-9d17-25462ad1a1dd,ee1a3cdd-d907-4e76-bfe8-f60a8bbd5ba4,1,0.047619,2006-01-01,2006-01-01,1.0,0.5,0.0,0
b727ffed-79ab-4905-b20d-2a8df5335929,cf15719f-51f9-4db8-a15d-5eed9664ce69,1,0.047619,2006-01-01,2006-01-01,1.0,0.0,0.0,1
b727ffed-79ab-4905-b20d-2a8df5335929,ee1a3cdd-d907-4e76-bfe8-f60a8bbd5ba4,1,0.047619,2006-01-01,2006-01-01,1.0,0.5,0.0,0
aaf2e0a1-2c67-4118-b0ab-8539f5096ada,cf15719f-51f9-4db8-a15d-5eed9664ce69,1,0.1,2006-01-01,2006-01-01,1.0,0.25,0.0,1
aaf2e0a1-2c67-4118-b0ab-8539f5096ada,dc443ccc-65ec-4d4e-92eb-e6f951267fb6,1,0.1,2006-01-01,2006-01-01,1.0,1.0,0.0,0
aaf2e0a1-2c67-4118-b0ab-8539f5096ada,e1a3a069-1ffa-4b46-b549-c11cf9b2b4d0,1,0.1,2006-01-01,2006-01-01,1.0,1.0,0.0,0
aaf2e0a1-2c67-4118-b0ab-8539f5096ada,fa18023e-317a-4738-a026-638b2c6c9fc3,1,0.1,2006-01-01,2006-01-01,1.0,1.0,0.0,0
cf15719f-51f9-4db8-a15d-5eed9664ce69,dc443ccc-65ec-4d4e-92eb-e6f951267fb6,1,0.1,2006-01-01,2006-01-01,1.0,0.25,0.0,1
cf15719f-51f9-4db8-a15d-5eed9664ce69,e1a3a069-1ffa-4b46-b549-c11cf9b2b4d0,1,0.1,2006-01-01,2006-01-01,1.0,0.25,0.0,1
cf15719f-51f9-4db8-a15d-5eed9664ce69,fa18023e-317a-4738-a026-638b2c6c9fc3,1,0.1,2006-01-01,2006-01-01,1.0,0.25,0.0,1
dc443ccc-65ec-4d4e-92eb-e6f951267fb6,e1a3a069-1ffa-4b46-b549-c11cf9b2b4d0,1,0.1,2006-01-01,2006-01-01,1.0,1.0,0.0,0
dc443ccc-65ec-4d4e-92eb-e6f951267fb6,fa18023e-317a-4738-a026-638b2c6c9fc3,1,0.1,2006-01-01,2006-01-01,1.0,1.0,0.0,0
e1a3a069-1ffa-4b46-b549-c11cf9b2b4d0,fa18023e-317a-4738-a026-638b2c6c9fc3,1,0.1,2006-01-01,2006-01-01,1.0,1.0,0.0,0
164f0d73-1234-4e2c-8743-d77bf2191051,8b98f267-a203-4e69-a6cb-996d4cfecaf7,1,0.166667,2007-01-01,2007-01-01,1.0,0.666667,0.0,0
164f0d73-1234-4e2c-8743-d77bf2191051,c0a1179b-b14a-4d68-a3c1-1fdab16ed602,1,0.166667,2007-01-01,2007-01-01,1.0,0.333333,0.0,1
8b98f267-a203-4e69-a6cb-996d4cfecaf7,c0a1179b-b14a-4d68-a3c1-1fdab16ed602,1,0.166667,2007-01-01,2007-01-01,1.0,0.5,0.0,0
8b98f267-a203-4e69-a6cb-996d4cfecaf7,cf15719f-51f9-4db8-a15d-5eed9664ce69,1,0.166667,2007-01-01,2007-01-01,1.0,0.0,0.0,1
c0a1179b-b14a-4d68-a3c1-1fdab16ed602,cf15719f-51f9-4db8-a15d-5eed9664ce69,1,0.166667,2007-01-01,2007-01-01,1.0,0.0,0.0,1
2a07c922-877d-4f6a-a51b-a04d1c2bb9df,8a585c55-140c-4c99-a8a2-fa3128319123,2,0.114286,2023-05-22,2023-05-30,1.0,1.0,0.0,0
2a07c922-877d-4f6a-a51b-a04d1c2bb9df,93647349-bcda-474a-9a89-327047362acd,1,0.066667,2023-05-22,2023-05-22,1.0,1.0,0.0,0
2a07c922-877d-4f6a-a51b-a04d1c2bb9df,b78b5783-e814-4ce2-bb8e-9e3a2b4f7354,2,0.114286,2023-05-22,2023-05-30,1.0,1.0,0.0,0
2a07c922-877d-4f6a-a51b-a04d1c2bb9df,dc0a3c08-5d4c-4b7a-9493-0ade7b63a290,2,0.114286,2023-05-22,2023-05-30,1.0,1.0,0.0,0
2a07c922-877d-4f6a-a51b-a04d1c2bb9df,f83fc06a-3206-4d6f-be05-6dd5ec6a691d,2,0.114286,2023-05-22,2023-05-30,1.0,1.0,0.0,0
8a585c55-140c-4c99-a8a2-fa3128319123,93647349-bcda-474a-9a89-327047362acd,1,0.066667,2023-05-22,2023-05-22,1.0,1.0,0.0,0
8a585c55-140c-4c99-a8a2-fa3128319123,b78b5783-e814-4ce2-bb8e-9e3a2b4f7354,2,0.114286,2023-05-22,2023-05-30,1.0,1.0,0.0,0
8a585c55-140c-4c99-a8a2-fa3128319123,dc0a3c08-5d4c-4b7a-9493-0ade7b63a290,2,0.114286,2023-05-22,2023-05-30,1.0,1.0,0.0,0
8a585c55-140c-4c99-a8a2-fa3128319123,f83fc06a-3206-4d6f-be05-6dd5ec6a691d,2,0.114286,2023-05-22,2023-05-30,1.0,1.0,0.0,0
93647349-bcda-474a-9a89-327047362acd,b78b5783-e814-4ce2-bb8e-9e3a2b4f7354,1,0.066667,2023-05-22,2023-05-22,1.0,1.0,0.0,0
93647349-bcda-474a-9a89-327047362acd,dc0a3c08-5d4c-4b7a-9493-0ade7b63a290,2,0.166667,2020-09-16,2023-05-22,1.0,1.0,0.0,0
93647349-bcda-474a-9a89-327047362acd,f83fc06a-3206-4d6f-be05-6dd5ec6a691d,1,0.066667,2023-05-22,2023-05-22,1.0,1.0,0.0,0
b78b5783-e814-4ce2-bb8e-9e3a2b4f7354,dc0a3c08-5d4c-4b7a-9493-0ade7b63a290,2,0.114286,2023-05-22,2023-05-30,1.0,1.0,0.0,0
b78b5783-e814-4ce2-bb8e-9e3a2b4f7354,f83fc06a-3206-4d6f-be05-6dd5ec6a691d,2,0.114286,2023-05-22,2023-05-30,1.0,1.0,0.0,0
dc0a3c08-5d4c-4b7a-9493-0ade7b63a290,f83fc06a-3206-4d6f-be05-6dd5ec6a691d,2,0.114286,2023-05-22,2023-05-30,1.0,1.0,0.0,0
f2215143-d7db-4cf0-9cd4-b0040eb63cbd,f83fc06a-3206-4d6f-be05-6dd5ec6a691d,1,1.0,2023-05-25,2023-05-25,1.0,1.0,0.0,0
2a07c922-877d-4f6a-a51b-a04d1c2bb9df,2def90b4-54a2-40d5-abaf-529ee4db2da6,1,0.047619,2023-05-30,2023-05-30,1.0,0.5,0.0,0
2a07c922-877d-4f6a-a51b-a04d1c2bb9df,711cf846-2944-477d-b841-4189792d25b4,1,0.047619,2023-05-30,2023-05-30,1.0,0.5,0.0,0
2def90b4-54a2-40d5-abaf-529ee4db2da6,711cf846-2944-477d-b841-4189792d25b4,1,0.047619,2023-05-30,2023-05-30,1.0,1.0,0.0,0
2def90b4-54a2-40d5-abaf-529ee4db2da6,8a585c55-140c-4c99-a8a2-fa3128319123,1,0.047619,2023-05-30,2023-05-30,1.0,0.5,0.0,0
2def90b4-54a2-40d5-abaf-529ee4db2da6,b78b5783-e814-4ce2-bb8e-9e3a2b4f7354,1,0.047619,2023-05-30,2023-05-30,1.0,0.5,0.0,0
2def90b4-54a2-40d5-abaf-529ee4db2da6,dc0a3c08-5d4c-4b7a-9493-0ade7b63a290,1,0.047619,2023-05-30,2023-05-30,1.0,0.5,0.0,0
2def90b4-54a2-40d5-abaf-529ee4db2da6,f83fc06a-3206-4d6f-be05-6dd5ec6a691d,1,0.047619,2023-05-30,2023-05-30,1.0,0.5,0.0,0
711cf846-2944-477d-b841-4189792d25b4,8a585c55-140c-4c99-a8a2-fa3128319123,1,0.047619,2023-05-30,2023-05-30,1.0,0.5,0.0,0
711cf846-2944-477d-b841-4189792d25b4,b78b5783-e814-4ce2-bb8e-9e3a2b4f7354,1,0.047619,2023-05-30,2023-05-30,1.0,0.5,0.0,0
711cf846-2944-477d-b841-4189792d25b4,dc0a3c08-5d4c-4b7a-9493-0ade7b63a290,1,0.047619,2023-05-30,2023-05-30,1.0,0.5,0.0,0
711cf846-2944-477d-b841-4189792d25b4,f83fc06a-3206-4d6f-be05-6dd5ec6a691d,1,0.047619,2023-05-30,2023-05-30,1.0,0.5,0.0,0
75e4f8ef-34c3-44fd-8467-88a7d9599f77,93ebf0f5-6c34-4e3f-9d03-107c05ba6183,2,1.333333,2023-05-26,2023-06-30,1.0,0.5,0.0,0
75e4f8ef-34c3-44fd-8467-88a7d9599f77,a9d44a1b-d434-4181-af20-6aa8a2401157,1,0.333333,2023-05-26,2023-05-26,1.0,0.5,0.0,0
93ebf0f5-6c34-4e3f-9d03-107c05ba6183,a9d44a1b-d434-4181-af20-6aa8a2401157,1,0.333333,2023-05-26,2023-05-26,1.0,1.0,0.0,0
11fb18de-7404-44e1-82c4-ba0045a7502e,3578ccb9-0f63-41bd-819c-d50eba6aa2c4,1,0.1,1998-01-01,1998-01-01,1.0,1.0,0.0,0
11fb18de-7404-44e1-82c4-ba0045a7502e,4e931bf6-1ace-44c7-ab86-236b558e252d,1,0.1,1998-01-01,1998-01-01,1.0,1.0,0.0,0
11fb18de-7404-44e1-82c4-ba0045a7502e,8d455809-96b3-4bb6-8829-ea4beb580d35,1,0.1,1998-01-01,1998-01-01,1.0,0.2,0.0,1
11fb18de-7404-44e1-82c4-ba0045a7502e,fc1af852-a975-45cd-a4cc-a952babba4f0,1,0.1,1998-01-01,1998-01-01,1.0,1.0,0.0,0
3578ccb9-0f63-41bd-819c-d50eba6aa2c4,4e931bf6-1ace-44c7-ab86-236b558e252d,1,0.1,1998-01-01,1998-01-01,1.0,1.0,0.0,0
3578ccb9-0f63-41bd-819c-d50eba6aa2c4,8d455809-96b3-4bb6-8829-ea4beb580d35,1,0.1,1998-01-01,1998-01-01,1.0,0.2,0.0,1
3578ccb9-0f63-41bd-819c-d50eba6aa2c4,fc1af852-a975-45cd-a4cc-a952babba4f0,1,0.1,1998-01-01,1998-01-01,1.0,1.0,0.0,0
4e931bf6-1ace-44c7-ab86-236b558e252d,8d455809-96b3-4bb6-8829-ea4beb580d35,1,0.1,1998-01-01,1998-01-01,1.0,0.2,0.0,1
4e931bf6-1ace-44c7-ab86-236b558e252d,fc1af852-a975-45cd-a4cc-a952babba4f0,1,0.1,1998-01-01,1998-01-01,1.0,1.0,0.0,0
8d455809-96b3-4bb6-8829-ea4beb580d35,fc1af852-a975-45cd-a4cc-a952babba4f0,1,0.1,1998-01-01,1998-01-01,1.0,0.2,0.0,1
035bc391-d7dd-4a68-8321-fa1e02697fc8,9b80e411-7ef4-4654-8d04-8696345e8879,1,1.0,2000-01-01,2000-01-01,1.0,0.5,0.0,0
c77eeb53-4c6d-47cb-8eb2-70393d3f4854,db8d33d1-80b3-47c0-a71c-cffdf227521e,1,0.333333,2002-04-03,2002-04-03,1.0,0.333333,0.0,1
c77eeb53-4c6d-47cb-8eb2-70393d3f4854,e1df91b3-20af-436a-9135-b3265147684f,2,1.333333,2002-04-03,2002-04-03,1.0,1.0,0.0,0
db8d33d1-80b3-47c0-a71c-cffdf227521e,e1df91b3-20af-436a-9135-b3265147684f,1,0.333333,2002-04-03,2002-04-03,1.0,0.333333,0.0,1
21551f7d-93f2-4cb7-ba71-7f260058e923,926a00d3-2dad-4153-a61f-8a256bfcf8c6,1,1.0,1982-01-01,1982-01-01,1.0,1.0,0.0,0
70248960-cb53-4ea4-943a-edb18f7d336f,af37c51c-0790-4a29-b995-456f98a6b8c9,1,1.0,1984-01-01,1984-01-01,1.0,0.2,0.272727,1
1c5efd53-d6b6-4d63-9d22-a15025cf5f07,4c45495f-b9f3-4d03-9fac-d44c8a77f5de,1,0.166667,1984-01-01,1984-01-01,1.0,0.5,0.0,0
1c5efd53-d6b6-4d63-9d22-a15025cf5f07,68c34082-c1d5-4399-af9b-3921ca0a6a1f,1,0.166667,1984-01-01,1984-01-01,1.0,0.75,0.0,0
1c5efd53-d6b6-4d63-9d22-a15025cf5f07,e2190b35-1181-44f6-8587-4c04123a6f30,1,0.166667,1984-01-01,1984-01-01,1.0,0.5,0.0,0
19dccaac-efa8-413f-9042-28006792e0f2,8aa5b65a-5b3c-4029-92bf-47a544356934,1,0.166667,1980-01-01,1980-01-01,1.0,0.222222,0.125,1
19dccaac-efa8-413f-9042-28006792e0f2,af49ecbb-a0b9-4805-9cec-f97eac794c81,1,0.166667,1980-01-01,1980-01-01,1.0,1.0,1.0,0
19dccaac-efa8-413f-9042-28006792e0f2,d530dbf9-69b1-404f-98f2-0431104f5a1e,1,0.166667,1980-01-01,1980-01-01,1.0,0.2,1.0,0
8aa5b65a-5b3c-4029-92bf-47a544356934,af49ecbb-a0b9-4805-9cec-f97eac794c81,1,0.166667,1980-01-01,1980-01-01,1.0,0.222222,0.125,1
8aa5b65a-5b3c-4029-92bf-47a544356934,d530dbf9-69b1-404f-98f2-0431104f5a1e,1,0.166667,1980-01-01,1980-01-01,1.0,0.3,0.125,1
af49ecbb-a0b9-4805-9cec-f97eac794c81,d530dbf9-69b1-404f-98f2-0431104f5a1e,1,0.166667,1980-01-01,1980-01-01,1.0,0.2,1.0,0
28f344b7-2261-4bbe-8ce9-a8a31b7fd635,d530dbf9-69b1-404f-98f2-0431104f5a1e,1,0.166667,1980-01-01,1980-01-01,1.0,0.0,0.0,1
28f344b7-2261-4bbe-8ce9-a8a31b7fd635,d9b5ba88-b57b-43d6-9ff1-51f53cbbf815,1,0.166667,1980-01-01,1980-01-01,1.0,1.0,0.0,0
28f344b7-2261-4bbe-8ce9-a8a31b7fd635,e3ea6186-7523-48de-8437-bac91bc47829,1,0.166667,1980-01-01,1980-01-01,1.0,1.0,0.0,0
d530dbf9-69b1-404f-98f2-0431104f5a1e,d9b5ba88-b57b-43d6-9ff1-51f53cbbf815,1,0.166667,1980-01-01,1980-01-01,1.0,0.0,0.0,1
d530dbf9-69b1-404f-98f2-0431104f5a1e,e3ea6186-7523-48de-8437-bac91bc47829,1,0.166667,1980-01-01,1980-01-01,1.0,0.0,0.0,1
d9b5ba88-b57b-43d6-9ff1-51f53cbbf815,e3ea6186-7523-48de-8437-bac91bc47829,1,0.166667,1980-01-01,1980-01-01,1.0,1.0,0.0,0
0f550ce5-470b-46e4-a199-0a7e7ab553dd,4b3392b5-704e-461e-95a3-da8e94c9d4e0,1,0.333333,2003-12-01,2003-12-01,1.0,0.0,0.0,1
0f550ce5-470b-46e4-a199-0a7e7ab553dd,e1d6c52e-55e1-403e-a2cc-50b07362198e,1,0.333333,2003-12-01,2003-12-01,1.0,1.0,0.0,0
4b3392b5-704e-461e-95a3-da8e94c9d4e0,e1d6c52e-55e1-403e-a2cc-50b07362198e,1,0.333333,2003-12-01,2003-12-01,1.0,0.0,0.0,1
4d5447d7-c61c-4120-ba1b-d7f471d385b9,e9aed5e5-ed35-4244-872e-194862290295,1,0.333333,1967-01-01,1967-01-01,1.0,0.214286,0.0,1
ba550d0e-adac-4864-b88b-407cab5e76af,e9aed5e5-ed35-4244-872e-194862290295,1,0.333333,1967-01-01,1967-01-01,1.0,0.227273,0.0,1
4490113a-3880-4f5b-a39b-105bfceaed04,b7f2cca2-72c6-41fb-ae33-53370fc62fe7,1,0.1,1971-01-01,1971-01-01,1.0,0.090909,0.0,1
519774a4-3b18-4042-b8c0-927845a616c9,b7f2cca2-72c6-41fb-ae33-53370fc62fe7,1,0.1,1971-01-01,1971-01-01,0.629761,0.181818,0.125,1
9c2b375c-ce68-44a8-90ac-e06b177f43f9,b7f2cca2-72c6-41fb-ae33-53370fc62fe7,1,0.1,1971-01-01,1971-01-01,1.0,0.181818,0.0,1
b7f2cca2-72c6-41fb-ae33-53370fc62fe7,bd53f9a7-8be9-46b0-bf7d-1deea3cb57bc,1,0.1,1971-01-01,1971-01-01,0.629761,0.181818,0.125,1
5fc55ebf-21bd-4eda-954c-dd250132331e,6a3cf2b0-b60f-4cc0-805b-730e1f33f505,1,0.166667,2019-11-22,2019-11-22,1.0,0.2,0.0,1
5fc55ebf-21bd-4eda-954c-dd250132331e,8032cf05-d916-4b2a-9c53-6e75d4a24bd8,1,0.166667,2019-11-22,2019-11-22,1.0,0.666667,0.0,0
5fc55ebf-21bd-4eda-954c-dd250132331e,d594304b-5903-46e2-ac82-7f6126cb55e8,1,0.166667,2019-11-22,2019-11-22,1.0,0.2,0.0,1
2bee95a7-1c0e-4b3c-99a5-4857d9d776dd,3bb29637-4184-490d-92f8-a9b45ffc5ebd,1,0.333333,2003-01-01,2003-01-01,1.0,0.125,0.0,1
2bee95a7-1c0e-4b3c-99a5-4857d9d776dd,dab79852-9a79-4d03-8d32-80de3cedadba,1,0.333333,2003-01-01,2003-01-01,1.0,0.125,0.0,1
3bb29637-4184-490d-92f8-a9b45ffc5ebd,dab79852-9a79-4d03-8d32-80de3cedadba,1,0.333333,2003-01-01,2003-01-01,1.0,1.0,0.0,0
8b98035f-fbd2-4fb3-9c2f-263c7506680d,afac07f5-d4aa-43f4-bad3-6bc2bb474cba,1,1.0,1967-09-15,1967-09-15,1.0,0.285714,0.0,1
0f50beab-d77d-4f0f-ac26-0b87d3e9b11b,777a21a8-0d0f-4cf3-86b4-65bc0eba5649,1,0.333333,1979-01-01,1979-01-01,1.0,0.4,1.0,0
1dce970e-34bc-48b2-ab51-48d87544a4c2,777a21a8-0d0f-4cf3-86b4-65bc0eba5649,1,0.333333,1979-01-01,1979-01-01,1.0,0.25,1.0,0
269340a7-0a24-4827-86af-550fc6ae6322,b12d76e2-4933-4e37-8b7a-0b317f69c8a1,1,1.0,1981-01-01,1981-01-01,1.0,0.0,0.0,1
32673e42-5ba2-4528-b3fe-a000a0c606e3,38474d18-9204-4f60-a137-1fcc6750b869,1,1.0,1983-01-01,1983-01-01,1.0,0.111111,0.0,1
2882ffa3-dec9-4055-a842-a950728bcb02,bb2b7bbf-75e5-43f8-8a9f-7769ae7d832a,1,0.333333,1965-01-01,1965-01-01,0.024803,0.2,0.6,0
41f5d2cd-672b-460e-8ab6-e29db2f1e088,bb2b7bbf-75e5-43f8-8a9f-7769ae7d832a,1,0.333333,1965-01-01,1965-01-01,0.39685,0.0,0.75,0
83d3cc07-60e7-4139-b5f0-3cda9f5aa99b,b4d32cff-f19e-455f-86c4-f347d824ca61,1,0.1,1968-01-01,1968-01-01,0.499921,0.0,0.125,1
b4d32cff-f19e-455f-86c4-f347d824ca61,b553f0ad-4543-46f2-88ea-1dc94a11c91a,1,0.1,1968-01-01,1968-01-01,0.499921,0.0,0.125,1
b4d32cff-f19e-455f-86c4-f347d824ca61,c6619f89-5454-4e2d-aa19-b5596ba3b4c6,1,0.1,1968-01-01,1968-01-01,0.499921,0.0,0.125,1
b4d32cff-f19e-455f-86c4-f347d824ca61,fe93a178-183a-42c9-b3c7-53102b8c724d,1,0.1,1968-01-01,1968-01-01,0.499921,0.0,0.125,1
4ae36ade-1798-48c4-b06b-cc68b7d3d83f,e7c8472a-a21d-4fef-a73f-8ce730d02ed3,2,1.333333,2012-01-01,2012-01-01,1.0,0.071429,0.0,1
4ae36ade-1798-48c4-b06b-cc68b7d3d83f,c47284ed-a62a-4776-a468-6dec83ef1b32,1,0.333333,2012-01-01,2012-01-01,1.0,0.071429,0.0,1
c47284ed-a62a-4776-a468-6dec83ef1b32,e7c8472a-a21d-4fef-a73f-8ce730d02ed3,1,0.333333,2012-01-01,2012-01-01,1.0,0.0,0.0,1
4ae36ade-1798-48c4-b06b-cc68b7d3d83f,56c4b861-0922-4c3a-a9b9-3bfcb00f8274,1,0.166667,2012-10-02,2012-10-02,1.0,0.5625,0.0,0
4ae36ade-1798-48c4-b06b-cc68b7d3d83f,bd01c9d7-89dd-4cb4-9baa-a43bfa292bed,1,0.166667,2012-10-02,2012-10-02,1.0,0.071429,0.0,1
4ae36ade-1798-48c4-b06b-cc68b7d3d83f,f387841c-9bc7-47e9-b78b-6fb7834ac71f,1,0.166667,2012-10-02,2012-10-02,1.0,0.071429,0.0,1
56c4b861-0922-4c3a-a9b9-3bfcb00f8274,bd01c9d7-89dd-4cb4-9baa-a43bfa292bed,1,0.166667,2012-10-02,2012-10-02,1.0,0.090909,0.0,1
56c4b861-0922-4c3a-a9b9-3bfcb00f8274,f387841c-9bc7-47e9-b78b-6fb7834ac71f,1,0.166667,2012-10-02,2012-10-02,1.0,0.090909,0.0,1
bd01c9d7-89dd-4cb4-9baa-a43bfa292bed,f387841c-9bc7-47e9-b78b-6fb7834ac71f,1,0.166667,2012-10-02,2012-10-02,1.0,1.0,0.0,0
360072f9-b469-4ede-a13b-feb403ec0d7f,4ae36ade-1798-48c4-b06b-cc68b7d3d83f,1,0.333333,2013-08-21,2013-08-21,1.0,0.071429,0.0,1
360072f9-b469-4ede-a13b-feb403ec0d7f,9c802738-0e1c-4494-9458-0a4e6920755f,1,0.333333,2013-08-21,2013-08-21,1.0,0.0,0.0,1
4ae36ade-1798-48c4-b06b-cc68b7d3d83f,9c802738-0e1c-4494-9458-0a4e6920755f,1,0.333333,2013-08-21,2013-08-21,1.0,0.071429,0.0,1
2eb55bd9-cfbf-44fd-a5da-92dd825284c7,4d5447d7-c61c-4120-ba1b-d7f471d385b9,1,0.333333,1965-01-01,1965-01-01,1.0,0.153846,0.0,1
2eb55bd9-cfbf-44fd-a5da-92dd825284c7,ba550d0e-adac-4864-b88b-407cab5e76af,1,0.333333,1965-01-01,1965-01-01,1.0,0.136364,0.0,1
4b68c65a-8cb5-4c03-bb58-c1b1cf5eced1,d62614aa-ef2c-44cd-8a7b-91292755a1d0,1,0.333333,1972-01-01,1972-01-01,1.0,0.142857,1.0,0
4b68c65a-8cb5-4c03-bb58-c1b1cf5eced1,d74e306c-14fe-4816-a821-b2ec554f9edb,1,0.333333,1972-01-01,1972-01-01,1.0,0.0,1.0,0
d62614aa-ef2c-44cd-8a7b-91292755a1d0,d74e306c-14fe-4816-a821-b2ec554f9edb,1,0.333333,1972-01-01,1972-01-01,1.0,0.142857,1.0,0
74037cd6-174d-4b62-9581-096da221c066,78464651-0f74-4129-98d8-d79029c71a05,1,0.333333,1985-01-01,1985-01-01,1.0,1.0,0.0,0
74037cd6-174d-4b62-9581-096da221c066,dcd95aa4-f3ff-492d-a621-8518ada0f58b,1,0.333333,1985-01-01,1985-01-01,1.0,0.5,0.0,0
78464651-0f74-4129-98d8-d79029c71a05,dcd95aa4-f3ff-492d-a621-8518ada0f58b,1,0.333333,1985-01-01,1985-01-01,1.0,0.5,0.0,0
31ce0981-df2b-4c9a-b2e1-bcf47333245b,373a4c98-a46b-48e4-86ec-f6ca65b4f438,1,0.333333,1970-01-01,1970-01-01,1.0,0.111111,1.0,0
31ce0981-df2b-4c9a-b2e1-bcf47333245b,3f6ae36d-ffdb-40cf-98e6-8023cb1c41c9,1,0.333333,1970-01-01,1970-01-01,1.0,1.0,1.0,0
373a4c98-a46b-48e4-86ec-f6ca65b4f438,3f6ae36d-ffdb-40cf-98e6-8023cb1c41c9,1,0.333333,1970-01-01,1970-01-01,1.0,0.111111,1.0,0
03f97204-818e-45e0-b3d5-1108a52789ba,e34e41f2-f480-45d3-8190-a3ce5ab34fab,1,0.333333,1968-08-01,1968-08-01,1.0,0.166667,0.0,1
03f97204-818e-45e0-b3d5-1108a52789ba,f47e95aa-2228-4122-858d-4bcb1506057c,1,0.333333,1968-08-01,1968-08-01,1.0,1.0,0.0,0
e34e41f2-f480-45d3-8190-a3ce5ab34fab,f47e95aa-2228-4122-858d-4bcb1506057c,1,0.333333,1968-08-01,1968-08-01,1.0,0.166667,0.0,1
1129817c-488a-4096-80c1-77fc1b107c93,c20ee61f-071f-4e65-9c81-45ee931a54ce,1,1.0,1988-01-01,1988-01-01,1.0,0.4,1.0,0
372304d0-5e6a-4030-bc2b-09bdb0ee8abb,37ed89f2-c1e4-4836-8f68-190014a48034,1,0.166667,1989-01-01,1989-01-01,1.0,1.0,0.0,0
372304d0-5e6a-4030-bc2b-09bdb0ee8abb,c20ee61f-071f-4e65-9c81-45ee931a54ce,1,0.166667,1989-01-01,1989-01-01,1.0,0.6,0.0,0
37ed89f2-c1e4-4836-8f68-190014a48034,5ca3f318-d028-4151-ac73-78e2b2d6cdcc,1,0.166667,1989-01-01,1989-01-01,1.0,0.333333,0.0,1
37ed89f2-c1e4-4836-8f68-190014a48034,c20ee61f-071f-4e65-9c81-45ee931a54ce,1,0.166667,1989-01-01,1989-01-01,1.0,0.6,0.0,0
5ca3f318-d028-4151-ac73-78e2b2d6cdcc,c20ee61f-071f-4e65-9c81-45ee931a54ce,1,0.166667,1989-01-01,1989-01-01,1.0,0.2,0.0,1
7999a8a1-6cbd-4453-8dd4-ebd03a10e44f,d1c0aa8e-e1f6-4299-a52c-64d728f263d1,1,1.0,2021-07-09,2021-07-09,1.0,0.090909,0.0,1
36d1c657-7b0e-4578-a4ce-916ec61307ba,f80f697c-823a-4f23-901e-90769c660ee3,1,1.0,1973-01-01,1973-01-01,1.0,1.0,1.0,0
1138a764-2212-4d0a-b02d-0dc14df91e08,2282c539-05a2-477c-82b7-fe40798d37f3,1,1.0,2003-01-01,2003-01-01,1.0,0.2,0.0,1
3c5abd66-7e1f-4124-b00f-192984a2ab30,6ee43bdc-02ba-4cfe-89b9-57dab37cb87c,1,0.035714,2016-04-05,2016-04-05,1.0,1.0,1.0,0
3c5abd66-7e1f-4124-b00f-192984a2ab30,9759df23-f2a5-4887-8926-e62ef15d7e6c,1,0.035714,2016-04-05,2016-04-05,1.0,1.0,1.0,0
3c5abd66-7e1f-4124-b00f-192984a2ab30,b1cfbd77-bda6-4de8-a344-eb2f26c4f1ef,1,0.035714,2016-04-05,2016-04-05,1.0,1.0,1.0,0
3c5abd66-7e1f-4124-b00f-192984a2ab30,e6e40e74-7a0b-4afd-a898-9f23176d75a8,1,0.035714,2016-04-05,2016-04-05,1.0,1.0,1.0,0
3c5abd66-7e1f-4124-b00f-192984a2ab30,efc5d365-a448-4e2f-9b5f-4a7c84be725c,1,0.035714,2016-04-05,2016-04-05,1.0,1.0,1.0,0
3c5abd66-7e1f-4124-b00f-192984a2ab30,f2651b63-a44d-4d1d-ba64-d981d971ecd1,1,0.035714,2016-04-05,2016-04-05,1.0,0.333333,1.0,0
6ee43bdc-02ba-4cfe-89b9-57dab37cb87c,9759df23-f2a5-4887-8926-e62ef15d7e6c,1,0.035714,2016-04-05,2016-04-05,1.0,1.0,1.0,0
6ee43bdc-02ba-4cfe-89b9-57dab37cb87c,9fff2f8a-21e6-47de-a2b8-7f449929d43f,1,0.035714,2016-04-05,2016-04-05,1.0,0.125,1.0,0
6ee43bdc-02ba-4cfe-89b9-57dab37cb87c,b1cfbd77-bda6-4de8-a344-eb2f26c4f1ef,1,0.035714,2016-04-05,2016-04-05,1.0,1.0,1.0,0
6ee43bdc-02ba-4cfe-89b9-57dab37cb87c,e6e40e74-7a0b-4afd-a898-9f23176d75a8,1,0.035714,2016-04-05,2016-04-05,1.0,1.0,1.0,0
6ee43bdc-02ba-4cfe-89b9-57dab37cb87c,efc5d365-a448-4e2f-9b5f-4a7c84be725c,1,0.035714,2016-04-05,2016-04-05,1.0,1.0,1.0,0
6ee43bdc-02ba-4cfe-89b9-57dab37cb87c,f2651b63-a44d-4d1d-ba64-d981d971ecd1,1,0.035714,2016-04-05,2016-04-05,1.0,0.333333,1.0,0
9759df23-f2a5-4887-8926-e62ef15d7e6c,b1cfbd77-bda6-4de8-a344-eb2f26c4f1ef,1,0.035714,2016-04-05,2016-04-05,1.0,1.0,1.0,0
9759df23-f2a5-4887-8926-e62ef15d7e6c,e6e40e74-7a0b-4afd-a898-9f23176d75a8,1,0.035714,2016-04-05,2016-04-05,1.0,1.0,1.0,0
9759df23-f2a5-4887-8926-e62ef15d7e6c,efc5d365-a448-4e2f-9b5f-4a7c84be725c,1,0.035714,2016-04-05,2016-04-05,1.0,1.0,1.0,0
9759df23-f2a5-4887-8926-e62ef15d7e6c,f2651b63-a44d-4d1d-ba64-d981d971ecd1,1,0.035714,2016-04-05,2016-04-05,1.0,0.333333,1.0,0
9fff2f8a-21e6-47de-a2b8-7f449929d43f,b1cfbd77-bda6-4de8-a344-eb2f26c4f1ef,1,0.035714,2016-04-05,2016-04-05,1.0,0.125,1.0,0
9fff2f8a-21e6-47de-a2b8-7f449929d43f,e6e40e74-7a0b-4afd-a898-9f23176d75a8,1,0.035714,2016-04-05,2016-04-05,1.0,0.125,1.0,0
9fff2f8a-21e6-47de-a2b8-7f449929d43f,efc5d365-a448-4e2f-9b5f-4a7c84be725c,1,0.035714,2016-04-05,2016-04-05,1.0,0.125,1.0,0
9fff2f8a-21e6-47de-a2b8-7f449929d43f,f2651b63-a44d-4d1d-ba64-d981d971ecd1,1,0.035714,2016-04-05,2016-04-05,0.626979,0.375,1.0,0
b1cfbd77-bda6-4de8-a344-eb2f26c4f1ef,e6e40e74-7a0b-4afd-a898-9f23176d75a8,1,0.035714,2016-04-05,2016-04-05,1.0,1.0,1.0,0
b1cfbd77-bda6-4de8-a344-eb2f26c4f1ef,efc5d365-a448-4e2f-9b5f-4a7c84be725c,1,0.035714,2016-04-05,2016-04-05,1.0,1.0,1.0,0
b1cfbd77-bda6-4de8-a344-eb2f26c4f1ef,f2651b63-a44d-4d1d-ba64-d981d971ecd1,1,0.035714,2016-04-05,2016-04-05,1.0,0.333333,1.0,0
e6e40e74-7a0b-4afd-a898-9f23176d75a8,efc5d365-a448-4e2f-9b5f-4a7c84be725c,1,0.035714,2016-04-05,2016-04-05,1.0,1.0,1.0,0
e6e40e74-7a0b-4afd-a898-9f23176d75a8,f2651b63-a44d-4d1d-ba64-d981d971ecd1,1,0.035714,2016-04-05,2016-04-05,1.0,0.333333,1.0,0
efc5d365-a448-4e2f-9b5f-4a7c84be725c,f2651b63-a44d-4d1d-ba64-d981d971ecd1,1,0.035714,2016-04-05,2016-04-05,1.0,0.333333,1.0,0
0a96553f-8003-45dc-adf9-d38ed61bf941,2f3c4d70-0462-40da-bba3-0aec5772c556,1,0.027778,2018-01-01,2018-01-01,1.0,0.2,0.0,1
0a96553f-8003-45dc-adf9-d38ed61bf941,31445b1e-96f3-4c7f-84ec-dd02e647e690,1,0.027778,2018-01-01,2018-01-01,1.0,1.0,0.0,0
0a96553f-8003-45dc-adf9-d38ed61bf941,56505b4e-efa3-4721-853f-20dcdebe4431,1,0.027778,2018-01-01,2018-01-01,1.0,1.0,0.0,0
0a96553f-8003-45dc-adf9-d38ed61bf941,5a69d52e-e9ac-40cf-8b94-d2576c66ef85,1,0.027778,2018-01-01,2018-01-01,1.0,1.0,0.0,0
0a96553f-8003-45dc-adf9-d38ed61bf941,bc4cc656-f03a-493a-b250-6afaa4cd7418,1,0.027778,2018-01-01,2018-01-01,1.0,1.0,0.0,0
0a96553f-8003-45dc-adf9-d38ed61bf941,e4bc69e2-a064-4f93-ada1-f7f209cc1cc3,1,0.027778,2018-01-01,2018-01-01,1.0,0.142857,0.0,1
0a96553f-8003-45dc-adf9-d38ed61bf941,e5c9209e-be5e-44e6-a154-f3b2dfe71794,1,0.027778,2018-01-01,2018-01-01,1.0,1.0,0.0,0
0a96553f-8003-45dc-adf9-d38ed61bf941,f2651b63-a44d-4d1d-ba64-d981d971ecd1,1,0.027778,2018-01-01,2018-01-01,1.0,0.333333,0.0,1
2f3c4d70-0462-40da-bba3-0aec5772c556,31445b1e-96f3-4c7f-84ec-dd02e647e690,1,0.027778,2018-01-01,2018-01-01,1.0,0.2,0.0,1
2f3c4d70-0462-40da-bba3-0aec5772c556,56505b4e-efa3-4721-853f-20dcdebe4431,1,0.027778,2018-01-01,2018-01-01,1.0,0.2,0.0,1
2f3c4d70-0462-40da-bba3-0aec5772c556,5a69d52e-e9ac-40cf-8b94-d2576c66ef85,1,0.027778,2018-01-01,2018-01-01,1.0,0.2,0.0,1
2f3c4d70-0462-40da-bba3-0aec5772c556,e4bc69e2-a064-4f93-ada1-f7f209cc1cc3,1,0.027778,2018-01-01,2018-01-01,1.0,0.714286,0.142857,0
2f3c4d70-0462-40da-bba3-0aec5772c556,e5c9209e-be5e-44e6-a154-f3b2dfe71794,1,0.027778,2018-01-01,2018-01-01,1.0,0.2,0.0,1
2f3c4d70-0462-40da-bba3-0aec5772c556,f2651b63-a44d-4d1d-ba64-d981d971ecd1,1,0.027778,2018-01-01,2018-01-01,1.0,0.6,0.0,0
31445b1e-96f3-4c7f-84ec-dd02e647e690,56505b4e-efa3-4721-853f-20dcdebe4431,1,0.027778,2018-01-01,2018-01-01,1.0,1.0,0.0,0
31445b1e-96f3-4c7f-84ec-dd02e647e690,5a69d52e-e9ac-40cf-8b94-d2576c66ef85,1,0.027778,2018-01-01,2018-01-01,1.0,1.0,0.0,0
31445b1e-96f3-4c7f-84ec-dd02e647e690,bc4cc656-f03a-493a-b250-6afaa4cd7418,1,0.027778,2018-01-01,2018-01-01,1.0,1.0,0.0,0
31445b1e-96f3-4c7f-84ec-dd02e647e690,e4bc69e2-a064-4f93-ada1-f7f209cc1cc3,1,0.027778,2018-01-01,2018-01-01,1.0,0.142857,0.0,1
31445b1e-96f3-4c7f-84ec-dd02e647e690,e5c9209e-be5e-44e6-a154-f3b2dfe71794,1,0.027778,2018-01-01,2018-01-01,1.0,1.0,0.0,0
31445b1e-96f3-4c7f-84ec-dd02e647e690,f2651b63-a44d-4d1d-ba64-d981d971ecd1,1,0.027778,2018-01-01,2018-01-01,1.0,0.333333,0.0,1
56505b4e-efa3-4721-853f-20dcdebe4431,5a69d52e-e9ac-40cf-8b94-d2576c66ef85,1,0.027778,2018-01-01,2018-01-01,1.0,1.0,0.0,0
56505b4e-efa3-4721-853f-20dcdebe4431,bc4cc656-f03a-493a-b250-6afaa4cd7418,1,0.027778,2018-01-01,2018-01-01,1.0,1.0,0.0,0
56505b4e-efa3-4721-853f-20dcdebe4431,e4bc69e2-a064-4f93-ada1-f7f209cc1cc3,1,0.027778,2018-01-01,2018-01-01,1.0,0.142857,0.0,1
56505b4e-efa3-4721-853f-20dcdebe4431,e5c9209e-be5e-44e6-a154-f3b2dfe71794,1,0.027778,2018-01-01,2018-01-01,1.0,1.0,0.0,0
56505b4e-efa3-4721-853f-20dcdebe4431,f2651b63-a44d-4d1d-ba64-d981d971ecd1,1,0.027778,2018-01-01,2018-01-01,1.0,0.333333,0.0,1
5a69d52e-e9ac-40cf-8b94-d2576c66ef85,bc4cc656-f03a-493a-b250-6afaa4cd7418,1,0.027778,2018-01-01,2018-01-01,1.0,1.0,0.0,0
5a69d52e-e9ac-40cf-8b94-d2576c66ef85,e4bc69e2-a064-4f93-ada1-f7f209cc1cc3,1,0.027778,2018-01-01,2018-01-01,1.0,0.142857,0.0,1
5a69d52e-e9ac-40cf-8b94-d2576c66ef85,e5c9209e-be5e-44e6-a154-f3b2dfe71794,1,0.027778,2018-01-01,2018-01-01,1.0,1.0,0.0,0
5a69d52e-e9ac-40cf-8b94-d2576c66ef85,f2651b63-a44d-4d1d-ba64-d981d971ecd1,1,0.027778,2018-01-01,2018-01-01,1.0,0.333333,0.0,1
bc4cc656-f03a-493a-b250-6afaa4cd7418,e4bc69e2-a064-4f93-ada1-f7f209cc1cc3,1,0.027778,2018-01-01,2018-01-01,1.0,0.142857,0.0,1
bc4cc656-f03a-493a-b250-6afaa4cd7418,e5c9209e-be5e-44e6-a154-f3b2dfe71794,1,0.027778,2018-01-01,2018-01-01,1.0,1.0,0.0,0
bc4cc656-f03a-493a-b250-6afaa4cd7418,f2651b63-a44d-4d1d-ba64-d981d971ecd1,1,0.027778,2018-01-01,2018-01-01,1.0,0.333333,0.0,1
e4bc69e2-a064-4f93-ada1-f7f209cc1cc3,e5c9209e-be5e-44e6-a154-f3b2dfe71794,1,0.027778,2018-01-01,2018-01-01,1.0,0.142857,0.0,1
e4bc69e2-a064-4f93-ada1-f7f209cc1cc3,f2651b63-a44d-4d1d-ba64-d981d971ecd1,1,0.027778,2018-01-01,2018-01-01,0.937515,0.428571,0.0,1
e5c9209e-be5e-44e6-a154-f3b2dfe71794,f2651b63-a44d-4d1d-ba64-d981d971ecd1,1,0.027778,2018-01-01,2018-01-01,1.0,0.333333,0.0,1
8970d868-0723-483b-a75b-51088913d3d4,9be7f096-97ec-4615-8957-8d40b5dcbc41,1,1.0,1999-01-01,1999-01-01,1.0,0.125,0.0,1
16456fed-c9f2-4adf-b6ea-97b648c474d2,823bf998-ac87-4025-8825-93718fb4e147,1,1.0,1997-01-01,1997-01-01,1.0,0.333333,0.0,1
69de913c-4959-45b8-bd1c-05bfc20f270c,a2af80a6-b3d9-4727-98cb-9f7146f64bd8,1,0.1,1996-01-01,1996-01-01,1.0,1.0,0.0,0
69de913c-4959-45b8-bd1c-05bfc20f270c,c1a18927-020f-4241-a08c-53d2630473b8,1,0.1,1996-01-01,1996-01-01,1.0,0.5,0.0,0
69de913c-4959-45b8-bd1c-05bfc20f270c,ed76aa76-ccd8-4bff-be1d-b308fef4ef28,1,0.1,1996-01-01,1996-01-01,1.0,1.0,0.0,0
69de913c-4959-45b8-bd1c-05bfc20f270c,fd9ab0b7-7a45-44ee-9d6c-6ae062d82a0e,1,0.1,1996-01-01,1996-01-01,1.0,1.0,0.0,0
a2af80a6-b3d9-4727-98cb-9f7146f64bd8,c1a18927-020f-4241-a08c-53d2630473b8,2,1.1,1996-01-01,1996-01-01,1.0,0.5,0.0,0
a2af80a6-b3d9-4727-98cb-9f7146f64bd8,ed76aa76-ccd8-4bff-be1d-b308fef4ef28,1,0.1,1996-01-01,1996-01-01,1.0,1.0,0.0,0
a2af80a6-b3d9-4727-98cb-9f7146f64bd8,fd9ab0b7-7a45-44ee-9d6c-6ae062d82a0e,1,0.1,1996-01-01,1996-01-01,1.0,1.0,0.0,0
c1a18927-020f-4241-a08c-53d2630473b8,ed76aa76-ccd8-4bff-be1d-b308fef4ef28,1,0.1,1996-01-01,1996-01-01,1.0,0.5,0.0,0
c1a18927-020f-4241-a08c-53d2630473b8,fd9ab0b7-7a45-44ee-9d6c-6ae062d82a0e,1,0.1,1996-01-01,1996-01-01,1.0,0.5,0.0,0
ed76aa76-ccd8-4bff-be1d-b308fef4ef28,fd9ab0b7-7a45-44ee-9d6c-6ae062d82a0e,1,0.1,1996-01-01,1996-01-01,1.0,1.0,0.0,0
03ea7e10-0b02-4437-8846-82ab2335e057,3efc71ea-3594-4510-b2d5-34c14c8687d4,1,0.333333,1996-01-01,1996-01-01,1.0,1.0,0.0,0
03ea7e10-0b02-4437-8846-82ab2335e057,c1a18927-020f-4241-a08c-53d2630473b8,1,0.333333,1996-01-01,1996-01-01,1.0,0.5,0.0,0
3efc71ea-3594-4510-b2d5-34c14c8687d4,91f3e61e-dec2-4b73-b195-a42251fd72b5,1,0.166667,1996-01-01,1996-01-01,1.0,1.0,0.0,0
3efc71ea-3594-4510-b2d5-34c14c8687d4,a0270d23-e6c8-4202-a85f-8cd0a9bb2579,1,0.166667,1996-01-01,1996-01-01,1.0,1.0,0.0,0
91f3e61e-dec2-4b73-b195-a42251fd72b5,a0270d23-e6c8-4202-a85f-8cd0a9bb2579,1,0.166667,1996-01-01,1996-01-01,1.0,1.0,0.0,0
91f3e61e-dec2-4b73-b195-a42251fd72b5,c1a18927-020f-4241-a08c-53d2630473b8,1,0.166667,1996-01-01,1996-01-01,1.0,0.5,0.0,0
a0270d23-e6c8-4202-a85f-8cd0a9bb2579,c1a18927-020f-4241-a08c-53d2630473b8,1,0.166667,1996-01-01,1996-01-01,1.0,0.5,0.0,0
0c41b966-12e8-4c9b-87ea-af47798987b6,87ae83df-6173-40cc-a0f2-bad543faa6aa,1,0.166667,2015-04-14,2015-04-14,0.84727,0.714286,0.0,0
0c41b966-12e8-4c9b-87ea-af47798987b6,8a1c3e7b-e579-416e-bcce-3a782a33dc72,1,0.166667,2015-04-14,2015-04-14,0.84727,0.142857,0.0,1
0c41b966-12e8-4c9b-87ea-af47798987b6,b81b607e-7096-4fb3-ae23-83d12b155c54,1,0.166667,2015-04-14,2015-04-14,1.0,0.142857,0.0,1
87ae83df-6173-40cc-a0f2-bad543faa6aa,8a1c3e7b-e579-416e-bcce-3a782a33dc72,1,0.166667,2015-04-14,2015-04-14,0.408051,0.2,0.0,1
87ae83df-6173-40cc-a0f2-bad543faa6aa,b81b607e-7096-4fb3-ae23-83d12b155c54,1,0.166667,2015-04-14,2015-04-14,1.0,0.2,0.0,1
8a1c3e7b-e579-416e-bcce-3a782a33dc72,b81b607e-7096-4fb3-ae23-83d12b155c54,1,0.166667,2015-04-14,2015-04-14,1.0,1.0,0.0,0
0c41b966-12e8-4c9b-87ea-af47798987b6,3b85c9e2-cb55-4087-91af-6655a8103aec,1,0.047619,2016-01-01,2016-01-01,1.0,0.142857,0.0,1
0c41b966-12e8-4c9b-87ea-af47798987b6,5bb2ca9b-4862-4770-bc64-ceab41d13f5b,1,0.047619,2016-01-01,2016-01-01,1.0,0.142857,0.0,1
0c41b966-12e8-4c9b-87ea-af47798987b6,b2a55d82-85fb-4ae4-885d-f2b96f1a726f,1,0.047619,2016-01-01,2016-01-01,1.0,0.142857,0.0,1
0c41b966-12e8-4c9b-87ea-af47798987b6,d4a112aa-a59a-4225-963a-f61a2eb1df71,1,0.047619,2016-01-01,2016-01-01,1.0,0.142857,0.0,1
0c41b966-12e8-4c9b-87ea-af47798987b6,dbd28983-6bfa-4afc-82af-7898a9e74011,1,0.047619,2016-01-01,2016-01-01,1.0,0.142857,0.0,1
0c41b966-12e8-4c9b-87ea-af47798987b6,f084dc81-1b43-42cc-aeb4-6888b530c66b,1,0.047619,2016-01-01,2016-01-01,1.0,0.142857,0.0,1
3b85c9e2-cb55-4087-91af-6655a8103aec,5bb2ca9b-4862-4770-bc64-ceab41d13f5b,1,0.047619,2016-01-01,2016-01-01,1.0,1.0,0.0,0
3b85c9e2-cb55-4087-91af-6655a8103aec,b2a55d82-85fb-4ae4-885d-f2b96f1a726f,1,0.047619,2016-01-01,2016-01-01,1.0,1.0,0.0,0
3b85c9e2-cb55-4087-91af-6655a8103aec,d4a112aa-a59a-4225-963a-f61a2eb1df71,1,0.047619,2016-01-01,2016-01-01,1.0,1.0,0.0,0
3b85c9e2-cb55-4087-91af-6655a8103aec,dbd28983-6bfa-4afc-82af-7898a9e74011,1,0.047619,2016-01-01,2016-01-01,1.0,1.0,0.0,0
3b85c9e2-cb55-4087-91af-6655a8103aec,f084dc81-1b43-42cc-aeb4-6888b530c66b,1,0.047619,2016-01-01,2016-01-01,1.0,1.0,0.0,0
5bb2ca9b-4862-4770-bc64-ceab41d13f5b,b2a55d82-85fb-4ae4-885d-f2b96f1a726f,1,0.047619,2016-01-01,2016-01-01,1.0,1.0,0.0,0
5bb2ca9b-4862-4770-bc64-ceab41d13f5b,d4a112aa-a59a-4225-963a-f61a2eb1df71,1,0.047619,2016-01-01,2016-01-01,1.0,1.0,0.0,0
5bb2ca9b-4862-4770-bc64-ceab41d13f5b,dbd28983-6bfa-4afc-82af-7898a9e74011,1,0.047619,2016-01-01,2016-01-01,1.0,1.0,0.0,0
5bb2ca9b-4862-4770-bc64-ceab41d13f5b,f084dc81-1b43-42cc-aeb4-6888b530c66b,1,0.047619,2016-01-01,2016-01-01,1.0,1.0,0.0,0
b2a55d82-85fb-4ae4-885d-f2b96f1a726f,d4a112aa-a59a-4225-963a-f61a2eb1df71,1,0.047619,2016-01-01,2016-01-01,1.0,1.0,0.0,0
b2a55d82-85fb-4ae4-885d-f2b96f1a726f,dbd28983-6bfa-4afc-82af-7898a9e74011,1,0.047619,2016-01-01,2016-01-01,1.0,1.0,0.0,0
b2a55d82-85fb-4ae4-885d-f2b96f1a726f,f084dc81-1b43-42cc-aeb4-6888b530c66b,1,0.047619,2016-01-01,2016-01-01,1.0,1.0,0.0,0
d4a112aa-a59a-4225-963a-f61a2eb1df71,dbd28983-6bfa-4afc-82af-7898a9e74011,1,0.047619,2016-01-01,2016-01-01,1.0,1.0,0.0,0
d4a112aa-a59a-4225-963a-f61a2eb1df71,f084dc81-1b43-42cc-aeb4-6888b530c66b,1,0.047619,2016-01-01,2016-01-01,1.0,1.0,0.0,0
dbd28983-6bfa-4afc-82af-7898a9e74011,f084dc81-1b43-42cc-aeb4-6888b530c66b,1,0.047619,2016-01-01,2016-01-01,1.0,1.0,0.0,0
705f04e2-fc5b-41ab-b837-1d850d44084a,bb9128ab-5786-471f-9839-462e6afa5d16,1,0.066667,2020-09-16,2020-09-16,1.0,0.0,0.0,1
705f04e2-fc5b-41ab-b837-1d850d44084a,c01c2efa-01d6-45d0-b8d8-3c6ba29db474,1,0.066667,2020-09-16,2020-09-16,1.0,1.0,0.0,0
705f04e2-fc5b-41ab-b837-1d850d44084a,c37dcec0-48f7-4e35-9a69-cbb81213cd09,1,0.066667,2020-09-16,2020-09-16,1.0,0.0,0.0,1
705f04e2-fc5b-41ab-b837-1d850d44084a,c5b36445-aada-47a0-ab26-1681f948139e,1,0.066667,2020-09-16,2020-09-16,1.0,1.0,0.0,0
705f04e2-fc5b-41ab-b837-1d850d44084a,f7ec7f63-91cb-4dc8-9d2e-01ed242fd088,1,0.066667,2020-09-16,2020-09-16,1.0,0.0,0.0,1
bb9128ab-5786-471f-9839-462e6afa5d16,c01c2efa-01d6-45d0-b8d8-3c6ba29db474,1,0.066667,2020-09-16,2020-09-16,1.0,0.0,0.0,1
bb9128ab-5786-471f-9839-462e6afa5d16,c37dcec0-48f7-4e35-9a69-cbb81213cd09,1,0.066667,2020-09-16,2020-09-16,1.0,1.0,0.0,0
bb9128ab-5786-471f-9839-462e6afa5d16,c5b36445-aada-47a0-ab26-1681f948139e,1,0.066667,2020-09-16,2020-09-16,1.0,0.0,0.0,1
bb9128ab-5786-471f-9839-462e6afa5d16,f7ec7f63-91cb-4dc8-9d2e-01ed242fd088,1,0.066667,2020-09-16,2020-09-16,1.0,1.0,0.0,0
c01c2efa-01d6-45d0-b8d8-3c6ba29db474,c37dcec0-48f7-4e35-9a69-cbb81213cd09,1,0.066667,2020-09-16,2020-09-16,1.0,0.0,0.0,1
c01c2efa-01d6-45d0-b8d8-3c6ba29db474,c5b36445-aada-47a0-ab26-1681f948139e,1,0.066667,2020-09-16,2020-09-16,1.0,1.0,0.0,0
c01c2efa-01d6-45d0-b8d8-3c6ba29db474,f7ec7f63-91cb-4dc8-9d2e-01ed242fd088,1,0.066667,2020-09-16,2020-09-16,1.0,0.0,0.0,1
c37dcec0-48f7-4e35-9a69-cbb81213cd09,c5b36445-aada-47a0-ab26-1681f948139e,1,0.066667,2020-09-16,2020-09-16,1.0,0.0,0.0,1
c37dcec0-48f7-4e35-9a69-cbb81213cd09,f7ec7f63-91cb-4dc8-9d2e-01ed242fd088,1,0.066667,2020-09-16,2020-09-16,1.0,1.0,0.0,0
c5b36445-aada-47a0-ab26-1681f948139e,f7ec7f63-91cb-4dc8-9d2e-01ed242fd088,1,0.066667,2020-09-16,2020-09-16,1.0,0.0,0.0,1
407f2ad5-7f2a-4a03-9be1-199ebb754f0d,705f04e2-fc5b-41ab-b837-1d850d44084a,1,0.1,2020-09-16,2020-09-16,1.0,1.0,0.0,0
407f2ad5-7f2a-4a03-9be1-199ebb754f0d,93647349-bcda-474a-9a89-327047362acd,1,0.1,2020-09-16,2020-09-16,1.0,0.5,0.0,0
407f2ad5-7f2a-4a03-9be1-199ebb754f0d,bc3e2138-d307-4cdc-a555-9d7dd3d5b6d6,1,0.1,2020-09-16,2020-09-16,1.0,0.5,0.0,0
407f2ad5-7f2a-4a03-9be1-199ebb754f0d,dc0a3c08-5d4c-4b7a-9493-0ade7b63a290,1,0.1,2020-09-16,2020-09-16,1.0,0.5,0.0,0
705f04e2-fc5b-41ab-b837-1d850d44084a,93647349-bcda-474a-9a89-327047362acd,1,0.1,2020-09-16,2020-09-16,1.0,0.5,0.0,0
705f04e2-fc5b-41ab-b837-1d850d44084a,bc3e2138-d307-4cdc-a555-9d7dd3d5b6d6,2,0.266667,2020-09-16,2020-09-16,1.0,0.5,0.0,0
705f04e2-fc5b-41ab-b837-1d850d44084a,dc0a3c08-5d4c-4b7a-9493-0ade7b63a290,1,0.1,2020-09-16,2020-09-16,1.0,0.5,0.0,0
93647349-bcda-474a-9a89-327047362acd,bc3e2138-d307-4cdc-a555-9d7dd3d5b6d6,1,0.1,2020-09-16,2020-09-16,1.0,1.0,0.0,0
bc3e2138-d307-4cdc-a555-9d7dd3d5b6d6,dc0a3c08-5d4c-4b7a-9493-0ade7b63a290,1,0.1,2020-09-16,2020-09-16,1.0,1.0,0.0,0
20873fa9-a77c-4a8c-ac50-d679a515ce54,705f04e2-fc5b-41ab-b837-1d850d44084a,1,0.166667,2020-09-16,2020-09-16,1.0,0.5,0.0,0
20873fa9-a77c-4a8c-ac50-d679a515ce54,9d48b201-a6b2-42cf-b6ba-f65203580e32,1,0.166667,2020-09-16,2020-09-16,1.0,1.0,0.0,0
20873fa9-a77c-4a8c-ac50-d679a515ce54,bc3e2138-d307-4cdc-a555-9d7dd3d5b6d6,1,0.166667,2020-09-16,2020-09-16,1.0,1.0,0.0,0
705f04e2-fc5b-41ab-b837-1d850d44084a,9d48b201-a6b2-42cf-b6ba-f65203580e32,1,0.166667,2020-09-16,2020-09-16,1.0,0.5,0.0,0
9d48b201-a6b2-42cf-b6ba-f65203580e32,bc3e2138-d307-4cdc-a555-9d7dd3d5b6d6,1,0.166667,2020-09-16,2020-09-16,1.0,1.0,0.0,0
12a7be61-0a53-4c49-99c1-62fc8e52ffac,56658e8b-5635-4278-bbc8-a532d5a0d4a3,1,0.047619,2020-09-16,2020-09-16,1.0,1.0,0.0,0
12a7be61-0a53-4c49-99c1-62fc8e52ffac,6a07f8c9-eae1-4fed-b379-3ec6354efad1,1,0.047619,2020-09-16,2020-09-16,1.0,1.0,0.0,0
12a7be61-0a53-4c49-99c1-62fc8e52ffac,705f04e2-fc5b-41ab-b837-1d850d44084a,1,0.047619,2020-09-16,2020-09-16,1.0,0.5,0.0,0
12a7be61-0a53-4c49-99c1-62fc8e52ffac,798aa6c3-ce82-4be6-9c9f-c380a4864eca,1,0.047619,2020-09-16,2020-09-16,1.0,1.0,0.0,0
12a7be61-0a53-4c49-99c1-62fc8e52ffac,caa55324-f5b2-40c4-9c5b-52d57d3f772a,1,0.047619,2020-09-16,2020-09-16,1.0,0.5,0.0,0
12a7be61-0a53-4c49-99c1-62fc8e52ffac,ee066f12-9e55-4d52-954a-7876f2fa8ea1,1,0.047619,2020-09-16,2020-09-16,1.0,1.0,0.0,0
56658e8b-5635-4278-bbc8-a532d5a0d4a3,6a07f8c9-eae1-4fed-b379-3ec6354efad1,1,0.047619,2020-09-16,2020-09-16,1.0,1.0,0.0,0
56658e8b-5635-4278-bbc8-a532d5a0d4a3,705f04e2-fc5b-41ab-b837-1d850d44084a,1,0.047619,2020-09-16,2020-09-16,1.0,0.5,0.0,0
56658e8b-5635-4278-bbc8-a532d5a0d4a3,798aa6c3-ce82-4be6-9c9f-c380a4864eca,1,0.047619,2020-09-16,2020-09-16,1.0,1.0,0.0,0
56658e8b-5635-4278-bbc8-a532d5a0d4a3,caa55324-f5b2-40c4-9c5b-52d57d3f772a,1,0.047619,2020-09-16,2020-09-16,1.0,0.5,0.0,0
56658e8b-5635-4278-bbc8-a532d5a0d4a3,ee066f12-9e55-4d52-954a-7876f2fa8ea1,1,0.047619,2020-09-16,2020-09-16,1.0,1.0,0.0,0
6a07f8c9-eae1-4fed-b379-3ec6354efad1,705f04e2-fc5b-41ab-b837-1d850d44084a,1,0.047619,2020-09-16,2020-09-16,1.0,0.5,0.0,0
6a07f8c9-eae1-4fed-b379-3ec6354efad1,798aa6c3-ce82-4be6-9c9f-c380a4864eca,1,0.047619,2020-09-16,2020-09-16,1.0,1.0,0.0,0
6a07f8c9-eae1-4fed-b379-3ec6354efad1,caa55324-f5b2-40c4-9c5b-52d57d3f772a,1,0.047619,2020-09-16,2020-09-16,1.0,0.5,0.0,0
6a07f8c9-eae1-4fed-b379-3ec6354efad1,ee066f12-9e55-4d52-954a-7876f2fa8ea1,1,0.047619,2020-09-16,2020-09-16,1.0,1.0,0.0,0
705f04e2-fc5b-41ab-b837-1d850d44084a,798aa6c3-ce82-4be6-9c9f-c380a4864eca,1,0.047619,2020-09-16,2020-09-16,1.0,0.5,0.0,0
705f04e2-fc5b-41ab-b837-1d850d44084a,caa55324-f5b2-40c4-9c5b-52d57d3f772a,2,0.114286,2020-09-16,2020-09-16,1.0,1.0,0.0,0
705f04e2-fc5b-41ab-b837-1d850d44084a,ee066f12-9e55-4d52-954a-7876f2fa8ea1,1,0.047619,2020-09-16,2020-09-16,1.0,0.5,0.0,0
798aa6c3-ce82-4be6-9c9f-c380a4864eca,caa55324-f5b2-40c4-9c5b-52d57d3f772a,1,0.047619,2020-09-16,2020-09-16,1.0,0.5,0.0,0
798aa6c3-ce82-4be6-9c9f-c380a4864eca,ee066f12-9e55-4d52-954a-7876f2fa8ea1,1,0.047619,2020-09-16,2020-09-16,1.0,1.0,0.0,0
caa55324-f5b2-40c4-9c5b-52d57d3f772a,ee066f12-9e55-4d52-954a-7876f2fa8ea1,1,0.047619,2020-09-16,2020-09-16,1.0,0.5,0.0,0
2d4982a6-b093-41aa-8773-619220ea2812,3e6fba36-756a-4b9b-80cf-31adcdd17072,1,0.066667,2020-09-16,2020-09-16,1.0,1.0,0.0,0
2d4982a6-b093-41aa-8773-619220ea2812,67e676aa-dda3-44e2-8a75-92914feea693,1,0.066667,2020-09-16,2020-09-16,1.0,0.0,0.0,1
2d4982a6-b093-41aa-8773-619220ea2812,705f04e2-fc5b-41ab-b837-1d850d44084a,1,0.066667,2020-09-16,2020-09-16,1.0,1.0,0.0,0
2d4982a6-b093-41aa-8773-619220ea2812,917db695-9ae2-47c1-85ca-5b074e5cbd75,1,0.066667,2020-09-16,2020-09-16,1.0,0.5,0.0,0
2d4982a6-b093-41aa-8773-619220ea2812,caa55324-f5b2-40c4-9c5b-52d57d3f772a,1,0.066667,2020-09-16,2020-09-16,1.0,1.0,0.0,0
3e6fba36-756a-4b9b-80cf-31adcdd17072,67e676aa-dda3-44e2-8a75-92914feea693,1,0.066667,2020-09-16,2020-09-16,1.0,0.0,0.0,1
3e6fba36-756a-4b9b-80cf-31adcdd17072,705f04e2-fc5b-41ab-b837-1d850d44084a,1,0.066667,2020-09-16,2020-09-16,1.0,1.0,0.0,0
3e6fba36-756a-4b9b-80cf-31adcdd17072,917db695-9ae2-47c1-85ca-5b074e5cbd75,1,0.066667,2020-09-16,2020-09-16,1.0,0.5,0.0,0
3e6fba36-756a-4b9b-80cf-31adcdd17072,caa55324-f5b2-40c4-9c5b-52d57d3f772a,1,0.066667,2020-09-16,2020-09-16,1.0,1.0,0.0,0
67e676aa-dda3-44e2-8a75-92914feea693,705f04e2-fc5b-41ab-b837-1d850d44084a,1,0.066667,2020-09-16,2020-09-16,1.0,0.0,0.0,1
67e676aa-dda3-44e2-8a75-92914feea693,917db695-9ae2-47c1-85ca-5b074e5cbd75,1,0.066667,2020-09-16,2020-09-16,1.0,0.5,0.0,0
67e676aa-dda3-44e2-8a75-92914feea693,caa55324-f5b2-40c4-9c5b-52d57d3f772a,1,0.066667,2020-09-16,2020-09-16,1.0,0.0,0.0,1
705f04e2-fc5b-41ab-b837-1d850d44084a,917db695-9ae2-47c1-85ca-5b074e5cbd75,1,0.066667,2020-09-16,2020-09-16,1.0,0.5,0.0,0
917db695-9ae2-47c1-85ca-5b074e5cbd75,caa55324-f5b2-40c4-9c5b-52d57d3f772a,1,0.066667,2020-09-16,2020-09-16,1.0,0.5,0.0,0
4f8ef4a3-40fa-46b5-8773-97686a8424f4,a648b219-bed3-4a0c-b5e3-98ad365da968,1,0.333333,1947-01-01,1947-01-01,1.0,0.5,1.0,0
4f8ef4a3-40fa-46b5-8773-97686a8424f4,ab966c0f-e526-46ae-b492-82c27b87f81f,1,0.333333,1947-01-01,1947-01-01,1.0,0.666667,1.0,0
a648b219-bed3-4a0c-b5e3-98ad365da968,ab966c0f-e526-46ae-b492-82c27b87f81f,1,0.333333,1947-01-01,1947-01-01,1.0,0.333333,1.0,0
23987750-a64d-4241-a147-2213890464a2,b8155f6d-7852-4486-97d9-1b7fdda3fa08,1,1.0,2004-08-15,2004-08-15,1.0,0.125,1.0,0
23987750-a64d-4241-a147-2213890464a2,b539bbba-e41a-49b5-a1e2-c2c90c96642c,1,0.333333,2005-02-16,2005-02-16,1.0,0.125,0.0,1
23987750-a64d-4241-a147-2213890464a2,fa4957d7-0de1-4ffa-bf9f-840a622683e8,1,0.333333,2005-02-16,2005-02-16,1.0,0.125,0.0,1
b539bbba-e41a-49b5-a1e2-c2c90c96642c,fa4957d7-0de1-4ffa-bf9f-840a622683e8,1,0.333333,2005-02-16,2005-02-16,1.0,0.0,0.0,1
80cadd99-f560-41e3-babd-16292bbd248a,e9a9acf3-673e-441a-90a6-8d05e8e1e892,4,2.333333,1990-01-01,1992-08-01,1.0,0.5,0.0,0
5057eba4-da15-45df-9948-8b8899c3b3ee,60c083b5-e3c9-4410-9f9a-0b5f4b4d5c2c,2,0.333333,1991-12-01,1992-08-01,1.0,1.0,0.0,0
5057eba4-da15-45df-9948-8b8899c3b3ee,80cadd99-f560-41e3-babd-16292bbd248a,2,0.333333,1991-12-01,1992-08-01,1.0,0.5,0.0,0
5057eba4-da15-45df-9948-8b8899c3b3ee,e9a9acf3-673e-441a-90a6-8d05e8e1e892,2,0.333333,1991-12-01,1992-08-01,1.0,1.0,0.0,0
60c083b5-e3c9-4410-9f9a-0b5f4b4d5c2c,80cadd99-f560-41e3-babd-16292bbd248a,2,0.333333,1991-12-01,1992-08-01,1.0,0.5,0.0,0
60c083b5-e3c9-4410-9f9a-0b5f4b4d5c2c,e9a9acf3-673e-441a-90a6-8d05e8e1e892,2,0.333333,1991-12-01,1992-08-01,1.0,1.0,0.0,0
9fdaa16b-a6c4-4831-b87c-bc9ca8ce7eaa,fb147b8f-0144-4418-acaa-90b2d9779840,2,2.0,1971-01-01,1971-01-01,1.0,0.0,0.0,1
384d6827-3b17-43bc-acf6-92e618b8ec83,9fdaa16b-a6c4-4831-b87c-bc9ca8ce7eaa,1,1.0,1971-01-01,1971-01-01,1.0,0.0,0.0,1
913b4704-05bf-4e53-b30a-f3bd244ea2ea,b1ee35c4-1363-4f81-9a3b-7d70c6009f81,1,1.0,2018-01-01,2018-01-01,1.0,0.0,0.0,1
149f91ef-1287-46da-9a8e-87fee02f1471,7cb6e306-a75b-48b4-be00-2c4aa6bbe3a8,1,0.166667,2003-01-01,2003-01-01,1.0,0.153846,0.0,1
149f91ef-1287-46da-9a8e-87fee02f1471,f82bcf78-5b69-4622-a5ef-73800768d9ac,1,0.166667,2003-01-01,2003-01-01,0.198394,0.153846,0.0,1
7c33a306-87ad-4cb6-9f69-bfdb8586b302,7cb6e306-a75b-48b4-be00-2c4aa6bbe3a8,1,0.166667,2003-01-01,2003-01-01,1.0,0.333333,0.0,1
7c33a306-87ad-4cb6-9f69-bfdb8586b302,f82bcf78-5b69-4622-a5ef-73800768d9ac,1,0.166667,2003-01-01,2003-01-01,0.198394,1.0,0.0,0
7cb6e306-a75b-48b4-be00-2c4aa6bbe3a8,f82bcf78-5b69-4622-a5ef-73800768d9ac,1,0.166667,2003-01-01,2003-01-01,1.0,0.333333,0.0,1
7a1eb805-2242-4daa-bd90-c1ed350e2e48,ac6cc156-eb47-4c98-9b04-b57ece512950,1,1.0,1979-01-01,1979-01-01,1.0,0.125,0.0,1
002a647a-faf8-4135-9e22-2087aa0d7078,83aeb2c4-579f-41e7-96d6-73dc1173edde,1,1.0,2004-05-21,2004-05-21,1.0,1.0,0.0,0
bca63b5d-a28c-4937-a8f4-e3f2d95426e1,e56aee57-d90e-40cf-a70d-beb70f6f3c69,1,1.0,2019-12-12,2019-12-12,1.0,0.444444,0.0,1
2547c5e3-314c-4332-981d-f18c902a4086,42aaf916-f453-407f-b39e-d999f6aeee4d,1,1.0,2019-01-11,2019-01-11,1.0,0.333333,0.0,1
1d673024-a339-4b97-9f41-52cdc47498c6,2997113e-cc84-4a0c-8111-d0648b42b4dc,2,0.133333,2016-08-27,2016-08-27,1.0,0.0,0.0,1
1d673024-a339-4b97-9f41-52cdc47498c6,5a85ff61-4b80-4e84-a1fa-a409c6c6bbec,2,0.133333,2016-08-27,2016-08-27,1.0,1.0,0.0,0
1d673024-a339-4b97-9f41-52cdc47498c6,7ef79f87-2ce7-4826-8890-8033cb77b077,2,0.133333,2016-08-27,2016-08-27,1.0,1.0,0.0,0
1d673024-a339-4b97-9f41-52cdc47498c6,a8b293fe-502b-4241-ae49-13978fd14940,2,0.133333,2016-08-27,2016-08-27,1.0,1.0,0.0,0
1d673024-a339-4b97-9f41-52cdc47498c6,af6be531-7ff5-404c-b3ec-34db5c6bc4a0,2,0.133333,2016-08-27,2016-08-27,1.0,0.0,0.0,1
2997113e-cc84-4a0c-8111-d0648b42b4dc,5a85ff61-4b80-4e84-a1fa-a409c6c6bbec,2,0.133333,2016-08-27,2016-08-27,1.0,0.0,0.0,1
2997113e-cc84-4a0c-8111-d0648b42b4dc,7ef79f87-2ce7-4826-8890-8033cb77b077,2,0.133333,2016-08-27,2016-08-27,1.0,0.0,0.0,1
2997113e-cc84-4a0c-8111-d0648b42b4dc,a8b293fe-502b-4241-ae49-13978fd14940,2,0.133333,2016-08-27,2016-08-27,1.0,0.0,0.0,1
2997113e-cc84-4a0c-8111-d0648b42b4dc,af6be531-7ff5-404c-b3ec-34db5c6bc4a0,2,0.133333,2016-08-27,2016-08-27,1.0,1.0,0.0,0
5a85ff61-4b80-4e84-a1fa-a409c6c6bbec,7ef79f87-2ce7-4826-8890-8033cb77b077,2,0.133333,2016-08-27,2016-08-27,1.0,1.0,0.0,0
5a85ff61-4b80-4e84-a1fa-a409c6c6bbec,a8b293fe-502b-4241-ae49-13978fd14940,2,0.133333,2016-08-27,2016-08-27,1.0,1.0,0.0,0
5a85ff61-4b80-4e84-a1fa-a409c6c6bbec,af6be531-7ff5-404c-b3ec-34db5c6bc4a0,2,0.133333,2016-08-27,2016-08-27,1.0,0.0,0.0,1
7ef79f87-2ce7-4826-8890-8033cb77b077,a8b293fe-502b-4241-ae49-13978fd14940,2,0.133333,2016-08-27,2016-08-27,1.0,1.0,0.0,0
7ef79f87-2ce7-4826-8890-8033cb77b077,af6be531-7ff5-404c-b3ec-34db5c6bc4a0,2,0.133333,2016-08-27,2016-08-27,1.0,0.0,0.0,1
a8b293fe-502b-4241-ae49-13978fd14940,af6be531-7ff5-404c-b3ec-34db5c6bc4a0,2,0.133333,2016-08-27,2016-08-27,1.0,0.0,0.0,1
33bfd0a3-ade2-4b57-a1d5-7d024dbcb381,784bf112-03cd-444a-af31-0d63e7ea651f,1,0.1,2017-02-09,2017-02-09,1.0,0.0,0.0,1
33bfd0a3-ade2-4b57-a1d5-7d024dbcb381,78a8d998-b910-4176-9135-3d465a35eb3f,2,0.266667,2017-02-09,2017-02-09,1.0,1.0,0.0,0
33bfd0a3-ade2-4b57-a1d5-7d024dbcb381,9206c04c-c2e0-46dd-997c-2b31c6be3f1a,2,0.266667,2017-02-09,2017-02-09,1.0,1.0,0.0,0
33bfd0a3-ade2-4b57-a1d5-7d024dbcb381,bdd935a3-9f19-4b3d-ab39-0953ea3e37b2,1,0.1,2017-02-09,2017-02-09,1.0,0.0,0.0,1
784bf112-03cd-444a-af31-0d63e7ea651f,78a8d998-b910-4176-9135-3d465a35eb3f,1,0.1,2017-02-09,2017-02-09,1.0,0.0,0.0,1
784bf112-03cd-444a-af31-0d63e7ea651f,9206c04c-c2e0-46dd-997c-2b31c6be3f1a,1,0.1,2017-02-09,2017-02-09,1.0,0.0,0.0,1
784bf112-03cd-444a-af31-0d63e7ea651f,bdd935a3-9f19-4b3d-ab39-0953ea3e37b2,1,0.1,2017-02-09,2017-02-09,1.0,1.0,0.0,0
78a8d998-b910-4176-9135-3d465a35eb3f,9206c04c-c2e0-46dd-997c-2b31c6be3f1a,2,0.266667,2017-02-09,2017-02-09,1.0,1.0,0.0,0
78a8d998-b910-4176-9135-3d465a35eb3f,bdd935a3-9f19-4b3d-ab39-0953ea3e37b2,1,0.1,2017-02-09,2017-02-09,1.0,0.0,0.0,1
9206c04c-c2e0-46dd-997c-2b31c6be3f1a,bdd935a3-9f19-4b3d-ab39-0953ea3e37b2,1,0.1,2017-02-09,2017-02-09,1.0,0.0,0.0,1
09cbd2ec-576f-4a62-80cb-9b74aa5db4a4,33bfd0a3-ade2-4b57-a1d5-7d024dbcb381,1,0.166667,2017-02-09,2017-02-09,1.0,0.0,0.0,1
09cbd2ec-576f-4a62-80cb-9b74aa5db4a4,78a8d998-b910-4176-9135-3d465a35eb3f,1,0.166667,2017-02-09,2017-02-09,1.0,0.0,0.0,1
09cbd2ec-576f-4a62-80cb-9b74aa5db4a4,9206c04c-c2e0-46dd-997c-2b31c6be3f1a,1,0.166667,2017-02-09,2017-02-09,1.0,0.0,0.0,1
679ec43c-bc04-4bb0-b619-2da702a214ba,ef9a7fbe-a891-45d6-bc08-a69d7b40ac6c,1,1.0,1993-07-01,1993-07-01,1.0,1.0,0.0,0
5db88fae-df24-490e-971a-1b3fe8d373ea,b7f2cca2-72c6-41fb-ae33-53370fc62fe7,1,1.0,1975-01-01,1975-01-01,1.0,0.461538,0.5,0
519774a4-3b18-4042-b8c0-927845a616c9,a0327dc2-dc76-44d5-aec6-47cd2dff1469,1,0.333333,1973-01-01,1973-01-01,1.0,0.2,0.8,0
a0327dc2-dc76-44d5-aec6-47cd2dff1469,bd53f9a7-8be9-46b0-bf7d-1deea3cb57bc,1,0.333333,1973-01-01,1973-01-01,1.0,0.0,0.8,0
123814ce-f7f7-44c9-b84d-0088b1e230a4,fc4953aa-6bf4-4f1f-8e47-5ac79ca428e2,1,0.166667,1980-01-01,1980-01-01,1.0,1.0,0.0,0
9082aea0-ee30-4175-8795-6540a8fd3605,fc4953aa-6bf4-4f1f-8e47-5ac79ca428e2,1,0.166667,1980-01-01,1980-01-01,1.0,0.5,0.0,0
e5fa0175-2e93-4ca7-90c3-33f239381252,fc4953aa-6bf4-4f1f-8e47-5ac79ca428e2,1,0.166667,1980-01-01,1980-01-01,1.0,0.5,0.0,0
233fc3f3-6de2-465c-985e-e721dbabbace,62046ffd-7d76-476b-bee5-b281b7575c6c,4,0.4,1987-09-03,1989-12-01,1.0,0.142857,0.0,1
233fc3f3-6de2-465c-985e-e721dbabbace,8b505ef0-c5a7-4deb-bc32-27c882f3c40e,4,0.4,1987-09-03,1989-12-01,1.0,0.142857,0.0,1
233fc3f3-6de2-465c-985e-e721dbabbace,c12f644b-1066-4ead-b0dd-d0c380f5cca2,4,0.4,1987-09-03,1989-12-01,1.0,0.142857,0.0,1
233fc3f3-6de2-465c-985e-e721dbabbace,f8200cea-b5e9-4145-b5a5-1d0838f2c288,4,0.4,1987-09-03,1989-12-01,1.0,0.142857,0.0,1
62046ffd-7d76-476b-bee5-b281b7575c6c,8b505ef0-c5a7-4deb-bc32-27c882f3c40e,4,0.4,1987-09-03,1989-12-01,1.0,1.0,0.0,0
62046ffd-7d76-476b-bee5-b281b7575c6c,c12f644b-1066-4ead-b0dd-d0c380f5cca2,4,0.4,1987-09-03,1989-12-01,1.0,1.0,0.0,0
62046ffd-7d76-476b-bee5-b281b7575c6c,f8200cea-b5e9-4145-b5a5-1d0838f2c288,4,0.4,1987-09-03,1989-12-01,1.0,1.0,0.0,0
8b505ef0-c5a7-4deb-bc32-27c882f3c40e,c12f644b-1066-4ead-b0dd-d0c380f5cca2,4,0.4,1987-09-03,1989-12-01,1.0,1.0,0.0,0
8b505ef0-c5a7-4deb-bc32-27c882f3c40e,f8200cea-b5e9-4145-b5a5-1d0838f2c288,4,0.4,1987-09-03,1989-12-01,1.0,1.0,0.0,0
c12f644b-1066-4ead-b0dd-d0c380f5cca2,f8200cea-b5e9-4145-b5a5-1d0838f2c288,4,0.4,1987-09-03,1989-12-01,1.0,1.0,0.0,0
4213cbd6-ac51-4850-9e0f-d774610c69b2,9b483540-4191-43b2-9a86-d4ff09fef68d,1,0.333333,2015-09-14,2015-09-14,1.0,1.0,0.0,0
4213cbd6-ac51-4850-9e0f-d774610c69b2,b8dda016-7150-4b5f-9b64-f12ea82882ae,1,0.333333,2015-09-14,2015-09-14,1.0,1.0,0.0,0
9b483540-4191-43b2-9a86-d4ff09fef68d,b8dda016-7150-4b5f-9b64-f12ea82882ae,1,0.333333,2015-09-14,2015-09-14,1.0,1.0,0.0,0
2521d863-e9f2-497c-b7c3-35c4c0079c81,5f63a2b3-ce5f-42ce-9485-32e89ca2d460,1,1.0,2015-09-23,2015-09-23,1.0,0.5,0.0,0
32ac762f-9d80-4dbc-a0c6-898de0592dac,b2a972f5-6aba-4209-bcae-acef4cadf245,1,0.333333,2016-01-25,2016-01-25,1.0,0.5,0.0,0
32ac762f-9d80-4dbc-a0c6-898de0592dac,d1ff4c5e-4ea0-41ce-8ca7-6b9c66594a55,1,0.333333,2016-01-25,2016-01-25,1.0,1.0,0.0,0
b2a972f5-6aba-4209-bcae-acef4cadf245,d1ff4c5e-4ea0-41ce-8ca7-6b9c66594a55,1,0.333333,2016-01-25,2016-01-25,1.0,0.5,0.0,0
515f823b-b965-4a7d-9c6a-efd3c1052c39,e888bbab-c4b6-4e06-b93d-4cc388d35059,1,0.333333,2016-02-03,2016-02-03,1.0,0.0,0.0,1
515f823b-b965-4a7d-9c6a-efd3c1052c39,f8e12ed8-1d24-431a-b7c9-b8dd6db867ff,1,0.333333,2016-02-03,2016-02-03,1.0,1.0,0.0,0
e888bbab-c4b6-4e06-b93d-4cc388d35059,f8e12ed8-1d24-431a-b7c9-b8dd6db867ff,1,0.333333,2016-02-03,2016-02-03,1.0,0.0,0.0,1
274e5aeb-6f07-4429-b74e-02d4e3b83344,c141b586-6892-4af6-9a50-2005df8b94da,1,1.0,2016-02-03,2016-02-03,1.0,0.5,0.0,0
0a7920d5-135b-4bca-885c-ebd79f0d5d9f,88c3a7e4-b2bc-4723-803c-819adaf68ef6,1,0.333333,2015-08-18,2015-08-18,1.0,0.0,0.0,1
0a7920d5-135b-4bca-885c-ebd79f0d5d9f,b0465ba1-c8cb-4b10-ab14-3f48f27887c3,1,0.333333,2015-08-18,2015-08-18,1.0,0.0,0.0,1
88c3a7e4-b2bc-4723-803c-819adaf68ef6,b0465ba1-c8cb-4b10-ab14-3f48f27887c3,1,0.333333,2015-08-18,2015-08-18,1.0,1.0,0.0,0
1fb50d12-8463-4fa4-bcc0-f8038e36aaa1,d48e95be-8390-4c9b-875e-ea8f51de1435,3,3.0,2011-01-01,2011-01-01,1.0,1.0,0.0,0
7692fa75-533f-425c-a2b2-7d8330d1926f,c790898c-8e86-470c-88de-3d2c7560db10,1,1.0,1984-01-01,1984-01-01,1.0,0.5,0.0,0
83d3cc07-60e7-4139-b5f0-3cda9f5aa99b,d6ed7887-a401-47a8-893c-34b967444d26,1,0.1,1967-01-01,1967-01-01,0.629761,0.166667,0.111111,1
b553f0ad-4543-46f2-88ea-1dc94a11c91a,d6ed7887-a401-47a8-893c-34b967444d26,1,0.1,1967-01-01,1967-01-01,0.629761,0.166667,0.111111,1
c6619f89-5454-4e2d-aa19-b5596ba3b4c6,d6ed7887-a401-47a8-893c-34b967444d26,1,0.1,1967-01-01,1967-01-01,0.629761,0.166667,0.111111,1
d6ed7887-a401-47a8-893c-34b967444d26,fe93a178-183a-42c9-b3c7-53102b8c724d,1,0.1,1967-01-01,1967-01-01,0.629761,0.166667,0.111111,1
2393ba5a-0749-4845-ade2-f187999ed044,d6ed7887-a401-47a8-893c-34b967444d26,1,1.0,1967-01-01,1967-01-01,1.0,0.0,0.0,1
b5ffc3aa-b868-4b88-905f-d73d51dbe51c,d6ed7887-a401-47a8-893c-34b967444d26,1,0.333333,1968-08-31,1968-08-31,0.925143,0.166667,0.666667,0
d6ed7887-a401-47a8-893c-34b967444d26,f0ed72a3-ae8f-4cf7-b51d-2696a2330230,1,0.333333,1968-08-31,1968-08-31,0.925143,0.166667,0.666667,0
0ee34279-2624-41a5-8c14-a85da7eba79a,d6ed7887-a401-47a8-893c-34b967444d26,1,0.1,1969-01-01,1969-01-01,1.0,0.142857,0.0,1
8ff201f8-3b3f-40dd-a7f7-8d0a2184c62e,d6ed7887-a401-47a8-893c-34b967444d26,1,0.1,1969-01-01,1969-01-01,1.0,0.142857,0.0,1
a10c8616-cdc3-4fd1-a0fa-bc35a6514168,d6ed7887-a401-47a8-893c-34b967444d26,1,0.1,1969-01-01,1969-01-01,1.0,0.142857,0.0,1
d6ed7887-a401-47a8-893c-34b967444d26,f37b3f31-b1f8-4b88-8cb5-b34f709b17d7,1,0.1,1969-01-01,1969-01-01,1.0,0.125,0.142857,1
2d973513-8faa-48c0-b30d-6bd59d6918ca,69a9484c-7f7f-4914-b216-0aa745dcfab4,1,0.333333,2013-01-01,2013-01-01,1.0,0.5,0.0,0
2d973513-8faa-48c0-b30d-6bd59d6918ca,7679f4a7-6fa7-4980-9d0d-bb906efd0418,1,0.333333,2013-01-01,2013-01-01,1.0,1.0,0.0,0
69a9484c-7f7f-4914-b216-0aa745dcfab4,7679f4a7-6fa7-4980-9d0d-bb906efd0418,1,0.333333,2013-01-01,2013-01-01,1.0,0.5,0.0,0
3d6c957d-14d6-465c-8e53-86262245af06,bdacc37b-8633-4bf8-9dd5-4662ee651aec,1,1.0,1982-01-01,1982-01-01,1.0,0.0,0.0,1
6545b2a5-bbdd-408d-9169-3d7aeade8093,bdacc37b-8633-4bf8-9dd5-4662ee651aec,3,0.833333,1984-01-01,1984-01-01,1.0,0.0,0.0,1
6545b2a5-bbdd-408d-9169-3d7aeade8093,c96af26a-6b62-4190-b707-20c057e31c17,3,0.833333,1984-01-01,1984-01-01,1.0,1.0,0.0,0
bdacc37b-8633-4bf8-9dd5-4662ee651aec,c96af26a-6b62-4190-b707-20c057e31c17,3,0.833333,1984-01-01,1984-01-01,1.0,0.0,0.0,1
362105d1-8f4f-4ba1-949f-3e70183880b5,6545b2a5-bbdd-408d-9169-3d7aeade8093,1,0.166667,1984-01-01,1984-01-01,1.0,0.5,0.0,0
362105d1-8f4f-4ba1-949f-3e70183880b5,bdacc37b-8633-4bf8-9dd5-4662ee651aec,1,0.166667,1984-01-01,1984-01-01,1.0,0.0,0.0,1
362105d1-8f4f-4ba1-949f-3e70183880b5,c96af26a-6b62-4190-b707-20c057e31c17,1,0.166667,1984-01-01,1984-01-01,1.0,0.5,0.0,0
06665d74-6477-4edc-9610-106af7f3a975,16e7f7ea-caf8-4e89-adb5-aaac50099edb,1,0.1,2019-02-27,2019-02-27,1.0,1.0,0.0,0
06665d74-6477-4edc-9610-106af7f3a975,2038fbfb-105b-4d84-869f-7baa8c7001ab,1,0.1,2019-02-27,2019-02-27,1.0,1.0,0.0,0
06665d74-6477-4edc-9610-106af7f3a975,adab38f4-297d-4af8-9450-4e84697240e7,1,0.1,2019-02-27,2019-02-27,1.0,0.5,0.0,0
06665d74-6477-4edc-9610-106af7f3a975,c2865da9-f277-4396-815c-e92525e36997,1,0.1,2019-02-27,2019-02-27,1.0,1.0,0.0,0
16e7f7ea-caf8-4e89-adb5-aaac50099edb,2038fbfb-105b-4d84-869f-7baa8c7001ab,1,0.1,2019-02-27,2019-02-27,1.0,1.0,0.0,0
16e7f7ea-caf8-4e89-adb5-aaac50099edb,adab38f4-297d-4af8-9450-4e84697240e7,1,0.1,2019-02-27,2019-02-27,1.0,0.5,0.0,0
16e7f7ea-caf8-4e89-adb5-aaac50099edb,c2865da9-f277-4396-815c-e92525e36997,1,0.1,2019-02-27,2019-02-27,1.0,1.0,0.0,0
2038fbfb-105b-4d84-869f-7baa8c7001ab,adab38f4-297d-4af8-9450-4e84697240e7,1,0.1,2019-02-27,2019-02-27,1.0,0.5,0.0,0
2038fbfb-105b-4d84-869f-7baa8c7001ab,c2865da9-f277-4396-815c-e92525e36997,1,0.1,2019-02-27,2019-02-27,1.0,1.0,0.0,0
adab38f4-297d-4af8-9450-4e84697240e7,c2865da9-f277-4396-815c-e92525e36997,1,0.1,2019-02-27,2019-02-27,1.0,0.5,0.0,0
2ba1af4b-9d6b-4a0a-af47-f00769700da2,7c4ab1f9-96cf-46e9-9f5d-2160af37edd1,1,0.333333,1992-06-20,1992-06-20,1.0,0.125,0.0,1
2ba1af4b-9d6b-4a0a-af47-f00769700da2,ba1bf556-2af2-4772-835f-ed2e15070758,1,0.333333,1992-06-20,1992-06-20,1.0,0.125,0.0,1
7c4ab1f9-96cf-46e9-9f5d-2160af37edd1,ba1bf556-2af2-4772-835f-ed2e15070758,1,0.333333,1992-06-20,1992-06-20,1.0,1.0,0.0,0
013fa897-86db-41d3-8e9f-386c8a34f4e6,4be3b2fa-0b31-445c-babf-475944be8971,1,0.333333,1984-01-01,1984-01-01,1.0,0.333333,0.0,1
4be3b2fa-0b31-445c-babf-475944be8971,ff621094-2a76-401f-8398-b75b5fd2be24,1,0.333333,1984-01-01,1984-01-01,1.0,0.333333,0.0,1
22192191-5e78-4339-8406-62d2d9590b39,2a11b7c9-12d6-495d-a577-7412dd1f7aca,1,0.1,2019-03-01,2019-03-01,1.0,1.0,0.0,0
22192191-5e78-4339-8406-62d2d9590b39,8328b279-1863-487b-976a-58a62b85220a,1,0.1,2019-03-01,2019-03-01,1.0,1.0,0.0,0
22192191-5e78-4339-8406-62d2d9590b39,aadd68b8-de14-4296-b9e8-9713dc1777a8,1,0.1,2019-03-01,2019-03-01,1.0,1.0,0.0,0
22192191-5e78-4339-8406-62d2d9590b39,ba991ec6-049b-479f-9020-be2a84dc1473,1,0.1,2019-03-01,2019-03-01,1.0,1.0,0.0,0
2a11b7c9-12d6-495d-a577-7412dd1f7aca,8328b279-1863-487b-976a-58a62b85220a,1,0.1,2019-03-01,2019-03-01,0.925728,1.0,0.0,0
2a11b7c9-12d6-495d-a577-7412dd1f7aca,aadd68b8-de14-4296-b9e8-9713dc1777a8,1,0.1,2019-03-01,2019-03-01,1.0,1.0,0.0,0
8328b279-1863-487b-976a-58a62b85220a,aadd68b8-de14-4296-b9e8-9713dc1777a8,1,0.1,2019-03-01,2019-03-01,1.0,1.0,0.0,0
8328b279-1863-487b-976a-58a62b85220a,ba991ec6-049b-479f-9020-be2a84dc1473,1,0.1,2019-03-01,2019-03-01,0.925728,1.0,0.0,0
aadd68b8-de14-4296-b9e8-9713dc1777a8,ba991ec6-049b-479f-9020-be2a84dc1473,1,0.1,2019-03-01,2019-03-01,1.0,1.0,0.0,0
4d5447d7-c61c-4120-ba1b-d7f471d385b9,c0eee88b-47f2-4cd2-ac48-a045e902a432,1,0.333333,1968-11-22,1968-11-22,0.614415,0.384615,0.0,1
ba550d0e-adac-4864-b88b-407cab5e76af,c0eee88b-47f2-4cd2-ac48-a045e902a432,1,0.333333,1968-11-22,1968-11-22,0.614415,0.272727,0.0,1
83d3cc07-60e7-4139-b5f0-3cda9f5aa99b,c0eee88b-47f2-4cd2-ac48-a045e902a432,1,0.1,1971-01-01,1971-01-01,1.0,0.166667,0.0,1
b553f0ad-4543-46f2-88ea-1dc94a11c91a,c0eee88b-47f2-4cd2-ac48-a045e902a432,1,0.1,1971-01-01,1971-01-01,1.0,0.166667,0.0,1
c0eee88b-47f2-4cd2-ac48-a045e902a432,c6619f89-5454-4e2d-aa19-b5596ba3b4c6,1,0.1,1971-01-01,1971-01-01,1.0,0.166667,0.0,1
c0eee88b-47f2-4cd2-ac48-a045e902a432,fe93a178-183a-42c9-b3c7-53102b8c724d,1,0.1,1971-01-01,1971-01-01,1.0,0.166667,0.0,1
