"mbid","clustering_local","triangles","open_wedges","gwesp_contrib","degree","eigencentrality","pagerank","kcore","betweenness","closeness","same_genre_share"
"777a21a8-0d0f-4cf3-86b4-65bc0eba5649",1,1,0,0,2,2.50917304309541e-05,0.00018145157754703,2,0,0.149266516757683,1
"703c557f-82bb-4646-ae2f-b5a3ef3f6148",1,66,0,0,12,0.000147232549962932,0.000412783089902198,12,0,0.170749632533072,0.916666666666667
"25848dee-8562-4a78-b375-3a80b61da629",1,10,0,0,5,0,0.000240697162684271,5,0,0.430379746835443,1
"3e7bcc53-53d4-41d8-afbc-69f82b858fd9",1,15,0,0,6,0.00551100955348418,0.000284999819558569,6,0,0.230260984473076,0.5
"43a0ce3a-a3d5-45c0-b944-bd8f5e021237",0.4,4,6,0,5,5.22021628262662e-06,0.000396050666358434,3,0.00211767757290959,0.147092961907777,0.4
"89aa5ecb-59ad-46f5-b3eb-2d424e941f19",0.221343873517787,56,197,0,23,0.014268813055569,0.00112037063056667,9,0.00439486196262961,0.237316990125979,0.130434782608696
"0c3505e7-d884-43cf-9028-d318607190a4",1,1,0,0,2,4.7470375219617e-17,0.000387611922942527,2,0,1,1
"04bac789-bf59-4383-8ad7-799d20d969f7",0,0,0,0,0,5.25564033535461e-19,5.81417884416849e-05,0,0,0,0
"e99e2c02-0ca7-4687-897c-efedbe5b98c2",1,28,0,0,8,0.00597537094618433,0.000314861641222592,8,0,0.21003465421124,0.625
"5ab9fb83-59da-4510-941e-fd42189199aa",1,6,0,0,4,0.000551100956517078,0.000279645870457646,4,0,0.188735445437314,0.75
"68cff6ec-3751-4bd5-9254-f4a77fe7e08f",0,0,0,0,1,4.03442801323253e-17,0.000387611922942887,1,0,1,1
"c8975bbf-2778-47ae-accf-c584e644450d",1,21,0,0,7,0,0.000387611922942694,7,0,1,1
"bc601632-cb0c-4a0f-ba09-8f335ce5ca2f",1,15,0,0,6,0.00147231187245271,0.000286779621300446,6,0,0.176545086119554,1
"e6ce60d3-f08d-4f02-837c-5a3022df17fd",0,0,0,0,1,4.04325699658231e-17,0.000387611922942887,1,0,1,1
"b2a55d82-85fb-4ae4-885d-f2b96f1a726f",1,15,0,0,6,0.000219308088119578,0.000373219300098785,6,0,0.157371867238654,1
"d0693759-d13d-4661-871d-0eb8500acecc",0,0,0,0,1,3.91130778786589e-17,0.000387611922942887,1,0,1,1
"7944ed53-2a58-4035-9b93-140a71e41c34",0.285714285714286,6,15,0,7,0.000223153503310695,0.000622661819340569,3,0.00141458217316235,0.159569597069597,0.857142857142857
"63aa26c3-d59b-4da4-84ac-716b54f1ef4d",0,0,0,0,0,5.25564033535461e-19,5.81417884416849e-05,0,0,0,0
"92776515-4c09-4cc0-8f9f-4f8b7218b10a",1,1,0,0,2,4.83651397606878e-17,0.000387611922942527,2,0,1,1
"0b966a38-5ad9-43c1-b86b-c07079523165",0.4,6,9,0,6,0.00211925307765965,0.000467098629222614,3,0.0017660027310107,0.183832256362917,0.833333333333333
"be797221-0117-45e3-81da-996f8d29db62",0.8,8,2,0,5,3.64284093137952e-17,0.000441157757902744,4,1.69522700360999e-07,1,1
"fc4568b6-cbe3-4a3d-8409-28510c19e3e2",1,190,0,0,20,0.903585867658378,0.000507526612084906,20,0,0.210161314638927,0.85
"e888bbab-c4b6-4e06-b93d-4cc388d35059",1,1,0,0,2,4.96948503737042e-17,0.000387611922942527,2,0,1,1
"0a7920d5-135b-4bca-885c-ebd79f0d5d9f",1,1,0,0,2,4.89720464753137e-17,0.000387611922942527,2,0,1,1
"ece590a3-ae0e-4311-bcf3-ee07cfb7b4f0",1,1,0,0,2,0.00015401580913304,0.000182124066654777,2,0,0.174883954334462,1
"a383f062-e527-4a57-98b0-9205b2f8f171",0.333333333333333,2,4,0,4,5.07965249223363e-17,0.000546101250443204,2,4.57711290974696e-06,0.642857142857143,0.25
"4374e50c-f57d-492c-bd70-c11422f7fde6",1,1,0,0,2,2.10883117538052e-17,0.00032981014496043,2,0,0.666666666666667,1
"95095667-9471-4946-a4a3-d0b3eb7edc48",0,0,0,0,0,5.25564033535461e-19,5.81417884416849e-05,0,0,0,0
"ea719716-da05-46f8-bbd5-cc5803db3d0e",1,3,0,0,3,4.09602446228359e-17,0.000387611922942939,3,0,1,1
"f287b207-b425-465f-a103-b912fbb0dd28",0,0,0,0,1,3.93454154325762e-17,0.000387611922942887,1,0,1,1
"f3fc0db0-65e7-49c8-96d9-d0b7c1e23c81",1,36,0,0,9,0,0.000387611922942641,9,0,1,1
"12327d75-47d5-45d9-84c2-3760b9210c17",0.533333333333333,8,7,0,6,3.01467172632424e-05,0.000487643132116643,4,0.000354387205104668,0.149346475251768,0.833333333333333
"b7d92248-97e3-4450-8057-6fe06738f735",0,0,0,0,0,5.25564033535461e-19,5.81417884416849e-05,0,0,0,0
"7e1e5648-1d6a-4248-975a-98603e781848",0.321428571428571,9,19,0,8,0.0516247064128586,0.000431468091024752,4,0.0027770606060859,0.209561034275406,0.875
"46ca8889-f33e-46ae-8379-09f48bc84897",1,36,0,0,9,0,0.000387611922942641,9,0,1,1
"d74dafbd-e974-4393-9d01-3bc2d81e2dc8",0,0,0,0,1,1.48821051125915e-06,0.000127224565491482,1,0,0.129952456418384,1
"aeb6fd9b-6050-43cf-8a8c-6dbcb6ccabfa",1,15,0,0,6,0.00147231187245271,0.000286779621300395,6,0,0.176545086119554,1
"9f0a2d07-e414-4829-85df-b0d801d8ee32",1,3,0,0,3,2.87747598033221e-08,0.000290635744960985,3,0,0.113777342474698,1
"be092119-86ca-40fc-ba92-7626b8568b25",1,15,0,0,6,0,0.000387611922942731,6,0,1,1
"871fe26f-544d-4275-a5dd-af5442d15b92",0,0,0,0,0,5.25564033535461e-19,5.81417884416849e-05,0,0,0,0
"f7b6a303-2abb-42ce-bb7a-b84fa52bb585",1,6,0,0,4,5.65001863317099e-18,0.000338437276002286,4,0,0.833333333333333,1
"373a4c98-a46b-48e4-86ec-f6ca65b4f438",1,1,0,0,2,4.8671232631626e-17,0.000387611922942527,2,0,1,1
"bb9fe2b7-87fa-43e6-95ca-bc4592d8d5bc",1,15,0,0,6,0,0.000387611922942731,6,0,1,1
"a0270d23-e6c8-4202-a85f-8cd0a9bb2579",1,3,0,0,3,0,0.000218908726077697,3,0,0.533333333333333,1
"e821a756-487f-4931-a02f-27cf11cec7bf",0,0,0,0,0,5.25564033535461e-19,5.81417884416849e-05,0,0,0,0
"eb28cee9-090d-4f96-8490-5504180caa45",0.9,9,1,0,5,5.16742280771681e-05,0.000335576191551943,4,8.83637075631705e-05,0.173728813559322,0.8
"cc197bad-dc9c-440d-a5b5-d52ba2e14234",1,15,0,0,6,0,0.000387611922942645,6,0,1,1
"a0b77a10-ecff-4b84-b1f3-008391038d67",0.6,6,4,0,5,0.000653553524708927,0.000448623269785058,4,0.003726280243596,0.186588140811136,0.4
"9c5f0dca-d34c-4091-9e92-545e5899caad",0.644444444444444,29,16,0,10,0.00415866097868473,0.000393575532538724,7,0.000165037962946533,0.217914647491011,1
"9fb2e361-6b56-44ae-b276-50e46e8f8688",1,6,0,0,4,0.00469309086095926,0.000213998538601751,4,0,0.226445743989604,0.5
"2f522f5c-111c-4ce8-8bd0-d82e97c227ad",1,1,0,0,2,4.51948180509596e-17,0.000387611922942295,2,0,1,1
"cf3bab56-feda-41ec-9aef-a9a31b1ad97e",1,1,0,0,2,6.80714748829705e-05,0.000169734913377094,2,0,0.175965665236052,1
"dda1353c-6395-455b-8b2c-20a59ba61962",1,6,0,0,4,8.3635627896432e-06,0.000233091038233038,4,0,0.144515861496994,1
"863cd67a-33d3-4394-b8d4-eaf7c123427c",1,21,0,0,7,0,0.000347976105446762,7,0,0.606060606060606,1
"93c4a677-a00b-4067-b594-4dcdbc5c9d44",1,10,0,0,5,0.000339697888794921,0.000286685128933133,5,0,0.156313074680422,1
"1130da4c-32e8-41d3-8951-ef224590d64b",1,3,0,0,3,3.70446453865543e-17,0.000387611922942939,3,0,1,1
"5780ff53-6dfa-4835-80dc-71c7316208a5",1,1,0,0,2,3.91372711161641e-17,0.000381298218672404,2,0,0.75,1
"262cf0ce-2af2-4686-a8cc-d6b33e97336d",0.666666666666667,4,2,0,4,4.95333486646895e-17,0.000475668664735361,3,2.54284050541498e-07,1,1
"7ebebd5e-98f5-4511-bf51-e1ebe17bcb36",1,6,0,0,4,0.00393564428425775,0.000239935245716154,4,0,0.203058994901675,0.75
"29ed4a49-fb99-4a5c-8713-609cabe6f34a",1,10,0,0,5,0,0.000309955398412808,5,0,0.571428571428571,1
"b78346af-e3ce-4b36-a0d5-032414de8a27",1,6,0,0,4,2.01245310869317e-17,0.000387611922942844,4,0,1,1
"ee1e7008-03ac-4324-9653-70d847e4c4f6",1,1,0,0,2,5.07424974902479e-17,0.000387611922942527,2,0,1,1
"cc2c9c3c-b7bc-4b8b-84d8-4fbd8779e493",0.238095238095238,5,16,0,7,0.000193295426332496,0.000660534683254782,3,0.00336361836392183,0.16415449835139,0.428571428571429
"53e1c16b-d6e4-4086-b3e6-a6fd29ab0321",0.401477832512315,163,243,0,29,0.0683125404673845,0.000890724140804564,15,0.00536550958327608,0.24302649930265,0.862068965517241
"23eb93f3-52b5-470a-aee1-11b76336ae41",1,1,0,0,2,4.94269096358274e-17,0.000387611922942295,2,0,1,1
"c36ddabd-84d9-400a-91e9-e7c51b246852",1,1,0,0,2,7.64173481570663e-18,0.000212082124603838,2,0,0.240384615384615,1
"3d2ee04c-c21d-424d-91da-afd66258438e",0.39047619047619,41,64,0,15,0.00571312054093276,0.000673271069348081,8,0.00111829910391919,0.215223097112861,0.2
"2873b450-13c6-4ca1-8ca3-646c25af3202",0.275,33,87,0,16,0.012690502287247,0.000880303877284662,7,0.00240897585943433,0.204518779342723,1
"f545eed4-cd4c-40a3-89c0-edf4d195e52e",1,3,0,0,3,0.001516377034254,0.000222742856320116,3,0,0.181062475646188,1
"7bd9e20e-74b9-446a-a2ed-a223f82a36e7",0,0,0,0,1,4.03906657074586e-17,0.000387611922942887,1,0,1,1
"33bfd0a3-ade2-4b57-a1d5-7d024dbcb381",0.8,8,2,0,5,2.8745581784533e-17,0.000441157757902771,4,1.69522700360999e-07,1,1
"409538d4-488b-43fe-a4a3-49a3a80cc78f",1,1,0,0,2,4.8935172381625e-17,0.000387611922942527,2,0,1,1
"f0d4e169-33bc-4ab7-8054-df73c65323e4",1,6,0,0,4,0.000827076161647818,0.000288187235672444,4,0,0.191958138253925,0.75
"ff98b821-de0d-4a0e-9002-507bf323a97d",0,0,0,0,1,4.18348740952405e-17,0.000387611922942887,1,0,1,1
"2eb55bd9-cfbf-44fd-a5da-92dd825284c7",1,1,0,0,2,1.61811086393984e-05,0.000190184638621114,2,0,0.167749699157641,0
"2df5b6f3-70b1-4e60-b954-43f1b3625c0b",1,1,0,0,2,5.05818844608356e-17,0.000387611922942527,2,0,1,1
"5e010e55-68c7-48d8-a4c5-d511dc8c100e",0.8,8,2,0,5,1.66061942760852e-17,0.000419195960143792,4,1.69522700360999e-07,0.857142857142857,1
"e99893a1-ba5f-49ee-9e52-3de13f1018b8",0,0,0,0,0,5.25564033535461e-19,5.81417884416849e-05,0,0,0,0
"f7625f34-1799-42a4-a1c6-22b5377c767b",1,1,0,0,2,9.6758986907652e-18,0.000241564648073239,2,0,0.307692307692308,0.5
"3778a413-6202-44c4-a11c-aaeb78feb7de",1,6,0,0,4,0.00105480791041938,0.000248873273767985,4,0,0.187013683928092,1
"dbe7fdf7-81b2-418b-b3f6-81ae71532f40",1,1,0,0,2,0.000179495759119202,0.00024905462958737,2,0,0.157389635316699,0
"188711ed-c99b-439c-844a-ca831f63a727",0.333333333333333,2,4,0,4,7.97921890162862e-07,0.000491149354944954,2,0.000530945097530648,0.124742729306488,1
"e864aa1b-5dc6-4f76-9425-c5d98e289d3e",1,1,0,0,2,7.92002093712163e-07,0.000242212290078645,2,0,0.124709250313115,1
"785a76e3-02db-4a36-bc13-9369d53be151",1,10,0,0,5,6.92348853858231e-05,0.000291142114140147,5,0,0.172952853598015,0.8
"8b173ace-1599-47f3-84b5-946368b7e229",1,15,0,0,6,0.0127975100854078,0.000274474913943342,6,0,0.226188544539997,1
"c01c2efa-01d6-45d0-b8d8-3c6ba29db474",1,10,0,0,5,0,0.000326676818162058,5,0,0.354609929078014,1
"00793456-2e3f-49ab-9439-84efe81dc0e2",0,0,0,0,1,3.86286112363261e-17,0.000387611922942887,1,0,1,1
"ddb01e3e-0e38-4c47-a4e8-2cc0c13b8388",1,190,0,0,20,0.903585867658377,0.000507526612084845,20,0,0.210161314638927,0.85
"04af2581-6692-4f14-a7fe-151a36f20368",0,0,0,0,0,5.25564033535461e-19,5.81417884416849e-05,0,0,0,0
"a16371b9-7d36-497a-a9d4-42b0a0440c5e",0,0,0,0,0,5.25564033535461e-19,5.81417884416849e-05,0,0,0,0
"1fefa8b3-806b-4ab9-a066-66574b22aa16",1,15,0,0,6,0.00231431031666415,0.00035797017780035,6,0,0.213084683583002,0.5
"7a8dbe84-f4c0-4457-bfa3-edced1f8cde0",1,1,0,0,2,6.05909170070734e-06,0.000249625287036,2,0,0.134530013510905,1
"7e61db22-e0d5-4999-87b0-af5a85c63baf",1,45,0,0,10,0,0.000401335180495348,10,0,0.433333333333333,1
"0627192d-4fed-4f4b-bad8-383bb42fa8fa",1,36,0,0,9,0.0159140565064213,0.00036614393598908,9,0,0.214990746452807,0.888888888888889
"f07dbc2f-317b-470f-bad4-5f1b0eb6faf1",1,1,0,0,2,9.04857275546287e-18,0.000276246073292088,2,0,0.285714285714286,1
"75167b8b-44e4-407b-9d35-effe87b223cf",0,0,1,0,2,5.86781647252895e-17,0.000503215478908335,1,5.08568101082996e-07,0.75,0
"2b2a7e94-fdc6-4c2e-859c-441faa4089cd",1,10,0,0,5,2.28310170296903e-17,0.00039777318720108,5,0,0.358974358974359,1
"a717be4f-8b3d-4355-b33c-2b84f88fe40d",0.666666666666667,2,1,0,3,5.0261217763821e-17,0.00039476039653545,2,1.27142025270749e-07,0.237623762376238,0.666666666666667
"e08e97f1-c5d5-4ac7-b2f1-aae617990640",1,45,0,0,10,0,0.000401335180495306,10,0,0.433333333333333,1
"0612bcce-e351-40be-b3d7-2bb5e1c23479",0.433333333333333,52,68,0,16,0.00788799877420249,0.00071866994650893,9,0.00132940819601285,0.208651399491094,0.75
"479497d4-e7c2-4e78-972e-56e78fac3995",0,0,0,0,1,8.3579866904341e-18,0.000216624565389295,1,0,0.454545454545455,1
"44cf61b8-5197-448a-b82b-cef6ee89fac5",0,0,0,0,1,3.99092734808014e-17,0.000387611922942887,1,0,1,1
"42aaf916-f453-407f-b39e-d999f6aeee4d",0,0,0,0,1,3.85644412788546e-17,0.000387611922942887,1,0,1,1
"d43d12a1-2dc9-4257-a2fd-0a3bb1081b86",0.133333333333333,2,13,0,6,6.03101106118482e-08,0.000630133150543414,3,0.00270203699373273,0.130499906384572,1
"b10954d4-0b15-48a6-9333-5a4c7169da51",1,10,0,0,5,0.000806189382383464,0.000227461846142976,5,0,0.190177353342428,0.8
"b10bbbfc-cf9e-42e0-be17-e2c3e1d2600d",0,0,0,0,0,5.25564033535461e-19,5.81417884416849e-05,0,0,0,0
"03f8ade0-201a-43ee-90b4-96c36dc591b0",0.75,27,9,0,9,0.00115065587512678,0.000436862996228254,7,0.000147265194960052,0.197226938313526,1
"937389d5-d59e-4233-86d8-dacba3d5270c",1,1,0,0,2,2.6600210633502e-17,0.000377683139381616,2,0,0.666666666666667,1
"eb3fdcb8-6607-41d5-9387-edd648f38bc2",1,1,0,0,2,4.57005714087647e-17,0.000387611922942527,2,0,1,0.5
"5501517e-57b6-46e3-9736-e49ee657da7b",0,0,0,0,1,0,0.000186848354919147,1,0,0.538461538461538,1
"6bf692e0-baac-4428-94c3-423d52508cf0",1,6,0,0,4,2.31336092449507e-17,0.000387611922942844,4,0,1,1
"9b71ad4a-df8e-4142-88f8-4d757ba18f55",0,0,0,0,1,5.04293902526917e-05,0.000105564789673632,1,0,0.163653439774595,1
"5c6394b5-3af5-43f2-83c0-a061750ad233",1,3,0,0,3,1.23518520534621e-17,0.000431188511351086,3,0,0.636363636363636,1
"2aaf7396-6ab8-40f3-9776-a41c42c8e26b",0,0,0,0,0,5.25564033535461e-19,5.81417884416849e-05,0,0,0,0
"b7ffd2af-418f-4be2-bdd1-22f8b48613da",0,0,0,0,1,0.000114781063949311,0.000117679450574695,1,0,0.175743822491175,0
"1d01b5f5-182a-4558-a057-2f3a109cdbcf",0.4,4,6,0,5,0.00948763512251574,0.000270663514764437,4,0.00106339581439904,0.209876543209877,0.6
"784bf112-03cd-444a-af31-0d63e7ea651f",1,6,0,0,4,1.01755530091465e-17,0.000359533009487941,4,0,0.833333333333333,1
"3798b104-01cb-484c-a3b0-56adc6399b80",1,6,0,0,4,3.67351766027978e-18,0.000355099732579195,4,0,0.666666666666667,1
"c0050289-6969-437d-be83-0fcb608ead5c",1,3,0,0,3,4.3413245164912e-17,0.000387611922942939,3,0,1,1
"fde17fa5-3238-439f-ab1c-c37671e3c3b3",0.7,7,3,0,5,6.18579630021829e-05,0.000361800721522393,4,3.81426075812247e-07,0.163730326521024,1
"697d4510-c3fe-4e96-bcc9-34739bccde8f",0,0,0,0,0,5.25564033535461e-19,5.81417884416849e-05,0,0,0,0
"fa4b5ec6-5f3b-48a8-9fc2-c714f9781ecd",1,36,0,0,9,0.027572602054887,0.000326493823403557,9,0,0.22386381885338,0.888888888888889
"7b46472b-adda-4a9e-a6e7-824dedff9200",0,0,0,0,0,5.25564033535461e-19,5.81417884416849e-05,0,0,0,0
"c1a18927-020f-4241-a08c-53d2630473b8",0.361904761904762,38,67,0,15,0,0.000882792238233787,8,1.55113270830314e-05,0.941176470588235,1
"e5e045da-59a3-4b65-8bb4-3c7f3ac9a529",0,0,0,0,0,5.25564033535461e-19,5.81417884416849e-05,0,0,0,0
"39352b9b-e3f0-46f4-8c69-ef17d541e603",1,6,0,0,4,8.65618178390508e-18,0.000353645929695472,4,0,0.666666666666667,1
"e780a5a7-a7ce-4390-983e-0171b91e15c1",1,28,0,0,8,0.0104519943062826,0.000386467098215975,8,0,0.197702453552688,0.875
"f213b312-92d8-4180-8483-02f26063cba5",0,0,0,0,1,1.62721389162807e-11,0.000160401556697047,1,0,0.0938720538720539,0
"9034f787-3e79-44fe-89c1-8a082d556eec",1,190,0,0,20,0.903585867658377,0.000507526612084782,20,0,0.210161314638927,0.85
"60ae155f-2d68-49d5-90cf-8093f80dd046",1,66,0,0,12,0.000147232549962945,0.000412783089902136,12,0,0.170749632533072,0.916666666666667
"fe7e6678-935e-44d6-87ce-87ce7d948a5f",0,0,0,0,1,4.56806409982099e-17,0.000387611922942887,1,0,1,1
"91a81925-92f9-4fc9-b897-93cf01226282",0,0,0,0,0,5.25564033535461e-19,5.81417884416849e-05,0,0,0,0
"5157aeef-07da-41b5-b16c-5c5fb81b4f75",1,3,0,0,3,3.9808369122398e-17,0.000387611922942939,3,0,1,1
"b4691384-50c3-4afd-9988-51d3ec5db65d",0,0,0,0,1,4.39040701610788e-17,0.000387611922942887,1,0,1,1
"fe73aa73-4e0f-439e-97dc-3bf0bfaecbe2",1,15,0,0,6,0.00464519795128208,0.000350087311002712,6,0,0.188837713356814,0.833333333333333
"e8c7f193-0db6-4175-a469-ebce1c340429",1,10,0,0,5,2.2306581245029e-17,0.000397773187200991,5,0,0.358974358974359,1
"789f6768-5830-4b08-8b4f-f38566b2eb1d",0,0,0,0,1,3.96914849107908e-17,0.000387611922942887,1,0,1,1
"463b50bc-3384-4991-b2a9-5dc573e89291",1,1,0,0,2,0.000169023466302549,0.000183743946629539,2,0,0.174228221472316,0.5
"4e5119da-3d88-40e1-9aff-ddf660ff715b",1,3,0,0,3,3.44747360822112e-17,0.000387611922942939,3,0,1,1
"22192191-5e78-4339-8406-62d2d9590b39",1,6,0,0,4,0.00317429003661762,0.000204263203403179,4,0,0.202852153667055,0.5
"5cbef01b-cc35-4f52-af7b-d0df0c4f61b9",0,0,0,0,1,8.47333385247537e-07,0.000141042636648104,1,0,0.144261616475215,0
"87940179-76a7-4fb7-a8d1-2e4cda09dd61",1,6,0,0,4,7.10006850131652e-05,0.000297918282673074,4,0,0.162622491833878,1
"11433f50-a7da-4dc2-8ca8-84b5d160e20e",0.75,27,9,0,9,1.18480874338473e-07,0.000516371132583323,7,0.000188492290531392,0.128526645768025,0.333333333333333
"17b53d9f-5c63-4a09-a593-dde4608e0db9",0,0,0,0,1,1.88947332714765e-17,0.000268883946546114,1,0,0.6,0
"1ea888e8-3406-41b7-a516-5e743540a442",1,105,0,0,15,0.00711978265539309,0.000497928010116963,15,0,0.220047355958958,0.933333333333333
"c83430e1-1b8f-495d-a9f9-dca75d46da58",1,21,0,0,7,0.0119329011399733,0.000318094965957113,7,0,0.217778472113732,0.714285714285714
"6838ca8e-da88-436c-a0fd-6d3a7e832f1f",0.5,3,3,0,4,5.69879181212895e-17,0.000446320199556086,3,2.28855645487348e-06,0.434782608695652,0
"338c8478-01a8-4851-a65a-3f42ae14f2dc",1,1,0,0,2,5.1152766356988e-17,0.000387611922942527,2,0,1,1
"ff748426-8873-4725-bdc7-c2b18b510d41",1,10,0,0,5,1.11961676199235e-06,0.000348080193896573,5,0,0.149474587175638,0.6
"f7ba7fbe-c6bd-4ac0-bee9-c25c558d7d62",0.361111111111111,13,23,0,9,0.00933756912240763,0.000511039837338294,4,0.00189524905271437,0.225895316804408,0.111111111111111
"ea1e93f4-d005-4897-90a9-e065f837d7e2",1,6,0,0,4,0.000551100956517072,0.000279645870457594,4,0,0.188735445437314,0.75
"d4889ce7-b66b-4de5-9c88-088d2e18492c",1,28,0,0,8,0.000563791970976199,0.000389371074496731,8,0,0.189453655884751,0.875
"9f3576a9-ef8d-44d2-bd05-0c3ce1ea691d",1,36,0,0,9,0.0173131103018833,0.000371705950073792,9,0,0.240718356069763,0.666666666666667
"0cc4efd9-b2db-4428-a646-82f04d653d58",1,10,0,0,5,0.00513672315830137,0.00031446281366045,5,0,0.181865622961513,0.6
"aee63f14-ab80-4b37-86e4-d06fe05a898c",0,0,0,0,1,3.96835338061139e-17,0.000387611922942887,1,0,1,1
"bc1cc75d-ab68-41b2-a135-3b62f41ea266",1,1,0,0,2,2.24090150522767e-17,0.000329810144960493,2,0,0.666666666666667,0.5
"0e21491a-18a5-40d9-a68c-a651a0fda689",1,3,0,0,3,3.75750086972068e-17,0.000387611922942939,3,0,1,1
"f5c29b24-f309-46e1-bc75-001f19b1edd0",0.583333333333333,21,15,0,9,0.00389761777939074,0.000387424959103189,6,0.000299052579188513,0.223147110613094,0.888888888888889
"8f4350e9-c567-4cda-9b10-d44ac1b9a9f4",0,0,0,0,1,0.000288379822617352,0.000128475020141877,1,0,0.161379949062283,1
"5d06fe54-485a-4a07-b506-5f6f719448cb",1,1,0,0,2,4.81750593106422e-17,0.000387611922942527,2,0,1,1
"dee1716e-c54c-4cc1-92f6-625a0f48c4b2",1,6,0,0,4,0.00437907870562591,0.000256821873225462,4,0,0.185323052379686,1
"46e35005-303b-48f8-bf30-f477fbd6936e",1,6,0,0,4,2.50455551122605e-17,0.000387611922942844,4,0,1,1
"57944f82-e5fd-4f3c-b344-f3f9651c6931",1,10,0,0,5,0.00225338688574052,0.000268801678820302,5,0,0.203533362534677,1
"277ae4fb-4f7a-4bfd-af15-7d36f19ac09a",1,3,0,0,3,0.000409884457743808,0.000211777176855197,3,0,0.184709155956009,1
"85d76093-9865-4605-97fa-8c910929d366",1,36,0,0,9,0,0.000387611922942579,9,0,1,1
"4bdcee62-4902-4773-8cd1-e252e2e31225",1,1,0,0,2,1.61811086394191e-05,0.000190184638621042,2,0,0.167749699157641,0
"42a636a0-dbe4-4d0c-abe2-1590fad9531b",0.9,9,1,0,5,1.87613345267816e-17,0.000436702859025964,4,1.27142025270749e-07,0.857142857142857,1
"970ec984-5b9d-49a8-a1b3-3c0d6c7d5c34",0,0,0,0,0,5.25564033535461e-19,5.81417884416849e-05,0,0,0,0
"d4659efb-b8eb-4f03-95e9-f69ce35967a9",1,6,0,0,4,0.000508927973634156,0.000272906443551196,4,0,0.159587864911276,1
"2d170347-69aa-4245-9950-c3a2992abad6",1,10,0,0,5,9.30259107680281e-05,0.000255172005518972,5,0,0.173620625233528,0.8
"bd01c9d7-89dd-4cb4-9baa-a43bfa292bed",0.4,6,9,0,6,0.00238183951949275,0.00040791924403582,3,0.0044196408389765,0.212047459689687,1
"88be6065-91c5-409f-aea2-8c39a333d59c",1,1,0,0,2,4.63520419784762e-17,0.000387611922942527,2,0,1,1
"b9bb7959-bdcf-45c2-a73a-0ac2e4333c2f",1,3,0,0,3,1.26297945192703e-07,0.000296864135607489,3,0,0.136894824707846,1
"06ef7219-6c9b-42e0-a81e-9ce6ab164d13",1,28,0,0,8,0.000563791970976177,0.000389371074496661,8,0,0.189453655884751,0.875
"2ddd167f-5b8a-4372-b350-6ad50493bac0",0,0,0,0,0,5.25564033535461e-19,5.81417884416849e-05,0,0,0,0
"5a42040d-2ae5-4e2a-a362-22e7b19d993c",1,55,0,0,11,0.0061434857828571,0.000401469820732155,11,0,0.210765043846386,0.818181818181818
"c9cd225b-4883-428e-82c2-73e0b6282fb6",0.283068783068783,107,271,0,28,0.0602276321210032,0.00115634882846659,14,0.00798312599709086,0.240801520124374,0.892857142857143
"8546949d-f46c-45ab-8391-85b26dda6b65",1,1,0,0,2,4.73646667153825e-17,0.000387611922942527,2,0,1,1
"7cf92ae7-264e-45a6-aa22-d6f3118eb0e4",1,3,0,0,3,0,0.000330420847993272,3,0,0.3,0
"764b0653-1855-40a2-85dd-98dabecb5efb",1,21,0,0,7,0,0.00037344599351682,7,0,0.335570469798658,1
"410bbb19-8309-4a0b-9f87-3d65bde4a826",1,6,0,0,4,0.000769177015840378,0.00027537029194027,4,0,0.20031613737606,0.75
"70f5bb6e-9b87-4500-9c9f-2e1d373d07da",0.690909090909091,38,17,0,11,0.0230782676478386,0.000403391532506432,9,0.000813210141209993,0.24973127911143,0.636363636363636
"010a8a3d-f197-4ec8-b67e-d7cb0326c50f",1,28,0,0,8,2.19201116020486e-05,0.00044668133613255,8,0,0.142375651108161,1
"23a79d0c-0034-4348-8844-705b7cda6d13",1,3,0,0,3,3.9702915537413e-17,0.000387611922942939,3,0,1,1
"2b1e7c27-2663-43df-9c23-8601e173e6ef",0,0,0,0,1,3.76293689768344e-17,0.000387611922942887,1,0,1,1
"d352f5dd-3023-4565-a7bb-52396bf8821d",1,3,0,0,3,4.07488751094376e-17,0.000387611922942939,3,0,1,1
"2fddb92d-24b2-46a5-bf28-3aed46f4684c",1,10,0,0,5,2.9162893979305e-08,0.00030187766607103,5,0,0.113935431140172,0.4
"f4fdbb4c-e4b7-47a0-b83b-d91bbfcfa387",0.8,12,3,0,6,0.0010890243296165,0.0003486517016245,5,9.20045220068787e-05,0.203950256035113,0
"48e5f8d2-93c9-486d-9268-d5ebd2253ac0",0,0,0,0,1,3.91472576708786e-17,0.000387611922942887,1,0,1,1
"ba45b249-1b65-491a-b194-5d57f47c8e84",1,36,0,0,9,3.36765633482557e-05,0.000391323072529981,9,0,0.158409090909091,0.666666666666667
"88c3a7e4-b2bc-4723-803c-819adaf68ef6",1,1,0,0,2,5.00487946089666e-17,0.000387611922942295,2,0,1,1
"ba0d6274-db14-4ef5-b28d-657ebde1a396",0,0,0,0,0,5.25564033535461e-19,5.81417884416849e-05,0,0,0,0
"666ffd5a-d1a7-4945-8f42-26a36dc8281c",1,28,0,0,8,0.0171385729568499,0.000305507943561864,8,0,0.225895316804408,0.5
"d574c9bd-46f6-440a-8d6a-8412a283eeb1",0.466666666666667,7,8,0,6,0.00117629041563966,0.000381071423309229,4,0.000188710146062327,0.19007362967003,0.666666666666667
"0dcee02c-5d2c-4f5c-9d60-d58a4df32d9e",1,1,0,0,2,4.96235600383701e-17,0.000387611922942295,2,0,1,1
"4d09d3b4-e52e-4863-b5bf-f4219cda3573",0,0,0,0,0,5.25564033535461e-19,5.81417884416849e-05,0,0,0,0
"8718bc90-8712-4456-9359-e705851be657",0,0,0,0,1,4.01701662867401e-17,0.000387611922942887,1,0,1,1
"3f6a5e0d-4288-43c1-94f2-aba26fbe6292",1,15,0,0,6,0.00101478844136917,0.000286599523080332,6,0,0.200057405281286,1
"756335e3-00c1-4094-b878-b28d70477fd2",1,1,0,0,2,7.7041928036365e-08,0.000236638605527492,2,0,0.130316911283537,1
"c5eb9407-caeb-4303-b383-6929aa94021c",0,0,0,0,1,3.86681553250055e-17,0.000387611922942591,1,0,1,1
"cd689e77-dfdd-4f81-b50c-5e5a3f5e38a4",0,0,0,0,1,4.48101875616297e-18,0.000217167805144285,1,0,0.571428571428571,1
"b89a3568-9d87-4da0-97e3-97b30348d098",1,1,0,0,2,4.89400108689295e-17,0.000387611922942527,2,0,1,1
"5bdbcb6d-1f30-4c29-8501-f63b6445fd77",1,91,0,0,14,0.0567514142355324,0.000454205663366242,14,0,0.228113238422517,0.857142857142857
"e1d6c52e-55e1-403e-a2cc-50b07362198e",1,1,0,0,2,5.04653206632131e-17,0.000387611922942527,2,0,1,1
"94e2f6fe-37ab-4e1f-b145-26cb80069503",1,55,0,0,11,0.00614348578285708,0.0004014698207321,11,0,0.210765043846386,0.818181818181818
"761abc87-7ad8-4b40-9bf6-f80f1ad30f4e",0,0,0,0,1,4.44432807165536e-08,0.000156179700087512,1,0,0.12583498826503,1
"96855c21-b832-4366-ba12-0d2330c36a86",0,0,0,0,0,5.25564033535461e-19,5.81417884416849e-05,0,0,0,0
"23a03e33-a603-404e-bcbf-2c00159d7067",1,15,0,0,6,0,0.000387611922942731,6,0,1,1
"63e8d6f9-e247-45c9-aaf2-e079cddbdd54",1,15,0,0,6,0.00231431031666414,0.000357970177800293,6,0,0.213084683583002,0.166666666666667
"253c9ae7-850b-46be-8fbb-65e9fa621058",0.566666666666667,119,91,0,21,0.0711560416032137,0.000651096248172166,15,0.00159286505396317,0.244475622588565,0.80952380952381
"c8b03190-306c-4120-bb0b-6f2ebfc06ea9",0.374269005847953,64,107,0,19,0.0357214840001239,0.000788491537890275,10,0.00408975086993063,0.243876836948915,0.421052631578947
"20ff3303-4fe2-4a47-a1b6-291e26aa3438",1,1,0,0,2,4.10088062904142e-17,0.000299876027788052,2,0,0.354838709677419,0.5
"0ab49580-c84f-44d4-875f-d83760ea2cfe",0,0,0,0,0,5.25564033535461e-19,5.81417884416849e-05,0,0,0,0
"8a1c3e7b-e579-416e-bcce-3a782a33dc72",0.691176470588235,94,42,0,17,0.0573381281993634,0.000630989237804917,14,0.00382596918166549,0.228637034607184,0.882352941176471
"d9b5ba88-b57b-43d6-9ff1-51f53cbbf815",1,3,0,0,3,3.14754995718298e-09,0.000311559429387466,3,0,0.112755803607539,0.666666666666667
"7cc42035-7d57-4f0b-be72-28fe90284f10",1,1,0,0,2,0.000661776317283744,0.000184447436534918,2,0,0.186763129689175,0.5
"c485632c-b784-4ee9-8ea1-c5fb365681fc",1,6,0,0,4,2.87594743529328e-17,0.000387611922942731,4,0,1,1
"418fe547-4bec-48fe-8df0-ed25e27f4570",0.464285714285714,13,15,0,8,0.00540737322312338,0.000414120828209849,5,0.000534953097563932,0.213836477987421,1
"a96d82a0-cdca-40bf-b4c8-3d7ec178d85b",0,0,0,0,1,1.67167509320316e-17,0.000268883946545723,1,0,0.6,1
"0351a187-ef26-474a-a090-4e9f0fb1f84f",1,6,0,0,4,0.00017756668062609,0.000328704035783151,4,0,0.1564709843978,1
"ffbd09fd-30ca-4941-8e83-968c31076891",0,0,0,0,1,3.95405085841405e-17,0.000387611922942887,1,0,1,1
"c37dcec0-48f7-4e35-9a69-cbb81213cd09",1,10,0,0,5,0,0.000326676818161979,5,0,0.354609929078014,1
"58cb5169-ad58-4820-baf0-63f6dbd94eb9",0,0,0,0,1,3.81516586803058e-17,0.000387611922942887,1,0,1,1
"2386cd66-e923-4e8e-bf14-2eebe2e9b973",0,0,0,0,0,5.25564033535461e-19,5.81417884416849e-05,0,0,0,0
"c6ecb060-2a9f-43b4-a657-440150548c6d",0,0,0,0,1,5.47194884990043e-18,0.000175126705421615,1,0,0.571428571428571,0
"144189b9-e06f-46bd-9cbf-71c2b9aec28c",1,45,0,0,10,0,0.000401335180495261,10,0,0.433333333333333,1
"ef326b3d-61f0-4379-aca0-21237d696d63",0,0,0,0,0,5.25564033535461e-19,5.81417884416849e-05,0,0,0,0
"e4a51f17-a57b-47b1-b37b-f552d0f8e9e6",0.157142857142857,99,531,0,36,0.0277367910806748,0.00141196020511703,8,0.00594471359360955,0.241009681881051,0.777777777777778
"92a42e82-b36f-4308-82c1-68bad2e03c89",1,1,0,0,2,4.88063315187137e-17,0.000387611922942295,2,0,1,1
"9b46bd1f-2f9e-46bb-9a68-4e24c644a137",1,28,0,0,8,0.0104519943062826,0.000386467098215922,8,0,0.197702453552688,0.875
"ded9fa6b-5141-486a-bc12-51c313e606b9",1,3,0,0,3,4.19218406881492e-17,0.000387611922942939,3,0,1,1
"b5e59918-1d97-4f80-829c-a2db9f531faf",1,36,0,0,9,7.09185359731545e-05,0.000377857187313606,9,0,0.16962764662935,1
"5c882e22-3467-4cc3-8c77-6595288f3b39",0.5,18,18,0,9,0.003786502703654,0.000496067468261105,6,0.00340431745461005,0.194665549504259,0.888888888888889
"f1f81989-dfa9-4bd3-805e-dcf3900c43e3",1,36,0,0,9,0,0.000386834725742279,9,0,0.453333333333333,0.444444444444444
"48b2fec4-8262-4834-9bf4-75be00bb9993",1,6,0,0,4,0.000827076161647825,0.000288187235672394,4,0,0.191958138253925,0.75
"80cadd99-f560-41e3-babd-16292bbd248a",1,3,0,0,3,4.02464831705525e-17,0.000387611922942939,3,0,1,1
"7808accb-6395-4b25-858c-678bbb73896b",0,0,0,0,0,5.25564033535461e-19,5.81417884416849e-05,0,0,0,0
"aead4f9a-43cb-4223-af9c-83048d9c1984",0,0,0,0,0,5.25564033535461e-19,5.81417884416849e-05,0,0,0,0
"a1397091-6ac0-4c6e-bd55-de0d62f52d12",0,0,0,0,0,5.25564033535461e-19,5.81417884416849e-05,0,0,0,0
"3765dccd-b659-4298-9211-15c3f73b40bf",1,3,0,0,3,3.81834972076178e-17,0.000387611922942939,3,0,1,1
"96800e05-9924-4321-859a-76e0d4750f2f",1,21,0,0,7,0.00268111088802885,0.00029538728494577,7,0,0.207718670838921,1
"b940b832-506c-45ef-9f3a-40d5d053eb27",1,10,0,0,5,0.00513672315830137,0.000314462813660389,5,0,0.181865622961513,0.6
"00136dd9-1047-4999-af1f-d709c5fa09f9",0.541666666666667,65,55,0,16,0.0205118197686446,0.000664016182048936,9,0.00467367609908438,0.253362413667757,0.4375
"4e954b02-fae2-4bd7-9547-e055a6ac0527",0.766233766233766,177,54,0,22,0.0398041955538491,0.000593374953864951,16,0.000494710924111651,0.233110367892977,0.681818181818182
"83d91898-7763-47d7-b03b-b92132375c47",1,3,0,0,3,2.67206626211786e-05,0.000249400421449253,3,0,0.149298489878976,0.666666666666667
"c7020c6d-cae9-4db3-92a7-e5c561cbad50",0,0,0,0,0,5.25564033535461e-19,5.81417884416849e-05,0,0,0,0
"2ba21c9c-e36b-4031-a4c3-20d925d226d3",1,66,0,0,12,0.000147232549962896,0.000412783089902072,12,0,0.170749632533072,0.916666666666667
"f8e12ed8-1d24-431a-b7c9-b8dd6db867ff",1,1,0,0,2,4.95740737833427e-17,0.000387611922942295,2,0,1,1
"b1570544-93ab-4b2b-8398-131735394202",1,1,0,0,2,5.0431982907546e-17,0.000387611922942527,2,0,1,1
"a2dce1c9-f3ed-4022-a742-ae14d91f32cc",1,28,0,0,8,0.0104519943062826,0.000386467098215866,8,0,0.197702453552688,0.875
"905a8f9b-03dc-4f47-b9bb-ecce7ea13ab1",1,6,0,0,4,6.50925161055417e-18,0.000353645929694954,4,0,0.666666666666667,1
"ff4c8d42-4871-4778-885b-d41b01245133",1,1,0,0,2,4.96697625172033e-17,0.000387611922942527,2,0,1,1
"ac6cc156-eb47-4c98-9b04-b57ece512950",0,0,1,0,2,0.000532907859445301,0.000236658506685171,1,0.000354217682404307,0.165479582146249,1
"2c418d76-0069-4bb5-bd13-bed68da3ba25",1,1,0,0,2,0.000622431387048111,0.000130830518534807,2,0,0.182412980895054,1
"ec3e1298-23c5-4c39-bb2b-ae6a588afdeb",1,66,0,0,12,0.00196577750174624,0.000421009983995922,12,0,0.206886316414366,0.916666666666667
"c5f259d0-abd8-418e-81ee-3965fd4e4e9a",0,0,0,0,0,5.25564033535461e-19,5.81417884416849e-05,0,0,0,0
"1b0ae75d-8006-4656-9408-8e1b02424ed0",0.8,44,11,0,11,0,0.000468967735866119,9,5.59424911191295e-07,0.465753424657534,0.454545454545455
"3e308b4a-c8d0-4883-8c38-e2953002a882",1,6,0,0,4,0.00389745318393025,0.000278362575514154,4,0,0.178557704624055,1
"d9b295f1-9634-47bf-a290-b3d91681a88d",0,0,0,0,1,0.000680457174052507,9.92756893298734e-05,1,0,0.195621667134437,1
"791da60e-0108-4400-9e84-ca2fe8e74b64",1,45,0,0,10,0.0333811444319724,0.000361085518316771,10,0,0.236833163438668,0.8
"aa659468-db56-41c9-b6fe-61f4bb2ef1a6",0.9,9,1,0,5,1.97353888928802e-17,0.000436702859025849,4,1.27142025270749e-07,0.857142857142857,1
"cff102cc-236f-4936-a1b7-0e80a1d28ff7",0.666666666666667,4,2,0,4,5.83980572796788e-17,0.000475668664735231,3,2.54284050541498e-07,1,1
"c53f2749-4c19-48fa-b99b-5f4c11297b2c",0.75,27,9,0,9,1.18480874345097e-07,0.000516371132583186,7,0.000188492290531392,0.128526645768025,0.333333333333333
"8b98f267-a203-4e69-a6cb-996d4cfecaf7",0.5,3,3,0,4,0.00958448256572566,0.000237568991523435,3,0.000146037435821843,0.214329643296433,0.25
"5a69d52e-e9ac-40cf-8b94-d2576c66ef85",1,28,0,0,8,0.00986081676683816,0.000322433536880577,8,0,0.224296057924377,0.5
"711cf846-2944-477d-b841-4189792d25b4",1,15,0,0,6,0,0.000355964100626033,6,0,0.3125,1
"88991326-cbc7-4a03-b4f4-94e4a859b6c8",1,10,0,0,5,0.000339697888794925,0.000286685128933079,5,0,0.156313074680422,1
"5a052a86-65e5-4ac6-9a43-3008a1fb3881",0,0,0,0,1,3.88360322874484e-17,0.000387611922942887,1,0,1,1
"e8674a18-6b6c-4a88-9252-d7f8661bd671",1,3,0,0,3,3.52671255213598e-17,0.000387611922942804,3,0,1,1
"3394771a-a36b-4739-bcd9-301d09121af8",0.24031007751938,217,686,0,43,0.0231218144933901,0.00148573245067812,15,0.0124693794917968,0.258339510748703,0.813953488372093
"1ee7489a-af64-4ca2-9041-c1d8588b3a97",1,6,0,0,4,0.000259356378945961,0.000265295634155864,4,0,0.17333996518279,1
"87ae83df-6173-40cc-a0f2-bad543faa6aa",0.111111111111111,4,32,0,9,0.00584171722421109,0.000744704806237949,3,0.00182425506582579,0.192408557625949,1
"05ec340f-c772-4995-9256-092c6931d098",1,15,0,0,6,0.00127826910653933,0.000350994295602195,6,0,0.177647508602014,1
"817c68f4-e110-4529-82fa-aec902e9768f",1,3,0,0,3,3.87438738788026e-17,0.000387611922942939,3,0,1,1
"bdacc37b-8633-4bf8-9dd5-4662ee651aec",0.5,3,3,0,4,8.13320756659562e-17,0.00055051725637618,3,7.62852151624494e-07,1,1
"ff1cafa3-7ed4-4ed2-afbb-d1f263d607a8",0,0,0,0,0,5.25564033535461e-19,5.81417884416849e-05,0,0,0,0
"39787cc4-b614-485b-86f2-91c99ddf2f93",0.333333333333333,1,2,0,3,8.10230669098402e-17,0.000568604778688942,2,5.08568101082996e-07,1,0.666666666666667
"28737730-ec70-4da5-89c5-77ac13c5c34d",0,0,0,0,1,0.000349988101861688,0.000106417776613036,1,0,0.185446321670879,1
"7cb6e306-a75b-48b4-be00-2c4aa6bbe3a8",1,3,0,0,3,0.0136224611917345,0.000168928210966288,3,0,0.221939181658972,0.333333333333333
"15d7ee5c-f9eb-4a3a-9721-0edb0b21f168",1,6,0,0,4,0.000513678209163737,0.000241514059111576,4,0,0.193181818181818,0.5
"ab13b249-4880-4538-980f-c9e48bed1844",1,3,0,0,3,4.07460179480632e-17,0.000387611922942939,3,0,1,1
"1c26f82c-b35d-4c8e-a1f4-9c20747495c9",0,0,0,0,1,3.71844665505464e-17,0.000387611922942591,1,0,1,1
"7d661adb-5d8c-421a-aee1-bb6f4c0c0992",0.809523809523809,17,4,0,7,0.00221151164924805,0.000302990363886552,6,9.38735688056853e-05,0.210860686734231,0.857142857142857
"d9550ac2-7bcf-4655-a3fe-24922e254a74",1,1,0,0,2,4.92762901186158e-17,0.000387611922942527,2,0,1,1
"7e959acc-3f7f-434f-ae8f-aeadf92bad80",0,0,0,0,0,5.25564033535461e-19,5.81417884416849e-05,0,0,0,0
"260b6184-8828-48eb-945c-bc4cb6fc34ca",0.228571428571429,24,81,0,15,0.00329220841958107,0.000763069232919058,6,0.00347275972990674,0.217167783143792,0.133333333333333
"a9ee533f-8871-4f62-a6bb-91eb264abc90",0,0,0,0,1,2.9925380118824e-05,0.00014107258591388,1,0,0.167246550689862,0
"e0ffdd76-aef8-48ed-b850-b83208589dca",1,3,0,0,3,4.55168009826535e-17,0.000387611922942804,3,0,1,1
"02669ae0-7b21-4648-8a2e-04a28aaba9d1",0,0,0,0,1,5.042939025269e-05,0.000105564789673632,1,0,0.163653439774595,1
"7e2900f1-2c19-4371-9bd5-4c07826f45ef",0.345454545454545,19,36,0,11,0.0185395980948899,0.000437809117138614,7,0.0043556694832147,0.240718356069763,0.909090909090909
"e70235d5-f15f-4750-b916-42aadcd579a7",1,21,0,0,7,0.00872160410630961,0.0003527924926171,7,0,0.19614464612354,1
"2b1ec960-982a-450d-a27b-d7a77a1b40ac",1,3,0,0,3,0.000166873530443582,0.000212116681282015,3,0,0.18661311914324,0.333333333333333
"2ffba2ce-d1ec-4a83-bafc-f515577cc106",1,1,0,0,2,4.67168518191543e-17,0.000387611922942527,2,0,1,1
"1edc84fc-d7af-401f-876f-954d2a02209e",1,3,0,0,3,3.98751550781095e-17,0.000387611922942939,3,0,1,1
"af49ecbb-a0b9-4805-9cec-f97eac794c81",1,3,0,0,3,5.7020684088459e-08,0.00027633854943509,3,0,0.127015945330296,0.666666666666667
"43225337-b9fa-4fc5-b4cc-990b72fd149b",1,3,0,0,3,4.18205749251879e-17,0.000387611922942939,3,0,1,1
"60206a25-37e1-4617-b036-71f8a965412e",1,3,0,0,3,1.6303561833516e-10,0.000347594078403074,3,0,0.101551686457347,0.666666666666667
"1e4e9db7-5068-4a9c-bdd0-5777e47172c8",0.392857142857143,11,17,0,8,6.20235683930212e-17,0.00076007420423994,5,1.65284632851974e-05,0.428571428571429,0.625
"56576619-c9e0-4e66-b2cc-f9795025448e",1,3,0,0,3,2.53781167107419e-17,0.000363210657144865,3,0,0.8,1
"0eb93ee5-2e6a-4ab4-a988-99c9139a664a",0.333333333333333,22,44,0,12,0.00403109782511774,0.000546026872952759,6,0.00740163070217813,0.223576583801123,0.0833333333333333
"c33c2065-b1c3-4406-b066-d33a9e2ea71a",0,0,0,0,0,5.25564033535461e-19,5.81417884416849e-05,0,0,0,0
"2342146c-053a-42c5-8618-d87474d01a5e",0,0,0,0,1,3.91178154284369e-17,0.000387611922942591,1,0,1,1
"49204a7a-ed85-407a-828f-6fd46f1d8126",0,0,0,0,0,5.25564033535461e-19,5.81417884416849e-05,0,0,0,0
"71bcb5be-394c-4c04-bb38-35982e8a94d3",0.833333333333333,5,1,0,4,1.0816035864744e-17,0.000404927537089146,3,1.01713620216599e-06,0.555555555555556,0.5
"618b6900-0618-4f1e-b835-bccb17f84294",1,3,0,0,3,1.65252079206554e-06,0.000348701254865238,3,0,0.143415637860082,1
"44cc2d70-819d-4fb1-a65c-5c693419eea0",1,10,0,0,5,0.000355108211994098,0.000346532000106148,5,0,0.167850692354004,1
"37d0a847-32d3-480f-bd1e-101f50a3d332",0.153846153846154,12,66,0,13,0.000872865705852104,0.00113237866146171,3,0.00387986604316217,0.197087515905556,0.307692307692308
"f0e17f11-0748-447b-8dc2-ec44d2425650",1,66,0,0,12,0.000147232549962928,0.000412783089902007,12,0,0.170749632533072,0.916666666666667
"e9f2c808-cf43-4d52-be4d-ea3311f0a4d9",1,6,0,0,4,7.52437250631502e-06,0.000254345304423603,4,0,0.155632466227532,1
"8ef1df30-ae4f-4dbd-9351-1a32b208a01e",0.4,4,6,0,5,0.00551414208716728,0.000323219515185433,3,0.00390863989067383,0.216526871699286,0
"ecbe0f51-b540-498e-907d-bfaf2fdb75b0",1,15,0,0,6,0.067461524370523,0.000256302085099766,6,0,0.220674370745607,0.833333333333333
"035bc391-d7dd-4a68-8321-fa1e02697fc8",0,0,0,0,1,2.83227611092937e-17,0.000298565940645328,1,0,0.666666666666667,1
"b787b4f2-ad08-43ba-845b-c3393a8079eb",1,3,0,0,3,0.00308012967348592,0.00016631973918756,3,0,0.207811568276685,1
"e09bfd0b-2118-4bf4-bd4e-1d5e245e6d02",0,0,0,0,1,0,0.000169212827038826,1,0,0.545454545454545,1
"bfeb843d-d3b1-4308-b81a-8dce7c2eecbe",0.7,7,3,0,5,0.0137956259647076,0.00030993517992461,4,0.000176981699176883,0.213902102194261,0.6
"8aa5b65a-5b3c-4029-92bf-47a544356934",0.428571428571429,12,16,0,8,1.0405838319669e-06,0.000593256856726193,4,0.00220559628338432,0.145405236257432,0.375
"4bbc8087-548d-4484-abd2-5b1f4c1a7940",0,0,0,0,1,5.12266763038893e-05,0.000132297192149234,1,0,0.156242994844205,0
"c1708d03-8a66-46eb-848e-fe0d233ffb39",1,6,0,0,4,0.00386118298403949,0.000240849574363065,4,0,0.197870830376153,1
"48878cad-3a64-42cd-998b-72d37631c9f6",1,6,0,0,4,2.34142110473591e-17,0.000387611922942731,4,0,1,1
"5c1fdfd8-20de-4eca-846e-478d9252c32d",1,36,0,0,9,0.00365265990226524,0.000395302979335951,9,0,0.204009951704961,0.777777777777778
"13d92e1d-d230-4827-84ba-14643630751d",0.809523809523809,17,4,0,7,0.00221151164924805,0.000302990363886497,6,9.38735688056853e-05,0.210860686734231,0.857142857142857
"23207c32-6743-4982-9f46-e297b2e4eb14",1,15,0,0,6,0,0.000387611922942731,6,0,1,1
"79b3801c-f1eb-46c4-b486-4d42cb691d25",0.642857142857143,18,10,0,8,0.000245360541842835,0.000460941592547777,6,0.000352691978101058,0.17867213534991,1
"f58094e4-5c56-4421-abde-e83253b5f581",1,6,0,0,4,9.74200836306482e-05,0.000255240757950556,4,0,0.168540684318704,1
"99e1e676-31a5-4c0f-8e36-05553532f9fa",0,0,0,0,1,4.02856922724911e-17,0.000387611922942887,1,0,1,1
"e6c48159-cd80-499a-af7b-bbd92cc057b9",1,15,0,0,6,0,0.000299881209422214,6,0,0.588235294117647,1
"f084dc81-1b43-42cc-aeb4-6888b530c66b",1,15,0,0,6,0.00021930808811958,0.000373219300098721,6,0,0.157371867238654,1
"f09efc2c-210d-4a94-909a-20a233a75ec6",1,55,0,0,11,0.00614348578285707,0.000401469820732043,11,0,0.210765043846386,0.818181818181818
"c141b586-6892-4af6-9a50-2005df8b94da",0,0,0,0,1,3.97657103063971e-17,0.000387611922942887,1,0,1,1
"f5dfa020-ad69-41cd-b3d4-fd7af0414e94",0.4,6,9,0,6,0.00530296855977867,0.000287927123030588,5,0.000354877733637946,0.208995502248876,1
"d385327c-34d8-4259-8f16-d6939ec99ebb",1,105,0,0,15,0.00711978265539295,0.000497928010116787,15,0,0.220047355958958,0.933333333333333
"0cbf7f60-2e29-4b92-a5ec-5b913b630cd6",1,6,0,0,4,2.21621376448027e-17,0.000387611922942844,4,0,1,1
"cf0dbc16-4e24-4957-b5b4-955c8978f690",0,0,0,0,0,5.25564033535461e-19,5.81417884416849e-05,0,0,0,0
"21e6aab7-8077-4351-b013-f3f29772714c",1,1,0,0,2,3.47741416701018e-17,0.000381298218672404,2,0,0.75,1
"ce8dbfe4-3ce7-41e9-9bb3-13e35c053318",1,15,0,0,6,0,0.000387611922942645,6,0,1,1
"0d198fa9-490a-4a71-ac56-e7ee37888396",0.494736842105263,94,96,0,20,0.00283539499070686,0.000718697725987964,12,0.00240364930070285,0.216291698991466,0.95
"fa58cf24-0e44-421d-8519-8bf461dcfaa5",0,0,0,0,1,2.24247703696564e-17,0.000272008366977685,1,0,0.5,0
"67f66c07-6e61-4026-ade5-7e782fad3a5d",0,0,0,0,1,1.26773332615031e-05,0.000121667153655663,1,0,0.149250535331906,0
"b342d50e-401c-4c77-b7e4-2b3e7beaf00a",0.333333333333333,2,4,0,4,8.67509264947819e-17,0.000618819034873922,2,1.01713620216599e-06,1,0.5
"8328b279-1863-487b-976a-58a62b85220a",1,6,0,0,4,0.00317429003661761,0.000204263203403133,4,0,0.202852153667055,0.5
"83aeb2c4-579f-41e7-96d6-73dc1173edde",0,0,0,0,1,3.83671820651848e-17,0.000387611922942887,1,0,1,1
"5ec1ecc6-4535-4911-a27a-e26343f4a189",0.261437908496732,40,113,0,18,0.0150446232350935,0.000724817828765301,7,0.00122740076275721,0.237316990125979,0.333333333333333
"21645c31-fe1c-45a4-955c-3e172b12c3f9",0.25,34,102,0,17,0.000290595463559362,0.00112640607885114,8,0.00702256262380455,0.165853658536585,1
"65c351fd-bcc4-47fe-b7b7-15bb4912a8e9",1,1,0,0,2,3.13184988186036e-09,0.000256366350322117,2,0,0.11545469604108,1
"d8fd8d9b-473b-4f06-83c8-869b1bb9de89",0.395604395604396,36,55,0,14,0.00660060848411459,0.000727370585462497,7,0.00133184945351212,0.205604719764012,0.357142857142857
"3451be55-9f9e-4baa-b57b-fcce1b664e98",1,3,0,0,3,1.59169123354316e-05,0.000264143290117205,3,0,0.142302980808493,1
"9491138a-e451-4026-8d03-d20bcc7f9f2a",0.7,7,3,0,5,0.00019467522201911,0.000317071466604912,4,0.000361552117197087,0.18984066457851,1
"7999a8a1-6cbd-4453-8dd4-ebd03a10e44f",0,0,1,0,2,7.03469968546617e-17,0.000565703887538132,1,2.54284050541498e-07,1,0.5
"20c9c2de-e23c-43a0-8706-7c5bfdb1d31e",1,1,0,0,2,4.76158958468314e-17,0.000387611922942527,2,0,1,1
"44c64a30-1d58-49c5-b314-6e02fba49526",0,0,0,0,1,3.87726408032134e-17,0.000387611922942887,1,0,1,1
"0211756e-139e-4b4c-a721-9ee9db363f12",1,3,0,0,3,3.94059653558867e-17,0.000387611922942804,3,0,1,1
"3a052c99-8c18-484a-8beb-9873b4fb3106",1,10,0,0,5,0.00108120127326695,0.000290490761891206,5,0,0.203920421299005,0
"23e6234d-d57c-42e4-a7e9-e84e072adb25",1,6,0,0,4,0.00154838474922751,0.00023475337956023,4,0,0.206274045575614,0.75
"4a08f237-59f6-476d-a98f-66b19a7470ed",1,36,0,0,9,0.0277068939187004,0.000307874748509366,9,0,0.225092846762474,1
"2d9eca62-e738-494a-827b-a4f7a847d75c",0,0,0,0,1,3.82987790228441e-17,0.000387611922942887,1,0,1,1
"2006a0f7-04ed-48bc-8a60-0e01b95f5095",1,36,0,0,9,3.3676563348265e-05,0.000391323072529927,9,0,0.158409090909091,0.666666666666667
"7eb1ce54-a355-41f9-8d68-e018b096d427",0,0,0,0,0,5.25564033535461e-19,5.81417884416849e-05,0,0,0,0
"db8d33d1-80b3-47c0-a71c-cffdf227521e",1,1,0,0,2,5.07281359151724e-17,0.000387611922942527,2,0,1,1
"ef73e6ed-9096-4ddb-9799-b94874d0ce33",0.417582417582418,38,53,0,14,0.0834587696375,0.000693331125442942,8,0.00203630457709751,0.220395256916996,0.357142857142857
"fc7ac183-74f9-417a-bfbb-8c5840d01fa7",1,6,0,0,4,4.22859319290788e-05,0.000365019866335244,4,0,0.16415449835139,0.5
"592da4c4-9618-4a1a-a944-e60c05c39037",0,0,0,0,1,0,0.000122732873647142,1,0,0.357894736842105,1
"14ec11c6-d275-405e-999b-d7629633e51d",1,21,0,0,7,6.25756778298529e-07,0.000383482771593958,7,0,0.13495982186078,1
"b1cfbd77-bda6-4de8-a344-eb2f26c4f1ef",1,21,0,0,7,0.00788693874488993,0.000321771506251186,7,0,0.2187009727016,1
"90023d8a-3907-45ec-a2aa-b8da61a6d0bd",1,10,0,0,5,1.88447890239569e-17,0.000387611922942779,5,0,1,1
"a9d1d9b5-968c-486d-8a97-6077885f2ab8",0,0,0,0,0,5.25564033535461e-19,5.81417884416849e-05,0,0,0,0
"83735edd-f2a3-41d0-a31d-652bc3cadb3e",1,66,0,0,12,0.0380776372440359,0.000400059812890016,12,0,0.224476650563607,0.916666666666667
"32f02957-6de6-4663-bf2d-0b3aa0662384",1,78,0,0,13,0.0209056614043479,0.000365133851884365,13,0,0.190854326396495,0.384615384615385
"1d8b8292-7dc9-45a1-8cdf-818148cb56ea",1,3,0,0,3,4.28491163894007e-17,0.000387611922942939,3,0,1,1
"fe27eaad-5cce-4d3f-bcee-a55cb05779bd",1,1,0,0,2,5.07755435494607e-17,0.000387611922942527,2,0,1,1
"43f28d78-3566-4fd2-bdae-a15bb6342d16",1,6,0,0,4,8.43434268964647e-05,0.000277212024944414,4,0,0.163942138068917,0.75
"29fab96f-c3a2-4251-80f6-7ccda50da706",1,3,0,0,3,3.60579786515175e-17,0.000387611922942804,3,0,1,1
"2244c1f9-773f-4541-a4fe-ee6dc4f2ce60",0,0,0,0,0,5.25564033535461e-19,5.81417884416849e-05,0,0,0,0
"8ccf5657-92d6-4f31-9527-ba1fb90530b3",0.9,9,1,0,5,0.000135579420841795,0.000329856543248302,4,2.39484351184565e-05,0.175721668977688,0.8
"dc6341b6-2914-4fcc-b58c-985733b43f16",1,3,0,0,3,4.4042447233891e-17,0.000387611922942939,3,0,1,1
"b8dda016-7150-4b5f-9b64-f12ea82882ae",1,1,0,0,2,5.05783781732393e-17,0.000387611922942527,2,0,1,1
"9118f524-be76-4eaf-875c-ccf15e2a2ad6",0.584795321637427,100,71,0,19,0.046415467757102,0.000637419551218955,12,0.000192583876379534,0.224766204450177,0.947368421052632
"d6ed7887-a401-47a8-893c-34b967444d26",0.236363636363636,13,42,0,11,3.06095789636838e-05,0.000768536412956803,4,0.00368613599020493,0.165459940652819,0.181818181818182
"e96edb5d-52c3-4ba9-8097-9a4e8c5e2f88",1,36,0,0,9,0.0173131103018833,0.000371705950073684,9,0,0.240718356069763,0.666666666666667
"64facc0b-6e13-46e6-ac3d-c6c1653598cd",1,1,0,0,2,0.00136205845504118,0.000163519749615959,2,0,0.176254899481603,1
"0e48d6a9-7a38-42ae-9356-65ad8b6e977d",1,6,0,0,4,2.71890396234105e-17,0.000387611922942844,4,0,1,1
"4b807f4a-ce62-494b-bb5b-05372d6b0ae9",1,10,0,0,5,6.4717523703521e-05,0.000349234505923103,5,0,0.165636882129278,0.8
"071d8ae3-e92d-41e1-bc21-378d33400d1d",1,3,0,0,3,0.000593419071710607,0.000255039820322059,3,0,0.176881106458571,0.666666666666667
"543727f8-971b-4433-a208-9896b0785dbf",1,21,0,0,7,0,0.000399052454029471,7,0,0.818181818181818,1
"194e5e92-0f2d-4d81-b5b9-c5f18d9edd59",0,0,0,0,1,3.84245160392074e-17,0.000387611922942887,1,0,1,1
"c777f839-67ce-4d26-99de-8a6707ad1b44",1,10,0,0,5,0.00513672315830137,0.000314462813660324,5,0,0.181865622961513,0.6
"38dd6337-19ae-4793-ab4b-313eff523457",0.333333333333333,1,2,0,3,2.23750711139958e-17,0.000364193537773434,2,8.39137366786943e-06,0.466666666666667,0.333333333333333
"f99ccd31-b368-4b40-bde8-8fba740c8466",1,105,0,0,15,0.00711978265539309,0.000497928010116726,15,0,0.220047355958958,0.933333333333333
"e9a9acf3-673e-441a-90a6-8d05e8e1e892",1,3,0,0,3,3.96197660240884e-17,0.000387611922942804,3,0,1,1
"c47026a1-3300-4cf7-80df-8b9462a884e4",0.666666666666667,2,1,0,3,0.000809414245624936,0.000257504376034065,2,0.000176981699176883,0.196504087961658,0.666666666666667
"d7557f83-02a4-47c4-b48e-ac9d49f9c92c",1,10,0,0,5,1.52151723742556e-17,0.000397773187200897,5,0,0.358974358974359,1
"628afe17-d46a-43c6-82fa-074cc7ed3b3a",0,0,0,0,0,5.25564033535461e-19,5.81417884416849e-05,0,0,0,0
"668391a3-cf69-4cd2-9d18-12e82fec15f2",1,1,0,0,2,5.42948834619857e-17,0.000387611922942527,2,0,1,1
"bfa30cb9-c909-4ffe-bc45-2a957455b03b",1,3,0,0,3,8.14219193337284e-18,0.000329810144960128,3,0,0.8,1
"d12cfa67-ad97-4b34-a71f-1dcce737f5e3",0,0,0,0,0,5.25564033535461e-19,5.81417884416849e-05,0,0,0,0
"42ba45d2-4938-4bf5-9121-5caffc719c4d",1,3,0,0,3,4.32028367880381e-17,0.000387611922942939,3,0,1,1
"05517043-ff78-4988-9c22-88c68588ebb9",0,0,0,0,1,2.45522102069074e-17,0.000272008366977152,1,0,0.5,1
"69681b02-05b8-4685-80cb-e98983b7a96f",0,0,0,0,0,5.25564033535461e-19,5.81417884416849e-05,0,0,0,0
"79c6b6f4-cb92-4f03-a1ef-82e7aa4eddbb",1,3,0,0,3,3.25524519746837e-05,0.000337671591026523,3,0,0.165833928146562,1
"c6a951c5-534d-42d7-a06e-2a3a7be1d17e",0,0,0,0,1,0.000212995455625856,0.000112189228270789,1,0,0.186015479049907,1
"9011971a-df29-4b57-8889-2e5e9a645cbe",1,6,0,0,4,2.17611798095315e-06,0.000301112046766202,4,0,0.143533772652389,0
"37b2cb82-ef79-4d46-a184-a549450aa231",0.2,93,372,0,31,0.0396931573353033,0.00115897814843826,9,0.00980911563527802,0.262622456669179,0.387096774193548
"5a6131f9-f8db-4722-b4d7-6a0c7183c590",0.387692307692308,126,199,0,26,0.00926803360145522,0.000956591745898551,15,0.00661881700907066,0.23914908217533,0.230769230769231
"2d623e82-73e2-4179-9c44-e963980f2d58",0,0,0,0,0,5.25564033535461e-19,5.81417884416849e-05,0,0,0,0
"e4bc69e2-a064-4f93-ada1-f7f209cc1cc3",0.233201581027668,59,194,0,23,0.0155069957922494,0.00107361610887048,8,0.00808071861748578,0.244389901823282,0.217391304347826
"1c294418-722f-45a3-a24d-910f9b6f1502",1,6,0,0,4,0.0018363038604498,0.000205741858335845,4,0,0.207811568276685,1
"e2c00c56-8365-4160-9f40-a64682917633",0,0,0,0,0,5.25564033535461e-19,5.81417884416849e-05,0,0,0,0
"9484dbd2-849b-42e8-ab23-a3c1b9012e9c",1,3,0,0,3,3.2552451974678e-05,0.000337671591026457,3,0,0.165833928146562,1
"f7ec7f63-91cb-4dc8-9d2e-01ed242fd088",1,10,0,0,5,0,0.000326676818161896,5,0,0.354609929078014,1
"fcfa9543-e113-4ef9-9ef6-455ba4cbe7af",0.333333333333333,1,2,0,3,6.34543103644981e-17,0.000465970807990911,2,2.03427240433198e-06,0.473684210526316,0.333333333333333
"5bb2ca9b-4862-4770-bc64-ceab41d13f5b",1,15,0,0,6,0.000219308088119583,0.000373219300098653,6,0,0.157371867238654,1
"f57d8a69-ed3c-4d18-8bce-0083b162fae6",1,21,0,0,7,1.16755743697203e-05,0.000342722890082928,7,0,0.144082687338501,1
"875749d5-a6c6-4ea7-94b9-21c90a2c1a63",1,3,0,0,3,0.0036893003824579,0.00020617290707546,3,0,0.184660219896675,1
"0b1b3996-d4e5-4b04-986c-340d57ae8d3b",1,6,0,0,4,0.00051361559774811,0.000238646827746713,4,0,0.192807745504841,0.75
"9964ddf9-f660-46f7-8f26-1f3fb18cf0ff",1,66,0,0,12,0.000147232549962916,0.00041278308990194,12,0,0.170749632533072,0.916666666666667
"f526f656-ad83-46ce-be57-a5814c57e757",0.466666666666667,7,8,0,6,2.7705813190728e-07,0.000529931160401746,3,0.000706909660505364,0.128349139121628,1
"2093207d-cb69-4789-866b-5ac772c9ebd3",1,3,0,0,3,0.00195658845585382,0.000215576330477346,3,0,0.19614464612354,0.666666666666667
"7ef79f87-2ce7-4826-8890-8033cb77b077",0.523809523809524,11,10,0,7,0,0.000525456508751579,5,2.44112688519838e-05,0.3125,1
"1964d560-1e82-4879-bd6e-3cbfb7dba01e",1,190,0,0,20,0.903585867658377,0.000507526612084719,20,0,0.210161314638927,0.85
"61a57a2a-4c7f-4b41-8109-1070a9c32242",0,0,0,0,0,5.25564033535461e-19,5.81417884416849e-05,0,0,0,0
"dbc997aa-da05-4dd3-a36d-a07af8f862d7",1,1,0,0,2,4.89562467011574e-17,0.000387611922942527,2,0,1,1
"fb7272ba-f130-4f0a-934d-6eeea4c18c9a",1,1,0,0,2,2.71704398105143e-05,0.000200789314003979,2,0,0.161792014856082,1
"e6fdf3f9-8077-4126-b0cf-94da9a8b627e",0.7,7,3,0,5,0.000448734388454808,0.000350944818344295,4,6.87248340087594e-05,0.170728720146969,0.4
"749a2c41-0829-45ad-ba25-1a45f8578d03",0.461538461538462,36,42,0,13,0.0029323629451094,0.000561737382877427,7,0.00591106836583555,0.217404865876482,0.923076923076923
"134cb0bc-06fa-42f7-8078-b0c858349975",0.464285714285714,13,15,0,8,0.0108340667206011,0.000492945572059657,5,0.00106112734290967,0.214791987673344,0
"0e3f65bc-f2c8-4a57-a47d-11868eefd4b6",1,1,0,0,2,4.77982875332668e-17,0.000387611922942527,2,0,1,1
"e5c9209e-be5e-44e6-a154-f3b2dfe71794",1,28,0,0,8,0.00986081676683818,0.000322433536880515,8,0,0.224296057924377,0.5
"527c65d1-9fdb-4482-8796-dde2980bd63a",1,10,0,0,5,0,0.000246335839434755,5,0,0.430379746835443,0.2
"d38c64ea-a084-49c5-ac73-f57ef53f1195",1,1,0,0,2,4.71785004042442e-17,0.000387611922942295,2,0,1,1
"42a8f507-8412-4611-854f-926571049fa0",0.3,3,7,0,5,1.71644534151229e-05,0.000487652048273518,3,0.000708181080758072,0.168561064087062,0.6
"6ee43bdc-02ba-4cfe-89b9-57dab37cb87c",1,21,0,0,7,0.00788693874488992,0.000321771506251127,7,0,0.2187009727016,1
"a8010e51-688c-4f0e-a97f-757696b28e7b",0,0,0,0,1,3.74377455051e-17,0.000387611922942591,1,0,1,1
"1f4e9049-6ee4-4b4e-a2b7-4c47721d9f62",0.555555555555556,25,20,0,10,0,0.000551390334004557,6,3.55997670758097e-06,0.857142857142857,1
"a5f58cd9-6a88-4f66-8d20-cf9c8a4f4c41",1,91,0,0,14,0.0567514142355323,0.000454205663366071,14,0,0.228113238422517,0.857142857142857
"a813f779-77e2-42a8-a34a-cbd581fc0313",1,6,0,0,4,0.00106217876760275,0.000263089383828595,4,0,0.185224554876428,0.75
"df6c619f-4334-43e2-8b6a-4a32af1e4f85",0,0,0,0,0,5.25564033535461e-19,5.81417884416849e-05,0,0,0,0
"6bcc1ff2-65bf-4ac9-bb5e-560d2a30ca7a",1,21,0,0,7,1.16755743697211e-05,0.000342722890082868,7,0,0.144082687338501,1
"875203e1-8e58-4b86-8dcb-7190faf411c5",0.179310344827586,78,357,0,30,0.0199821276287122,0.00122799519506225,8,0.0136953956309765,0.24839629365645,0.9
"efb1cf08-8a85-4fa8-98d8-636d0a7c6e33",0,0,0,0,1,5.3886521287097e-18,0.000217167805144643,1,0,0.571428571428571,1
"ba853904-ae25-4ebb-89d6-c44cfbd71bd2",1,6,0,0,4,0.000294075089637826,0.000219960304517781,4,0,0.167046135410425,1
"edf81f9b-d3f0-4d57-9636-d08e851b1640",1,3,0,0,3,1.35757098032897e-05,0.000260449202518586,3,0,0.151703123299597,1
"269340a7-0a24-4827-86af-550fc6ae6322",0,0,0,0,1,3.88359329288172e-17,0.000387611922942887,1,0,1,1
"c3318701-8e8b-4dff-b43a-2291b1ffa312",1,10,0,0,5,0.00208343247887523,0.000255996452825896,5,0,0.18099195014282,1
"896d6f37-d44e-4592-b06c-cd5ba0320886",0.785714285714286,22,6,0,8,0,0.000441242680660876,6,8.89994176895243e-07,0.75,1
"3830382e-d3ad-41b2-8024-6f1fe424bc5b",1,10,0,0,5,4.00583598932589e-07,0.000378087057993268,5,0,0.13463395789067,1
"3a9d80e7-564a-418f-91d4-0cb7fee9965e",1,3,0,0,3,0.0132510030902606,0.00016887925990792,3,0,0.216157543805241,0.333333333333333
"7e5a2a59-6d9f-4a17-b7c2-e1eedb7bd222",0,0,0,0,0,5.25564033535461e-19,5.81417884416849e-05,0,0,0,0
"54d8e9a4-277b-4d3b-8ca1-a79863c1e379",0.466666666666667,21,24,0,10,0,0.000512900366072882,6,4.27197204909716e-05,0.619047619047619,1
"ff294730-0315-440d-a543-54005779c15b",0.333333333333333,1,2,0,3,7.79680260671402e-17,0.000568604778688942,2,5.08568101082996e-07,1,1
"7a1eb805-2242-4daa-bd90-c1ed350e2e48",0,0,0,0,1,2.63073113743803e-05,0.000158721653782802,1,0,0.141998573902414,1
"6c271707-9c98-4024-b6a0-818569ce9028",0.466666666666667,49,56,0,15,0.000323147999333625,0.000634474514934103,9,0.00311138197116181,0.187819994610617,0.466666666666667
"afbdfac9-2955-4404-ae22-c08bf1c1b51e",1,3,0,0,3,3.88047807404434e-17,0.000387611922942939,3,0,1,1
"535f74d5-8328-40ff-9cea-568ef916b3c8",1,3,0,0,3,0.102112745935828,0.000163554824920444,3,0,0.190385140671948,0
"277ebc64-df06-4d60-bb95-fe14936870b2",1,1,0,0,2,4.88491857600242e-17,0.000387611922942295,2,0,1,1
"2547c5e3-314c-4332-981d-f18c902a4086",0,0,0,0,1,3.96315750696933e-17,0.000387611922942591,1,0,1,1
"3862342a-43c4-4cdb-8250-bfdbfb5e1419",0,0,0,0,0,5.25564033535461e-19,5.81417884416849e-05,0,0,0,0
"d07bca29-d980-4100-8cad-065a05f2b343",1,21,0,0,7,0,0.000387611922942618,7,0,1,1
"6fa2e161-200e-475a-8492-3755594581f9",0.714285714285714,15,6,0,7,0,0.00047543225715971,4,1.37737194043311e-06,0.733333333333333,1
"ce0724ab-2d63-415b-bbb1-839f97bb771a",1,3,0,0,3,3.67640664276031e-08,0.000266368527352647,3,0,0.114638157894737,0.333333333333333
"f7db159f-a8d7-4f67-a81c-82e3e3f6e9f3",1,1,0,0,2,4.80487137232095e-17,0.000387611922942295,2,0,1,1
"65e60a4a-4e52-48b3-ade4-bdfed2c94b3e",0,0,0,0,1,3.8694111176582e-17,0.000387611922942887,1,0,1,1
"30199a54-282c-46c2-bd0f-e9567b120a67",1,1,0,0,2,3.46324486764735e-17,0.000381298218672475,2,0,0.75,1
"9fa8fdc4-91f3-4266-81e5-3c42e943217b",1,36,0,0,9,7.09185359731314e-05,0.000377857187313552,9,0,0.16962764662935,1
"a040fae5-844c-4014-9e05-2175e0d80a51",0,0,0,0,0,5.25564033535461e-19,5.81417884416849e-05,0,0,0,0
"be0d7749-0974-48ba-93bb-6e974ec193a2",1,3,0,0,3,0.00345024835272266,0.000198570147230643,3,0,0.196809261612311,1
"509086c2-9cc8-4e77-89e9-322e34240ffc",1,6,0,0,4,0,0.00040202879954096,4,0,0.55,1
"1c009a08-74d1-4682-bc56-8bfbe9e66b62",0.321052631578947,61,129,0,20,0.0176117572626372,0.000820220675925467,9,0.00379842858969953,0.237843371438321,0
"9daf6754-682e-4afe-84ae-5b35c61e26e9",1,1,0,0,2,4.45792833207687e-17,0.000387611922942295,2,0,1,1
"3ceeddbd-fba5-4bdb-99f7-2d028ed5afda",0,0,0,0,0,5.25564033535461e-19,5.81417884416849e-05,0,0,0,0
"ee27b2d8-648c-4a9d-a68c-e55066959975",0,0,0,0,1,0.000288379822617348,0.000128475020141877,1,0,0.161379949062283,1
"788c12f0-a1f8-4166-8048-2bbe2b6b193e",1,21,0,0,7,0.000739069919634935,0.000336774424617766,7,0,0.19122085048011,0.857142857142857
"2d4bc2de-8c9b-4006-945b-4508a4b0db32",1,6,0,0,4,2.60759280993185e-17,0.000387611922942844,4,0,1,1
"1662397b-22d3-45cd-9c96-20350ec12e98",0,0,0,0,1,0,0.00018684835491895,1,0,0.538461538461538,1
"d0417cd9-dc5c-48e2-9a1b-5a5a51c804cd",1,21,0,0,7,0.00872160410630963,0.00035279249261704,7,0,0.19614464612354,1
"796bc8a9-efd1-43e8-bacf-5eba68835928",1,3,0,0,3,3.93618458202562e-17,0.000387611922942804,3,0,1,1
"1ba1d493-7114-45e2-b163-a36d49a0c065",1,1,0,0,2,5.14681300336753e-17,0.000387611922942527,2,0,1,0
"3e8f2f3e-25d9-425e-9bd7-ee0b47bb1785",0,0,0,0,1,1.38189444303414e-17,0.000219246475736564,1,0,0.6,0
"1d543e07-d0d2-4834-a8db-d65c50c2a856",0,0,0,0,1,3.77593172564224e-17,0.000387611922942887,1,0,1,1
"f4857fb9-e255-4dc6-bd01-e4ca7cc68544",0,0,0,0,0,5.25564033535461e-19,5.81417884416849e-05,0,0,0,0
"2594e97a-9b01-415d-850a-ce39879c58b1",0.7,7,3,0,5,0.000194675222019102,0.000317071466604857,4,0.000361552117197087,0.18984066457851,1
"25e7bc9a-317a-44ab-87ac-dc5617110d54",0,0,0,0,1,3.67551440183804e-17,0.000387611922942591,1,0,1,1
"24d311f8-da82-4068-896b-ca061deaccb6",1,3,0,0,3,0.00210283967631305,0.000219789715402574,3,0,0.183711122825514,1
"f332a312-e95b-4413-b6cc-1762a5a6a083",1,1,0,0,2,4.93421905990432e-17,0.000387611922942038,2,0,1,1
"32ac762f-9d80-4dbc-a0c6-898de0592dac",1,1,0,0,2,4.43929438573276e-17,0.000387611922942527,2,0,1,1
"677e31f1-4035-463c-8ca4-41175440c919",1,1,0,0,2,1.68410402322573e-17,0.000329810144960071,2,0,0.666666666666667,1
"14aea021-97ec-48f0-b69b-8a177c7c72ad",1,1,0,0,2,8.87831097233115e-08,0.000250920051907775,2,0,0.125857710364753,1
"58e2c1c3-fb2a-4251-a667-fc802908680f",1,28,0,0,8,0.00100300374666966,0.000349918460211948,8,0,0.195457094784072,1
"3332c24c-39ed-414d-afdf-87cdef7ddabc",0.377777777777778,17,28,0,10,0.000660660475960357,0.000480783980388917,6,0.00314301776213338,0.203414562965125,0.3
"bea9772b-b952-411f-9499-6d834735cf75",1,15,0,0,6,0.00551100955348421,0.000284999819558345,6,0,0.230260984473076,0.5
"c5ce487b-0462-444e-a184-4de0fef7e028",0,0,1,0,2,6.94679139448744e-17,0.000565703887538132,1,2.54284050541498e-07,1,1
"62879ad9-1594-46ff-a2f4-bca5207a8fd6",0,0,0,0,1,0.000170634844907026,0.000143206412012764,1,0,0.157371867238654,0
"942a9807-9c1a-4a0e-a285-1fde2c5be9d1",0.666666666666667,70,35,0,15,0.0391858323881297,0.000528113310187281,12,0.000583365790673845,0.225675894447143,0.933333333333333
"87652f88-2b02-4f72-9e55-1a4e70c082cd",1,15,0,0,6,0.000788764992312755,0.000323386977282167,6,0,0.194937770941127,0.833333333333333
"62046ffd-7d76-476b-bee5-b281b7575c6c",1,6,0,0,4,1.98844653669358e-17,0.000387611922942844,4,0,1,1
"a6b90dc0-e22e-44e1-890b-87900bd9aca6",0.766233766233766,177,54,0,22,0.0398041955538492,0.00059337495386483,16,0.000494710924111651,0.233110367892977,0.681818181818182
"d9c9cfb7-f751-4fb0-97c0-b3ddd768bc78",0,0,0,0,1,4.0156450336739e-17,0.000387611922942887,1,0,1,1
"669c4d37-2913-49b0-b5ac-c628fcd6f403",1,36,0,0,9,0.0275726020548871,0.000326493823403504,9,0,0.22386381885338,0.888888888888889
"ac01e9ed-5e42-4016-ac13-52c4df3d66a9",0,0,0,0,0,5.25564033535461e-19,5.81417884416849e-05,0,0,0,0
"a7412cd0-e0b8-4fa1-8d24-75bb92a84946",0,0,0,0,1,1.37574298860989e-17,0.00021924647573686,1,0,0.6,1
"a54d9cd2-1359-4ea3-98a1-fe068fc66814",0.5,3,3,0,4,2.5629798570278e-05,0.000357263468817667,3,0.00237332650887072,0.167527941353203,0.25
"401c3991-b76b-499d-8082-9f2df958ef78",0,0,0,0,0,5.25564033535461e-19,5.81417884416849e-05,0,0,0,0
"3599a39e-4e10-4cb5-90d4-c8a015ebc73b",0,0,0,0,0,5.25564033535461e-19,5.81417884416849e-05,0,0,0,0
"8e494408-8620-4c6a-82c2-c2ca4a1e4f12",0.466666666666667,7,8,0,6,0.000523221833788042,0.000404555767840185,4,0.00070792679670753,0.19296788482835,0.333333333333333
"610b71d9-fa78-47d6-9073-083922e73840",0.511111111111111,23,22,0,10,0.00123864293598706,0.000474178314947713,6,0.000200085009954928,0.202380952380952,0.8
"23273a24-72ac-45ea-b7ad-7fd486b7eae2",0,0,0,0,1,4.02146865626194e-17,0.000387611922942887,1,0,1,1
"e823eaa2-6e16-4675-9450-ba89bb02e5ca",1,10,0,0,5,1.03332198726628e-05,0.000363184437687072,5,0,0.15112749349523,0.8
"28658c41-ae08-45dc-b593-42d393df1381",1,28,0,0,8,0.13786832877442,0.000304622940627077,8,0,0.190437158469945,0.875
"4586735e-6673-4eac-934b-a0bfbcf9ddb9",1,1,0,0,2,4.77936419469015e-17,0.000387611922942527,2,0,1,1
"7527f6c2-d762-4b88-b5e2-9244f1e34c46",0,0,0,0,1,3.08867526533439e-06,0.000125177397937104,1,0,0.152200021836445,0
"c01560d1-6f69-48cf-a3c6-c94b65f099b1",1,1,0,0,2,0.00342918523113145,0.00017439633080842,2,0,0.177466581795035,0.5
"ddf488d8-f809-47a0-adb3-95bbc7aa20f0",1,3,0,0,3,4.03745487783195e-17,0.000387611922942939,3,0,1,1
"c7b90dd3-5962-4ef8-926f-f40020720a01",0,0,0,0,1,0.000367610489607515,9.37563147235853e-05,1,0,0.184660219896675,1
"526a6127-7f4e-4797-8ae9-927a6e29e2d0",1,36,0,0,9,0,0.000386834725742211,9,0,0.453333333333333,0.444444444444444
"4439c2fd-a754-4f6a-b3a6-791b47726156",1,1,0,0,2,0.000903468458381058,0.00016987810026741,2,0,0.194123381144687,1
"a22c5b56-9119-4420-b853-34ce0d867918",1,1,0,0,2,0.00357877141185455,0.00018703081024117,2,0,0.184954225819291,0.5
"9172ba7f-5912-474a-99d3-33d01ed082d3",1,1,0,0,2,0.00418076111560713,0.000115974427149612,2,0,0.183565973136687,1
"e8500b78-d8de-4232-adbc-bf08668ffec8",0.761904761904762,16,5,0,7,0.00121755526860308,0.000400550381834089,6,0.000176981699176883,0.19401530967293,1
"25aea3a4-c594-4d3e-8759-7984c1a93820",1,6,0,0,4,1.88689999323758e-17,0.000387611922942731,4,0,1,1
"c4b87e45-c07a-460f-9c58-8d15328e2964",0,0,0,0,1,3.02964698631504e-17,0.000298565940644882,1,0,0.666666666666667,1
"271973a1-7177-4bcf-9a01-ac75d3691035",1,28,0,0,8,0.00940358171524047,0.000318660784906355,8,0,0.223756019261637,0.875
"0aefe635-8ab9-48a7-9a17-243d35ffd49a",0,0,0,0,1,0.000151269628288693,0.000119155212971477,1,0,0.156418312387792,1
"d06f65d2-26e0-4d40-95e5-22592917eb52",0,0,0,0,1,4.28672329295486e-19,0.000216045555563773,1,0,0.5,1
"d4d17620-fd97-4574-92a8-a2cb7e72ce42",0,0,0,0,1,1.10161045513078e-05,0.000133750723647255,1,0,0.137624642116695,1
"90df1c5c-0c89-44cd-8552-0273007dfd27",0.4,4,6,0,5,5.80818766288713e-17,0.000550928634551391,3,8.39137366786943e-06,0.466666666666667,0.6
"e39a514f-f4f3-4ec4-8cdd-817c756d5291",1,15,0,0,6,0.00231431031666415,0.000357970177800234,6,0,0.213084683583002,0.5
"4da8a075-9db8-422e-a154-57386c572d88",0.464285714285714,13,15,0,8,0.0618072349081857,0.00046213756008361,5,0.00211767757290959,0.212144270278496,0.625
"a0b8cfb8-40c6-4f3a-887a-bb571cd711ef",1,10,0,0,5,0.00223122290929671,0.000285346680573272,5,0,0.196781479390175,0.8
"656b39fb-979c-4c57-bb87-61d1a8eb38d1",0,0,0,0,1,1.63006437941849e-18,0.000148892477589425,1,0,0.555555555555556,1
"5dfdca28-9ddc-4853-933c-8bc97d87beec",0,0,0,0,0,5.25564033535461e-19,5.81417884416849e-05,0,0,0,0
"ec8033d3-33db-4018-bdc4-7e7437160821",0,0,0,0,1,3.82599123553172e-17,0.000387611922942591,1,0,1,1
"8dd98bdc-80ec-4e93-8509-2f46bafc09a7",1,1,0,0,2,5.15315351149185e-17,0.000387611922942527,2,0,1,1
"8a360e61-0dcb-4e29-91d1-c54ebb70568c",1,15,0,0,6,0.000788764992312758,0.000323386977282112,6,0,0.194937770941127,0.833333333333333
"599fa573-8816-4dbe-8439-2f4d486ffb8e",1,28,0,0,8,0.00100300374666969,0.000349918460211885,8,0,0.195457094784072,1
"210bf857-3387-4a7e-9301-7eb9c66800d6",0,0,0,0,1,3.95820694364699e-17,0.000387611922942887,1,0,1,1
"64b94289-9474-4d43-8c93-918ccc1920d1",0.5,3,3,0,4,0.000288587626266594,0.000378279799036648,3,0.00106112734290967,0.166626822854411,0.75
"7e8235b3-39a8-41ae-b77f-9c693631b802",1,1,0,0,2,5.20205618087446e-17,0.000387611922942527,2,0,1,1
"e9aed5e5-ed35-4244-872e-194862290295",1,1,0,0,2,1.61811086394074e-05,0.000190184638621042,2,0,0.167749699157641,0
"bb92cd9f-0446-42bb-adc7-b6f7c5bea2e3",0,0,0,0,1,7.05603088970737e-06,0.000117321854472185,1,0,0.149522685830741,0
"b57656ce-7e16-42ca-84cc-882067041e4d",1,1,0,0,2,5.46187098771294e-17,0.000387611922942527,2,0,1,1
"1ecc1f71-2512-442a-a85e-3c79d9ddc5cc",0,0,0,0,1,5.68007717525569e-06,0.000169323765065902,1,0,0.149522685830741,1
"3b39abeb-0064-4eed-9ddd-ee47a45c54cb",0.766233766233766,177,54,0,22,0.0398041955538493,0.000593374953864769,16,0.000494710924111651,0.233110367892977,0.681818181818182
"3e1f2ee4-16be-4406-bf18-6173840cf2b1",1,3,0,0,3,4.09304672587967e-17,0.000387611922942939,3,0,1,1
"100d7963-5354-4692-b9ac-d3aeb3eaaa8f",1,3,0,0,3,1.40797434415819e-06,0.00029579397949115,3,0,0.145678754310795,0.666666666666667
"254401f5-0db4-4856-bd24-6c2a7f0ebfeb",1,3,0,0,3,4.22590495691237e-05,0.000221820702888898,3,0,0.164522601203824,1
"d8433dee-d1a8-4b40-b27c-40bc53481167",1,6,0,0,4,1.98105911903486e-17,0.000387611922942844,4,0,1,1
"9aeed8f0-471d-42ae-b160-175dadbfb44b",1,36,0,0,9,0.0084103232217258,0.000389623233869482,9,0,0.215356094546578,0.777777777777778
"f69e15c5-2768-40b1-b251-0e3271d00e53",0,0,0,0,1,4.09816127152127e-17,0.000387611922942887,1,0,1,1
"32673e42-5ba2-4528-b3fe-a000a0c606e3",0,0,0,0,1,3.8160838494482e-17,0.000387611922942887,1,0,1,1
"ad279295-653f-42e1-9aaa-b731df2e78ba",0,0,0,0,0,5.25564033535461e-19,5.81417884416849e-05,0,0,0,0
"2ebbf6bc-77f7-4759-8784-63bd77c2712c",1,3,0,0,3,6.64805030531048e-07,0.000266818804149725,3,0,0.129337539432177,0.666666666666667
"b727ffed-79ab-4905-b20d-2a8df5335929",1,15,0,0,6,0.00127826910653933,0.000350994295602136,6,0,0.177647508602014,1
"daf84e36-f78e-4c94-a032-6aed138c0d34",0,0,1,0,2,3.66954286413604e-05,0.000250705420620726,2,0.000351081576896137,0.166786312514956,0.5
"3018e348-be53-4f20-b468-1a10213745b2",1,3,0,0,3,0.00154487652637823,0.000181042241387266,3,0,0.208433014354067,1
"0f1d5b01-8784-4870-9bd6-fa43178b9441",0.8,36,9,0,10,0.0276367834800171,0.000401629100315685,9,0.000354217682404307,0.223899775136524,0.9
"ea72e02e-5dc4-41d5-acee-55057279aae3",1,36,0,0,9,0,0.000387611922942515,9,0,1,1
"97bdfc6a-da6e-407b-8713-543156ed322a",1,1,0,0,2,0.00129143234636134,0.000171095134845496,2,0,0.206091070372561,0.5
"f687f9e5-92ce-4fc8-a2b7-454c3dfffc32",0.6,9,6,0,6,3.73413764955919e-08,0.000490976881135347,4,0.000530182245379023,0.114666447314305,0.666666666666667
"6b5d7d4e-c64d-44c5-8af3-6acd9ccd55ed",0,0,0,0,1,3.9793727994156e-17,0.000387611922942887,1,0,1,1
"a94a7155-c79d-4409-9fcf-220cb0e4dc3a",1,6,0,0,4,0.000508927973634155,0.000272906443551149,4,0,0.159587864911276,1
"dfb786ef-29d1-4c4d-b94d-4d83e85c7d33",1,1,0,0,2,4.75829578028636e-17,0.000387611922942295,2,0,1,1
"6ab31970-6077-4906-a185-cbce90c1c8b3",1,3,0,0,3,3.92435195631826e-17,0.000387611922942939,3,0,1,1
"5191f332-8c44-4775-a070-d517cf7e5ecb",1,10,0,0,5,2.66211557368881e-06,0.000372052370321939,5,0,0.153119507908612,0.8
"584c04d2-4acc-491b-8a0a-e63133f4bfc4",1,6,0,0,4,2.30543567410646e-17,0.000387611922942844,4,0,1,1
"10361de3-1b9f-4da5-854b-4a4dc8a12faf",1,10,0,0,5,6.47175237035255e-05,0.000349234505923032,5,0,0.165636882129278,0.8
"2d1e278a-61d6-44c0-8d21-9145a810bfbf",1,1,0,0,2,2.71704398105145e-05,0.000200789314003927,2,0,0.161792014856082,1
"7782d2b8-146e-4eb9-9e1c-6e59b855bcbc",1,66,0,0,12,0.00196577750174619,0.000421009983995869,12,0,0.206886316414366,0.916666666666667
"d530dad4-81e5-4874-808a-d708039289fb",0,0,0,0,0,5.25564033535461e-19,5.81417884416849e-05,0,0,0,0
"2e41ae9c-afd2-4f20-8f1e-17281ce9b472",0.7,7,3,0,5,0.0137956259647076,0.000309935179924484,4,0.000176981699176883,0.213902102194261,0.6
"bf4fe7cd-7d38-41d2-b78a-fdc7c6b08929",1,1,0,0,2,8.51767296940638e-07,0.000239015712707194,2,0,0.143889347646573,0.5
"94c338ff-1985-4429-9dc8-997b61bb5932",0.242424242424242,16,50,0,12,0.000723894718790227,0.000767854779461285,4,0.00128590145335773,0.198660396180704,0.75
"abe4416d-616c-4e61-a3be-62ac6d1bdc4e",1,36,0,0,9,0,0.00038683472574214,9,0,0.453333333333333,0.444444444444444
"add5f522-25df-41c4-815e-0ca9f60b83e4",1,3,0,0,3,3.44402562003386e-17,0.000387611922942939,3,0,1,1
"c1f1cf38-1fee-4106-871d-ac392a28b91a",0,0,0,0,1,2.81821236593725e-17,0.000298565940644969,1,0,0.666666666666667,1
"3bf30073-ce4e-4207-88d2-ad83677b0387",1,10,0,0,5,0.000339697888794928,0.000286685128933022,5,0,0.156313074680422,1
"fb7d550f-7518-41ba-95db-33db5287d8e2",0.350806451612903,174,322,0,32,0.0538406309431544,0.00101750605961669,16,0.0078358094202203,0.265170249191554,0.5
"2f237389-5603-45eb-9024-dbc05d2c840a",1,1,0,0,2,1.5090361376247e-05,0.000199064508494174,2,0,0.142288455649689,1
"ba991ec6-049b-479f-9020-be2a84dc1473",0.321937321937322,113,238,0,27,0.0289765459914516,0.000941975261712587,11,0.00506475394482931,0.254286756658154,0.333333333333333
"c414371b-3377-43b5-9dc2-2a20254ed520",0,0,0,0,1,4.07468841424356e-17,0.000387611922942887,1,0,1,1
"13655113-cd16-4b43-9dca-cadbbf26ee05",1,1,0,0,2,0.00032479977690577,0.000207136143525865,2,0,0.154751332149201,0
"6143403a-df6c-429e-8ee6-ef869896b0da",0.444444444444444,68,85,0,18,0.0264348553447201,0.000634511976786687,9,0.00154246802596258,0.250494159928122,0.388888888888889
"5706885b-7712-4be3-b809-db026e07d3a7",1,6,0,0,4,0.000282124311137447,0.00023565302659568,4,0,0.181794470526865,0
"c531feae-1252-447e-b14d-38ec4ae73042",0,0,0,0,0,5.25564033535461e-19,5.81417884416849e-05,0,0,0,0
"283fb96d-1f5c-4b74-9bea-3e4504f07fa3",1,3,0,0,3,4.37651908446947e-17,0.000387611922942939,3,0,1,1
"9efff43b-3b29-4082-824e-bc82f646f93d",0,0,0,0,1,3.96004549062937e-17,0.000387611922942887,1,0,1,1
"dcf5807c-ef1f-4291-b452-6824080ecac4",1,21,0,0,7,0.00988127830127358,0.000299297570792708,7,0,0.222470475582509,0.857142857142857
"7c33a306-87ad-4cb6-9f69-bfdb8586b302",0.225108225108225,52,179,0,22,0.10305895907964,0.000988758704635985,8,0.00299620453436279,0.237397820163488,0.0454545454545455
"d9ef5bac-9f88-4559-932b-63d753ef6161",1,1,0,0,2,0.000303355127749917,0.000223434817638013,2,0,0.161398633784879,1
"eab65757-b949-421f-b870-9246541c83b3",1,1,0,0,2,3.13184987756052e-09,0.000256366350322048,2,0,0.11545469604108,1
"372304d0-5e6a-4030-bc2b-09bdb0ee8abb",0.464285714285714,13,15,0,8,1.95210366986549e-17,0.000730964421812666,5,1.91984458158831e-05,0.470588235294118,0.625
"ea4aa8bb-0547-4405-8252-e8139a18a516",1,1,0,0,2,1.31269734153761e-17,0.000294283177458414,2,0,0.6,1
"ed32d69b-7666-4eb8-b865-fe9a361e10e3",1,3,0,0,3,3.6213803940021e-17,0.000404138550972489,3,0,0.8,0.666666666666667
"073e2522-a8ea-489d-b53a-19729cc8664e",1,3,0,0,3,0.000756264768959917,0.000201596283966102,3,0,0.185077004779607,0.666666666666667
"2dad5809-0d9b-40cf-85cf-2f8828ffaaf0",0.657142857142857,69,36,0,15,0.0383751827605879,0.000585915325713627,12,0.00281950155240413,0.224766204450177,0.933333333333333
"5db88fae-df24-490e-971a-1b3fe8d373ea",0,0,0,0,1,2.13614203799898e-06,0.000115065592190773,1,0,0.153035459435723,1
"30a67440-bf0f-4460-999d-8c056c18ff0e",1,1,0,0,2,6.05909170070714e-06,0.000249625287035939,2,0,0.134530013510905,1
"c5bad957-7f5e-4394-8e17-ef7c360b5e9c",1,28,0,0,8,8.57717206490291e-05,0.000378346838209674,8,0,0.16807330600434,0.875
"84490b56-ff86-4492-be8e-ae565b50f97e",0,0,0,0,1,4.16547011092256e-17,0.000387611922942887,1,0,1,1
"3b233cca-b1d4-43e5-93dd-daf5fe323e42",1,15,0,0,6,0.00417303099761161,0.000271314325085587,6,0,0.208464184238074,0.666666666666667
"883cbf1f-dcaa-4d17-b9ed-394e1fdabc87",0,0,0,0,0,5.25564033535461e-19,5.81417884416849e-05,0,0,0,0
"e49f69da-17d5-4c5c-bac0-dadcb0e588f5",1,1,0,0,2,0,0.000280689139065031,2,0,0.529411764705882,0
"fdcfe3d3-73db-432d-8a34-10540ded35fb",1,6,0,0,4,4.2285931929077e-05,0.000365019866335185,4,0,0.16415449835139,0.5
"8a0b0e89-72e0-4c2b-81a8-f1365165c717",1,15,0,0,6,0.00121190016533316,0.000335593454753934,6,0,0.193988310603952,1
"404c5c4c-7d08-44e4-9721-68a824edc144",1,6,0,0,4,2.18699749836485e-17,0.000387611922942844,4,0,1,1
"22bb3c13-87b5-46ac-8dc9-553b6579c2e6",1,6,0,0,4,2.50618235192431e-17,0.000387611922942609,4,0,1,1
"21a89505-10a9-4ac0-8388-833bc07b9f86",1,1,0,0,2,0,0.00027381627886046,2,0,0.45,1
"3762a304-9821-4a67-8b82-da866c436761",1,3,0,0,3,2.87747598034336e-08,0.000290635744960842,3,0,0.113777342474698,1
"caa55324-f5b2-40c4-9c5b-52d57d3f772a",0.555555555555556,25,20,0,10,0,0.000548737839653553,6,1.33499126534286e-05,0.431034482758621,1
"0fb606f5-f95f-4bf2-bdd8-79771f36a97a",1,6,0,0,4,0.00185218532222953,0.000203777033922451,4,0,0.212241169305725,1
"f06c6acb-cbf8-4181-87e4-6660ef75036c",1,3,0,0,3,0.0499735038230737,0.000178723588713017,3,0,0.18301168439018,1
"fabb37f8-eb2a-4cc1-a72a-b56935bbb72d",0.333333333333333,1,2,0,3,6.27330455712885e-17,0.000559350977462155,2,1.01713620216599e-06,0.714285714285714,0.666666666666667
"55210efc-9dee-4e81-8741-7af235084e7b",1,3,0,0,3,1.14931757029081e-17,0.000390491139319651,3,0,0.666666666666667,1
"9181e544-f535-40a7-9f9e-66c5fa92ab52",1,1,0,0,2,0.000388747473675672,0.000152766745789314,2,0,0.184684684684685,1
"05044348-08c0-4132-b9d5-ef85023173d0",1,1,0,0,2,4.67333801272685e-17,0.000387611922942527,2,0,1,0.5
"e0e1db18-f7ba-4dee-95ff-7ae8cf545460",0.333333333333333,51,102,0,18,0.0182159337072598,0.000829048001459097,9,0.00246701039554905,0.225456897945981,0.111111111111111
"bb3cbea2-5ad4-4917-bc84-8a1975d40315",1,15,0,0,6,0.00131012175209991,0.000335657676916718,6,0,0.199199771363247,0.833333333333333
"650e7db6-b795-4eb5-a702-5ea2fc46c848",0.5,3,3,0,4,6.43575082144867e-17,0.00055175654946872,3,1.52570430324899e-06,0.833333333333333,0.25
"38d64df7-5b7f-42ca-9d98-9541640ca84f",1,1,0,0,2,5.09137186198747e-17,0.000387611922942295,2,0,1,1
"4071e367-ccf8-484e-a269-bc80ba61e4ce",1,6,0,0,4,1.21841145566852e-17,0.000353645929695382,4,0,0.666666666666667,1
"b3036249-8b39-4d02-a312-d31a63497bbc",0.714285714285714,15,6,0,7,0,0.000475432257159621,4,1.37737194043311e-06,0.733333333333333,1
"54751645-0f65-4529-9526-35285ae252b3",1,1,0,0,2,6.06814589508917e-09,0.000194324562496579,2,0,0.11390750122569,0.5
"516cef4d-0718-4007-9939-f9b38af3f784",0,0,0,0,0,5.25564033535461e-19,5.81417884416849e-05,0,0,0,0
"680a0350-cee3-49d4-a85d-7c9f4657fb97",0,0,0,0,0,5.25564033535461e-19,5.81417884416849e-05,0,0,0,0
"5bec856f-b78b-4216-8af5-1c0c6365bcbe",1,10,0,0,5,1.206123157364e-17,0.000387611922942681,5,0,1,1
"70c60e51-a155-4dc1-bd99-ed11df29a6f1",1,1,0,0,2,4.88472533745482e-17,0.000387611922942295,2,0,1,1
"766235d5-2ceb-4172-ad73-b316d8a1264c",0.3,3,7,0,5,1.52102788386371e-05,0.000505113590975877,2,0.00176625701506124,0.142433840809237,1
"e0e1a584-dd0a-4bd1-88d1-c4c62895039d",0,0,0,0,0,5.25564033535461e-19,5.81417884416849e-05,0,0,0,0
"47d7b25e-585b-4c97-b98b-411b21a53379",1,3,0,0,3,2.09699244358633e-17,0.000257630577121032,3,0,0.326923076923077,1
"ed58cf08-77c2-4265-ae0e-ccb3533c0982",1,21,0,0,7,0,0.000347976105446711,7,0,0.606060606060606,1
"f32d8c5d-d662-4499-8910-6aa6a01d574b",1,10,0,0,5,0.00513672315830137,0.000314462813660256,5,0,0.181865622961513,0.6
"2c449bbd-b19e-456b-af78-f2e592ff2245",1,15,0,0,6,0,0.000387611922942555,6,0,1,1
"6e61b52a-9001-4638-9f10-f684c180a749",0,0,0,0,0,5.25564033535461e-19,5.81417884416849e-05,0,0,0,0
"afd1a907-afeb-466e-a730-7ddd2021b1a9",1,28,0,0,8,8.57717206490365e-05,0.000378346838209619,8,0,0.16807330600434,0.875
"26f07661-e115-471d-a930-206f5c89d17c",1,1,0,0,2,1.61811086393905e-05,0.000190184638621042,2,0,0.167749699157641,1
"4a4ee089-93b1-4470-af9a-6ff575d32704",0,0,0,0,0,5.25564033535461e-19,5.81417884416849e-05,0,0,0,0
"1b9ac64d-680f-45c1-93af-fde816cf8091",1,1,0,0,2,9.89314636780009e-06,0.000258395595468301,2,0,0.137801502570186,0.5
"24845bf0-2140-4ca2-92bb-de817ac96268",1,66,0,0,12,0.000147232549962903,0.000412783089901872,12,0,0.170749632533072,0.916666666666667
"21551f7d-93f2-4cb7-ba71-7f260058e923",0.666666666666667,10,5,0,6,2.66831224574626e-06,0.000474635783061872,5,0.000354217682404307,0.153136328682852,0.833333333333333
"30e036b2-8674-472d-82bf-2b869ad28d99",1,10,0,0,5,0.00055044856920645,0.000326406659228946,5,0,0.164251207729469,1
"5860586a-2e79-4c24-b041-c087ee051470",1,36,0,0,9,3.36765633482746e-05,0.000391323072529872,9,0,0.158409090909091,0.666666666666667
"6f1de078-6684-4792-820d-2ffad64c15ed",0,0,0,0,0,5.25564033535461e-19,5.81417884416849e-05,0,0,0,0
"f37b3f31-b1f8-4b88-8cb5-b34f709b17d7",0.311111111111111,14,31,0,10,6.307943984888e-06,0.000798725758149554,4,0.00165444849124648,0.157265342960289,0.2
"859d0860-d480-4efd-970c-c05d5f1776b8",0.19,57,243,0,25,0.000667792985317037,0.00129792055580858,6,0.0161480744821641,0.208964173287363,0
"bcfff8eb-3a09-4053-a6b7-76aed86f2ac5",1,28,0,0,8,8.57717206490199e-05,0.000378346838209561,8,0,0.16807330600434,0.875
"c0a1179b-b14a-4d68-a3c1-1fdab16ed602",1,3,0,0,3,0.00951220677474443,0.000184539703284357,3,0,0.213508960024506,0.666666666666667
"fb56cc34-2ab1-4621-ac18-9bf2895e5f4f",0.75,27,9,0,9,0.00115065587512678,0.000436862996228144,7,0.000147265194960052,0.197226938313526,1
"c9900c10-fe1d-497e-9484-60c03e756992",1,6,0,0,4,0.000177566680626083,0.000328704035783088,4,0,0.1564709843978,1
"3ecdd624-0fa0-4dfe-9498-5a4801724d3b",0.666666666666667,2,1,0,3,5.61744880551803e-17,0.000457711951560091,2,1.27142025270749e-07,1,1
"afb680f2-b6eb-4cd7-a70b-a63b25c763d5",0.316176470588235,43,93,0,17,0.00649314463454912,0.000758930528443332,8,0.00147729227479896,0.217676452217364,0.176470588235294
"7cf0ea9d-86b9-4dad-ba9e-2355a64899ea",1,1,0,0,2,5.05586581544896e-17,0.000387611922942295,2,0,1,1
"f136771b-40e2-4f5c-936c-bcb478b18c34",0,0,0,0,1,1.35446124525676e-17,0.00021924647573686,1,0,0.6,1
"b9545342-1e6d-4dae-84ac-013374ad8d7c",1,1,0,0,2,5.12699814739202e-17,0.000387611922942527,2,0,1,1
"3b4e8a00-22d2-4451-87a7-c1a0454d5bbc",1,45,0,0,10,0.0333811444319725,0.000361085518316716,10,0,0.236833163438668,0.8
"59d6cea7-3771-4ce6-8c02-395ac5ba927a",0.333333333333333,7,14,0,7,0.000578427198319159,0.000577642476978906,4,0.00106163591101075,0.173534171542388,0.857142857142857
"a4103168-a041-4008-aee2-fa64096d9d47",0.454545454545455,25,30,0,11,0.00529836050271386,0.000566103198770138,6,0.00171220409065298,0.209403635271143,0.909090909090909
"e9946500-8638-48bf-a130-8e2a291d03b2",1,3,0,0,3,0.00295162491476118,0.000169644590244659,3,0,0.19007362967003,1
"9787f0a2-f657-4210-a630-131efd6f2a9d",1,21,0,0,7,0.00988127830127357,0.000299297570792651,7,0,0.222470475582509,0.857142857142857
"d8e41375-bd8d-4e39-9da7-f0c171e97086",0.333333333333333,2,4,0,4,1.62697641080538e-05,0.00035797628969938,3,0.00191385599492653,0.168683446272991,0
"c2865da9-f277-4396-815c-e92525e36997",1,6,0,0,4,2.44873164166255e-17,0.000387611922942844,4,0,1,1
"bca46a0c-25c9-42ca-98c2-e64c8a5e337e",0.263736263736264,24,67,0,14,0.00299162774211805,0.000790712044805701,6,0.0052227626017496,0.214560566415269,0.642857142857143
"79f083f8-b24b-457f-80c2-122fc8f2908d",0,0,0,0,0,5.25564033535461e-19,5.81417884416849e-05,0,0,0,0
"52a5221c-b206-4372-812c-70426e58aa1e",1,55,0,0,11,0.00439103975956877,0.000404598166211816,11,0,0.208651399491094,0.909090909090909
"6298cc0a-0e42-484d-af50-c431df6465d2",0,0,0,0,1,3.82331609441216e-17,0.000387611922942887,1,0,1,1
"6caccdc6-5cf9-4634-a676-2f607629e837",1,15,0,0,6,0.00907146150887748,0.000315979837734131,6,0,0.194883265762617,1
"0d212894-db54-4cc1-9ded-3cac50183a1d",1,3,0,0,3,4.48073599955152e-17,0.000387611922942804,3,0,1,1
"688178e7-2308-4e8c-8e6d-66a025f895fb",1,1,0,0,2,3.49190768990249e-17,0.000381298218672035,2,0,0.75,1
"6f8f3635-3ee0-4c43-b8c2-ef7cf6615959",1,21,0,0,7,0.00180424685786507,0.00032580035662132,7,0,0.206886316414366,0.857142857142857
"25b7b584-d952-4662-a8b9-dd8cdfbfeb64",0.20935960591133,85,321,0,29,0.0814390697925565,0.00125029938584181,8,0.016457080187516,0.240137812230835,0.206896551724138
"e7c8472a-a21d-4fef-a73f-8ce730d02ed3",1,1,0,0,2,6.8483518960968e-06,0.000243585111186567,2,0,0.151078356995773,1
"068b6c09-e30f-4df4-ae12-9da76f8c50a0",1,1,0,0,2,2.18364807851981e-17,0.000377683139381243,2,0,0.666666666666667,1
"e5963d26-01fa-40f5-b200-e0127f410a45",0,0,0,0,1,1.05099600966599e-17,0.000152984830847228,1,0,0.3125,0
"56658e8b-5635-4278-bbc8-a532d5a0d4a3",1,15,0,0,6,0,0.000348875303497964,6,0,0.357142857142857,1
"69ee3720-a7cb-4402-b48d-a02c366f2bcf",0,0,0,0,0,5.25564033535461e-19,5.81417884416849e-05,0,0,0,0
"47ab22b9-95cb-4920-aa54-7756113e69f7",1,66,0,0,12,0.00196577750174621,0.000421009983995814,12,0,0.206886316414366,0.916666666666667
"bd53f9a7-8be9-46b0-bf7d-1deea3cb57bc",0.303030303030303,20,46,0,12,4.15412813405575e-06,0.000790311718606944,5,0.00353659693887853,0.167326851518425,0.166666666666667
"f032428d-9454-4044-a83c-9a34cbfa6244",0.666666666666667,4,2,0,4,1.28794025365517e-07,0.000390948123044316,3,4.93284419022707e-05,0.136908269495188,1
"8452765c-bda8-4509-a869-b82f16006ad2",1,66,0,0,12,0.000147232549962916,0.000412783089901802,12,0,0.170749632533072,0.916666666666667
"2ddf7a90-4f47-46b4-8ecc-a9743a1ab37b",0,0,0,0,0,5.25564033535461e-19,5.81417884416849e-05,0,0,0,0
"83cf2a60-3970-445a-bfef-3fdbe2a75f8a",0.9,9,1,0,5,5.1674228077165e-05,0.000335576191551874,4,8.83637075631705e-05,0.173728813559322,0.8
"eb811bf7-4c99-4781-84c0-10ba6b8e33b3",1,1,0,0,2,0.000157576299484691,0.000148902417729715,2,0,0.185990660440294,0.5
"b9472588-93f3-4922-a1a2-74082cdf9ce8",0,0,0,0,0,5.25564033535461e-19,5.81417884416849e-05,0,0,0,0
"bfcfa07d-da17-447c-9cef-58fee9338791",1,10,0,0,5,0.00225338688574052,0.00026880167882007,5,0,0.203533362534677,1
"041cb26b-26fc-4816-88e7-27aac49c79d1",1,66,0,0,12,0.0380776372440358,0.00040005981288967,12,0,0.224476650563607,0.916666666666667
"1f9df192-a621-4f54-8850-2c5373b7eac9",0,0,0,0,0,5.25564033535461e-19,5.81417884416849e-05,0,0,0,0
"9854d99f-d954-4c0f-9ae5-58a0cdd885f5",0,0,0,0,0,5.25564033535461e-19,5.81417884416849e-05,0,0,0,0
"f9c65c80-b503-400b-9e46-9c74c8267c51",1,3,0,0,3,1.35757098032875e-05,0.000260449202518519,3,0,0.151703123299597,1
"1cd913a1-5641-4b2a-9624-a0417914e3e7",0.583333333333333,21,15,0,9,0.0159555008899858,0.000387786554195376,6,0.000785591339095572,0.235831500592116,0.888888888888889
"ff89badb-6553-4a10-85fe-0e1287950a27",1,21,0,0,7,0.00268111088802884,0.000295387284945606,7,0,0.207718670838921,1
"8ce77888-cd3b-4014-b710-88f83ec93633",0,0,0,0,1,6.76591225932875e-06,0.000108022495556643,1,0,0.153169981320734,0
"2fc6a88a-ed26-479a-9cd8-355830653062",0.583333333333333,21,15,0,9,0.00464575532299563,0.000522949852590153,6,0.000530182245379023,0.189788972089857,0.888888888888889
"924572a3-8ea4-4d4a-8a79-af61884cc7fb",1,36,0,0,9,0.00365265990226524,0.000395302979335774,9,0,0.204009951704961,0.777777777777778
"c0daae21-ec2a-4dd0-a323-4f53f5945d04",0,0,0,0,0,5.25564033535461e-19,5.81417884416849e-05,0,0,0,0
"094e4ef3-cdcf-4111-bb2e-7fe672c7ae81",1,1,0,0,2,2.29449221404692e-17,0.000265239389456147,2,0,0.24,1
"1595addf-f76b-450a-a097-af852ff35f27",0.266666666666667,4,11,0,6,1.09921421998137e-16,0.000784030860685699,3,2.79712455595648e-06,1,1
"b3af279a-050e-48d8-ae16-bda20fc04680",1,6,0,0,4,0.000929573533479248,0.000263193497574842,4,0,0.182008095051573,0.75
"54cf21b1-9a02-4a75-a029-3a66db21c545",1,3,0,0,3,1.7800059890082e-17,0.000257630577120959,3,0,0.326923076923077,1
"d262ea27-3ffe-40f7-b922-85c42d625e67",1,1,0,0,2,0,0.000222790947469,2,0,0.384615384615385,0
"4475c6a5-00af-4b4d-90aa-25d460b7ae48",1,1,0,0,2,1.16115827450611e-17,0.000374528332511453,2,0,0.625,0.5
"03ea7e10-0b02-4437-8846-82ab2335e057",1,1,0,0,2,0,0.000156884587022317,2,0,0.516129032258065,1
"3e6fba36-756a-4b9b-80cf-31adcdd17072",1,10,0,0,5,0,0.000297658589213384,5,0,0.413223140495868,1
"65380f7e-cb7a-4594-ae44-28ff55160746",0.333333333333333,1,2,0,3,4.67342071967823e-05,0.000245258723523447,3,0.00323384335152242,0.165205024887414,0.333333333333333
"dcad99e7-3c3e-4c78-bf8a-68203e17da48",1,36,0,0,9,0.0159140565064213,0.000366143935989025,9,0,0.214990746452807,0.888888888888889
"bf328740-beaf-4110-88d8-d1ca659d9d15",1,91,0,0,14,0.0567514142355323,0.000454205663366012,14,0,0.228113238422517,0.857142857142857
"efc5c6cb-7720-49b1-9dba-c9f2fc298960",1,1,0,0,2,0.000120210670564942,0.000155418309744055,2,0,0.162527690334616,1
"c20b5d5f-9dc5-4b96-b76f-bdd043451db9",1,1,0,0,2,4.88147994964999e-17,0.000387611922942527,2,0,1,1
"ac3a43db-8437-44c5-b8b8-740a7211dde9",0,0,0,0,1,4.18877350430905e-17,0.000387611922942591,1,0,1,1
"78898501-187f-4f3d-bff1-cf465c14de21",0,0,0,0,1,6.59492251626203e-18,0.000217167805144322,1,0,0.571428571428571,1
"3ccd2160-2d09-4835-8782-0aa68faa278e",1,3,0,0,3,4.30364277567291e-17,0.000387611922942804,3,0,1,1
"f0602f55-1770-483d-89bd-4bae0d0ac086",0.251461988304094,43,128,0,19,8.92142992219157e-06,0.00102703700703101,7,0.00422709091417659,0.155893536121673,1
"f8200cea-b5e9-4145-b5a5-1d0838f2c288",1,6,0,0,4,2.1526988118528e-17,0.000387611922942731,4,0,1,1
"56505b4e-efa3-4721-853f-20dcdebe4431",1,28,0,0,8,0.00986081676683816,0.00032243353688045,8,0,0.224296057924377,0.5
"6868834a-83b8-4fbe-878e-0d84395726f2",1,10,0,0,5,0.0107503175962411,0.000280801018647202,5,0,0.214692746034191,0.6
"5d02f264-e225-41ff-83f7-d9b1f0b1874a",0,0,1,0,2,6.51857607354715e-17,0.000503215478907955,1,5.08568101082996e-07,0.75,0.5
"2bfdb8f3-5688-4a85-9f84-88f5e840e485",1,45,0,0,10,0.0333811444319724,0.00036108551831666,10,0,0.236833163438668,0.8
"598ec1f8-fddf-4be4-aa68-fe7de35a6afc",1,15,0,0,6,0.00127826910653933,0.000350994295602073,6,0,0.177647508602014,1
"ed5d9086-e8cd-473a-b96c-d81ad6c98f0d",0,0,0,0,0,5.25564033535461e-19,5.81417884416849e-05,0,0,0,0
"8ddf3da1-dfa9-490a-93cc-7d4072319995",1,66,0,0,12,0.0380776372440358,0.000400059812889608,12,0,0.224476650563607,0.916666666666667
"1a43e9d1-9767-4e2c-893a-65f43e5b8561",1,6,0,0,4,0.0014983724960526,0.0002215494478294,4,0,0.211020284589767,0.75
"9c102db7-a04d-4530-a83c-4cd169b99f68",1,6,0,0,4,2.63224452169141e-17,0.000387611922942731,4,0,1,1
"5e652056-eacd-471d-96d8-636ecd73829c",1,6,0,0,4,0.000520665461008506,0.000240162406637073,4,0,0.19291447550512,0.25
"db1a36ef-fa59-48a6-a2d6-d6da432fdca4",1,3,0,0,3,0.00188518597119276,0.000186877261317192,3,0,0.205181042095967,0.333333333333333
"88795ca5-5bef-4253-ae0e-79a5d00e0388",0,0,0,0,1,8.00741365292935e-07,0.000147566326301949,1,0,0.143696526131327,0
"b0eacf92-511b-4566-b72b-a5fed2526d73",0.833333333333333,5,1,0,4,4.19643349320713e-17,0.000426146441597798,3,8.47613501804993e-08,1,1
"82856c21-c448-4432-bc79-97009b7eb853",1,6,0,0,4,2.06601832121243e-17,0.000410737869211307,4,0,0.833333333333333,1
"100b8734-f4f0-4536-9960-47f7c59d1b4c",0.377777777777778,17,28,0,10,0.00768637555660031,0.000503029609530748,5,0.00147185979789773,0.221762647152402,0.8
"1355d559-f13f-4c78-a7a8-02b6d747d94e",1,1,0,0,2,3.58042769534427e-17,0.000381298218672035,2,0,0.75,1
"830e5c4e-6b7d-431d-86ab-00c751281dc5",0,0,0,0,0,5.25564033535461e-19,5.81417884416849e-05,0,0,0,0
"0eb89e0b-adee-4175-b1f0-55a3531937be",1,6,0,0,4,2.53945120905773e-17,0.000387611922942844,4,0,1,1
"0307edfc-437c-4b48-8700-80680e66a228",0,0,0,0,1,3.9576617734421e-17,0.000387611922942591,1,0,1,1
"002a647a-faf8-4135-9e22-2087aa0d7078",0,0,0,0,1,3.91982349361749e-17,0.000387611922942591,1,0,1,1
"43b896c5-5652-4b04-bde1-2e4224bc99b3",0.333333333333333,1,2,0,3,1.75030949833909e-18,0.000324133456813938,2,1.22056344259919e-05,0.518518518518518,0
"12718e0c-546e-45f7-ae86-9dbaa65797d2",1,3,0,0,3,0.00563663820725118,0.000256778763194847,3,0,0.160045924225029,1
"c47284ed-a62a-4776-a468-6dec83ef1b32",1,1,0,0,2,6.848351896097e-06,0.000243585111186501,2,0,0.151078356995773,1
"8a78b436-b2c4-4391-bc48-8fc87232e5dc",1,3,0,0,3,3.95083943490698e-05,0.000209503486231084,3,0,0.172909947903746,0.666666666666667
"52074ba6-e495-4ef3-9bb4-0703888a9f68",0,0,0,0,1,3.80455003176637e-06,0.000133534308923163,1,0,0.14950664950665,1
"fe8fd37a-09d7-48f7-b1ac-1ccfa6b4170e",0,0,0,0,1,4.03309396291362e-17,0.000387611922942887,1,0,1,1
"9c89b36c-9d3c-4f7a-8437-230b935b7c6a",0,0,0,0,0,5.25564033535461e-19,5.81417884416849e-05,0,0,0,0
"92b92658-d411-4d36-a0c3-ce3d415bcec5",1,10,0,0,5,0.00097368230511848,0.00026783928227241,5,0,0.199799340690841,1
"0a82fd0c-18aa-4410-b12a-6cb0f1507cde",0,0,0,0,0,5.25564033535461e-19,5.81417884416849e-05,0,0,0,0
"8f64d6ea-3f6c-408c-b2e0-e5334b28dae9",0,0,0,0,1,3.9013246473832e-17,0.000387611922942591,1,0,1,1
"16a43d5e-c52d-4eaa-9c3b-00b2c1d8e816",1,1,0,0,2,4.74711114170148e-17,0.000387611922942527,2,0,1,1
"ece1c3c8-b16f-49f0-9c60-eb3029e929a9",0,0,0,0,1,3.69769999692769e-17,0.000387611922942887,1,0,1,1
"fac55e3c-d459-45ed-9f9f-f5078d3b3423",0,0,6,0,4,1.23723549617982e-16,0.000921887816728621,1,1.52570430324899e-06,1,0.25
"539a6364-1b25-4723-85fd-89fd6dfa51b9",0.666666666666667,2,1,0,3,4.14141008815149e-06,0.000289898883713808,2,0.000108538642322564,0.151587646802958,0.666666666666667
"86e2e2ad-6d1b-44fd-9463-b6683718a1cc",0,0,0,0,1,3.7980887180294e-17,0.000387611922942887,1,0,1,1
"b02e4ca5-312a-4d2e-b087-30db9d5ec579",0.833333333333333,5,1,0,4,6.34631027854272e-18,0.000404927537089033,3,1.01713620216599e-06,0.555555555555556,0.5
"89d4a76a-d8d4-4600-ac9e-19415320b7f4",0,0,0,0,1,4.11489355617179e-17,0.000387611922942887,1,0,1,1
"b4011cea-1bc4-445d-9f4c-a17eb3bbbed4",1,10,0,0,5,0,0.000295987864725731,5,0,0.521739130434783,1
"5518f8a7-a33f-415c-a175-a95dd2c855f6",1,45,0,0,10,0,0.000401335180495216,10,0,0.433333333333333,1
"329b4e2f-b2b9-4fbf-ba47-4e3676f84bf0",1,1,0,0,2,8.44600722084156e-07,0.000249904340154773,2,0,0.143740977521138,1
"9176a2e5-ffb2-4d56-aecc-fdf1ad5d6994",0.8,12,3,0,6,0.0010890243296165,0.000348651701624365,5,9.20045220068787e-05,0.203950256035113,0.333333333333333
"31bcadcc-e1da-4cad-bec8-2f4f1d41b095",0.191176470588235,26,110,0,17,0.0196802956057015,0.000792082258588764,7,0.00295351100967365,0.242603550295858,0.823529411764706
"6de0f914-3e60-4418-be3b-42e0feb6eb4d",0.8,12,3,0,6,0.000846298436865844,0.000331992624858166,5,7.68698872504993e-05,0.169010669253152,1
"384dfb61-c597-4303-97be-667b571041f9",0.545454545454545,36,30,0,12,0.00186529402896258,0.000566532500345199,7,0.00172188574764517,0.209750225699669,0.916666666666667
"42e52c03-27bb-4545-8924-cabff6fab531",0.666666666666667,4,2,0,4,2.29275196655582e-17,0.000432462955005477,3,5.08568101082996e-07,0.30379746835443,0.5
"5e7ac01f-0a87-4df6-abf3-31a6acb33633",1,21,0,0,7,0.00112298736627993,0.000342990324649249,7,0,0.197171145685997,1
"3bd08e76-bf53-4b16-82ee-63f95ca5cdae",1,3,0,0,3,3.74291730541324e-17,0.000387611922942804,3,0,1,1
"d5be5333-4171-427e-8e12-732087c6b78e",0,0,0,0,0,5.25564033535461e-19,5.81417884416849e-05,0,0,0,0
"407d7ae0-c297-491c-bd19-4185e2b12ef2",0,0,0,0,0,5.25564033535461e-19,5.81417884416849e-05,0,0,0,0
"a0fc6295-3026-46d4-b978-84da18b34f71",1,15,0,0,6,0.000242950789007402,0.000334557371454369,6,0,0.178626345463865,1
"fd9f268a-89ef-4577-81f4-efebc9517a07",1,120,0,0,16,0.0338786909275219,0.000445190654826927,16,0,0.231062489640312,0.9375
"76517240-0a0f-4817-862b-3596d578a994",1,3,0,0,3,4.78098548082246e-05,0.000305035226979196,3,0,0.164697542533081,0.666666666666667
"9e5b5efe-fd35-4471-8745-628cb528983e",1,3,0,0,3,0,0.000270118667019683,3,0,0.666666666666667,1
"e67ae23b-80ee-4a68-bdd6-6da243f164db",1,6,0,0,4,0.00743750449057727,0.000184829011843624,4,0,0.212435233160622,0.75
"6230a686-dd04-469f-937a-f30095e58fed",1,1,0,0,2,1.12336828511886e-17,0.000241564648073085,2,0,0.307692307692308,0.5
"92885064-c9c3-4f4f-9100-0809548c9ec9",1,1,0,0,2,0.000716568100407785,0.000201299736559936,2,0,0.176277187658068,1
"edc4f886-8d54-4908-b013-260bfcb50481",0,0,0,0,0,5.25564033535461e-19,5.81417884416849e-05,0,0,0,0
"5f606b3d-fab7-4d39-bcdb-f5d42edae945",0,0,0,0,0,5.25564033535461e-19,5.81417884416849e-05,0,0,0,0
"28782f2b-6ba4-4eb2-9b15-6d11978e1d5b",0.733333333333333,11,4,0,6,0.00256298732630655,0.000316713888595568,5,3.74525250216162e-05,0.204009951704961,1
"f1106b17-dcbb-45f6-b938-199ccfab50cc",0.9,9,1,0,5,0,0.000351088091124371,4,6.35710126353745e-08,0.523809523809524,1
"11953393-76ce-4081-9d36-1891283f5e27",1,28,0,0,8,0.0104519943062826,0.00038646709821569,8,0,0.197702453552688,0.875
"476cc87e-9665-43bb-80ea-7e123390ac64",1,6,0,0,4,2.4255028074538e-17,0.000387611922942609,4,0,1,1
"6e019bc6-5c23-4935-94f0-4a896631d846",1,1,0,0,2,7.99144250290033e-05,0.000204060934860884,2,0,0.164270563280698,1
"d642aa48-79ef-4837-b8df-72ae8a4ecf52",0.472727272727273,26,29,0,11,0.011885575101344,0.000470571149361634,7,0.000222226392545546,0.224693745970342,0.909090909090909
"2849e217-6d97-43d0-b33a-4c580a3d7629",0,0,0,0,1,4.22125000173524e-17,0.000387611922942887,1,0,1,1
"41c9a213-7975-48ec-bd82-da16f99aa510",1,1,0,0,2,5.30592374782552e-08,0.000218938725870669,2,0,0.129891912038763,1
"e2345fdf-2be7-47c5-a6dd-be64353ad134",0,0,1,0,2,8.05686833852779e-07,0.000235508888146037,2,0.00209489696255182,0.144846217788861,1
"926a00d3-2dad-4153-a61f-8a256bfcf8c6",0,0,0,0,1,1.31722810696612e-07,0.000125381857708692,1,0,0.1328125,1
"fcde0346-8615-499b-8f25-c45b3fa92228",1,6,0,0,4,0,0.00023984399744802,4,0,0.481481481481481,1
"0a2bd34d-0cf9-4e34-9854-fd8990977d00",1,120,0,0,16,0.0338786909275219,0.000445190654826866,16,0,0.231062489640312,0.9375
"b201c562-a974-4c73-8bc2-41b204f694a3",1,3,0,0,3,2.97830274256285e-17,0.000387611922942804,3,0,1,1
"31445b1e-96f3-4c7f-84ec-dd02e647e690",0.280632411067194,71,182,0,23,0.0180881035495008,0.000878695674468073,8,0.00532022085854785,0.250359195402299,0.565217391304348
"c896c760-f766-46fe-8e10-d8d0ac93e02c",0,0,0,0,1,3.71944914944949e-17,0.000387611922942887,1,0,1,1
"526aab94-697f-44a9-b630-41d1c0505953",1,3,0,0,3,3.2460291703235e-17,0.000387611922942804,3,0,1,1
"8fd3eaa2-dead-412d-a2fd-23fcf1cca009",1,15,0,0,6,0.0127975100854078,0.00027447491394317,6,0,0.226188544539997,1
"e7b587f7-e678-47c1-81dd-e7bb7855b0f9",1,3,0,0,3,3.46300507445312e-17,0.000387611922942804,3,0,1,1
"ae220349-f608-4cb6-ae49-530cbc7faacf",0,0,0,0,1,4.24372219837841e-17,0.000387611922942591,1,0,1,1
"a63df8c3-28e4-41db-bac2-c6c6e8ff8f28",0,0,0,0,0,5.25564033535461e-19,5.81417884416849e-05,0,0,0,0
"4cc51547-88ae-49a2-bf7e-0ef65ee7a94c",1,6,0,0,4,2.05354073273414e-07,0.000303994936737319,4,0,0.127004373177843,0
"a1b61d0f-2333-44f5-afee-cc0c2eab71a4",1,6,0,0,4,1.55298315685532e-17,0.000410737869211175,4,0,0.833333333333333,1
"b4b4c19f-021f-4d3c-b11a-911d4c95cd1b",1,10,0,0,5,0,0.000442254201566117,5,0,0.406779661016949,1
"4c671d5a-7027-4398-8055-03e61d1a3967",0,0,0,0,0,5.25564033535461e-19,5.81417884416849e-05,0,0,0,0
"24b596e5-7da6-49f8-b2d1-ae9083968d1c",1,28,0,0,8,0.000563791970976186,0.000389371074496588,8,0,0.189453655884751,0.875
"5d1a6e5f-a190-4e26-93bc-51457f179412",1,3,0,0,3,0.0534082156364979,0.000177098810021254,3,0,0.201853460758761,0.666666666666667
"9181fc7d-a66d-4056-9b85-45d7b1bbaecd",1,21,0,0,7,0,0.000339959672945533,7,0,0.606060606060606,1
"e8979f75-9110-4df8-ac70-898898d080d1",0.362637362637363,33,58,0,14,0.00129445385746294,0.000786288518528708,7,0.00158749683046652,0.195951644644363,0.928571428571429
"e0a34d31-bbf2-4f32-b89c-9fb0144b2b5c",1,3,0,0,3,0.000593419071710608,0.000255039820321995,3,0,0.176881106458571,0.666666666666667
"b301026a-00c7-441e-aca7-8b01f6c88d96",1,10,0,0,5,7.46269336143031e-07,0.000381573501201454,5,0,0.129289556668522,0.8
"ede97bcb-181b-4a3a-a939-b2c544193b5f",0,0,0,0,1,3.99973619337099e-17,0.000387611922942887,1,0,1,1
"7ea95bc8-7c97-4b8c-baf5-f3720bc94b40",1,1,0,0,2,3.38583655450303e-17,0.000381298218671777,2,0,0.75,1
"b997f5fa-a728-407f-ba2d-4c43c7d883fd",1,15,0,0,6,0.0674615243705229,0.000256302085099705,6,0,0.220674370745607,0.833333333333333
"73e5e69d-3554-40d8-8516-00cb38737a1c",0.444444444444444,16,20,0,9,0.0132803937118915,0.000413910176209393,6,0.00198892627104769,0.239518900343643,0.111111111111111
"6a9e461c-e3c5-4794-a203-98a15daea2df",0.333333333333333,222,444,0,37,0.0988149448952822,0.00115347631736179,14,0.00101985662801283,0.234285714285714,0.918918918918919
"766d43ae-74f0-4ce9-af1a-81227742db2e",1,15,0,0,6,0.00121190016533316,0.000335593454753867,6,0,0.193988310603952,1
"134150aa-338b-42fe-a0bd-f8e5a86fd1c1",1,10,0,0,5,0.00566126984537606,0.000289705616517887,5,0,0.201357792864365,1
"55b83fcc-7f1e-4d2d-a8bf-751152fd9fac",0,0,0,0,1,4.13003424363793e-17,0.000387611922942887,1,0,1,1
"901b1b4d-3894-4589-b97e-112092f87d87",1,1,0,0,2,3.42859606242586e-17,0.000381298218671777,2,0,0.75,1
"459d3e59-d857-4ce6-ba53-21ee6575665d",1,3,0,0,3,3.95083943490772e-05,0.000209503486231084,3,0,0.172909947903746,0.666666666666667
"2a01113c-4661-45e8-b9f0-9fb393f524b4",1,15,0,0,6,0,0.000387611922942645,6,0,1,1
"e527455c-5f72-4208-b892-22f7271a9305",1,3,0,0,3,0.00952432211790604,0.000180170579347844,3,0,0.213247667125593,1
"bb3882be-ca2e-4a93-b077-0f9792482964",1,28,0,0,8,0.00546064735567701,0.000338303197220111,8,0,0.213182443798746,0.75
"074e3847-f67f-49f9-81f1-8c8cea147e8e",0,0,0,0,1,2.79266327445385e-17,0.000298565940645328,1,0,0.666666666666667,1
"155cfd40-dcde-471e-acc0-32179916165c",0.142857142857143,3,18,0,7,1.40390573581717e-16,0.00105993642981439,3,4.57711290974696e-06,1,1
"63690c53-d0e0-42bf-8c94-b66e195c61d9",1,1,0,0,2,4.87276555248218e-17,0.000387611922942038,2,0,1,1
"33960990-c5c1-47dd-9d24-bd83a52d30f4",1,66,0,0,12,0.000147232549962878,0.00041278308990173,12,0,0.170749632533072,0.916666666666667
"170ef669-69f0-487f-9700-9896ac966a7f",1,21,0,0,7,0,0.000399052454029395,7,0,0.818181818181818,1
"536812ce-bfa2-4026-a466-f5cdf1cc8d01",1,15,0,0,6,0.00290014160601639,0.000302218685746226,6,0,0.210510419812745,0.5
"923e649b-21d3-4b45-b109-50e4978002b6",0,0,0,0,0,5.25564033535461e-19,5.81417884416849e-05,0,0,0,0
"2d0a77d3-719f-4301-acbb-9220b953c417",1,1,0,0,2,9.08699693380974e-06,0.000156022124332689,2,0,0.146891464699684,1
"73a156a2-816d-4b3c-ae2e-579da4b998bc",1,6,0,0,4,0.000259356378945963,0.000265295634155798,4,0,0.17333996518279,1
"bc710bcf-8815-42cf-bad2-3f1d12246aeb",1,1,0,0,2,0.000324799776905775,0.00020713614352579,2,0,0.154751332149201,0
"2f569e60-0a1b-4fb9-95a4-3dc1525d1aad",0.5,5,5,0,5,0.000173278140257204,0.000355975285483491,3,9.1466858245745e-05,0.186663095875736,0.4
"d1490c44-dccb-48f2-aa1c-9a994f5287d3",1,66,0,0,12,0.0380776372440358,0.000400059812889544,12,0,0.224476650563607,0.916666666666667
"29d59d18-89ae-4510-89a3-06105efda32c",1,3,0,0,3,3.28859443011746e-10,0.000348421467983649,3,0,0.103581512854808,0.666666666666667
"c07f0676-9143-4217-8a9f-4c26bd636f13",0,0,0,0,1,2.99253801188227e-05,0.00014107258591388,1,0,0.167246550689862,0
"12a7be61-0a53-4c49-99c1-62fc8e52ffac",1,15,0,0,6,0,0.000348875303497896,6,0,0.357142857142857,1
"cb59d750-a055-4603-a6fa-16c76ae4088d",1,3,0,0,3,3.68076651536038e-17,0.000387611922942804,3,0,1,1
"be46b597-c98e-48d4-af49-aa7c0244c343",1,28,0,0,8,2.19201116020483e-05,0.000446681336132485,8,0,0.142375651108161,1
"b46914b9-6289-4f86-ad0f-34147e680d21",1,66,0,0,12,0.00196577750174619,0.000421009983995758,12,0,0.206886316414366,0.916666666666667
"47cd0173-2278-40b1-9e74-9bd87971cf69",1,10,0,0,5,7.46269336147881e-07,0.000381573501201382,5,0,0.129289556668522,0.8
"1a1cd7f3-e5df-4eca-bae2-2757c9e656b5",0.358974358974359,28,50,0,13,1.64737307493173e-06,0.000722653307570385,7,0.00586751339026684,0.14721723518851,0.307692307692308
"2282c539-05a2-477c-82b7-fe40798d37f3",0,0,0,0,1,3.11730794134611e-17,0.000298565940645328,1,0,0.666666666666667,1
"d87e52c5-bb8d-4da8-b941-9f4928627dc8",1,3,0,0,3,8.52454317727795e-18,0.000305495186723209,3,0,0.4,0
"69b54f7a-b7c6-4081-98dc-77fdbb2027cc",1,55,0,0,11,0.00439103975956873,0.000404598166211757,11,0,0.208651399491094,0.909090909090909
"4dbf5678-7a31-406a-abbe-232f8ac2cd63",1,1,0,0,2,1.61811086394059e-05,0.000190184638621042,2,0,0.167749699157641,0
"94c46b35-04a6-416d-8c8b-12df90604158",1,15,0,0,6,0.0127986349262604,0.000251993363814434,6,0,0.234443323242516,0.5
"c563a7dd-4bda-4fa1-840f-0f882849fbc4",1,6,0,0,4,0.000518551496856915,0.000288138292284963,4,0,0.164231856738926,1
"79f80a4b-d09a-4212-9c22-327d8a8a845f",1,28,0,0,8,0.00597537094618432,0.000314861641222476,8,0,0.21003465421124,0.625
"7ef0b97f-6256-4bec-8c31-f6587f969170",1,21,0,0,7,1.16755743697187e-05,0.000342722890082806,7,0,0.144082687338501,1
"11a76588-288c-4862-bf6b-9a6bb0e735f6",1,10,0,0,5,6.47175237035201e-05,0.000349234505922956,5,0,0.165636882129278,0.8
"7e92584c-ca97-48bf-8a12-0327db0f6ac8",0.466666666666667,7,8,0,6,0.000831136955275502,0.000467017909451662,4,0.00070792679670753,0.192011019283747,0.833333333333333
"1c7a2235-5d08-403b-834a-3f00b7a7736c",1,1,0,0,2,4.90678619293947e-17,0.000387611922942038,2,0,1,1
"2bee95a7-1c0e-4b3c-99a5-4857d9d776dd",1,1,0,0,2,4.56378343574422e-17,0.000387611922942527,2,0,1,1
"ce8cda9c-051b-4ab8-ad64-fcf13b80223f",1,3,0,0,3,0.000781551933933233,0.000229723361552321,3,0,0.191878871300757,0.666666666666667
"4f9675d2-f6d5-486c-9b26-33dcca998500",0.333333333333333,1,2,0,3,7.57322586479129e-17,0.000568604778688942,2,5.08568101082996e-07,1,1
"4122e107-a90c-4ff3-8223-51cf490c022c",0,0,0,0,1,3.74520697036667e-17,0.000387611922942591,1,0,1,1
"42221313-9b45-476a-8414-1166fadfa518",1,3,0,0,3,0.000395893147618722,0.00019642732101475,3,0,0.188914487057867,1
"d6d45dda-2377-4faa-947b-e071efa085c0",0,0,0,0,0,5.25564033535461e-19,5.81417884416849e-05,0,0,0,0
"ce6a13b9-7d01-4308-811e-fcee6fc53027",1,10,0,0,5,5.48773838975836e-07,0.000325275565191527,5,0,0.134933694705256,1
"ae44193e-8d3c-4f12-81df-c686ecec6c73",1,15,0,0,6,0.00652415058216876,0.000275892510687005,6,0,0.225420439844761,0.833333333333333
"92762a95-0762-4604-b5bf-0d4ff3961de3",1,10,0,0,5,0,0.000275533000427585,5,0,0.619047619047619,1
"7f9a0794-785a-4a2b-90dc-8a265ba05998",0.428571428571429,12,16,0,8,0.00108912479494926,0.000468824238639822,4,0.00135480458441733,0.205332154956547,0.75
"475506e8-b9e9-4af0-bb11-070bf22bb779",1,10,0,0,5,0.000973682305118474,0.000267839282272346,5,0,0.199799340690841,1
"4744de58-e37d-49cb-bf95-c07a2effe462",0.58974358974359,46,32,0,13,0.000149845958390942,0.000546713250613248,9,0.000374000311642499,0.178626345463865,0.923076923076923
"5e366045-3176-4e42-bc2f-272b319093a5",1,66,0,0,12,0.00196577750174619,0.0004210099839957,12,0,0.206886316414366,0.916666666666667
"59db3d82-86ea-451f-881f-dffc8ec387c9",0.327272727272727,18,37,0,11,0.0132637772963599,0.000485046344712287,7,0.000665887376812233,0.238249871816783,0.727272727272727
"5e645519-a175-4fe0-9a9b-eb9dc9f506b5",0,0,1,0,2,4.0775587224459e-17,0.000351953934056928,1,1.01713620216599e-06,0.625,0.5
"e96e95c5-ec1e-41e9-b518-cc63c5ada84e",0,0,0,0,1,4.04551657946758e-17,0.000387611922942591,1,0,1,1
"c790898c-8e86-470c-88de-3d2c7560db10",0,0,0,0,1,3.68248716216058e-17,0.000387611922942887,1,0,1,1
"b4d32cff-f19e-455f-86c4-f347d824ca61",0.277777777777778,10,26,0,9,1.7520370453765e-05,0.000605147060086106,6,0.00572812199580715,0.169834307992203,0.333333333333333
"6dee6b6f-aa72-424c-9c8c-0d31ba5ff673",1,1,0,0,2,5.10755057734156e-17,0.000387611922942295,2,0,1,1
"673d3a45-5f49-4b5e-9910-4869a613d37f",1,1,0,0,2,4.8766202259543e-17,0.000387611922942295,2,0,1,0.5
"4d5447d7-c61c-4120-ba1b-d7f471d385b9",0.0738916256157636,30,376,0,29,6.25673715140875e-05,0.00228709726514028,6,0.00437206397351914,0.179500386299253,0.172413793103448
"b7539c32-53e7-4908-bda3-81449c367da6",0,0,0,0,0,5.25564033535461e-19,5.81417884416849e-05,0,0,0,0
"47347cb8-ac34-4916-84b6-d85d4e5e5384",0,0,0,0,0,5.25564033535461e-19,5.81417884416849e-05,0,0,0,0
"d8e07579-ff5a-41f2-b7a7-c71880b8287a",1,1,0,0,2,1.00376578492368e-05,0.000240607950275205,2,0,0.141036017806556,0.5
"aaa4f3af-a639-471b-bceb-ae3f015248c8",1,21,0,0,7,0,0.000373445993516747,7,0,0.335570469798658,1
"27613b78-1b9d-4ec3-9db5-fa0743465fdd",1,3,0,0,3,3.65152331291676e-17,0.000387611922942656,3,0,1,1
"03f97204-818e-45e0-b3d5-1108a52789ba",1,1,0,0,2,5.03125410952389e-17,0.000387611922942527,2,0,1,1
"a13b1d65-ccb3-4934-9bec-5a90f7c23386",1,6,0,0,4,0.00154838474922751,0.000234753379560178,4,0,0.206274045575614,0.75
"fb9b4a46-ffbb-4688-b178-f6f7f07676c3",1,28,0,0,8,0.00940358171524053,0.000318660784906295,8,0,0.223756019261637,0.875
"eb2a70c7-7dab-415a-9546-79b5092f3461",1,190,0,0,20,0.903585867658377,0.000507526612084654,20,0,0.210161314638927,0.85
"5b0b7831-69a2-47aa-9891-de14e58f9ad9",1,21,0,0,7,0,0.000399052454029315,7,0,0.818181818181818,1
"592d507e-2787-4dcb-8757-d760b7fceabf",1,36,0,0,9,0.00841032322172581,0.000389623233869427,9,0,0.215356094546578,0.777777777777778
"8eaabb17-c046-4899-80ab-37b4058ca773",1,28,0,0,8,0.0094035817152405,0.000318660784906234,8,0,0.223756019261637,0.875
"453c9a64-4ff6-4c3b-9621-a73a6574f5be",0.489473684210526,93,97,0,20,0.0080527851276884,0.000720943505227349,11,0.000572163622914231,0.223899775136524,0.9
"8e68819d-71be-4e7d-b41d-f1df81b01d3f",0,0,1,0,2,0.000115061464315435,0.000261604650880711,1,0.000354217682404307,0.17578814627995,0.5
"8ed919fb-eaee-45a1-ba99-b3ede9ca5f1d",0,0,0,0,0,5.25564033535461e-19,5.81417884416849e-05,0,0,0,0
"91b4a2a6-8015-4a4f-81a3-77618f567566",1,21,0,0,7,6.25756778295346e-07,0.000383482771593885,7,0,0.13495982186078,1
"6fda57e7-57ca-4d18-a0a0-2be85e56ec72",1,10,0,0,5,7.46269336143476e-07,0.000381573501201306,5,0,0.129289556668522,0.8
"2bd8101a-11c3-42d5-a9bd-6a3b26445f7e",1,10,0,0,5,0.00425876964459705,0.000251959577932054,5,0,0.221974522292994,0.2
"309c62ba-7a22-4277-9f67-4a162526d18a",0,0,0,0,1,3.97135772729061e-17,0.000387611922942887,1,0,1,1
"aadd68b8-de14-4296-b9e8-9713dc1777a8",1,6,0,0,4,0.00317429003661761,0.000204263203403085,4,0,0.202852153667055,0.5
"5028a04d-c3b5-428d-9c88-433224bb10ba",1,21,0,0,7,6.25756778285837e-07,0.00038348277159381,7,0,0.13495982186078,1
"09887aa7-226e-4ecc-9a0c-02d2ae5777e1",0,0,0,0,0,5.25564033535461e-19,5.81417884416849e-05,0,0,0,0
"d841a2c4-33ce-4980-b715-776fe04e551d",1,3,0,0,3,0.00340836686659764,0.000191505450721802,3,0,0.198632088914221,1
"49f4f9bb-e790-42f5-b0da-2802802b10da",1,15,0,0,6,0.00454719757775487,0.000319516687206926,6,0,0.18611481975968,0.666666666666667
"ffadf26a-2593-4eaf-8c5d-a54cbc5aedc5",0.5,3,3,0,4,0.000281910609744167,0.00023304632161526,3,0.000287191220523567,0.188582251082251,0.5
"b83bc61f-8451-4a5d-8b8e-7e9ed295e822",0.5,3,3,0,4,0.00328973857107852,0.000350574953139458,2,0.000353836256328494,0.183035714285714,0.25
"6b61aa2b-c165-45a9-bb3e-20fc9bfb2aef",1,21,0,0,7,0.00225059603500397,0.000345269331972369,7,0,0.196920468992796,0.857142857142857
"5e6c760b-42e0-4df4-a221-0269355da00a",1,3,0,0,3,4.23835135182927e-17,0.000387611922942656,3,0,1,1
"16456fed-c9f2-4adf-b6ea-97b648c474d2",0,0,0,0,1,4.01116822955138e-17,0.000387611922942887,1,0,1,1
"54e105a9-4515-47e2-8953-9b5f9cdcbf1c",0.5,3,3,0,4,7.01340683031959e-17,0.00055051725637614,3,7.62852151624494e-07,1,0.75
"c2d7ec5b-5e41-4820-8478-65a95ad3ae42",1,36,0,0,9,7.09185359731376e-05,0.000377857187313497,9,0,0.16962764662935,1
"06581da7-23ac-4d1c-8dc6-b120b5cfcf0e",1,3,0,0,3,7.46422702256983e-05,0.000230317395683598,3,0,0.163922859830668,0.666666666666667
"02913597-19e0-4a3e-ad2b-2df95b5ff76c",1,3,0,0,3,3.89433247513114e-17,0.000387611922942656,3,0,1,1
"b539bbba-e41a-49b5-a1e2-c2c90c96642c",1,1,0,0,2,3.55397523204701e-17,0.000381298218672404,2,0,0.75,0.5
"a47d580f-fe5b-4c27-ac7d-06e0ceed534f",1,15,0,0,6,0.0127975100854078,0.000274474913943107,6,0,0.226188544539997,1
"5e986bb1-9f43-4ed2-bf70-4f43b036e4e4",1,3,0,0,3,0.00338683987723025,0.000248816448717067,3,0,0.175147631612012,0.666666666666667
"46609f05-aac5-4714-9bfd-164b877d3b0a",1,36,0,0,9,0.0084103232217258,0.000389623233869369,9,0,0.215356094546578,0.777777777777778
"f7c6f813-ecc9-4a5d-9b1e-cca33a5a8785",1,1,0,0,2,0.00224542197467278,0.000125650090862604,2,0,0.213541666666667,0.5
"1dce970e-34bc-48b2-ab51-48d87544a4c2",0.6,9,6,0,6,0.000251478751580882,0.000422007698056252,4,0.000395385214551105,0.17416291854073,0.333333333333333
"2c0a4632-6ff9-44d1-8932-adbd227d7bbb",0,0,0,0,1,3.97915190894673e-17,0.000387611922942887,1,0,1,1
"2f6f210c-6103-4332-971b-cb3687d3cc28",1,1,0,0,2,2.11102643874134e-17,0.000265239389455973,2,0,0.24,1
"64c1e219-dd5e-435f-99d8-0590e1df996c",1,6,0,0,4,7.10006850131689e-05,0.000297918282672994,4,0,0.162622491833878,1
"e3fd8e3d-df64-43cb-b68e-cf6d65315e4b",0.5,39,39,0,13,0,0.000646608058110304,6,3.0725989440431e-06,1,1
"558302b1-07ae-4be1-9edb-2a2b1f036313",1,6,0,0,4,4.0077773759221e-05,0.000387529141793086,4,0,0.163845792195581,0.25
"888f7e18-2a96-4f2e-8320-08ff4330b442",1,10,0,0,5,6.92348853858332e-05,0.000291142114140092,5,0,0.172952853598015,0.8
"ce55e49a-32f4-4757-9849-bf04d06d5fcc",1,36,0,0,9,0.0159140565064213,0.000366143935988967,9,0,0.214990746452807,0.888888888888889
"7d7a5fdd-0d04-4c36-8bee-906feeae239c",0.4,42,63,0,15,0.00250511876422048,0.000671305890791772,7,0.00151307989689163,0.200431344356578,1
"3838a0c9-920d-4a80-a3c1-2e0ee20d48ae",1,1,0,0,2,8.49867763253054e-07,0.000211932211284959,2,0,0.145132743362832,0.5
"e01c3376-15fa-40d7-b747-5f219bdefdd7",1,1,0,0,2,4.77310545873906e-17,0.000387611922942527,2,0,1,1
"74dca2c7-d7dc-4b13-bd17-502a35db042a",1,15,0,0,6,0,0.000319105660960184,6,0,0.65,1
"d570bb31-b9ca-45a4-a2d9-11b186d9c159",0,0,0,0,0,5.25564033535461e-19,5.81417884416849e-05,0,0,0,0
"8560d4e8-05e2-4c20-980b-ad2db445dd5d",0.428571428571429,9,12,0,7,9.70842898848179e-07,0.00055992009416196,4,0.00386842326088781,0.145557063798684,0.428571428571429
"c3649208-0ebe-449b-b1d7-4bd6c560f109",0,0,0,0,0,5.25564033535461e-19,5.81417884416849e-05,0,0,0,0
"75e4f8ef-34c3-44fd-8467-88a7d9599f77",1,1,0,0,2,4.72013110460841e-17,0.000387611922942527,2,0,1,1
"ccb8f30e-4d71-40c4-8b1d-846dafe73e2c",0.8,36,9,0,10,3.37549531145299e-05,0.000471687862639905,9,0.000354217682404307,0.158427093987953,0.1
"4b2d00a2-34b3-4a5c-8f22-4eda5c6e8039",1,15,0,0,6,0.0046451979512821,0.000350087311002595,6,0,0.188837713356814,0.833333333333333
"2997113e-cc84-4a0c-8111-d0648b42b4dc",1,10,0,0,5,0,0.000349565928242639,5,0,0.308641975308642,1
"fd9ab0b7-7a45-44ee-9d6c-6ae062d82a0e",1,6,0,0,4,0,0.000298390846734879,4,0,0.551724137931034,1
"3d2bf6b6-23e7-4c7e-aff6-a60536d5bbf4",1,3,0,0,3,4.02694416057681e-17,0.000387611922942804,3,0,1,1
"7cc04f00-4c8f-40ea-894c-5f65777b3575",1,15,0,0,6,0,0.000339406284502973,6,0,0.666666666666667,1
"07ab04d4-bdbc-4c93-bfb2-457693a4ff94",1,10,0,0,5,0.00301776049539787,0.000238287616333338,5,0,0.19499230661631,1
"c981b771-e3d8-4709-bf00-3b3ce479b675",1,3,0,0,3,3.10995310948957e-18,0.000283132244971843,3,0,0.714285714285714,1
"8b505ef0-c5a7-4deb-bc32-27c882f3c40e",1,6,0,0,4,2.14716650608714e-17,0.000387611922942609,4,0,1,1
"2280ca0e-6968-4349-8c36-cb0cbd6ee95f",1,10,0,0,5,1.94379841766904e-17,0.000387611922942578,5,0,1,1
"47b4b80b-0cfd-4dfa-98bb-4ca24ba2b418",1,1,0,0,2,5.42053785415162e-17,0.000387611922942527,2,0,1,1
"0221734a-35a8-40f7-b5c5-2f61a200bc7c",0,0,0,0,0,5.25564033535461e-19,5.81417884416849e-05,0,0,0,0
"998c3c3c-bbe3-40f0-8c56-0c585598308b",0.8,8,2,0,5,1.99062979903952e-17,0.000419195960143752,4,1.69522700360999e-07,0.857142857142857,1
"b675f327-4738-4af4-bb83-1adb0003f2d3",0,0,0,0,0,5.25564033535461e-19,5.81417884416849e-05,0,0,0,0
"541f16f5-ad7a-428e-af89-9fa1b16d3c9c",1,1,0,0,2,4.10141979889708e-07,0.00017010261524418,2,0,0.143371387431863,0
"823bf998-ac87-4025-8825-93718fb4e147",0,0,0,0,1,4.20060032479463e-17,0.000387611922942591,1,0,1,1
"a75e7eb4-9be7-466b-8c72-311cd2b2b310",1,3,0,0,3,0.00340836686659764,0.000191505450721748,3,0,0.198632088914221,1
"6a7b9d5e-a863-4a90-a056-77942e9f43de",0,0,0,0,0,5.25564033535461e-19,5.81417884416849e-05,0,0,0,0
"29a7ec52-8155-49fd-8b4f-bbd2cc835f89",1,3,0,0,3,3.95902575420216e-17,0.000387611922942656,3,0,1,1
"8da127cc-c432-418f-b356-ef36210d82ac",0,0,0,0,1,3.92637828018515e-17,0.000387611922942591,1,0,1,1
"d653e0c7-383b-4e16-9d7e-436296b31aca",1,105,0,0,15,0.00711978265539299,0.000497928010116664,15,0,0.220047355958958,0.933333333333333
"7679f4a7-6fa7-4980-9d0d-bb906efd0418",1,1,0,0,2,4.51428149176144e-17,0.000387611922942527,2,0,1,1
"aa7a2827-f74b-473c-bd79-03d065835cf7",0,0,0,0,1,3.80455003176436e-06,0.000133534308923163,1,0,0.14950664950665,0
"3aebd566-7ff8-4b29-b017-051b6ec55861",1,1,0,0,2,0.000661776317283743,0.000184447436534859,2,0,0.186763129689175,0.5
"8a184178-86df-4b86-ab58-78c440c313c4",0,0,0,0,1,3.90004823908995e-17,0.000387611922942591,1,0,1,1
"09d4a85c-4916-4b4e-bc96-c4cfcf371046",0,0,0,0,1,4.07589567776283e-17,0.000387611922942887,1,0,1,1
"45ff73a4-1478-41b7-a71a-ff86f69336c3",1,28,0,0,8,0.0256007918785383,0.000302116935134179,8,0,0.218769617074702,1
"16b15363-f6fb-4590-be6b-c843ebc7a780",1,6,0,0,4,2.20284480166568e-17,0.000387611922942731,4,0,1,1
"8bfac288-ccc5-448d-9573-c33ea2aa5c30",1,6,0,0,4,2.17611798095047e-06,0.000301112046766126,4,0,0.143533772652389,1
"81d12ca7-5b89-4d21-8736-860b7400b4eb",0.761904761904762,16,5,0,7,0.000392157936809738,0.000379601327576625,6,0.000102714191287247,0.19871703492516,0.857142857142857
"606a2d8e-2ac3-494d-bf6c-f903a37fc7ca",1,6,0,0,4,5.62824268608916e-08,0.000351203874720073,4,0,0.127189781021898,0.5
"2a0839df-90d6-426b-88f4-5970e8b0026a",1,10,0,0,5,7.45797010039913e-05,0.000295550246115804,5,0,0.166806270192653,1
"3df11250-a3dc-4e01-8b6c-3fc5b79b4770",1,45,0,0,10,0,0.000401335180495169,10,0,0.433333333333333,1
"bb9128ab-5786-471f-9839-462e6afa5d16",1,10,0,0,5,0,0.000326676818161808,5,0,0.354609929078014,1
"6e0c7c0e-cba5-4c2c-a652-38f71ef5785d",1,1,0,0,2,3.24171155277397e-17,0.00031077888197503,2,0,0.274509803921569,1
"b13f0288-830a-4ad7-9c60-830f545e5e2b",0.301470588235294,41,95,0,17,0.00200143569171291,0.000847635358098378,7,0.00411206084267624,0.213410900183711,0.764705882352941
"8bc0f383-aa4d-42fb-aa03-6981bd449215",1,10,0,0,5,0.0070977404521993,0.000223261801181953,5,0,0.213541666666667,0.8
"24dd46e1-a787-47ce-aa5d-d76c72c435e4",1,6,0,0,4,0.000444934394693931,0.000277610846454516,4,0,0.170707812882684,0.5
"bce172fc-51bb-43f7-9a25-b406a0a581d5",0,0,0,0,0,5.25564033535461e-19,5.81417884416849e-05,0,0,0,0
"60add5d1-45f0-4c49-9c6f-fff71d307996",1,21,0,0,7,0,0.000373445993516671,7,0,0.335570469798658,1
"f37c537b-3557-4031-bfd6-ab63ced32854",0.333333333333333,1,2,0,3,1.62206377100982e-05,0.000315616015977698,2,0.000354217682404307,0.16779008184882,0
"79239441-bfd5-4981-a70c-55c3f15c1287",0.333333333333333,1,2,0,3,7.49267478389346e-17,0.000568604778688855,2,5.08568101082996e-07,1,1
"5b489ea2-dea2-43c7-a4e5-c373a22d3113",1,6,0,0,4,0.000769177015840383,0.000275370291940212,4,0,0.20031613737606,0.75
"1d60f591-29ef-4a47-a27e-228081a30f2b",0,0,0,0,1,1.02057006431285e-17,0.000254042949496158,1,0,0.571428571428571,0
"2ce02909-598b-44ef-a456-151ba0a3bd70",0.666666666666667,2,1,0,3,1.63739555799745e-05,0.000285541936917322,2,0.000174150891872298,0.16779008184882,0
"6ce817bd-600d-494d-bd53-2a5f770cf0c6",1,55,0,0,11,0.00614348578285711,0.000401469820731862,11,0,0.210765043846386,0.818181818181818
"f15651b5-67ab-43f5-8bb6-5a1138759e9e",1,15,0,0,6,0.00374466208675426,0.000299706482554376,6,0,0.214692746034191,0.5
"e337c918-098f-418e-97a2-81dc224b1bf9",0.288888888888889,13,32,0,10,0.00431465423105968,0.000635852233284488,5,0.0244206223766298,0.228487133256843,0.5
"4c40f65d-57b7-4667-89cd-3069e33ddf8a",1,3,0,0,3,3.96963712359208e-17,0.000387611922942804,3,0,1,1
"cab6450e-9786-4e93-a4e9-464d476fbbbd",1,6,0,0,4,0.00472618016714564,0.000194966533321421,4,0,0.218392605357982,0.5
"1138a764-2212-4d0a-b02d-0dc14df91e08",0,0,1,0,2,7.10149736420678e-17,0.000565703887537984,1,2.54284050541498e-07,1,1
"59f06a94-5d1f-48fe-9e73-fa47d15e6fc2",1,28,0,0,8,0.00546064735567698,0.000338303197220044,8,0,0.213182443798746,0.75
"8abfaa42-c272-42cb-b7c7-a04e3e9cf668",1,3,0,0,3,0.000850591493317819,0.000239803323848239,3,0,0.196781479390175,0.333333333333333
"bc70a77e-3964-45b5-9acd-dcf6aeacb11c",1,1,0,0,2,4.83484685069798e-17,0.000387611922942295,2,0,1,1
"fb147b8f-0144-4418-acaa-90b2d9779840",0,0,1,0,2,6.21337054122828e-17,0.000503215478908236,1,5.08568101082996e-07,0.75,0
"1f272198-9e76-42ad-90ce-543d30a61b8d",1,1,0,0,2,3.78941910111228e-05,0.000230121220081013,2,0,0.164115846479868,0.5
"68eabc1f-f304-46cb-8015-6f9cb7af33c6",1,15,0,0,6,0.00118457432489299,0.000330235690191889,6,0,0.187063875469673,1
"3c5fd466-655d-4757-9bd8-f116fbf1445a",1,6,0,0,4,0.00423258640636496,0.000199924110407015,4,0,0.232682356868636,0.75
"03ad1736-b7c9-412a-b442-82536d63a5c4",0,0,0,0,1,2.75642660031155e-17,0.000298565940644969,1,0,0.666666666666667,0
"25509e4f-a378-42fc-9be1-192afc3e2cac",1,3,0,0,3,1.77642575727877e-17,0.000363210657144721,3,0,0.8,1
"2257da02-e5b8-4da0-bff5-1db1673483d1",1,10,0,0,5,0.000550448569206454,0.000326406659228874,5,0,0.164251207729469,1
"539fca0f-6739-492a-bf3c-3a420ce4cf6f",1,3,0,0,3,0.0110957993524725,0.000190364599664298,3,0,0.213738117141981,0.666666666666667
"298bda6b-4177-43ed-a21a-dc7d46123801",1,10,0,0,5,0.00301776049539786,0.000238287616333273,5,0,0.19499230661631,1
"7e092d19-6726-4b9a-a879-157065833481",1,3,0,0,3,0.0055232828857728,0.000173081846997983,3,0,0.211725394896719,0.666666666666667
"963e9e5e-4036-4b97-b74e-b97297fe54eb",1,21,0,0,7,0,0.000373445993516592,7,0,0.335570469798658,1
"29c11f6b-df9f-454f-964e-75eedadb4a1e",1,6,0,0,4,1.94642610938809e-17,0.000387611922942731,4,0,1,1
"a10c8616-cdc3-4fd1-a0fa-bc35a6514168",0.9,9,1,0,5,2.05591533362343e-06,0.000394313637807808,4,8.51017236594669e-05,0.146675084175084,0.6
"53ba7b2d-06c4-432a-81cc-ca7525adfec1",1,6,0,0,4,0.00389745318393026,0.000278362575514102,4,0,0.178557704624055,1
"f82f3a3e-29c2-42ca-b589-bc5dc210fa9e",0,0,0,0,0,5.25564033535461e-19,5.81417884416849e-05,0,0,0,0
"04009762-d776-4f8b-807f-53e9f730f5e0",1,3,0,0,3,0.000186954046518707,0.000298191551896107,3,0,0.149138761099818,1
"fa7b0a1f-f8c0-435a-a2bd-74dccf7c0055",0.58974358974359,46,32,0,13,0.000149845958390922,0.000546713250613021,9,0.000374000311642499,0.178626345463865,0.923076923076923
"e07d9474-00ea-4460-ac27-88b46b3d976e",0.6,27,18,0,10,0.00188427133146362,0.000473497577733805,7,0.000480874488768234,0.212662090007628,0.9
"0b7c2cc8-0276-4b23-a538-746ebe4133ce",1,6,0,0,4,5.62824268582855e-08,0.000351203874719994,4,0,0.127189781021898,0.5
"594858bd-433e-464c-b571-d0af4d9041fc",1,3,0,0,3,3.71166188496158e-17,0.000387611922942656,3,0,1,1
"583ceac1-556a-445c-b522-c2b4f9f9272e",1,1,0,0,2,4.72746065153759e-17,0.000387611922942295,2,0,1,1
"83862818-99d7-4b43-92f3-aec81c633204",0,0,0,0,1,3.79266533803376e-17,0.000387611922942887,1,0,1,1
"e7998c31-e46a-4daf-8f01-583fffccda1b",1,15,0,0,6,0,0.000387611922942645,6,0,1,1
"83886397-adf2-431a-b841-dc4af744a6cc",0.5,5,5,0,5,8.04268046600015e-05,0.000473052043814346,3,0.000353836256328494,0.153558052434457,0.6
"f8c01287-6bff-4e63-b570-2a61c24e64d6",0,0,0,0,1,3.89985929596519e-17,0.000387611922942591,1,0,1,1
"1a9d7ebe-2bab-47b7-9c08-8ebff789d134",1,21,0,0,7,1.16755743697162e-05,0.000342722890082741,7,0,0.144082687338501,1
"98784f42-c6b7-40a6-9313-8404024eeba0",1,3,0,0,3,5.19414884050815e-06,0.000244076974695191,3,0,0.146999894548139,0.666666666666667
"9c0527f9-b616-494a-9d03-a30b89e81866",1,15,0,0,6,0,0.000387611922942555,6,0,1,1
"e7fd97a1-cc84-4d5d-87ea-8017dcfafcbd",1,1,0,0,2,4.99327598669461e-17,0.000387611922942295,2,0,1,1
"0b323c4b-1258-4775-a8e2-ee71f4bf9a45",1,6,0,0,4,0.00149852871888224,0.00025405912211154,4,0,0.204939723610703,0.75
"272989c8-5535-492d-a25c-9f58803e027f",0.2,24,96,0,16,0.00814031050227177,0.000765356469253453,6,0.0108022070662986,0.231946755407654,0.1875
"cad43f86-226e-4e6a-84f9-3219b48ad242",1,3,0,0,3,0.000189581753196805,0.00031384987393213,3,0,0.159752463900986,1
"9cb087ec-949c-4fb1-b139-778d294c0393",1,15,0,0,6,0,0.000387611922942555,6,0,1,1
"a49a9a95-33fb-4d21-9139-9ced074feb58",1,3,0,0,3,1.75466350382324e-08,0.000204446942673433,3,0,0.113916809675574,1
"f94db5b3-9260-4e81-9d35-6806e50c713f",1,3,0,0,3,4.01900227504077e-17,0.000387611922942804,3,0,1,1
"62162215-b023-4f0e-84bd-1e9412d5b32c",1,1,0,0,2,2.06679197368809e-17,0.000317511894325407,2,0,0.75,1
"6bfe9806-b477-4750-8bd2-b1d0acf901a9",1,21,0,0,7,0,0.000387611922942539,7,0,1,1
"6802a7a8-27c1-46be-ac12-2c03ee1f4096",1,3,0,0,3,3.91166043107536e-17,0.000387611922942939,3,0,1,1
"6be2828f-6c0d-4059-99d4-fa18acf1a296",0,0,0,0,1,1.46365066607239e-17,0.000219246475736483,1,0,0.6,0
"a8449e6e-834b-4e2a-8497-0182a6e2aade",1,28,0,0,8,0,0.000441546381391131,8,0,0.666666666666667,1
"4be53eb7-32d7-4d7b-a995-345b90a507f6",0,0,0,0,1,3.72591887075718e-17,0.000387611922942887,1,0,1,1
"752e457b-fc3b-4809-96bc-d34264ee9519",1,1,0,0,2,3.94725680125795e-17,0.000299876027787978,2,0,0.354838709677419,0.5
"d27d1b7a-4d2e-469d-954d-bdf938c294ad",1,36,0,0,9,0.00365265990226524,0.000395302979335711,9,0,0.204009951704961,0.777777777777778
"9ce50a20-d32f-430f-807c-341dd00acac2",1,15,0,0,6,0.0041730309976116,0.000271314325085529,6,0,0.208464184238074,0.666666666666667
"757ed661-fbad-4e45-b1cd-a6b09f06f54a",0,0,0,0,0,5.25564033535461e-19,5.81417884416849e-05,0,0,0,0
"012151a8-0f9a-44c9-997f-ebd68b5389f9",0,0,0,0,0,5.25564033535461e-19,5.81417884416849e-05,0,0,0,0
"1ac73985-2cfa-433a-a6f8-379480e87179",1,3,0,0,3,0.00195658845585383,0.000215576330477297,3,0,0.19614464612354,0.666666666666667
"20533bc5-fbc5-4d69-9e83-db3f17ce6e49",0.489473684210526,93,97,0,20,0.00805278512768837,0.000720943505227222,11,0.000572163622914231,0.223899775136524,0.9
"f280f9d2-77e6-49aa-a0b5-ce51a18cc2f3",1,10,0,0,5,0,0.000309955398412601,5,0,0.571428571428571,1
"8e27a96f-07a6-4484-a475-f0d487fc3c86",1,1,0,0,2,4.99487478045694e-17,0.000387611922942527,2,0,1,1
"f40856e6-079f-4a0a-916e-9e6a5e04f646",0.269230769230769,21,57,0,13,0.000712387474847699,0.000716216619269324,4,0.00122587923796961,0.196837051680316,0.846153846153846
"5fc368f4-d528-48d7-a8d4-5c657b29beff",1,1,0,0,2,0,0.000219598769680262,2,0,0.358208955223881,0
"bf93639c-1d7e-44ff-9331-91d871b6e14b",1,10,0,0,5,0.00223122290929671,0.000285346680573203,5,0,0.196781479390175,0.8
"66280221-4f4f-442d-91e3-1f622e8b7713",0,0,0,0,0,5.25564033535461e-19,5.81417884416849e-05,0,0,0,0
"93647349-bcda-474a-9a89-327047362acd",0.571428571428571,16,12,0,8,0,0.000452106894573275,6,2.66998253068573e-05,0.420168067226891,1
"b59b8a4d-2278-414f-bf10-04b204ad798b",1,3,0,0,3,0.0110957993524725,0.000190364599664234,3,0,0.213738117141981,0.666666666666667
"d288a227-30c0-4bed-95c3-8c9614646633",1,10,0,0,5,4.84178230526021e-05,0.000239850684936098,5,0,0.168296510925993,1
"bfbd3940-14aa-4c4a-a2ab-67d040aae0f2",1,6,0,0,4,0.0010087491588237,0.000247065218550576,4,0,0.202999854376001,0.75
"f4abc0b5-3f7a-4eff-8f78-ac078dbce533",0,0,0,0,0,5.25564033535461e-19,5.81417884416849e-05,0,0,0,0
"42a8b26e-0ae0-4c28-8db5-b54deb80a23a",1,1,0,0,2,3.8203516712943e-17,0.000381298218672099,2,0,0.75,1
"f83fc06a-3206-4d6f-be05-6dd5ec6a691d",0.678571428571429,19,9,0,8,0,0.00049594510089301,6,1.256163209675e-05,0.316455696202532,1
"a6de8ef9-b1a1-4756-97aa-481bbb8a4069",0.4,6,9,0,6,4.46493365630919e-17,0.000637617984974507,4,7.88280556678643e-06,0.6875,0.666666666666667
"0719f327-24e8-468e-bed0-44214a55a19c",1,6,0,0,4,6.77320703142521e-18,0.00032723814778448,4,0,0.523809523809524,1
"44ab83a3-3e64-42d6-9e80-41fdc06c8ff5",1,3,0,0,3,4.78098548082237e-05,0.000305035226979196,3,0,0.164697542533081,0.666666666666667
"31bea673-d23a-4889-8da1-7cb040863268",0.666666666666667,24,12,0,9,0.000286221887846782,0.00048443182731516,6,4.4298865409469e-05,0.177715451300357,0.888888888888889
"7bd66c18-cb33-49aa-9279-140acedbdb49",0.376344086021505,175,290,0,31,0.0903792928898143,0.000972344090027695,14,0.00287154529637205,0.24813100747597,0.870967741935484
"14ecd19f-7121-4192-8549-e5056241a42f",0.473544973544974,179,199,0,28,0.0901389874922338,0.000829609222142006,15,0.00168424209005557,0.243365921787709,0.857142857142857
"31e0783a-9c5d-4218-9f23-4b9427b111e7",1,1,0,0,2,5.29062611579409e-17,0.000387611922942527,2,0,1,1
"c4df30f5-5487-4806-9189-b69c9f27532c",0,0,0,0,1,4.09403829715262e-17,0.000387611922942887,1,0,1,1
"2c90905f-6c6c-40fb-8bbe-8495cb4e699c",1,6,0,0,4,2.23158959080655e-17,0.000387611922942609,4,0,1,1
"765d18ec-8a76-4f6e-9c6e-cd78a223724c",1,3,0,0,3,4.39944320948806e-17,0.000387611922942939,3,0,1,0.666666666666667
"bf29d579-a22d-4c4a-8ec3-e362d397e006",1,6,0,0,4,0,0.000341381980243839,4,0,0.75,1
"9a58fda3-f4ed-4080-a3a5-f457aac9fcdd",0.428571428571429,12,16,0,8,2.26236683495811e-17,0.000569242730639508,4,7.11995341516194e-06,0.785714285714286,1
"5642774a-72c0-4099-8da4-7c1ab36378a8",0,0,0,0,0,5.25564033535461e-19,5.81417884416849e-05,0,0,0,0
"9fff2f8a-21e6-47de-a2b8-7f449929d43f",0.127659574468085,138,943,0,47,0.0972270506351024,0.00179662724218608,9,0.0202183041233115,0.267870868562644,0.170212765957447
"13b14a2e-470c-434c-8f89-c8763f849e2c",1,3,0,0,3,4.08524112776084e-17,0.000387611922942939,3,0,1,1
"9a93190b-3e24-4586-bc10-aefd1ad8de01",0,0,0,0,1,3.96884587482617e-17,0.000387611922942887,1,0,1,1
"4ad8190b-d2fd-46f8-a3d9-c0f55c034976",0,0,0,0,1,3.68805417123486e-17,0.000387611922942887,1,0,1,1
"dbd28983-6bfa-4afc-82af-7898a9e74011",1,15,0,0,6,0.000219308088119578,0.000373219300098583,6,0,0.157371867238654,1
"e7b18ac8-3c58-4a9f-bd2e-5b6a90b07fbe",0.551282051282051,43,35,0,13,0.002114148072217,0.000520301619498414,8,4.1201968038164e-05,0.19559421916655,1
"49302df8-9e4f-42ed-8a9c-5d6f8d6cb83c",0,0,0,0,0,5.25564033535461e-19,5.81417884416849e-05,0,0,0,0
"a8b293fe-502b-4241-ae49-13978fd14940",1,10,0,0,5,0,0.000349565928242596,5,0,0.308641975308642,1
"a817dcec-520a-44ec-bd7e-ada26dcf4243",0,0,0,0,1,0,0.00018684835491895,1,0,0.538461538461538,1
"faddb781-a5c5-4fc5-b5e6-1f2e1d4170e6",1,3,0,0,3,4.16629663372631e-17,0.000387611922942497,3,0,1,1
"25ab7547-a4d2-480b-b028-c7f3497bc858",0,0,0,0,0,5.25564033535461e-19,5.81417884416849e-05,0,0,0,0
"e3ea6186-7523-48de-8437-bac91bc47829",1,3,0,0,3,3.14754994893542e-09,0.000311559429387367,3,0,0.112755803607539,0.666666666666667
"91eda19b-1437-42cd-b7af-69df24b7f275",0,0,0,0,1,4.22314577274505e-17,0.000387611922942887,1,0,1,1
"201f8ca9-0d8a-43db-ba69-aea79a525e56",1,3,0,0,3,4.37247873851558e-17,0.000387611922942804,3,0,1,1
"13c10976-99f1-4cb4-8fbe-56067e91d865",0,0,0,0,1,3.98978348176994e-17,0.000387611922942887,1,0,1,1
"df36f6db-5987-46ed-9d02-0cf36ed4e060",1,15,0,0,6,0,0.000387611922942462,6,0,1,1
"7e9bd05a-117f-4cce-87bc-e011527a8b18",0.393939393939394,26,40,0,12,0.0627009777592043,0.00059110962577087,7,0.00175661893478235,0.223827874116891,0
"7111ec38-09cd-43ce-b285-6adc62079778",0,0,0,0,1,3.90125922854537e-17,0.000387611922942591,1,0,1,1
"217269ca-ed88-45f4-8251-4c9384d48841",0.666666666666667,4,2,0,4,0.000428172410878218,0.000277696146192068,3,2.54284050541498e-07,0.184733633713226,1
"31721fa4-d6bc-4f09-b0bb-464b27e2ad3c",1,3,0,0,3,4.27096904284753e-17,0.000387611922942656,3,0,1,1
"50698127-f6f4-4c0c-8010-db98c21100e1",0,0,0,0,1,2.47967691236874e-17,0.000272008366977685,1,0,0.5,1
"dc99e6fd-c710-4f79-b74b-127b4d0b7849",0.222222222222222,8,28,0,9,0.000729729376817118,0.000785413197582216,4,0.00276996946654291,0.196282737257111,0.111111111111111
"0bf0cabe-def2-4113-8dc5-6e721b9c3a92",0.428571428571429,9,12,0,7,0,0.000440572821383989,4,2.36484167003593e-05,0.465753424657534,0.571428571428571
"b2f2216a-d7a9-4ce0-8b8f-f494d9a8c196",0,0,0,0,0,5.25564033535461e-19,5.81417884416849e-05,0,0,0,0
"197b70c7-8910-4030-ad03-632d82aa40e3",0,0,0,0,1,3.96687073322315e-17,0.000387611922942591,1,0,1,1
"8339f0eb-80a0-4c29-815c-f9b02a1d531d",0,0,0,0,1,4.03291282819121e-17,0.000387611922942591,1,0,1,1
"a7808382-465f-40f2-9682-e85b5b39b89b",0.614718614718615,142,89,0,22,0.0659099911839909,0.000640898420786385,15,1.47432154515237e-05,0.227257906749266,0.954545454545455
"73c3f499-60e2-44e1-81dd-7fe2191461fa",1,15,0,0,6,0.00457393041175492,0.000348929958942792,6,0,0.189711486118672,0.833333333333333
"e6fbb8f7-9545-4f3f-b835-2fed39022f89",1,3,0,0,3,4.21195193392375e-17,0.000387611922942804,3,0,1,1
"e77c277f-6c29-4bcd-b541-4dcf47ac775a",1,21,0,0,7,0,0.000347976105446659,7,0,0.606060606060606,1
"1ac10f5e-2079-4435-b78f-dda6ecdeba15",0,0,0,0,1,4.1524563106631e-17,0.000387611922942887,1,0,1,1
"ce49d491-8c6f-48eb-bd9e-38b6cf1d4552",1,3,0,0,3,0.000186954046518709,0.000298191551896039,3,0,0.149138761099818,1
"daeec599-bf5d-4428-994a-e76ba5f86e2f",0,0,0,0,0,5.25564033535461e-19,5.81417884416849e-05,0,0,0,0
"8fb64b2e-db8b-4579-ad08-f324ef1bf494",1,1,0,0,2,1.44463302191891e-17,0.000306213366424607,2,0,0.45,0.5
"c243168b-4c19-46d4-8af8-8724d79dd33a",0,0,0,0,1,3.98949511606576e-17,0.000387611922942591,1,0,1,1
"71db5060-324e-4cc5-8ca6-0070220ae000",1,6,0,0,4,2.38175378936414e-17,0.000387611922942731,4,0,1,1
"9c952245-bb78-450c-83ee-69785949466e",0.583333333333333,21,15,0,9,0.00133343917113204,0.000489449961925372,6,1.90713037906123e-06,0.187139213317224,1
"e7dcdf9f-b058-482e-bca8-45675628ebf2",1,36,0,0,9,3.36765633482787e-05,0.000391323072529756,9,0,0.158409090909091,0.666666666666667
"47010115-1e5e-46b5-bea4-4dd4a29fb0ab",1,6,0,0,4,0.0014983724960526,0.000221549447829238,4,0,0.211020284589767,0.75
"c4aaadaf-da28-4136-a888-f0008c710d58",0,0,0,0,1,8.02709589620079e-07,0.000146240025152384,1,0,0.144157187176836,1
"2c97cd35-1e75-4c1e-88ae-ee618ad0035d",1,21,0,0,7,0.000739069919634933,0.000336774424617712,7,0,0.19122085048011,0.857142857142857
"5a85ff61-4b80-4e84-a1fa-a409c6c6bbec",1,10,0,0,5,0,0.00034956592824255,5,0,0.308641975308642,1
"e9296a90-9c59-4657-9165-1f1b5319de00",1,1,0,0,2,5.24922352273532e-17,0.000387611922942295,2,0,1,1
"e1da97e1-f780-4188-864a-3bf421b6d476",1,21,0,0,7,1.16755743697108e-05,0.000342722890082674,7,0,0.144082687338501,1
"c1493030-c329-47eb-ac7c-4250aacb1e4c",1,15,0,0,6,0.00652415058216874,0.000275892510686943,6,0,0.225420439844761,0.833333333333333
"e5d70460-7057-4cbe-9c07-11ca2dac975c",0.357142857142857,10,18,0,8,0.00987256097826459,0.000385703919790779,5,0.000517171561717772,0.232333333333333,0.625
"9e51a90d-fcb3-4db6-9fa2-5a60557885dd",1,6,0,0,4,0,0.000248203974943192,4,0,0.387596899224806,1
"a5bd836d-8d8f-48a5-b0b7-dbb18b3264dd",1,28,0,0,8,0.13786832877442,0.000304622940627008,8,0,0.190437158469945,0.875
"9643ef45-b844-48b2-9e56-7e8be098bea0",1,3,0,0,3,4.00474653359448e-17,0.000387611922942656,3,0,1,1
"21dab5d7-3bda-4f72-a054-6379729dcb62",0.4,6,9,0,6,0.00341322466740288,0.000501702710918359,3,0.00106112734290967,0.175213675213675,0.5
"31da7b06-bc30-4a1f-9f4a-c2ac1a84167f",0,0,0,0,1,3.84561918911324e-17,0.000387611922942887,1,0,1,1
"4b68c65a-8cb5-4c03-bb58-c1b1cf5eced1",1,1,0,0,2,4.73082847049581e-17,0.000387611922942527,2,0,1,1
"ba550d0e-adac-4864-b88b-407cab5e76af",0.0767195767195767,29,349,0,28,0.000265213747811017,0.00214141498723798,6,0.0255961101033033,0.20141598034966,0.178571428571429
"690c8bf1-9499-4c9c-9b5e-9758378cb5c7",0.666666666666667,2,1,0,3,8.09781163803673e-07,0.000371797618419415,2,1.27142025270749e-07,0.134128740498412,0.666666666666667
"58f1e354-ecbc-4fd3-aa25-97eb1d9bd8b9",0.545454545454545,36,30,0,12,0,0.000588104683880025,7,1.44941908808654e-05,0.52,1
"201412c6-7ced-472b-87a9-9259ec3c07d3",1,6,0,0,4,0.000177566680626084,0.000328704035783021,4,0,0.1564709843978,1
"2d4a1dd1-2cd8-4553-bf0b-74b8c9179633",1,21,0,0,7,0,0.000387611922942456,7,0,1,1
"d1d82d22-80ee-4551-a132-25648e857f9b",0,0,0,0,1,0.000626474144170085,0.00010490793192237,1,0,0.169813619198441,1
"c6619f89-5454-4e2d-aa19-b5596ba3b4c6",0.533333333333333,24,21,0,10,6.05953818012793e-06,0.000594262379417676,6,0.00126743367525891,0.15749632809852,0.4
"2f548675-008d-4332-876c-108b0c7ab9c5",0.644444444444444,29,16,0,10,0.000579211867321001,0.000518695485107027,8,0.00486839865073966,0.1954845042771,0
"613260c3-d620-4645-94cd-33cd55f29b1e",0,0,0,0,1,3.80334584507667e-17,0.000387611922942591,1,0,1,1
"c3dcad1b-1380-4a94-98d8-3f8272f19df6",0,0,0,0,1,3.99006845353211e-17,0.000387611922942887,1,0,1,1
"38474d18-9204-4f60-a137-1fcc6750b869",0,0,0,0,1,3.84878540507103e-17,0.000387611922942591,1,0,1,1
"9878be28-66b3-47f9-a019-baf1b32876ff",0,0,0,0,1,5.41581899683785e-18,0.000254042949496158,1,0,0.571428571428571,0
"c4363ee6-42f6-4edc-bcc2-7f99ac367bb1",1,1,0,0,2,4.48179141342172e-17,0.000387611922942295,2,0,1,1
"75fcb0af-b701-4f71-b57f-f451cfe61c5b",1,21,0,0,7,0,0.00037344599351651,7,0,0.335570469798658,1
"d9152066-a306-477c-b07c-e5df0eb29eeb",0.409090909090909,27,39,0,12,0.00106155556785343,0.00054276165393824,6,0.001243232930461,0.201649066975264,0.5
"348d1d67-e150-49a8-81ab-db34540ebfa9",1,6,0,0,4,7.52437250632123e-06,0.000254345304423508,4,0,0.155632466227532,1
"df098be2-7aa9-4fc2-9587-ad00a12d4b63",1,3,0,0,3,4.50901569343119e-17,0.000387611922942656,3,0,1,1
"7df45a14-19d1-4273-b073-c7292790a6a6",0,0,0,0,0,5.25564033535461e-19,5.81417884416849e-05,0,0,0,0
"9030ae90-4db2-4a9c-aa08-01cf17a86b58",1,1,0,0,2,4.75983454500661e-17,0.000387611922942527,2,0,1,1
"bc4cc656-f03a-493a-b250-6afaa4cd7418",0.350378787878788,185,343,0,33,0.0488935881212139,0.00103296824172398,16,0.00238948748869311,0.244047619047619,0.575757575757576
"20ed1946-1317-4f9e-ae72-817548b4ace2",1,3,0,0,3,3.06155872194005e-17,0.00040413855097221,3,0,0.8,1
"0432c3b1-995d-42fc-82e8-ab1257217c27",0.6,9,6,0,6,3.73413764952132e-08,0.000490976881135243,4,0.000530182245379023,0.114666447314305,0.666666666666667
"67e676aa-dda3-44e2-8a75-92914feea693",1,10,0,0,5,0,0.000297658589213307,5,0,0.413223140495868,1
"d786f59b-1836-4ddb-8393-ab753edbe984",0.5,3,3,0,4,0.000237003811389345,0.000383763983145609,3,0.00110875229839182,0.186488294314381,1
"f46bd570-5768-462e-b84c-c7c993bbf47e",0,0,0,0,0,5.25564033535461e-19,5.81417884416849e-05,0,0,0,0
"f634fc9c-da81-4627-9913-455d638bbfdf",1,1,0,0,2,0.00357877141185455,0.00018703081024117,2,0,0.184954225819291,1
"c20b3d57-9ded-4f5b-a038-fffb344e2681",0.833333333333333,5,1,0,4,0.00532329701319148,0.000212540059905609,4,2.75474388086623e-07,0.206365655070318,1
"561d854a-6a28-4aa7-8c99-323e6ce46c2a",0,0,0,0,1,3.7093925041909e-17,0.000387611922942591,1,0,1,1
"9e0e2b01-41db-4008-bd8b-988977d6019a",0,0,0,0,0,5.25564033535461e-19,5.81417884416849e-05,0,0,0,0
"5f63a2b3-ce5f-42ce-9485-32e89ca2d460",0,0,0,0,1,4.21599760012927e-17,0.000387611922942887,1,0,1,1
"60c05c03-e33e-44a7-bef8-6fb245aaea51",1,1,0,0,2,0.00357877141185455,0.000187030810241118,2,0,0.184954225819291,1
"68a77226-cc92-4e95-b264-18d219499b1b",1,190,0,0,20,0.903585867658378,0.000507526612084589,20,0,0.210161314638927,0.85
"fc673028-e2a2-4e5e-b55a-5d1928d72a83",0.6,9,6,0,6,0.000101396091555409,0.00038117765020613,4,1.48353044680481e-05,0.168581448784617,1
"1b8e1cbe-50b2-4854-ac03-b362cee3c2ad",1,3,0,0,3,0.000236363513320788,0.00027033359258949,3,0,0.186189394951249,1
"06bf4c0f-d176-4f54-8d1e-3efe89a03be2",1,105,0,0,15,0.0526209433176866,0.000441089041120346,15,0,0.226998860120502,0.933333333333333
"0b0bd0c0-3723-4715-87d7-9d57f0eb240f",1,28,0,0,8,0,0.000441546381391038,8,0,0.666666666666667,1
"ba1ba43e-80a8-4471-8d02-c31453f4aa88",1,1,0,0,2,5.18874514667396e-17,0.000387611922942038,2,0,1,1
"8428f959-7662-455b-af97-f05d0d7379b9",1,6,0,0,4,0.000671870618874109,0.000230784481766417,4,0,0.178855529894791,0.25
"f2dc8be4-c4bb-41f7-b2fe-7220902d804e",1,15,0,0,6,0.00555091849153144,0.000283949038977409,6,0,0.219251336898396,0.166666666666667
"37c16e49-0d6f-4fdd-bdd6-63e99607a831",1,3,0,0,3,1.81853607909407e-17,0.000325009258148981,3,0,0.44,0.666666666666667
"f2492c31-54a8-4347-a1fc-f81f72873bbf",0,0,0,0,0,5.25564033535461e-19,5.81417884416849e-05,0,0,0,0
"bc880664-6751-4998-984d-ebdbff15d229",0.535714285714286,15,13,0,8,0.00232512286123321,0.000560354467134906,6,0.00106163591101075,0.213182443798746,0.375
"996077ea-19a8-4f75-a817-c166637ffc48",0,0,0,0,0,5.25564033535461e-19,5.81417884416849e-05,0,0,0,0
"4e5017d4-874d-48ee-84f0-d535d17a010f",0.476190476190476,50,55,0,15,0.00140872088000073,0.000627292590616856,8,0.00034021112473435,0.199885288213364,1
"b202beb7-99bd-47e7-8b72-195c8d72ebdd",0,0,0,0,1,2.38830342320826e-17,0.00020772221041567,1,0,0.416666666666667,0
"b665b768-0d83-4363-950c-31ed39317c15",0,0,0,0,1,3.99713719726856e-17,0.000387611922942887,1,0,1,1
"7c5b8865-d23c-4abf-884d-c68be0020991",1,3,0,0,3,4.33230820490286e-17,0.000387611922942939,3,0,1,1
"48555d10-ded8-4172-a737-33bffc0125d5",1,10,0,0,5,2.56476932576718e-17,0.000397773187200798,5,0,0.358974358974359,1
"6d47cb9a-567d-4c1a-a9b1-cb8394db3212",1,3,0,0,3,0.000781551933933239,0.000229723361552272,3,0,0.191878871300757,0.666666666666667
"95fb3a0c-fc74-4f51-acba-bbe5b3a78e32",1,1,0,0,2,4.49954827814011e-17,0.000387611922942527,2,0,1,1
"678d88b2-87b0-403b-b63d-5da7465aecc3",0,0,0,0,0,5.25564033535461e-19,5.81417884416849e-05,0,0,0,0
"37be3f17-a4ba-4c07-9c04-210cc6f4f091",1,3,0,0,3,2.87747598023031e-08,0.000290635744960916,3,0,0.113777342474698,1
"9564a2a8-2e0e-43bc-8a0e-12c3befadbe5",0,0,0,0,1,4.15807337148731e-17,0.000387611922942887,1,0,1,1
"6ca4886a-8f77-4133-b404-46fb3908e24a",1,1,0,0,2,0,0.000273816278860225,2,0,0.45,1
"ee421ee4-f861-405d-8730-29cb512dfdbd",0.533333333333333,24,21,0,10,0.00134476237976507,0.000463563062616139,7,0.00057854495111554,0.197422461407733,0.7
"8093d4c9-24c1-4749-bdc7-aa17f5b76843",1,105,0,0,15,0.00711978265539315,0.000497928010116601,15,0,0.220047355958958,0.933333333333333
"068538c3-e73e-44b3-a3c0-990dd5f029dc",1,3,0,0,3,3.73211427286909e-17,0.000387611922942804,3,0,1,1
"aa5a6061-e60d-4a58-b9f6-c09de390bb2d",1,6,0,0,4,0.00386118298403949,0.000240849574363008,4,0,0.197870830376153,1
"a4dcd7c6-53ee-4c5b-aae2-d88f876b89c0",1,6,0,0,4,2.35365840031276e-17,0.000387611922942609,4,0,1,1
"552da8ff-2c8f-4060-8352-48dea991e92b",1,15,0,0,6,0.00131012175209989,0.000335657676916664,6,0,0.199199771363247,0.833333333333333
"d4a112aa-a59a-4225-963a-f61a2eb1df71",1,15,0,0,6,0.000219308088119575,0.000373219300098509,6,0,0.157371867238654,1
"43906e48-a7c0-4b80-a5dd-37d1fe6ccdb9",1,91,0,0,14,0.0567514142355322,0.000454205663365952,14,0,0.228113238422517,0.857142857142857
"652d2a37-9ab2-4a6f-9814-d9e50c4a0faf",1,36,0,0,9,0,0.000387611922942449,9,0,1,1
"6d7b7cd4-254b-4c25-83f6-dd20f98ceacd",0,0,0,0,0,5.25564033535461e-19,5.81417884416849e-05,0,0,0,0
"aaf2e0a1-2c67-4118-b0ab-8539f5096ada",1,6,0,0,4,0.000628529340580738,0.000291564158706486,4,0,0.176478035194328,1
"5b11f4ce-a62d-471e-81fc-a69a8278c7da",1,1,0,0,2,1.61811086393877e-05,0.000190184638621042,2,0,0.167749699157641,1
"8a1980a4-0c81-4b0b-8319-15b2175210f6",0,0,0,0,1,4.01467745595834e-17,0.000387611922942887,1,0,1,1
"9a84344f-c450-47c9-8428-46fe2ee9db10",0,0,0,0,1,3.96264624462427e-17,0.000387611922942887,1,0,1,1
"8caa05e8-4c00-443d-8a5c-94d64ca07737",1,45,0,0,10,0,0.000401335180495121,10,0,0.433333333333333,1
"03a82b66-d021-4754-aca2-399d51ee6199",1,1,0,0,2,5.06872275070584e-17,0.000387611922942527,2,0,1,1
"8f82df2b-a412-4f5d-9331-73d993dbce31",1,10,0,0,5,0.000355108211994099,0.000346532000106073,5,0,0.167850692354004,1
"db060c42-4879-4539-9472-54973abe5f17",0,0,0,0,0,5.25564033535461e-19,5.81417884416849e-05,0,0,0,0
"f181961b-20f7-459e-89de-920ef03c7ed0",0,0,0,0,1,2.8231245757571e-17,0.000298565940644969,1,0,0.666666666666667,1
"92a0f97c-311e-4ca9-8bb3-247b3d96d41b",1,6,0,0,4,9.7427354566814e-18,0.000338437276002157,4,0,0.833333333333333,1
"14a00a25-04d7-43f6-9196-29e68a767321",1,10,0,0,5,0,0.000306585213565459,5,0,0.571428571428571,1
"c7740223-c657-4b0a-a0a4-b8349169e760",0,0,0,0,1,4.18229646679872e-17,0.000387611922942887,1,0,1,1
"9e103f85-7af7-41d7-b83b-49ba8f0c5abf",1,1,0,0,2,1.61811086394123e-05,0.000190184638621042,2,0,0.167749699157641,0
"e0083bb1-bb24-498f-b072-268aa55b5e3e",1,15,0,0,6,0.00231431031666416,0.000357970177800108,6,0,0.213084683583002,0.166666666666667
"666050d0-5d6e-4436-b451-e2775da0461f",1,21,0,0,7,0,0.000347976105446604,7,0,0.606060606060606,1
"efc381ba-ea68-49ca-af91-bebdd40fe1d8",0,0,0,0,1,4.11561230292216e-17,0.000387611922942591,1,0,1,1
"091e2b4f-1e60-408c-9ee2-06440cdb8846",0.511111111111111,23,22,0,10,0.00106223740199408,0.000494477566458392,6,0.000685137507471143,0.200229819017524,1
"8a7cf497-dc5c-4523-932d-3fcbc9a69d38",1,1,0,0,2,5.09778272511564e-17,0.000387611922942527,2,0,1,1
"a2c4674d-35eb-4e86-9100-1da0a2985cb1",0,0,0,0,1,3.90016854130417e-17,0.000387611922942887,1,0,1,1
"4d2956d1-a3f7-44bb-9a41-67563e1a0c94",0,0,0,0,0,5.25564033535461e-19,5.81417884416849e-05,0,0,0,0
"7ee89158-3446-4044-bb88-0dcc4d4cd6c0",1,3,0,0,3,6.6943805316803e-05,0.00024899229205587,3,0,0.161211981033885,1
"d5cc67b8-1cc4-453b-96e8-44487acdebea",0,0,0,0,1,2.0270882213098e-06,0.000148779181933095,1,0,0.141537211899685,0
"18fdc296-87c6-4b2b-91f0-5039f0651912",0,0,0,0,1,0.000607431339484165,9.68588941102534e-05,1,0,0.188888888888889,1
"25b509ef-48ad-461b-a0bc-94cdddb8c919",1,15,0,0,6,0,0.000387611922942462,6,0,1,1
"af6be531-7ff5-404c-b3ec-34db5c6bc4a0",1,10,0,0,5,0,0.000349565928242502,5,0,0.308641975308642,1
"be20278d-c066-4ef5-9a4b-48b546e39f3f",1,3,0,0,3,3.60144416425423e-17,0.000387611922942939,3,0,1,1
"e3d17fe5-2564-4181-b3f1-91192d5366f2",0.571428571428571,12,9,0,7,5.59446605566338e-05,0.000361200345482339,4,0.000456616612382349,0.167769888073174,0.571428571428571
"cea7bda7-394d-43b6-bd2d-7ba4f5bffd23",1,15,0,0,6,0.00907146150887749,0.000315979837734073,6,0,0.194883265762617,1
"395cc503-63b5-4a0b-a20a-604e3fcacea2",0,0,0,0,0,5.25564033535461e-19,5.81417884416849e-05,0,0,0,0
"8389ff77-a7a4-4ba4-bf1b-17ded47d41a1",0,0,0,0,0,5.25564033535461e-19,5.81417884416849e-05,0,0,0,0
"95f5b748-d370-47fe-85bd-0af2dc450bc0",1,3,0,0,3,4.57628694912868e-17,0.000387611922942656,3,0,1,1
"6c309bb4-112b-46db-b55b-e68068fad581",0.703296703296703,64,27,0,14,0.00743312321156588,0.000516975987513498,11,0.000179538964097482,0.220744259699129,0.857142857142857
"550cb78b-4995-4873-baea-76ef265531f5",0.766233766233766,177,54,0,22,0.0398041955538492,0.000593374953864388,16,0.000494710924111651,0.233110367892977,0.681818181818182
"20877ac4-ce8b-451d-a429-25f8483045e5",1,6,0,0,4,0.00393564428425774,0.000239935245716104,4,0,0.203058994901675,0.75
"6047359d-6c61-47b2-87cc-a622c932767a",1,1,0,0,2,3.00372047987834e-05,0.000223102763856685,2,0,0.14790450928382,1
"775ad383-ac2d-479a-af9d-b561442cb749",0,0,0,0,1,6.71906761033103e-07,0.000176527507515738,1,0,0.139302488258219,1
"78a8d998-b910-4176-9135-3d465a35eb3f",0.8,8,2,0,5,3.19804135604512e-17,0.000441157757902531,4,1.69522700360999e-07,1,1
"6abef8af-c71e-4337-a907-550dc2d08ed1",1,105,0,0,15,0.0526209433176869,0.000441089041120283,15,0,0.226998860120502,0.933333333333333
"7cfaac66-62e5-4fcd-af1b-9d3aa8f68e8b",1,1,0,0,2,0.000716480695932834,0.000173453602434865,2,0,0.195951644644363,0.5
"1cdcccea-2725-41ac-930b-55ca4a4a9db2",0,0,0,0,1,3.84823050109352e-17,0.000387611922942887,1,0,1,1
"d1364e26-224d-4294-bf0c-fee194f71df4",1,3,0,0,3,0.00136216853471226,0.000227030082775693,3,0,0.206121543693627,0.666666666666667
"5d12875c-a197-43b2-8f29-41dc0ad895c3",1,10,0,0,5,2.66211557369578e-06,0.000372052370321787,5,0,0.153119507908612,0.8
"3c864557-f294-4488-9ca6-b726cc449249",1,15,0,0,6,0.0127986349262604,0.000251993363814378,6,0,0.234443323242516,0.5
"b81b607e-7096-4fb3-ae23-83d12b155c54",1,3,0,0,3,0.00328408712334732,0.000210738322786073,3,0,0.186463349384698,1
"feebaecc-1e5b-4b28-b7c5-a70f9fccdced",1,91,0,0,14,0.0567514142355324,0.00045420566336589,14,0,0.228113238422517,0.857142857142857
"95bcfc2e-1517-4af3-b7b9-c1679fdf53c3",1,3,0,0,3,4.35353342120481e-17,0.000387611922942497,3,0,1,1
"09cbd2ec-576f-4a62-80cb-9b74aa5db4a4",1,3,0,0,3,0,0.000283132244971684,3,0,0.714285714285714,1
"4a94a6cb-e70a-418b-bb53-a37897b950ce",0,0,0,0,1,3.90907220540331e-17,0.000387611922942887,1,0,1,1
"bcdcfdc7-0b3c-4f95-9224-f4a8cd71bb61",0.892857142857143,25,3,0,8,1.17655423188046e-07,0.00045849752187075,7,7.05892524303195e-05,0.128514796717987,0.5
"59eda569-b380-4958-b98c-051d1667b3e1",1,10,0,0,5,0,0.000309955398412524,5,0,0.571428571428571,1
"ff621094-2a76-401f-8398-b75b5fd2be24",0.5,3,3,0,4,6.13132547439375e-09,0.000377086403091274,2,0.000353836256328494,0.113963374754742,0.25
"6a07f8c9-eae1-4fed-b379-3ec6354efad1",1,15,0,0,6,0,0.000348875303497825,6,0,0.357142857142857,1
"e6424fa5-08d3-41c6-96f3-8549f733708c",1,3,0,0,3,0.0130099239679008,0.000185154886894612,3,0,0.214791987673344,0.333333333333333
"05f80bab-9bb3-4292-91f3-75714074f431",1,15,0,0,6,0.067461524370523,0.00025630208509964,6,0,0.220674370745607,0.833333333333333
"faf916e0-ffc5-4345-a10b-b79ed8c9b8f6",0.717948717948718,56,22,0,13,0.00617364918143533,0.000535176677409595,11,0.00070792679670753,0.210828796128252,0.846153846153846
"fa4d19eb-771f-4b6e-b867-fc8f8b7a8717",1,1,0,0,2,5.10204165104163e-17,0.000387611922942295,2,0,1,1
"dbcbc687-112c-4f19-b44c-0f12e1a3955b",1,45,0,0,10,0,0.000401335180495071,10,0,0.433333333333333,1
"c82f254b-7606-49ca-851b-5da478143a52",1,3,0,0,3,3.97494034753865e-17,0.000387611922942656,3,0,1,1
"b78b5783-e814-4ce2-bb8e-9e3a2b4f7354",0.904761904761905,19,2,0,7,0,0.000405223049724934,6,1.01713620216599e-07,0.314465408805031,1
"d42a4776-3a6f-4828-9bf1-23a9477c8774",1,55,0,0,11,0.00439103975956871,0.000404598166211696,11,0,0.208651399491094,0.909090909090909
"3eca8465-cbbc-4dde-9ff6-83d6f9263a3b",1,1,0,0,2,1.50962811726051e-05,0.000200331402849996,2,0,0.142361111111111,1
"8b8985eb-f71f-4229-9f11-171a7aac98c1",1,21,0,0,7,0.00872160410630961,0.000352792492616977,7,0,0.19614464612354,1
"54799c0e-eb45-4eea-996d-c4d71a63c499",1,1,0,0,2,2.13679254115451e-17,0.000329810144960218,2,0,0.666666666666667,0.5
"469d6414-1f06-43de-80d5-17762d4a356a",0,0,0,0,1,3.56835427057753e-17,0.000387611922942591,1,0,1,1
"aec8a328-d2e8-4780-b2ea-318c7f8d6f75",0,0,0,0,0,5.25564033535461e-19,5.81417884416849e-05,0,0,0,0
"7b14eedd-89d1-4df5-b38d-5260b759c5df",0.384210526315789,73,117,0,20,0.0210789191862444,0.000777200055638859,9,0.00409849653179239,0.25126171593367,0.35
"d44b92db-dd49-4636-abe8-7c381f90b7aa",0.762845849802372,193,60,0,23,0.910716297026827,0.000652116712575444,20,0.000965501278631494,0.213247667125593,0.869565217391304
"7fb57fba-a6ef-44c2-abab-2fa3bdee607e",0.311111111111111,14,31,0,10,1.21321191199321e-05,0.000752490964035166,5,0.00492421063873611,0.148408389226019,0.1
"9ccc0b15-6506-46ba-8bca-6e35d40ebfa7",1,28,0,0,8,0.00597537094618433,0.000314861641222415,8,0,0.21003465421124,0.625
"6ffb8ea9-2370-44d8-b678-e9237bbd347b",0,0,0,0,0,5.25564033535461e-19,5.81417884416849e-05,0,0,0,0
"acee4af5-a34d-4ab0-96f8-ca050028d643",0,0,0,0,1,3.95395997493746e-17,0.000387611922942887,1,0,1,1
"df953bcc-b2c6-4148-a088-18140ebcc647",1,6,0,0,4,0.0015483847492275,0.000234753379560123,4,0,0.206274045575614,0.75
"4449ccf6-c948-4d33-aa97-b6ad98ce4b5b",0,0,0,0,1,2.33012502750452e-17,0.000272008366977376,1,0,0.5,0
"bcd6af9f-afa8-43fd-b1be-acbbbb2f7dc7",1,10,0,0,5,0,0.00027553300042742,5,0,0.619047619047619,1
"6c8fd0be-d961-454c-aee0-4366a6dbc993",0,0,0,0,1,1.39072803075402e-17,0.000219246475736483,1,0,0.6,0
"98d9e162-c149-4629-8793-3c43403fab2f",1,36,0,0,9,0.0277068939187004,0.000307874748509243,9,0,0.225092846762474,1
"7d7fde25-6f14-497b-8326-770a6dbfc2d8",1,3,0,0,3,4.63199224135433e-18,0.000431188511350919,3,0,0.636363636363636,1
"d8196d20-972d-4d20-a584-55d33895a9db",1,6,0,0,4,4.17554643241646e-05,0.000262943452547875,4,0,0.176344086021505,0.5
"41225e9f-3b4c-4287-a778-165c65f04be9",1,6,0,0,4,1.88898757755433e-17,0.00038761192294248,4,0,1,1
"c0ef2ba5-a7b7-40ea-bd27-30acccfcac11",0,0,0,0,1,2.6448606074358e-17,0.000298565940644882,1,0,0.666666666666667,0
"7a2632ff-09d9-4ac8-b7fa-41158f5547a7",1,36,0,0,9,0,0.00038761192294238,9,0,1,1
"4f0cb3b7-6c06-4317-ae35-ddf3106a17ee",0,0,0,0,0,5.25564033535461e-19,5.81417884416849e-05,0,0,0,0
"5f43abf6-92a5-468a-a633-b73f94627972",1,15,0,0,6,0.0002429507890074,0.000334557371454302,6,0,0.178626345463865,1
"0d3bf21a-5eec-443c-9a37-b305598b0840",0.5,39,39,0,13,0,0.000646608058110182,6,3.0725989440431e-06,1,1
"5c2593bc-1621-4c4d-821b-b7bb6ff213b5",0,0,0,0,0,5.25564033535461e-19,5.81417884416849e-05,0,0,0,0
"815dec5e-c6e9-4684-937b-c67f1c65408d",1,3,0,0,3,1.08698627558775e-17,0.0003904911393195,3,0,0.666666666666667,1
"dff1edde-017b-447f-874a-936cecab27a3",1,15,0,0,6,0.0014723118724527,0.000286779621300341,6,0,0.176545086119554,1
"d011c23d-e8e4-4b7b-90c8-63e26ee0bada",1,1,0,0,2,4.17231064545655e-07,0.000210930088610282,2,0,0.140538360721847,1
"7c9a0847-68ff-4766-b5b8-6adf133fd031",1,36,0,0,9,0.0277068939187004,0.000307874748509177,9,0,0.225092846762474,1
"8f119f99-c95e-49a4-9634-90a602484125",1,28,0,0,8,8.57717206490442e-05,0.000378346838209501,8,0,0.16807330600434,0.875
"f82bcf78-5b69-4622-a5ef-73800768d9ac",0.381818181818182,21,34,0,11,0.0254488510101992,0.000501903668535725,6,0.00387211092783367,0.244004901102748,0.818181818181818
"ff993040-772f-46a0-b5ea-e8d35c2ae98c",1,15,0,0,6,0,0.000321698166945712,6,0,0.65,1
"006fbfa3-3ee6-4c29-93fc-771c9282aa26",1,55,0,0,11,0.00439103975956872,0.000404598166211633,11,0,0.208651399491094,0.909090909090909
"ef89e761-8e77-41a0-bcae-e7109b826a7a",1,1,0,0,2,0.0010219800716954,0.000169992871949639,2,0,0.19529279910339,1
"9f42ba3d-3cfc-499c-ba16-7226f56b622f",0,0,0,0,0,5.25564033535461e-19,5.81417884416849e-05,0,0,0,0
"0638ba22-040f-438d-83a5-9b670c4adaf5",1,6,0,0,4,0.000551100956517075,0.000279645870457485,4,0,0.188735445437314,0.75
"d4cc0ed5-0f76-4188-9e14-2a23ca12188a",1,1,0,0,2,5.1309990461344e-17,0.000387611922942295,2,0,1,0.5
"7df4c4de-3181-4a69-bd36-9d663970cebb",1,6,0,0,4,0.00149852871888225,0.000254059122111484,4,0,0.204939723610703,0.75
"b1afd320-018f-4639-b48e-3c16c369e5d4",1,1,0,0,2,4.74933367678434e-17,0.000387611922942295,2,0,1,1
"2f3c4d70-0462-40da-bba3-0aec5772c556",0.162478082992402,278,1433,0,59,0.0656454122420625,0.00196967918468678,16,0.0197623346454175,0.267870868562644,0.101694915254237
"b63a1df4-19dd-4cdb-a0f5-0e575d1f080f",1,6,0,0,4,1.91429780610505e-17,0.000410737869211034,4,0,0.833333333333333,1
"c36f98f6-44d6-466a-a54a-bed0aeaf4034",1,1,0,0,2,0.000299786860644867,0.000192852591363605,2,0,0.16779008184882,1
"c5460e21-d5e7-4e26-ab4c-ba9c627809f8",0,0,0,0,0,5.25564033535461e-19,5.81417884416849e-05,0,0,0,0
"7d2f744e-4a28-4fff-be97-684fdd4ef881",0,0,0,0,1,3.62686838048632e-17,0.000387611922942887,1,0,1,1
"022589ac-7177-460d-a178-9976cf70e29f",0.214285714285714,6,22,0,8,4.10627764109974e-05,0.000853057821096227,4,0.00169084178911894,0.164853358561968,0.125
"1d11e2a1-4531-4d61-a8c7-7b5c6a608fd2",1,1,0,0,2,4.92727558461134e-17,0.000387611922942527,2,0,1,1
"dccc5ea0-5de4-4bd6-b665-d0e837bfb7e6",0,0,0,0,1,3.9207878172283e-17,0.000387611922942591,1,0,1,1
"58824ae6-8f93-4e09-a1c3-c50858f912a7",1,190,0,0,20,0.903585867658377,0.000507526612084318,20,0,0.210161314638927,0.85
"af4ea2a3-c54d-40b4-8120-a1f0b838ad54",1,1,0,0,2,4.86518435884085e-17,0.000387611922942295,2,0,1,1
"c81c430f-dbe1-4a1e-954f-2a89114331e9",0.694444444444444,25,11,0,9,0.0060860357055172,0.000389411892084752,7,0.000182420877985966,0.221692111959288,0.666666666666667
"5ca3f318-d028-4151-ac73-78e2b2d6cdcc",0.619047619047619,13,8,0,7,0,0.000618134462390838,5,1.33499126534286e-05,0.461538461538462,0.714285714285714
"c9efd47d-6cc2-45aa-be67-ca59ebac6553",1,28,0,0,8,0.0820544021984265,0.000345799115369809,8,0,0.219700551615445,0.625
"f29e031f-c6b6-4d52-8edd-dc8e14378e74",0.318181818181818,21,45,0,12,0.000247852070821717,0.000772511049174246,6,0.00176727415126341,0.178763785586048,1
"393e5448-896f-43e9-b80b-4ee58e1e71a4",0,0,0,0,0,5.25564033535461e-19,5.81417884416849e-05,0,0,0,0
"0374a8d1-3b68-4b53-b003-fa8a24fb4397",0.461988304093567,79,92,0,19,0.00594190719017542,0.000694101480050354,11,0.00186663444537364,0.22141041931385,0.842105263157895
"92631c53-91ed-48f5-a09d-a104ba69cdc7",0.326086956521739,90,186,0,24,0.0292326851826746,0.000855486793825548,9,0.00251341172288096,0.252627763682494,0.333333333333333
"17b883f1-4f22-4173-b156-fc45801ccc0a",1,3,0,0,3,1.63035623968776e-10,0.000347594078402969,3,0,0.101551686457347,0.666666666666667
"604f0692-4d31-479b-a93a-e4c75be21f81",1,21,0,0,7,0.000471987972828046,0.000329428241914783,7,0,0.188812135988081,1
"811900b2-68fc-4d41-8bad-69b7a1f4d628",0.245059288537549,62,191,0,23,0.0179242150292299,0.00104811038525388,9,0.00508253788666558,0.229881266490765,0.826086956521739
"df7759d2-ff1e-494d-a3c4-e81a5ce04fe1",1,1,0,0,2,8.05275767694863e-08,0.000260712217538637,2,0,0.110934267069871,1
"48262e82-db9f-4a92-b650-dfef979b73ec",0.210826210826211,74,277,0,27,0.0372449108454639,0.00109063421203713,7,0.00989259570952476,0.253869969040248,0.777777777777778
"9ca998cf-c1cd-493b-9a5d-a32fd33859ea",1,10,0,0,5,1.03332198726574e-05,0.000363184437687006,5,0,0.15112749349523,0.8
"ab00597c-43f1-41c4-98ee-6934dcd4179c",1,3,0,0,3,1.29811779456982e-17,0.000325009258148812,3,0,0.44,0.666666666666667
"ed2ac1e9-d51d-4eff-a2c2-85e81abd6360",0.0666666666666667,1,14,0,6,0.00104300223998403,0.00046620168029188,4,0.00121355319001779,0.19917131018717,0.166666666666667
"15e02679-7a5f-4dd2-850c-5aa6e49d0878",1,36,0,0,9,0,0.000387611922942579,9,0,1,1
"b178fa24-ed91-4e19-acc4-cd3fe76e7a43",1,1,0,0,2,0.000320592056109103,0.000161972364620578,2,0,0.17416291854073,1
"dbf295d7-8e29-44db-b2f7-6eb1e40e4c8e",1,6,0,0,4,3.1491789494807e-17,0.000387611922942731,4,0,1,1
"5c94241f-d522-4222-a1d6-8b08dbd26723",1,6,0,0,4,0.000259356378945965,0.000265295634155728,4,0,0.17333996518279,1
"2309d446-c871-498b-a6e4-970d7fce0ee6",1,28,0,0,8,0.13786832877442,0.000304622940626937,8,0,0.190437158469945,0.875
"cc30e630-8c75-4d78-b205-8e2edc6bdaa7",1,3,0,0,3,3.39615486298612e-17,0.000404138550972355,3,0,0.8,0.666666666666667
"91450f97-d44a-4364-acf4-882433df30a8",1,3,0,0,3,2.56120879152388e-05,0.000225818184138923,3,0,0.151703123299597,1
"7a45c6ea-bb66-4e85-8643-271658fe935e",1,3,0,0,3,4.32501555969716e-17,0.000387611922942804,3,0,1,1
"b2befbb4-c585-4b05-8efa-3deebc8e1385",0,0,0,0,1,6.71906761030354e-07,0.000176527507515738,1,0,0.139302488258219,1
"661e20c8-3d82-4da2-94a2-97d9e11691c0",0.611111111111111,22,14,0,9,1.16854436170886e-07,0.000567474723465528,7,0.00070792679670753,0.128526645768025,0.444444444444444
"8971fa37-c402-474a-b897-e2bbc145b59d",0.466666666666667,7,8,0,6,0.00108174980028258,0.0003999142596965,4,0.000411696483846578,0.189119522452856,1
"75be165a-ad83-4d12-bd28-f589a15c479f",0,0,0,0,0,5.25564033535461e-19,5.81417884416849e-05,0,0,0,0
"8c84402d-f282-4afc-8d64-049bdaabb92d",1,3,0,0,3,3.19227893081907e-17,0.000404746281238792,3,0,0.625,0.666666666666667
"8b22acd6-20e6-4463-a75c-c14b5cfdb666",0.538461538461538,49,42,0,14,8.90672639723557e-05,0.000629994621926789,8,0.00105807593430317,0.168194980694981,0.928571428571429
"736c4c01-029f-42d2-8a1e-ff87f65073fa",0,0,0,0,1,8.06709234863311e-12,0.000160182890643858,1,0,0.0922018652027251,1
"f35494f7-1193-4277-b69f-6b10d50e0f09",1,21,0,0,7,0,0.000399052454029232,7,0,0.818181818181818,1
"36494952-f434-45d8-a958-8b4acdbcf8a8",0.333333333333333,1,2,0,3,0.00153636828273846,0.000180799234142967,3,6.43469688716593e-05,0.201999710186929,0.333333333333333
"e7c13d2c-630c-4796-9188-77e2281f32cc",0,0,0,0,1,3.86574885680181e-17,0.000387611922942887,1,0,1,1
"e1df91b3-20af-436a-9135-b3265147684f",1,1,0,0,2,4.93105449044688e-17,0.000387611922942295,2,0,1,1
"55e6074f-ef78-4ec3-8fff-bd1b8cc8c14a",1,3,0,0,3,4.33143643639346e-17,0.000387611922942804,3,0,1,1
"3a5d1cc7-627e-48ea-aba3-fdd20d782c33",1,3,0,0,3,1.98297033222129e-17,0.000325009258148628,3,0,0.44,0.666666666666667
"ee190f6b-7d98-43ec-b924-da5f8018eca0",1,10,0,0,5,0.00223122290929671,0.000285346680573132,5,0,0.196781479390175,0.8
"5508631d-697f-4839-a669-06637e5bcb90",1,66,0,0,12,0.00196577750174618,0.000421009983995642,12,0,0.206886316414366,0.916666666666667
"59575779-fc9a-49f8-a01a-10b363f7cc79",1,3,0,0,3,3.92810780630724e-17,0.000387611922942497,3,0,1,1
"fc4953aa-6bf4-4f1f-8e47-5ac79ca428e2",1,3,0,0,3,1.53985037557442e-07,0.000240961395710153,3,0,0.126923427114632,0
"4e024037-14b7-4aea-99ad-c6ace63b9620",0,0,0,0,0,5.25564033535461e-19,5.81417884416849e-05,0,0,0,0
"db56fad3-0dad-4b0d-9415-6a13ee695c64",0.638888888888889,23,13,0,9,0.0730307667237413,0.000367438896396888,7,0.000239956090451338,0.229238612070383,1
"4757df70-6c3e-46b8-99c0-a68644595c9a",1,105,0,0,15,0.00711978265539307,0.000497928010116537,15,0,0.220047355958958,0.933333333333333
"83d3cc07-60e7-4139-b5f0-3cda9f5aa99b",0.533333333333333,24,21,0,10,6.05953818012597e-06,0.000594262379417397,6,0.00126743367525891,0.15749632809852,0.4
"9b80e411-7ef4-4654-8d04-8696345e8879",0,0,1,0,2,7.85032638303067e-17,0.000565703887537984,1,2.54284050541498e-07,1,1
"54fc0558-12b5-4854-9d57-9441bcd73a72",0,0,0,0,1,4.20543268091041e-17,0.000387611922942887,1,0,1,0
"1ebc9eb7-a97e-46a3-9ed7-b57244f74c93",1,10,0,0,5,0,0.000306585213565391,5,0,0.571428571428571,1
"c7fe949a-9f5c-435d-b1a9-30f04180ec69",1,36,0,0,9,7.09185359731463e-05,0.000377857187313319,9,0,0.16962764662935,1
"775a253c-93e9-49fa-a9af-7577fe1c8e99",1,15,0,0,6,0.00147231187245271,0.000286779621300285,6,0,0.176545086119554,1
"254056f5-1e3a-4167-80d4-3449c0b8db1e",1,3,0,0,3,0.00154487652637822,0.000181042241387208,3,0,0.208433014354067,1
"44727d86-a37c-449f-aa91-4a8554127336",0,0,0,0,1,2.99253801188233e-05,0.00014107258591388,1,0,0.167246550689862,0
"6dfc8dc4-5b10-4d50-add2-c56104bd235b",1,21,0,0,7,0.00561619470401838,0.000299100982435999,7,0,0.21730319563523,0.571428571428571
"8339c0c3-7a04-4b19-8ca3-b149e0d09222",1,1,0,0,2,4.97770956731558e-17,0.000387611922942527,2,0,1,1
"1da369a4-7e66-4b30-8aa7-33426370347a",1,1,0,0,2,5.37393496141305e-05,0.000195960436951265,2,0,0.155580357142857,1
"8985348a-1024-4c99-b284-19d3b983e1f4",1,105,0,0,15,0.0526209433176868,0.000441089041120219,15,0,0.226998860120502,0.933333333333333
"6a3cf2b0-b60f-4cc0-805b-730e1f33f505",0.5,18,18,0,9,0.00116286822051614,0.000576258879761964,4,0.000230413420601681,0.183469334035272,0.777777777777778
"e471b63c-c3b5-4f62-a971-cd0b2273838f",1,3,0,0,3,4.24023067884617e-17,0.000387611922942804,3,0,1,1
"3e55d51d-687f-4a9d-af96-2fabccf802e5",0,0,0,0,0,5.25564033535461e-19,5.81417884416849e-05,0,0,0,0
"0c502791-4ee9-4c5f-9696-0602b721ff3b",0,0,0,0,1,0,0.000135806758259156,1,0,0.324324324324324,0
"1db73bf2-2e08-4f7c-88de-cf4020800294",0,0,0,0,1,7.80753064608979e-18,0.000254042949496158,1,0,0.571428571428571,1
"46a16e88-4537-4b29-a06b-4a5dfe90a6cd",1,28,0,0,8,0,0.000441546381390942,8,0,0.666666666666667,1
"63359ba7-51a9-484a-a009-17971ec633e0",1,36,0,0,9,0.0277068939187003,0.000307874748509109,9,0,0.225092846762474,1
"a74b1b7f-71a5-4011-9441-d0b5e4122711",0,0,0,0,0,5.25564033535461e-19,5.81417884416849e-05,0,0,0,0
"ee74db56-c264-4c23-9504-29e2d8078f36",0.464285714285714,13,15,0,8,0.000137057252564288,0.000469465478729638,5,0.0014649785167652,0.180851063829787,0.875
"6a07c595-3096-43c2-99f2-509c0762b822",1,36,0,0,9,3.36765633482636e-05,0.000391323072529695,9,0,0.158409090909091,0
"7d3f7aed-fb9c-4e80-b198-64cd6ae31cb8",0.8,8,2,0,5,4.0087707635528e-17,0.000441157757902504,4,1.69522700360999e-07,1,1
"5dfc9ac5-79ec-4e27-b12f-38ec5006c1be",1,105,0,0,15,0.00711978265539299,0.000497928010116471,15,0,0.220047355958958,0.933333333333333
"6cb79cb2-9087-44d4-828b-5c6fdff2c957",0,0,0,0,1,3.72771163804879e-17,0.000387611922942591,1,0,1,1
"405e3c0e-e430-4e82-bb68-055d026e90fd",1,3,0,0,3,2.56120879152435e-05,0.000225818184138858,3,0,0.151703123299597,1
"d4791960-0206-4f1a-9acb-dc88fdfc57d8",1,105,0,0,15,0.0526209433176868,0.000441089041120154,15,0,0.226998860120502,0.933333333333333
"3101759b-cae6-42d1-bbc0-17948bd45622",1,3,0,0,3,4.30294749913937e-17,0.000387611922942939,3,0,1,1
"5a2071aa-0787-49fb-931c-fa85ba86e681",0.215384615384615,70,255,0,26,0.0873188596097249,0.00107279660276923,7,0.00878694136762771,0.248662147698894,0.884615384615385
"2bf761c6-4bcf-4cfc-a388-8fcb2eea8cc8",1,1,0,0,2,4.71843606444821e-17,0.000387611922942527,2,0,1,1
"351bf0c8-00a9-41da-923d-2daa61a21179",0.666666666666667,24,12,0,9,0,0.000522152568522327,7,1.52570430324899e-06,1,1
"3a8d955f-fe39-4092-97e7-29f9ada69490",1,1,0,0,2,2.55843913451015e-05,0.000251018614558034,2,0,0.159734158359115,1
"7bf2add2-1fd6-466a-9e4a-ebfe38306a91",1,1,0,0,2,4.91630361814804e-17,0.000387611922942295,2,0,1,1
"b41b38d4-ef3e-4f37-8c75-cfe9af999696",1,1,0,0,2,5.92638900398282e-05,0.000229255153583826,2,0,0.167387127761768,0
"45dc5f07-6609-4760-a933-8c9e0f858d05",0.330014224751067,232,471,0,38,0.965782356319517,0.0012029798699195,20,0.0141934246785061,0.245985530262926,0.815789473684211
"6925db17-f35e-42f3-a4eb-84ee6bf5d4b0",0,0,0,0,1,3.71592484206442e-17,0.000387611922942591,1,0,1,1
"a5124554-0dcb-42fc-9b28-8b3c52ad8358",0,0,0,0,1,0.00340210324642853,0.000107542715888694,1,0,0.184929689572831,0
"85a21c41-0514-480c-8412-0230f3de5aa4",1,10,0,0,5,5.48773838978501e-07,0.000325275565191456,5,0,0.134933694705256,1
"9b6d374f-4aa4-4483-8587-45ed4758d231",1,3,0,0,3,0.00548677070744374,0.000186009702152369,3,0,0.213541666666667,0
"c3da3346-2643-48a7-93cd-011f6834b3d7",0.666666666666667,10,5,0,6,0.00518578939634923,0.000380116843816371,5,0.000221162748573903,0.187870619946092,0
"b0bea75d-5324-4153-904a-879dc42797af",1,1,0,0,2,8.4460072208326e-07,0.000249904340154708,2,0,0.143740977521138,1
"b3461bc9-768d-40fe-8d47-c93c2c0e2789",1,3,0,0,3,3.97704223582098e-17,0.000387611922942939,3,0,1,1
"72c536dc-7137-4477-a521-567eeb840fa8",0.0512820512820513,4,74,0,13,0.000606199167801942,0.0012683533731052,3,0.00658357077108545,0.200806683952751,0.0769230769230769
"cb88c5ff-801a-4c31-96e6-c2553ced8e0a",1,1,0,0,2,6.80714748829758e-05,0.000169734913377021,2,0,0.175965665236052,0
"66c662b6-6e2f-4930-8610-912e24c63ed1",1,3,0,0,3,3.95515583038341e-17,0.000387611922942656,3,0,1,1
"bf6c29f5-b69f-4842-9031-37f9645d365d",0.19047619047619,4,17,0,7,0.00345655428835849,0.000700532194115429,3,0.00558311496794841,0.186738111185532,0.428571428571429
"265796ae-9a57-42c4-85a3-57a036ad9cc5",1,6,0,0,4,0.00185218532222953,0.000203777033922397,4,0,0.212241169305725,1
"74ed34ce-ee95-44e9-a87d-4d2d5056c24a",0,0,0,0,1,3.98583037145461e-17,0.000387611922942887,1,0,1,1
"53b106e7-0cc6-42cc-ac95-ed8d30a3a98e",1,1,0,0,2,0,0.000273816278860225,2,0,0.45,0
"9c9f1380-2516-4fc9-a3e6-f9f61941d090",1,6,0,0,4,2.17611798094944e-06,0.000301112046766042,4,0,0.143533772652389,0
"28f344b7-2261-4bbe-8ce9-a8a31b7fd635",1,3,0,0,3,3.14754994924014e-09,0.000311559429387261,3,0,0.112755803607539,0.666666666666667
"3d2b98e5-556f-4451-a3ff-c50ea18d57cb",0.8,8,2,0,5,3.35453149901595e-17,0.000441157757902373,4,1.69522700360999e-07,1,1
"0ce1a4c2-ad1e-40d0-80da-d3396bc6518a",0.714285714285714,15,6,0,7,3.8910209070256e-06,0.000497899085439506,4,3.81426075812247e-07,0.143578123390668,0.571428571428571
"12ff981a-0226-46de-b9cb-c26b3364de14",1,1,0,0,2,0.00249339123547569,0.000129957423100454,2,0,0.20728624535316,1
"5f6ab597-f57a-40da-be9e-adad48708203",0.479569892473118,223,242,0,31,0.965592185163698,0.000936907015656238,20,0.00249944328291721,0.210828796128252,0.0645161290322581
"589ef702-7f3a-4a1c-8f2c-4727005cfc0e",1,10,0,0,5,7.46269336144911e-07,0.000381573501201226,5,0,0.129289556668522,0.8
"2b5bdcc5-6ef4-48da-b4e7-b2c16208fc2c",1,21,0,0,7,0.000471987972828031,0.00032942824191472,7,0,0.188812135988081,1
"2aecae31-7ed3-4b5b-b4c1-d71c346a6ac2",1,1,0,0,2,4.96601500483526e-17,0.000387611922942295,2,0,1,1
"3dda6037-415b-4ac3-9476-86db3385550a",0,0,0,0,1,3.58042833434263e-17,0.000387611922942591,1,0,1,1
"07567c90-50bc-4945-941b-e9489def8620",1,15,0,0,6,0.00454719757775487,0.000319516687206868,6,0,0.18611481975968,0.666666666666667
"763cb144-afdb-471e-bd86-d4f5b9b58641",0,0,0,0,1,6.71906761031504e-07,0.000176527507515738,1,0,0.139302488258219,1
"3c714102-94d8-42f4-9005-fb8a75c2766d",1,3,0,0,3,3.80333218823885e-17,0.000387611922942804,3,0,1,0
"94b0fb9d-a066-4823-b2ec-af1d324bcfcf",0,0,0,0,1,0,0.000122732873647142,1,0,0.357894736842105,1
"383d6203-8dac-48dc-8faa-808d01932663",1,3,0,0,3,0.000395893147618726,0.000196427321014685,3,0,0.188914487057867,1
"c45d161f-83ce-4464-ba41-44202e6916d9",0.375384615384615,122,203,0,26,0.120148176083661,0.000924372329742724,14,0.0102105183747222,0.239601237538673,0.923076923076923
"d70f46f1-78a7-40d6-9961-80e9d6d92c71",1,28,0,0,8,0.00546064735567698,0.000338303197219974,8,0,0.213182443798746,0.75
"d43a143b-5e20-428c-baf6-10bc35f1ff90",1,15,0,0,6,0.00167769563608647,0.000255846797484979,6,0,0.19007362967003,1
"f71f8e0d-c109-4a50-9826-2559981d915e",1,15,0,0,6,0,0.000387611922942462,6,0,1,1
"4bd95eea-b9f6-4d70-a36c-cfea77431553",0,0,0,0,0,5.25564033535461e-19,5.81417884416849e-05,0,0,0,0
"7dc8f5bd-9d0b-4087-9f73-dc164950bbd8",0,0,0,0,1,2.99253801188246e-05,0.00014107258591388,1,0,0.167246550689862,0
"b3713c4d-4b17-49f2-86d2-446909d8291e",0.833333333333333,30,6,0,9,0,0.000425975786537864,7,3.05140860649797e-07,0.645161290322581,1
"ab624b4b-31cf-47ae-bb46-57bd5a710b7e",1,10,0,0,5,0,0.000306585213565319,5,0,0.571428571428571,1
"20873fa9-a77c-4a8c-ac50-d679a515ce54",1,3,0,0,3,0,0.000219295964967411,3,0,0.34965034965035,1
"ee066f12-9e55-4d52-954a-7876f2fa8ea1",1,15,0,0,6,0,0.000348875303497751,6,0,0.357142857142857,1
"8f9d6bb2-dba4-4cca-9967-cc02b9f4820c",0,0,0,0,0,5.25564033535461e-19,5.81417884416849e-05,0,0,0,0
"0e738f68-783c-4a6a-80ae-4f7500861060",1,1,0,0,2,4.47026094047431e-17,0.000387611922942295,2,0,1,1
"c48d4327-8122-4286-af66-05e1ee6ac4d8",0,0,0,0,0,5.25564033535461e-19,5.81417884416849e-05,0,0,0,0
"4a8ac23a-e27a-44db-814a-f8c31beb68e6",0.333333333333333,1,2,0,3,0.00103770005330939,0.000261724954262252,2,0.000354217682404307,0.185150750431664,0.666666666666667
"95663592-1447-4579-90f7-c94733476667",0,0,0,0,0,5.25564033535461e-19,5.81417884416849e-05,0,0,0,0
"ddfd9b2f-186e-4b2c-ad09-01aa5380c225",1,6,0,0,4,0.00920237204188783,0.000213032820873836,4,0,0.225129198966408,0.25
"82953e0d-464a-4fb8-80fc-78dbf8b49b1b",1,6,0,0,4,0,0.000402028799540824,4,0,0.55,1
"8fc6b153-d183-408c-9e39-bf91bfc74998",0,0,0,0,1,0.00411999147856333,0.000100236892486366,1,0,0.180616740088106,0
"06ed4e1e-4416-4a7c-b14b-bc68dfd252aa",1,1,0,0,2,4.70286372623047e-17,0.000387611922942295,2,0,1,1
"0e5bf20d-a6ff-4ba2-89b5-bce7bd677750",1,3,0,0,3,6.64805030535278e-07,0.000266818804149659,3,0,0.129337539432177,0.666666666666667
"94c64122-dbd4-4927-b2fa-f204b0b4b0c2",0.333333333333333,1,2,0,3,0.000492679259124045,0.000304213817397512,2,0.00070792679670753,0.190047716428085,1
"3ba54400-4c97-450f-b108-bcd90b9b2b76",0.676190476190476,71,34,0,15,0.00842380480444065,0.000539716258657298,11,0.000233229769879161,0.225968552439617,0.866666666666667
"79733f6e-5bfd-4e5d-be56-8fe1cf60df68",0.380952380952381,88,143,0,22,0,0.000959725697636497,9,2.89968578967488e-05,0.68,0.227272727272727
"31d2041c-985d-48f7-b6e2-2a70cdf14853",1,3,0,0,3,3.61483360065405e-17,0.000387611922942804,3,0,1,1
"6dd3bfb0-d467-4192-a09b-ad6423db59cc",1,6,0,0,4,0.000754353582999883,0.000280978177471182,4,0,0.17416291854073,1
"72c090b6-a68e-4cb9-b330-85278681a714",0,0,0,0,1,0,0.000122732873647142,1,0,0.357894736842105,1
"a668565b-41b8-44a8-9d5c-8e609dbf69fc",0.345454545454545,19,36,0,11,0.00325488908567012,0.000614847987734395,6,0.00119072225141941,0.210924496898169,0.272727272727273
"ed3c8e2f-d7ce-4d0a-aafe-2c4ddd51f8ff",1,21,0,0,7,0.000471987972828038,0.000329428241914655,7,0,0.188812135988081,1
"65f4f0c5-ef9e-490c-aee3-909e7ae6b2ab",0,0,0,0,0,5.25564033535461e-19,5.81417884416849e-05,0,0,0,0
"fd36f43e-5bd1-488e-b844-0e059250ef78",0,0,0,0,1,1.66633320612085e-06,9.82352567660124e-05,1,0,0.136773940345369,1
"1bfa27e3-0376-4206-a772-4586e25a64f5",0.266666666666667,4,11,0,6,1.63539826340611e-05,0.000584724794962391,2,0.00211831328303595,0.167992287298144,0.333333333333333
"b8df4f20-fddd-40ea-966e-55028f6043c7",1,15,0,0,6,0.00374466208675425,0.000299706482554318,6,0,0.214692746034191,0.5
"3b6abaef-febf-4cfe-943f-6a20cf0afdad",0,0,0,0,0,5.25564033535461e-19,5.81417884416849e-05,0,0,0,0
"69de913c-4959-45b8-bd1c-05bfc20f270c",1,6,0,0,4,0,0.000298390846734796,4,0,0.551724137931034,1
"d48e95be-8390-4c9b-875e-ea8f51de1435",0,0,0,0,1,3.8521589741482e-17,0.000387611922942887,1,0,1,1
"ff3ccbb8-5308-4685-bcb2-462ec5c66aa4",1,15,0,0,6,0.00147231187245271,0.000286779621300226,6,0,0.176545086119554,1
"2b4abc88-570c-4664-a989-e581d6f8fb31",1,45,0,0,10,0,0.00040133518049502,10,0,0.433333333333333,1
"00f35f62-f3d8-49d0-bf19-a2406ca71703",1,3,0,0,3,5.76279212800039e-05,0.000257896250527992,3,0,0.1655975291043,1
"adb7a259-7c37-40d1-ba83-44c927c64e71",1,10,0,0,5,0.00709774045219929,0.000223261801181891,5,0,0.213541666666667,0.8
"c995a379-60b9-404b-bd97-a7e2de0751d3",0,0,0,0,0,5.25564033535461e-19,5.81417884416849e-05,0,0,0,0
"10886c9d-c106-4337-9653-430989ec484e",1,1,0,0,2,2.07263827110193e-17,0.000329810144960367,2,0,0.666666666666667,0.5
"4213cbd6-ac51-4850-9e0f-d774610c69b2",1,1,0,0,2,4.95447730222218e-17,0.000387611922942295,2,0,1,1
"db48610c-6d8f-4d10-90ca-c4d14bb1a8b1",0.320261437908497,49,104,0,18,0.0184653202765961,0.000746189868750542,8,0.00632832443258898,0.240220575564363,0.777777777777778
"69135e6a-bde8-418e-8ab2-1c4c7e88760e",1,1,0,0,2,3.63548430521307e-17,0.000381298218672267,2,0,0.75,1
"4387a8ed-8a80-453c-a863-73dc0b23900c",1,1,0,0,2,0.00423342845601095,0.000159821461455482,2,0,0.194692737430168,0.5
"b5ffc3aa-b868-4b88-905f-d73d51dbe51c",0.4,4,6,0,5,0.000290917049063837,0.000410159946092254,3,0.00170930660859947,0.185199946857978,0.4
"bfcb6630-9b31-4e63-b11f-7b0363be72b5",0,0,0,0,0,5.25564033535461e-19,5.81417884416849e-05,0,0,0,0
"5bddb0fa-66f7-47c8-bf00-afecab627d59",0.3,3,7,0,5,9.00288640725296e-07,0.000576693597917191,2,0.000531199381581189,0.143933918430563,0.8
"4c45495f-b9f3-4d03-9fac-d44c8a77f5de",0.833333333333333,5,1,0,4,0.000556251442431427,0.00034066404088584,3,8.47613501804993e-08,0.129541864139021,1
"e9b419b5-ab8f-425c-8214-a7259e6efe10",0.666666666666667,4,2,0,4,3.16604437977796e-09,0.000442399791262685,3,0.000530182245379023,0.115512098110706,0.75
"e520459c-dff4-491d-a6e4-c97be35e0044",1,1,0,0,2,2.05015326662383e-17,0.000329810144960218,2,0,0.666666666666667,1
"40f5d9e4-2de7-4f2d-ad41-e31a9a9fea27",0,0,0,0,0,5.25564033535461e-19,5.81417884416849e-05,0,0,0,0
"b071f9fa-14b0-4217-8e97-eb41da73f598",1,1,0,0,2,2.87225840571827e-05,0.000197596170112944,2,0,0.156295548828344,0
"e3e0abcd-7671-4482-a9d8-462f5acc9be5",0,0,0,0,0,5.25564033535461e-19,5.81417884416849e-05,0,0,0,0
"73fdb566-a9b1-494c-9f32-51768ec9fd27",0,0,0,0,0,5.25564033535461e-19,5.81417884416849e-05,0,0,0,0
"ba9a0cc1-c43a-4784-9067-49f63c09f605",1,45,0,0,10,0,0.000401335180494968,10,0,0.433333333333333,1
"99ea432a-e3d8-42cb-9d5e-db316a6a8458",0,0,0,0,0,5.25564033535461e-19,5.81417884416849e-05,0,0,0,0
"5441c29d-3602-4898-b1a1-b77fa23b8e50",0.141025641025641,11,67,0,13,7.7068864421567e-05,0.00115306207795314,4,0.00433726284725393,0.175765981591224,0.0769230769230769
"5e7a7026-dfc5-4aba-8496-95140716f3db",1,6,0,0,4,2.41066030107408e-17,0.000387611922942609,4,0,1,1
"91376b53-c37d-4eed-ac24-63d167af6885",0.325,39,81,0,16,0.0202284489656659,0.000639576342095607,9,0.00435592568367563,0.251171171171171,0.5
"3c5abd66-7e1f-4124-b00f-192984a2ab30",0.666666666666667,24,12,0,9,0.00843932937696446,0.00041411059148017,7,4.23810141126001e-05,0.219147932714982,0.888888888888889
"704693db-969d-4e94-b0d5-dad24952c6bb",1,3,0,0,3,0.0010657184061794,0.000195576235692525,3,0,0.206886316414366,0.666666666666667
"384d6827-3b17-43bc-acf6-92e618b8ec83",0,0,0,0,1,2.39392849934487e-17,0.000272008366977084,1,0,0.5,1
"27e2997f-f7a1-4353-bcc4-57b9274fa9a4",0,0,0,0,0,5.25564033535461e-19,5.81417884416849e-05,0,0,0,0
"437a0e49-c6ae-42f6-a6c1-84f25ed366bc",0,0,0,0,0,5.25564033535461e-19,5.81417884416849e-05,0,0,0,0
"35214d53-009b-45d9-8a00-6664325b9e2a",1,3,0,0,3,6.32106050492477e-18,0.000431188511350739,3,0,0.636363636363636,1
"ae3d9ebb-6766-49fe-906c-ad0ba33ff6da",1,3,0,0,3,1.2616832600072e-07,0.000298308362037861,3,0,0.136894824707846,1
"aef06569-098f-4218-a577-b413944d9493",0,0,0,0,0,5.25564033535461e-19,5.81417884416849e-05,0,0,0,0
"525f1f1c-03f0-4bc8-8dfd-e7521f87631b",1,21,0,0,7,0.00561619470401838,0.000299100982435932,7,0,0.21730319563523,0.142857142857143
"69c22cc7-88c8-4f27-a9e7-3225af8329c5",1,21,0,0,7,0,0.000347976105446547,7,0,0.606060606060606,1
"7c7f9c94-dee8-4903-892b-6cf44652e2de",0,0,0,0,0,5.25564033535461e-19,5.81417884416849e-05,0,0,0,0
"fc2195db-7740-45f2-92b8-bf13baa3927a",1,10,0,0,5,7.45797010039912e-05,0.000295550246115629,5,0,0.166806270192653,1
"e3513b4f-2a13-45f5-8ead-e79b1af0bf68",0,0,0,0,0,5.25564033535461e-19,5.81417884416849e-05,0,0,0,0
"7f347782-eb14-40c3-98e2-17b6e1bfe56c",0.571428571428571,16,12,0,8,3.24086132299252e-05,0.00057969632322925,4,0.00158749532753057,0.167507810622447,0.5
"9a0d0b2d-a727-44a6-a172-53766f186834",0.5,3,3,0,4,0.00328973857107852,0.000350574953139346,2,0.000353836256328494,0.183035714285714,0.25
"c399b484-b977-4800-aec4-ac904b50292a",1,190,0,0,20,0.903585867658377,0.000507526612084248,20,0,0.210161314638927,0.85
"9b568e6c-6611-407b-bb5a-44638ee936a3",1,21,0,0,7,0,0.000360071392947149,7,0,0.376811594202899,1
"4ced4eb2-ed74-4ca1-9d32-eb709b5f348f",1,10,0,0,5,0.000550448569206454,0.000326406659228797,5,0,0.164251207729469,1
"f47e95aa-2228-4122-858d-4bcb1506057c",1,1,0,0,2,4.78533661458639e-17,0.000387611922942295,2,0,1,1
"59f8e44c-5206-43f6-8b7b-87c8ea1f658d",1,1,0,0,2,7.94063347174383e-06,0.000218979483338444,2,0,0.133142311365807,0
"7db6aae5-6644-4513-9bfc-ca2e79d4469c",0,0,0,0,1,5.1488421882096e-05,0.000124187026482959,1,0,0.166110581506196,0
"8ba56dd4-a9e1-410f-9b1e-91000e35bc46",1,6,0,0,4,2.4788856894373e-17,0.000387611922942731,4,0,1,1
"ea3562d2-c0dc-4c36-b1e4-1a0035281c44",1,10,0,0,5,0.00102980383962482,0.00028810655336879,5,0,0.184147952443857,0.6
"5dcdb5eb-cb72-4e6e-9e63-b7bace604965",0,0,0,0,0,5.25564033535461e-19,5.81417884416849e-05,0,0,0,0
"b432152b-ab35-40eb-916b-dc8d1559046b",0.483516483516484,44,47,0,14,0.012551736314405,0.00053738851449149,8,0.000241583480548434,0.219354838709677,0.714285714285714
"f5c4c27e-5902-4fc0-adfb-7775da3d5363",1,15,0,0,6,0.0013101217520999,0.000335657676916607,6,0,0.199199771363247,0.833333333333333
"fb75bc76-a50b-4d3a-b060-63092a4c6bbf",1,15,0,0,6,0.0046451979512821,0.000350087311002531,6,0,0.188837713356814,0.833333333333333
"bb1f06b1-bca8-4fe1-8ce7-c033479b1301",0.377777777777778,17,28,0,10,0.000660660475960341,0.000480783980388609,6,0.00314301776213338,0.203414562965125,0.3
"3bb29637-4184-490d-92f8-a9b45ffc5ebd",1,1,0,0,2,4.91621169499334e-17,0.000387611922942295,2,0,1,1
"2ee8d1d0-e491-4f9d-a893-34dccc26e974",1,105,0,0,15,0.0526209433176867,0.000441089041120087,15,0,0.226998860120502,0.933333333333333
"b46e298d-d3a5-4695-a03e-63e8c523b23e",0,0,0,0,0,5.25564033535461e-19,5.81417884416849e-05,0,0,0,0
"1dcc8968-f2cd-441c-beda-6270f70f2863",0,0,0,0,0,5.25564033535461e-19,5.81417884416849e-05,0,0,0,0
"71d8b051-6d79-4d31-9075-debfe031e539",0,0,0,0,1,4.25011095737791e-17,0.000387611922942887,1,0,1,1
"6c0dadab-266a-4601-8394-5b8e19e90def",1,10,0,0,5,2.47411572199424e-17,0.000387611922942469,5,0,1,1
"2a11b7c9-12d6-495d-a577-7412dd1f7aca",0.321937321937322,113,238,0,27,0.0289765459914515,0.000941975261712361,11,0.00506475394482931,0.254286756658154,0.333333333333333
"61acfedc-7a43-49bd-9474-bf96df0290b6",1,3,0,0,3,4.32968276182876e-06,0.000281059532603419,3,0,0.151587646802958,0.333333333333333
"960eb93f-e73c-4df8-864d-08a06c2dcc11",1,3,0,0,3,4.05792740067281e-17,0.000387611922942804,3,0,1,1
"15a5032b-70f2-4c00-bab9-5072b6fbba02",1,1,0,0,2,3.51016160313669e-17,0.000381298218672099,2,0,0.75,1
"efc5d365-a448-4e2f-9b5f-4a7c84be725c",1,21,0,0,7,0.00788693874488994,0.000321771506251066,7,0,0.2187009727016,1
"61af87f4-16ee-4431-8504-cc06187079fb",0.199134199134199,46,185,0,22,0.0102660814513457,0.00117100228853346,7,0.00524734869987174,0.218941416679755,0.954545454545455
"4c857e19-d9bb-460e-b3ec-2d1ea24c3247",1,3,0,0,3,4.14796416119709e-17,0.000387611922942497,3,0,1,1
"71b82efb-a4a4-40ad-94bf-9ed8c97dc69d",1,36,0,0,9,0.0275726020548871,0.00032649382340315,9,0,0.22386381885338,0.888888888888889
"8cc72457-488e-44e6-a5b3-d2da843b7245",1,1,0,0,2,4.72844830270107e-17,0.000387611922942295,2,0,1,1
"80fad44a-1a49-4e63-84c0-9f0ceb7fb203",1,66,0,0,12,0.00196577750174618,0.000421009983995581,12,0,0.206886316414366,0.916666666666667
"bb2b7bbf-75e5-43f8-8a9f-7769ae7d832a",0.4,4,6,0,5,2.97616573333385e-09,0.000523095287519658,3,0.00141381932101073,0.112993434384372,0
"86083bea-ffa2-47ec-b7dd-06313f3b349b",1,21,0,0,7,0.00112298736627992,0.000342990324649071,7,0,0.197171145685997,1
"0f4bf831-2672-4e94-8396-4198a3a0e731",1,3,0,0,3,7.95069057052846e-06,0.000183559192608456,3,0,0.144500881102934,0
"29a237ac-bad8-4ad3-a57a-032f8e2e611e",1,3,0,0,3,4.37045891932117e-17,0.000387611922942497,3,0,1,1
"9818ec14-12ae-4254-be50-46ba7aebac06",1,91,0,0,14,0.0567514142355323,0.000454205663365632,14,0,0.228113238422517,0.857142857142857
"332a08b3-c1a3-49cf-8b96-e373a914590e",1,15,0,0,6,0,0.000338407482428701,6,0,0.396825396825397,1
"3cbfd3e3-6d9b-4327-84ba-42cf646c98f9",1,3,0,0,3,4.51155099693597e-17,0.000387611922942656,3,0,1,1
"a6f55513-0dd9-4295-a40f-9c1b6a604654",1,6,0,0,4,0.00149852871888225,0.000254059122111424,4,0,0.204939723610703,0.75
"2d67239c-aa40-4ad5-a807-9052b66857a6",0,0,0,0,1,1.92846940571977e-07,0.000153499086737876,1,0,0.132145227035738,1
"619b1116-740e-42e0-bdfe-96af274f79f7",0,0,0,0,1,0,0.000110345897696135,1,0,0.346938775510204,1
"a21a3ff2-064c-452d-8aea-3d4039ab70d6",1,1,0,0,2,5.32542205582542e-17,0.000387611922942527,2,0,1,1
"fbe054ec-a143-4101-9e9e-64abc5ff5ac9",0,0,0,0,0,5.25564033535461e-19,5.81417884416849e-05,0,0,0,0
"3f6ee55e-d523-4dd8-a027-7a6af9909ae1",0,0,0,0,0,5.25564033535461e-19,5.81417884416849e-05,0,0,0,0
"300c4c73-33ac-4255-9d57-4e32627f5e13",0.833333333333333,5,1,0,4,1.78657649833096e-05,0.000338746679874471,3,8.47613501804993e-08,0.16779008184882,0.25
"12c0ef6b-8cb6-428f-8766-afc51d512d4a",1,3,0,0,3,3.97130704274532e-17,0.000387611922942804,3,0,1,1
"854e815f-ce53-4085-a74d-4bb6fc4e1459",1,21,0,0,7,0.000739069919634939,0.000336774424617657,7,0,0.19122085048011,0.857142857142857
"daa09819-5da5-4c7a-8bef-eb372bb27ff1",0.423076923076923,33,45,0,13,0.0267694254952569,0.00059067851876768,8,0.00355277175396967,0.220954192423522,0.923076923076923
"ffe22552-e13c-4d79-825e-6b4db11d4693",1,36,0,0,9,0,0.000387611922942309,9,0,1,1
"df6a1106-6caf-465b-bcfd-0b80d2b53516",1,3,0,0,3,4.19909313979067e-17,0.000387611922942939,3,0,1,1
"606bf117-494f-4864-891f-09d63ff6aa4b",1,1,0,0,2,5.35159457213943e-17,0.000387611922942527,2,0,1,1
"3f6ae36d-ffdb-40cf-98e6-8023cb1c41c9",1,1,0,0,2,4.59466651474297e-17,0.000387611922942295,2,0,1,1
"81e2f4b1-4b48-4bdb-9717-4180e0f1ebc2",1,1,0,0,2,1.26117075975785e-17,0.000273842797596564,2,0,0.235294117647059,0
"03172286-f7ed-4864-a4db-459cd5ca9790",1,1,0,0,2,2.87225840571843e-05,0.000197596170112853,2,0,0.156295548828344,0
"8edb76e6-b846-4465-a7c2-778b6bb38379",1,10,0,0,5,0,0.000306585213565243,5,0,0.571428571428571,1
"3bde6f06-77fe-47db-8d01-c6edb694c2aa",1,3,0,0,3,1.35757098032899e-05,0.000260449202518445,3,0,0.151703123299597,1
"8ff201f8-3b3f-40dd-a7f7-8d0a2184c62e",0.9,9,1,0,5,2.05591533362544e-06,0.00039431363780774,4,8.51017236594669e-05,0.146675084175084,0.6
"39ab1aed-75e0-4140-bd47-540276886b60",1,3,0,0,3,1.70630626846389e-05,0.000262168308094288,3,0,0.167769888073174,0
"ee1a3cdd-d907-4e76-bfe8-f60a8bbd5ba4",0.642857142857143,18,10,0,8,0.00982990337284835,0.000434016816586327,6,0.000804899435624107,0.213705350298942,1
"cadaa8ae-a43e-490f-8061-2787d9f75b6f",1,21,0,0,7,0,0.00036007139294709,7,0,0.376811594202899,1
"6b905738-f1b5-4851-942e-ee0118f3e44a",0,0,0,0,1,3.04770483894081e-08,0.000132968406872977,1,0,0.11970802919708,1
"e22d2f66-881e-41ca-9356-544697ee5f90",1,1,0,0,2,4.62605024746672e-17,0.000387611922942295,2,0,1,1
"32434ee8-8f04-4c95-a963-796faa298651",1,120,0,0,16,0.0338786909275218,0.000445190654826547,16,0,0.231062489640312,0.9375
"3b3b7f25-cda0-43a9-a3c0-e95e769eb08a",0,0,0,0,1,4.10733135429665e-17,0.000387611922942591,1,0,1,1
"172053e5-a7fb-4548-a64d-c53858b5e775",0,0,0,0,0,5.25564033535461e-19,5.81417884416849e-05,0,0,0,0
"2def90b4-54a2-40d5-abaf-529ee4db2da6",1,15,0,0,6,0,0.000355964100625879,6,0,0.3125,1
"1f52af22-0207-40ac-9a15-e5052bb670c2",0.714285714285714,15,6,0,7,3.89102090702703e-06,0.000497899085439365,4,3.81426075812247e-07,0.143578123390668,0.571428571428571
"2c1fadd0-8efb-41a4-8272-d5b1b04bf385",1,3,0,0,3,4.78098548082212e-05,0.000305035226979138,3,0,0.164697542533081,0.666666666666667
"9058d01e-8afc-47a4-8664-621fb5f159c0",1,3,0,0,3,2.85164462496452e-17,0.00040474628123864,3,0,0.625,0.666666666666667
"478e777b-83d5-42dd-be06-36adbf83281f",1,21,0,0,7,0.00225059603500398,0.000345269331972307,7,0,0.196920468992796,0.857142857142857
"1036b808-f58c-4a3e-b461-a2c4492ecf1b",0.193732193732194,68,283,0,27,0.0258601472945247,0.00107855925852346,9,0.00673706814742992,0.257575757575758,0.222222222222222
"13e2db47-3010-48b8-a8b9-667551f37119",1,6,0,0,4,1.90964613879333e-17,0.000387611922942609,4,0,1,1
"b12d76e2-4933-4e37-8b7a-0b317f69c8a1",0,0,0,0,1,4.15509792337804e-17,0.000387611922942591,1,0,1,1
"61cdb045-7f89-4eb1-b3ed-35db94d9ab99",0,0,0,0,0,5.25564033535461e-19,5.81417884416849e-05,0,0,0,0
"58e235fc-f6ea-4614-9ed4-9855a5665ae1",0,0,0,0,0,5.25564033535461e-19,5.81417884416849e-05,0,0,0,0
"0192ca4a-2d25-4c52-b778-08e2bfd9fd01",0,0,0,0,1,3.76092376414871e-17,0.000387611922942591,1,0,1,1
"67ebede8-b5c5-4115-90e5-1d760466baee",0,0,0,0,1,4.13917537013531e-17,0.000387611922942591,1,0,1,1
"800760de-bdf8-43a2-8fe0-44a2401a5515",0.181609195402299,79,356,0,30,0.0248691447466218,0.00142016167392574,9,0.0106390689906415,0.259493670886076,0.2
"047c7563-6c32-4619-a0b6-1dcf218b3e1b",1,10,0,0,5,0.00566126984537606,0.000289705616517826,5,0,0.201357792864365,1
"3d683d51-ba94-4ef1-a07d-3dced0f0bc38",1,21,0,0,7,0.00268111088802885,0.000295387284945422,7,0,0.207718670838921,1
"1325f8d5-ab22-4dc9-8fdc-f7fa6695c493",1,6,0,0,4,0.00106217876760275,0.000263089383828534,4,0,0.185224554876428,0.75
"01ad46b5-59c5-4295-a500-88742320ec3a",1,1,0,0,2,0.00105744572092906,0.00013789286751265,2,0,0.202970297029703,0
"56c4b861-0922-4c3a-a9b9-3bfcb00f8274",0.4,6,9,0,6,0.000131650660686178,0.000487058159079538,3,0.00244780652123447,0.181250812638148,1
"1fb335d9-e9ce-4fb0-a4d2-738fea0c0148",1,21,0,0,7,0,0.000373445993516425,7,0,0.335570469798658,1
"a12980dd-8cf1-4802-84e3-32c08560cf49",0,0,0,0,1,3.90614777306787e-17,0.000387611922942591,1,0,1,1
"3508f3fd-3b18-493c-a362-376736bb6cde",0.333333333333333,5,10,0,6,5.29906206487386e-17,0.000607128149062627,3,2.79712455595648e-05,0.39344262295082,0.333333333333333
"bab29dd5-510a-4c10-b1f1-657d60a9ee6e",0.444444444444444,16,20,0,9,0.00240875150229917,0.000454095121570497,5,0.000439703207680309,0.216863721219664,0.888888888888889
"0423fdbb-678d-4210-aab4-600fb3ceb21b",1,10,0,0,5,6.47175237035132e-05,0.000349234505922876,5,0,0.165636882129278,0.8
"68430e36-5f32-4e6a-b89c-cef750c9703e",1,66,0,0,12,0.0019657775017462,0.00042100998399552,12,0,0.206886316414366,0.916666666666667
"519774a4-3b18-4042-b8c0-927845a616c9",0.303030303030303,20,46,0,12,4.15412813404826e-06,0.00079031171860681,5,0.00353659693887853,0.167326851518425,0.166666666666667
"b67bf15d-03c3-40a4-9d17-769a964d5005",0.4,4,6,0,5,0.000102696159426209,0.000364635807185677,3,0.000354259957603294,0.181747066492829,0.2
"11bcbbf4-1252-496a-b747-06942f3d76db",0,0,0,0,0,5.25564033535461e-19,5.81417884416849e-05,0,0,0,0
"7d5dfdc7-6f95-498f-9b60-87f0319867e0",1,1,0,0,2,0.00036816266959177,0.000185074394109583,2,0,0.185470995210218,1
"a6c6897a-7415-4f8d-b5a5-3a5e05f3be67",0,0,0,0,0,5.25564033535461e-19,5.81417884416849e-05,0,0,0,0
"fc5f555c-dfa2-4f16-9da5-98342105c23a",1,6,0,0,4,2.55523707267054e-17,0.000387611922942609,4,0,1,1
"396d316b-a9de-4c3e-88e8-a1caf730a6b5",1,3,0,0,3,4.29241217666108e-05,0.000243515705872,3,0,0.167206429171165,0.333333333333333
"5660a8c7-d0d9-4181-89b4-8e125328e31e",1,1,0,0,2,4.90498758327618e-17,0.000387611922942295,2,0,1,1
"02452937-d06b-4e9f-966d-8477bae38ddc",0,0,0,0,1,2.13614203800529e-06,0.000115065592190773,1,0,0.153035459435723,0
"89e95aa3-bd49-4af3-9c87-0d88b2093bb0",0.666666666666667,2,1,0,3,5.43148031824183e-17,0.000457711951559774,2,1.27142025270749e-07,1,1
"e47b4862-a587-488f-b7a7-bd329726693d",1,3,0,0,3,3.88097437280163e-17,0.000387611922942939,3,0,1,1
"09925d0f-b482-45cc-aa94-e868a41d0a4a",1,28,0,0,8,0.0104519943062826,0.000386467098215626,8,0,0.197702453552688,0.875
"6739352a-3f16-418b-ba43-6c41912badc5",0,0,0,0,1,3.78038079328198e-17,0.000387611922942887,1,0,1,1
"b1ee35c4-1363-4f81-9a3b-7d70c6009f81",0,0,0,0,1,4.19517193433766e-17,0.000387611922942887,1,0,1,1
"9b483540-4191-43b2-9a86-d4ff09fef68d",1,1,0,0,2,5.03387315184949e-17,0.000387611922942038,2,0,1,1
"525d2a4a-3d81-4d96-9581-3442feed3d2e",1,6,0,0,4,1.14281587440512e-17,0.000353645929694829,4,0,0.666666666666667,1
"d39a5a70-de11-4ea3-a4c1-f2139cca265a",1,3,0,0,3,7.25373161016278e-06,0.000265513544400617,3,0,0.157407407407407,1
"b0337af1-8d93-4671-b6c9-ba306bf942bf",0.464285714285714,13,15,0,8,0.000167987411935594,0.00054660923876112,5,0.0017660027310107,0.17791959157626,0
"2361ec07-1b1e-4f3b-8fbd-ec0a6de214ae",1,1,0,0,2,0.000299786860644867,0.000192852591363541,2,0,0.16779008184882,1
"91f3e61e-dec2-4b73-b195-a42251fd72b5",1,3,0,0,3,0,0.000218908726077478,3,0,0.533333333333333,1
"0306f284-3be8-4ccc-a6e1-f4f2021f796f",1,1,0,0,2,5.52084954812948e-17,0.000387611922942527,2,0,1,1
"804e04dc-8812-4313-9159-bec358d2b8ed",1,10,0,0,5,5.48773838979146e-07,0.000325275565191382,5,0,0.134933694705256,1
"8b477559-946e-4ef2-9fe1-446cff8fdd79",0,0,0,0,1,2.99253801188252e-05,0.00014107258591388,1,0,0.167246550689862,0
"29181727-a888-431e-a6c5-bd7f4969a318",1,6,0,0,4,5.93419455631123e-05,0.000290558108404012,4,0,0.163711098062243,1
"d46f4afe-20e7-49b8-aa8f-8609fc4b4716",0,0,0,0,1,3.89975657729996e-17,0.000387611922942591,1,0,1,1
"88527d26-7496-47c5-8358-ebdb1868a90f",0,0,0,0,1,4.05691181184899e-17,0.000387611922942591,1,0,1,1
"06665d74-6477-4edc-9610-106af7f3a975",1,6,0,0,4,1.94864394673914e-17,0.000387611922942731,4,0,1,1
"8e893bac-144c-4a04-a9d7-9068759a7eed",0,0,0,0,1,3.72056212180916e-17,0.000387611922942591,1,0,1,1
"ea4dfa26-f633-4da6-a52a-f49ea4897b58",1,1,0,0,2,5.15838538267682e-07,0.000208171494936486,2,0,0.135920436817473,1
"fee6a7fb-80d9-4290-a171-e48f1f20e381",1,1,0,0,2,1.6181108639403e-05,0.000190184638621042,2,0,0.167749699157641,0
"5f95440d-7737-4a36-9bcf-c05337f7129b",1,6,0,0,4,2.71300425240575e-17,0.000387611922942609,4,0,1,1
"afff4ecf-0c96-469f-9e82-0c8ecb4a812f",1,28,0,0,8,0.0171385729568499,0.000305507943561683,8,0,0.225895316804408,0.5
"d0074395-1278-4864-8a17-ee49bdae7e71",1,1,0,0,2,0.000812248855599592,0.000146206555179768,2,0,0.18984066457851,1
"5fee3020-513b-48c2-b1f7-4681b01db0c6",0,0,0,0,0,5.25564033535461e-19,5.81417884416849e-05,0,0,0,0
"31ce0981-df2b-4c9a-b2e1-bcf47333245b",1,1,0,0,2,5.50095208299033e-17,0.000387611922942038,2,0,1,1
"e8993e9d-9313-4447-ad23-791459a3790d",1,3,0,0,3,0.000638703328768073,0.000181742779391005,3,0,0.178832584990378,1
"00ef990b-098d-4bf6-897b-708e35638854",0.833333333333333,5,1,0,4,4.38726617389737e-18,0.000404927537088912,3,1.01713620216599e-06,0.555555555555556,0.5
"643ff039-e473-4178-b523-a76a67b7cdd7",0,0,0,0,1,3.94443449781912e-17,0.000387611922942591,1,0,1,1
"970e9fc8-9b6a-4d92-9f57-231a4517ddac",1,15,0,0,6,0.00078876499231276,0.000323386977282054,6,0,0.194937770941127,0.833333333333333
"0fabbc1d-8d94-4a61-bd1d-1099ad1e4559",0,0,0,0,1,3.80455003176414e-06,0.000133534308923163,1,0,0.14950664950665,0
"a0182eb3-7427-42b3-b1aa-dd73e3478690",1,15,0,0,6,0.00167769563608648,0.000255846797484911,6,0,0.19007362967003,1
"d594304b-5903-46e2-ac82-7f6126cb55e8",0.333333333333333,22,44,0,12,0.00118755842649475,0.000795114616148098,4,0.0015534956948235,0.18363851929917,0.166666666666667
"47c8f88b-987a-4b64-9175-2b1b57809727",0,0,0,0,0,5.25564033535461e-19,5.81417884416849e-05,0,0,0,0
"43972689-3a59-4c7d-a093-6432e686645c",1,28,0,0,8,2.19201116020498e-05,0.000446681336132418,8,0,0.142375651108161,1
"3e3f1a27-9390-4c53-819d-5a4501165f38",1,36,0,0,9,0,0.000387611922942515,9,0,1,1
"5df62a88-cac9-490a-b62c-c7c88f4020f4",1,3,0,0,3,4.22595175665822e-17,0.000387611922942497,3,0,1,1
"a03cff29-6e2d-4745-b9d7-4272ec927a00",1,10,0,0,5,0.00709774045219928,0.000223261801181826,5,0,0.213541666666667,0.8
"c0499bfa-294c-43c2-ace0-dd30a70ec8dc",1,15,0,0,6,0,0.000319105660960004,6,0,0.65,1
"ee58c59f-8e7f-4430-b8ca-236c4d3745ae",1,1,0,0,2,4.8879722987719e-17,0.000387611922942295,2,0,1,1
"9a6f7310-87f0-4fe0-baf1-a58f719b1f3b",1,15,0,0,6,0,0.000387611922942364,6,0,1,1
"fbcd7b29-455f-49e6-9c4f-8249d20a055e",0,0,0,0,0,5.25564033535461e-19,5.81417884416849e-05,0,0,0,0
"2baf3276-ed6a-4349-8d2e-f4601e7b2167",0.638095238095238,67,38,0,15,0.0511154311994357,0.000509235814046549,10,0.00052171169965952,0.245985530262926,0
"29edaca5-7e7d-4391-b137-ff1c94a4d262",0.766233766233766,177,54,0,22,0.0398041955538493,0.000593374953864252,16,0.000494710924111651,0.233110367892977,0.681818181818182
"71b03238-e53d-4e1e-9b3a-6ce1dcdf2894",1,15,0,0,6,0,0.000387611922942261,6,0,1,1
"1239d1bc-cc09-43e0-bcd0-374f60346138",1,1,0,0,2,2.95200191879798e-09,0.00022408420755548,2,0,0.112920210611584,1
"e96287e1-c455-45df-8875-355432882659",1,3,0,0,3,1.58069361859295e-05,0.000319675951700387,3,0,0.142871784359947,1
"82ad1c73-2704-45a2-b437-679c3e74f8d9",0.666666666666667,10,5,0,6,0.000731964007689445,0.000335311321865646,4,4.23806750902496e-07,0.178901437371663,0.5
"34cf95c7-4be9-4efd-a48a-c2ea4a0bb114",0,0,0,0,0,5.25564033535461e-19,5.81417884416849e-05,0,0,0,0
"e21857d5-3256-4547-afb3-4b6ded592596",1,6,0,0,4,0.000294075089637826,0.000219960304517581,4,0,0.167046135410425,1
"b95ce3ff-3d05-4e87-9e01-c97b66af13d4",0.4,6,9,0,6,0.102908243648481,0.000375028298420423,3,0.00106112734290967,0.190463178029785,0.5
"8f6bd1e4-fbe1-4f50-aa9b-94c450ec0f11",0.619047619047619,13,8,0,7,0,0.000429916193860928,5,1.09342141732844e-05,0.523076923076923,0.571428571428571
"11ae9fbb-f3d7-4a47-936f-4c0a04d3b3b5",0,0,0,0,1,4.01060204493229e-17,0.000387611922942887,1,0,1,1
"2a57b4aa-b16a-4723-aa0b-bdb0371930b1",1,1,0,0,2,5.13313289014736e-17,0.000387611922942295,2,0,1,1
"fa4f4b89-3ddc-4e97-88fa-0e30121f986a",1,28,0,0,8,2.19201116020554e-05,0.000446681336132349,8,0,0.142375651108161,1
"c234fa42-e6a6-443e-937e-2f4b073538a3",1,6,0,0,4,4.22859319290774e-05,0.000365019866335122,4,0,0.16415449835139,0
"89b13f49-4fea-4110-999e-21a148f7c89f",1,190,0,0,20,0.903585867658378,0.000507526612084176,20,0,0.210161314638927,0.85
"d339efbb-77b9-4147-ba9e-59f2f24550b2",0,0,0,0,1,0.00021314065372479,0.000123174755318801,1,0,0.16401929638781,1
"5f857e5c-5620-4110-a9fb-ca797148287f",1,15,0,0,6,0.00118457432489298,0.000330235690191823,6,0,0.187063875469673,1
"879d43c6-13a8-42f6-b8df-a9b7d50aa9e2",0,0,0,0,0,5.25564033535461e-19,5.81417884416849e-05,0,0,0,0
"2038fbfb-105b-4d84-869f-7baa8c7001ab",1,6,0,0,4,1.79087831516896e-17,0.000387611922942609,4,0,1,1
"40b7e836-a995-447c-9fa6-ddaff888ba6c",1,3,0,0,3,4.1136949656579e-17,0.000387611922942656,3,0,1,0.666666666666667
"5863c64e-7867-4dcf-a0ac-1181ebdab988",1,1,0,0,2,3.78941910111171e-05,0.00023012122008096,2,0,0.164115846479868,0.5
"56756959-1e78-429c-b897-e1d056cb0225",0.33201581027668,84,169,0,23,0.00136293536925313,0.000893332913699894,12,0.00572576670124001,0.205544087289885,0.0869565217391304
"4e4ebde4-0c56-4dec-844b-6c73adcdd92d",0.227272727272727,15,51,0,12,0.00306427261468591,0.000861365993362788,4,0.00319702622931905,0.185396994281154,0.916666666666667
"d15721d8-56b4-453d-b506-fc915b14cba2",0.6,6,4,0,5,6.17374325488012e-07,0.000440156579008123,4,0.000354217682404307,0.135973468591494,0.8
"65314b12-0e08-43fa-ba33-baaa7b874c15",0,0,10,0,5,1.36108319347067e-05,0.000696386582788991,2,0.00110739618123744,0.161829579753889,0.8
"f4e8368d-3570-45eb-bdf1-23987955b3e6",1,6,0,0,4,0.000520665461008494,0.000240162406637013,4,0,0.19291447550512,0.25
"412faa8b-0bf2-490a-aaea-45185504f2b2",0,0,0,0,1,3.91338687078033e-17,0.000387611922942887,1,0,1,1
"bfd5aec5-62a2-4560-a316-7c46c17babda",0.285714285714286,8,20,0,8,1.77877813503935e-05,0.000504194674425506,6,0.00422359002986632,0.17578814627995,0
"d60c30e4-f52c-46c1-bacd-0c0d58a35d30",1,1,0,0,2,4.98465176924737e-17,0.000387611922942295,2,0,1,0.5
"95e1ead9-4d31-4808-a7ac-32c3614c116b",1,6,0,0,4,3.97458662304264e-05,0.000302389544371202,4,0,0.149298489878976,0.5
"9a0fe101-f7a4-47fc-a3a2-1606588cec6c",1,6,0,0,4,1.10158199991414e-17,0.000353645929695285,4,0,0.666666666666667,1
"3a750bab-16d5-4305-a8ab-9305d81afdf9",1,3,0,0,3,3.92000807368151e-17,0.000387611922942939,3,0,1,1
"320d51be-7d70-4de6-b4d4-ce05204b31c4",0.833333333333333,30,6,0,9,0,0.000425975786537742,7,3.05140860649797e-07,0.645161290322581,1
"679ec43c-bc04-4bb0-b619-2da702a214ba",0,0,0,0,1,3.8172223711347e-17,0.000387611922942887,1,0,1,1
"68eb8831-4d0b-4a2b-9209-3ccade5117f0",1,28,0,0,8,0.0010030037466697,0.000349918460211753,8,0,0.195457094784072,1
"16e7f7ea-caf8-4e89-adb5-aaac50099edb",1,6,0,0,4,1.68451127943789e-17,0.00038761192294248,4,0,1,1
"c44e9c22-ef82-4a77-9bcd-af6c958446d6",0.5,3,3,0,4,3.29624977755529e-10,0.00048122243884927,3,0.000354217682404307,0.10358921007654,0
"4d61abe3-ce6d-4383-b2cd-8b4491496549",0.9,9,1,0,5,2.18696448187294e-17,0.000436702859025727,4,1.27142025270749e-07,0.857142857142857,1
"091f2624-6e4e-4961-baf2-9526493525b0",1,15,0,0,6,0,0.000321831564824191,6,0,0.464285714285714,1
"8fbcd70f-bf1e-4624-b94a-fcff6b0c637e",0.490909090909091,27,28,0,11,0.00713282843807278,0.000454168565274737,7,0.00208969632797448,0.234206989247312,0.727272727272727
"091edff2-a5ff-4aff-92b0-8569345098d3",1,28,0,0,8,0.00940358171524053,0.00031866078490617,8,0,0.223756019261637,0.875
"e565610b-9a8f-451d-b594-ea658d76f725",0,0,0,0,0,5.25564033535461e-19,5.81417884416849e-05,0,0,0,0
"11fb18de-7404-44e1-82c4-ba0045a7502e",1,6,0,0,4,2.0249745765957e-17,0.000387611922942844,4,0,1,1
"d71aa474-76e1-4c5c-8d5b-778e4bee708d",1,1,0,0,2,7.73397991700815e-07,0.000257913663227845,2,0,0.134115836059265,0.5
"7936fffc-8acf-4ee7-91d1-eaa3df92e381",1,21,0,0,7,0.000739069919634941,0.000336774424617599,7,0,0.19122085048011,0.857142857142857
"42b1afed-e6db-4ca7-b3e6-c86873603dd3",1,15,0,0,6,0.00907146150887748,0.000315979837734013,6,0,0.194883265762617,1
"d1515727-4a93-4c0d-88cb-d7a9fce01879",1,3,0,0,3,0.00136216853471226,0.000227030082775637,3,0,0.206121543693627,0.666666666666667
"a9c38fd2-04be-4bc6-a3bc-96508b226508",0,0,0,0,0,5.25564033535461e-19,5.81417884416849e-05,0,0,0,0
"859bf1bb-0470-4869-aa97-a2f1c0fee62c",1,6,0,0,4,2.005480783401e-17,0.000387611922942731,4,0,1,1
"24e1b53c-3085-4581-8472-0b0088d2508c",0,0,1,0,2,6.18413649105028e-17,0.000503215478908236,1,5.08568101082996e-07,0.75,1
"741a2892-1c5d-402f-a769-2096356c77d7",0,0,0,0,0,5.25564033535461e-19,5.81417884416849e-05,0,0,0,0
"48646387-1664-4c9a-9139-9bfd091b823c",0,0,0,0,0,5.25564033535461e-19,5.81417884416849e-05,0,0,0,0
"6c7fc9af-07ee-41af-9ef7-2eb9665f2cbb",1,3,0,0,3,1.99340055397206e-17,0.000350306899188703,3,0,0.341463414634146,1
"05de4cde-ba6e-4be8-a8fb-0aa4f6c56df8",0,0,0,0,1,0.000147683471228902,0.00010614930544768,1,0,0.176679340937896,1
"e4356a15-5acc-400d-a707-592d66922e28",1,1,0,0,2,4.73045282408469e-17,0.000387611922942295,2,0,1,1
"293da60a-845a-4b2f-a288-72242d632168",0,0,0,0,0,5.25564033535461e-19,5.81417884416849e-05,0,0,0,0
"73e7c483-9f3e-4a72-a359-582452fbaeac",0.714285714285714,15,6,0,7,0,0.000475432257159432,4,1.37737194043311e-06,0.733333333333333,1
"6ab10aaf-8812-41eb-b59f-f07b42468f22",0,0,0,0,0,5.25564033535461e-19,5.81417884416849e-05,0,0,0,0
"41a2b0bf-0469-43da-93a3-8774da760cb8",0.666666666666667,4,2,0,4,0.000428172410878213,0.000277696146191989,3,2.54284050541498e-07,0.184733633713226,1
"88b1b2c9-1cda-4dda-ae4b-2e8a4d00356a",1,190,0,0,20,0.903585867658377,0.000507526612084103,20,0,0.210161314638927,0.85
"4c7a5854-6b75-4623-a684-6a3d785d9015",0,0,0,0,1,3.35043205720172e-18,0.00017512670542131,1,0,0.571428571428571,0
"3efc71ea-3594-4510-b2d5-34c14c8687d4",0.581818181818182,32,23,0,11,0,0.000630467006928159,8,3.30569265703947e-06,0.761904761904762,1
"56a55378-f155-48de-80a5-d80104221267",1,1,0,0,2,1.61811086394117e-05,0.000190184638621042,2,0,0.167749699157641,0
"79c795f4-7dee-42df-ad01-b68b5980d9ee",0.533333333333333,8,7,0,6,8.92718855678334e-05,0.000341851099402103,5,0.000211478114652264,0.171484807479395,0.5
"6cf7f2ce-c646-45aa-8179-9149e9866097",1,21,0,0,7,0,0.000399052454029055,7,0,0.818181818181818,1
"752bebd2-b44c-41bb-8a21-bdf3cd1b5518",0,0,0,0,0,5.25564033535461e-19,5.81417884416849e-05,0,0,0,0
"c12f644b-1066-4ead-b0dd-d0c380f5cca2",1,6,0,0,4,2.20343084613988e-17,0.00038761192294248,4,0,1,1
"0039c7ae-e1a7-4a7d-9b49-0cbc716821a6",0,0,0,0,0,5.25564033535461e-19,5.81417884416849e-05,0,0,0,0
"1065cacf-9d07-44b0-9f9c-80dd04a86b49",1,66,0,0,12,0.000147232549962916,0.000412783089901656,12,0,0.170749632533072,0.916666666666667
"3c9b356d-d1db-4f4e-a7a3-2d00c1d70255",1,6,0,0,4,0.00184780142201231,0.000252042330097494,4,0,0.187063875469673,0.5
"afac07f5-d4aa-43f4-bad3-6bc2bb474cba",0,0,3,0,3,9.884939579251e-17,0.000743795852133278,1,7.62852151624494e-07,1,0.333333333333333
"f072fd2b-1ffa-4e54-a4c4-678741234ee2",1,78,0,0,13,0.0209056614043479,0.000365133851884052,13,0,0.190854326396495,0.384615384615385
"319e9d91-fd89-40d7-9aef-a28da1b7d75e",0,0,0,0,1,3.80457439063091e-17,0.000387611922942887,1,0,1,1
"18f56081-ccd7-4e07-981a-558c20951ccd",1,3,0,0,3,0.000491965278373238,0.000207893286016745,3,0,0.187214611872146,1
"5f04b5df-2247-4d09-b780-b68705cf0d35",1,1,0,0,2,4.57575795791365e-17,0.000387611922942038,2,0,1,1
"fa4461c1-518c-4046-bb71-7b8fcab47c10",1,6,0,0,4,1.66884894718899e-17,0.000359533009487617,4,0,0.833333333333333,1
"b0465ba1-c8cb-4b10-ab14-3f48f27887c3",1,1,0,0,2,4.56409144405442e-17,0.000387611922942038,2,0,1,1
"f7eb3be3-1065-4a53-94d4-e2d0c15c0b33",0.488888888888889,22,23,0,10,0.00267778717500257,0.000494341812545485,5,0.000617153831079743,0.185150750431664,1
"abd506e1-6f2b-4d6f-b937-92c267f6f88b",0,0,0,0,0,5.25564033535461e-19,5.81417884416849e-05,0,0,0,0
"bfc872ee-8285-4496-bb02-95159f08a7ef",0,0,0,0,1,0,0.00018684835491895,1,0,0.538461538461538,1
"60bec7fc-22ad-4597-a928-781c576ebccd",0.719298245614035,123,48,0,19,0.0358177154274039,0.000556849026197574,16,0.00189157463568579,0.247075505140021,0.789473684210526
"274e5aeb-6f07-4429-b74e-02d4e3b83344",0,0,0,0,1,3.97110575966615e-17,0.000387611922942591,1,0,1,1
"ca49c09b-9ac8-400c-8f3b-edde6a026342",1,3,0,0,3,3.77098706806846e-17,0.000387611922942656,3,0,1,1
"bf314a8f-5dc6-4dc5-8819-d25b4cc38164",1,6,0,0,4,0.000769177015840381,0.000275370291940149,4,0,0.20031613737606,0.75
"da3f4766-628e-4da3-a871-014728993157",1,3,0,0,3,3.79074073328459e-17,0.000387611922942804,3,0,1,1
"773c48db-eb0c-491f-9a36-633d72dcee8d",1,3,0,0,3,2.97097640700879e-17,0.00040413855097221,3,0,0.8,0.666666666666667
"6f2c949d-9540-4421-bf02-27ae27e00e33",1,1,0,0,2,4.90495277282667e-17,0.000387611922942527,2,0,1,1
"070d193a-845c-479f-980e-bef15710653e",0,0,0,0,1,0.000272687510402634,0.00010283852881978,1,0,0.187214611872146,1
"f2eef649-a6d5-4114-afba-e50ab26254d2",0,0,0,0,1,2.02708822131078e-06,0.000148779181933095,1,0,0.141537211899685,0
"e5712ceb-c37a-4c49-a11c-ccf4e21852d4",1,1,0,0,2,7.42866056569365e-19,0.000236049987497172,2,0,0.289156626506024,1
"965f5705-6eb1-49a1-b312-cd3d65bcc7c9",0.342780026990553,254,487,0,39,1,0.0012202247332806,20,0.00933241811409924,0.234561669190644,0.205128205128205
"a2fdc044-010f-4317-97d2-a1c67e978543",0.466666666666667,49,56,0,15,0.0166784870321863,0.000648090821962049,9,0.00718726372457926,0.219113486325055,0.8
"ee0b11de-0c8a-4267-9886-198f4579e1db",0.4,6,9,0,6,1.97249913180432e-17,0.000563636491617209,3,6.35710126353745e-06,0.666666666666667,0.5
"6b128dd7-e998-4edb-a4f5-400fef190445",0,0,0,0,0,5.25564033535461e-19,5.81417884416849e-05,0,0,0,0
"80e7cb60-3ed8-46dd-8eec-9052606306f2",0,0,0,0,1,4.12669153206705e-17,0.000387611922942887,1,0,1,1
"e0140a67-e4d1-4f13-8a01-364355bee46e",0.243333333333333,73,227,0,25,0.013185887150513,0.00102785902142452,7,0.0108421003444195,0.247470264512693,0.04
"bf66e128-8353-404f-80d4-43916ea454d2",1,28,0,0,8,8.57717206490396e-05,0.000378346838209307,8,0,0.16807330600434,0.875
"7e61db63-b2e4-496a-a3a3-d4383c63b698",1,1,0,0,2,4.98781288958973e-17,0.000387611922942038,2,0,1,1
"0a96553f-8003-45dc-adf9-d38ed61bf941",1,28,0,0,8,0.00986081676683819,0.00032243353688032,8,0,0.224296057924377,0.5
"e505aa63-cc70-4b35-b77e-476035e4e620",1,1,0,0,2,4.53613088799744e-17,0.000387611922942295,2,0,1,1
"ba9bae1c-ee4d-496e-abfe-b538a44fda2a",1,6,0,0,4,0.0100980924781174,0.000184625801335662,4,0,0.213117260357743,0.75
"56ed6291-5643-41ab-8023-ab6df6b976c0",1,21,0,0,7,0.0157676356450997,0.000265705684826446,7,0,0.232954545454545,0.285714285714286
"a0b8cb9e-7532-45fe-a74c-30e7c4009a39",0.5,5,5,0,5,0.00242795498095125,0.0003349111309813,3,0.000336940682194207,0.195374912403644,0.8
"c7772f09-52d8-408c-b178-7cd18741dded",1,21,0,0,7,0.000471987972828047,0.000329428241914587,7,0,0.188812135988081,1
"79a09151-f6cc-48f9-9907-3fdd0b68373f",0,0,0,0,1,3.99340215019487e-17,0.000387611922942887,1,0,1,1
"79c9b9a6-4b78-4738-8b81-95b066321ea9",0.279411764705882,38,98,0,17,0.00579241133595649,0.000714597386374148,7,0.00434262047069444,0.230413223140496,0.882352941176471
"94a24504-3548-4bde-a89b-273d277d194e",1,3,0,0,3,1.65252079206569e-06,0.000348701254865173,3,0,0.143415637860082,1
"a56bd8f9-8ef8-4d63-89a4-794ed1360dd2",0.4,4,6,0,5,0.00145322000864855,0.000395636333724348,3,0.0017660027310107,0.181250812638148,0.6
"122a2714-24f8-4046-a532-64064b5076d2",0.5,5,5,0,5,8.04268046600037e-05,0.000473052043814186,3,0.000353836256328494,0.153558052434457,0.6
"f9300575-b356-4e5a-88b3-f76bf6f34115",1,1,0,0,2,5.05953942206598e-17,0.000387611922942295,2,0,1,1
"029a5244-eb0b-4e9e-aa51-d676b985606e",1,6,0,0,4,0.0158552316393157,0.000184197190088386,4,0,0.236953935067143,0.75
"438cfe24-e99c-4b74-94ff-7289ede0bb46",1,15,0,0,6,0,0.000387611922942364,6,0,1,1
"5a8e07d5-d932-4484-a7f7-e700793a9c94",1,1,0,0,2,8.11987936851733e-05,0.000140678609030225,2,0,0.173620625233528,1
"3b6def32-b3ee-47e0-9eb9-c9e1a2e22efd",0,0,0,0,1,3.97451399649158e-17,0.000387611922942591,1,0,1,1
"705f04e2-fc5b-41ab-b837-1d850d44084a",0.20952380952381,44,166,0,21,0,0.0011462243067982,6,0.000131507234805045,0.520833333333333,1
"3b4dcae0-6d33-489f-8923-daea4f512cac",1,3,0,0,3,0.0040734844300317,0.00015004919746148,3,0,0.214692746034191,0.666666666666667
"410e7fd3-b865-4fa0-bb18-1b7fd53382ca",0.6,9,6,0,6,0.0662293591488796,0.000314013587883081,4,3.7356840555038e-05,0.221480775341595,0.333333333333333
"563abe5e-06b1-430d-99d4-7abf981c6e5a",1,3,0,0,3,4.28042519110566e-17,0.000387611922942804,3,0,1,1
"9dcb52fc-b6f8-4980-ad45-22b066583b8b",1,3,0,0,3,3.97069886685853e-17,0.000387611922942804,3,0,1,1
"bd20fa3d-277c-483f-bd0e-5f8d8ae011c6",1,1,0,0,2,1.45633825566221e-17,0.000329810144960149,2,0,0.666666666666667,1
"346448f5-25a0-4f78-bbd6-acc0205f7513",0.266666666666667,4,11,0,6,9.08863256149551e-17,0.00075177059932469,2,5.4671070866422e-06,0.692307692307692,0.5
"c0367e31-dc3a-4f5e-9d24-0e3af39a8704",0.295384615384615,96,229,0,26,0.0277458214723919,0.00104830236864607,9,0.0143263797555143,0.267203373586352,0.269230769230769
"e3d5b5ec-101a-4529-9f2d-01dca64cf44e",1,1,0,0,2,0.000368162669591773,0.000185074394109522,2,0,0.185470995210218,1
"2610ba0c-fe94-4e04-8e15-4b29966afffc",1,36,0,0,9,0,0.000387611922942449,9,0,1,1
"3ff0f713-0232-4997-a6e3-a42ae30eca9c",1,15,0,0,6,0.0046451979512821,0.000350087311002464,6,0,0.188837713356814,0.833333333333333
"e44aa1c2-c4ea-4dae-a9c5-36fd9fd22d09",1,1,0,0,2,3.00372047987818e-05,0.000223102763856626,2,0,0.14790450928382,1
"a98cd83c-4f9d-4c16-a3f2-3759df41df82",0.666666666666667,2,1,0,3,5.19819911671145e-17,0.000457711951559725,2,1.27142025270749e-07,1,1
"bce6d667-cde8-485e-b078-c0a05adea36d",0.231578947368421,44,146,0,20,0.0660359051066569,0.000991437688782109,6,0.00258958105396891,0.215689308370726,0.3
"f4b6e451-5dce-4842-a555-f793892299b3",0,0,1,0,2,4.31947953979384e-05,0.000284309122295733,1,0.000354217682404307,0.164697542533081,0.5
"913b4704-05bf-4e53-b30a-f3bd244ea2ea",0,0,0,0,1,4.05291586076142e-17,0.000387611922942591,1,0,1,1
"37ed89f2-c1e4-4836-8f68-190014a48034",0.5,3,3,0,4,0,0.000404514972694648,3,2.03427240433198e-05,0.380952380952381,0
"7d1a1624-784b-4f89-8ff9-b9b493cd059d",0.666666666666667,10,5,0,6,3.48055917900626e-17,0.000488086810325922,5,1.14427822743674e-05,0.466666666666667,0.833333333333333
"7d3372ea-68ea-461e-84e4-d0f5259809ed",0.785714285714286,22,6,0,8,0,0.00044124268066074,6,8.89994176895243e-07,0.75,1
"b3c94036-6166-41d2-91a2-dc3a0b5fa188",0.9,9,1,0,5,2.31412218947254e-17,0.000412199246412911,4,6.35710126353745e-08,1,1
"1db78dcc-efdc-4b32-aab1-37b9c2210d02",0,0,0,0,0,5.25564033535461e-19,5.81417884416849e-05,0,0,0,0
"9c14317c-87b9-4f7c-a5a5-80add17a1709",0,0,0,0,1,3.85523637065548e-17,0.000387611922942887,1,0,1,1
"9e474d7c-664d-4a9d-9693-5a196313900c",0,0,0,0,1,3.95910611600052e-17,0.000387611922942591,1,0,1,1
"08b652f4-a221-4f54-8ea8-b375b5bc54d2",1,15,0,0,6,0,0.000321831564824123,6,0,0.464285714285714,1
"831dcf03-b745-436b-922f-6a2baaf45e57",1,3,0,0,3,3.93613142620065e-17,0.000387611922942656,3,0,1,1
"ca9766a0-1c30-43e6-a213-bac1334efc4a",0,0,0,0,1,3.90306807573748e-17,0.000387611922942591,1,0,1,1
"c0eee88b-47f2-4cd2-ac48-a045e902a432",0.288888888888889,13,32,0,10,1.75829934437861e-05,0.000638086995918425,6,0.00503240083352561,0.169751583049196,0
"1febab34-36bb-499c-a370-10080d3079f2",0,0,0,0,1,3.69036925864038e-17,0.000387611922942887,1,0,1,1
"0ba9202b-0855-4935-9425-e2d9feab77ef",1,10,0,0,5,5.48773838972978e-07,0.000325275565191304,5,0,0.134933694705256,1
"0bc6d6e7-0858-4b73-a079-7aa681095f98",1,1,0,0,2,4.95233877263423e-17,0.000387611922942038,2,0,1,1
"1fb50d12-8463-4fa4-bcc0-f8038e36aaa1",0,0,0,0,1,4.05718080478718e-17,0.000387611922942591,1,0,1,1
"1cfe52d7-181a-4b3a-8041-d8bf9ccef57b",1,1,0,0,2,0.0123661636240054,0.000130144745670277,2,0,0.213705350298942,0
"70debfb9-fa72-424b-b1ea-1c0b4baf00f4",0,0,0,0,1,0.000288379822617347,0.000128475020141877,1,0,0.161379949062283,1
"ce7f558d-e4c3-43c6-9be6-cbb330a97d83",1,36,0,0,9,0.0084103232217258,0.00038962323386931,9,0,0.215356094546578,0.777777777777778
"9d17d14a-e81c-410e-a90b-b02b0a9de6f8",0,0,0,0,0,5.25564033535461e-19,5.81417884416849e-05,0,0,0,0
"0ee34279-2624-41a5-8c14-a85da7eba79a",0.9,9,1,0,5,2.05591533362228e-06,0.000394313637807592,4,8.51017236594669e-05,0.146675084175084,0.6
"31b22ba7-1544-4c64-9117-fe514ecf23ff",0.5,3,3,0,4,8.9819301663508e-07,0.00044583694974241,2,0.000177108841202153,0.143919058434854,0.75
"5fab583d-7b67-4b1b-a108-8397c983032e",1,6,0,0,4,1.49477604658744e-17,0.000353645929695181,4,0,0.666666666666667,1
"9eba77a2-7297-4917-b6fd-b0dec8b57437",1,3,0,0,3,0.000116110000266302,0.000292614203514754,3,0,0.155372269282211,0.666666666666667
"6c61b24f-aa32-458d-83fe-b8619dd7def7",1,28,0,0,8,0.13786832877442,0.000304622940626864,8,0,0.190437158469945,0.875
"fe697682-1f05-48c8-98da-79a4abdf0e8b",1,21,0,0,7,0.00121274694826053,0.00037761018651276,7,0,0.192037470725995,1
"d77458b0-f916-4c6a-b9ed-cacbd1f6c178",1,36,0,0,9,0,0.00038761192294238,9,0,1,1
"22135057-efdf-4afd-98e7-2935669d9721",1,1,0,0,2,4.58022827186465e-17,0.000387611922942038,2,0,1,1
"772b1730-b908-4d84-a63e-5c54e5551909",1,3,0,0,3,0.000593419071710608,0.000255039820321926,3,0,0.176881106458571,0.666666666666667
"d62614aa-ef2c-44cd-8a7b-91292755a1d0",1,1,0,0,2,4.7976789695282e-17,0.000387611922942295,2,0,1,1
"70e5098b-c4ae-4cd7-9799-3c1b9b57c753",0,0,0,0,0,5.25564033535461e-19,5.81417884416849e-05,0,0,0,0
"6f1a58bf-9b1b-49cf-a44a-6cefad7ae04f",0.333333333333333,2,4,0,4,1.62644970668894e-05,0.000402603327752571,2,0.00070792679670753,0.167830483987479,0.5
"e4c2bb42-55d9-46ec-9a2b-d79af8a6a0ff",0,0,0,0,1,5.60227711667242e-18,0.000254042949496158,1,0,0.571428571428571,0
"3bd76ebe-c7dc-47bd-a8af-9e46d2a4f782",0,0,0,0,0,5.25564033535461e-19,5.81417884416849e-05,0,0,0,0
"7fe96b15-5608-430e-ad25-77a01353c5d9",0.333333333333333,1,2,0,3,4.75863990806388e-17,0.000403365626599329,2,4.57711290974696e-06,0.5,0
"60c083b5-e3c9-4410-9f9a-0b5f4b4d5c2c",1,3,0,0,3,3.6755721500567e-17,0.000387611922942656,3,0,1,1
"020bfbb4-05c3-4c86-b372-17825c262094",0.6,6,4,0,5,4.34560176406093e-17,0.00047284658416606,4,1.27142025270749e-06,0.857142857142857,1
"986ee464-cf8a-4e59-a71f-74756102067f",1,10,0,0,5,0.0145946534148751,0.000236031215922109,5,0,0.216023554935689,1
"66dd0da0-66f7-4e7e-a3fc-f1a8b8590993",1,1,0,0,2,5.04183863009012e-17,0.000387611922942038,2,0,1,1
"29b9edaa-058f-489a-b54a-73cc3627661c",1,1,0,0,2,4.63737780797485e-17,0.000387611922942038,2,0,1,1
"5a8eae6c-def4-4572-9269-8c84ccdb3fc7",1,15,0,0,6,0.00652415058216871,0.000275892510686877,6,0,0.225420439844761,0.833333333333333
"b35a801b-c385-46f8-a852-25f28c1614da",1,1,0,0,2,0.00016902346630255,0.000183743946629489,2,0,0.174228221472316,0.5
"9b6e2f6a-945d-422d-926e-ebb77b8dd109",0,0,0,0,1,4.20199098310902e-17,0.000387611922942887,1,0,1,1
"8870ec41-3a85-4461-86bf-e2012307b30e",0.461988304093567,79,92,0,19,0.0059419071901754,0.000694101480050094,11,0.00186663444537364,0.22141041931385,0.842105263157895
"c43d2302-02db-487b-b62d-8cb3c57f94c6",0,0,0,0,1,3.76963421913593e-17,0.000387611922942591,1,0,1,1
"78e98e0e-f873-4e5e-b4b7-88b7293fd713",1,6,0,0,4,7.52437250631483e-06,0.000254345304423475,4,0,0.155632466227532,1
"d50548a0-3cfd-4d7a-964b-0aef6545d819",0.766233766233766,177,54,0,22,0.0398041955538493,0.000593374953864114,16,0.000494710924111651,0.233110367892977,0.681818181818182
"e56ab1ae-1cfa-4d0e-b33b-af31bff677c7",0,0,0,0,0,5.25564033535461e-19,5.81417884416849e-05,0,0,0,0
"74037cd6-174d-4b62-9581-096da221c066",1,1,0,0,2,4.64581562762771e-17,0.000387611922942527,2,0,1,1
"b8798e20-85ec-4db5-a8fa-df1543296339",1,15,0,0,6,0,0.000387611922942555,6,0,1,1
"109958eb-a335-4c5e-907e-597ff4c6af46",0,0,0,0,0,5.25564033535461e-19,5.81417884416849e-05,0,0,0,0
"9b2f64a8-98ea-433b-bfe0-2675c02b08db",0,0,0,0,0,5.25564033535461e-19,5.81417884416849e-05,0,0,0,0
"13dec3df-6b0b-4ccc-bd5d-53f7e4dd990f",1,1,0,0,2,5.07470803252883e-17,0.000387611922942038,2,0,1,1
"be465d46-9615-4722-b828-ea531ff97ea3",1,21,0,0,7,0,0.00033995967294541,7,0,0.606060606060606,1
"156fdc33-d51c-4348-b966-cdbce304d2dd",1,3,0,0,3,0.00774855199221633,0.000182937393861435,3,0,0.199029126213592,0.333333333333333
"f23ef341-33bd-47c1-b83c-846a78581f05",0.225108225108225,52,179,0,22,0.0375002246720079,0.000802094858791058,9,0.0104946309746019,0.273655280722419,0.636363636363636
"e06442a5-1716-46cd-adc4-e1ef022704b6",1,3,0,0,3,4.29817420967692e-17,0.000387611922942656,3,0,1,1
"42f55e6a-7a8d-4e8f-bbc7-da411b41bd15",1,3,0,0,3,4.78098548082232e-05,0.000305035226979076,3,0,0.164697542533081,0.666666666666667
"d0c7656d-8169-4f77-9dbe-b8f24e40105d",0.4,4,6,0,5,0.000116680079263983,0.000502310303553648,3,0.00070792679670753,0.155406911928651,0.4
"37af6e7e-f13d-45e4-85f8-62ed4e9517ff",0.714285714285714,15,6,0,7,0.00214132247529178,0.000353492131952214,6,0.00482082211821825,0.219389361032421,0.857142857142857
"f2b7fc94-1e8d-4f4d-9a3f-620c1a5ac564",0.892857142857143,25,3,0,8,1.17655423187428e-07,0.000458497521870592,7,7.05892524303195e-05,0.128514796717987,0.5
"24a43e36-0435-4f04-ae9a-d5d73e52d278",1,10,0,0,5,0.00102980383962482,0.000288106553368739,5,0,0.184147952443857,0.6
"e8d26c70-db22-4c97-906d-3b2c995765d1",0.485714285714286,51,54,0,15,0.0151442157853923,0.000562109056352976,8,0.000564611966824209,0.230108946847144,0.733333333333333
"aa6b0b31-ddbd-41c6-8f55-43b89de3fc58",1,15,0,0,6,0.000788764992312751,0.000323386977281994,6,0,0.194937770941127,0.833333333333333
"fca20b9e-aa01-4e10-9908-4a8e8f790d2a",1,10,0,0,5,6.47175237035275e-05,0.000349234505922792,5,0,0.165636882129278,0.8
"246e0381-558e-4529-b124-b5a14c340eb4",0,0,0,0,1,0.00034998810186169,0.000106417776613036,1,0,0.185446321670879,1
"a3796974-68e8-49e1-be25-73ccab990280",0.380952380952381,88,143,0,22,0,0.000959725697636339,9,2.89968578967488e-05,0.68,0.227272727272727
"62b914a7-d775-4bb4-bb5e-d46e7df115b5",0.266666666666667,12,33,0,10,9.48036368558342e-05,0.000581781531087538,5,0.00339818516327953,0.172141269449247,0.6
"8ab5d936-49d1-415e-92c8-151e0e7dd912",0.209486166007905,53,200,0,23,0.0672584463280327,0.00115716098728646,8,0.0067163388546196,0.217235468287362,0.91304347826087
"1d673024-a339-4b97-9f41-52cdc47498c6",0.454545454545455,25,30,0,11,0,0.000638518723657975,6,7.65394992129909e-05,0.420168067226891,1
"d1ba4333-3112-44bc-8768-273d879d7d74",1,3,0,0,3,4.38266323712964e-17,0.000387611922942656,3,0,1,1
"b8155f6d-7852-4486-97d9-1b7fdda3fa08",0,0,0,0,1,1.40838903695784e-17,0.000219246475736483,1,0,0.6,1
"78ea5ea1-3c4d-4b7e-ac5d-68900319ebe2",0.428571428571429,9,12,0,7,1.82249727557553e-05,0.000475134695829287,6,0.000843986523436398,0.169318595894571,0
"48f06c6d-088f-40f8-b954-bbf9b884839b",1,6,0,0,4,0.000177566680626091,0.000328704035782949,4,0,0.1564709843978,1
"597f1204-98f0-4151-ab5f-b4e728f09e09",1,3,0,0,3,0.00368930038245791,0.000206172907075403,3,0,0.184660219896675,1
"6c447015-044a-4d5f-9521-410e17d46d42",1,3,0,0,3,3.69619632813743e-17,0.000387611922942656,3,0,1,1
"28a0e439-e447-49cb-9aa2-6c754bdf665f",1,15,0,0,6,0.00454719757775487,0.000319516687206807,6,0,0.18611481975968,0.666666666666667
"8c6df732-bb9f-4aa5-9557-0d8b6d3b350c",1,15,0,0,6,0,0.000319105660959939,6,0,0.65,1
"f9133036-ab3d-4e97-bd11-7a2c98ad148a",1,3,0,0,3,3.79242426076194e-17,0.000387611922942804,3,0,1,1
"7bd57a77-61ae-49e9-8f12-4ad5eb42ff84",0,0,0,0,1,1.00894492075667e-17,0.000219246475736564,1,0,0.6,1
"a9bfd9c0-a849-48d7-828b-b5c600b89ebb",1,3,0,0,3,0.00381685850554832,0.000188267689404837,3,0,0.2125,0.666666666666667
"07cc14fb-4784-4a25-804b-2686ed5ef52c",1,28,0,0,8,0.13786832877442,0.000304622940626788,8,0,0.190437158469945,0.875
"b08593b7-1514-4f94-b8ee-1138480c58ad",1,15,0,0,6,0,0.000387611922942153,6,0,1,1
"5182c1d9-c7d2-4dad-afa0-ccfeada921a8",0,0,0,0,0,5.25564033535461e-19,5.81417884416849e-05,0,0,0,0
"69b25c47-780d-46e5-ae44-1f116337b95e",0.833333333333333,5,1,0,4,6.8572704542273e-18,0.000389196420019711,3,5.08568101082996e-07,0.526315789473684,0.75
"589bd6ad-abe5-4b49-8f6a-ddcba7c4dd25",1,15,0,0,6,0,0.000321831564824052,6,0,0.464285714285714,1
"fec52bf2-450e-4ca7-a517-c3f2097d964c",0,0,0,0,0,5.25564033535461e-19,5.81417884416849e-05,0,0,0,0
"01809552-4f87-45b0-afff-2c6f0730a3be",0,0,0,0,1,3.85979737074544e-17,0.000387611922942887,1,0,1,0
"cc0b7089-c08d-4c10-b6b0-873582c17fd6",1,3,0,0,3,3.94567025316961e-17,0.000387611922942656,3,0,1,1
"122d63fc-8671-43e4-9752-34e846d62a9c",0,0,0,0,0,5.25564033535461e-19,5.81417884416849e-05,0,0,0,0
"39d895fa-c8e1-4dfe-ae14-9a1a302e64aa",1,190,0,0,20,0.903585867658377,0.00050752661208403,20,0,0.210161314638927,0.85
"b1439308-b01c-4bff-ab12-5cc6cd47900c",0.380952380952381,88,143,0,22,0,0.000959725697636086,9,2.89968578967488e-05,0.68,0.227272727272727
"4465b45e-3146-4131-9f28-3dad16ef5031",1,3,0,0,3,1.18773654046355e-17,0.000329810144959962,3,0,0.8,1
"4173073b-ae68-476a-a715-e22f1f43046d",0,0,0,0,0,5.25564033535461e-19,5.81417884416849e-05,0,0,0,0
"517db8b3-4167-4850-82e1-7c7688bc6a3d",1,1,0,0,2,4.86651547392311e-17,0.000387611922942527,2,0,1,1
"1333db0b-41d1-42fa-8e7e-526b4cc70d64",0,0,0,0,1,1.11031517004451e-17,0.000219246475736564,1,0,0.6,1
"97f523ba-64ce-4d11-a034-45655062c074",1,28,0,0,8,0.0256007918785383,0.000302116935134114,8,0,0.218769617074702,1
"b1e26560-60e5-4236-bbdb-9aa5a8d5ee19",0.358974358974359,28,50,0,13,0.0111285712970863,0.000632481286728314,7,0.00915630193059423,0.245292979060355,0.461538461538462
"733b0b49-3aba-4884-bcdc-172b30429cb5",0,0,0,0,0,5.25564033535461e-19,5.81417884416849e-05,0,0,0,0
"c5fee395-a3d9-40a0-ad67-8518d312601c",0,0,0,0,0,5.25564033535461e-19,5.81417884416849e-05,0,0,0,0
"bd5ffaaa-71e8-4930-a5c2-338d828f0c89",1,3,0,0,3,3.89037566861953e-17,0.000387611922942804,3,0,1,1
"cceea21d-f3ec-4586-be7a-d2e939c15c78",1,1,0,0,2,9.43694348873584e-18,0.00026030097095386,2,0,0.666666666666667,1
"6545b2a5-bbdd-408d-9169-3d7aeade8093",1,3,0,0,3,3.0665448254428e-17,0.000404138550972243,3,0,0.8,1
"197450cd-0124-4164-b723-3c22dd16494d",0,0,0,0,0,5.25564033535461e-19,5.81417884416849e-05,0,0,0,0
"2b5e086f-cb7b-4f92-8a85-6a1c38ceb598",1,1,0,0,2,2.1891356897886e-17,0.000329810144959897,2,0,0.666666666666667,1
"4be3b2fa-0b31-445c-babf-475944be8971",1,1,0,0,2,6.05353016804285e-10,0.000218403509755332,2,0,0.102319436288902,0
"583944a8-d43b-42e9-8e3c-29eb89f53587",1,6,0,0,4,2.30458466063281e-17,0.00038761192294248,4,0,1,1
"f367ff22-5787-41cb-a7c9-bbbc7b817c21",1,1,0,0,2,5.11342757507285e-17,0.000387611922942038,2,0,1,1
"1c5efd53-d6b6-4d63-9d22-a15025cf5f07",1,3,0,0,3,0.000531259268187907,0.000263652223132351,3,0,0.129529827169671,1
"44ecd2ac-a5b9-4b64-8edb-f3c76a5fa439",1,1,0,0,2,4.43189274539023e-17,0.000387611922942038,2,0,1,1
"8c8d8f2c-0924-4492-a4c4-cb042531ce86",1,1,0,0,2,4.64656106244301e-17,0.000387611922942527,2,0,1,1
"9d67c199-1d6c-4647-966c-f45a4badb43b",0.166666666666667,1,5,0,4,1.15163583147301e-16,0.000748357725660982,2,1.27142025270749e-06,1,1
"d863e16e-8811-4182-a168-4d85da239d79",0.269005847953216,46,125,0,19,0.000128451225680508,0.00094240825230849,8,0.00927671123700018,0.183929278268901,0.894736842105263
"d58439e2-d39a-4571-aec5-4cb4944bc1bc",1,3,0,0,3,4.24231731870462e-17,0.000387611922942497,3,0,1,1
"12398bf3-1b99-47b7-930c-f3956773f35a",1,10,0,0,5,0.00102980383962482,0.000288106553368684,5,0,0.184147952443857,0.6
"1f8e7e6f-fb43-4121-83c6-f4c9992b7036",1,36,0,0,9,0.0275726020548871,0.000326493823403084,9,0,0.22386381885338,0.888888888888889
"144ef525-85e9-40c3-8335-02c32d0861f3",1,3,0,0,3,1.22228843700895e-05,0.000308655516108931,3,0,0.137651821862348,1
"127d8614-0876-4408-886c-6f110b047a78",0,0,0,0,1,3.76363757644448e-17,0.000387611922942591,1,0,1,1
"664bd251-a22c-4ab9-a4f7-25da4b14f9fc",1,190,0,0,20,0.903585867658378,0.000507526612083955,20,0,0.210161314638927,0.85
"3578ccb9-0f63-41bd-819c-d50eba6aa2c4",1,6,0,0,4,2.31417085946945e-17,0.000387611922942731,4,0,1,1
"153c9281-268f-4cf3-8938-f5a4593e5df4",0,0,0,0,0,5.25564033535461e-19,5.81417884416849e-05,0,0,0,0
"f1dd0051-5578-45a7-a733-03113626407f",1,21,0,0,7,0,0.00038761192294237,7,0,1,1
"e664d1cd-23ab-48d5-b8fa-e98485daa5be",0,0,0,0,0,5.25564033535461e-19,5.81417884416849e-05,0,0,0,0
"285e1285-aecc-478f-a8da-0c8cf69e1217",1,1,0,0,2,4.8362086954686e-17,0.000387611922942295,2,0,1,1
"cf6b70f6-2616-481c-912c-0263cabfc974",1,1,0,0,2,7.58837944705053e-18,0.000276246073292001,2,0,0.285714285714286,1
"364c40f5-020d-41e1-917d-ade1431f60a2",1,3,0,0,3,3.25524519746808e-05,0.000337671591026385,3,0,0.165833928146562,1
"f27ec8db-af05-4f36-916e-3d57f91ecf5e",0.166666666666667,1,5,0,4,8.8960452670176e-17,0.000743076551164463,2,1.77998835379049e-06,0.833333333333333,0.25
"93c1cee4-2604-4cd2-8d72-8bc59aa9f6c2",1,3,0,0,3,0.000781551933933238,0.00022972336155222,3,0,0.191878871300757,0.666666666666667
"16944898-0949-474c-95c0-e717a59e1663",1,3,0,0,3,1.65252079207071e-06,0.000348701254865101,3,0,0.143415637860082,1
"b7e551a4-057e-40a5-b34e-d0d3324f681a",1,1,0,0,2,2.55843913451023e-05,0.000251018614557969,2,0,0.159734158359115,1
"92a5388e-60b0-4600-b988-4993b6f00b3f",0.714285714285714,15,6,0,7,0.0109667804744015,0.000387075255221987,5,0.000111317336466923,0.214825088611496,0.571428571428571
"b548ac3e-b17b-4b82-9a16-49a8ff169732",1,3,0,0,3,1.26168326008225e-07,0.000298308362037789,3,0,0.136894824707846,1
"1ba01bce-7f32-4d72-a5d9-34930b191656",1,21,0,0,7,0.000471987972828046,0.000329428241914516,7,0,0.188812135988081,1
"ed76aa76-ccd8-4bff-be1d-b308fef4ef28",1,6,0,0,4,0,0.000298390846734707,4,0,0.551724137931034,1
"a2af80a6-b3d9-4727-98cb-9f7146f64bd8",1,6,0,0,4,0,0.000298390846734613,4,0,0.551724137931034,1
"38f59974-2f4d-4bfa-b2e3-d2696de1b675",0,0,0,0,0,5.25564033535461e-19,5.81417884416849e-05,0,0,0,0
"56393a36-155f-4f50-adbe-45f4a26c40bf",1,1,0,0,2,5.06121534457408e-17,0.000387611922942527,2,0,1,1
"2e229823-0fc2-438b-aacb-5de02bd0b9b7",0.333333333333333,1,2,0,3,6.14000098012794e-17,0.00042549200715604,2,6.10281721299595e-06,0.358974358974359,1
"cdef887c-9798-4a3b-ad1c-8292c19dc61d",1,3,0,0,3,3.53903215740765e-17,0.000387611922942804,3,0,1,1
"2a4ee2dd-44f7-4135-ab02-cae8cb7ad059",1,21,0,0,7,0,0.000399052454028962,7,0,0.818181818181818,1
"e3e5eeab-38df-483e-b618-abb09f4309b6",1,1,0,0,2,0.000388747473675669,0.000152766745789291,2,0,0.184684684684685,1
"c2566277-e680-41bf-8e9d-6936d1fa4b0e",1,1,0,0,2,3.60122829579443e-17,0.000381298218671848,2,0,0.75,1
"afdb7919-059d-43c1-b668-ba1d265e7e42",0.472527472527473,43,48,0,14,0.0123047517200901,0.000637693505130581,9,0.00189201017916504,0.232837815266411,0.0714285714285714
"675f9fe6-7e2c-4ce7-b3dc-147169c64d31",1,6,0,0,4,0.000508927973634156,0.000272906443551098,4,0,0.159587864911276,1
"c9fa0187-ee47-4db4-8e0e-af417c3a3ed4",0.714285714285714,15,6,0,7,0.0109667804744015,0.000387075255221839,5,0.000111317336466923,0.214825088611496,0.571428571428571
"ea7add7c-c9aa-4479-ba4b-a3fab789ca3d",1,3,0,0,3,4.05029153588343e-17,0.000387611922942804,3,0,1,1
"56767817-884c-4ba8-9921-ff9a6a56796d",1,1,0,0,2,4.76319916157224e-17,0.000387611922942527,2,0,1,1
"e45cfc46-6f00-460e-b7b8-979a21e80445",1,105,0,0,15,0.00711978265539308,0.000497928010116404,15,0,0.220047355958958,0.933333333333333
"900f8151-f582-4d6e-bd4e-8f02b838239e",1,3,0,0,3,3.61136676606662e-17,0.000387611922942656,3,0,1,1
"395ad460-4f06-4aba-bebd-22ac99b82600",1,36,0,0,9,0.00841032322172581,0.000389623233869249,9,0,0.215356094546578,0.777777777777778
"49b34ba3-46a2-40af-b6c0-6f1fab93af8b",0,0,0,0,1,4.14125130391142e-17,0.000387611922942887,1,0,1,1
"850a8b03-98a7-4fd3-afbd-5e5520b4ef5f",0,0,0,0,0,5.25564033535461e-19,5.81417884416849e-05,0,0,0,0
"d1353a0c-26fb-4318-a116-defde9c7c9ad",1,3,0,0,3,0.00563663820725118,0.000256778763194777,3,0,0.160045924225029,1
"b0b33754-a664-43b7-ba00-be0dc4ec2396",0.333333333333333,1,2,0,3,3.90650526108544e-06,0.000336555170457458,2,0.000354217682404307,0.152249890782001,0.333333333333333
"8006f1d0-8851-46d8-a928-085c686b29b9",1,3,0,0,3,6.69438053168024e-05,0.000248992292055799,3,0,0.161211981033885,1
"fa18023e-317a-4738-a026-638b2c6c9fc3",1,6,0,0,4,0.000628529340580742,0.000291564158706425,4,0,0.176478035194328,1
"c262b6bf-be56-4b26-bceb-42d7a27342f3",1,21,0,0,7,0,0.000387611922942281,7,0,1,1
"6f7e36da-79d8-4219-990d-8e9224d04ebc",0.535714285714286,15,13,0,8,0.000254329354124763,0.000552004618765061,4,0.000903758364528702,0.174228221472316,0.625
"e08ac443-f1d2-4666-abd1-fa5859592981",0,0,0,0,1,9.81350464817929e-08,0.000187657031738817,1,0,0.123472099202834,0
"43bcca8b-9edc-4997-8343-122350e790bf",1,15,0,0,6,0,0.000387611922942462,6,0,1,1
"26cea341-dfab-483f-9cdb-8de82da81019",1,3,0,0,3,4.0709769898547e-17,0.000387611922942656,3,0,1,1
"76c5e552-688e-4e9d-afa0-36e77526495a",0.447619047619048,47,58,0,15,0.000101980060460819,0.000623189243610507,9,0.000380102886942744,0.172013820335637,1
"d62a5d3c-aff0-49f6-8ec9-ae3ce61a358f",1,6,0,0,4,4.61787511088632e-05,0.000244196234050067,4,0,0.175743822491175,0.75
"15596805-8343-40a5-b2b1-d5585d945056",1,15,0,0,6,0,0.000387611922942364,6,0,1,1
"2bcf2e02-5bc3-4c76-bf76-41126cb11444",0,0,0,0,0,5.25564033535461e-19,5.81417884416849e-05,0,0,0,0
"43650e15-b88b-40bd-b45a-e617d45f11be",1,1,0,0,2,4.62845361844026e-17,0.000387611922942038,2,0,1,1
"446ac261-09ae-43f4-a7e1-2c753c0813ce",0.333333333333333,1,2,0,3,8.14879125934943e-17,0.000568604778688736,2,5.08568101082996e-07,1,0.666666666666667
"596ffa74-3d08-44ef-b113-765d43d12738",0.5,3,3,0,4,0.013040669264115,0.000258871252820402,3,0.00398939543811341,0.217235468287362,0.5
"1129817c-488a-4096-80c1-77fc1b107c93",0,0,0,0,1,1.43541969716203e-17,0.000147938588021412,1,0,0.269662921348315,1
"034b3a22-3f58-4000-be08-16c27971bc00",1,6,0,0,4,0.0010087491588237,0.000247065218550512,4,0,0.202999854376001,0.75
"6b014cfd-4927-4187-a741-715998e6d785",0,0,0,0,1,2.02708822131045e-06,0.000148779181933095,1,0,0.141537211899685,0
"3377f3bb-60fc-4403-aea9-7e800612e060",0.666666666666667,10,5,0,6,4.03420783863332e-07,0.000465661945266298,5,0.00112646131717309,0.13694861970724,1
"00f64453-7fe3-4171-b66d-b89fa0bf9dea",1,3,0,0,3,4.05524516324054e-17,0.000387611922942656,3,0,1,1
"f0ed72a3-ae8f-4cf7-b51d-2696a2330230",0.4,4,6,0,5,0.000290917049063837,0.000410159946092109,3,0.00170930660859947,0.185199946857978,0.4
"e7f29e49-6078-4528-a5dc-5d0eeb8a1437",0,0,0,0,1,0,0.000108232067696589,1,0,0.421052631578947,1
"f58c445b-07ce-459f-a69b-75c9fc6e55dc",0.457894736842105,87,103,0,20,0.0535718578385938,0.000647764068358724,9,0.00025523695352661,0.229995050321729,0.85
"7de248ba-9543-4603-8048-9fa67d960a24",1,1,0,0,2,0.00357877141185454,0.000187030810241118,2,0,0.184954225819291,0.5
"08212320-efca-4a86-9778-4ee51a12c6eb",1,36,0,0,9,0,0.000386834725741833,9,0,0.453333333333333,0.444444444444444
"2ce6e4e3-8dfb-438f-91ac-df793d1a2b39",1,1,0,0,2,4.95868950028176e-17,0.000387611922942527,2,0,1,1
"a535e609-f98e-4a11-9ae9-a6f56158e38f",1,15,0,0,6,0,0.000387611922942364,6,0,1,1
"ab2528d9-719f-4261-8098-21849222a0f2",1,1,0,0,2,4.69840892097042e-17,0.000387611922942038,2,0,1,1
"3da7c19e-9e09-41c3-8420-d834f6c95f51",1,6,0,0,4,0.000513615597748105,0.000238646827746663,4,0,0.192807745504841,0.75
"42adb8ca-8484-4901-a429-fc8ecd3a4327",0,0,0,0,1,3.94710533092585e-17,0.000387611922942887,1,0,1,1
"d1ff4c5e-4ea0-41ce-8ca7-6b9c66594a55",1,1,0,0,2,4.6843827273528e-17,0.000387611922942295,2,0,1,1
"1ba5e790-ab00-4acc-9083-e3bdc47b2f0b",0,0,0,0,1,4.17666510057781e-17,0.000387611922942591,1,0,1,1
"3d3a797a-4902-45eb-b763-7e2dcbd1fe9c",1,3,0,0,3,4.32968276182537e-06,0.000281059532603355,3,0,0.151587646802958,0.333333333333333
"6622a50e-5206-44d0-9ad5-96047a726dcf",0.257575757575758,17,49,0,12,0.0012056474159497,0.00072109166686993,5,0.00469180048257035,0.213476263399694,0.166666666666667
"299a2395-812a-4166-9b79-adbdfdf22721",0.619047619047619,13,8,0,7,0.000136738961913653,0.000381234325140026,5,0.00111076083436089,0.180827604099105,1
"7e6ac2a1-a462-4b63-b536-cff0c0ae4cc7",1,1,0,0,2,3.23975261016891e-17,0.000310778881974882,2,0,0.274509803921569,1
"3bc3874f-bd74-4678-af6e-458159b21e2d",1,3,0,0,3,3.86408357851473e-17,0.000387611922942497,3,0,1,0.666666666666667
"adaf0068-1c86-4166-8cee-f0a53f4854c4",1,15,0,0,6,0.00374466208675425,0.000299706482554256,6,0,0.214692746034191,0.5
"661bc212-bee1-4642-9fd6-a07a4a04dd3a",1,1,0,0,2,0.0523856341040536,0.000134244370571645,2,0,0.174315368263099,1
"f9b285a5-f672-4058-9b25-d153f60f404c",1,6,0,0,4,8.36356278964989e-06,0.000233091038232984,4,0,0.144515861496994,1
"58325670-9323-464a-8b20-3e8d7b26df60",1,1,0,0,2,4.63709877701723e-17,0.000387611922942295,2,0,1,1
"3b7c93ab-40a5-4745-ab6b-eaafed2308bb",0,0,0,0,0,5.25564033535461e-19,5.81417884416849e-05,0,0,0,0
"c78a77fa-507c-4c07-947a-0355029453bd",0,0,0,0,1,3.82877642280865e-17,0.000387611922942887,1,0,1,1
"aea4c9b9-9f8d-49dc-b2ca-57d6f26e8634",0,0,0,0,0,5.25564033535461e-19,5.81417884416849e-05,0,0,0,0
"5b6ebfe0-f72b-4902-bba9-74c8af0f1af0",0,0,0,0,0,5.25564033535461e-19,5.81417884416849e-05,0,0,0,0
"c3cceeed-3332-4cf0-8c4c-bbde425147b6",0.133333333333333,2,13,0,6,1.48569611495806e-05,0.000666559173417357,2,0.00161228899722288,0.154854476782937,0.166666666666667
"2867b63e-7000-45ea-a6aa-b3b0d8ae4411",1,6,0,0,4,0.0100980924781174,0.000184625801335604,4,0,0.213117260357743,0.75
"dfe78af2-779e-4137-826a-3073a16e3278",0,0,0,0,0,5.25564033535461e-19,5.81417884416849e-05,0,0,0,0
"886b3be4-c93b-4085-85b0-b73ce2817246",0,0,0,0,1,3.75184631877873e-17,0.000387611922942591,1,0,1,1
"433b07e9-0ce5-420f-b1eb-7b06ab910b95",1,6,0,0,4,0.00504968238049902,0.000205754490021807,4,0,0.221727373946238,0.75
"d7520540-71a7-4278-b499-13dbcdc13498",1,45,0,0,10,0,0.000401335180494914,10,0,0.433333333333333,1
"92f29d03-1d89-42a6-9ea7-ed17bc5d6dc1",1,3,0,0,3,3.17517868801253e-17,0.000404746281238476,3,0,0.625,0.666666666666667
"24ef3ec0-ea19-47f7-a5da-45e203f43865",1,3,0,0,3,7.82314422095924e-05,0.000183678734284883,3,0,0.172056282399408,0.666666666666667
"6fb92cac-6739-48dc-87b6-8ad634fc5740",0,0,0,0,0,5.25564033535461e-19,5.81417884416849e-05,0,0,0,0
"de713a6b-a172-4533-a259-587b15b3c4cc",1,10,0,0,5,0,0.000306585213565163,5,0,0.571428571428571,1
"b452711d-4f77-468c-99f8-8d2e621db081",1,21,0,0,7,0.00121274694826051,0.000377610186512693,7,0,0.192037470725995,1
"f2215143-d7db-4cf0-9cd4-b0040eb63cbd",0,0,0,0,1,0,0.000110835955411484,1,0,0.241545893719807,1
"ff399892-1aab-44e8-8905-bf8721ce0866",0,0,0,0,1,7.33422666039459e-07,0.000152571004675747,1,0,0.134102934102934,0
"02b16a7f-0e8b-4df8-807c-aa40bae1d590",0.75,21,7,0,8,0.000741268449654733,0.000404211013385313,7,0.00351675456040171,0.192302386536074,0
"82b1f5fd-cd31-41a9-b5d4-7e33f0eb9751",0.2,2,8,0,5,0.00431759551255336,0.000382546863983475,3,0.00676992441871131,0.196172248803828,0.8
"b6b2bb8d-54a9-491f-9607-7b546023b433",1,1,0,0,2,1.61811086393983e-05,0.000190184638621042,2,0,0.167749699157641,0
"6dbd7f8b-20ac-4287-8dd3-b4cae5c5f82f",1,1,0,0,2,5.45527387867143e-17,0.000387611922942295,2,0,1,1
"3af06bc4-68ad-4cae-bb7a-7eeeb45e411f",1,3,0,0,3,1.58069361859268e-05,0.000319675951700319,3,0,0.142871784359947,1
"dc0a3c08-5d4c-4b7a-9493-0ade7b63a290",0.555555555555556,25,20,0,10,0,0.00055391681778673,6,4.81613991725597e-05,0.427350427350427,1
"d5ee9a6f-8e10-47e7-bca7-7e3f82aad769",0.9,9,1,0,5,2.29310041991036e-17,0.000412199246412686,4,6.35710126353745e-08,1,1
"913ab7e4-b806-430d-8d50-b6e141d035e7",1,28,0,0,8,0.00546064735567699,0.000338303197219902,8,0,0.213182443798746,0.75
"a94e530f-4e9f-40e6-b44b-ebec06f7900e",0.714285714285714,15,6,0,7,3.89102090702903e-06,0.000497899085439213,4,3.81426075812247e-07,0.143578123390668,0.571428571428571
"ef9a7fbe-a891-45d6-bc08-a69d7b40ac6c",0,0,0,0,1,3.93852868216822e-17,0.000387611922942591,1,0,1,1
"f81f19b9-c76e-43ac-8656-bb56071785fb",0.2,2,8,0,5,9.10241371883703e-17,0.000592351198243618,2,3.15312222671457e-05,0.390804597701149,1
"72a7ae58-d1fa-493d-8f4b-1bf43e6479c6",1,28,0,0,8,0.0820544021984265,0.00034579911536968,8,0,0.219700551615445,0.625
"203c31dc-4004-45ac-97bd-78e07e7f91ee",0,0,0,0,1,3.97987266183715e-17,0.000387611922942887,1,0,1,1
"c19ff12b-058f-44a8-b245-b0efb4752925",1,1,0,0,2,4.78597487819335e-17,0.000387611922942038,2,0,1,1
"730e20a5-66d3-4052-9143-a3ea7b56f568",1,15,0,0,6,0,0.000387611922942261,6,0,1,1
"3e30aebd-0557-4cfd-8fb9-3945afa5d72b",1,3,0,0,3,9.60232098447621e-07,0.000255746321144301,3,0,0.145390070921986,1
"302bd7b9-d012-4360-897a-93b00c855680",0.644444444444444,29,16,0,10,0.000575881415016543,0.00052555600250387,8,0.00174717699104692,0.191483516483516,0.8
"bd13909f-1c29-4c27-a874-d4aaf27c5b1a",0,0,0,0,0,5.25564033535461e-19,5.81417884416849e-05,0,0,0,0
"de24d412-21f9-42c0-9f46-f73abe7edad6",1,66,0,0,12,0.00196577750174617,0.000421009983995456,12,0,0.206886316414366,0.916666666666667
"7ff991d9-87d6-40f4-b534-a65426bf5ac4",0.583333333333333,21,15,0,9,0.00464575532299563,0.000522949852589932,6,0.000530182245379023,0.189788972089857,0.888888888888889
"a2548ee4-433a-4ebe-ad8a-269ea70ee47f",0,0,0,0,1,3.92067675372144e-17,0.000387611922942591,1,0,1,1
"8c87dda0-be58-4e48-a3b5-2626f26364c7",0,0,0,0,1,4.05243489200023e-17,0.000387611922942591,1,0,1,1
"084308bd-1654-436f-ba03-df6697104e19",0,0,0,0,0,5.25564033535461e-19,5.81417884416849e-05,0,0,0,0
"94796bba-bffe-4510-8493-957e176b8c61",1,6,0,0,4,2.86527049789613e-17,0.000387611922942609,4,0,1,1
"013fa897-86db-41d3-8e9f-386c8a34f4e6",0.5,3,3,0,4,6.13132547803366e-09,0.000377086403091093,2,0.000353836256328494,0.113963374754742,0.25
"10d9b154-7c29-4bed-93da-3ba5965ae918",1,3,0,0,3,4.085656275761e-17,0.000387611922942656,3,0,1,1
"a0196e18-1129-4493-b16c-dc80e1a6a8b0",1,105,0,0,15,0.0526209433176868,0.000441089041120019,15,0,0.226998860120502,0.933333333333333
"cafe729b-f9b1-4e57-a7ff-2e79ad3d9868",0.833333333333333,30,6,0,9,0,0.000425975786537611,7,3.05140860649797e-07,0.645161290322581,1
"64fa7b75-6c24-445c-ba2c-c951a4a44424",1,36,0,0,9,0,0.000387611922942236,9,0,1,1
"bb65dc2d-9556-4f07-94fa-e75f49ecfaca",0,0,0,0,1,3.92500564317749e-17,0.000387611922942591,1,0,1,1
"7c4ab1f9-96cf-46e9-9f5d-2160af37edd1",1,1,0,0,2,5.39492132500935e-17,0.000387611922942527,2,0,1,1
"01b8b5bf-06cb-45da-85fb-61ada72fcd69",0.672727272727273,37,18,0,11,0.0173981145267033,0.000511669778039867,9,0.00070792679670753,0.240801520124374,0.181818181818182
"c089eb00-0f9b-4057-89b4-2932968e59f1",1,21,0,0,7,6.25756778289131e-07,0.000383482771593731,7,0,0.13495982186078,1
"822b10a4-37eb-4fe8-aaec-d537eee0aa43",1,10,0,0,5,0.000355108211994101,0.000346532000105995,5,0,0.167850692354004,1
"c77eeb53-4c6d-47cb-8eb2-70393d3f4854",1,1,0,0,2,4.85655520355083e-17,0.000387611922942038,2,0,1,1
"eb9075cd-0440-414a-b309-5da6ecc50911",1,15,0,0,6,0.00907146150887749,0.000315979837733949,6,0,0.194883265762617,1
"a2361c7d-ddb6-41c1-a9a0-be09fbbb8d21",1,78,0,0,13,0.0209056614043478,0.000365133851883844,13,0,0.190854326396495,0.384615384615385
"d1c0aa8e-e1f6-4299-a52c-64d728f263d1",0,0,0,0,1,2.87473101532254e-17,0.000298565940644969,1,0,0.666666666666667,1
"2ee992d0-1c7a-4210-944b-bda2bf076ac9",1,15,0,0,6,0.0041730309976116,0.00027131432508541,6,0,0.208464184238074,0.666666666666667
"2027b08d-45b1-4fb5-aa6d-f6ccc4db78e5",1,10,0,0,5,0,0.000246335839434458,5,0,0.430379746835443,0.2
"06fb1c8b-566e-4cb2-985b-b467c90781d4",0,0,0,0,0,5.25564033535461e-19,5.81417884416849e-05,0,0,0,0
"9c73515e-819e-4aa6-a5ae-24d0c3f9a600",1,21,0,0,7,0.00225059603500398,0.000345269331972243,7,0,0.196920468992796,0.857142857142857
"70ef8ba7-ec5b-4ab8-9f8f-a5b31e771989",1,6,0,0,4,2.29266978780351e-17,0.00038761192294248,4,0,1,1
"75a72702-a5ef-4513-bca5-c5b944903546",0,0,0,0,1,2.93385099210014e-05,0.000146324356111551,1,0,0.165794481446242,0
"8474c040-9323-48be-a0a9-dbf1ac72623b",1,6,0,0,4,1.96038204533869e-17,0.00038761192294248,4,0,1,1
"4ac35d1d-3755-4733-b6f2-772514d67a6e",1,21,0,0,7,0.00872160410630961,0.000352792492616912,7,0,0.19614464612354,1
"fc1af852-a975-45cd-a4cc-a952babba4f0",1,6,0,0,4,2.47339224578996e-17,0.000387611922942609,4,0,1,1
"73bb1496-ab61-4a39-bfbb-cd20f9527393",1,21,0,0,7,0,0.000360071392947029,7,0,0.376811594202899,1
"d503ccef-f74a-4872-aaa0-6777a57a9353",1,36,0,0,9,0,0.000387611922942161,9,0,1,1
"14b22b4b-06d5-4b82-8284-29d29b58945f",0,0,0,0,0,5.25564033535461e-19,5.81417884416849e-05,0,0,0,0
"1b389bc0-68d2-4e2e-af22-6be1075b907d",1,6,0,0,4,8.1619349600688e-18,0.000327238147784376,4,0,0.523809523809524,1
"901434fc-5ec8-41a1-af59-6ded7de8a9d2",1,36,0,0,9,0,0.00038683472574175,9,0,0.453333333333333,0.444444444444444
"5057eba4-da15-45df-9948-8b8899c3b3ee",1,3,0,0,3,3.69953993127634e-17,0.000387611922942497,3,0,1,1
"ed7d03f3-75d8-422f-9ecf-1a9d105ee007",0,0,0,0,1,3.95970081904175e-17,0.000387611922942591,1,0,1,1
"3c3a1ea4-922a-4a90-b1aa-b7763d6dbf20",0,0,0,0,0,5.25564033535461e-19,5.81417884416849e-05,0,0,0,0
"1ec32b96-b712-416f-8aaf-0c4db6588c94",1,1,0,0,2,3.03992132347435e-17,0.000381298218671848,2,0,0.75,1
"fda7ccd5-773e-4659-a762-0395894b255b",1,3,0,0,3,0.00018695404651871,0.000298191551895966,3,0,0.149138761099818,1
"75d8a4a6-4fd0-4860-a960-55865811c973",1,10,0,0,5,0.00223122290929672,0.000285346680573056,5,0,0.196781479390175,0.8
"b2f3469a-9a8a-41ae-9ae1-ad598ff358e0",1,105,0,0,15,0.0526209433176869,0.00044108904111995,15,0,0.226998860120502,0.933333333333333
"cb78a19d-f36b-4cd0-8548-8cc0919b83fb",1,10,0,0,5,7.45797010039918e-05,0.000295550246115564,5,0,0.166806270192653,1
"347bfb50-3780-4b9e-9d73-7be6d8109630",1,1,0,0,2,3.58728630349573e-17,0.000381298218672099,2,0,0.75,1
"5fd5aa4f-02b0-4747-ad4c-8a3b4f0f3f79",0,0,0,0,1,4.07204425617007e-17,0.000387611922942887,1,0,1,1
"81600da3-6054-434c-8dfc-696debe6bf7f",1,1,0,0,2,0.0010219800716954,0.000169992871949592,2,0,0.19529279910339,1
"d24fb461-dee8-41fc-bb15-2f13bb2644a6",1,3,0,0,3,4.29241217666034e-05,0.000243515705871938,3,0,0.167206429171165,0
"49786277-f9ac-48a3-91fd-f825d833bde2",0.833333333333333,5,1,0,4,3.60358204836573e-17,0.000426146441597516,3,8.47613501804993e-08,1,1
"b345af35-205e-4eca-8006-029e5c20127e",1,1,0,0,2,5.00379103538692e-17,0.000387611922942038,2,0,1,1
"65a01fd2-35fb-4817-90d5-ab5506b21161",1,21,0,0,7,0.00121274694826052,0.000377610186512624,7,0,0.192037470725995,1
"f906154a-7011-49c3-8f6a-44ca83311b08",1,1,0,0,2,4.49097713821089e-17,0.000387611922942295,2,0,1,1
"db008806-16f6-48fc-8521-3d953709689d",0.333333333333333,2,4,0,4,6.49282720941034e-05,0.000296634096321042,3,0.00282297082882746,0.177647508602014,0.25
"65dc768c-e53c-4de3-9d21-9522f0fcea88",0,0,0,0,1,4.04472777549438e-17,0.000387611922942887,1,0,1,1
"321531fc-db73-4ffa-a959-61a61a2908c1",0.333333333333333,35,70,0,15,0.00102154940998312,0.000836876492329888,8,0.00247202239733917,0.195649122807018,1
"0d00b498-512d-4a4d-9234-a4d710f37e6d",1,3,0,0,3,6.69438053168008e-05,0.000248992292055723,3,0,0.161211981033885,1
"7f79bd69-7c85-4384-b4b7-a78adac79ed1",1,15,0,0,6,0.000788764992312758,0.000323386977281931,6,0,0.194937770941127,0.833333333333333
"cefda6b1-30d8-452d-89bb-c1f5c8dbfa89",0.166666666666667,1,5,0,4,1.14891309467406e-16,0.000748357725660858,2,1.27142025270749e-06,1,1
"9be7f096-97ec-4615-8957-8d40b5dcbc41",0.133333333333333,6,39,0,10,0.000594310923638323,0.0010374419725876,3,0.00244453978687815,0.19871703492516,0.3
"b577106c-0d64-47a2-858e-692361b00344",1,1,0,0,2,8.0776561687951e-05,0.000174123026203904,2,0,0.15518201046421,1
"749ef494-8518-4b49-b685-63d8e728d25c",0.287878787878788,19,47,0,12,0.000426474524874169,0.000615346150677932,5,0.00152397994741106,0.189530931339225,0.833333333333333
"f2da4752-8db0-4e54-8f30-680acaa8e1cf",1,6,0,0,4,1.85457112476159e-17,0.00038761192294248,4,0,1,1
"f80f697c-823a-4f23-901e-90769c660ee3",0,0,0,0,1,3.96388325937454e-17,0.000387611922942887,1,0,1,1
"99d40e84-b385-4185-a309-7c5d29b9c612",0.356060606060606,188,340,0,33,0.0620144990247223,0.00100037125641124,16,0.00499938226183038,0.259397097134351,0.545454545454545
"f7d1c68a-e6c1-412a-b23a-dd4b9910711a",1,1,0,0,2,3.69228027620504e-17,0.000381298218671848,2,0,0.75,1
"222eafd8-dffb-4499-a38c-b47476e1535e",0,0,0,0,0,5.25564033535461e-19,5.81417884416849e-05,0,0,0,0
"829d89b2-6fc2-431b-82ce-ba2a5eaeccfa",1,15,0,0,6,0.0150956312287818,0.000244330749505446,6,0,0.228824688115561,0.333333333333333
"9f81247f-7f57-42f3-a8ba-75bef554e591",1,1,0,0,2,5.92638900398303e-05,0.000229255153583747,2,0,0.167387127761768,0
"889db25c-d1df-457a-b0d1-c405f34a01f3",0,0,0,0,0,5.25564033535461e-19,5.81417884416849e-05,0,0,0,0
"1a425bbd-cca4-4b2c-aeb7-71cb176c828a",0,0,0,0,0,5.25564033535461e-19,5.81417884416849e-05,0,0,0,0
"d2582c77-6b0f-4b2f-802f-8f3cad1a5fec",1,6,0,0,4,0,0.000239843997447962,4,0,0.481481481481481,1
"ec409b83-2981-4fba-b3a1-d830714b7e67",1,6,0,0,4,9.5790436526564e-18,0.000359533009487477,4,0,0.833333333333333,1
"885ae336-ef63-465d-a0e7-bdc0a5b788e8",1,3,0,0,3,1.22228843700914e-05,0.000308655516108872,3,0,0.137651821862348,1
"e94aee5e-7bb1-4fd9-9380-176d397a8f16",1,1,0,0,2,4.80823913044225e-17,0.000387611922942038,2,0,1,1
"40b46c2d-5792-4eb4-90d0-e07aa0676479",1,1,0,0,2,5.30758116300174e-17,0.000387611922942295,2,0,1,1
"2f3f8fb1-e5dc-4548-9601-fada0485e561",1,6,0,0,4,2.4714516865776e-17,0.000387611922942342,4,0,1,1
"f0bec136-82e8-4fcb-8172-421d9c542d09",0,0,1,0,2,5.95954339037723e-17,0.000503215478907839,1,5.08568101082996e-07,0.75,1
"8538e728-ca0b-4321-b7e5-cff6565dd4c0",0,0,0,0,0,5.25564033535461e-19,5.81417884416849e-05,0,0,0,0
"5bdeb32d-56a5-4b6d-a768-264101fa0a0a",0.184873949579832,110,485,0,35,0.0173276336343734,0.00140445269463045,12,0.0150360430683411,0.252170767004342,0.0857142857142857
"e6e40e74-7a0b-4afd-a898-9f23176d75a8",1,21,0,0,7,0.00788693874488995,0.000321771506251002,7,0,0.2187009727016,1
"c296e10c-110a-4103-9e77-47bfebb7fb2e",0,0,0,0,0,5.25564033535461e-19,5.81417884416849e-05,0,0,0,0
"817f3417-0669-47f2-81ff-399851fb66ee",1,6,0,0,4,4.61787511088715e-05,0.000244196234049999,4,0,0.175743822491175,0.75
"7046105f-a02f-4053-8314-94b1ced8216f",0.733333333333333,11,4,0,6,3.45502196203747e-06,0.000442683156193005,5,0.00109325533568333,0.153119507908612,0.833333333333333
"89c20fbe-42ad-4b52-85c3-d18fc5686717",1,1,0,0,2,5.07437177068848e-17,0.000387611922942038,2,0,1,1
"925c7673-0e85-410f-b7e4-d9705a7aa619",1,3,0,0,3,4.0594419993852e-17,0.000387611922942497,3,0,1,1
"19dccaac-efa8-413f-9042-28006792e0f2",1,3,0,0,3,5.70206840888385e-08,0.000276338549435013,3,0,0.127015945330296,0.666666666666667
"864d7069-57dc-45f6-b408-875b35106dd3",0,0,0,0,1,4.03459080350497e-17,0.000387611922942887,1,0,1,1
"d160804b-0cfa-42b3-9089-f11e876930bb",1,6,0,0,4,4.09063107504862e-09,0.000343046790892241,4,0,0.102901011294013,1
"804088ed-13ef-45c5-994f-a811371b3f4a",1,6,0,0,4,9.65697404420712e-18,0.000327238147784264,4,0,0.523809523809524,1
"dacc2d64-7e59-42a8-87a9-10c53919aff2",0.333333333333333,2,4,0,4,8.77397304929418e-17,0.000618819034873797,2,1.01713620216599e-06,1,1
"0b619a94-481c-40ac-abae-85f33f2b1588",0,0,0,0,0,5.25564033535461e-19,5.81417884416849e-05,0,0,0,0
"9beb62b2-88db-4cea-801e-162cd344ee53",0.694444444444444,25,11,0,9,0,0.000462874704997455,6,6.99281138989119e-07,0.764705882352941,1
"3cd2e1c5-e7ff-4bc8-b281-1e3059d128d6",1,78,0,0,13,0.0209056614043479,0.000365133851883772,13,0,0.190854326396495,0.384615384615385
"936addc3-91aa-49de-8ec0-0dc186de151f",0,0,0,0,1,2.4844210180321e-17,0.000272008366977084,1,0,0.5,1
"2c32b7c0-0c38-463b-bfdd-01ac2b2cb0fd",1,3,0,0,3,2.87747598053047e-08,0.000290635744960761,3,0,0.113777342474698,1
"e6e879c0-3d56-4f12-b3c5-3ce459661a8e",0.311111111111111,14,31,0,10,8.03462896554347e-06,0.000742858970698068,5,0.00205954913245771,0.16348070833822,0.8
"ac367c2e-7783-41e5-a184-131da6b0c166",1,3,0,0,3,7.46422702257049e-05,0.000230317395683532,3,0,0.163922859830668,0.666666666666667
"d289a787-d914-4561-93e4-282d9fafcb32",1,1,0,0,2,2.33788536150421e-17,0.000377683139380992,2,0,0.666666666666667,1
"35feae82-8b2c-4f8f-ae7a-af5662848947",0,0,0,0,1,3.71065656918117e-17,0.000387611922942591,1,0,1,1
"603ba565-3967-4be1-931e-9cb945394e86",0,0,0,0,1,3.61930285234206e-17,0.000387611922942591,1,0,1,1
"1a7ce96f-defa-4255-84de-deaca3c10c28",1,3,0,0,3,0.00381685850554833,0.000188267689404781,3,0,0.2125,0.666666666666667
"f4a31f0a-51dd-4fa7-986d-3095c40c5ed9",1,10,0,0,5,2.66211557368928e-06,0.000372052370321704,5,0,0.153119507908612,0.8
"ef888ad4-d679-4e5a-b292-ae032841fc88",1,6,0,0,4,0.000331514789324658,0.000249289999160375,4,0,0.179246496078179,0.75
"24252d8a-38e7-4358-bfe7-70d845f156ba",0.666666666666667,30,15,0,10,0.0122828563614606,0.000446339436280884,7,0.000643023456266265,0.21832419733751,0.8
"23e60038-d27a-49cb-8eef-7f2b6ddcaa6d",1,6,0,0,4,0.000671870618874109,0.000230784481766298,4,0,0.178855529894791,0.25
"bb7959ac-84cc-45c4-8138-d80ee5f2bd9a",0,0,0,0,1,2.13233659844694e-06,0.000178973165417292,1,0,0.141422339454195,1
"8a947fde-9a05-45d5-8bee-82c7b0236b07",1,3,0,0,3,4.78098548082273e-05,0.000305035226979138,3,0,0.164697542533081,0.666666666666667
"1d4ee3f4-db4a-4359-ac4e-50ce10878b28",1,28,0,0,8,0,0.000355580429096585,8,0,0.447368421052632,0.5
"e34e41f2-f480-45d3-8190-a3ce5ab34fab",1,1,0,0,2,4.53154625079938e-17,0.000387611922942038,2,0,1,1
"1ee37742-1e3d-4e61-84d2-bc85f4c1459a",0,0,0,0,0,5.25564033535461e-19,5.81417884416849e-05,0,0,0,0
"44fbf113-af6a-478c-824c-c95f9c686ede",1,3,0,0,3,1.59169123354286e-05,0.000264143290117147,3,0,0.142302980808493,1
"bf0f7e29-dfe1-416c-b5c6-f9ebc19ea810",1,1,0,0,2,1.6181108639402e-05,0.000190184638621042,2,0,0.167749699157641,0
"41f5d2cd-672b-460e-8ab6-e29db2f1e088",0.666666666666667,2,1,0,3,3.09201048989378e-09,0.000318113917905126,2,6.35710126353745e-07,0.112965964343598,0.666666666666667
"b48aebac-8c3e-48aa-b5e6-2b38f30f5f78",0.9,9,1,0,5,1.54442998081749e-17,0.000436702859025462,4,1.27142025270749e-07,0.857142857142857,1
"bdf204b6-8cab-4d95-bd33-679192b63352",0.809523809523809,17,4,0,7,0.00221151164924806,0.000302990363886256,6,9.38735688056853e-05,0.210860686734231,0.857142857142857
"5ed4c688-cab3-4e54-83ba-6e4a73ed7522",1,15,0,0,6,0,0.000338407482428643,6,0,0.396825396825397,1
"c2e5bb11-6653-4848-84de-aa15fe1fb37e",1,10,0,0,5,0.00566126984537607,0.000289705616517762,5,0,0.201357792864365,1
"2a2bf494-ac80-4ac9-901f-1ef2fece51ce",1,3,0,0,3,1.58069361859243e-05,0.000319675951700247,3,0,0.142871784359947,1
"d4aa1162-78ac-437f-9900-97460e4e2f34",1,6,0,0,4,1.83357318877092e-17,0.000387611922942342,4,0,1,1
"ea18134b-c9d7-454f-8407-8abe0eb5f423",1,3,0,0,3,4.40556328088457e-17,0.000387611922942656,3,0,1,1
"63138eec-6e47-47e3-bb61-142e150385f6",0.56043956043956,51,40,0,14,0,0.000595773771351291,10,4.06854480866397e-05,0.590909090909091,1
"01f8343c-06e2-4f05-a137-f8ea7efa85c4",1,1,0,0,2,5.32126498221931e-17,0.000387611922942038,2,0,1,1
"35fd8d42-b4a6-4414-9827-8766bd0daa3c",0.333333333333333,1,2,0,3,0.00128540509262445,0.000207583772905148,3,0.0010401364305293,0.173469387755102,1
"fc7f4897-7cd7-4211-adb2-4028fd76fec3",1,3,0,0,3,0.000116110000266299,0.000292614203514635,3,0,0.155372269282211,0.666666666666667
"7cbdfc61-30a9-4f17-b2fc-dcae3757adba",1,15,0,0,6,0.00118457432489298,0.000330235690191754,6,0,0.187063875469673,1
"2ba1af4b-9d6b-4a0a-af47-f00769700da2",1,1,0,0,2,5.33554702462963e-17,0.000387611922942295,2,0,1,1
"28d7452b-c83b-4f43-98af-e233a146f59d",0,0,0,0,0,5.25564033535461e-19,5.81417884416849e-05,0,0,0,0
"78e854b8-9713-4ff2-9218-6b3784893bff",1,3,0,0,3,4.28767934116612e-17,0.000387611922942804,3,0,1,1
"f5e17326-eb32-457f-a986-1e0532507f32",1,21,0,0,7,0.00988127830127357,0.000299297570792469,7,0,0.222470475582509,0.857142857142857
"52655ee3-0c9e-4dfa-b3c9-b1edefebda62",1,21,0,0,7,0,0.000360071392946965,7,0,0.376811594202899,1
"c1f5d7c6-1bce-45f1-bb80-f9c74bb9c740",1,28,0,0,8,2.1920111602055e-05,0.000446681336132277,8,0,0.142375651108161,1
"913b6dab-7bda-43d2-80df-254eebb5314e",1,66,0,0,12,0.00196577750174619,0.000421009983995329,12,0,0.206886316414366,0.916666666666667
"21cb44eb-3f6b-4f55-9a0d-c36a517f8d36",0.5,3,3,0,4,8.33327230942579e-07,0.00046212325257049,2,0.000177235983227424,0.124742729306488,1
"98a309d2-3d86-42ec-a5cc-e7c006a47a36",1,10,0,0,5,0,0.000240697162683848,5,0,0.430379746835443,0
"851e8959-de95-4741-ac69-79c56d949766",1,15,0,0,6,0.00121190016533316,0.000335593454753797,6,0,0.193988310603952,1
"72935855-cfc9-4e02-a6cc-249fc9d09044",0.75,27,9,0,9,1.18480874338291e-07,0.000516371132583037,7,0.000188492290531392,0.128526645768025,0.333333333333333
"9fdaa16b-a6c4-4831-b87c-bc9ca8ce7eaa",0,0,1,0,2,6.0422755203244e-17,0.000503215478907839,1,5.08568101082996e-07,0.75,0.5
"d3273495-8c20-4689-adf7-597039d6e587",1,6,0,0,4,0.000827076161647828,0.000288187235672284,4,0,0.191958138253925,0.75
"6fe07aa5-fec0-4eca-a456-f29bff451b04",0,0,0,0,0,5.25564033535461e-19,5.81417884416849e-05,0,0,0,0
"23d25388-2875-4562-b025-c2cf2ed1501d",1,10,0,0,5,0.00223122290929671,0.000285346680572976,5,0,0.196781479390175,0.8
"056e4f3e-d505-4dad-8ec1-d04f521cbb56",1,1,0,0,2,7.9406334717423e-06,0.000218979483338343,2,0,0.133142311365807,0
"3ac05827-32ab-4acd-8b79-7400bdbc525e",1,15,0,0,6,0.00907146150887748,0.000315979837733883,6,0,0.194883265762617,1
"4e931bf6-1ace-44c7-ab86-236b558e252d",1,6,0,0,4,1.59076278492112e-17,0.00038761192294248,4,0,1,1
"488d1513-c94c-415e-b5dc-b4abd9b419f9",0,0,0,0,1,0.000325842938087861,0.000102303573987554,1,0,0.170561605285697,0
"34bfcd5d-a76d-4b31-8022-b5ac04d5801b",1,3,0,0,3,3.26580529056191e-17,0.000387611922942656,3,0,1,1
"14c0c282-e0c1-46fe-acd1-9a015ba721c5",0,0,0,0,0,5.25564033535461e-19,5.81417884416849e-05,0,0,0,0
"c8af4490-e48a-4f91-aef9-2b1e39369576",0.5,14,14,0,8,0.00119059131791931,0.000455330460077783,5,0.000733340427743299,0.2125972243404,0.25
"854a1807-025b-42a8-ba8c-2a39717f1d25",0,0,1,0,2,1.98792407167833e-06,0.000304741748934645,1,0.000354217682404307,0.140850762857432,0.5
"53931602-5048-4516-9722-1322a71ae569",1,15,0,0,6,0,0.000387611922942261,6,0,1,1
"360072f9-b469-4ede-a13b-feb403ec0d7f",1,1,0,0,2,6.84835189609973e-06,0.000243585111186567,2,0,0.151078356995773,1
"ac865b2e-bba8-4f5a-8756-dd40d5e39f46",0,0,0,0,0,5.25564033535461e-19,5.81417884416849e-05,0,0,0,0
"0b30341b-b59d-4979-8130-b66c0e475321",0.295238095238095,31,74,0,15,0.0127438429669089,0.000845567427635201,6,0.00211473162355093,0.229578392621871,0.2
"4d347472-05cd-469f-8b03-864b344d007a",0.347435897435897,271,509,0,40,0.124304910986594,0.00118376928897001,15,0.00349701882612727,0.255171151382025,0.2
"77dc9267-1f40-4310-beba-1bea8a4ab04a",1,15,0,0,6,0,0.000387611922942261,6,0,1,1
"4dca4bb2-23ba-4103-97e6-5810311db33a",0.571428571428571,16,12,0,8,0.00138267189453368,0.000470733418144517,6,0.000150001852807084,0.182939632545932,0.875
"d69b82b9-891b-447f-8861-f8986123e7f7",1,21,0,0,7,0.00180424685786508,0.000325800356621009,7,0,0.206886316414366,0.857142857142857
"ff95eb47-41c4-4f7f-a104-cdc30f02e872",0.333333333333333,1,2,0,3,0.000179916747598654,0.0002262140861419,3,0.00118533096065683,0.184856119878,0.666666666666667
"1cfbf85c-dc74-42d6-915e-77033afd0204",1,3,0,0,3,3.94362953145528e-17,0.000387611922942656,3,0,1,1
"134e6410-6954-45d1-bd4a-0f2d2ad5471d",0,0,0,0,0,5.25564033535461e-19,5.81417884416849e-05,0,0,0,0
"23987750-a64d-4241-a147-2213890464a2",0.333333333333333,1,2,0,3,8.42881562447922e-17,0.000568604778688736,2,5.08568101082996e-07,1,0.333333333333333
"8541ef68-0d90-4835-8f0b-cea044b4534b",1,3,0,0,3,0,0.000218749684102435,3,0,0.6,1
"03180405-1b26-42dc-80da-7e50fbb4c936",0.541666666666667,65,55,0,16,0.0205118197686446,0.000664016182048311,9,0.00467367609908438,0.253362413667757,0.4375
"24202038-7b02-4444-96c2-cf2fc7b81308",1,3,0,0,3,3.84765601064084e-17,0.000387611922942656,3,0,1,1
"4c76d2ab-cc32-47b9-8bfe-d382bed617f6",1,6,0,0,4,2.31651743090965e-17,0.00038761192294248,4,0,1,1
"74ae1bef-78c9-4f2a-828f-c4ea4ad4f942",1,10,0,0,5,0.00301776049539786,0.000238287616333204,5,0,0.19499230661631,1
"e107bde8-78f0-4646-8925-68007a15880e",1,3,0,0,3,0.000166294902986209,0.000205305298618296,3,0,0.175390035228988,0.666666666666667
"388d5c37-044c-4b8b-b66d-e28a6566a1f3",1,28,0,0,8,0.0256007918785383,0.000302116935134046,8,0,0.218769617074702,1
"57c5fb41-70ac-4055-b482-a36f869ee980",1,1,0,0,2,4.81000310436026e-17,0.000387611922942295,2,0,1,1
"80b3cf5e-18fe-4c59-98c7-e5bb87210710",1,6,0,0,4,5.93419455631148e-05,0.000290558108403938,4,0,0.163711098062243,1
"af37c51c-0790-4a29-b995-456f98a6b8c9",0,0,0,0,1,5.22596820549867e-18,0.000244634533450085,1,0,0.5,0
"3e90b322-0441-4e28-ac19-078d0594302c",0.666666666666667,2,1,0,3,6.04900006591467e-17,0.00045771195155957,2,1.27142025270749e-07,1,1
"3478a5d1-bd96-4584-aa54-4d6e0a329658",0,0,1,0,2,4.58279918242244e-17,0.000460360162230683,1,1.01713620216599e-06,0.625,0.5
"68c261d5-48c8-4ea9-9466-9fc908dc79bb",0,0,0,0,0,5.25564033535461e-19,5.81417884416849e-05,0,0,0,0
"1c46e82f-4764-4d82-a33b-5d5aee5e2881",1,6,0,0,4,0.00106217876760275,0.000263089383828469,4,0,0.185224554876428,0.75
"33c8190b-3763-4494-8685-286e90b9c160",1,3,0,0,3,4.7809854808221e-05,0.000305035226979076,3,0,0.164697542533081,0.666666666666667
"74889c76-b1de-4ca2-bc9a-2cc1a162e319",1,1,0,0,2,4.88620214418398e-17,0.000387611922942295,2,0,1,1
"d66f0c6f-6891-471c-9abc-ce52d5160a8c",0.666666666666667,10,5,0,6,4.6299874930042e-17,0.000496636113013193,4,4.66187425992746e-07,1,1
"8c32bb01-58a3-453b-8050-8c0620edb0e5",1,6,0,0,4,1.19653073109573e-06,0.00026019099744325,4,0,0.136119519578166,0
"c85cfd6b-b1e9-4a50-bd55-eb725f04f7d5",0,0,0,0,0,5.25564033535461e-19,5.81417884416849e-05,0,0,0,0
"29c28ac3-27c5-4822-8eb6-0af89a3a7240",0.766233766233766,177,54,0,22,0.0398041955538492,0.000593374953863971,16,0.000494710924111651,0.233110367892977,0.681818181818182
"5b8ec72b-9e39-4a06-a2bf-964166b92a71",0.353276353276353,124,227,0,27,0.0100694300058705,0.00101650356920851,15,0.00523070947714051,0.239190116678106,0.962962962962963
"1fc5b14d-c0ae-4512-bc43-19d443087a28",0,0,0,0,1,3.93898855998298e-08,0.000162511026367408,1,0,0.110916613621897,1
"aab2ab30-ab36-4587-8ce8-f1b5132d9fa1",1,10,0,0,5,0,0.000309955398412444,5,0,0.571428571428571,1
"8ad965bc-fb65-459f-beaa-116960dd7bc9",1,45,0,0,10,0.0333811444319724,0.000361085518316352,10,0,0.236833163438668,0.8
"45a663b5-b1cb-4a91-bff6-2bef7bbfdd76",1,1,0,0,2,2.30692066046236e-17,0.000317511894325143,2,0,0.75,1
"d42a5768-ada1-4fb6-85fd-f61aba6264e0",0.2,9,36,0,10,0.00658118424924858,0.000553926179534765,5,0.00171570586673236,0.216493244292592,0.8
"149f91ef-1287-46da-9a8e-87fee02f1471",0.13386524822695,151,977,0,48,0.147442724374183,0.00190875763018107,10,0.0327654877426168,0.271681933346326,0.0208333333333333
"f59c5520-5f46-4d2c-b2c4-822eabf53419",1,10,0,0,5,2.20652348344914e-17,0.000397773187200584,5,0,0.358974358974359,1
"6cdc92fe-8277-48b1-906c-6113091b53b4",1,105,0,0,15,0.0526209433176867,0.00044108904111981,15,0,0.226998860120502,0.933333333333333
"d6cb8700-8c8b-490a-800e-cfc1ae69d454",0.761904761904762,16,5,0,7,0.00121755526860309,0.000400550381833809,6,0.000176981699176883,0.19401530967293,1
"fe06a5aa-2be7-468d-823e-94b8de490980",1,6,0,0,4,4.17554643241652e-05,0.000262943452547812,4,0,0.176344086021505,0.5
"b12ef43e-72ad-43d0-b216-a8cd32f78852",0.7,7,3,0,5,0.000471760342489035,0.000277270254912718,4,7.02529681576377e-05,0.193557345181894,0.6
"9670119d-7c83-4dc2-b864-de820edf9ecd",1,1,0,0,2,4.70638098859235e-17,0.000387611922942038,2,0,1,1
"430e0a62-866f-4101-95d9-70f083170f19",0.333333333333333,1,2,0,3,8.69161832519526e-17,0.000568604778688855,2,5.08568101082996e-07,1,1
"70248960-cb53-4ea4-943a-edb18f7d336f",0,0,6,0,4,1.22690065633289e-16,0.000877612917686591,1,2.28855645487348e-06,0.833333333333333,0.25
"3ce513c5-bdd4-492c-a875-07e0f3e1993b",0.4,6,9,0,6,6.70047853605054e-07,0.000487882041807491,3,0.00211767757290959,0.129409580393613,0.5
"4ba19b2e-30eb-473c-8d6a-ff799d20cebf",1,15,0,0,6,0.00454719757775487,0.000319516687206743,6,0,0.18611481975968,0.666666666666667
"b7f2cca2-72c6-41fb-ae33-53370fc62fe7",0.20952380952381,22,83,0,15,4.32718822831683e-05,0.00100453771322066,5,0.00813702919929625,0.18066355624676,0.0666666666666667
"064dc0fb-b471-4198-8af6-53ac666e7417",0,0,0,0,0,5.25564033535461e-19,5.81417884416849e-05,0,0,0,0
"d1393ecb-431b-4fde-a6ea-d769f2f040cb",1,1,0,0,2,4.83651972972621e-17,0.000387611922942295,2,0,1,1
"de53495e-ad5a-4c30-82ab-05e7e3ec7b4d",0,0,0,0,1,1.82605107040616e-17,0.000253794857389332,1,0,0.416666666666667,0
"c56910df-7197-466c-93d3-3864758faac1",1,6,0,0,4,0.000174612464954354,0.000270009564471082,4,0,0.182819672131148,1
"bfdcb8b3-e2a7-4c6a-82ea-b1a2f7a97c2a",1,1,0,0,2,4.49043161947056e-17,0.000387611922942295,2,0,1,1
"583b4673-f3bc-4f6f-ae7e-1478e919298c",1,6,0,0,4,0.00105480791041938,0.000248873273767867,4,0,0.187013683928092,1
"90270118-8ed0-4446-bf97-8a09b3f9e8f3",0,0,0,0,1,4.12275507735889e-17,0.000387611922942591,1,0,1,1
"db76c5ca-d555-4f09-b1db-baa1b713d875",1,1,0,0,2,4.10141979887433e-07,0.00017010261524418,2,0,0.143371387431863,0
"3d3f17cd-a5cc-48bd-9b2a-f8d5f1990aed",1,21,0,0,7,0.00225059603500398,0.000345269331972177,7,0,0.196920468992796,0.857142857142857
"1df948fc-4e54-4f4f-a294-9310c763a8a3",1,28,0,0,8,0,0.000355580429096499,8,0,0.447368421052632,0.5
"fc13982a-59cf-4a8f-a1e0-5f97afcfd8a2",1,3,0,0,3,1.05656071850489e-17,0.000390491139319337,3,0,0.666666666666667,1
"5c9ac367-dbf6-46ca-a42b-9f01803ff1c0",1,1,0,0,2,0.000303355127749918,0.000223434817637967,2,0,0.161398633784879,1
"21a14ee3-cede-420a-9d6d-a33517d2f952",1,3,0,0,3,0.00563663820725117,0.000256778763194701,3,0,0.160045924225029,1
"3f962bf0-42a0-45a0-830f-07b66301d35f",0,0,0,0,1,3.80016205468982e-17,0.000387611922942591,1,0,1,1
"2077273e-eaa1-4f49-903c-f286ededecb9",0.333333333333333,1,2,0,3,7.76783724440757e-17,0.000568604778688507,2,5.08568101082996e-07,1,1
"8970d868-0723-483b-a75b-51088913d3d4",0,0,0,0,1,2.93385099209973e-05,0.000146324356111551,1,0,0.165794481446242,0
"2a07c922-877d-4f6a-a51b-a04d1c2bb9df",0.904761904761905,19,2,0,7,0,0.000405223049724685,6,1.01713620216599e-07,0.314465408805031,1
"4f340060-bd77-4d55-8562-c1882f2f70ba",1,1,0,0,2,2.06653474596159e-17,0.000317511894324954,2,0,0.75,1
"2521d863-e9f2-497c-b7c3-35c4c0079c81",0,0,0,0,1,3.86706051114233e-17,0.000387611922942591,1,0,1,1
"cf71e106-1003-4390-8477-cf268229df66",1,1,0,0,2,8.51663845228195e-07,0.000235718152881428,2,0,0.1438744968521,0.5
"b4434d7f-d3cd-4a6b-b78b-a4c670ae6e8d",1,3,0,0,3,0.0534082156364979,0.000177098810021155,3,0,0.201853460758761,0.666666666666667
"ccbb3f5a-cf88-4f43-8881-63bee4d07a57",1,6,0,0,4,0,0.00024820397494313,4,0,0.387596899224806,1
"a3cb23fc-acd3-4ce0-8f36-1e5aa6a18432",0.7,7,3,0,5,3.21014980997725e-05,0.000384042844238147,4,0.000529037967151586,0.167447447447447,0
"a2a3f910-b188-43e7-81d0-f1ac2a2f3e12",0,0,0,0,1,0.00136430614694098,9.22802619684562e-05,1,0,0.182963643522772,1
"37547347-ea75-45fa-9766-ff36b44d8147",0,0,0,0,0,5.25564033535461e-19,5.81417884416849e-05,0,0,0,0
"4d23b2fd-1ed8-47bf-a4d7-0c78f6e61ce3",1,55,0,0,11,0.00439103975956876,0.000404598166211438,11,0,0.208651399491094,0.909090909090909
"94b72cd2-c09c-4d9e-9673-275f89b78687",1,3,0,0,3,3.93652765435853e-17,0.000387611922942497,3,0,1,1
"5aaf332c-1a4d-4c03-a585-aeafa2f663b8",0,0,0,0,1,4.08383514836119e-17,0.000387611922942887,1,0,1,1
"92da4329-77a4-425c-8e92-4280110cace9",0.318181818181818,21,45,0,12,0.00577300301600684,0.000744684022482333,5,0.00247138668721282,0.201561596298438,1
"80609a00-b394-4a49-975b-2db6b543fa97",0.494505494505495,45,46,0,14,0.00652257235037002,0.000591474310579523,7,0.000660600135425573,0.22304,0.785714285714286
"d44ab93a-98c0-483f-ae58-8f9255f816d3",1,15,0,0,6,0.00374466208675425,0.000299706482554192,6,0,0.214692746034191,0.5
"bccbc99f-fcd9-4ed4-b8ab-b327f6b5f708",1,15,0,0,6,0.00118457432489298,0.000330235690191681,6,0,0.187063875469673,1
"5c6d0eea-2028-4462-84a8-8c5d730d2e95",1,3,0,0,3,4.78098548082134e-05,0.000305035226979196,3,0,0.164697542533081,1
"c6029add-33ca-4a0a-8fa5-c47a1c4b2f9d",0.733333333333333,11,4,0,6,3.45502196204617e-06,0.000442683156192783,5,0.00109325533568333,0.153119507908612,0.833333333333333
"a62e2b14-812a-41a1-884d-5a138705ad2d",1,6,0,0,4,0.000754353582999886,0.000280978177471121,4,0,0.17416291854073,1
"dd498489-7871-475c-a11a-aa418e676e7c",0,0,0,0,1,4.12431054208577e-17,0.000387611922942591,1,0,1,1
"7d81816f-200c-47d3-a71d-4421b3185d45",1,3,0,0,3,1.22228843700912e-05,0.000308655516108808,3,0,0.137651821862348,1
"bfb5305e-0215-4b4f-bb37-c3c2cf978975",0,0,0,0,0,5.25564033535461e-19,5.81417884416849e-05,0,0,0,0
"73e36439-1e9a-4925-bf2c-1d7f7885fbb0",0.209302325581395,198,748,0,44,0.0955663847971048,0.00142659310917011,12,0.00912581287428902,0.264516129032258,0.181818181818182
"1882fe91-cdd9-49c9-9956-8e06a3810bd4",0,0,0,0,0,5.25564033535461e-19,5.81417884416849e-05,0,0,0,0
"a8797304-f0b3-497b-a592-c09eac0fd9c8",0.5,39,39,0,13,0,0.000646608058109842,6,3.0725989440431e-06,1,1
"5a85c140-dcf9-4dd2-b2c8-aff0471549f3",0.523809523809524,11,10,0,7,0,0.000621329553941894,5,3.25483584693117e-05,0.470588235294118,0.714285714285714
"abaa2544-8476-401c-ad32-042b6bfac116",1,10,0,0,5,0.000550448569206449,0.000326406659228716,5,0,0.164251207729469,1
"381eed10-4b1a-4100-9872-2dbad6985bc3",1,1,0,0,2,6.25965188512883e-18,0.000212082124603774,2,0,0.240384615384615,1
"382f1005-e9ab-4684-afd4-0bdae4ee37f2",0.418300653594771,64,89,0,18,0.00447571946857303,0.000805296259905435,11,0.00643404947806418,0.209561034275406,0.222222222222222
"d0a7368a-eefb-463c-b4f7-295753a6bc6d",1,105,0,0,15,0.00711978265539314,0.000497928010116269,15,0,0.220047355958958,0.933333333333333
"3fb49f5a-fdc0-4789-9c84-22b38b3f3cb5",0,0,0,0,0,5.25564033535461e-19,5.81417884416849e-05,0,0,0,0
"c98d40fd-f6cf-4b26-883e-eaa515ee2851",0,0,0,0,0,5.25564033535461e-19,5.81417884416849e-05,0,0,0,0
"22a45219-658b-42c4-9119-c0c4b685631b",1,21,0,0,7,6.25756778292194e-07,0.00038348277159365,7,0,0.13495982186078,1
"eaee97f6-f2e4-414a-966c-f31a1fb4696a",1,6,0,0,4,0.0010087491588237,0.000247065218550444,4,0,0.202999854376001,0.75
"01a7069c-882d-40f5-9575-c59d5bddcd61",1,1,0,0,2,8.5968731565185e-18,0.000276246073292088,2,0,0.285714285714286,1
"6df08c91-b91d-4b59-95fe-b51a2e1b06d3",0.538461538461538,49,42,0,14,8.90672639723655e-05,0.000629994621926382,8,0.00105807593430317,0.168194980694981,0.928571428571429
"bf23ae35-d26d-4180-b7da-7fc9841b2cd9",1,6,0,0,4,0,0.000402028799540678,4,0,0.55,1
"8516f0de-3190-4fde-994c-1f32ffd9af18",1,3,0,0,3,3.95445363540168e-17,0.000387611922942656,3,0,1,1
"8f92558c-2baa-4758-8c38-615519e9deda",0,0,0,0,1,4.17067076597108e-17,0.000387611922942591,1,0,1,1
"b2d122f9-eadb-4930-a196-8f221eeb0c66",1,3,0,0,3,3.40972030725381e-17,0.000387611922942497,3,0,1,1
"2ed5b00d-d6a8-4793-815e-99af39d7ccc5",1,1,0,0,2,5.09582128454475e-17,0.000387611922942038,2,0,1,1
"bca63b5d-a28c-4937-a8f4-e3f2d95426e1",0,0,0,0,1,7.50310944464054e-05,0.000127186676287699,1,0,0.153338466615334,1
"ba1bf556-2af2-4772-835f-ed2e15070758",1,1,0,0,2,5.1101684795472e-17,0.000387611922942038,2,0,1,1
"3bcb90e6-c8d9-463d-870a-3cc1e480a060",0,0,0,0,1,4.15051891583624e-17,0.000387611922942591,1,0,1,1
"79d1e9ca-d396-44ac-8a4a-ff5dbe9e44f9",1,28,0,0,8,0.0104519943062826,0.00038646709821556,8,0,0.197702453552688,0.875
"4fc5c762-2aaa-4840-9640-267667c8330f",1,6,0,0,4,0.00386118298403949,0.000240849574362946,4,0,0.197870830376153,1
"66ab36ce-8f58-46fb-9284-396c2c90ecbd",0,0,0,0,1,3.81840418977605e-17,0.000387611922942591,1,0,1,1
"971cf058-cba6-49c1-92d2-6893b1683ee5",1,3,0,0,3,3.41467593043629e-17,0.000387611922942656,3,0,1,1
"71f634cc-91e8-4bff-ad9d-d0357828049f",1,21,0,0,7,0,0.000373445993516336,7,0,0.335570469798658,1
"7abcd29e-8b5c-42d2-b845-3bf4b80100a8",1,6,0,0,4,0.000769177015840379,0.000275370291940082,4,0,0.20031613737606,0.75
"4490113a-3880-4f5b-a39b-105bfceaed04",0.866666666666667,13,2,0,6,3.155267689133e-06,0.000406578946517896,5,8.49493233738113e-05,0.159314285714286,0.5
"fe93a178-183a-42c9-b3c7-53102b8c724d",0.533333333333333,24,21,0,10,6.05953818013866e-06,0.000594262379417245,6,0.00126743367525891,0.15749632809852,0.4
"4e481ad9-aa5d-4a1a-b2fc-444c0ad48b7e",0.483333333333333,58,62,0,16,0.0109222021743875,0.000600607289568495,8,0.000443677562268272,0.223684210526316,0.375
"1c0b697f-1aed-4c47-8b95-ab4c7b1484b0",1,36,0,0,9,0.0084103232217258,0.000389623233869186,9,0,0.215356094546578,0.777777777777778
"f7cdc9e0-d1e9-4fdc-a407-e2c0244f517d",1,190,0,0,20,0.903585867658377,0.000507526612083879,20,0,0.210161314638927,0.85
"3d6c957d-14d6-465c-8e53-86262245af06",0,0,0,0,1,4.32925723629385e-18,0.00017512670542144,1,0,0.571428571428571,1
"fa600a45-e948-4964-9937-dff430a51738",1,15,0,0,6,0.00652415058216873,0.000275892510686809,6,0,0.225420439844761,0.833333333333333
"10ae1bf6-88b2-4fb4-8fbe-8227a49803d3",0.9,9,1,0,5,0,0.000351501983456583,4,3.17855063176872e-07,0.647058823529412,1
"760e4df4-e851-46c8-b34d-afa2e9706831",1,28,0,0,8,0,0.000441546381390842,8,0,0.666666666666667,1
"c78f0746-ea5d-44c0-92ee-f32745951345",1,10,0,0,5,2.66211557369535e-06,0.000372052370321617,5,0,0.153119507908612,0.8
"d530dbf9-69b1-404f-98f2-0431104f5a1e",0.4,6,9,0,6,5.74648973119652e-08,0.000542592689127666,3,0.00106112734290967,0.127050674444039,0.333333333333333
"45074d7c-5307-44a8-854f-ae072e1622ae",0,0,0,0,0,5.25564033535461e-19,5.81417884416849e-05,0,0,0,0
"ebe02d36-410d-4a85-a67e-36e2462e3e44",1,1,0,0,2,4.31601954645136e-05,0.000216178537299558,2,0,0.161118816458622,1
"f7441bc7-d7de-4813-a2fc-31a4033d396d",0,0,0,0,1,3.77004740745979e-17,0.000387611922942591,1,0,1,1
"e8848d50-7def-4252-a3f5-00b656c9a7c0",0.833333333333333,5,1,0,4,3.77088069289874e-17,0.000426146441597361,3,8.47613501804993e-08,1,1
"82b2ac64-4ef4-470f-b2f9-58074a4b9c13",1,36,0,0,9,0,0.000387611922942083,9,0,1,1
"c544ed4d-2390-4442-a83e-1ea2883b09c8",0,0,0,0,0,5.25564033535461e-19,5.81417884416849e-05,0,0,0,0
"facf743e-1231-410d-bdf1-9ba11a6a4f3c",1,1,0,0,2,5.04733208874747e-17,0.000387611922942295,2,0,1,1
"f205743d-4441-471d-a3af-66f584738e29",0,0,0,0,1,3.68273679881329e-17,0.000387611922942591,1,0,1,1
"fbc3d34d-f4df-4a02-aa24-a6c870b02c85",1,6,0,0,4,1.98758989825687e-17,0.000387611922942342,4,0,1,1
"8be564c3-dfba-440b-af8c-4ffbceeef45e",0.4,22,33,0,11,0.00296588625907381,0.000602794174981151,6,0.00132287670747111,0.211886304909561,0.181818181818182
"ce4a1c08-6912-423f-bf6c-97ce69f5e89f",0,0,0,0,1,3.9397101180662e-17,0.000387611922942887,1,0,1,1
"cfbc0924-0035-4d6c-8197-f024653af823",0.3,3,7,0,5,0.00579850589933229,0.000284785009704494,3,0.00148817134369624,0.199742083393036,0.8
"f99b7df3-2df2-45d0-9e99-c5f4623b7dcc",0.5,18,18,0,9,0.00724885894545651,0.00042714252089556,6,0.000320210455926963,0.231254147312541,0.555555555555556
"d8f43dc5-4613-48ac-8c23-a62b82f8c67a",1,1,0,0,2,4.99155212893595e-17,0.000387611922942038,2,0,1,1
"35f343df-3b87-4475-b0e4-d2ba5cc26eea",0,0,0,0,1,3.8077329203491e-17,0.000387611922942591,1,0,1,1
"c42e60f4-4520-4954-b6e4-82bbdf532c11",0.489473684210526,93,97,0,20,0.0214302918883308,0.000660910909265421,13,0.00252704115045231,0.197199038053473,0.6
"6da02506-6762-424d-bef4-89a26a0f95c7",1,15,0,0,6,0,0.000321698166945646,6,0,0.65,1
"9bd7b6a6-d0b6-47f5-a62b-04dade95f5d1",0.583333333333333,21,15,0,9,0,0.000492839957550043,6,1.45365715559556e-05,0.442477876106195,1
"d378dedb-444f-48f5-a6e6-3e8e31ef6c14",0.666666666666667,2,1,0,3,0.000809414245624943,0.000257504376033949,2,0.000176981699176883,0.196504087961658,0.666666666666667
"d49abf5b-0d72-4239-8ec8-c3d7464707f6",0.466666666666667,21,24,0,10,0.00122526058347566,0.000586512812088253,6,0.00141381932101073,0.194096351991089,1
"38f0c7ac-46eb-49ca-b3ab-c785ccd05a60",0,0,0,0,0,5.25564033535461e-19,5.81417884416849e-05,0,0,0,0
"f9133869-f87c-459c-9aa7-2f176cda7e06",1,3,0,0,3,4.49365353089168e-17,0.000387611922942497,3,0,1,1
"9d48b201-a6b2-42cf-b6ba-f65203580e32",1,3,0,0,3,0,0.000219295964967327,3,0,0.34965034965035,1
"9a3bf45c-347d-4630-894d-7cf3e8e0b632",0,0,0,0,1,8.47333385249854e-07,0.000141042636648104,1,0,0.144261616475215,1
"830398a8-6124-48de-8305-0e162e668387",0,0,0,0,1,4.15586895976166e-17,0.000387611922942591,1,0,1,1
"c97a32c2-1fbc-44eb-a28b-cee23c135844",0.602564102564103,47,31,0,13,7.50346367522007e-05,0.000544047806006826,9,0.000147261398241817,0.168540684318704,0.769230769230769
"e0b1c1a8-8216-422e-b521-83d53f2eaa1b",1,6,0,0,4,0.00437907870562591,0.000256821873225362,4,0,0.185323052379686,1
"883e4ba4-8ccc-47ed-81df-df51e41792a9",1,6,0,0,4,5.62824268575456e-08,0.00035120387471991,4,0,0.127189781021898,0.5
"e64ffaa4-fbb0-465f-9b31-c860a9f767fa",1,1,0,0,2,0.000179495759119203,0.000249054629587308,2,0,0.157389635316699,0
"5fc55ebf-21bd-4eda-954c-dd250132331e",1,3,0,0,3,0.000422782356452742,0.000217950227335906,3,0,0.170686910738337,0.666666666666667
"ec7ad706-7212-43cb-8415-197780b322a5",0.39766081871345,68,103,0,19,0.0364414623873439,0.000666377768097926,9,0.00288460859368933,0.254798025955036,0.473684210526316
"7aa27474-7b32-46c5-a065-ec831e8a70da",0.371428571428571,39,66,0,15,0.00936499044304339,0.000620582189457143,7,0.00387940280562601,0.244304241149667,0.666666666666667
"a2eb78dc-cac4-41a0-8dc1-1a66926175e4",1,3,0,0,3,4.78098548082185e-05,0.000305035226979138,3,0,0.164697542533081,1
"1b3a1e49-2494-441c-9818-3fbbe73d09b4",0,0,0,0,1,4.0137561622594e-17,0.000387611922942591,1,0,1,1
"25b342ab-eafb-40f7-8a0f-16ce588d9ff2",1,1,0,0,2,0.00129143234636134,0.000171095134845445,2,0,0.206091070372561,0.5
"1b1f50d1-4746-468b-a6a2-7db7200d3dfc",1,3,0,0,3,0.00345024835272266,0.000198570147230583,3,0,0.196809261612311,1
"9947e874-ddd0-4e1a-b0d4-a76f6532fe45",0,0,0,0,1,2.93385099209998e-05,0.000146324356111551,1,0,0.165794481446242,0
"3547f34a-db02-4ab7-b4a0-380e1ef951a9",1,3,0,0,3,4.19437688393462e-17,0.000387611922942497,3,0,1,1
"6f6fd596-76e0-4b82-aa37-f558ac2d337b",0,0,0,0,1,3.92888622388067e-17,0.000387611922942591,1,0,1,1
"d2104914-bec9-49e4-83fb-8e860ea94fbf",1,28,0,0,8,2.19201116020592e-05,0.000446681336132202,8,0,0.142375651108161,1
"fbd2a255-1d57-4d31-ac11-65b671c19958",0,0,0,0,0,5.25564033535461e-19,5.81417884416849e-05,0,0,0,0
"25f3abd9-63b5-471a-bd25-feb9672dfa11",1,1,0,0,2,5.07141672847408e-17,0.000387611922942527,2,0,1,1
"071a4b21-53de-4ac0-af14-e71efd7dce3d",0,0,0,0,1,4.0162918927898e-17,0.000387611922942591,1,0,1,1
"f22942a1-6f70-4f48-866e-238cb2308fbd",0,0,0,0,1,4.04680785442096e-17,0.000387611922942591,1,0,1,1
"1ee18fb3-18a6-4c7f-8ba0-bc41cdd0462e",0.5,3,3,0,4,7.13779656542188e-17,0.000550517256375737,3,7.62852151624494e-07,1,0
"fdfa5368-9962-4d41-b332-1180dead02eb",1,28,0,0,8,0.0820544021984265,0.000345799115369611,8,0,0.219700551615445,0.625
"8a338e06-d182-46f2-bd16-30a09bc840ba",0,0,0,0,1,6.23356609418367e-18,0.000244634533449751,1,0,0.5,0
"8a585c55-140c-4c99-a8a2-fa3128319123",0.904761904761905,19,2,0,7,0,0.000405223049724594,6,1.01713620216599e-07,0.314465408805031,1
"d1c86c31-33e7-47c2-ad6b-a82e1ef69121",1,15,0,0,6,0,0.000387611922942153,6,0,1,1
"0b2a0311-94c9-49fb-8724-17871ca156fd",1,1,0,0,2,4.82393981509975e-17,0.000387611922942295,2,0,1,1
"48500b27-80f9-4ff7-b23e-f1d63f3c4293",0,0,0,0,1,4.17316350161655e-17,0.000387611922942591,1,0,1,1
"99790314-885a-4975-8614-9c5bc890364d",0,0,0,0,0,5.25564033535461e-19,5.81417884416849e-05,0,0,0,0
"4ae36ade-1798-48c4-b06b-cc68b7d3d83f",0.238095238095238,5,16,0,7,0.000131878882436014,0.000674632415805805,3,0.00141483645721289,0.17791959157626,1
"475e4df5-358a-45b3-89c9-e63d8de33aa2",0,0,0,0,1,3.83121898630436e-17,0.000387611922942887,1,0,1,1
"42a5fdbc-29df-4e93-a9f0-e2151e9f0667",1,3,0,0,3,4.53219749575468e-17,0.000387611922942656,3,0,1,1
"b0ee191c-7b75-445e-8416-b8f9918d3b6b",0,0,0,0,1,4.1953332072342e-17,0.000387611922942591,1,0,1,1
"5150857e-0139-49bf-9aae-3314b4db7a37",1,10,0,0,5,0,0.000442254201565768,5,0,0.406779661016949,1
"269d6e80-3186-4165-8586-2ccb64b446a4",1,3,0,0,3,4.07604418056021e-17,0.000387611922942497,3,0,1,1
"9032140b-c6ba-448d-8f05-5ac16e3aa165",0.472727272727273,26,29,0,11,0.000868858090015581,0.00056537890955685,6,0.001899122679724,0.209876543209877,0.727272727272727
"aa2e9a16-553f-41c8-b2a3-77c30ab69c4a",1,1,0,0,2,0.000533108387591323,0.00017980010205285,2,0,0.179662327619539,1
"0df4ba7d-f65d-48ee-a6db-e9c0821d04f4",1,28,0,0,8,0.0820544021984265,0.000345799115369539,8,0,0.219700551615445,0.625
"08e031e0-e576-4c80-94bf-d9c3c428c075",1,6,0,0,4,0.00105480791041937,0.000248873273767801,4,0,0.187013683928092,1
"f19d2f86-fddb-4ae8-b647-70ad567ad28b",1,1,0,0,2,4.93295287021836e-17,0.000387611922942038,2,0,1,1
"483072d1-ff09-4a61-a67e-2abe72bd806b",1,190,0,0,20,0.903585867658377,0.000507526612083802,20,0,0.210161314638927,0.85
"8f4c7ad3-c95c-4d62-a554-3416fb5204f4",1,1,0,0,2,1.98721750287136e-17,0.000329810144959984,2,0,0.666666666666667,1
"3ab2ee23-1c2f-458c-9c8c-ca4844729120",1,15,0,0,6,0.00309559418701936,0.000264314058534978,6,0,0.218495297805643,0.833333333333333
"4c7df96e-d3d4-4618-b232-89c82050331a",1,3,0,0,3,4.56616706253552e-17,0.000387611922942497,3,0,1,1
"95bae8c3-4450-4c97-a6ea-388f99af38c6",1,6,0,0,4,9.74200836306391e-05,0.000255240757950365,4,0,0.168540684318704,1
"9f93c34a-2dc2-400e-ada5-937c3efc3437",1,1,0,0,2,9.89314636779786e-06,0.000258395595468233,2,0,0.137801502570186,0.5
"f5584cee-1448-4e41-a347-3c4c96c720dc",1,1,0,0,2,4.31601954645162e-05,0.000216178537299505,2,0,0.161118816458622,1
"d174f580-15bb-49d1-b9d9-086954a71877",1,6,0,0,4,0.0110374399130238,0.000197054303566126,4,0,0.214825088611496,0.75
"0d352490-3cc7-43fc-b824-8aa8c9c855e1",1,6,0,0,4,1.16334784946444e-17,0.000327238147784146,4,0,0.523809523809524,1
"a35237a0-4f47-40a6-b6f3-1e786db23402",0.333333333333333,1,2,0,3,8.04767273309478e-17,0.000568604778688736,2,5.08568101082996e-07,1,0.666666666666667
"ff2a0e30-aec1-44dd-ae06-dc78877f512d",1,6,0,0,4,1.70458892040579e-17,0.000387611922942342,4,0,1,1
"0c7842cd-b98f-4aef-a84d-92e7af973f31",1,36,0,0,9,7.09185359731307e-05,0.000377857187313256,9,0,0.16962764662935,1
"d7641934-7dfb-49ea-b948-da0b12816b12",1,3,0,0,3,0.00136216853471226,0.000227030082775578,3,0,0.206121543693627,0.666666666666667
"515f823b-b965-4a7d-9c6a-efd3c1052c39",1,1,0,0,2,5.01760797537822e-17,0.000387611922942038,2,0,1,1
"16ee7f6b-a8b5-4320-bc8b-4712a13ae965",1,3,0,0,3,0,0.000218749684102342,3,0,0.6,1
"9e6a6a2f-f696-4cc0-87f1-e4f712e46802",0,0,0,0,1,4.07265879454669e-17,0.000387611922942591,1,0,1,1
"c970c5cd-facf-4c49-babf-a5b688c1ec40",0.9,9,1,0,5,2.44289064645289e-18,0.000352928153537764,4,6.35710126353745e-08,0.523809523809524,1
"0d40af7f-9b4f-4c42-9e5a-c827315dd240",0.428571428571429,9,12,0,7,0.00242388387355152,0.000409078055143344,4,0.00168487137361465,0.214165002304501,1
"1bb57242-64b9-4097-b134-89d87d741d6e",1,36,0,0,9,0.0159140565064213,0.000366143935988724,9,0,0.214990746452807,0.888888888888889
"7f59aca1-934a-429f-8844-cb98e18504a9",0,0,0,0,1,3.91602938040677e-17,0.000387611922942591,1,0,1,1
"21032561-1973-4bda-9a25-d89cd8ef8541",1,28,0,0,8,0.000563791970976185,0.000389371074496357,8,0,0.189453655884751,0.875
"f23bf5f5-4246-4e5f-9f8e-6a104a813e23",1,1,0,0,2,0.000170961425788006,0.000176317179664382,2,0,0.17846626552298,1
"25c641b9-ba32-4cef-963f-a15a2619907a",1,10,0,0,5,0.0613280095928675,0.000255700117540757,5,0,0.211950737418276,0.6
"5a22c88a-9db2-4a29-9b46-72430794ec4d",1,105,0,0,15,0.00711978265539309,0.000497928010116198,15,0,0.220047355958958,0.933333333333333
"db8dcf88-5dcc-4832-81f2-7c52d33e857b",1,3,0,0,3,4.78098548082222e-05,0.000305035226979076,3,0,0.164697542533081,1
"107760dd-ce1f-463f-9bb0-d42d13a30657",1,3,0,0,3,0.00338683987723025,0.000248816448716946,3,0,0.175147631612012,0.666666666666667
"9d22502f-c768-4918-a68d-5080981d4ae9",1,28,0,0,8,0,0.00035558042909641,8,0,0.447368421052632,0.5
"8500ba7b-429b-4d77-b4b4-53efbabb4d39",1,28,0,0,8,0,0.000355580429096318,8,0,0.447368421052632,0.5
"738d4f23-2596-46c7-89ad-a593dd030555",0.9,9,1,0,5,0.000135579420841797,0.000329856543248177,4,2.39484351184565e-05,0.175721668977688,0.8
"3414d446-735a-443c-931f-10634f57e5b9",1,1,0,0,2,4.5147336666488e-17,0.000387611922942038,2,0,1,0
"d606b860-cc03-4959-a3fd-3a24bccf2560",1,28,0,0,8,0.00940358171524047,0.000318660784906104,8,0,0.223756019261637,0.875
"78464651-0f74-4129-98d8-d79029c71a05",1,1,0,0,2,5.03985757495025e-17,0.000387611922942295,2,0,1,1
"97529a9e-4b5a-4a9c-9c08-c42401d1c268",0,0,0,0,1,1.44274285608234e-17,0.000190166850705592,1,0,0.333333333333333,1
"098ae3cc-2ca3-4fb2-a6d8-2a7c1a6b3565",1,6,0,0,4,1.07057523475903e-17,0.000353645929694696,4,0,0.666666666666667,1
"fa22eeda-8db9-4ae5-97c9-6d0b9ceb7cf3",1,6,0,0,4,7.1000685013166e-05,0.000297918282672909,4,0,0.162622491833878,1
"2882ffa3-dec9-4055-a842-a950728bcb02",0.380952380952381,8,13,0,7,5.67067656141664e-08,0.000624318819552729,4,0.00246947955683376,0.127271067287501,0.285714285714286
"55c6eaaf-1dde-468c-a4ff-244d58c4eb89",1,28,0,0,8,0.13786832877442,0.000304622940626709,8,0,0.190437158469945,0.875
"f28e66c7-f318-41ac-9c41-ec1226a56508",1,15,0,0,6,0.0041730309976116,0.000271314325085344,6,0,0.208464184238074,0.666666666666667
"c4e05d64-c679-4f04-b153-257d12eba7dc",0.313725490196078,48,105,0,18,0.00108780723778727,0.000862897286087294,8,0.007397188189368,0.190958904109589,0.277777777777778
"b81c06a5-341f-4d04-a72e-7738030f792b",1,28,0,0,8,0,0.000441546381390738,8,0,0.666666666666667,1
"497271e7-4f08-4cb9-8d55-4f16ddad408e",0.785714285714286,22,6,0,8,0,0.000441242680660594,6,8.89994176895243e-07,0.75,1
"90744b3e-363a-458e-8da1-e3e392a489c4",0,0,0,0,0,5.25564033535461e-19,5.81417884416849e-05,0,0,0,0
"fd1a2d9d-9bb6-44de-83a3-41560658aba9",0,0,0,0,0,5.25564033535461e-19,5.81417884416849e-05,0,0,0,0
"b553f0ad-4543-46f2-88ea-1dc94a11c91a",0.533333333333333,24,21,0,10,6.05953818011588e-06,0.000594262379417083,6,0.00126743367525891,0.15749632809852,0.4
"66a7117a-4b67-4a85-83bf-94491340d22d",1,3,0,0,3,0.000236363513320792,0.000270333592589422,3,0,0.186189394951249,1
"1f320089-1f65-4855-88e2-878a5dc056ec",1,3,0,0,3,0.00188518597119278,0.000186877261317148,3,0,0.205181042095967,0.333333333333333
"e9bbf173-4be0-4078-b75c-cfefe7a656cc",1,66,0,0,12,0.00014723254996293,0.000412783089901581,12,0,0.170749632533072,0.916666666666667
"8385ae48-812d-4bae-a240-74ecdbaf6dce",1,10,0,0,5,7.46269336141644e-07,0.000381573501201142,5,0,0.129289556668522,0.8
"a6dfbea8-ffbb-4e51-ac3b-59d1c5f55974",1,36,0,0,9,0.00841032322172579,0.000389623233869121,9,0,0.215356094546578,0.777777777777778
"e4378b7a-6138-441a-aa34-50e11a562066",0.310526315789474,59,131,0,20,0.000680333886271127,0.000811188466453589,9,0.00481374694218477,0.200719942404608,0.7
"55bc7f0d-bc56-4a5e-8555-77557bb757cd",1,1,0,0,2,0.000170961425788006,0.000176317179664336,2,0,0.17846626552298,1
"b23e8a63-8f47-4882-b55b-df2c92ef400e",1,6,0,0,4,2.26301361382586e-17,0.00038761192294248,4,0,1,1
"a466c2a2-6517-42fb-a160-1087c3bafd9f",1,36,0,0,9,0,0.000387611922942309,9,0,1,1
"5833aeea-f734-47f0-9fc6-274d9d152b74",1,28,0,0,8,0.0256007918785383,0.000302116935133976,8,0,0.218769617074702,1
"3912b016-666b-46f8-a5ec-86806227ba60",1,1,0,0,2,4.32698186883665e-17,0.000387611922942038,2,0,1,1
"a4b84991-4a7b-449f-831e-498ec9bd83a0",1,78,0,0,13,0.0209056614043479,0.000365133851883699,13,0,0.190854326396495,0.384615384615385
"d6f3c7d7-3c95-4bf6-8647-0efeec36d704",0,0,0,0,1,0,0.000138899672642062,1,0,0.30379746835443,0
"f1314b95-764f-49bc-b920-019abf48901f",1,3,0,0,3,5.19414884051178e-06,0.000244076974695123,3,0,0.146999894548139,0.666666666666667
"33e48f13-ff3f-49e9-8e24-1a1d0e4862ee",1,3,0,0,3,0.0499735038230737,0.00017872358871296,3,0,0.18301168439018,1
"35f866dc-c061-48ba-8157-cf2e0eac4857",0,0,0,0,1,6.6916116963713e-18,0.000244634533449751,1,0,0.5,0
"478e1c5e-cf31-4fc8-a65f-14c7fe86754c",0.90952380952381,191,19,0,21,0.908082494344395,0.00055696583412353,20,0.00139551086937174,0.210415094339623,0.0476190476190476
"0bf69115-9b4a-491a-9265-d026cfd8af5d",1,1,0,0,2,6.83674775371005e-05,0.000192449500528437,2,0,0.16618979494516,1
"cabb4fcf-4067-4ba5-908d-76ee66fcf0c6",1,21,0,0,7,6.25756778292778e-07,0.000383482771593565,7,0,0.13495982186078,1
"e2190b35-1181-44f6-8587-4c04123a6f30",0.428571428571429,9,12,0,7,0.00510274036942777,0.000548138401187348,3,0.000883213268880803,0.148756802902572,0.857142857142857
"9d1ebcfe-4c15-4d18-95d3-d919898638a1",0.277777777777778,10,26,0,9,0,0.000683905608058822,5,5.74681954223785e-05,0.548387096774194,0.666666666666667
"fe1f7d08-abbd-4fe2-91fe-fe3a803b3ac7",1,36,0,0,9,0,0.000387611922942236,9,0,1,1
"2ec4441f-07ee-4081-9929-10457293f437",1,10,0,0,5,1.03332198726536e-05,0.000363184437686937,5,0,0.15112749349523,0.8
"ffa78fac-e97d-48b3-a22b-379fceceaf1a",1,3,0,0,3,4.2388683694019e-17,0.000387611922942656,3,0,1,1
"65744963-191a-44ef-a3c7-b693a808a158",0.428571428571429,9,12,0,7,5.62272182842077e-17,0.000681022232112814,4,6.10281721299595e-06,0.647058823529412,0.571428571428571
"8b98035f-fbd2-4fb3-9c2f-263c7506680d",0,0,0,0,1,1.90968464286323e-17,0.000268883946545723,1,0,0.6,0
"11f64d5e-77a6-48f7-ac1f-6d17b3ac2ba9",1,15,0,0,6,0,0.000387611922942153,6,0,1,1
"b7718415-b72a-463f-86df-50e900a1e771",1,3,0,0,3,3.73695993787993e-17,0.000387611922942497,3,0,1,1
"6f26a8e3-4f71-41a1-94dd-d9859b6b888f",0.4,22,33,0,11,0.00031856704050311,0.000554066443585907,6,0.0016220216809765,0.184391534391534,0.818181818181818
"da0c8f4f-f4f4-4e91-86ca-e31108bb5706",0.505494505494505,46,45,0,14,4.05085002426591e-05,0.000628458123852319,9,0.000114632416171432,0.158715700785609,0.285714285714286
"df5274d8-1060-4097-a916-a5f888e400a9",1,28,0,0,8,0.000563791970976193,0.000389371074496273,8,0,0.189453655884751,0.875
"28cb617b-1213-487e-aa8d-bfaae9f1ee43",1,6,0,0,4,0.00393564428425775,0.000239935245715999,4,0,0.203058994901675,0.75
"b5396d77-58c1-4efe-842a-f40e346a9f45",1,3,0,0,3,4.04370863064979e-17,0.000387611922942497,3,0,1,1
"aab5c954-cabe-432e-899e-1c4f99757327",0.5,3,3,0,4,3.01701131149761e-05,0.000437468652549275,3,0.00106112734290967,0.167367030856045,0.75
"8bf283b9-b1e2-4632-a953-eacd212a543e",1,15,0,0,6,0.00131012175209989,0.000335657676916548,6,0,0.199199771363247,0.833333333333333
"e5fa0175-2e93-4ca7-90c3-33f239381252",0.733333333333333,11,4,0,6,1.0397595760497e-06,0.000430163781808547,4,0.000205821748575792,0.145329441201001,0.5
"6493ed80-8b44-49fa-91de-e7b0a0b57d6d",0,0,1,0,2,6.78601918263691e-17,0.000565703887537984,1,2.54284050541498e-07,1,0.5
"714b9763-333e-4999-b107-135ba2c6c6c7",1,28,0,0,8,0.01713857295685,0.000305507943561486,8,0,0.225895316804408,0.5
"8837b875-3689-4646-b3fd-d8b53815c7a8",0.242424242424242,16,50,0,12,0.00105211438910714,0.000756892989937654,5,0.00294240006635418,0.198377686068023,0.25
"9f0d5967-5b88-44d6-9fa1-7d4bb8b61ed0",1,3,0,0,3,3.92738976904499e-17,0.000387611922942656,3,0,1,1
"798aa6c3-ce82-4be6-9c9f-c380a4864eca",1,15,0,0,6,0,0.000348875303497596,6,0,0.357142857142857,1
"9e1ea361-c2cc-45a4-a926-00518453efc0",0,0,0,0,0,5.25564033535461e-19,5.81417884416849e-05,0,0,0,0
"b2a972f5-6aba-4209-bcae-acef4cadf245",1,1,0,0,2,5.11542408930489e-17,0.000387611922942038,2,0,1,1
"ada7a83c-e3e1-40f1-93f9-3e73dbc9298a",1,1,0,0,2,6.06814589450237e-09,0.000194324562496509,2,0,0.11390750122569,0
"328d146c-79f1-4eb6-9e40-8ee5710c14e5",0.46969696969697,31,35,0,12,0.0107688204239305,0.000615576176868339,8,0.00133973324178932,0.19820844589791,0.916666666666667
"f387841c-9bc7-47e9-b78b-6fb7834ac71f",1,3,0,0,3,0.000130590206912531,0.000266849904373493,3,0,0.177828804694476,1
"609a2ea3-f446-4e31-8eef-9f7591afb55a",0.466666666666667,7,8,0,6,2.77058131916109e-07,0.000529931160401507,3,0.000706909660505364,0.128349139121628,1
"56b7ad8e-3c4f-4f14-914d-f2852d147c2e",1,1,0,0,2,4.91503947935448e-17,0.000387611922942038,2,0,1,0.5
"104c4233-f393-4ce9-a9f4-cd9f84426925",1,28,0,0,8,0.00546064735567699,0.000338303197219828,8,0,0.213182443798746,0.75
"7147eef1-7c2f-4259-89e5-572c76dc16e5",0.488888888888889,22,23,0,10,0.00267778717500256,0.000494341812545112,5,0.000617153831079743,0.185150750431664,1
"9082aea0-ee30-4175-8795-6540a8fd3605",0.733333333333333,11,4,0,6,1.03975957605387e-06,0.000430163781808369,4,0.000205821748575792,0.145329441201001,0.5
"ff6e677f-91dd-4986-a174-8db0474b1799",0.166666666666667,1,5,0,4,1.6260508079316e-05,0.000414579937462543,2,0.00278475533776419,0.168418509121662,0.5
"a648b219-bed3-4a0c-b5e3-98ad365da968",1,1,0,0,2,4.82637584740725e-17,0.000387611922942527,2,0,1,1
"b2f1149b-171a-4bc5-ac8f-3baf9a566abf",0.666666666666667,24,12,0,9,0.000286221887846775,0.000484431827315032,6,4.4298865409469e-05,0.177715451300357,0.888888888888889
"985f7e6f-0a7e-4de7-b9ec-a5dac63cb2f7",0.466666666666667,21,24,0,10,0.00660407356649405,0.000454766463302461,6,0.00135926925302806,0.231523002823451,0.7
"de0748c9-ed32-4a7c-aaaa-cfac23ec5299",0,0,0,0,1,3.81228916895411e-17,0.000387611922942591,1,0,1,1
"a9d44a1b-d434-4181-af20-6aa8a2401157",1,1,0,0,2,4.54656799853299e-17,0.000387611922942295,2,0,1,1
"33ca19f4-18c8-4411-98df-ac23890ce9f5",0,0,0,0,1,0,0.000148471002979585,1,0,0.423076923076923,0
"37e892e8-b7df-4a03-af0f-ae61903735fa",0,0,0,0,1,6.99989952830346e-18,0.000217167805144285,1,0,0.571428571428571,1
"f4415bee-fb5c-4a7e-acaf-09041992aa35",1,6,0,0,4,2.54031764418153e-17,0.00038761192294248,4,0,1,1
"02861daf-f923-49fb-90e3-3ec44a600433",1,1,0,0,2,4.69761487662087e-17,0.000387611922942038,2,0,1,1
"d6c37074-0155-46a3-8af2-338a4f625afc",0.733333333333333,11,4,0,6,4.25198384742715e-05,0.000439676301744289,4,5.08568101082996e-07,0.149346475251768,0.666666666666667
"450901b7-6138-4ca2-83c3-81b7b0e5acd9",1,6,0,0,4,0.0158552316393157,0.000184197190088324,4,0,0.236953935067143,0.75
"78d140d8-66f6-483e-9bed-fad417405771",1,6,0,0,4,2.25738881352178e-17,0.000387611922942342,4,0,1,1
"593d9667-e32b-41f3-a42f-1d1bf8e4e399",1,10,0,0,5,0,0.000295987864725525,5,0,0.521739130434783,1
"0c41b966-12e8-4c9b-87ea-af47798987b6",0.5,18,18,0,9,0.00334598894356395,0.000536970078571873,6,0.00211767757290959,0.18661311914324,1
"3ebf1451-e5db-4cb9-b140-7ba22ba83a8d",1,3,0,0,3,0.0010657184061794,0.000195576235692416,3,0,0.206886316414366,0.666666666666667
"e68f2984-b0e9-42d7-b132-9570b7c75e29",1,3,0,0,3,4.11848202502171e-17,0.000387611922942497,3,0,1,1
"2d973513-8faa-48c0-b30d-6bd59d6918ca",1,1,0,0,2,4.90211061867212e-17,0.000387611922942295,2,0,1,1
"7c9c8018-bae6-4d06-b201-643f5eb1c39f",1,3,0,0,3,0.000165556869571217,0.000230633531178329,3,0,0.17780612244898,0.333333333333333
"0fb41597-d1a0-480c-93f3-9ecd8b2daa0d",1,1,0,0,2,5.29418217340509e-17,0.000387611922942038,2,0,1,1
"76bf7aec-83f0-47a9-8964-eea180b99ac2",1,3,0,0,3,0.000638703328768078,0.000181742779391005,3,0,0.178832584990378,0
"73287780-d7a2-4e33-a1a4-0db62e9cb050",1,10,0,0,5,4.00583598924923e-07,0.000378087057993042,5,0,0.13463395789067,1
"b6fdd3f0-6a85-4089-a6bf-c34939de0150",1,3,0,0,3,3.95083943490806e-05,0.000209503486231022,3,0,0.172909947903746,0.666666666666667
"94dbfe2e-ca48-4e08-a5a8-e1e74136c63d",0.766233766233766,177,54,0,22,0.0398041955538492,0.000593374953863672,16,0.000494710924111651,0.233110367892977,0.681818181818182
"c5af5794-9050-4449-b47c-dec1cad48a57",1,1,0,0,2,5.0513837962306e-17,0.000387611922942038,2,0,1,1
"9f6c4f5a-278a-4c46-aaed-bf5410f013c5",1,28,0,0,8,0,0.000441546381390631,8,0,0.666666666666667,1
"05f3353e-e2d9-4344-a3c9-8009dd8e0427",0,0,0,0,1,3.99253891831128e-17,0.000387611922942887,1,0,1,1
"d22f7657-5e76-4ea0-a2e9-49bdc56eeb43",1,36,0,0,9,0.00365265990226526,0.000395302979335579,9,0,0.204009951704961,0.777777777777778
"6100fb19-ce8d-4ad4-873a-0d16d7024c66",0,0,0,0,1,4.10531504379102e-17,0.000387611922942591,1,0,1,1
"4115e0de-8fd0-4416-9b9e-43c61290c8ac",0.858974358974359,67,11,0,13,0.0382743139262668,0.000448370013617368,12,0.000170790857222607,0.224512803994202,0.923076923076923
"142b343d-bf5a-428c-a64f-6d1a7566bbe9",0,0,0,0,0,5.25564033535461e-19,5.81417884416849e-05,0,0,0,0
"779f54f8-732b-49b9-8fd8-2e9538a272ea",1,1,0,0,2,4.57844299007417e-17,0.000387611922942038,2,0,1,1
"fc017c37-5f0a-4fd9-823e-9cd8f51e8ece",0,0,0,0,1,3.99348309351811e-17,0.000387611922942591,1,0,1,1
"10587e37-c76a-4530-ac32-86203752cd5e",1,1,0,0,2,4.68644056308686e-17,0.000387611922942038,2,0,1,0
"91faf71d-89f3-4bd6-8a54-3701a0dd753f",0,0,0,0,0,5.25564033535461e-19,5.81417884416849e-05,0,0,0,0
"6e77c1ca-3dbe-42c1-8755-cf77635ff981",0,0,0,0,0,5.25564033535461e-19,5.81417884416849e-05,0,0,0,0
"e3492ea0-5997-4241-a7bf-2fd7fb1bfad1",0.339901477832512,138,268,0,29,0.00744669481189919,0.00121508383785569,15,0.00927975063651089,0.226445743989604,0.931034482758621
"7f56e48d-50d8-441d-a346-22ada2e4e284",1,6,0,0,4,2.16734020618611e-17,0.000387611922942609,4,0,1,1
"cce12765-786d-410b-8ed0-8cd9f1b2cd6f",1,1,0,0,2,5.15959633093335e-17,0.000387611922942038,2,0,1,1
"b2c2d4fe-8c1e-44ec-8be6-ff500e105a90",0.333333333333333,2,4,0,4,5.80265418316143e-17,0.000488716377114609,2,1.61470372093851e-05,0.3,0.5
"7d79dff5-0bff-4b29-88d3-9e8ab19b6f2d",1,3,0,0,3,3.27294755448255e-17,0.000387611922942497,3,0,1,1
"c96af26a-6b62-4190-b707-20c057e31c17",1,3,0,0,3,2.80220021855389e-17,0.000404138550972088,3,0,0.8,1
"0d79fe8e-ba27-4859-bb8c-2f255f346853",0,0,0,0,0,5.25564033535461e-19,5.81417884416849e-05,0,0,0,0
"674bf89f-8e70-4472-929d-6b4ed6f98c88",1,6,0,0,4,4.22859319290752e-05,0.000365019866335055,4,0,0.16415449835139,0.5
"d5d97b2b-b83b-4976-814a-056d9076c8c3",1,15,0,0,6,0,0.000321698166945576,6,0,0.65,1
"c2e49f7a-cd6f-48ca-8596-b03614ea4fe8",0.866666666666667,39,6,0,10,0.016433293794176,0.000407924641583051,9,3.81426075812247e-07,0.215023908684251,0.9
"dcd95aa4-f3ff-492d-a621-8518ada0f58b",1,1,0,0,2,4.91348043718944e-17,0.000387611922942038,2,0,1,1
"65f227f7-6d11-4eb7-b0ed-ad87599d2b0a",1,3,0,0,3,0,0.000270118667019371,3,0,0.666666666666667,1
"85de81eb-23d1-4536-b757-e0dda9c57129",1,6,0,0,4,0.00389745318393025,0.000278362575514046,4,0,0.178557704624055,1
"fb408407-e377-48c7-9df7-81dec8dd9099",0.875,105,15,0,16,0.0528957568098762,0.000509357691142343,15,0.00108323869808866,0.227517545291333,0.9375
"49a0caf5-d4f5-4571-b360-211990f63194",0.247368421052632,47,143,0,20,0.00691133669472891,0.00084239004163278,7,0.00871807751629613,0.230756497268664,0.45
"59b5ea0e-a532-4128-9b35-7cc38c58e6e8",1,1,0,0,2,1.96618290450378e-17,0.000317511894324954,2,0,0.75,1
"5851d2ff-a9ce-49bf-bafb-08574cc22d69",0.523809523809524,11,10,0,7,0.0070666573864837,0.000324166582124758,5,0.000268392796693257,0.224585145803125,1
"e16cc224-7803-46cb-8615-ccf9068199a1",1,3,0,0,3,2.91454641103293e-17,0.000404138550972053,3,0,0.8,1
"6fca9aa3-8e72-40c0-bac9-7c4b73c9786e",0.75,27,9,0,9,0.00115065587512676,0.000436862996227837,7,0.000147265194960052,0.197226938313526,1
"d6b93263-0f35-4fa7-a8a3-ab430275749e",1,3,0,0,3,3.58600948224027e-17,0.000387611922942497,3,0,1,1
"79c21416-2c9d-4d91-92c0-94fdf6ee5df9",1,15,0,0,6,0,0.000387611922942153,6,0,1,1
"f434ae2b-b203-490d-a8ac-aa9cd51c0e73",0,0,0,0,0,5.25564033535461e-19,5.81417884416849e-05,0,0,0,0
"cb525a30-b590-448f-b94d-fab86e0e8756",0,0,0,0,0,5.25564033535461e-19,5.81417884416849e-05,0,0,0,0
"20244d07-534f-4eff-b4d4-930878889970",1,3,0,0,3,3.36637012189426e-17,0.000404138550971882,3,0,0.8,1
"186edc09-db32-4d4f-ba71-eed418630c83",1,6,0,0,4,7.52437250631468e-06,0.000254345304423439,4,0,0.155632466227532,1
"22804f50-38f7-4639-a2a8-a790c4c10108",1,3,0,0,3,4.22590495691252e-05,0.000221820702888832,3,0,0.164522601203824,1
"8456e9f7-debf-4579-a86c-33a325a35d2d",0,0,0,0,1,3.95678888085899e-17,0.000387611922942591,1,0,1,1
"2e89c3b1-dc28-4eca-945c-50cdb041e494",0.466666666666667,7,8,0,6,0.00275355535155006,0.000366925154372326,4,6.61510258550245e-05,0.191852463528764,0.333333333333333
"10adbe5e-a2c0-4bf3-8249-2b4cbf6e6ca8",0.496732026143791,76,77,0,18,0,0.000742786415029637,9,4.75511174512601e-06,0.515151515151515,0.277777777777778
"0f550ce5-470b-46e4-a199-0a7e7ab553dd",1,1,0,0,2,4.68642283657753e-17,0.000387611922942295,2,0,1,1
"e9ac8a5f-da51-496d-b2f0-9b42090232dc",0.666666666666667,24,12,0,9,0.00210992094262188,0.000374195716886606,6,0.0005152973979512,0.211404306945708,0.777777777777778
"ffb77292-9712-4d03-94aa-bdb1d4771d38",0.6,6,4,0,5,4.4930130452333e-17,0.000484262232434058,3,1.52570430324899e-06,0.555555555555556,0.6
"19ffc3c3-9d92-46ad-b8e1-52c7212fe010",1,21,0,0,7,0.0300151962925451,0.000254603430853429,7,0,0.221234724646881,0.571428571428571
"415e30a0-116b-4a4f-8cbf-8d0f6406bbab",1,21,0,0,7,0,0.000387611922942188,7,0,1,1
"46f70f03-d259-4314-b926-2db36c28d86f",0,0,0,0,1,3.96314639675774e-17,0.000387611922942591,1,0,1,1
"f93bac9e-b20a-403e-abc9-06a2fc151df1",1,10,0,0,5,1.03332198726623e-05,0.000363184437686864,5,0,0.15112749349523,0.8
"ae002c5d-aac6-490b-a39a-30aa9e2edf2b",0.533333333333333,24,21,0,10,0.0012221947151826,0.000585351428815738,7,0.00106112734290967,0.192116868798236,1
"9ed34f6b-8429-4e14-913c-bdf3c932fe87",1,6,0,0,4,4.09063107788029e-09,0.000343046790892131,4,0,0.102901011294013,1
"081a2d60-9791-4e05-a075-f1890355eeee",1,15,0,0,6,0.00457393041175493,0.000348929958942735,6,0,0.189711486118672,0.833333333333333
"fce14ef9-e1df-4821-a4cd-e2ef9045460e",1,6,0,0,4,0.000518551496856913,0.000288138292284892,4,0,0.164231856738926,1
"3f611c40-fa51-426f-9c4a-d71950de7622",1,1,0,0,2,4.87439953833071e-17,0.000387611922942038,2,0,1,1
"2d92239c-44c5-47c5-afe0-44baf9b64629",0.361111111111111,13,23,0,9,6.46041754222586e-05,0.000459539747200042,5,0.000539306653628655,0.168663036902601,0.444444444444444
"183da50a-b033-408e-862b-cab1c2425cff",1,3,0,0,3,9.60232098447547e-07,0.000255746321144226,3,0,0.145390070921986,1
"3f12a151-46d1-4814-bb14-4d1b05e6a30c",0,0,0,0,1,3.9653760038509e-17,0.000387611922942591,1,0,1,1
"c24d48ad-6cf5-4391-aad4-5ed02ba1580e",1,15,0,0,6,0,0.000338407482428451,6,0,0.396825396825397,1
"db4713f0-54ed-4da6-9932-ef70d065402f",1,1,0,0,2,5.25837189288076e-17,0.000387611922942295,2,0,1,1
"ab966c0f-e526-46ae-b492-82c27b87f81f",1,1,0,0,2,4.85318980247053e-17,0.000387611922942295,2,0,1,1
"233fc3f3-6de2-465c-985e-e721dbabbace",1,6,0,0,4,2.18722297561057e-17,0.000387611922942342,4,0,1,1
"d74e306c-14fe-4816-a821-b2ec554f9edb",1,1,0,0,2,5.21569935433289e-17,0.000387611922942038,2,0,1,1
"539b1c6c-4414-4b6a-8b3e-1e114fc00b30",1,1,0,0,2,5.03609356792619e-17,0.000387611922942038,2,0,1,1
"ba0e7638-0cd6-4ff4-8987-c3e224d22c23",1,3,0,0,3,3.85457217436871e-17,0.000387611922942497,3,0,1,1
"9f75277c-b283-4846-ac8c-f932255cd0ac",0.379084967320261,58,95,0,18,0.0362730462143339,0.000702405515476815,10,0.00432822625527288,0.244776119402985,0.444444444444444
"de5d7601-f6fa-4efa-ae3f-7005a2b89a1b",1,6,0,0,4,0,0.000291332753936519,4,0,0.5,1
"e30acb2c-cb87-4fdb-aa77-bcc658b79e6e",1,21,0,0,7,0.00180424685786508,0.000325800356620938,7,0,0.206886316414366,0.857142857142857
"51eaa05a-762b-4b7d-a6ca-91b4391677d8",1,6,0,0,4,0.0043790787056259,0.000256821873225304,4,0,0.185323052379686,1
"f6503f59-ac71-44b9-a376-1bbc43f74d94",1,1,0,0,2,1.21501058158405e-17,0.000294283177458275,2,0,0.6,1
"e1657344-3f5c-46c5-ae1f-4be0086616e2",1,105,0,0,15,0.00711978265539305,0.000497928010116053,15,0,0.220047355958958,0.933333333333333
"d45e5fba-2475-4c2a-ad8a-085a53b83f87",1,3,0,0,3,1.86792267419872e-17,0.000350306899188549,3,0,0.341463414634146,1
"751211d7-1ddb-41d7-bb2e-06af49c08fac",0.785714285714286,22,6,0,8,0,0.000441242680660436,6,8.89994176895243e-07,0.75,1
"3de93aad-ff09-42a8-bb3e-c724f9ff4061",1,190,0,0,20,0.903585867658377,0.000507526612083644,20,0,0.210161314638927,0.85
"c8b868fe-6217-4908-b73a-fc7ecf605b8a",0.485714285714286,51,54,0,15,0,0.00068113465107066,7,6.40795807364575e-06,0.8,1
"87c5dedd-371d-4a53-9f7f-80522fb7f3cb",0,0,0,0,1,4.00648403435279e-17,0.000387611922942591,1,0,1,1
"c20ee61f-071f-4e65-9c81-45ee931a54ce",0.5,3,3,0,4,1.98224376598673e-17,0.000422573174493576,3,5.84853316245445e-06,0.363636363636364,0.25
"bf24ca37-25f4-4e34-9aec-460b94364cfc",0.428571428571429,12,16,0,8,0.000142934192860483,0.000556988856758416,4,0.000458014177707591,0.17578814627995,0
"29b550f2-04a3-4733-b6f5-4e347fac7e11",0,0,0,0,1,4.08119380241745e-17,0.000387611922942591,1,0,1,1
"ca8f5844-3ab9-4071-bdc3-376ca2f44a65",1,6,0,0,4,4.09063107449475e-09,0.000343046790892014,4,0,0.102901011294013,1
"dab79852-9a79-4d03-8d32-80de3cedadba",1,1,0,0,2,5.09230735248301e-17,0.000387611922942038,2,0,1,1
"a42fdc0b-09bc-4a6d-8ae6-db454bf0803a",1,36,0,0,9,0.0159140565064214,0.000366143935988589,9,0,0.214990746452807,0.888888888888889
"2944824d-4c26-476f-a981-be849081942f",1,1,0,0,2,4.95018847148027e-17,0.000387611922942038,2,0,1,1
"34557d8f-ee4a-44ab-ae6e-49bb8ac604d0",0,0,0,0,0,5.25564033535461e-19,5.81417884416849e-05,0,0,0,0
"51e90731-08c0-4f60-89b6-5b78e5844de8",1,1,0,0,2,5.10366510031082e-17,0.000387611922942038,2,0,1,1
"29a63713-6785-479d-aa0c-88c0cb8f9ea0",1,15,0,0,6,0.00464519795128209,0.000350087311002394,6,0,0.188837713356814,0.833333333333333
"ff9542ca-7859-4db2-8796-c1e3c39b9c0a",0,0,0,0,1,2.70081987337897e-17,0.000298565940644882,1,0,0.666666666666667,1
"cfbbf769-1a07-4a23-a23a-a87b5d6c1d19",1,6,0,0,4,0.00504968238049903,0.000205754490021748,4,0,0.221727373946238,0.75
"b0740928-e5bb-42d8-9c0d-0f0ed32867bf",0.35,42,78,0,16,0,0.000813592923945166,7,9.10760707689465e-05,0.471698113207547,1
"fcb6d9df-6cef-4f33-8850-7570bcc99718",1,15,0,0,6,0.0013101217520999,0.000335657676916486,6,0,0.199199771363247,0.833333333333333
"611700cf-27f0-4dc9-ae80-c513a767853e",0,0,0,0,0,5.25564033535461e-19,5.81417884416849e-05,0,0,0,0
"6f7f9c36-a848-46b8-b671-288ab1fa918c",1,36,0,0,9,7.09185359731678e-05,0.000377857187313126,9,0,0.16962764662935,1
"9a775c6e-9346-4b16-a611-cae1b1c6362f",0,0,0,0,1,4.24429809740642e-17,0.000387611922942591,1,0,1,1
"40109988-31da-4449-af1e-68654747dc3e",1,1,0,0,2,4.8061456454982e-17,0.000387611922942038,2,0,1,1
"a8c7ff7a-ebc0-42c7-8828-475decf0ccdd",0,0,0,0,0,5.25564033535461e-19,5.81417884416849e-05,0,0,0,0
"dc443ccc-65ec-4d4e-92eb-e6f951267fb6",1,6,0,0,4,0.000628529340580738,0.00029156415870636,4,0,0.176478035194328,1
"aabb1d9f-be12-45b3-a84d-a1fc3e8181fd",0,0,0,0,1,4.17426872005278e-17,0.000387611922942591,1,0,1,1
"970eed52-c6a3-4616-9f07-e712772ab2f3",1,36,0,0,9,0.00365265990226525,0.000395302979335509,9,0,0.204009951704961,0.777777777777778
"de250d68-9b30-4cfd-8c48-5cf288733bee",1,6,0,0,4,0.00389745318393025,0.000278362575513986,4,0,0.178557704624055,1
"15ee9456-7699-45f0-a83f-e08988ad9621",1,3,0,0,3,3.57779624362764e-17,0.000387611922942497,3,0,1,1
"dac606a0-a7ee-4ae0-9cba-91e8030e21fd",0,0,0,0,1,4.04351203749763e-17,0.000387611922942591,1,0,1,1
"52494f9b-789d-4467-bcaf-9915e70cc8f6",1,3,0,0,3,0.000531259268187905,0.000263652223132248,3,0,0.129529827169671,1
"66fc5bf8-daa4-4241-b378-9bc9077939d2",0.6,6,4,0,5,5.73210879986892e-17,0.000533827583222003,4,1.01713620216599e-06,1,1
"1b6f1ae8-5101-453c-90e5-6dce9cc0d88e",1,66,0,0,12,0.000147232549962904,0.000412783089901504,12,0,0.170749632533072,0.916666666666667
"80c69d16-ccfe-4ee9-b02a-1aaba5db26d1",1,28,0,0,8,2.19201116020541e-05,0.000446681336132125,8,0,0.142375651108161,1
"608be6ef-0690-4b93-ab63-55028bb879d7",1,6,0,0,4,0.000754353582999885,0.000280978177471057,4,0,0.17416291854073,1
"ed536e4c-5039-4751-8f1d-ec496bde8788",1,21,0,0,7,0.00225059603500399,0.000345269331972107,7,0,0.196920468992796,0.857142857142857
"cc7d4686-ea02-45fd-956e-94c1a322558c",0.523809523809524,11,10,0,7,0.00103485998930439,0.000449115576044391,5,0.00070792679670753,0.184196617336152,0.285714285714286
"702d6512-6c3d-4820-9d17-25462ad1a1dd",1,15,0,0,6,0.00127826910653933,0.000350994295601873,6,0,0.177647508602014,1
"8032cf05-d916-4b2a-9c53-6e75d4a24bd8",0.252747252747253,23,68,0,14,0.00621388604091287,0.000808102572863943,4,0.00406236317552054,0.205513784461153,0.857142857142857
"e0f608de-b289-46eb-aba6-bcce89fd9d2d",1,190,0,0,20,0.903585867658377,0.000507526612083564,20,0,0.210161314638927,0.85
"860d7dc2-618d-437e-a3bb-7b91c2d40095",0,0,0,0,0,5.25564033535461e-19,5.81417884416849e-05,0,0,0,0
"31ee774b-6248-48d5-a8b5-0d9bebeaba9d",1,1,0,0,2,1.17081914659805e-17,0.000276246073292001,2,0,0.285714285714286,1
"529a7b1b-f7bd-4c09-9f03-2227ab779a61",1,6,0,0,4,2.4146322156169e-17,0.00038761192294248,4,0,1,1
"f24331eb-da48-430b-ad7d-48796a5b6255",1,3,0,0,3,1.40797434415832e-06,0.000295793979491078,3,0,0.145678754310795,0.666666666666667
"2a2b4909-4b47-49ae-b8c8-35ffb6d47ece",1,3,0,0,3,0.00210283967631305,0.000219789715402516,3,0,0.183711122825514,1
"3260ce89-5eb0-4c6a-89c7-379c0dfc2ab9",0.318181818181818,21,45,0,12,0.00621889849030903,0.000611822385882666,6,0.00106003025360933,0.216796267496112,0.25
"9f6a8346-15f3-4ec4-a632-f5270b0945a3",0,0,0,0,0,5.25564033535461e-19,5.81417884416849e-05,0,0,0,0
"5721c227-4caf-48b1-bbfc-1a4ed3276963",0.169934640522876,26,127,0,18,0.0132737068529675,0.000882634074073604,7,0.00561841235646733,0.250314239540312,0.111111111111111
"6bd5655c-b7fe-48ee-8925-c2d2d8798618",0,0,0,0,0,5.25564033535461e-19,5.81417884416849e-05,0,0,0,0
"3fb75d97-5dfd-4e72-9aee-1904aa4268f4",0.5,3,3,0,4,4.87525450836071e-17,0.000513758378892475,2,3.81426075812247e-07,0.5,0.75
"870df552-bcb0-46a6-b17b-f5f04ff04936",1,1,0,0,2,6.28768375120374e-05,0.000149680891057451,2,0,0.173642252117588,1
"f84eb94a-1953-4955-94bc-e9385c4e43f8",1,6,0,0,4,2.66242453922206e-17,0.00038761192294248,4,0,1,1
"2a7ef045-ca10-4cb5-8fe9-1f5d38e84bc2",0,0,0,0,0,5.25564033535461e-19,5.81417884416849e-05,0,0,0,0
"e13a9aa0-c60c-45e8-9009-010a2752ea8e",1,36,0,0,9,0.00365265990226526,0.000395302979335438,9,0,0.204009951704961,0.777777777777778
"58a5d932-03bd-422a-8456-376fb7e5fba4",1,3,0,0,3,3.67396207679686e-17,0.000387611922942656,3,0,1,1
"7c61a5bc-3d87-46bc-9734-ae86645b36af",1,6,0,0,4,7.52437250631904e-06,0.000254345304423404,4,0,0.155632466227532,1
"a0a54c69-b0d2-4d2a-bcf8-994b8846b0d8",1,3,0,0,3,3.99041244968104e-17,0.000387611922942497,3,0,1,1
"4060586a-8e79-43a1-8397-94458f5b9146",1,6,0,0,4,7.10006850131673e-05,0.000297918282672819,4,0,0.162622491833878,1
"4c501a41-5f23-41c9-a36a-5b86e894e08d",0,0,0,0,1,1.27859007598855e-17,0.000219246475736394,1,0,0.6,1
"9d027d72-790e-40ec-bbb7-61aa613457de",0,0,0,0,0,5.25564033535461e-19,5.81417884416849e-05,0,0,0,0
"38fbbbdf-90be-4fd3-a2d2-9ae29a9a81b3",1,6,0,0,4,0.00135701351335215,0.00022450799513271,4,0,0.208526551982049,0.5
"f2651b63-a44d-4d1d-ba64-d981d971ecd1",0.260869565217391,72,204,0,24,0.022034259981116,0.000970783452365716,8,0.00344840514904638,0.253639010189229,0.291666666666667
"a05b6bdb-d500-4ca8-93de-79aecb4a1ee7",1,6,0,0,4,0,0.000228692390354642,4,0,0.590909090909091,1
"362105d1-8f4f-4ba1-949f-3e70183880b5",1,3,0,0,3,2.89309888336194e-17,0.000404138550971921,3,0,0.8,1
"634fe78e-fc6b-4b2a-ba83-c8c66e13a8aa",0.285714285714286,8,20,0,8,9.46028265476441e-07,0.000731486694421,3,0.00140053123734881,0.149250535331906,0.875
"420c6768-0885-415a-bb59-d6a275121125",1,3,0,0,3,4.31608958367516e-17,0.000387611922942497,3,0,1,1
"a0327dc2-dc76-44d5-aec6-47cd2dff1469",1,1,0,0,2,4.10141979887467e-07,0.00017010261524418,2,0,0.143371387431863,1
"294ae9b7-1ea7-431a-997f-8f28690f3c08",1,36,0,0,9,0,0.000387611922942161,9,0,1,1
"f6af669a-56ea-448a-a044-de76181ada33",0,0,0,0,0,5.25564033535461e-19,5.81417884416849e-05,0,0,0,0
"aa6c3b53-4091-495a-8399-4d3e5e5a404a",1,28,0,0,8,0.000563791970976195,0.000389371074496187,8,0,0.189453655884751,0.875
"36d1c657-7b0e-4578-a4ce-916ec61307ba",0,0,0,0,1,3.85338299619593e-17,0.000387611922942591,1,0,1,1
"c1d4f2ba-cf39-460c-9528-6b827d3417a1",1,3,0,0,3,3.98855634933256e-17,0.000387611922942497,3,0,1,1
"8ab64ebd-200e-47af-a3fc-92540e186214",0,0,0,0,0,5.25564033535461e-19,5.81417884416849e-05,0,0,0,0
"405528df-2632-4730-80fc-83e775a97651",1,28,0,0,8,0.13786832877442,0.000304622940626627,8,0,0.190437158469945,0.875
"7cbc26a8-06f5-4064-b7db-cb9c6a81aaf2",1,28,0,0,8,2.19201116020479e-05,0.000446681336132045,8,0,0.142375651108161,1
"52a6be71-904a-42d4-a81b-ff62f8fe8da8",1,10,0,0,5,4.0058359893172e-07,0.000378087057992957,5,0,0.13463395789067,1
"2c539200-2ad9-40c8-925a-118ed8c7b225",1,21,0,0,7,0.000739069919634944,0.000336774424617477,7,0,0.19122085048011,0.857142857142857
"adab38f4-297d-4af8-9450-4e84697240e7",1,6,0,0,4,1.90139853991744e-17,0.000387611922942342,4,0,1,1
"9e885dfe-5cd3-454f-99fc-d28847de6ce2",1,6,0,0,4,0.000518551496856915,0.000288138292284816,4,0,0.164231856738926,1
"407f2ad5-7f2a-4a03-9be1-199ebb754f0d",0.428571428571429,12,16,0,8,0,0.000447536204712835,5,6.76395574440384e-05,0.490196078431373,1
"be540c02-7898-4b79-9acc-c8122c7d9e83",0,0,0,0,1,3.92596372160677e-17,0.000387611922942591,1,0,1,1
"5b64e344-b2fb-47bd-bd7b-4c793b17d472",0.222222222222222,34,119,0,18,0.0137840378634087,0.000871070842339636,7,0.00947800279950893,0.2431536717251,0.777777777777778
"c10b2fc6-8eb1-41e8-89fc-5ad4ced0e01a",1,21,0,0,7,6.25756778291526e-07,0.000383482771593477,7,0,0.13495982186078,1
"fa4957d7-0de1-4ffa-bf9f-840a622683e8",1,1,0,0,2,3.52714225802364e-17,0.000381298218671947,2,0,0.75,0.5
"b51c672b-85e0-48fe-8648-470a2422229f",0,0,0,0,0,5.25564033535461e-19,5.81417884416849e-05,0,0,0,0
"70047e57-0153-4117-b0fc-a1d2e322e5ef",1,1,0,0,2,4.52316513374285e-17,0.000387611922942038,2,0,1,1
"325ff0e9-6531-48d7-b454-0ea9ab5cd7dc",1,36,0,0,9,0.0084103232217258,0.000389623233869053,9,0,0.215356094546578,0.777777777777778
"3a253016-1d62-487a-9dd6-23c7e9a2b7ff",1,66,0,0,12,0.0380776372440357,0.000400059812889412,12,0,0.224476650563607,0.916666666666667
"6d24f102-5c43-453a-8664-4ee092f441cf",0.6,6,4,0,5,4.01712922120334e-05,0.000512302844206152,4,0.00070792679670753,0.163884316952739,0.2
"bbbe3da3-0563-429f-8394-5c546cc8b9bc",1,21,0,0,7,0.00872160410630962,0.000352792492616845,7,0,0.19614464612354,1
"9ef62999-43b9-408f-9bc8-434b005c388c",1,66,0,0,12,0.000147232549962927,0.000412783089901425,12,0,0.170749632533072,0.916666666666667
"ceb3f5b7-9f1a-430f-afbe-976fdcf30482",1,6,0,0,4,0.000259356378945955,0.000265295634155654,4,0,0.17333996518279,1
"99075985-0d80-4692-a15e-b16f78831792",0,0,0,0,0,5.25564033535461e-19,5.81417884416849e-05,0,0,0,0
"08415f3b-6402-4800-8d62-4d6d1557b85b",1,21,0,0,7,0,0.000347976105446361,7,0,0.606060606060606,1
"3bd2a147-7d1d-4cf6-b13b-1f3ae1246c58",1,36,0,0,9,0.0277068939187004,0.000307874748509039,9,0,0.225092846762474,1
"03f3deb7-0419-4bf9-a1e7-511946385717",1,21,0,0,7,0,0.000387611922942092,7,0,1,1
"44f42386-a733-4b51-8298-fe5c807d03aa",0,0,0,0,0,5.25564033535461e-19,5.81417884416849e-05,0,0,0,0
"ee88db2a-042d-4f39-9a97-d3482dee7dba",1,21,0,0,7,0,0.000339959672945278,7,0,0.606060606060606,1
"a66999a7-ae5c-460e-ba94-1a01143ae847",0,0,0,0,0,5.25564033535461e-19,5.81417884416849e-05,0,0,0,0
"4593d49a-7f67-46ba-9ec0-126bd676286f",0,0,0,0,0,5.25564033535461e-19,5.81417884416849e-05,0,0,0,0
"e16bd03f-a317-4e84-923c-086f51ee8b4b",1,6,0,0,4,2.4443337600431e-17,0.000387611922942342,4,0,1,1
"c7423e0c-ab3e-4ab4-be10-cdff5a9d3062",0.666666666666667,10,5,0,6,3.86898348160651e-17,0.000496636113012917,4,4.66187425992746e-07,1,1
"502cf908-9921-48bc-bf0e-265c881c0156",0.5,3,3,0,4,1.63415169145177e-10,0.000480193422128614,3,0.000354217682404307,0.101559084948273,0.75
"348d9656-7db6-4efc-92c9-69615bd580d8",0.41025641025641,32,46,0,13,0.0120468541137533,0.000492875175291456,8,0.0016128439434979,0.245249824067558,0.692307692307692
"36bfa85f-737b-41db-a8fc-b8825850ffc3",0.428571428571429,12,16,0,8,7.23475914406082e-17,0.000659339868922774,4,4.06854480866397e-06,1,1
"88b0ef74-9da8-4998-8e3b-70687575588c",1,1,0,0,2,4.35266516961065e-17,0.000387611922942038,2,0,1,1
"12eab90b-6b40-40ed-9ab0-b43c5ba09beb",0.666666666666667,24,12,0,9,0,0.000522152568522038,7,1.52570430324899e-06,1,1
"9759df23-f2a5-4887-8926-e62ef15d7e6c",0.666666666666667,24,12,0,9,0.0084044576774786,0.000428065425782224,7,0.000130473747574173,0.220047355958958,0.777777777777778
"bf992f64-5c05-46c5-af86-2267727246b9",1,28,0,0,8,0.0820544021984265,0.000345799115369465,8,0,0.219700551615445,0.625
"49ee6f7f-2c69-42d8-9c06-253c408f72a8",1,1,0,0,2,1.56822956410543e-17,0.000273842797596564,2,0,0.235294117647059,1
"2d4982a6-b093-41aa-8773-619220ea2812",0.454545454545455,25,30,0,11,0,0.00058591656198033,6,8.34051685776113e-05,0.505050505050505,1
"b6d7ec94-830c-44dd-b699-ce66556b7e55",1,1,0,0,2,0.00342918523113145,0.000174396330808372,2,0,0.177466581795035,0.5
"08f6e184-8da3-4715-a299-33e278087082",1,15,0,0,6,0.000275331797724422,0.000335756781474013,6,0,0.177647508602014,0.833333333333333
"f0874fae-9251-4dc8-9a48-2b71f6502a10",1,28,0,0,8,0,0.000355580429096222,8,0,0.447368421052632,0.5
"bc37c604-a619-4ca8-a0f2-44ae1e2c8cc2",1,15,0,0,6,0.000275331797724431,0.000335756781473944,6,0,0.177647508602014,0.833333333333333
"b27d089c-6b08-4067-9293-406cebde0374",0,0,0,0,1,5.14884218820948e-05,0.000124187026482959,1,0,0.166110581506196,0
"8d455809-96b3-4bb6-8829-ea4beb580d35",1,6,0,0,4,2.11086124052491e-17,0.000387611922942342,4,0,1,1
"a96ac800-bfcb-412a-8a63-0a98df600700",1,3,0,0,3,3.63037145910596e-17,0.000387611922942497,3,0,1,1
"4ebb5ad3-9018-407d-8c24-c03011ab9ac6",0.333333333333333,2,4,0,4,9.09848045439179e-17,0.000618819034873657,2,1.01713620216599e-06,1,0.5
"b8ac29a7-6b59-4f49-bcbc-c870b2d56764",1,10,0,0,5,5.48773838979425e-07,0.000325275565191222,5,0,0.134933694705256,1
"8e346269-5371-468b-9d4d-6f8daa278bc3",1,1,0,0,2,1.50903613762446e-05,0.00019906450849412,2,0,0.142288455649689,1
"36aa434c-6823-44b7-b5a6-53bde476c642",1,1,0,0,2,4.75981428626796e-17,0.000387611922942038,2,0,1,1
"db4da9ba-c52b-4df9-876f-7c6db3582256",1,6,0,0,4,2.48782477516112e-17,0.000387611922942342,4,0,1,1
"11e9104f-ad49-4e33-bc7f-6b98862f256a",1,66,0,0,12,0.00196577750174617,0.000421009983995261,12,0,0.206886316414366,0.916666666666667
"192ccbd4-9c06-4302-be05-c2cd494b86d5",0,0,0,0,1,3.98468077163515e-17,0.000387611922942591,1,0,1,1
"000fc734-b7e1-4a01-92d1-f544261b43f5",1,3,0,0,3,2.00665625866675e-17,0.00025763057712088,3,0,0.326923076923077,1
"b2dba0a6-188c-45d9-86a1-877e131e05ee",1,1,0,0,2,2.38921947343722e-17,0.000377683139381174,2,0,0.666666666666667,1
"df918064-70d3-4022-86cc-9c3a1186e63a",1,3,0,0,3,3.78291070203031e-17,0.000387611922942497,3,0,1,1
"e2adad86-2ca4-4a21-a4be-3b5f8ead8452",0,0,0,0,1,3.66555033251411e-17,0.000387611922942591,1,0,1,1
"b7ec322e-3450-4bd0-ac3c-1e2e9744e32b",1,55,0,0,11,0.00439103975956875,0.000404598166211298,11,0,0.208651399491094,0.909090909090909
"4f8ef4a3-40fa-46b5-8773-97686a8424f4",1,1,0,0,2,5.30356492070531e-17,0.000387611922942038,2,0,1,1
"9206c04c-c2e0-46dd-997c-2b31c6be3f1a",0.8,8,2,0,5,3.61629496848771e-17,0.000441157757902265,4,1.69522700360999e-07,1,1
"123814ce-f7f7-44c9-b84d-0088b1e230a4",0.733333333333333,11,4,0,6,1.03975957605278e-06,0.000430163781808272,4,0.000205821748575792,0.145329441201001,0.5
"494e8d09-f85b-4543-892f-a5096aed1cd4",0.164502164502165,38,193,0,22,0.0689164899014994,0.00127861223980665,6,0.0115197374051643,0.226851098454028,0.0909090909090909
"2bab20bf-8dab-4af8-b7b0-ba8e30860261",1,6,0,0,4,6.49823890215732e-18,0.000353645929694554,4,0,0.666666666666667,1
"b3977da4-f899-4328-921b-ecc599a5618a",1,21,0,0,7,0,0.000360071392946899,7,0,0.376811594202899,1
"619cbce5-7bfa-4f46-b2aa-6a19c1e96d50",1,36,0,0,9,0,0.000387611922942083,9,0,1,1
"614e3804-7d34-41ba-857f-811bad7c2b7a",0,0,0,0,0,5.25564033535461e-19,5.81417884416849e-05,0,0,0,0
"044fd265-79dd-43eb-afc4-8b20becf7e17",0.6,6,4,0,5,0.000514883918748604,0.000315174601535491,4,0.00267316574705938,0.195374912403644,0.2
"23793dda-dc14-46b3-8d71-bb38e068fb3e",1,3,0,0,3,0.00362400702831654,0.000152706031323222,3,0,0.215956622773044,0.333333333333333
"415e7f97-1017-48cd-a366-6f2009f6b999",1,3,0,0,3,5.76279212800034e-05,0.000257896250527925,3,0,0.1655975291043,1
"ca891d65-d9b0-4258-89f7-e6ba29d83767",0,0,0,0,0,5.25564033535461e-19,5.81417884416849e-05,0,0,0,0
"1226cb0d-03d3-4021-801a-a74408575abf",1,1,0,0,2,3.4803352131285e-17,0.000381298218671947,2,0,0.75,1
"60b66752-b8ca-4f48-bfd6-b997449c020b",1,3,0,0,3,0.000491965278373235,0.000207893286016646,3,0,0.187214611872146,1
"d17db264-e208-4ab2-8cd0-1e98f4ee2655",1,3,0,0,3,4.38904038185303e-17,0.000387611922942497,3,0,1,1
"f4d5cc07-3bc9-4836-9b15-88a08359bc63",0,0,0,0,0,5.25564033535461e-19,5.81417884416849e-05,0,0,0,0
"b4b5b5a7-feff-47d0-9458-83d0d135a692",1,1,0,0,2,6.83674775371038e-05,0.000192449500528377,2,0,0.16618979494516,1
"0383dadf-2a4e-4d10-a46a-e9e041da8eb3",0,0,0,0,0,5.25564033535461e-19,5.81417884416849e-05,0,0,0,0
"97e69730-3791-423b-9770-287261588854",1,1,0,0,2,4.89722625909075e-17,0.000387611922942295,2,0,1,1
"4bb4e4e4-5f66-4509-98af-62dbb90c45c5",1,3,0,0,3,3.9096458511298e-17,0.000387611922942497,3,0,1,1
"2f4719c5-58c5-4d5d-b09c-b7c5fb1450da",1,6,0,0,4,1.31976999273838e-17,0.000410737869210883,4,0,0.833333333333333,1
"0b427dad-1ee5-48f1-aa4b-026680a3338e",1,6,0,0,4,0.000518551496856917,0.000288138292284735,4,0,0.164231856738926,1
"d616b606-cf6a-4b6e-ab0f-e253b8db6610",0.226726726726727,151,515,0,37,0.00992904719745359,0.00142368193355193,11,0.0113911648551205,0.234443323242516,0.918918918918919
"69a9484c-7f7f-4914-b216-0aa745dcfab4",1,1,0,0,2,5.26898323347134e-17,0.000387611922942038,2,0,1,1
"9167f739-da47-4495-9d63-9c13b40114ac",0,0,0,0,1,3.81801652289126e-17,0.000387611922942887,1,0,1,1
"27638856-79a1-4495-b7da-1912899560c7",1,3,0,0,3,3.66716523537557e-17,0.000387611922942497,3,0,1,1
"3b85c9e2-cb55-4087-91af-6655a8103aec",1,15,0,0,6,0.000219308088119582,0.000373219300098432,6,0,0.157371867238654,1
"d75d1f08-bbb8-4eae-9877-399ca9121197",0,0,0,0,1,1.63333314256498e-18,0.000216045555563773,1,0,0.5,0
"b2fbcd3f-f460-43e2-95c9-6f808d1012cd",1,3,0,0,3,5.76279212800047e-05,0.000257896250527852,3,0,0.1655975291043,1
"1fd47a70-f368-4138-9547-e94caaec89ff",1,3,0,0,3,3.95083943490802e-05,0.000209503486231022,3,0,0.172909947903746,0.666666666666667
"c7b3aae2-719b-4ae9-abe0-3908be6d6f1d",1,15,0,0,6,0.000389200004641587,0.000317151587559491,6,0,0.198688711516534,0.833333333333333
"7441014f-f8f5-494f-81db-ff166fbc078d",1,1,0,0,2,4.6624082947523e-17,0.000387611922942295,2,0,1,1
"ac7e838c-3d95-47c2-92a9-81767ad7c217",0,0,0,0,0,5.25564033535461e-19,5.81417884416849e-05,0,0,0,0
"ba7479d2-1957-49e5-a263-03631539d320",1,55,0,0,11,0.00439103975956875,0.000404598166211225,11,0,0.208651399491094,0.909090909090909
"d2a76e1b-cecc-4500-b445-d55591821cd3",1,1,0,0,2,4.59363341064185e-17,0.000387611922942038,2,0,1,1
"af18a9bc-e4ab-4068-9489-b64e8186fcf1",1,10,0,0,5,0,0.000286177916036454,5,0,0.485714285714286,0.4
"e28d6352-c13e-407b-b72b-7f6cb1785c5f",1,1,0,0,2,5.37393496141345e-05,0.000195960436951207,2,0,0.155580357142857,1
"d9f3f7ca-9963-45c5-85b3-81f306614ff8",0.9,9,1,0,5,2.50955366766127e-17,0.000412199246412563,4,6.35710126353745e-08,1,1
"beccdfc5-5630-4560-a7a3-b48f9a08a5c8",0.602564102564103,47,31,0,13,7.50346367521796e-05,0.000544047806006502,9,0.000147261398241817,0.168540684318704,0.769230769230769
"33243fef-ce1a-4ba7-a81e-ec72e4c5029a",0,0,0,0,0,5.25564033535461e-19,5.81417884416849e-05,0,0,0,0
"7fcbd5bc-738b-4c0d-a837-8dcefaefbb75",1,15,0,0,6,0.00309559418701936,0.000264314058534911,6,0,0.218495297805643,0.833333333333333
"2fa0d3ac-b64c-401a-b0a1-4915ba6cc157",0,0,0,0,0,5.25564033535461e-19,5.81417884416849e-05,0,0,0,0
"3b92d916-a198-414f-8de1-49593cd12704",1,10,0,0,5,0.000973682305118479,0.00026783928227228,5,0,0.199799340690841,1
"f6beac20-5dfe-4d1f-ae02-0b0a740aafd6",1,21,0,0,7,1.16755743697157e-05,0.000342722890082535,7,0,0.144082687338501,1
"5ca1bbb8-5438-4c40-9625-a4e79c261186",1,1,0,0,2,0.000903468458381062,0.000169878100267355,2,0,0.194123381144687,1
"68c34082-c1d5-4399-af9b-3921ca0a6a1f",0.428571428571429,9,12,0,7,0.00510274036942778,0.000548138401187092,3,0.000883213268880803,0.148756802902572,0.857142857142857
"02f314c0-2136-4172-8ea0-07149c77c722",0.666666666666667,30,15,0,10,0.0122828563614607,0.000446339436280634,7,0.000643023456266265,0.21832419733751,0.8
"f2722d5c-de0c-4553-816a-09aec7d94e4c",1,3,0,0,3,0.000850591493317829,0.000239803323848179,3,0,0.196781479390175,0.333333333333333
"e6b5b1a4-fb93-4f44-b2ac-8bec34181b0e",1,3,0,0,3,0.0016393158655866,0.000160052682766946,3,0,0.205665388020065,1
"248ead7d-8058-4e0c-b334-fde70c036f8d",1,3,0,0,3,0.000529961447030301,0.000266875973642897,3,0,0.129529827169671,1
"93ebf0f5-6c34-4e3f-9d03-107c05ba6183",1,1,0,0,2,4.97862170682386e-17,0.000387611922942038,2,0,1,1
"8fb6c2cc-7076-4164-94e2-82dddd3b1d5d",1,6,0,0,4,5.93419455631125e-05,0.00029055810840386,4,0,0.163711098062243,1
"b0270c18-f45c-4a84-948d-078d331fed15",0.571428571428571,12,9,0,7,0.000974327635957049,0.00032003223597067,5,0.000279098115687651,0.194204513792143,0.571428571428571
"af1b83bb-3edc-4443-b771-67a1d235e82b",1,3,0,0,3,3.9259447676481e-17,0.000387611922942497,3,0,1,1
"d25f6294-686a-4569-b1b9-fe64bfef2519",0.308333333333333,37,83,0,16,0.00894865605146372,0.00087168644728076,7,0.0031747363710106,0.196393350239504,1
"5773e6e6-b072-49c9-aad8-940c2f09d48a",1,15,0,0,6,0.000275331797724428,0.000335756781473872,6,0,0.177647508602014,0.833333333333333
"ccccc434-290b-434b-9ff1-0c9e32a1ac8f",0.9,9,1,0,5,5.16742280771669e-05,0.000335576191551801,4,8.83637075631705e-05,0.173728813559322,0.8
"83e71a21-caf7-4e48-8ff7-6512d51e88a3",1,1,0,0,2,1.84718177999691e-17,0.000329810144960061,2,0,0.666666666666667,1
"b1ca2b8e-53b8-4c94-a213-8c9456d49873",1,6,0,0,4,0.00149852871888225,0.000254059122111361,4,0,0.204939723610703,0.75
"c3c82bdc-d9e7-4836-9746-c24ead47ca19",0.611111111111111,22,14,0,9,1.1686038047118e-07,0.000562984630950156,7,0.00141381932101073,0.128550350424198,0.333333333333333
"88d17133-abbc-42db-9526-4e2c1db60336",0.4,4,6,0,5,6.83646560958496e-17,0.000555122708799393,3,1.11884982238259e-05,0.307692307692308,0.4
"751e517d-9663-4692-8c20-942e16d484c5",0,0,0,0,1,4.15251257469528e-17,0.000387611922942591,1,0,1,1
"38912003-efbd-48a3-be23-ff264bf86d85",1,6,0,0,4,0.00135701351335216,0.000224507995132652,4,0,0.208526551982049,0.5
"4ae429fe-735c-4968-8253-a591421b1bd0",0,0,0,0,0,5.25564033535461e-19,5.81417884416849e-05,0,0,0,0
"844ed68b-265d-4c0c-ac22-b44e71455194",1,1,0,0,2,4.9576553367371e-17,0.000387611922942038,2,0,1,1
"ac1f6f40-ca05-4c8a-86b1-ef0ae22a32aa",1,21,0,0,7,0.00225059603500398,0.000345269331972035,7,0,0.196920468992796,0.857142857142857
"860b2707-6153-4e3a-aa57-74d2b42c55b5",0,0,0,0,1,3.98982198838913e-17,0.000387611922942591,1,0,1,1
"8dcc01a3-e6b7-4398-83cd-b7993d9f355c",1,15,0,0,6,0.00118457432489297,0.000330235690191606,6,0,0.187063875469673,1
"faf4cefb-036c-4c88-b93a-5b03dd0a0e6b",0,0,0,0,0,5.25564033535461e-19,5.81417884416849e-05,0,0,0,0
"dc7c8277-d4b6-4bca-bdfe-50eee42536ac",0,0,0,0,0,5.25564033535461e-19,5.81417884416849e-05,0,0,0,0
"c890f46c-7e63-4c53-900f-65ab74878806",0.483076923076923,157,168,0,26,0.0856352563950082,0.000827450213484572,14,0.00230715864278532,0.252627763682494,0.307692307692308
"f90e8b26-9e52-4669-a5c9-e28529c47894",0.3,3,7,0,5,0.0955849050688066,0.000296548213040959,3,0.00246897098873267,0.174489923645012,0.4
"c9dd05a5-6ba4-4e49-88e0-5dbbb637715e",1,1,0,0,2,5.01757872725147e-17,0.000387611922942038,2,0,1,1
"c998d24c-decb-4022-a501-76f72c642411",1,1,0,0,2,1.00376578492362e-05,0.00024060795027515,2,0,0.141036017806556,0.5
"a6871613-8619-4e11-b023-a89690bb9f38",1,15,0,0,6,0,0.000321698166945503,6,0,0.65,1
"bdd935a3-9f19-4b3d-ab39-0953ea3e37b2",1,6,0,0,4,9.24248418571785e-18,0.000359533009487558,4,0,0.833333333333333,1
"535afeda-2538-435d-9dd1-5e10be586774",0,0,0,0,0,5.25564033535461e-19,5.81417884416849e-05,0,0,0,0
"cc3e537d-ff34-423f-8cd6-635a80f4dba7",0,0,0,0,0,5.25564033535461e-19,5.81417884416849e-05,0,0,0,0
"2307602e-a3ce-4f37-bb2b-d54f1980ed5f",0.571428571428571,16,12,0,8,0.00131655421178024,0.000494274582233123,6,0.00070792679670753,0.199256718124643,0.25
"301b45a4-b8b9-410e-8344-4b4eaf96691a",0.393939393939394,26,40,0,12,0.00708971766595182,0.000681543362420176,7,0.00144543500080436,0.227629000653168,0.5
"64b15912-5f96-45cb-9514-3943d1b0f220",0.450292397660819,77,94,0,19,0.0351295173420891,0.000687768480968869,9,0.000818618453789895,0.234719649772689,0.894736842105263
"a17ce9c3-8f6f-4dcc-a1b7-2a04ab9e31f0",0.333333333333333,35,70,0,15,0.00814567416195171,0.000691293778235912,7,0.00382503684024211,0.227035830618893,1
"e5891cfb-6df9-4288-96f3-caf00f668558",1,15,0,0,6,0,0.000299881209421905,6,0,0.588235294117647,1
"af569f23-7661-4bd5-bc00-6280e4799546",1,15,0,0,6,0.0150956312287818,0.000244330749505383,6,0,0.228824688115561,0.333333333333333
"41f1960d-be42-4ca0-8599-8d0fb77ae6d4",1,3,0,0,3,7.96796978997904e-05,0.000286237660071396,3,0,0.15352422907489,1
"b2029169-2574-4305-820f-252a5fde3697",0,0,0,0,0,5.25564033535461e-19,5.81417884416849e-05,0,0,0,0
"a254127c-575d-4df1-a883-12b5a0748b16",0.555555555555556,25,20,0,10,0.00825172501359782,0.000392111964790207,7,0.00100957497663754,0.240261978628059,0.8
"43ac1c53-1275-4296-9d48-ca713d105e8a",1,3,0,0,3,7.253731610159e-06,0.000265513544400547,3,0,0.157407407407407,1
"2f031686-3f01-4f33-a4fc-fb3944532efa",0.6,6,4,0,5,4.17909745630193e-17,0.0004842622324337,3,1.52570430324899e-06,0.555555555555556,0.6
"15e0d608-0869-429b-898d-3d8db3ecedd5",0,0,0,0,0,5.25564033535461e-19,5.81417884416849e-05,0,0,0,0
"164f0d73-1234-4e2c-8743-d77bf2191051",0.110799438990182,474,3804,0,93,0.172257979728552,0.00310338648243462,15,0.0357981379592965,0.270207404535763,0.870967741935484
"0ef9b4c4-4a41-4ad8-9c64-98c0419c0150",1,3,0,0,3,0.00195658845585383,0.000215576330477243,3,0,0.19614464612354,0.666666666666667
"2054c4db-4d37-4748-a355-de7ee7a6d6fa",0,0,0,0,1,3.61990075419991e-17,0.000387611922942591,1,0,1,0
"fd9ca609-a068-44fe-be99-045c0bb63ebf",1,36,0,0,9,0,0.000387611922942003,9,0,1,1
"eebc696c-f861-4e92-8916-28fc86d727ea",1,6,0,0,4,7.52437250632247e-06,0.000254345304423366,4,0,0.155632466227532,1
"3c6a1239-9858-4ec6-8bf2-208fd2659c68",0.9,9,1,0,5,5.1674228077167e-05,0.000335576191551724,4,8.83637075631705e-05,0.173728813559322,0.8
"e6de1f3b-6484-491c-88dd-6d619f142abc",1,10,0,0,5,2.09630642802522e-17,0.000387611922942355,5,0,1,1
"0103c1cc-4a09-4a5d-a344-56ad99a77193",1,1,0,0,2,0.000716568100407788,0.000201299736559872,2,0,0.176277187658068,1
"837555ba-012e-45f1-9a9c-9628da13ee54",0.666666666666667,30,15,0,10,0.0122828563614607,0.000446339436280566,7,0.000643023456266265,0.21832419733751,0.8
"cf15719f-51f9-4db8-a15d-5eed9664ce69",0.296703296703297,27,64,0,14,0.0108465464302034,0.000783180079122267,6,0.00223803014665494,0.214165002304501,0.928571428571429
"ba67b04a-0c85-45b0-93ee-0d0e66fc19df",1,36,0,0,9,0,0.000387611922942003,9,0,1,1
"b629da42-c668-49d2-be67-498605ee2a13",1,21,0,0,7,0,0.00036007139294683,7,0,0.376811594202899,1
"b2c48217-e016-4c72-abb3-d447c90fafcc",1,1,0,0,2,0.00125881052444857,0.00013118050807668,2,0,0.193934335002782,0.5
"4b3392b5-704e-461e-95a3-da8e94c9d4e0",1,1,0,0,2,5.00215203481214e-17,0.000387611922942038,2,0,1,1
"9ceb2b1e-915f-4544-b62f-7a35b7358ed5",1,15,0,0,6,0.00457393041175492,0.000348929958942617,6,0,0.189711486118672,0.833333333333333
"d8f8fcf7-77a4-4aae-8402-af9d624baa67",1,15,0,0,6,0.00101478844136916,0.000286599523080022,6,0,0.200057405281286,1
"bc3e2138-d307-4cdc-a555-9d7dd3d5b6d6",0.6,9,6,0,6,0,0.000371474304104256,4,4.57711290974696e-06,0.409836065573771,1
"5af3997f-8223-44f2-9ac0-662366be34ca",1,1,0,0,2,4.89205337704782e-17,0.000387611922942038,2,0,1,1
"f40bf2d1-1da5-4146-96ab-865242554a66",1,10,0,0,5,1.86199565913349e-17,0.000387611922942234,5,0,1,1
"32b21b39-d65c-4c6e-811c-f5618b6806af",1,1,0,0,2,5.01085526374817e-17,0.000387611922942038,2,0,1,1
"ff4fc9b6-bdcd-44ee-b053-c1ccbe47fe4b",1,6,0,0,4,0.00135701351335215,0.00022450799513259,4,0,0.208526551982049,0.5
"b52c8015-35c5-48e6-ba6b-004698188038",0,0,0,0,1,2.85544004350136e-05,0.000128284089217619,1,0,0.147888818162529,1
"ac9a487a-d9d2-4f27-bb23-0f4686488345",0.366013071895425,56,97,0,18,0.0902678941682869,0.000676898317217169,7,0.00154029314517459,0.245120450149464,0.888888888888889
"12f9b20b-ee20-4e88-a29c-f2a87bd34198",1,1,0,0,2,5.34830451478808e-05,0.000167070912332355,2,0,0.163672654690619,1
"26ecbba4-a425-4d98-8a96-16eed147ff09",0,0,0,0,0,5.25564033535461e-19,5.81417884416849e-05,0,0,0,0
"000269fb-edc6-4331-8624-9b39a0e76db3",1,1,0,0,2,5.25935687083396e-17,0.000387611922942038,2,0,1,1
"f95d0f4f-d344-4acd-bec8-cc512b40f629",0,0,0,0,1,3.94756763375309e-17,0.000387611922942591,1,0,1,1
"eed95a51-77b2-4679-af5d-cf9ab29fdf14",0,0,0,0,1,3.98208481094896e-17,0.000387611922942591,1,0,1,1
"396a9525-0994-4542-b480-c4587feeb476",1,15,0,0,6,0.00454719757775486,0.000319516687206677,6,0,0.18611481975968,0
"e8414012-4a1c-4ad4-be5e-fc55294e28cc",1,120,0,0,16,0.0338786909275218,0.000445190654826122,16,0,0.231062489640312,0.9375
"6602cab2-65b5-4341-99c5-b05fa897f256",1,6,0,0,4,0.000331514789324658,0.000249289999160313,4,0,0.179246496078179,0.75
"5c61efe6-3cdf-4160-b43c-9274944369e6",0,0,0,0,0,5.25564033535461e-19,5.81417884416849e-05,0,0,0,0
"bd81d921-581a-4fb3-81d2-05c690a28587",1,91,0,0,14,0.0567514142355324,0.000454205663365495,14,0,0.228113238422517,0.857142857142857
"16f456c9-e23b-4675-ab6a-fd295712c256",1,6,0,0,4,0,0.000239843997447899,4,0,0.481481481481481,1
"4b585938-f271-45e2-b19a-91c634b5e396",0,0,0,0,1,4.05607115272436e-17,0.000387611922942591,1,0,1,0
"ad4eaf35-0e7b-4c35-a7a5-f1bf9ef0d93f",1,10,0,0,5,0.000355108211994105,0.000346532000105913,5,0,0.167850692354004,1
"1c5b9bd6-76e8-4fe7-a6df-3bc0b5a452cc",1,3,0,0,3,0.0005299614470303,0.000266875973642812,3,0,0.129529827169671,1
"6d063567-dbf9-4b2a-bd11-1a4450cd93ca",0.611111111111111,22,14,0,9,0.0307538472230838,0.000347752443424737,7,0.00150281841295192,0.226629816290034,0.666666666666667
"28b1e14e-fada-48f0-a8df-fece056f336a",1,10,0,0,5,1.03332198726628e-05,0.000363184437686787,5,0,0.15112749349523,0.8
"9757ae7d-44b1-4d63-81ce-b463fe27b9ae",0.714285714285714,15,6,0,7,0.00552383766620076,0.000368090803114347,6,0.000354217682404307,0.230299025276722,0.571428571428571
"47577aa8-6f71-4840-9f1e-57b7319f546d",0.8,12,3,0,6,9.67061737810515e-05,0.000307089244821254,5,3.91768305952524e-06,0.173642252117588,0.833333333333333
"31f2ed7a-c22f-4ae3-a83c-eee7f6133324",1,28,0,0,8,0.00940358171524053,0.000318660784906035,8,0,0.223756019261637,0.875
"c5b36445-aada-47a0-ab26-1681f948139e",1,10,0,0,5,0,0.000326676818161715,5,0,0.354609929078014,1
"2393ba5a-0749-4845-ade2-f187999ed044",0,0,0,0,1,1.51105995256385e-06,0.000117528693079182,1,0,0.141984110816867,0
"dff0d392-4cd5-4052-9fbb-f485df3891e5",1,10,0,0,5,0.0659794843918298,0.0002170098151397,5,0,0.215057081147794,1
"7c20f558-d664-42bd-b6f1-81acf9dbb72d",1,1,0,0,2,6.05353019602808e-10,0.000218403509755211,2,0,0.102319436288902,0
"c025f0d3-c7ea-4d72-9678-98f55b25ea14",1,1,0,0,2,0.000378285267348047,0.000161880033825667,2,0,0.179685485949987,1
"fb8119a1-596c-41ff-bc98-0c0659fbda37",1,1,0,0,2,0.000496690107794008,0.000160796375513125,2,0,0.188684353004873,0.5
"0211be88-dc0f-4002-a1de-4001bb359d51",1,1,0,0,2,4.17231064543689e-07,0.000210930088610218,2,0,0.140538360721847,1
"3cb25fb2-5547-4b05-adec-1a5e37830d46",0,0,0,0,1,3.97648988983956e-17,0.000387611922942591,1,0,1,1
"3241363a-f7c0-4d3d-b154-d0b7132067b4",0,0,0,0,1,3.77625934907468e-17,0.000387611922942591,1,0,1,1
"fc63a914-272d-4b95-9221-61adcce6f793",0,0,0,0,0,5.25564033535461e-19,5.81417884416849e-05,0,0,0,0
"29eead4d-3793-4625-8727-c03edbb38b8b",0.266666666666667,28,77,0,15,9.30211452467414e-05,0.000844819019881044,5,0.00111426240529736,0.179523502897618,0.866666666666667
"d5709a02-30e0-4967-92ba-e584d8c21c72",0.4,4,6,0,5,0.00019051256514745,0.000531974582074734,3,0.00070792679670753,0.159789087574507,0.6
"13bcb2bb-db37-4397-baf5-e0f085be2d64",0.581818181818182,32,23,0,11,0.0783694236728985,0.000442274731871614,7,0.000191199362793114,0.231446123194421,0.909090909090909
"b8a7c51f-362c-4dcb-a259-bc6e0095f0a6",0.5,3,3,0,4,0.00019407446189412,0.000312503501705503,3,0.000688315729689831,0.181865622961513,0.25
"b904d624-9e05-4398-8f4f-88fbcf022f79",0,0,0,0,1,3.7567718728603e-17,0.000387611922942591,1,0,1,1
"2abc5fbb-f1fc-4f6f-9150-c701233e2086",1,21,0,0,7,0.00121274694826052,0.000377610186512477,7,0,0.192037470725995,1
"a9044915-8be3-4c7e-b11f-9e2d2ea0a91e",1,3,0,0,3,5.67220901615611e-07,0.000227338497297038,3,0,0.143386134540218,0.333333333333333
"216e79a8-2243-4c25-8b0b-44c96c0cc55d",1,1,0,0,2,0.000320592056109103,0.000161972364620523,2,0,0.17416291854073,1
"dfe7421a-e4a8-4330-8fc0-f69777e7b707",1,3,0,0,3,3.60028832145766e-17,0.000387611922942497,3,0,1,1
"0f50beab-d77d-4f0f-ac26-0b87d3e9b11b",0.290909090909091,16,39,0,11,0.000256805054524534,0.000822092961593496,4,0.00285684083658857,0.17541210519693,0.181818181818182
"23c8056b-ee13-4cfc-a772-2f5292e35bb5",0.545454545454545,36,30,0,12,0,0.000588104683879553,7,1.44941908808654e-05,0.52,1
"f82bc155-c490-4b5f-bc5c-8462ecbdef01",1,6,0,0,4,2.32955893677201e-17,0.000387611922942342,4,0,1,1
"512161f9-5225-4f6a-b770-94acfcfe5da4",1,21,0,0,7,0.00047198797282804,0.000329428241914442,7,0,0.188812135988081,1
"f8c5d264-c107-4fa6-806c-d7951624a477",1,1,0,0,2,7.73397991696215e-07,0.000257913663227845,2,0,0.134115836059265,0.5
"603198dd-1269-4100-b802-f0c7f4e40b4c",1,28,0,0,8,0.0010030037466697,0.00034991846021161,8,0,0.195457094784072,1
"0d21c07a-387b-4374-a193-0d85e90b6bdc",0,0,0,0,1,4.02054481789252e-17,0.000387611922942591,1,0,1,1
"622b6000-ff0d-4ab3-9e98-c4916f3692c3",0,0,0,0,0,5.25564033535461e-19,5.81417884416849e-05,0,0,0,0
"2f67ee1b-164a-4cc1-9d8e-7fa5f67d4b45",0,0,0,0,1,1.22353639307327e-05,0.000112861321091447,1,0,0.151670112066152,1
"f81cf9ba-53fc-4b02-88ca-853689320111",1,1,0,0,2,2.33664303014508e-17,0.000329810144960061,2,0,0.666666666666667,0.5
"2588180b-9819-46b3-93c9-0fa89dd199b5",1,10,0,0,5,0.000550448569206452,0.00032640665922863,5,0,0.164251207729469,1
"33c573df-4e2a-4e28-a27a-13382af11fe5",1,1,0,0,2,2.43333794519807e-17,0.000329810144960149,2,0,0.666666666666667,1
"7ef691ec-b82a-4c58-852a-45ae2ed6d7b6",0.555555555555556,25,20,0,10,0,0.000551390334004106,6,3.55997670758097e-06,0.857142857142857,1
"9c802738-0e1c-4494-9458-0a4e6920755f",1,1,0,0,2,6.84835189609437e-06,0.000243585111186501,2,0,0.151078356995773,1
"a0e8a1b1-5f8f-475a-a253-17415c17d0ff",1,1,0,0,2,5.04727808702707e-17,0.000387611922942038,2,0,1,1
"a0723a3c-4135-438e-85c5-012712144ede",0.352941176470588,48,88,0,17,0.0148068008687912,0.000663258584853204,8,0.000940801875820816,0.220814192935213,0.764705882352941
"62bb6e21-a116-45a0-bbc5-6c13c8ed97e6",1,15,0,0,6,0,0.000321831564823977,6,0,0.464285714285714,1
"ab1a3f85-e0ea-470a-af5c-175447ae774c",0.466666666666667,7,8,0,6,0.0137989696944336,0.00040662748292039,4,0.00070792679670753,0.213934929404543,0.666666666666667
"46f29ffe-7479-4365-bfd0-fd8f2bb1c7bf",1,1,0,0,2,4.73316589401962e-17,0.000387611922942038,2,0,1,1
"cbf9738d-8f81-4a92-bc64-ede09341652d",0,0,0,0,1,2.01282886574431e-18,0.000138525707749755,1,0,0.5,1
"db03280b-e3c2-4ba6-8f62-75c30eee1118",1,10,0,0,5,4.84178230526212e-05,0.000239850684935859,5,0,0.168296510925993,1
"cde7d2d7-0177-4301-88a5-a21e10006b01",0,0,0,0,0,5.25564033535461e-19,5.81417884416849e-05,0,0,0,0
"381086ea-f511-4aba-bdf9-71c753dc5077",0.275,33,87,0,16,0.000881539721246215,0.000855428813099151,6,0.00391510319754851,0.210066305003014,0.5625
"ca1dcba2-792c-4550-abf2-7b45396e81ca",0,0,0,0,0,5.25564033535461e-19,5.81417884416849e-05,0,0,0,0
"1e9177d5-7804-4b2d-b270-9127a2c47259",1,1,0,0,2,7.70419280363522e-08,0.000236638605527425,2,0,0.130316911283537,1
"bce2ec89-f0c6-45b7-bd83-5defc66e6bc2",0,0,0,0,0,5.25564033535461e-19,5.81417884416849e-05,0,0,0,0
"488d4c04-9ab1-4cd1-a061-efac28c5261d",1,105,0,0,15,0.0526209433176867,0.000441089041119737,15,0,0.226998860120502,0.933333333333333
"16f7e748-59b4-4705-959c-9276be0ebf6a",0,0,0,0,0,5.25564033535461e-19,5.81417884416849e-05,0,0,0,0
"c6160117-ebe4-44ba-8f00-da8ecaa0c80d",1,3,0,0,3,1.59169123354281e-05,0.000264143290117084,3,0,0.142302980808493,1
"3e067675-95e9-4d57-b493-45c10272d14b",1,10,0,0,5,0.000355108211994103,0.000346532000105826,5,0,0.167850692354004,1
"16243662-8538-4746-a0fb-0d15b5828b8e",1,3,0,0,3,1.27829004074471e-17,0.000350306899188382,3,0,0.341463414634146,1
"e56aee57-d90e-40cf-a70d-beb70f6f3c69",0.5,3,3,0,4,0.00151990674243679,0.000324917119275772,3,0.000354217682404307,0.181085996362692,1
"1ecff755-607d-4130-9a8a-8873f27e5de5",0.666666666666667,4,2,0,4,3.16604438023929e-09,0.000442399791262436,3,0.000530182245379023,0.115512098110706,0.75
"89ea85c2-c90a-46ea-93db-9bed95d5c8f8",0,0,0,0,0,5.25564033535461e-19,5.81417884416849e-05,0,0,0,0
"ebfc1398-8d96-47e3-82c3-f782abcdb13d",0.222222222222222,10,35,0,10,1.48359832073011e-06,0.000916769526314537,3,0.00178051668522652,0.149811929070392,0.9
"0a622da7-a691-49fe-be58-20d829e695f4",1,3,0,0,3,4.39090719249355e-17,0.000387611922942497,3,0,1,1
"01d3c51b-9b98-418a-8d8e-37f6fab59d8c",1,3,0,0,3,1.70630626846351e-05,0.000262168308094288,3,0,0.167769888073174,0.333333333333333
"a6be1f1c-548d-48c2-a207-fa79fa4ffefc",1,3,0,0,3,0.000668954482505338,0.000173643202449089,3,0,0.183686915272104,0.333333333333333
"67930b3e-e00b-469f-8c74-fd69f20522ec",1,6,0,0,4,1.02037152123849e-05,0.000286333598696582,4,0,0.148077331633737,1
"04c39fec-5b44-4f11-9c73-af4f562334c7",0.24031007751938,217,686,0,43,0.0231218144933903,0.00148573245067754,15,0.0124693794917968,0.258339510748703,0.813953488372093
"83b9cbe7-9857-49e2-ab8e-b57b01038103",1,6,0,0,4,2.88196795722405e-05,0.00031168789752956,4,0,0.149314481576692,0.75
"7692fa75-533f-425c-a2b2-7d8330d1926f",0,0,0,0,1,3.59469086131762e-17,0.000387611922942591,1,0,1,1
"e1a3a069-1ffa-4b46-b549-c11cf9b2b4d0",1,6,0,0,4,0.000628529340580744,0.000291564158706292,4,0,0.176478035194328,1
"a0d62b71-62c8-4cff-b708-64c1be011202",1,1,0,0,2,0.00053310838759132,0.000179800102052798,2,0,0.179662327619539,1
"ba2a6b88-f467-48d0-a503-5f098aefd54e",1,1,0,0,2,3.25375271713453e-17,0.000381298218671947,2,0,0.75,1
"b65c975f-4eaa-4bd4-9d10-704a80e92548",1,3,0,0,3,0.00022091025628675,0.0002510847668208,3,0,0.159496567505721,0.666666666666667
"dfe9a7c4-8cf2-47f4-9dcb-d233c2b86ec3",1,6,0,0,4,1.80588088518084e-17,0.000387611922942342,4,0,1,1
"9689aa5a-4471-4fb4-9721-07cecda0fa9f",0.9,9,1,0,5,2.89544667041381e-17,0.000412199246412434,4,6.35710126353745e-08,1,1
"5139d541-5d2c-4e4a-804d-b4437d985be0",0.321052631578947,61,129,0,20,0,0.000940364232928493,7,2.54792618642581e-05,1,1
"bbc5b66b-d037-4f26-aecf-0b129e7f876a",0.777777777777778,28,8,0,9,0,0.000530367662700332,8,3.81426075812247e-06,0.695652173913043,1
"9c2b375c-ce68-44a8-90ac-e06b177f43f9",0.714285714285714,15,6,0,7,3.18195161631621e-06,0.00047135432278898,5,0.000155871453774168,0.159332495142302,0.571428571428571
"0ef3f425-9bd2-4216-9dd2-219d2fe90f1f",1,6,0,0,4,2.47030917856067e-17,0.000387611922942342,4,0,1,1
"9a6a4007-d50a-4bf6-9014-40808a498af3",1,1,0,0,2,5.03541472481441e-17,0.000387611922942038,2,0,1,1
"917db695-9ae2-47c1-85ca-5b074e5cbd75",1,10,0,0,5,0,0.000297658589213225,5,0,0.413223140495868,1
"53f73b92-14d1-4dda-8aec-962457fa17a1",1,1,0,0,2,0.000154015809133039,0.000182124066654722,2,0,0.174883954334462,1
"777a21a8-0d0f-4cf3-86b4-65bc0eba5649",1,1,0,0.786938680574733,2,2.50917304309541e-05,0.00018145157754703,2,0,0.149266516757683,1
"703c557f-82bb-4646-ae2f-b5a3ef3f6148",1,66,0,11.9509587427384,12,0.000147232549962932,0.000412783089902198,12,0,0.170749632533072,0.916666666666667
"25848dee-8562-4a78-b375-3a80b61da629",1,10,0,4.32332358381694,5,0,0.000240697162684271,5,0,0.430379746835443,1
"3e7bcc53-53d4-41d8-afbc-69f82b858fd9",1,15,0,5.50749000825661,6,0.00551100955348418,0.000284999819558569,6,0,0.230260984473076,0.5
"43a0ce3a-a3d5-45c0-b944-bd8f5e021237",0.4,4,6,2.68330035706041,5,5.22021628262662e-06,0.000396050666358434,3,0.00211767757290959,0.147092961907777,0.4
"89aa5ecb-59ad-46f5-b3eb-2d424e941f19",0.221343873517787,56,197,19.1703869989824,23,0.014268813055569,0.00112037063056667,9,0.00439486196262961,0.237316990125979,0.130434782608696
"0c3505e7-d884-43cf-9028-d318607190a4",1,1,0,0.786938680574733,2,4.7470375219617e-17,0.000387611922942527,2,0,1,1
"04bac789-bf59-4383-8ad7-799d20d969f7",0,0,0,0,0,5.25564033535461e-19,5.81417884416849e-05,0,0,0,0
"e99e2c02-0ca7-4687-897c-efedbe5b98c2",1,28,0,7.75842093262145,8,0.00597537094618433,0.000314861641222592,8,0,0.21003465421124,0.625
"5ab9fb83-59da-4510-941e-fd42189199aa",1,6,0,3.10747935940628,4,0.000551100956517078,0.000279645870457646,4,0,0.188735445437314,0.75
"68cff6ec-3751-4bd5-9254-f4a77fe7e08f",0,0,0,0,1,4.03442801323253e-17,0.000387611922942887,1,0,1,1
"c8975bbf-2778-47ae-accf-c584e644450d",1,21,0,6.65149052142495,7,0,0.000387611922942694,7,0,1,1
"bc601632-cb0c-4a0f-ba09-8f335ce5ca2f",1,15,0,5.50749000825661,6,0.00147231187245271,0.000286779621300446,6,0,0.176545086119554,1
"e6ce60d3-f08d-4f02-837c-5a3022df17fd",0,0,0,0,1,4.04325699658231e-17,0.000387611922942887,1,0,1,1
"b2a55d82-85fb-4ae4-885d-f2b96f1a726f",1,15,0,5.50749000825661,6,0.000219308088119578,0.000373219300098785,6,0,0.157371867238654,1
"d0693759-d13d-4661-871d-0eb8500acecc",0,0,0,0,1,3.91130778786589e-17,0.000387611922942887,1,0,1,1
"7944ed53-2a58-4035-9b93-140a71e41c34",0.285714285714286,6,15,3.79272335297135,7,0.000223153503310695,0.000622661819340569,3,0.00141458217316235,0.159569597069597,0.857142857142857
"63aa26c3-d59b-4da4-84ac-716b54f1ef4d",0,0,0,0,0,5.25564033535461e-19,5.81417884416849e-05,0,0,0,0
"92776515-4c09-4cc0-8f9f-4f8b7218b10a",1,1,0,0.786938680574733,2,4.83651397606878e-17,0.000387611922942527,2,0,1,1
"0b966a38-5ad9-43c1-b86b-c07079523165",0.4,6,9,3.79272335297135,6,0.00211925307765965,0.000467098629222614,3,0.0017660027310107,0.183832256362917,0.833333333333333
"be797221-0117-45e3-81da-996f8d29db62",0.8,8,2,3.91518967205847,5,3.64284093137952e-17,0.000441157757902744,4,1.69522700360999e-07,1,1
"fc4568b6-cbe3-4a3d-8409-28510c19e3e2",1,190,0,19.9985029634022,20,0.903585867658378,0.000507526612084906,20,0,0.210161314638927,0.85
"e888bbab-c4b6-4e06-b93d-4cc388d35059",1,1,0,0.786938680574733,2,4.96948503737042e-17,0.000387611922942527,2,0,1,1
"0a7920d5-135b-4bca-885c-ebd79f0d5d9f",1,1,0,0.786938680574733,2,4.89720464753137e-17,0.000387611922942527,2,0,1,1
"ece590a3-ae0e-4311-bcf3-ee07cfb7b4f0",1,1,0,0.786938680574733,2,0.00015401580913304,0.000182124066654777,2,0,0.174883954334462,1
"a383f062-e527-4a57-98b0-9205b2f8f171",0.333333333333333,2,4,1.57387736114947,4,5.07965249223363e-17,0.000546101250443204,2,4.57711290974696e-06,0.642857142857143,0.25
"4374e50c-f57d-492c-bd70-c11422f7fde6",1,1,0,0.786938680574733,2,2.10883117538052e-17,0.00032981014496043,2,0,0.666666666666667,1
"95095667-9471-4946-a4a3-d0b3eb7edc48",0,0,0,0,0,5.25564033535461e-19,5.81417884416849e-05,0,0,0,0
"ea719716-da05-46f8-bbd5-cc5803db3d0e",1,3,0,1.89636167648567,3,4.09602446228359e-17,0.000387611922942939,3,0,1,1
"f287b207-b425-465f-a103-b912fbb0dd28",0,0,0,0,1,3.93454154325762e-17,0.000387611922942887,1,0,1,1
"f3fc0db0-65e7-49c8-96d9-d0b7c1e23c81",1,36,0,8.83515925000139,9,0,0.000387611922942641,9,0,1,1
"12327d75-47d5-45d9-84c2-3760b9210c17",0.533333333333333,8,7,3.91518967205847,6,3.01467172632424e-05,0.000487643132116643,4,0.000354387205104668,0.149346475251768,0.833333333333333
"b7d92248-97e3-4450-8057-6fe06738f735",0,0,0,0,0,5.25564033535461e-19,5.81417884416849e-05,0,0,0,0
"7e1e5648-1d6a-4248-975a-98603e781848",0.321428571428571,9,19,5.00384103589195,8,0.0516247064128586,0.000431468091024752,4,0.0027770606060859,0.209561034275406,0.875
"46ca8889-f33e-46ae-8379-09f48bc84897",1,36,0,8.83515925000139,9,0,0.000387611922942641,9,0,1,1
"d74dafbd-e974-4393-9d01-3bc2d81e2dc8",0,0,0,0,1,1.48821051125915e-06,0.000127224565491482,1,0,0.129952456418384,1
"aeb6fd9b-6050-43cf-8a8c-6dbcb6ccabfa",1,15,0,5.50749000825661,6,0.00147231187245271,0.000286779621300395,6,0,0.176545086119554,1
"9f0a2d07-e414-4829-85df-b0d801d8ee32",1,3,0,1.89636167648567,3,2.87747598033221e-08,0.000290635744960985,3,0,0.113777342474698,1
"be092119-86ca-40fc-ba92-7626b8568b25",1,15,0,5.50749000825661,6,0,0.000387611922942731,6,0,1,1
"871fe26f-544d-4275-a5dd-af5442d15b92",0,0,0,0,0,5.25564033535461e-19,5.81417884416849e-05,0,0,0,0
"f7b6a303-2abb-42ce-bb7a-b84fa52bb585",1,6,0,3.10747935940628,4,5.65001863317099e-18,0.000338437276002286,4,0,0.833333333333333,1
"373a4c98-a46b-48e4-86ec-f6ca65b4f438",1,1,0,0.786938680574733,2,4.8671232631626e-17,0.000387611922942527,2,0,1,1
"bb9fe2b7-87fa-43e6-95ca-bc4592d8d5bc",1,15,0,5.50749000825661,6,0,0.000387611922942731,6,0,1,1
"a0270d23-e6c8-4202-a85f-8cd0a9bb2579",1,3,0,1.89636167648567,3,0,0.000218908726077697,3,0,0.533333333333333,1
"e821a756-487f-4931-a02f-27cf11cec7bf",0,0,0,0,0,5.25564033535461e-19,5.81417884416849e-05,0,0,0,0
"eb28cee9-090d-4f96-8490-5504180caa45",0.9,9,1,4.1477338299933,5,5.16742280771681e-05,0.000335576191551943,4,8.83637075631705e-05,0.173728813559322,0.8
"cc197bad-dc9c-440d-a5b5-d52ba2e14234",1,15,0,5.50749000825661,6,0,0.000387611922942645,6,0,1,1
"a0b77a10-ecff-4b84-b1f3-008391038d67",0.6,6,4,3.10747935940628,5,0.000653553524708927,0.000448623269785058,4,0.003726280243596,0.186588140811136,0.4
"9c5f0dca-d34c-4091-9e92-545e5899caad",0.644444444444444,29,16,9.31199653753647,10,0.00415866097868473,0.000393575532538724,7,0.000165037962946533,0.217914647491011,1
"9fb2e361-6b56-44ae-b276-50e46e8f8688",1,6,0,3.10747935940628,4,0.00469309086095926,0.000213998538601751,4,0,0.226445743989604,0.5
"2f522f5c-111c-4ce8-8bd0-d82e97c227ad",1,1,0,0.786938680574733,2,4.51948180509596e-17,0.000387611922942295,2,0,1,1
"cf3bab56-feda-41ec-9aef-a9a31b1ad97e",1,1,0,0.786938680574733,2,6.80714748829705e-05,0.000169734913377094,2,0,0.175965665236052,1
"dda1353c-6395-455b-8b2c-20a59ba61962",1,6,0,3.10747935940628,4,8.3635627896432e-06,0.000233091038233038,4,0,0.144515861496994,1
"863cd67a-33d3-4394-b8d4-eaf7c123427c",1,21,0,6.65149052142495,7,0,0.000347976105446762,7,0,0.606060606060606,1
"93c4a677-a00b-4067-b594-4dcdbc5c9d44",1,10,0,4.32332358381694,5,0.000339697888794921,0.000286685128933133,5,0,0.156313074680422,1
"1130da4c-32e8-41d3-8951-ef224590d64b",1,3,0,1.89636167648567,3,3.70446453865543e-17,0.000387611922942939,3,0,1,1
"5780ff53-6dfa-4835-80dc-71c7316208a5",1,1,0,0.786938680574733,2,3.91372711161641e-17,0.000381298218672404,2,0,0.75,1
"262cf0ce-2af2-4686-a8cc-d6b33e97336d",0.666666666666667,4,2,2.43458029779605,4,4.95333486646895e-17,0.000475668664735361,3,2.54284050541498e-07,1,1
"7ebebd5e-98f5-4511-bf51-e1ebe17bcb36",1,6,0,3.10747935940628,4,0.00393564428425775,0.000239935245716154,4,0,0.203058994901675,0.75
"29ed4a49-fb99-4a5c-8713-609cabe6f34a",1,10,0,4.32332358381694,5,0,0.000309955398412808,5,0,0.571428571428571,1
"b78346af-e3ce-4b36-a0d5-032414de8a27",1,6,0,3.10747935940628,4,2.01245310869317e-17,0.000387611922942844,4,0,1,1
"ee1e7008-03ac-4324-9653-70d847e4c4f6",1,1,0,0.786938680574733,2,5.07424974902479e-17,0.000387611922942527,2,0,1,1
"cc2c9c3c-b7bc-4b8b-84d8-4fbd8779e493",0.238095238095238,5,16,3.47023903763514,7,0.000193295426332496,0.000660534683254782,3,0.00336361836392183,0.16415449835139,0.428571428571429
"53e1c16b-d6e4-4086-b3e6-a6fd29ab0321",0.401477832512315,163,243,28.5263612147916,29,0.0683125404673845,0.000890724140804564,15,0.00536550958327608,0.24302649930265,0.862068965517241
"23eb93f3-52b5-470a-aee1-11b76336ae41",1,1,0,0.786938680574733,2,4.94269096358274e-17,0.000387611922942295,2,0,1,1
"c36ddabd-84d9-400a-91e9-e7c51b246852",1,1,0,0.786938680574733,2,7.64173481570663e-18,0.000212082124603838,2,0,0.240384615384615,1
"3d2ee04c-c21d-424d-91da-afd66258438e",0.39047619047619,41,64,12.7878433504717,15,0.00571312054093276,0.000673271069348081,8,0.00111829910391919,0.215223097112861,0.2
"2873b450-13c6-4ca1-8ca3-646c25af3202",0.275,33,87,12.8664492402375,16,0.012690502287247,0.000880303877284662,7,0.00240897585943433,0.204518779342723,1
"f545eed4-cd4c-40a3-89c0-edf4d195e52e",1,3,0,1.89636167648567,3,0.001516377034254,0.000222742856320116,3,0,0.181062475646188,1
"7bd9e20e-74b9-446a-a2ed-a223f82a36e7",0,0,0,0,1,4.03906657074586e-17,0.000387611922942887,1,0,1,1
"33bfd0a3-ade2-4b57-a1d5-7d024dbcb381",0.8,8,2,3.91518967205847,5,2.8745581784533e-17,0.000441157757902771,4,1.69522700360999e-07,1,1
"409538d4-488b-43fe-a4a3-49a3a80cc78f",1,1,0,0.786938680574733,2,4.8935172381625e-17,0.000387611922942527,2,0,1,1
"f0d4e169-33bc-4ab7-8054-df73c65323e4",1,6,0,3.10747935940628,4,0.000827076161647818,0.000288187235672444,4,0,0.191958138253925,0.75
"ff98b821-de0d-4a0e-9002-507bf323a97d",0,0,0,0,1,4.18348740952405e-17,0.000387611922942887,1,0,1,1
"2eb55bd9-cfbf-44fd-a5da-92dd825284c7",1,1,0,0.786938680574733,2,1.61811086393984e-05,0.000190184638621114,2,0,0.167749699157641,0
"2df5b6f3-70b1-4e60-b954-43f1b3625c0b",1,1,0,0.786938680574733,2,5.05818844608356e-17,0.000387611922942527,2,0,1,1
"5e010e55-68c7-48d8-a4c5-d511dc8c100e",0.8,8,2,3.91518967205847,5,1.66061942760852e-17,0.000419195960143792,4,1.69522700360999e-07,0.857142857142857,1
"e99893a1-ba5f-49ee-9e52-3de13f1018b8",0,0,0,0,0,5.25564033535461e-19,5.81417884416849e-05,0,0,0,0
"f7625f34-1799-42a4-a1c6-22b5377c767b",1,1,0,0.786938680574733,2,9.6758986907652e-18,0.000241564648073239,2,0,0.307692307692308,0.5
"3778a413-6202-44c4-a11c-aaeb78feb7de",1,6,0,3.10747935940628,4,0.00105480791041938,0.000248873273767985,4,0,0.187013683928092,1
"dbe7fdf7-81b2-418b-b3f6-81ae71532f40",1,1,0,0.786938680574733,2,0.000179495759119202,0.00024905462958737,2,0,0.157389635316699,0
"188711ed-c99b-439c-844a-ca831f63a727",0.333333333333333,2,4,1.41905923940329,4,7.97921890162862e-07,0.000491149354944954,2,0.000530945097530648,0.124742729306488,1
"e864aa1b-5dc6-4f76-9425-c5d98e289d3e",1,1,0,0.786938680574733,2,7.92002093712163e-07,0.000242212290078645,2,0,0.124709250313115,1
"785a76e3-02db-4a36-bc13-9369d53be151",1,10,0,4.32332358381694,5,6.92348853858231e-05,0.000291142114140147,5,0,0.172952853598015,0.8
"8b173ace-1599-47f3-84b5-946368b7e229",1,15,0,5.50749000825661,6,0.0127975100854078,0.000274474913943342,6,0,0.226188544539997,1
"c01c2efa-01d6-45d0-b8d8-3c6ba29db474",1,10,0,4.32332358381694,5,0,0.000326676818162058,5,0,0.354609929078014,1
"00793456-2e3f-49ab-9439-84efe81dc0e2",0,0,0,0,1,3.86286112363261e-17,0.000387611922942887,1,0,1,1
"ddb01e3e-0e38-4c47-a4e8-2cc0c13b8388",1,190,0,19.9985029634022,20,0.903585867658377,0.000507526612084845,20,0,0.210161314638927,0.85
"04af2581-6692-4f14-a7fe-151a36f20368",0,0,0,0,0,5.25564033535461e-19,5.81417884416849e-05,0,0,0,0
"a16371b9-7d36-497a-a9d4-42b0a0440c5e",0,0,0,0,0,5.25564033535461e-19,5.81417884416849e-05,0,0,0,0
"1fefa8b3-806b-4ab9-a066-66574b22aa16",1,15,0,5.50749000825661,6,0.00231431031666415,0.00035797017780035,6,0,0.213084683583002,0.5
"7a8dbe84-f4c0-4457-bfa3-edced1f8cde0",1,1,0,0.786938680574733,2,6.05909170070734e-06,0.000249625287036,2,0,0.134530013510905,1
"7e61db22-e0d5-4999-87b0-af5a85c63baf",1,45,0,9.88891003461758,10,0,0.000401335180495348,10,0,0.433333333333333,1
"0627192d-4fed-4f4b-bad8-383bb42fa8fa",1,36,0,8.83515925000139,9,0.0159140565064213,0.00036614393598908,9,0,0.214990746452807,0.888888888888889
"f07dbc2f-317b-470f-bad4-5f1b0eb6faf1",1,1,0,0.786938680574733,2,9.04857275546287e-18,0.000276246073292088,2,0,0.285714285714286,1
"75167b8b-44e4-407b-9d35-effe87b223cf",0,0,1,0,2,5.86781647252895e-17,0.000503215478908335,1,5.08568101082996e-07,0.75,0
"2b2a7e94-fdc6-4c2e-859c-441faa4089cd",1,10,0,4.32332358381694,5,2.28310170296903e-17,0.00039777318720108,5,0,0.358974358974359,1
"a717be4f-8b3d-4355-b33c-2b84f88fe40d",0.666666666666667,2,1,1.41905923940329,3,5.0261217763821e-17,0.00039476039653545,2,1.27142025270749e-07,0.237623762376238,0.666666666666667
"e08e97f1-c5d5-4ac7-b2f1-aae617990640",1,45,0,9.88891003461758,10,0,0.000401335180495306,10,0,0.433333333333333,1
"0612bcce-e351-40be-b3d7-2bb5e1c23479",0.433333333333333,52,68,14.7433252408959,16,0.00788799877420249,0.00071866994650893,9,0.00132940819601285,0.208651399491094,0.75
"479497d4-e7c2-4e78-972e-56e78fac3995",0,0,0,0,1,8.3579866904341e-18,0.000216624565389295,1,0,0.454545454545455,1
"44cf61b8-5197-448a-b82b-cef6ee89fac5",0,0,0,0,1,3.99092734808014e-17,0.000387611922942887,1,0,1,1
"42aaf916-f453-407f-b39e-d999f6aeee4d",0,0,0,0,1,3.85644412788546e-17,0.000387611922942887,1,0,1,1
"d43d12a1-2dc9-4257-a2fd-0a3bb1081b86",0.133333333333333,2,13,1.57387736114947,6,6.03101106118482e-08,0.000630133150543414,3,0.00270203699373273,0.130499906384572,1
"b10954d4-0b15-48a6-9333-5a4c7169da51",1,10,0,4.32332358381694,5,0.000806189382383464,0.000227461846142976,5,0,0.190177353342428,0.8
"b10bbbfc-cf9e-42e0-be17-e2c3e1d2600d",0,0,0,0,0,5.25564033535461e-19,5.81417884416849e-05,0,0,0,0
"03f8ade0-201a-43ee-90b4-96c36dc591b0",0.75,27,9,8.29964448956548,9,0.00115065587512678,0.000436862996228254,7,0.000147265194960052,0.197226938313526,1
"937389d5-d59e-4233-86d8-dacba3d5270c",1,1,0,0.786938680574733,2,2.6600210633502e-17,0.000377683139381616,2,0,0.666666666666667,1
"eb3fdcb8-6607-41d5-9387-edd648f38bc2",1,1,0,0.786938680574733,2,4.57005714087647e-17,0.000387611922942527,2,0,1,0.5
"5501517e-57b6-46e3-9736-e49ee657da7b",0,0,0,0,1,0,0.000186848354919147,1,0,0.538461538461538,1
"6bf692e0-baac-4428-94c3-423d52508cf0",1,6,0,3.10747935940628,4,2.31336092449507e-17,0.000387611922942844,4,0,1,1
"9b71ad4a-df8e-4142-88f8-4d757ba18f55",0,0,0,0,1,5.04293902526917e-05,0.000105564789673632,1,0,0.163653439774595,1
"5c6394b5-3af5-43f2-83c0-a061750ad233",1,3,0,1.89636167648567,3,1.23518520534621e-17,0.000431188511351086,3,0,0.636363636363636,1
"2aaf7396-6ab8-40f3-9776-a41c42c8e26b",0,0,0,0,0,5.25564033535461e-19,5.81417884416849e-05,0,0,0,0
"b7ffd2af-418f-4be2-bdd1-22f8b48613da",0,0,0,0,1,0.000114781063949311,0.000117679450574695,1,0,0.175743822491175,0
"1d01b5f5-182a-4558-a057-2f3a109cdbcf",0.4,4,6,2.68330035706041,5,0.00948763512251574,0.000270663514764437,4,0.00106339581439904,0.209876543209877,0.6
"784bf112-03cd-444a-af31-0d63e7ea651f",1,6,0,3.10747935940628,4,1.01755530091465e-17,0.000359533009487941,4,0,0.833333333333333,1
"3798b104-01cb-484c-a3b0-56adc6399b80",1,6,0,3.10747935940628,4,3.67351766027978e-18,0.000355099732579195,4,0,0.666666666666667,1
"c0050289-6969-437d-be83-0fcb608ead5c",1,3,0,1.89636167648567,3,4.3413245164912e-17,0.000387611922942939,3,0,1,1
"fde17fa5-3238-439f-ab1c-c37671e3c3b3",0.7,7,3,3.58874357660546,5,6.18579630021829e-05,0.000361800721522393,4,3.81426075812247e-07,0.163730326521024,1
"697d4510-c3fe-4e96-bcc9-34739bccde8f",0,0,0,0,0,5.25564033535461e-19,5.81417884416849e-05,0,0,0,0
"fa4b5ec6-5f3b-48a8-9fc2-c714f9781ecd",1,36,0,8.83515925000139,9,0.027572602054887,0.000326493823403557,9,0,0.22386381885338,0.888888888888889
"7b46472b-adda-4a9e-a6e7-824dedff9200",0,0,0,0,0,5.25564033535461e-19,5.81417884416849e-05,0,0,0,0
"c1a18927-020f-4241-a08c-53d2630473b8",0.361904761904762,38,67,12.5470701863954,15,0,0.000882792238233787,8,1.55113270830314e-05,0.941176470588235,1
"e5e045da-59a3-4b65-8bb4-3c7f3ac9a529",0,0,0,0,0,5.25564033535461e-19,5.81417884416849e-05,0,0,0,0
"39352b9b-e3f0-46f4-8c69-ef17d541e603",1,6,0,3.10747935940628,4,8.65618178390508e-18,0.000353645929695472,4,0,0.666666666666667,1
"e780a5a7-a7ce-4390-983e-0171b91e15c1",1,28,0,7.75842093262145,8,0.0104519943062826,0.000386467098215975,8,0,0.197702453552688,0.875
"f213b312-92d8-4180-8483-02f26063cba5",0,0,0,0,1,1.62721389162807e-11,0.000160401556697047,1,0,0.0938720538720539,0
"9034f787-3e79-44fe-89c1-8a082d556eec",1,190,0,19.9985029634022,20,0.903585867658377,0.000507526612084782,20,0,0.210161314638927,0.85
"60ae155f-2d68-49d5-90cf-8093f80dd046",1,66,0,11.9509587427384,12,0.000147232549962945,0.000412783089902136,12,0,0.170749632533072,0.916666666666667
"fe7e6678-935e-44d6-87ce-87ce7d948a5f",0,0,0,0,1,4.56806409982099e-17,0.000387611922942887,1,0,1,1
"91a81925-92f9-4fc9-b897-93cf01226282",0,0,0,0,0,5.25564033535461e-19,5.81417884416849e-05,0,0,0,0
"5157aeef-07da-41b5-b16c-5c5fb81b4f75",1,3,0,1.89636167648567,3,3.9808369122398e-17,0.000387611922942939,3,0,1,1
"b4691384-50c3-4afd-9988-51d3ec5db65d",0,0,0,0,1,4.39040701610788e-17,0.000387611922942887,1,0,1,1
"fe73aa73-4e0f-439e-97dc-3bf0bfaecbe2",1,15,0,5.50749000825661,6,0.00464519795128208,0.000350087311002712,6,0,0.188837713356814,0.833333333333333
"e8c7f193-0db6-4175-a469-ebce1c340429",1,10,0,4.32332358381694,5,2.2306581245029e-17,0.000397773187200991,5,0,0.358974358974359,1
"789f6768-5830-4b08-8b4f-f38566b2eb1d",0,0,0,0,1,3.96914849107908e-17,0.000387611922942887,1,0,1,1
"463b50bc-3384-4991-b2a9-5dc573e89291",1,1,0,0.786938680574733,2,0.000169023466302549,0.000183743946629539,2,0,0.174228221472316,0.5
"4e5119da-3d88-40e1-9aff-ddf660ff715b",1,3,0,1.89636167648567,3,3.44747360822112e-17,0.000387611922942939,3,0,1,1
"22192191-5e78-4339-8406-62d2d9590b39",1,6,0,3.10747935940628,4,0.00317429003661762,0.000204263203403179,4,0,0.202852153667055,0.5
"5cbef01b-cc35-4f52-af7b-d0df0c4f61b9",0,0,0,0,1,8.47333385247537e-07,0.000141042636648104,1,0,0.144261616475215,0
"87940179-76a7-4fb7-a8d1-2e4cda09dd61",1,6,0,3.10747935940628,4,7.10006850131652e-05,0.000297918282673074,4,0,0.162622491833878,1
"11433f50-a7da-4dc2-8ca8-84b5d160e20e",0.75,27,9,8.25039802586625,9,1.18480874338473e-07,0.000516371132583323,7,0.000188492290531392,0.128526645768025,0.333333333333333
"17b53d9f-5c63-4a09-a593-dde4608e0db9",0,0,0,0,1,1.88947332714765e-17,0.000268883946546114,1,0,0.6,0
"1ea888e8-3406-41b7-a516-5e743540a442",1,105,0,14.9863217705167,15,0.00711978265539309,0.000497928010116963,15,0,0.220047355958958,0.933333333333333
"c83430e1-1b8f-495d-a9f9-dca75d46da58",1,21,0,6.65149052142495,7,0.0119329011399733,0.000318094965957113,7,0,0.217778472113732,0.714285714285714
"6838ca8e-da88-436c-a0fd-6d3a7e832f1f",0.5,3,3,1.89636167648567,4,5.69879181212895e-17,0.000446320199556086,3,2.28855645487348e-06,0.434782608695652,0
"338c8478-01a8-4851-a65a-3f42ae14f2dc",1,1,0,0.786938680574733,2,5.1152766356988e-17,0.000387611922942527,2,0,1,1
"ff748426-8873-4725-bdc7-c2b18b510d41",1,10,0,4.32332358381694,5,1.11961676199235e-06,0.000348080193896573,5,0,0.149474587175638,0.6
"f7ba7fbe-c6bd-4ac0-bee9-c25c558d7d62",0.361111111111111,13,23,6.69622293601175,9,0.00933756912240763,0.000511039837338294,4,0.00189524905271437,0.225895316804408,0.111111111111111
"ea1e93f4-d005-4897-90a9-e065f837d7e2",1,6,0,3.10747935940628,4,0.000551100956517072,0.000279645870457594,4,0,0.188735445437314,0.75
"d4889ce7-b66b-4de5-9c88-088d2e18492c",1,28,0,7.75842093262145,8,0.000563791970976199,0.000389371074496731,8,0,0.189453655884751,0.875
"9f3576a9-ef8d-44d2-bd05-0c3ce1ea691d",1,36,0,8.83515925000139,9,0.0173131103018833,0.000371705950073792,9,0,0.240718356069763,0.666666666666667
"0cc4efd9-b2db-4428-a646-82f04d653d58",1,10,0,4.32332358381694,5,0.00513672315830137,0.00031446281366045,5,0,0.181865622961513,0.6
"aee63f14-ab80-4b37-86e4-d06fe05a898c",0,0,0,0,1,3.96835338061139e-17,0.000387611922942887,1,0,1,1
"bc1cc75d-ab68-41b2-a135-3b62f41ea266",1,1,0,0.786938680574733,2,2.24090150522767e-17,0.000329810144960493,2,0,0.666666666666667,0.5
"0e21491a-18a5-40d9-a68c-a651a0fda689",1,3,0,1.89636167648567,3,3.75750086972068e-17,0.000387611922942939,3,0,1,1
"f5c29b24-f309-46e1-bc75-001f19b1edd0",0.583333333333333,21,15,7.90186888754648,9,0.00389761777939074,0.000387424959103189,6,0.000299052579188513,0.223147110613094,0.888888888888889
"8f4350e9-c567-4cda-9b10-d44ac1b9a9f4",0,0,0,0,1,0.000288379822617352,0.000128475020141877,1,0,0.161379949062283,1
"5d06fe54-485a-4a07-b506-5f6f719448cb",1,1,0,0.786938680574733,2,4.81750593106422e-17,0.000387611922942527,2,0,1,1
"dee1716e-c54c-4cc1-92f6-625a0f48c4b2",1,6,0,3.10747935940628,4,0.00437907870562591,0.000256821873225462,4,0,0.185323052379686,1
"46e35005-303b-48f8-bf30-f477fbd6936e",1,6,0,3.10747935940628,4,2.50455551122605e-17,0.000387611922942844,4,0,1,1
"57944f82-e5fd-4f3c-b344-f3f9651c6931",1,10,0,4.32332358381694,5,0.00225338688574052,0.000268801678820302,5,0,0.203533362534677,1
"277ae4fb-4f7a-4bfd-af15-7d36f19ac09a",1,3,0,1.89636167648567,3,0.000409884457743808,0.000211777176855197,3,0,0.184709155956009,1
"85d76093-9865-4605-97fa-8c910929d366",1,36,0,8.83515925000139,9,0,0.000387611922942579,9,0,1,1
"4bdcee62-4902-4773-8cd1-e252e2e31225",1,1,0,0.786938680574733,2,1.61811086394191e-05,0.000190184638621042,2,0,0.167749699157641,0
"42a636a0-dbe4-4d0c-abe2-1590fad9531b",0.9,9,1,4.1477338299933,5,1.87613345267816e-17,0.000436702859025964,4,1.27142025270749e-07,0.857142857142857,1
"970ec984-5b9d-49a8-a1b3-3c0d6c7d5c34",0,0,0,0,0,5.25564033535461e-19,5.81417884416849e-05,0,0,0,0
"d4659efb-b8eb-4f03-95e9-f69ce35967a9",1,6,0,3.10747935940628,4,0.000508927973634156,0.000272906443551196,4,0,0.159587864911276,1
"2d170347-69aa-4245-9950-c3a2992abad6",1,10,0,4.32332358381694,5,9.30259107680281e-05,0.000255172005518972,5,0,0.173620625233528,0.8
"bd01c9d7-89dd-4cb4-9baa-a43bfa292bed",0.4,6,9,3.79272335297135,6,0.00238183951949275,0.00040791924403582,3,0.0044196408389765,0.212047459689687,1
"88be6065-91c5-409f-aea2-8c39a333d59c",1,1,0,0.786938680574733,2,4.63520419784762e-17,0.000387611922942527,2,0,1,1
"b9bb7959-bdcf-45c2-a73a-0ac2e4333c2f",1,3,0,1.89636167648567,3,1.26297945192703e-07,0.000296864135607489,3,0,0.136894824707846,1
"06ef7219-6c9b-42e0-a81e-9ce6ab164d13",1,28,0,7.75842093262145,8,0.000563791970976177,0.000389371074496661,8,0,0.189453655884751,0.875
"2ddd167f-5b8a-4372-b350-6ad50493bac0",0,0,0,0,0,5.25564033535461e-19,5.81417884416849e-05,0,0,0,0
"5a42040d-2ae5-4e2a-a362-22e7b19d993c",1,55,0,10.9258825830101,11,0.0061434857828571,0.000401469820732155,11,0,0.210765043846386,0.818181818181818
"c9cd225b-4883-428e-82c2-73e0b6282fb6",0.283068783068783,107,271,23.0080603980964,28,0.0602276321210032,0.00115634882846659,14,0.00798312599709086,0.240801520124374,0.892857142857143
"8546949d-f46c-45ab-8391-85b26dda6b65",1,1,0,0.786938680574733,2,4.73646667153825e-17,0.000387611922942527,2,0,1,1
"7cf92ae7-264e-45a6-aa22-d6f3118eb0e4",1,3,0,1.89636167648567,3,0,0.000330420847993272,3,0,0.3,0
"764b0653-1855-40a2-85dd-98dabecb5efb",1,21,0,6.65149052142495,7,0,0.00037344599351682,7,0,0.335570469798658,1
"410bbb19-8309-4a0b-9f87-3d65bde4a826",1,6,0,3.10747935940628,4,0.000769177015840378,0.00027537029194027,4,0,0.20031613737606,0.75
"70f5bb6e-9b87-4500-9c9f-2e1d373d07da",0.690909090909091,38,17,10.5317871842387,11,0.0230782676478386,0.000403391532506432,9,0.000813210141209993,0.24973127911143,0.636363636363636
"010a8a3d-f197-4ec8-b67e-d7cb0326c50f",1,28,0,7.75842093262145,8,2.19201116020486e-05,0.00044668133613255,8,0,0.142375651108161,1
"23a79d0c-0034-4348-8844-705b7cda6d13",1,3,0,1.89636167648567,3,3.9702915537413e-17,0.000387611922942939,3,0,1,1
"2b1e7c27-2663-43df-9c23-8601e173e6ef",0,0,0,0,1,3.76293689768344e-17,0.000387611922942887,1,0,1,1
"d352f5dd-3023-4565-a7bb-52396bf8821d",1,3,0,1.89636167648567,3,4.07488751094376e-17,0.000387611922942939,3,0,1,1
"2fddb92d-24b2-46a5-bf28-3aed46f4684c",1,10,0,4.32332358381694,5,2.9162893979305e-08,0.00030187766607103,5,0,0.113935431140172,0.4
"f4fdbb4c-e4b7-47a0-b83b-d91bbfcfa387",0.8,12,3,5.06194471187092,6,0.0010890243296165,0.0003486517016245,5,9.20045220068787e-05,0.203950256035113,0
"48e5f8d2-93c9-486d-9268-d5ebd2253ac0",0,0,0,0,1,3.91472576708786e-17,0.000387611922942887,1,0,1,1
"ba45b249-1b65-491a-b194-5d57f47c8e84",1,36,0,8.83515925000139,9,3.36765633482557e-05,0.000391323072529981,9,0,0.158409090909091,0.666666666666667
"88c3a7e4-b2bc-4723-803c-819adaf68ef6",1,1,0,0.786938680574733,2,5.00487946089666e-17,0.000387611922942295,2,0,1,1
"ba0d6274-db14-4ef5-b28d-657ebde1a396",0,0,0,0,0,5.25564033535461e-19,5.81417884416849e-05,0,0,0,0
"666ffd5a-d1a7-4945-8f42-26a36dc8281c",1,28,0,7.75842093262145,8,0.0171385729568499,0.000305507943561864,8,0,0.225895316804408,0.5
"d574c9bd-46f6-440a-8d6a-8412a283eeb1",0.466666666666667,7,8,3.89441803998101,6,0.00117629041563966,0.000381071423309229,4,0.000188710146062327,0.19007362967003,0.666666666666667
"0dcee02c-5d2c-4f5c-9d60-d58a4df32d9e",1,1,0,0.786938680574733,2,4.96235600383701e-17,0.000387611922942295,2,0,1,1
"4d09d3b4-e52e-4863-b5bf-f4219cda3573",0,0,0,0,0,5.25564033535461e-19,5.81417884416849e-05,0,0,0,0
"8718bc90-8712-4456-9359-e705851be657",0,0,0,0,1,4.01701662867401e-17,0.000387611922942887,1,0,1,1
"3f6a5e0d-4288-43c1-94f2-aba26fbe6292",1,15,0,5.50749000825661,6,0.00101478844136917,0.000286599523080332,6,0,0.200057405281286,1
"756335e3-00c1-4094-b878-b28d70477fd2",1,1,0,0.786938680574733,2,7.7041928036365e-08,0.000236638605527492,2,0,0.130316911283537,1
"c5eb9407-caeb-4303-b383-6929aa94021c",0,0,0,0,1,3.86681553250055e-17,0.000387611922942591,1,0,1,1
"cd689e77-dfdd-4f81-b50c-5e5a3f5e38a4",0,0,0,0,1,4.48101875616297e-18,0.000217167805144285,1,0,0.571428571428571,1
"b89a3568-9d87-4da0-97e3-97b30348d098",1,1,0,0.786938680574733,2,4.89400108689295e-17,0.000387611922942527,2,0,1,1
"5bdbcb6d-1f30-4c29-8501-f63b6445fd77",1,91,0,13.9789518512983,14,0.0567514142355324,0.000454205663366242,14,0,0.228113238422517,0.857142857142857
"e1d6c52e-55e1-403e-a2cc-50b07362198e",1,1,0,0.786938680574733,2,5.04653206632131e-17,0.000387611922942527,2,0,1,1
"94e2f6fe-37ab-4e1f-b145-26cb80069503",1,55,0,10.9258825830101,11,0.00614348578285708,0.0004014698207321,11,0,0.210765043846386,0.818181818181818
"761abc87-7ad8-4b40-9bf6-f80f1ad30f4e",0,0,0,0,1,4.44432807165536e-08,0.000156179700087512,1,0,0.12583498826503,1
"96855c21-b832-4366-ba12-0d2330c36a86",0,0,0,0,0,5.25564033535461e-19,5.81417884416849e-05,0,0,0,0
"23a03e33-a603-404e-bcbf-2c00159d7067",1,15,0,5.50749000825661,6,0,0.000387611922942731,6,0,1,1
"63e8d6f9-e247-45c9-aaf2-e079cddbdd54",1,15,0,5.50749000825661,6,0.00231431031666414,0.000357970177800293,6,0,0.213084683583002,0.166666666666667
"253c9ae7-850b-46be-8fbb-65e9fa621058",0.566666666666667,119,91,19.7851628127706,21,0.0711560416032137,0.000651096248172166,15,0.00159286505396317,0.244475622588565,0.80952380952381
"c8b03190-306c-4120-bb0b-6f2ebfc06ea9",0.374269005847953,64,107,17.329430699155,19,0.0357214840001239,0.000788491537890275,10,0.00408975086993063,0.243876836948915,0.421052631578947
"20ff3303-4fe2-4a47-a1b6-291e26aa3438",1,1,0,0.786938680574733,2,4.10088062904142e-17,0.000299876027788052,2,0,0.354838709677419,0.5
"0ab49580-c84f-44d4-875f-d83760ea2cfe",0,0,0,0,0,5.25564033535461e-19,5.81417884416849e-05,0,0,0,0
"8a1c3e7b-e579-416e-bcce-3a782a33dc72",0.691176470588235,94,42,15.875313527784,17,0.0573381281993634,0.000630989237804917,14,0.00382596918166549,0.228637034607184,0.882352941176471
"d9b5ba88-b57b-43d6-9ff1-51f53cbbf815",1,3,0,1.89636167648567,3,3.14754995718298e-09,0.000311559429387466,3,0,0.112755803607539,0.666666666666667
"7cc42035-7d57-4f0b-be72-28fe90284f10",1,1,0,0.786938680574733,2,0.000661776317283744,0.000184447436534918,2,0,0.186763129689175,0.5
"c485632c-b784-4ee9-8ea1-c5fb365681fc",1,6,0,3.10747935940628,4,2.87594743529328e-17,0.000387611922942731,4,0,1,1
"418fe547-4bec-48fe-8df0-ed25e27f4570",0.464285714285714,13,15,6.21968526030261,8,0.00540737322312338,0.000414120828209849,5,0.000534953097563932,0.213836477987421,1
"a96d82a0-cdca-40bf-b4c8-3d7ec178d85b",0,0,0,0,1,1.67167509320316e-17,0.000268883946545723,1,0,0.6,1
"0351a187-ef26-474a-a090-4e9f0fb1f84f",1,6,0,3.10747935940628,4,0.00017756668062609,0.000328704035783151,4,0,0.1564709843978,1
"ffbd09fd-30ca-4941-8e83-968c31076891",0,0,0,0,1,3.95405085841405e-17,0.000387611922942887,1,0,1,1
"c37dcec0-48f7-4e35-9a69-cbb81213cd09",1,10,0,4.32332358381694,5,0,0.000326676818161979,5,0,0.354609929078014,1
"58cb5169-ad58-4820-baf0-63f6dbd94eb9",0,0,0,0,1,3.81516586803058e-17,0.000387611922942887,1,0,1,1
"2386cd66-e923-4e8e-bf14-2eebe2e9b973",0,0,0,0,0,5.25564033535461e-19,5.81417884416849e-05,0,0,0,0
"c6ecb060-2a9f-43b4-a657-440150548c6d",0,0,0,0,1,5.47194884990043e-18,0.000175126705421615,1,0,0.571428571428571,0
"144189b9-e06f-46bd-9cbf-71c2b9aec28c",1,45,0,9.88891003461758,10,0,0.000401335180495261,10,0,0.433333333333333,1
"ef326b3d-61f0-4379-aca0-21237d696d63",0,0,0,0,0,5.25564033535461e-19,5.81417884416849e-05,0,0,0,0
"e4a51f17-a57b-47b1-b37b-f552d0f8e9e6",0.157142857142857,99,531,32.5972662762895,36,0.0277367910806748,0.00141196020511703,8,0.00594471359360955,0.241009681881051,0.777777777777778
"92a42e82-b36f-4308-82c1-68bad2e03c89",1,1,0,0.786938680574733,2,4.88063315187137e-17,0.000387611922942295,2,0,1,1
"9b46bd1f-2f9e-46bb-9a68-4e24c644a137",1,28,0,7.75842093262145,8,0.0104519943062826,0.000386467098215922,8,0,0.197702453552688,0.875
"ded9fa6b-5141-486a-bc12-51c313e606b9",1,3,0,1.89636167648567,3,4.19218406881492e-17,0.000387611922942939,3,0,1,1
"b5e59918-1d97-4f80-829c-a2db9f531faf",1,36,0,8.83515925000139,9,7.09185359731545e-05,0.000377857187313606,9,0,0.16962764662935,1
"5c882e22-3467-4cc3-8c77-6595288f3b39",0.5,18,18,7.40385168474228,9,0.003786502703654,0.000496067468261105,6,0.00340431745461005,0.194665549504259,0.888888888888889
"f1f81989-dfa9-4bd3-805e-dcf3900c43e3",1,36,0,8.83515925000139,9,0,0.000386834725742279,9,0,0.453333333333333,0.444444444444444
"48b2fec4-8262-4834-9bf4-75be00bb9993",1,6,0,3.10747935940628,4,0.000827076161647825,0.000288187235672394,4,0,0.191958138253925,0.75
"80cadd99-f560-41e3-babd-16292bbd248a",1,3,0,1.89636167648567,3,4.02464831705525e-17,0.000387611922942939,3,0,1,1
"7808accb-6395-4b25-858c-678bbb73896b",0,0,0,0,0,5.25564033535461e-19,5.81417884416849e-05,0,0,0,0
"aead4f9a-43cb-4223-af9c-83048d9c1984",0,0,0,0,0,5.25564033535461e-19,5.81417884416849e-05,0,0,0,0
"a1397091-6ac0-4c6e-bd55-de0d62f52d12",0,0,0,0,0,5.25564033535461e-19,5.81417884416849e-05,0,0,0,0
"3765dccd-b659-4298-9211-15c3f73b40bf",1,3,0,1.89636167648567,3,3.81834972076178e-17,0.000387611922942939,3,0,1,1
"96800e05-9924-4321-859a-76e0d4750f2f",1,21,0,6.65149052142495,7,0.00268111088802885,0.00029538728494577,7,0,0.207718670838921,1
"b940b832-506c-45ef-9f3a-40d5d053eb27",1,10,0,4.32332358381694,5,0.00513672315830137,0.000314462813660389,5,0,0.181865622961513,0.6
"00136dd9-1047-4999-af1f-d709c5fa09f9",0.541666666666667,65,55,15.3747720900568,16,0.0205118197686446,0.000664016182048936,9,0.00467367609908438,0.253362413667757,0.4375
"4e954b02-fae2-4bd7-9547-e055a6ac0527",0.766233766233766,177,54,21.9799569724632,22,0.0398041955538491,0.000593374953864951,16,0.000494710924111651,0.233110367892977,0.681818181818182
"83d91898-7763-47d7-b03b-b92132375c47",1,3,0,1.89636167648567,3,2.67206626211786e-05,0.000249400421449253,3,0,0.149298489878976,0.666666666666667
"c7020c6d-cae9-4db3-92a7-e5c561cbad50",0,0,0,0,0,5.25564033535461e-19,5.81417884416849e-05,0,0,0,0
"2ba21c9c-e36b-4031-a4c3-20d925d226d3",1,66,0,11.9509587427384,12,0.000147232549962896,0.000412783089902072,12,0,0.170749632533072,0.916666666666667
"f8e12ed8-1d24-431a-b7c9-b8dd6db867ff",1,1,0,0.786938680574733,2,4.95740737833427e-17,0.000387611922942295,2,0,1,1
"b1570544-93ab-4b2b-8398-131735394202",1,1,0,0.786938680574733,2,5.0431982907546e-17,0.000387611922942527,2,0,1,1
"a2dce1c9-f3ed-4022-a742-ae14d91f32cc",1,28,0,7.75842093262145,8,0.0104519943062826,0.000386467098215866,8,0,0.197702453552688,0.875
"905a8f9b-03dc-4f47-b9bb-ecce7ea13ab1",1,6,0,3.10747935940628,4,6.50925161055417e-18,0.000353645929694954,4,0,0.666666666666667,1
"ff4c8d42-4871-4778-885b-d41b01245133",1,1,0,0.786938680574733,2,4.96697625172033e-17,0.000387611922942527,2,0,1,1
"ac6cc156-eb47-4c98-9b04-b57ece512950",0,0,1,0,2,0.000532907859445301,0.000236658506685171,1,0.000354217682404307,0.165479582146249,1
"2c418d76-0069-4bb5-bd13-bed68da3ba25",1,1,0,0.786938680574733,2,0.000622431387048111,0.000130830518534807,2,0,0.182412980895054,1
"ec3e1298-23c5-4c39-bb2b-ae6a588afdeb",1,66,0,11.9509587427384,12,0.00196577750174624,0.000421009983995922,12,0,0.206886316414366,0.916666666666667
"c5f259d0-abd8-418e-81ee-3965fd4e4e9a",0,0,0,0,0,5.25564033535461e-19,5.81417884416849e-05,0,0,0,0
"1b0ae75d-8006-4656-9408-8e1b02424ed0",0.8,44,11,10.6107994510868,11,0,0.000468967735866119,9,5.59424911191295e-07,0.465753424657534,0.454545454545455
"3e308b4a-c8d0-4883-8c38-e2953002a882",1,6,0,3.10747935940628,4,0.00389745318393025,0.000278362575514154,4,0,0.178557704624055,1
"d9b295f1-9634-47bf-a290-b3d91681a88d",0,0,0,0,1,0.000680457174052507,9.92756893298734e-05,1,0,0.195621667134437,1
"791da60e-0108-4400-9e84-ca2fe8e74b64",1,45,0,9.88891003461758,10,0.0333811444319724,0.000361085518316771,10,0,0.236833163438668,0.8
"aa659468-db56-41c9-b6fe-61f4bb2ef1a6",0.9,9,1,4.1477338299933,5,1.97353888928802e-17,0.000436702859025849,4,1.27142025270749e-07,0.857142857142857,1
"cff102cc-236f-4936-a1b7-0e80a1d28ff7",0.666666666666667,4,2,2.43458029779605,4,5.83980572796788e-17,0.000475668664735231,3,2.54284050541498e-07,1,1
"c53f2749-4c19-48fa-b99b-5f4c11297b2c",0.75,27,9,8.25039802586625,9,1.18480874345097e-07,0.000516371132583186,7,0.000188492290531392,0.128526645768025,0.333333333333333
"8b98f267-a203-4e69-a6cb-996d4cfecaf7",0.5,3,3,1.89636167648567,4,0.00958448256572566,0.000237568991523435,3,0.000146037435821843,0.214329643296433,0.25
"5a69d52e-e9ac-40cf-8b94-d2576c66ef85",1,28,0,7.75842093262145,8,0.00986081676683816,0.000322433536880577,8,0,0.224296057924377,0.5
"711cf846-2944-477d-b841-4189792d25b4",1,15,0,5.50749000825661,6,0,0.000355964100626033,6,0,0.3125,1
"88991326-cbc7-4a03-b4f4-94e4a859b6c8",1,10,0,4.32332358381694,5,0.000339697888794925,0.000286685128933079,5,0,0.156313074680422,1
"5a052a86-65e5-4ac6-9a43-3008a1fb3881",0,0,0,0,1,3.88360322874484e-17,0.000387611922942887,1,0,1,1
"e8674a18-6b6c-4a88-9252-d7f8661bd671",1,3,0,1.89636167648567,3,3.52671255213598e-17,0.000387611922942804,3,0,1,1
"3394771a-a36b-4739-bcd9-301d09121af8",0.24031007751938,217,686,41.0860795185143,43,0.0231218144933901,0.00148573245067812,15,0.0124693794917968,0.258339510748703,0.813953488372093
"1ee7489a-af64-4ca2-9041-c1d8588b3a97",1,6,0,3.10747935940628,4,0.000259356378945961,0.000265295634155864,4,0,0.17333996518279,1
"87ae83df-6173-40cc-a0f2-bad543faa6aa",0.111111111111111,4,32,2.68330035706041,9,0.00584171722421109,0.000744704806237949,3,0.00182425506582579,0.192408557625949,1
"05ec340f-c772-4995-9256-092c6931d098",1,15,0,5.50749000825661,6,0.00127826910653933,0.000350994295602195,6,0,0.177647508602014,1
"817c68f4-e110-4529-82fa-aec902e9768f",1,3,0,1.89636167648567,3,3.87438738788026e-17,0.000387611922942939,3,0,1,1
"bdacc37b-8633-4bf8-9dd5-4662ee651aec",0.5,3,3,1.89636167648567,4,8.13320756659562e-17,0.00055051725637618,3,7.62852151624494e-07,1,1
"ff1cafa3-7ed4-4ed2-afbb-d1f263d607a8",0,0,0,0,0,5.25564033535461e-19,5.81417884416849e-05,0,0,0,0
"39787cc4-b614-485b-86f2-91c99ddf2f93",0.333333333333333,1,2,0.786938680574733,3,8.10230669098402e-17,0.000568604778688942,2,5.08568101082996e-07,1,0.666666666666667
"28737730-ec70-4da5-89c5-77ac13c5c34d",0,0,0,0,1,0.000349988101861688,0.000106417776613036,1,0,0.185446321670879,1
"7cb6e306-a75b-48b4-be00-2c4aa6bbe3a8",1,3,0,1.89636167648567,3,0.0136224611917345,0.000168928210966288,3,0,0.221939181658972,0.333333333333333
"15d7ee5c-f9eb-4a3a-9721-0edb0b21f168",1,6,0,3.10747935940628,4,0.000513678209163737,0.000241514059111576,4,0,0.193181818181818,0.5
"ab13b249-4880-4538-980f-c9e48bed1844",1,3,0,1.89636167648567,3,4.07460179480632e-17,0.000387611922942939,3,0,1,1
"1c26f82c-b35d-4c8e-a1f4-9c20747495c9",0,0,0,0,1,3.71844665505464e-17,0.000387611922942591,1,0,1,1
"7d661adb-5d8c-421a-aee1-bb6f4c0c0992",0.809523809523809,17,4,6.20420642759723,7,0.00221151164924805,0.000302990363886552,6,9.38735688056853e-05,0.210860686734231,0.857142857142857
"d9550ac2-7bcf-4655-a3fe-24922e254a74",1,1,0,0.786938680574733,2,4.92762901186158e-17,0.000387611922942527,2,0,1,1
"7e959acc-3f7f-434f-ae8f-aeadf92bad80",0,0,0,0,0,5.25564033535461e-19,5.81417884416849e-05,0,0,0,0
"260b6184-8828-48eb-945c-bc4cb6fc34ca",0.228571428571429,24,81,10.6701109460115,15,0.00329220841958107,0.000763069232919058,6,0.00347275972990674,0.217167783143792,0.133333333333333
"a9ee533f-8871-4f62-a6bb-91eb264abc90",0,0,0,0,1,2.9925380118824e-05,0.00014107258591388,1,0,0.167246550689862,0
"e0ffdd76-aef8-48ed-b850-b83208589dca",1,3,0,1.89636167648567,3,4.55168009826535e-17,0.000387611922942804,3,0,1,1
"02669ae0-7b21-4648-8a2e-04a28aaba9d1",0,0,0,0,1,5.042939025269e-05,0.000105564789673632,1,0,0.163653439774595,1
"7e2900f1-2c19-4371-9bd5-4c07826f45ef",0.345454545454545,19,36,8.83608922240486,11,0.0185395980948899,0.000437809117138614,7,0.0043556694832147,0.240718356069763,0.909090909090909
"e70235d5-f15f-4750-b916-42aadcd579a7",1,21,0,6.65149052142495,7,0.00872160410630961,0.0003527924926171,7,0,0.19614464612354,1
"2b1ec960-982a-450d-a27b-d7a77a1b40ac",1,3,0,1.89636167648567,3,0.000166873530443582,0.000212116681282015,3,0,0.18661311914324,0.333333333333333
"2ffba2ce-d1ec-4a83-bafc-f515577cc106",1,1,0,0.786938680574733,2,4.67168518191543e-17,0.000387611922942527,2,0,1,1
"1edc84fc-d7af-401f-876f-954d2a02209e",1,3,0,1.89636167648567,3,3.98751550781095e-17,0.000387611922942939,3,0,1,1
"af49ecbb-a0b9-4805-9cec-f97eac794c81",1,3,0,1.89636167648567,3,5.7020684088459e-08,0.00027633854943509,3,0,0.127015945330296,0.666666666666667
"43225337-b9fa-4fc5-b4cc-990b72fd149b",1,3,0,1.89636167648567,3,4.18205749251879e-17,0.000387611922942939,3,0,1,1
"60206a25-37e1-4617-b036-71f8a965412e",1,3,0,1.89636167648567,3,1.6303561833516e-10,0.000347594078403074,3,0,0.101551686457347,0.666666666666667
"1e4e9db7-5068-4a9c-bdd0-5777e47172c8",0.392857142857143,11,17,5.11026226439167,8,6.20235683930212e-17,0.00076007420423994,5,1.65284632851974e-05,0.428571428571429,0.625
"56576619-c9e0-4e66-b2cc-f9795025448e",1,3,0,1.89636167648567,3,2.53781167107419e-17,0.000363210657144865,3,0,0.8,1
"0eb93ee5-2e6a-4ab4-a988-99c9139a664a",0.333333333333333,22,44,9.40190804823762,12,0.00403109782511774,0.000546026872952759,6,0.00740163070217813,0.223576583801123,0.0833333333333333
"c33c2065-b1c3-4406-b066-d33a9e2ea71a",0,0,0,0,0,5.25564033535461e-19,5.81417884416849e-05,0,0,0,0
"2342146c-053a-42c5-8618-d87474d01a5e",0,0,0,0,1,3.91178154284369e-17,0.000387611922942591,1,0,1,1
"49204a7a-ed85-407a-828f-6fd46f1d8126",0,0,0,0,0,5.25564033535461e-19,5.81417884416849e-05,0,0,0,0
"71bcb5be-394c-4c04-bb38-35982e8a94d3",0.833333333333333,5,1,2.81798079736026,4,1.0816035864744e-17,0.000404927537089146,3,1.01713620216599e-06,0.555555555555556,0.5
"618b6900-0618-4f1e-b835-bccb17f84294",1,3,0,1.89636167648567,3,1.65252079206554e-06,0.000348701254865238,3,0,0.143415637860082,1
"44cc2d70-819d-4fb1-a65c-5c693419eea0",1,10,0,4.32332358381694,5,0.000355108211994098,0.000346532000106148,5,0,0.167850692354004,1
"37d0a847-32d3-480f-bd1e-101f50a3d332",0.153846153846154,12,66,7.58544670594269,13,0.000872865705852104,0.00113237866146171,3,0.00387986604316217,0.197087515905556,0.307692307692308
"f0e17f11-0748-447b-8dc2-ec44d2425650",1,66,0,11.9509587427384,12,0.000147232549962928,0.000412783089902007,12,0,0.170749632533072,0.916666666666667
"e9f2c808-cf43-4d52-be4d-ea3311f0a4d9",1,6,0,3.10747935940628,4,7.52437250631502e-06,0.000254345304423603,4,0,0.155632466227532,1
"8ef1df30-ae4f-4dbd-9351-1a32b208a01e",0.4,4,6,2.68330035706041,5,0.00551414208716728,0.000323219515185433,3,0.00390863989067383,0.216526871699286,0
"ecbe0f51-b540-498e-907d-bfaf2fdb75b0",1,15,0,5.50749000825661,6,0.067461524370523,0.000256302085099766,6,0,0.220674370745607,0.833333333333333
"035bc391-d7dd-4a68-8321-fa1e02697fc8",0,0,0,0,1,2.83227611092937e-17,0.000298565940645328,1,0,0.666666666666667,1
"b787b4f2-ad08-43ba-845b-c3393a8079eb",1,3,0,1.89636167648567,3,0.00308012967348592,0.00016631973918756,3,0,0.207811568276685,1
"e09bfd0b-2118-4bf4-bd4e-1d5e245e6d02",0,0,0,0,1,0,0.000169212827038826,1,0,0.545454545454545,1
"bfeb843d-d3b1-4308-b81a-8dce7c2eecbe",0.7,7,3,3.58874357660546,5,0.0137956259647076,0.00030993517992461,4,0.000176981699176883,0.213902102194261,0.6
"8aa5b65a-5b3c-4029-92bf-47a544356934",0.428571428571429,12,16,6.04409550647897,8,1.0405838319669e-06,0.000593256856726193,4,0.00220559628338432,0.145405236257432,0.375
"4bbc8087-548d-4484-abd2-5b1f4c1a7940",0,0,0,0,1,5.12266763038893e-05,0.000132297192149234,1,0,0.156242994844205,0
"c1708d03-8a66-46eb-848e-fe0d233ffb39",1,6,0,3.10747935940628,4,0.00386118298403949,0.000240849574363065,4,0,0.197870830376153,1
"48878cad-3a64-42cd-998b-72d37631c9f6",1,6,0,3.10747935940628,4,2.34142110473591e-17,0.000387611922942731,4,0,1,1
"5c1fdfd8-20de-4eca-846e-478d9252c32d",1,36,0,8.83515925000139,9,0.00365265990226524,0.000395302979335951,9,0,0.204009951704961,0.777777777777778
"13d92e1d-d230-4827-84ba-14643630751d",0.809523809523809,17,4,6.20420642759723,7,0.00221151164924805,0.000302990363886497,6,9.38735688056853e-05,0.210860686734231,0.857142857142857
"23207c32-6743-4982-9f46-e297b2e4eb14",1,15,0,5.50749000825661,6,0,0.000387611922942731,6,0,1,1
"79b3801c-f1eb-46c4-b486-4d42cb691d25",0.642857142857143,18,10,6.8236187411153,8,0.000245360541842835,0.000460941592547777,6,0.000352691978101058,0.17867213534991,1
"f58094e4-5c56-4421-abde-e83253b5f581",1,6,0,3.10747935940628,4,9.74200836306482e-05,0.000255240757950556,4,0,0.168540684318704,1
"99e1e676-31a5-4c0f-8e36-05553532f9fa",0,0,0,0,1,4.02856922724911e-17,0.000387611922942887,1,0,1,1
"e6c48159-cd80-499a-af7b-bbd92cc057b9",1,15,0,5.50749000825661,6,0,0.000299881209422214,6,0,0.588235294117647,1
"f084dc81-1b43-42cc-aeb4-6888b530c66b",1,15,0,5.50749000825661,6,0.00021930808811958,0.000373219300098721,6,0,0.157371867238654,1
"f09efc2c-210d-4a94-909a-20a233a75ec6",1,55,0,10.9258825830101,11,0.00614348578285707,0.000401469820732043,11,0,0.210765043846386,0.818181818181818
"c141b586-6892-4af6-9a50-2005df8b94da",0,0,0,0,1,3.97657103063971e-17,0.000387611922942887,1,0,1,1
"f5dfa020-ad69-41cd-b3d4-fd7af0414e94",0.4,6,9,3.79272335297135,6,0.00530296855977867,0.000287927123030588,5,0.000354877733637946,0.208995502248876,1
"d385327c-34d8-4259-8f16-d6939ec99ebb",1,105,0,14.9863217705167,15,0.00711978265539295,0.000497928010116787,15,0,0.220047355958958,0.933333333333333
"0cbf7f60-2e29-4b92-a5ec-5b913b630cd6",1,6,0,3.10747935940628,4,2.21621376448027e-17,0.000387611922942844,4,0,1,1
"cf0dbc16-4e24-4957-b5b4-955c8978f690",0,0,0,0,0,5.25564033535461e-19,5.81417884416849e-05,0,0,0,0
"21e6aab7-8077-4351-b013-f3f29772714c",1,1,0,0.786938680574733,2,3.47741416701018e-17,0.000381298218672404,2,0,0.75,1
"ce8dbfe4-3ce7-41e9-9bb3-13e35c053318",1,15,0,5.50749000825661,6,0,0.000387611922942645,6,0,1,1
"0d198fa9-490a-4a71-ac56-e7ee37888396",0.494736842105263,94,96,19.7093796753599,20,0.00283539499070686,0.000718697725987964,12,0.00240364930070285,0.216291698991466,0.95
"fa58cf24-0e44-421d-8519-8bf461dcfaa5",0,0,0,0,1,2.24247703696564e-17,0.000272008366977685,1,0,0.5,0
"67f66c07-6e61-4026-ade5-7e782fad3a5d",0,0,0,0,1,1.26773332615031e-05,0.000121667153655663,1,0,0.149250535331906,0
"b342d50e-401c-4c77-b7e4-2b3e7beaf00a",0.333333333333333,2,4,1.57387736114947,4,8.67509264947819e-17,0.000618819034873922,2,1.01713620216599e-06,1,0.5
"8328b279-1863-487b-976a-58a62b85220a",1,6,0,3.10747935940628,4,0.00317429003661761,0.000204263203403133,4,0,0.202852153667055,0.5
"83aeb2c4-579f-41e7-96d6-73dc1173edde",0,0,0,0,1,3.83671820651848e-17,0.000387611922942887,1,0,1,1
"5ec1ecc6-4535-4911-a27a-e26343f4a189",0.261437908496732,40,113,15.1311865374804,18,0.0150446232350935,0.000724817828765301,7,0.00122740076275721,0.237316990125979,0.333333333333333
"21645c31-fe1c-45a4-955c-3e172b12c3f9",0.25,34,102,12.0155986508313,17,0.000290595463559362,0.00112640607885114,8,0.00702256262380455,0.165853658536585,1
"65c351fd-bcc4-47fe-b7b7-15bb4912a8e9",1,1,0,0.786938680574733,2,3.13184988186036e-09,0.000256366350322117,2,0,0.11545469604108,1
"d8fd8d9b-473b-4f06-83c8-869b1bb9de89",0.395604395604396,36,55,12.1589805296816,14,0.00660060848411459,0.000727370585462497,7,0.00133184945351212,0.205604719764012,0.357142857142857
"3451be55-9f9e-4baa-b57b-fcce1b664e98",1,3,0,1.89636167648567,3,1.59169123354316e-05,0.000264143290117205,3,0,0.142302980808493,1
"9491138a-e451-4026-8d03-d20bcc7f9f2a",0.7,7,3,3.58874357660546,5,0.00019467522201911,0.000317071466604912,4,0.000361552117197087,0.18984066457851,1
"7999a8a1-6cbd-4453-8dd4-ebd03a10e44f",0,0,1,0,2,7.03469968546617e-17,0.000565703887538132,1,2.54284050541498e-07,1,0.5
"20c9c2de-e23c-43a0-8706-7c5bfdb1d31e",1,1,0,0.786938680574733,2,4.76158958468314e-17,0.000387611922942527,2,0,1,1
"44c64a30-1d58-49c5-b314-6e02fba49526",0,0,0,0,1,3.87726408032134e-17,0.000387611922942887,1,0,1,1
"0211756e-139e-4b4c-a721-9ee9db363f12",1,3,0,1.89636167648567,3,3.94059653558867e-17,0.000387611922942804,3,0,1,1
"3a052c99-8c18-484a-8beb-9873b4fb3106",1,10,0,4.32332358381694,5,0.00108120127326695,0.000290490761891206,5,0,0.203920421299005,0
"23e6234d-d57c-42e4-a7e9-e84e072adb25",1,6,0,3.10747935940628,4,0.00154838474922751,0.00023475337956023,4,0,0.206274045575614,0.75
"4a08f237-59f6-476d-a98f-66b19a7470ed",1,36,0,8.83515925000139,9,0.0277068939187004,0.000307874748509366,9,0,0.225092846762474,1
"2d9eca62-e738-494a-827b-a4f7a847d75c",0,0,0,0,1,3.82987790228441e-17,0.000387611922942887,1,0,1,1
"2006a0f7-04ed-48bc-8a60-0e01b95f5095",1,36,0,8.83515925000139,9,3.3676563348265e-05,0.000391323072529927,9,0,0.158409090909091,0.666666666666667
"7eb1ce54-a355-41f9-8d68-e018b096d427",0,0,0,0,0,5.25564033535461e-19,5.81417884416849e-05,0,0,0,0
"db8d33d1-80b3-47c0-a71c-cffdf227521e",1,1,0,0.786938680574733,2,5.07281359151724e-17,0.000387611922942527,2,0,1,1
"ef73e6ed-9096-4ddb-9799-b94874d0ce33",0.417582417582418,38,53,12.0817445164384,14,0.0834587696375,0.000693331125442942,8,0.00203630457709751,0.220395256916996,0.357142857142857
"fc7ac183-74f9-417a-bfbb-8c5840d01fa7",1,6,0,3.10747935940628,4,4.22859319290788e-05,0.000365019866335244,4,0,0.16415449835139,0.5
"592da4c4-9618-4a1a-a944-e60c05c39037",0,0,0,0,1,0,0.000122732873647142,1,0,0.357894736842105,1
"14ec11c6-d275-405e-999b-d7629633e51d",1,21,0,6.65149052142495,7,6.25756778298529e-07,0.000383482771593958,7,0,0.13495982186078,1
"b1cfbd77-bda6-4de8-a344-eb2f26c4f1ef",1,21,0,6.65149052142495,7,0.00788693874488993,0.000321771506251186,7,0,0.2187009727016,1
"90023d8a-3907-45ec-a2aa-b8da61a6d0bd",1,10,0,4.32332358381694,5,1.88447890239569e-17,0.000387611922942779,5,0,1,1
"a9d1d9b5-968c-486d-8a97-6077885f2ab8",0,0,0,0,0,5.25564033535461e-19,5.81417884416849e-05,0,0,0,0
"83735edd-f2a3-41d0-a31d-652bc3cadb3e",1,66,0,11.9509587427384,12,0.0380776372440359,0.000400059812890016,12,0,0.224476650563607,0.916666666666667
"32f02957-6de6-4663-bf2d-0b3aa0662384",1,78,0,12.9677762217033,13,0.0209056614043479,0.000365133851884365,13,0,0.190854326396495,0.384615384615385
"1d8b8292-7dc9-45a1-8cdf-818148cb56ea",1,3,0,1.89636167648567,3,4.28491163894007e-17,0.000387611922942939,3,0,1,1
"fe27eaad-5cce-4d3f-bcee-a55cb05779bd",1,1,0,0.786938680574733,2,5.07755435494607e-17,0.000387611922942527,2,0,1,1
"43f28d78-3566-4fd2-bdae-a15bb6342d16",1,6,0,3.10747935940628,4,8.43434268964647e-05,0.000277212024944414,4,0,0.163942138068917,0.75
"29fab96f-c3a2-4251-80f6-7ccda50da706",1,3,0,1.89636167648567,3,3.60579786515175e-17,0.000387611922942804,3,0,1,1
"2244c1f9-773f-4541-a4fe-ee6dc4f2ce60",0,0,0,0,0,5.25564033535461e-19,5.81417884416849e-05,0,0,0,0
"8ccf5657-92d6-4f31-9527-ba1fb90530b3",0.9,9,1,4.1477338299933,5,0.000135579420841795,0.000329856543248302,4,2.39484351184565e-05,0.175721668977688,0.8
"dc6341b6-2914-4fcc-b58c-985733b43f16",1,3,0,1.89636167648567,3,4.4042447233891e-17,0.000387611922942939,3,0,1,1
"b8dda016-7150-4b5f-9b64-f12ea82882ae",1,1,0,0.786938680574733,2,5.05783781732393e-17,0.000387611922942527,2,0,1,1
"9118f524-be76-4eaf-875c-ccf15e2a2ad6",0.584795321637427,100,71,18.2477921781636,19,0.046415467757102,0.000637419551218955,12,0.000192583876379534,0.224766204450177,0.947368421052632
"d6ed7887-a401-47a8-893c-34b967444d26",0.236363636363636,13,42,7.00189739938729,11,3.06095789636838e-05,0.000768536412956803,4,0.00368613599020493,0.165459940652819,0.181818181818182
"e96edb5d-52c3-4ba9-8097-9a4e8c5e2f88",1,36,0,8.83515925000139,9,0.0173131103018833,0.000371705950073684,9,0,0.240718356069763,0.666666666666667
"64facc0b-6e13-46e6-ac3d-c6c1653598cd",1,1,0,0.786938680574733,2,0.00136205845504118,0.000163519749615959,2,0,0.176254899481603,1
"0e48d6a9-7a38-42ae-9356-65ad8b6e977d",1,6,0,3.10747935940628,4,2.71890396234105e-17,0.000387611922942844,4,0,1,1
"4b807f4a-ce62-494b-bb5b-05372d6b0ae9",1,10,0,4.32332358381694,5,6.4717523703521e-05,0.000349234505923103,5,0,0.165636882129278,0.8
"071d8ae3-e92d-41e1-bc21-378d33400d1d",1,3,0,1.89636167648567,3,0.000593419071710607,0.000255039820322059,3,0,0.176881106458571,0.666666666666667
"543727f8-971b-4433-a208-9896b0785dbf",1,21,0,6.65149052142495,7,0,0.000399052454029471,7,0,0.818181818181818,1
"194e5e92-0f2d-4d81-b5b9-c5f18d9edd59",0,0,0,0,1,3.84245160392074e-17,0.000387611922942887,1,0,1,1
"c777f839-67ce-4d26-99de-8a6707ad1b44",1,10,0,4.32332358381694,5,0.00513672315830137,0.000314462813660324,5,0,0.181865622961513,0.6
"38dd6337-19ae-4793-ab4b-313eff523457",0.333333333333333,1,2,0.786938680574733,3,2.23750711139958e-17,0.000364193537773434,2,8.39137366786943e-06,0.466666666666667,0.333333333333333
"f99ccd31-b368-4b40-bde8-8fba740c8466",1,105,0,14.9863217705167,15,0.00711978265539309,0.000497928010116726,15,0,0.220047355958958,0.933333333333333
"e9a9acf3-673e-441a-90a6-8d05e8e1e892",1,3,0,1.89636167648567,3,3.96197660240884e-17,0.000387611922942804,3,0,1,1
"c47026a1-3300-4cf7-80df-8b9462a884e4",0.666666666666667,2,1,1.41905923940329,3,0.000809414245624936,0.000257504376034065,2,0.000176981699176883,0.196504087961658,0.666666666666667
"d7557f83-02a4-47c4-b48e-ac9d49f9c92c",1,10,0,4.32332358381694,5,1.52151723742556e-17,0.000397773187200897,5,0,0.358974358974359,1
"628afe17-d46a-43c6-82fa-074cc7ed3b3a",0,0,0,0,0,5.25564033535461e-19,5.81417884416849e-05,0,0,0,0
"668391a3-cf69-4cd2-9d18-12e82fec15f2",1,1,0,0.786938680574733,2,5.42948834619857e-17,0.000387611922942527,2,0,1,1
"bfa30cb9-c909-4ffe-bc45-2a957455b03b",1,3,0,1.89636167648567,3,8.14219193337284e-18,0.000329810144960128,3,0,0.8,1
"d12cfa67-ad97-4b34-a71f-1dcce737f5e3",0,0,0,0,0,5.25564033535461e-19,5.81417884416849e-05,0,0,0,0
"42ba45d2-4938-4bf5-9121-5caffc719c4d",1,3,0,1.89636167648567,3,4.32028367880381e-17,0.000387611922942939,3,0,1,1
"05517043-ff78-4988-9c22-88c68588ebb9",0,0,0,0,1,2.45522102069074e-17,0.000272008366977152,1,0,0.5,1
"69681b02-05b8-4685-80cb-e98983b7a96f",0,0,0,0,0,5.25564033535461e-19,5.81417884416849e-05,0,0,0,0
"79c6b6f4-cb92-4f03-a1ef-82e7aa4eddbb",1,3,0,1.89636167648567,3,3.25524519746837e-05,0.000337671591026523,3,0,0.165833928146562,1
"c6a951c5-534d-42d7-a06e-2a3a7be1d17e",0,0,0,0,1,0.000212995455625856,0.000112189228270789,1,0,0.186015479049907,1
"9011971a-df29-4b57-8889-2e5e9a645cbe",1,6,0,3.10747935940628,4,2.17611798095315e-06,0.000301112046766202,4,0,0.143533772652389,0
"37b2cb82-ef79-4d46-a184-a549450aa231",0.2,93,372,27.7213384410537,31,0.0396931573353033,0.00115897814843826,9,0.00980911563527802,0.262622456669179,0.387096774193548
"5a6131f9-f8db-4722-b4d7-6a0c7183c590",0.387692307692308,126,199,23.6012911381796,26,0.00926803360145522,0.000956591745898551,15,0.00661881700907066,0.23914908217533,0.230769230769231
"2d623e82-73e2-4179-9c44-e963980f2d58",0,0,0,0,0,5.25564033535461e-19,5.81417884416849e-05,0,0,0,0
"e4bc69e2-a064-4f93-ada1-f7f209cc1cc3",0.233201581027668,59,194,19.2773703693497,23,0.0155069957922494,0.00107361610887048,8,0.00808071861748578,0.244389901823282,0.217391304347826
"1c294418-722f-45a3-a24d-910f9b6f1502",1,6,0,3.10747935940628,4,0.0018363038604498,0.000205741858335845,4,0,0.207811568276685,1
"e2c00c56-8365-4160-9f40-a64682917633",0,0,0,0,0,5.25564033535461e-19,5.81417884416849e-05,0,0,0,0
"9484dbd2-849b-42e8-ab23-a3c1b9012e9c",1,3,0,1.89636167648567,3,3.2552451974678e-05,0.000337671591026457,3,0,0.165833928146562,1
"f7ec7f63-91cb-4dc8-9d2e-01ed242fd088",1,10,0,4.32332358381694,5,0,0.000326676818161896,5,0,0.354609929078014,1
"fcfa9543-e113-4ef9-9ef6-455ba4cbe7af",0.333333333333333,1,2,0.786938680574733,3,6.34543103644981e-17,0.000465970807990911,2,2.03427240433198e-06,0.473684210526316,0.333333333333333
"5bb2ca9b-4862-4770-bc64-ceab41d13f5b",1,15,0,5.50749000825661,6,0.000219308088119583,0.000373219300098653,6,0,0.157371867238654,1
"f57d8a69-ed3c-4d18-8bce-0083b162fae6",1,21,0,6.65149052142495,7,1.16755743697203e-05,0.000342722890082928,7,0,0.144082687338501,1
"875749d5-a6c6-4ea7-94b9-21c90a2c1a63",1,3,0,1.89636167648567,3,0.0036893003824579,0.00020617290707546,3,0,0.184660219896675,1
"0b1b3996-d4e5-4b04-986c-340d57ae8d3b",1,6,0,3.10747935940628,4,0.00051361559774811,0.000238646827746713,4,0,0.192807745504841,0.75
"9964ddf9-f660-46f7-8f26-1f3fb18cf0ff",1,66,0,11.9509587427384,12,0.000147232549962916,0.00041278308990194,12,0,0.170749632533072,0.916666666666667
"f526f656-ad83-46ce-be57-a5814c57e757",0.466666666666667,7,8,3.8398665769777,6,2.7705813190728e-07,0.000529931160401746,3,0.000706909660505364,0.128349139121628,1
"2093207d-cb69-4789-866b-5ac772c9ebd3",1,3,0,1.89636167648567,3,0.00195658845585382,0.000215576330477346,3,0,0.19614464612354,0.666666666666667
"7ef79f87-2ce7-4826-8890-8033cb77b077",0.523809523809524,11,10,5.11026226439167,7,0,0.000525456508751579,5,2.44112688519838e-05,0.3125,1
"1964d560-1e82-4879-bd6e-3cbfb7dba01e",1,190,0,19.9985029634022,20,0.903585867658377,0.000507526612084719,20,0,0.210161314638927,0.85
"61a57a2a-4c7f-4b41-8109-1070a9c32242",0,0,0,0,0,5.25564033535461e-19,5.81417884416849e-05,0,0,0,0
"dbc997aa-da05-4dd3-a36d-a07af8f862d7",1,1,0,0.786938680574733,2,4.89562467011574e-17,0.000387611922942527,2,0,1,1
"fb7272ba-f130-4f0a-934d-6eeea4c18c9a",1,1,0,0.786938680574733,2,2.71704398105143e-05,0.000200789314003979,2,0,0.161792014856082,1
"e6fdf3f9-8077-4126-b0cf-94da9a8b627e",0.7,7,3,3.58874357660546,5,0.000448734388454808,0.000350944818344295,4,6.87248340087594e-05,0.170728720146969,0.4
"749a2c41-0829-45ad-ba25-1a45f8578d03",0.461538461538462,36,42,12.1589805296816,13,0.0029323629451094,0.000561737382877427,7,0.00591106836583555,0.217404865876482,0.923076923076923
"134cb0bc-06fa-42f7-8078-b0c858349975",0.464285714285714,13,15,6.21968526030261,8,0.0108340667206011,0.000492945572059657,5,0.00106112734290967,0.214791987673344,0
"0e3f65bc-f2c8-4a57-a47d-11868eefd4b6",1,1,0,0.786938680574733,2,4.77982875332668e-17,0.000387611922942527,2,0,1,1
"e5c9209e-be5e-44e6-a154-f3b2dfe71794",1,28,0,7.75842093262145,8,0.00986081676683818,0.000322433536880515,8,0,0.224296057924377,0.5
"527c65d1-9fdb-4482-8796-dde2980bd63a",1,10,0,4.32332358381694,5,0,0.000246335839434755,5,0,0.430379746835443,0.2
"d38c64ea-a084-49c5-ac73-f57ef53f1195",1,1,0,0.786938680574733,2,4.71785004042442e-17,0.000387611922942295,2,0,1,1
"42a8f507-8412-4611-854f-926571049fa0",0.3,3,7,1.89636167648567,5,1.71644534151229e-05,0.000487652048273518,3,0.000708181080758072,0.168561064087062,0.6
"6ee43bdc-02ba-4cfe-89b9-57dab37cb87c",1,21,0,6.65149052142495,7,0.00788693874488992,0.000321771506251127,7,0,0.2187009727016,1
"a8010e51-688c-4f0e-a97f-757696b28e7b",0,0,0,0,1,3.74377455051e-17,0.000387611922942591,1,0,1,1
"1f4e9049-6ee4-4b4e-a2b7-4c47721d9f62",0.555555555555556,25,20,9.03712487739581,10,0,0.000551390334004557,6,3.55997670758097e-06,0.857142857142857,1
"a5f58cd9-6a88-4f66-8d20-cf9c8a4f4c41",1,91,0,13.9789518512983,14,0.0567514142355323,0.000454205663366071,14,0,0.228113238422517,0.857142857142857
"a813f779-77e2-42a8-a34a-cbd581fc0313",1,6,0,3.10747935940628,4,0.00106217876760275,0.000263089383828595,4,0,0.185224554876428,0.75
"df6c619f-4334-43e2-8b6a-4a32af1e4f85",0,0,0,0,0,5.25564033535461e-19,5.81417884416849e-05,0,0,0,0
"6bcc1ff2-65bf-4ac9-bb5e-560d2a30ca7a",1,21,0,6.65149052142495,7,1.16755743697211e-05,0.000342722890082868,7,0,0.144082687338501,1
"875203e1-8e58-4b86-8dcb-7190faf411c5",0.179310344827586,78,357,26.3192440749372,30,0.0199821276287122,0.00122799519506225,8,0.0136953956309765,0.24839629365645,0.9
"efb1cf08-8a85-4fa8-98d8-636d0a7c6e33",0,0,0,0,1,5.3886521287097e-18,0.000217167805144643,1,0,0.571428571428571,1
"ba853904-ae25-4ebb-89d6-c44cfbd71bd2",1,6,0,3.10747935940628,4,0.000294075089637826,0.000219960304517781,4,0,0.167046135410425,1
"edf81f9b-d3f0-4d57-9636-d08e851b1640",1,3,0,1.89636167648567,3,1.35757098032897e-05,0.000260449202518586,3,0,0.151703123299597,1
"269340a7-0a24-4827-86af-550fc6ae6322",0,0,0,0,1,3.88359329288172e-17,0.000387611922942887,1,0,1,1
"c3318701-8e8b-4dff-b43a-2291b1ffa312",1,10,0,4.32332358381694,5,0.00208343247887523,0.000255996452825896,5,0,0.18099195014282,1
"896d6f37-d44e-4592-b06c-cd5ba0320886",0.785714285714286,22,6,7.39248228738812,8,0,0.000441242680660876,6,8.89994176895243e-07,0.75,1
"3830382e-d3ad-41b2-8024-6f1fe424bc5b",1,10,0,4.32332358381694,5,4.00583598932589e-07,0.000378087057993268,5,0,0.13463395789067,1
"3a9d80e7-564a-418f-91d4-0cb7fee9965e",1,3,0,1.89636167648567,3,0.0132510030902606,0.00016887925990792,3,0,0.216157543805241,0.333333333333333
"7e5a2a59-6d9f-4a17-b7c2-e1eedb7bd222",0,0,0,0,0,5.25564033535461e-19,5.81417884416849e-05,0,0,0,0
"54d8e9a4-277b-4d3b-8ca1-a79863c1e379",0.466666666666667,21,24,8.61496936766289,10,0,0.000512900366072882,6,4.27197204909716e-05,0.619047619047619,1
"ff294730-0315-440d-a543-54005779c15b",0.333333333333333,1,2,0.786938680574733,3,7.79680260671402e-17,0.000568604778688942,2,5.08568101082996e-07,1,1
"7a1eb805-2242-4daa-bd90-c1ed350e2e48",0,0,0,0,1,2.63073113743803e-05,0.000158721653782802,1,0,0.141998573902414,1
"6c271707-9c98-4024-b6a0-818569ce9028",0.466666666666667,49,56,13.7153020424276,15,0.000323147999333625,0.000634474514934103,9,0.00311138197116181,0.187819994610617,0.466666666666667
"afbdfac9-2955-4404-ae22-c08bf1c1b51e",1,3,0,1.89636167648567,3,3.88047807404434e-17,0.000387611922942939,3,0,1,1
"535f74d5-8328-40ff-9cea-568ef916b3c8",1,3,0,1.89636167648567,3,0.102112745935828,0.000163554824920444,3,0,0.190385140671948,0
"277ebc64-df06-4d60-bb95-fe14936870b2",1,1,0,0.786938680574733,2,4.88491857600242e-17,0.000387611922942295,2,0,1,1
"2547c5e3-314c-4332-981d-f18c902a4086",0,0,0,0,1,3.96315750696933e-17,0.000387611922942591,1,0,1,1
"3862342a-43c4-4cdb-8250-bfdbfb5e1419",0,0,0,0,0,5.25564033535461e-19,5.81417884416849e-05,0,0,0,0
"d07bca29-d980-4100-8cad-065a05f2b343",1,21,0,6.65149052142495,7,0,0.000387611922942618,7,0,1,1
"6fa2e161-200e-475a-8492-3755594581f9",0.714285714285714,15,6,6.04815969325757,7,0,0.00047543225715971,4,1.37737194043311e-06,0.733333333333333,1
"ce0724ab-2d63-415b-bbb1-839f97bb771a",1,3,0,1.89636167648567,3,3.67640664276031e-08,0.000266368527352647,3,0,0.114638157894737,0.333333333333333
"f7db159f-a8d7-4f67-a81c-82e3e3f6e9f3",1,1,0,0.786938680574733,2,4.80487137232095e-17,0.000387611922942295,2,0,1,1
"65e60a4a-4e52-48b3-ade4-bdfed2c94b3e",0,0,0,0,1,3.8694111176582e-17,0.000387611922942887,1,0,1,1
"30199a54-282c-46c2-bd0f-e9567b120a67",1,1,0,0.786938680574733,2,3.46324486764735e-17,0.000381298218672475,2,0,0.75,1
"9fa8fdc4-91f3-4266-81e5-3c42e943217b",1,36,0,8.83515925000139,9,7.09185359731314e-05,0.000377857187313552,9,0,0.16962764662935,1
"a040fae5-844c-4014-9e05-2175e0d80a51",0,0,0,0,0,5.25564033535461e-19,5.81417884416849e-05,0,0,0,0
"be0d7749-0974-48ba-93bb-6e974ec193a2",1,3,0,1.89636167648567,3,0.00345024835272266,0.000198570147230643,3,0,0.196809261612311,1
"509086c2-9cc8-4e77-89e9-322e34240ffc",1,6,0,3.10747935940628,4,0,0.00040202879954096,4,0,0.55,1
"1c009a08-74d1-4682-bc56-8bfbe9e66b62",0.321052631578947,61,129,17.7836874305499,20,0.0176117572626372,0.000820220675925467,9,0.00379842858969953,0.237843371438321,0
"9daf6754-682e-4afe-84ae-5b35c61e26e9",1,1,0,0.786938680574733,2,4.45792833207687e-17,0.000387611922942295,2,0,1,1
"3ceeddbd-fba5-4bdb-99f7-2d028ed5afda",0,0,0,0,0,5.25564033535461e-19,5.81417884416849e-05,0,0,0,0
"ee27b2d8-648c-4a9d-a68c-e55066959975",0,0,0,0,1,0.000288379822617348,0.000128475020141877,1,0,0.161379949062283,1
"788c12f0-a1f8-4166-8048-2bbe2b6b193e",1,21,0,6.65149052142495,7,0.000739069919634935,0.000336774424617766,7,0,0.19122085048011,0.857142857142857
"2d4bc2de-8c9b-4006-945b-4508a4b0db32",1,6,0,3.10747935940628,4,2.60759280993185e-17,0.000387611922942844,4,0,1,1
"1662397b-22d3-45cd-9c96-20350ec12e98",0,0,0,0,1,0,0.00018684835491895,1,0,0.538461538461538,1
"d0417cd9-dc5c-48e2-9a1b-5a5a51c804cd",1,21,0,6.65149052142495,7,0.00872160410630963,0.00035279249261704,7,0,0.19614464612354,1
"796bc8a9-efd1-43e8-bacf-5eba68835928",1,3,0,1.89636167648567,3,3.93618458202562e-17,0.000387611922942804,3,0,1,1
"1ba1d493-7114-45e2-b163-a36d49a0c065",1,1,0,0.786938680574733,2,5.14681300336753e-17,0.000387611922942527,2,0,1,0
"3e8f2f3e-25d9-425e-9bd7-ee0b47bb1785",0,0,0,0,1,1.38189444303414e-17,0.000219246475736564,1,0,0.6,0
"1d543e07-d0d2-4834-a8db-d65c50c2a856",0,0,0,0,1,3.77593172564224e-17,0.000387611922942887,1,0,1,1
"f4857fb9-e255-4dc6-bd01-e4ca7cc68544",0,0,0,0,0,5.25564033535461e-19,5.81417884416849e-05,0,0,0,0
"2594e97a-9b01-415d-850a-ce39879c58b1",0.7,7,3,3.58874357660546,5,0.000194675222019102,0.000317071466604857,4,0.000361552117197087,0.18984066457851,1
"25e7bc9a-317a-44ab-87ac-dc5617110d54",0,0,0,0,1,3.67551440183804e-17,0.000387611922942591,1,0,1,1
"24d311f8-da82-4068-896b-ca061deaccb6",1,3,0,1.89636167648567,3,0.00210283967631305,0.000219789715402574,3,0,0.183711122825514,1
"f332a312-e95b-4413-b6cc-1762a5a6a083",1,1,0,0.786938680574733,2,4.93421905990432e-17,0.000387611922942038,2,0,1,1
"32ac762f-9d80-4dbc-a0c6-898de0592dac",1,1,0,0.786938680574733,2,4.43929438573276e-17,0.000387611922942527,2,0,1,1
"677e31f1-4035-463c-8ca4-41175440c919",1,1,0,0.786938680574733,2,1.68410402322573e-17,0.000329810144960071,2,0,0.666666666666667,1
"14aea021-97ec-48f0-b69b-8a177c7c72ad",1,1,0,0.786938680574733,2,8.87831097233115e-08,0.000250920051907775,2,0,0.125857710364753,1
"58e2c1c3-fb2a-4251-a667-fc802908680f",1,28,0,7.75842093262145,8,0.00100300374666966,0.000349918460211948,8,0,0.195457094784072,1
"3332c24c-39ed-414d-afdf-87cdef7ddabc",0.377777777777778,17,28,7.63426659596867,10,0.000660660475960357,0.000480783980388917,6,0.00314301776213338,0.203414562965125,0.3
"bea9772b-b952-411f-9499-6d834735cf75",1,15,0,5.50749000825661,6,0.00551100955348421,0.000284999819558345,6,0,0.230260984473076,0.5
"c5ce487b-0462-444e-a184-4de0fef7e028",0,0,1,0,2,6.94679139448744e-17,0.000565703887538132,1,2.54284050541498e-07,1,1
"62879ad9-1594-46ff-a2f4-bca5207a8fd6",0,0,0,0,1,0.000170634844907026,0.000143206412012764,1,0,0.157371867238654,0
"942a9807-9c1a-4a0e-a285-1fde2c5be9d1",0.666666666666667,70,35,13.9936777195089,15,0.0391858323881297,0.000528113310187281,12,0.000583365790673845,0.225675894447143,0.933333333333333
"87652f88-2b02-4f72-9e55-1a4e70c082cd",1,15,0,5.50749000825661,6,0.000788764992312755,0.000323386977282167,6,0,0.194937770941127,0.833333333333333
"62046ffd-7d76-476b-bee5-b281b7575c6c",1,6,0,3.10747935940628,4,1.98844653669358e-17,0.000387611922942844,4,0,1,1
"a6b90dc0-e22e-44e1-890b-87900bd9aca6",0.766233766233766,177,54,21.9799569724632,22,0.0398041955538492,0.00059337495386483,16,0.000494710924111651,0.233110367892977,0.681818181818182
"d9c9cfb7-f751-4fb0-97c0-b3ddd768bc78",0,0,0,0,1,4.0156450336739e-17,0.000387611922942887,1,0,1,1
"669c4d37-2913-49b0-b5ac-c628fcd6f403",1,36,0,8.83515925000139,9,0.0275726020548871,0.000326493823403504,9,0,0.22386381885338,0.888888888888889
"ac01e9ed-5e42-4016-ac13-52c4df3d66a9",0,0,0,0,0,5.25564033535461e-19,5.81417884416849e-05,0,0,0,0
"a7412cd0-e0b8-4fa1-8d24-75bb92a84946",0,0,0,0,1,1.37574298860989e-17,0.00021924647573686,1,0,0.6,1
"a54d9cd2-1359-4ea3-98a1-fe068fc66814",0.5,3,3,1.89636167648567,4,2.5629798570278e-05,0.000357263468817667,3,0.00237332650887072,0.167527941353203,0.25
"401c3991-b76b-499d-8082-9f2df958ef78",0,0,0,0,0,5.25564033535461e-19,5.81417884416849e-05,0,0,0,0
"3599a39e-4e10-4cb5-90d4-c8a015ebc73b",0,0,0,0,0,5.25564033535461e-19,5.81417884416849e-05,0,0,0,0
"8e494408-8620-4c6a-82c2-c2ca4a1e4f12",0.466666666666667,7,8,3.89441803998101,6,0.000523221833788042,0.000404555767840185,4,0.00070792679670753,0.19296788482835,0.333333333333333
"610b71d9-fa78-47d6-9073-083922e73840",0.511111111111111,23,22,8.82061038969949,10,0.00123864293598706,0.000474178314947713,6,0.000200085009954928,0.202380952380952,0.8
"23273a24-72ac-45ea-b7ad-7fd486b7eae2",0,0,0,0,1,4.02146865626194e-17,0.000387611922942887,1,0,1,1
"e823eaa2-6e16-4675-9450-ba89bb02e5ca",1,10,0,4.32332358381694,5,1.03332198726628e-05,0.000363184437687072,5,0,0.15112749349523,0.8
"28658c41-ae08-45dc-b593-42d393df1381",1,28,0,7.75842093262145,8,0.13786832877442,0.000304622940627077,8,0,0.190437158469945,0.875
"4586735e-6673-4eac-934b-a0bfbcf9ddb9",1,1,0,0.786938680574733,2,4.77936419469015e-17,0.000387611922942527,2,0,1,1
"7527f6c2-d762-4b88-b5e2-9244f1e34c46",0,0,0,0,1,3.08867526533439e-06,0.000125177397937104,1,0,0.152200021836445,0
"c01560d1-6f69-48cf-a3c6-c94b65f099b1",1,1,0,0.786938680574733,2,0.00342918523113145,0.00017439633080842,2,0,0.177466581795035,0.5
"ddf488d8-f809-47a0-adb3-95bbc7aa20f0",1,3,0,1.89636167648567,3,4.03745487783195e-17,0.000387611922942939,3,0,1,1
"c7b90dd3-5962-4ef8-926f-f40020720a01",0,0,0,0,1,0.000367610489607515,9.37563147235853e-05,1,0,0.184660219896675,1
"526a6127-7f4e-4797-8ae9-927a6e29e2d0",1,36,0,8.83515925000139,9,0,0.000386834725742211,9,0,0.453333333333333,0.444444444444444
"4439c2fd-a754-4f6a-b3a6-791b47726156",1,1,0,0.786938680574733,2,0.000903468458381058,0.00016987810026741,2,0,0.194123381144687,1
"a22c5b56-9119-4420-b853-34ce0d867918",1,1,0,0.786938680574733,2,0.00357877141185455,0.00018703081024117,2,0,0.184954225819291,0.5
"9172ba7f-5912-474a-99d3-33d01ed082d3",1,1,0,0.786938680574733,2,0.00418076111560713,0.000115974427149612,2,0,0.183565973136687,1
"e8500b78-d8de-4232-adbc-bf08668ffec8",0.761904761904762,16,5,5.93325727880001,7,0.00121755526860308,0.000400550381834089,6,0.000176981699176883,0.19401530967293,1
"25aea3a4-c594-4d3e-8759-7984c1a93820",1,6,0,3.10747935940628,4,1.88689999323758e-17,0.000387611922942731,4,0,1,1
"c4b87e45-c07a-460f-9c58-8d15328e2964",0,0,0,0,1,3.02964698631504e-17,0.000298565940644882,1,0,0.666666666666667,1
"271973a1-7177-4bcf-9a01-ac75d3691035",1,28,0,7.75842093262145,8,0.00940358171524047,0.000318660784906355,8,0,0.223756019261637,0.875
"0aefe635-8ab9-48a7-9a17-243d35ffd49a",0,0,0,0,1,0.000151269628288693,0.000119155212971477,1,0,0.156418312387792,1
"d06f65d2-26e0-4d40-95e5-22592917eb52",0,0,0,0,1,4.28672329295486e-19,0.000216045555563773,1,0,0.5,1
"d4d17620-fd97-4574-92a8-a2cb7e72ce42",0,0,0,0,1,1.10161045513078e-05,0.000133750723647255,1,0,0.137624642116695,1
"90df1c5c-0c89-44cd-8552-0273007dfd27",0.4,4,6,2.68330035706041,5,5.80818766288713e-17,0.000550928634551391,3,8.39137366786943e-06,0.466666666666667,0.6
"e39a514f-f4f3-4ec4-8cdd-817c756d5291",1,15,0,5.50749000825661,6,0.00231431031666415,0.000357970177800234,6,0,0.213084683583002,0.5
"4da8a075-9db8-422e-a154-57386c572d88",0.464285714285714,13,15,6.21968526030261,8,0.0618072349081857,0.00046213756008361,5,0.00211767757290959,0.212144270278496,0.625
"a0b8cfb8-40c6-4f3a-887a-bb571cd711ef",1,10,0,4.32332358381694,5,0.00223122290929671,0.000285346680573272,5,0,0.196781479390175,0.8
"656b39fb-979c-4c57-bb87-61d1a8eb38d1",0,0,0,0,1,1.63006437941849e-18,0.000148892477589425,1,0,0.555555555555556,1
"5dfdca28-9ddc-4853-933c-8bc97d87beec",0,0,0,0,0,5.25564033535461e-19,5.81417884416849e-05,0,0,0,0
"ec8033d3-33db-4018-bdc4-7e7437160821",0,0,0,0,1,3.82599123553172e-17,0.000387611922942591,1,0,1,1
"8dd98bdc-80ec-4e93-8509-2f46bafc09a7",1,1,0,0.786938680574733,2,5.15315351149185e-17,0.000387611922942527,2,0,1,1
"8a360e61-0dcb-4e29-91d1-c54ebb70568c",1,15,0,5.50749000825661,6,0.000788764992312758,0.000323386977282112,6,0,0.194937770941127,0.833333333333333
"599fa573-8816-4dbe-8439-2f4d486ffb8e",1,28,0,7.75842093262145,8,0.00100300374666969,0.000349918460211885,8,0,0.195457094784072,1
"210bf857-3387-4a7e-9301-7eb9c66800d6",0,0,0,0,1,3.95820694364699e-17,0.000387611922942887,1,0,1,1
"64b94289-9474-4d43-8c93-918ccc1920d1",0.5,3,3,1.89636167648567,4,0.000288587626266594,0.000378279799036648,3,0.00106112734290967,0.166626822854411,0.75
"7e8235b3-39a8-41ae-b77f-9c693631b802",1,1,0,0.786938680574733,2,5.20205618087446e-17,0.000387611922942527,2,0,1,1
"e9aed5e5-ed35-4244-872e-194862290295",1,1,0,0.786938680574733,2,1.61811086394074e-05,0.000190184638621042,2,0,0.167749699157641,0
"bb92cd9f-0446-42bb-adc7-b6f7c5bea2e3",0,0,0,0,1,7.05603088970737e-06,0.000117321854472185,1,0,0.149522685830741,0
"b57656ce-7e16-42ca-84cc-882067041e4d",1,1,0,0.786938680574733,2,5.46187098771294e-17,0.000387611922942527,2,0,1,1
"1ecc1f71-2512-442a-a85e-3c79d9ddc5cc",0,0,0,0,1,5.68007717525569e-06,0.000169323765065902,1,0,0.149522685830741,1
"3b39abeb-0064-4eed-9ddd-ee47a45c54cb",0.766233766233766,177,54,21.9799569724632,22,0.0398041955538493,0.000593374953864769,16,0.000494710924111651,0.233110367892977,0.681818181818182
"3e1f2ee4-16be-4406-bf18-6173840cf2b1",1,3,0,1.89636167648567,3,4.09304672587967e-17,0.000387611922942939,3,0,1,1
"100d7963-5354-4692-b9ac-d3aeb3eaaa8f",1,3,0,1.89636167648567,3,1.40797434415819e-06,0.00029579397949115,3,0,0.145678754310795,0.666666666666667
"254401f5-0db4-4856-bd24-6c2a7f0ebfeb",1,3,0,1.89636167648567,3,4.22590495691237e-05,0.000221820702888898,3,0,0.164522601203824,1
"d8433dee-d1a8-4b40-b27c-40bc53481167",1,6,0,3.10747935940628,4,1.98105911903486e-17,0.000387611922942844,4,0,1,1
"9aeed8f0-471d-42ae-b160-175dadbfb44b",1,36,0,8.83515925000139,9,0.0084103232217258,0.000389623233869482,9,0,0.215356094546578,0.777777777777778
"f69e15c5-2768-40b1-b251-0e3271d00e53",0,0,0,0,1,4.09816127152127e-17,0.000387611922942887,1,0,1,1
"32673e42-5ba2-4528-b3fe-a000a0c606e3",0,0,0,0,1,3.8160838494482e-17,0.000387611922942887,1,0,1,1
"ad279295-653f-42e1-9aaa-b731df2e78ba",0,0,0,0,0,5.25564033535461e-19,5.81417884416849e-05,0,0,0,0
"2ebbf6bc-77f7-4759-8784-63bd77c2712c",1,3,0,1.89636167648567,3,6.64805030531048e-07,0.000266818804149725,3,0,0.129337539432177,0.666666666666667
"b727ffed-79ab-4905-b20d-2a8df5335929",1,15,0,5.50749000825661,6,0.00127826910653933,0.000350994295602136,6,0,0.177647508602014,1
"daf84e36-f78e-4c94-a032-6aed138c0d34",0,0,1,0,2,3.66954286413604e-05,0.000250705420620726,2,0.000351081576896137,0.166786312514956,0.5
"3018e348-be53-4f20-b468-1a10213745b2",1,3,0,1.89636167648567,3,0.00154487652637823,0.000181042241387266,3,0,0.208433014354067,1
"0f1d5b01-8784-4870-9bd6-fa43178b9441",0.8,36,9,8.83515925000139,10,0.0276367834800171,0.000401629100315685,9,0.000354217682404307,0.223899775136524,0.9
"ea72e02e-5dc4-41d5-acee-55057279aae3",1,36,0,8.83515925000139,9,0,0.000387611922942515,9,0,1,1
"97bdfc6a-da6e-407b-8713-543156ed322a",1,1,0,0.786938680574733,2,0.00129143234636134,0.000171095134845496,2,0,0.206091070372561,0.5
"f687f9e5-92ce-4fc8-a2b7-454c3dfffc32",0.6,9,6,4.51276563858793,6,3.73413764955919e-08,0.000490976881135347,4,0.000530182245379023,0.114666447314305,0.666666666666667
"6b5d7d4e-c64d-44c5-8af3-6acd9ccd55ed",0,0,0,0,1,3.9793727994156e-17,0.000387611922942887,1,0,1,1
"a94a7155-c79d-4409-9fcf-220cb0e4dc3a",1,6,0,3.10747935940628,4,0.000508927973634155,0.000272906443551149,4,0,0.159587864911276,1
"dfb786ef-29d1-4c4d-b94d-4d83e85c7d33",1,1,0,0.786938680574733,2,4.75829578028636e-17,0.000387611922942295,2,0,1,1
"6ab31970-6077-4906-a185-cbce90c1c8b3",1,3,0,1.89636167648567,3,3.92435195631826e-17,0.000387611922942939,3,0,1,1
"5191f332-8c44-4775-a070-d517cf7e5ecb",1,10,0,4.32332358381694,5,2.66211557368881e-06,0.000372052370321939,5,0,0.153119507908612,0.8
"584c04d2-4acc-491b-8a0a-e63133f4bfc4",1,6,0,3.10747935940628,4,2.30543567410646e-17,0.000387611922942844,4,0,1,1
"10361de3-1b9f-4da5-854b-4a4dc8a12faf",1,10,0,4.32332358381694,5,6.47175237035255e-05,0.000349234505923032,5,0,0.165636882129278,0.8
"2d1e278a-61d6-44c0-8d21-9145a810bfbf",1,1,0,0.786938680574733,2,2.71704398105145e-05,0.000200789314003927,2,0,0.161792014856082,1
"7782d2b8-146e-4eb9-9e1c-6e59b855bcbc",1,66,0,11.9509587427384,12,0.00196577750174619,0.000421009983995869,12,0,0.206886316414366,0.916666666666667
"d530dad4-81e5-4874-808a-d708039289fb",0,0,0,0,0,5.25564033535461e-19,5.81417884416849e-05,0,0,0,0
"2e41ae9c-afd2-4f20-8f1e-17281ce9b472",0.7,7,3,3.58874357660546,5,0.0137956259647076,0.000309935179924484,4,0.000176981699176883,0.213902102194261,0.6
"bf4fe7cd-7d38-41d2-b78a-fdc7c6b08929",1,1,0,0.786938680574733,2,8.51767296940638e-07,0.000239015712707194,2,0,0.143889347646573,0.5
"94c338ff-1985-4429-9dc8-997b61bb5932",0.242424242424242,16,50,8.59258461249742,12,0.000723894718790227,0.000767854779461285,4,0.00128590145335773,0.198660396180704,0.75
"abe4416d-616c-4e61-a3be-62ac6d1bdc4e",1,36,0,8.83515925000139,9,0,0.00038683472574214,9,0,0.453333333333333,0.444444444444444
"add5f522-25df-41c4-815e-0ca9f60b83e4",1,3,0,1.89636167648567,3,3.44402562003386e-17,0.000387611922942939,3,0,1,1
"c1f1cf38-1fee-4106-871d-ac392a28b91a",0,0,0,0,1,2.81821236593725e-17,0.000298565940644969,1,0,0.666666666666667,1
"3bf30073-ce4e-4207-88d2-ad83677b0387",1,10,0,4.32332358381694,5,0.000339697888794928,0.000286685128933022,5,0,0.156313074680422,1
"fb7d550f-7518-41ba-95db-33db5287d8e2",0.350806451612903,174,322,30.8319898359605,32,0.0538406309431544,0.00101750605961669,16,0.0078358094202203,0.265170249191554,0.5
"2f237389-5603-45eb-9024-dbc05d2c840a",1,1,0,0.786938680574733,2,1.5090361376247e-05,0.000199064508494174,2,0,0.142288455649689,1
"ba991ec6-049b-479f-9020-be2a84dc1473",0.321937321937322,113,238,25.6777605905616,27,0.0289765459914516,0.000941975261712587,11,0.00506475394482931,0.254286756658154,0.333333333333333
"c414371b-3377-43b5-9dc2-2a20254ed520",0,0,0,0,1,4.07468841424356e-17,0.000387611922942887,1,0,1,1
"13655113-cd16-4b43-9dca-cadbbf26ee05",1,1,0,0.786938680574733,2,0.00032479977690577,0.000207136143525865,2,0,0.154751332149201,0
"6143403a-df6c-429e-8ee6-ef869896b0da",0.444444444444444,68,85,17.3821748974589,18,0.0264348553447201,0.000634511976786687,9,0.00154246802596258,0.250494159928122,0.388888888888889
"5706885b-7712-4be3-b809-db026e07d3a7",1,6,0,3.10747935940628,4,0.000282124311137447,0.00023565302659568,4,0,0.181794470526865,0
"c531feae-1252-447e-b14d-38ec4ae73042",0,0,0,0,0,5.25564033535461e-19,5.81417884416849e-05,0,0,0,0
"283fb96d-1f5c-4b74-9bea-3e4504f07fa3",1,3,0,1.89636167648567,3,4.37651908446947e-17,0.000387611922942939,3,0,1,1
"9efff43b-3b29-4082-824e-bc82f646f93d",0,0,0,0,1,3.96004549062937e-17,0.000387611922942887,1,0,1,1
"dcf5807c-ef1f-4291-b452-6824080ecac4",1,21,0,6.65149052142495,7,0.00988127830127358,0.000299297570792708,7,0,0.222470475582509,0.857142857142857
"7c33a306-87ad-4cb6-9f69-bfdb8586b302",0.225108225108225,52,179,17.1424621766522,22,0.10305895907964,0.000988758704635985,8,0.00299620453436279,0.237397820163488,0.0454545454545455
"d9ef5bac-9f88-4559-932b-63d753ef6161",1,1,0,0.786938680574733,2,0.000303355127749917,0.000223434817638013,2,0,0.161398633784879,1
"eab65757-b949-421f-b870-9246541c83b3",1,1,0,0.786938680574733,2,3.13184987756052e-09,0.000256366350322048,2,0,0.11545469604108,1
"372304d0-5e6a-4030-bc2b-09bdb0ee8abb",0.464285714285714,13,15,5.6731129163428,8,1.95210366986549e-17,0.000730964421812666,5,1.91984458158831e-05,0.470588235294118,0.625
"ea4aa8bb-0547-4405-8252-e8139a18a516",1,1,0,0.786938680574733,2,1.31269734153761e-17,0.000294283177458414,2,0,0.6,1
"ed32d69b-7666-4eb8-b865-fe9a361e10e3",1,3,0,1.89636167648567,3,3.6213803940021e-17,0.000404138550972489,3,0,0.8,0.666666666666667
"073e2522-a8ea-489d-b53a-19729cc8664e",1,3,0,1.89636167648567,3,0.000756264768959917,0.000201596283966102,3,0,0.185077004779607,0.666666666666667
"2dad5809-0d9b-40cf-85cf-2f8828ffaaf0",0.657142857142857,69,36,13.8473204192241,15,0.0383751827605879,0.000585915325713627,12,0.00281950155240413,0.224766204450177,0.933333333333333
"5db88fae-df24-490e-971a-1b3fe8d373ea",0,0,0,0,1,2.13614203799898e-06,0.000115065592190773,1,0,0.153035459435723,1
"30a67440-bf0f-4460-999d-8c056c18ff0e",1,1,0,0.786938680574733,2,6.05909170070714e-06,0.000249625287035939,2,0,0.134530013510905,1
"c5bad957-7f5e-4394-8e17-ef7c360b5e9c",1,28,0,7.75842093262145,8,8.57717206490291e-05,0.000378346838209674,8,0,0.16807330600434,0.875
"84490b56-ff86-4492-be8e-ae565b50f97e",0,0,0,0,1,4.16547011092256e-17,0.000387611922942887,1,0,1,1
"3b233cca-b1d4-43e5-93dd-daf5fe323e42",1,15,0,5.50749000825661,6,0.00417303099761161,0.000271314325085587,6,0,0.208464184238074,0.666666666666667
"883cbf1f-dcaa-4d17-b9ed-394e1fdabc87",0,0,0,0,0,5.25564033535461e-19,5.81417884416849e-05,0,0,0,0
"e49f69da-17d5-4c5c-bac0-dadcb0e588f5",1,1,0,0.786938680574733,2,0,0.000280689139065031,2,0,0.529411764705882,0
"fdcfe3d3-73db-432d-8a34-10540ded35fb",1,6,0,3.10747935940628,4,4.2285931929077e-05,0.000365019866335185,4,0,0.16415449835139,0.5
"8a0b0e89-72e0-4c2b-81a8-f1365165c717",1,15,0,5.50749000825661,6,0.00121190016533316,0.000335593454753934,6,0,0.193988310603952,1
"404c5c4c-7d08-44e4-9721-68a824edc144",1,6,0,3.10747935940628,4,2.18699749836485e-17,0.000387611922942844,4,0,1,1
"22bb3c13-87b5-46ac-8dc9-553b6579c2e6",1,6,0,3.10747935940628,4,2.50618235192431e-17,0.000387611922942609,4,0,1,1
"21a89505-10a9-4ac0-8388-833bc07b9f86",1,1,0,0.786938680574733,2,0,0.00027381627886046,2,0,0.45,1
"3762a304-9821-4a67-8b82-da866c436761",1,3,0,1.89636167648567,3,2.87747598034336e-08,0.000290635744960842,3,0,0.113777342474698,1
"caa55324-f5b2-40c4-9c5b-52d57d3f772a",0.555555555555556,25,20,9.03712487739581,10,0,0.000548737839653553,6,1.33499126534286e-05,0.431034482758621,1
"0fb606f5-f95f-4bf2-bdd8-79771f36a97a",1,6,0,3.10747935940628,4,0.00185218532222953,0.000203777033922451,4,0,0.212241169305725,1
"f06c6acb-cbf8-4181-87e4-6660ef75036c",1,3,0,1.89636167648567,3,0.0499735038230737,0.000178723588713017,3,0,0.18301168439018,1
"fabb37f8-eb2a-4cc1-a72a-b56935bbb72d",0.333333333333333,1,2,0.786938680574733,3,6.27330455712885e-17,0.000559350977462155,2,1.01713620216599e-06,0.714285714285714,0.666666666666667
"55210efc-9dee-4e81-8741-7af235084e7b",1,3,0,1.89636167648567,3,1.14931757029081e-17,0.000390491139319651,3,0,0.666666666666667,1
"9181e544-f535-40a7-9f9e-66c5fa92ab52",1,1,0,0.786938680574733,2,0.000388747473675672,0.000152766745789314,2,0,0.184684684684685,1
"05044348-08c0-4132-b9d5-ef85023173d0",1,1,0,0.786938680574733,2,4.67333801272685e-17,0.000387611922942527,2,0,1,0.5
"e0e1db18-f7ba-4dee-95ff-7ae8cf545460",0.333333333333333,51,102,15.100406653578,18,0.0182159337072598,0.000829048001459097,9,0.00246701039554905,0.225456897945981,0.111111111111111
"bb3cbea2-5ad4-4917-bc84-8a1975d40315",1,15,0,5.50749000825661,6,0.00131012175209991,0.000335657676916718,6,0,0.199199771363247,0.833333333333333
"650e7db6-b795-4eb5-a702-5ea2fc46c848",0.5,3,3,1.89636167648567,4,6.43575082144867e-17,0.00055175654946872,3,1.52570430324899e-06,0.833333333333333,0.25
"38d64df7-5b7f-42ca-9d98-9541640ca84f",1,1,0,0.786938680574733,2,5.09137186198747e-17,0.000387611922942295,2,0,1,1
"4071e367-ccf8-484e-a269-bc80ba61e4ce",1,6,0,3.10747935940628,4,1.21841145566852e-17,0.000353645929695382,4,0,0.666666666666667,1
"b3036249-8b39-4d02-a312-d31a63497bbc",0.714285714285714,15,6,6.04815969325757,7,0,0.000475432257159621,4,1.37737194043311e-06,0.733333333333333,1
"54751645-0f65-4529-9526-35285ae252b3",1,1,0,0.786938680574733,2,6.06814589508917e-09,0.000194324562496579,2,0,0.11390750122569,0.5
"516cef4d-0718-4007-9939-f9b38af3f784",0,0,0,0,0,5.25564033535461e-19,5.81417884416849e-05,0,0,0,0
"680a0350-cee3-49d4-a85d-7c9f4657fb97",0,0,0,0,0,5.25564033535461e-19,5.81417884416849e-05,0,0,0,0
"5bec856f-b78b-4216-8af5-1c0c6365bcbe",1,10,0,4.32332358381694,5,1.206123157364e-17,0.000387611922942681,5,0,1,1
"70c60e51-a155-4dc1-bd99-ed11df29a6f1",1,1,0,0.786938680574733,2,4.88472533745482e-17,0.000387611922942295,2,0,1,1
"766235d5-2ceb-4172-ad73-b316d8a1264c",0.3,3,7,2.20599791997802,5,1.52102788386371e-05,0.000505113590975877,2,0.00176625701506124,0.142433840809237,1
"e0e1a584-dd0a-4bd1-88d1-c4c62895039d",0,0,0,0,0,5.25564033535461e-19,5.81417884416849e-05,0,0,0,0
"47d7b25e-585b-4c97-b98b-411b21a53379",1,3,0,1.89636167648567,3,2.09699244358633e-17,0.000257630577121032,3,0,0.326923076923077,1
"ed58cf08-77c2-4265-ae0e-ccb3533c0982",1,21,0,6.65149052142495,7,0,0.000347976105446711,7,0,0.606060606060606,1
"f32d8c5d-d662-4499-8910-6aa6a01d574b",1,10,0,4.32332358381694,5,0.00513672315830137,0.000314462813660256,5,0,0.181865622961513,0.6
"2c449bbd-b19e-456b-af78-f2e592ff2245",1,15,0,5.50749000825661,6,0,0.000387611922942555,6,0,1,1
"6e61b52a-9001-4638-9f10-f684c180a749",0,0,0,0,0,5.25564033535461e-19,5.81417884416849e-05,0,0,0,0
"afd1a907-afeb-466e-a730-7ddd2021b1a9",1,28,0,7.75842093262145,8,8.57717206490365e-05,0.000378346838209619,8,0,0.16807330600434,0.875
"26f07661-e115-471d-a930-206f5c89d17c",1,1,0,0.786938680574733,2,1.61811086393905e-05,0.000190184638621042,2,0,0.167749699157641,1
"4a4ee089-93b1-4470-af9a-6ff575d32704",0,0,0,0,0,5.25564033535461e-19,5.81417884416849e-05,0,0,0,0
"1b9ac64d-680f-45c1-93af-fde816cf8091",1,1,0,0.786938680574733,2,9.89314636780009e-06,0.000258395595468301,2,0,0.137801502570186,0.5
"24845bf0-2140-4ca2-92bb-de817ac96268",1,66,0,11.9509587427384,12,0.000147232549962903,0.000412783089901872,12,0,0.170749632533072,0.916666666666667
"21551f7d-93f2-4cb7-ba71-7f260058e923",0.666666666666667,10,5,4.32332358381694,6,2.66831224574626e-06,0.000474635783061872,5,0.000354217682404307,0.153136328682852,0.833333333333333
"30e036b2-8674-472d-82bf-2b869ad28d99",1,10,0,4.32332358381694,5,0.00055044856920645,0.000326406659228946,5,0,0.164251207729469,1
"5860586a-2e79-4c24-b041-c087ee051470",1,36,0,8.83515925000139,9,3.36765633482746e-05,0.000391323072529872,9,0,0.158409090909091,0.666666666666667
"6f1de078-6684-4792-820d-2ffad64c15ed",0,0,0,0,0,5.25564033535461e-19,5.81417884416849e-05,0,0,0,0
"f37b3f31-b1f8-4b88-8cb5-b34f709b17d7",0.311111111111111,14,31,7.21443468661791,10,6.307943984888e-06,0.000798725758149554,4,0.00165444849124648,0.157265342960289,0.2
"859d0860-d480-4efd-970c-c05d5f1776b8",0.19,57,243,21.0606375619684,25,0.000667792985317037,0.00129792055580858,6,0.0161480744821641,0.208964173287363,0
"bcfff8eb-3a09-4053-a6b7-76aed86f2ac5",1,28,0,7.75842093262145,8,8.57717206490199e-05,0.000378346838209561,8,0,0.16807330600434,0.875
"c0a1179b-b14a-4d68-a3c1-1fdab16ed602",1,3,0,1.89636167648567,3,0.00951220677474443,0.000184539703284357,3,0,0.213508960024506,0.666666666666667
"fb56cc34-2ab1-4621-ac18-9bf2895e5f4f",0.75,27,9,8.29964448956548,9,0.00115065587512678,0.000436862996228144,7,0.000147265194960052,0.197226938313526,1
"c9900c10-fe1d-497e-9484-60c03e756992",1,6,0,3.10747935940628,4,0.000177566680626083,0.000328704035783088,4,0,0.1564709843978,1
"3ecdd624-0fa0-4dfe-9498-5a4801724d3b",0.666666666666667,2,1,1.41905923940329,3,5.61744880551803e-17,0.000457711951560091,2,1.27142025270749e-07,1,1
"afb680f2-b6eb-4cd7-a70b-a63b25c763d5",0.316176470588235,43,93,13.8253149941212,17,0.00649314463454912,0.000758930528443332,8,0.00147729227479896,0.217676452217364,0.176470588235294
"7cf0ea9d-86b9-4dad-ba9e-2355a64899ea",1,1,0,0.786938680574733,2,5.05586581544896e-17,0.000387611922942295,2,0,1,1
"f136771b-40e2-4f5c-936c-bcb478b18c34",0,0,0,0,1,1.35446124525676e-17,0.00021924647573686,1,0,0.6,1
"b9545342-1e6d-4dae-84ac-013374ad8d7c",1,1,0,0.786938680574733,2,5.12699814739202e-17,0.000387611922942527,2,0,1,1
"3b4e8a00-22d2-4451-87a7-c1a0454d5bbc",1,45,0,9.88891003461758,10,0.0333811444319725,0.000361085518316716,10,0,0.236833163438668,0.8
"59d6cea7-3771-4ce6-8c02-395ac5ba927a",0.333333333333333,7,14,3.89441803998101,7,0.000578427198319159,0.000577642476978906,4,0.00106163591101075,0.173534171542388,0.857142857142857
"a4103168-a041-4008-aee2-fa64096d9d47",0.454545454545455,25,30,9.83081359207354,11,0.00529836050271386,0.000566103198770138,6,0.00171220409065298,0.209403635271143,0.909090909090909
"e9946500-8638-48bf-a130-8e2a291d03b2",1,3,0,1.89636167648567,3,0.00295162491476118,0.000169644590244659,3,0,0.19007362967003,1
"9787f0a2-f657-4210-a630-131efd6f2a9d",1,21,0,6.65149052142495,7,0.00988127830127357,0.000299297570792651,7,0,0.222470475582509,0.857142857142857
"d8e41375-bd8d-4e39-9da7-f0c171e97086",0.333333333333333,2,4,1.57387736114947,4,1.62697641080538e-05,0.00035797628969938,3,0.00191385599492653,0.168683446272991,0
"c2865da9-f277-4396-815c-e92525e36997",1,6,0,3.10747935940628,4,2.44873164166255e-17,0.000387611922942844,4,0,1,1
"bca46a0c-25c9-42ca-98c2-e64c8a5e337e",0.263736263736264,24,67,9.79823056403215,14,0.00299162774211805,0.000790712044805701,6,0.0052227626017496,0.214560566415269,0.642857142857143
"79f083f8-b24b-457f-80c2-122fc8f2908d",0,0,0,0,0,5.25564033535461e-19,5.81417884416849e-05,0,0,0,0
"52a5221c-b206-4372-812c-70426e58aa1e",1,55,0,10.9258825830101,11,0.00439103975956877,0.000404598166211816,11,0,0.208651399491094,0.909090909090909
"6298cc0a-0e42-484d-af50-c431df6465d2",0,0,0,0,1,3.82331609441216e-17,0.000387611922942887,1,0,1,1
"6caccdc6-5cf9-4634-a676-2f607629e837",1,15,0,5.50749000825661,6,0.00907146150887748,0.000315979837734131,6,0,0.194883265762617,1
"0d212894-db54-4cc1-9ded-3cac50183a1d",1,3,0,1.89636167648567,3,4.48073599955152e-17,0.000387611922942804,3,0,1,1
"688178e7-2308-4e8c-8e6d-66a025f895fb",1,1,0,0.786938680574733,2,3.49190768990249e-17,0.000381298218672035,2,0,0.75,1
"6f8f3635-3ee0-4c43-b8c2-ef7cf6615959",1,21,0,6.65149052142495,7,0.00180424685786507,0.00032580035662132,7,0,0.206886316414366,0.857142857142857
"25b7b584-d952-4662-a8b9-dd8cdfbfeb64",0.20935960591133,85,321,25.7736146611908,29,0.0814390697925565,0.00125029938584181,8,0.016457080187516,0.240137812230835,0.206896551724138
"e7c8472a-a21d-4fef-a73f-8ce730d02ed3",1,1,0,0.786938680574733,2,6.8483518960968e-06,0.000243585111186567,2,0,0.151078356995773,1
"068b6c09-e30f-4df4-ae12-9da76f8c50a0",1,1,0,0.786938680574733,2,2.18364807851981e-17,0.000377683139381243,2,0,0.666666666666667,1
"e5963d26-01fa-40f5-b200-e0127f410a45",0,0,0,0,1,1.05099600966599e-17,0.000152984830847228,1,0,0.3125,0
"56658e8b-5635-4278-bbc8-a532d5a0d4a3",1,15,0,5.50749000825661,6,0,0.000348875303497964,6,0,0.357142857142857,1
"69ee3720-a7cb-4402-b48d-a02c366f2bcf",0,0,0,0,0,5.25564033535461e-19,5.81417884416849e-05,0,0,0,0
"47ab22b9-95cb-4920-aa54-7756113e69f7",1,66,0,11.9509587427384,12,0.00196577750174621,0.000421009983995814,12,0,0.206886316414366,0.916666666666667
"bd53f9a7-8be9-46b0-bf7d-1deea3cb57bc",0.303030303030303,20,46,7.96970769521351,12,4.15412813405575e-06,0.000790311718606944,5,0.00353659693887853,0.167326851518425,0.166666666666667
"f032428d-9454-4044-a83c-9a34cbfa6244",0.666666666666667,4,2,2.43458029779605,4,1.28794025365517e-07,0.000390948123044316,3,4.93284419022707e-05,0.136908269495188,1
"8452765c-bda8-4509-a869-b82f16006ad2",1,66,0,11.9509587427384,12,0.000147232549962916,0.000412783089901802,12,0,0.170749632533072,0.916666666666667
"2ddf7a90-4f47-46b4-8ecc-a9743a1ab37b",0,0,0,0,0,5.25564033535461e-19,5.81417884416849e-05,0,0,0,0
"83cf2a60-3970-445a-bfef-3fdbe2a75f8a",0.9,9,1,4.1477338299933,5,5.1674228077165e-05,0.000335576191551874,4,8.83637075631705e-05,0.173728813559322,0.8
"eb811bf7-4c99-4781-84c0-10ba6b8e33b3",1,1,0,0.786938680574733,2,0.000157576299484691,0.000148902417729715,2,0,0.185990660440294,0.5
"b9472588-93f3-4922-a1a2-74082cdf9ce8",0,0,0,0,0,5.25564033535461e-19,5.81417884416849e-05,0,0,0,0
"bfcfa07d-da17-447c-9cef-58fee9338791",1,10,0,4.32332358381694,5,0.00225338688574052,0.00026880167882007,5,0,0.203533362534677,1
"041cb26b-26fc-4816-88e7-27aac49c79d1",1,66,0,11.9509587427384,12,0.0380776372440358,0.00040005981288967,12,0,0.224476650563607,0.916666666666667
"1f9df192-a621-4f54-8850-2c5373b7eac9",0,0,0,0,0,5.25564033535461e-19,5.81417884416849e-05,0,0,0,0
"9854d99f-d954-4c0f-9ae5-58a0cdd885f5",0,0,0,0,0,5.25564033535461e-19,5.81417884416849e-05,0,0,0,0
"f9c65c80-b503-400b-9e46-9c74c8267c51",1,3,0,1.89636167648567,3,1.35757098032875e-05,0.000260449202518519,3,0,0.151703123299597,1
"1cd913a1-5641-4b2a-9624-a0417914e3e7",0.583333333333333,21,15,7.90186888754648,9,0.0159555008899858,0.000387786554195376,6,0.000785591339095572,0.235831500592116,0.888888888888889
"ff89badb-6553-4a10-85fe-0e1287950a27",1,21,0,6.65149052142495,7,0.00268111088802884,0.000295387284945606,7,0,0.207718670838921,1
"8ce77888-cd3b-4014-b710-88f83ec93633",0,0,0,0,1,6.76591225932875e-06,0.000108022495556643,1,0,0.153169981320734,0
"2fc6a88a-ed26-479a-9cd8-355830653062",0.583333333333333,21,15,7.90186888754648,9,0.00464575532299563,0.000522949852590153,6,0.000530182245379023,0.189788972089857,0.888888888888889
"924572a3-8ea4-4d4a-8a79-af61884cc7fb",1,36,0,8.83515925000139,9,0.00365265990226524,0.000395302979335774,9,0,0.204009951704961,0.777777777777778
"c0daae21-ec2a-4dd0-a323-4f53f5945d04",0,0,0,0,0,5.25564033535461e-19,5.81417884416849e-05,0,0,0,0
"094e4ef3-cdcf-4111-bb2e-7fe672c7ae81",1,1,0,0.786938680574733,2,2.29449221404692e-17,0.000265239389456147,2,0,0.24,1
"1595addf-f76b-450a-a097-af852ff35f27",0.266666666666667,4,11,2.68330035706041,6,1.09921421998137e-16,0.000784030860685699,3,2.79712455595648e-06,1,1
"b3af279a-050e-48d8-ae16-bda20fc04680",1,6,0,3.10747935940628,4,0.000929573533479248,0.000263193497574842,4,0,0.182008095051573,0.75
"54cf21b1-9a02-4a75-a029-3a66db21c545",1,3,0,1.89636167648567,3,1.7800059890082e-17,0.000257630577120959,3,0,0.326923076923077,1
"d262ea27-3ffe-40f7-b922-85c42d625e67",1,1,0,0.786938680574733,2,0,0.000222790947469,2,0,0.384615384615385,0
"4475c6a5-00af-4b4d-90aa-25d460b7ae48",1,1,0,0.786938680574733,2,1.16115827450611e-17,0.000374528332511453,2,0,0.625,0.5
"03ea7e10-0b02-4437-8846-82ab2335e057",1,1,0,0.786938680574733,2,0,0.000156884587022317,2,0,0.516129032258065,1
"3e6fba36-756a-4b9b-80cf-31adcdd17072",1,10,0,4.32332358381694,5,0,0.000297658589213384,5,0,0.413223140495868,1
"65380f7e-cb7a-4594-ae44-28ff55160746",0.333333333333333,1,2,0.786938680574733,3,4.67342071967823e-05,0.000245258723523447,3,0.00323384335152242,0.165205024887414,0.333333333333333
"dcad99e7-3c3e-4c78-bf8a-68203e17da48",1,36,0,8.83515925000139,9,0.0159140565064213,0.000366143935989025,9,0,0.214990746452807,0.888888888888889
"bf328740-beaf-4110-88d8-d1ca659d9d15",1,91,0,13.9789518512983,14,0.0567514142355323,0.000454205663366012,14,0,0.228113238422517,0.857142857142857
"efc5c6cb-7720-49b1-9dba-c9f2fc298960",1,1,0,0.786938680574733,2,0.000120210670564942,0.000155418309744055,2,0,0.162527690334616,1
"c20b5d5f-9dc5-4b96-b76f-bdd043451db9",1,1,0,0.786938680574733,2,4.88147994964999e-17,0.000387611922942527,2,0,1,1
"ac3a43db-8437-44c5-b8b8-740a7211dde9",0,0,0,0,1,4.18877350430905e-17,0.000387611922942591,1,0,1,1
"78898501-187f-4f3d-bff1-cf465c14de21",0,0,0,0,1,6.59492251626203e-18,0.000217167805144322,1,0,0.571428571428571,1
"3ccd2160-2d09-4835-8782-0aa68faa278e",1,3,0,1.89636167648567,3,4.30364277567291e-17,0.000387611922942804,3,0,1,1
"f0602f55-1770-483d-89bd-4bae0d0ac086",0.251461988304094,43,128,16.5862460759834,19,8.92142992219157e-06,0.00102703700703101,7,0.00422709091417659,0.155893536121673,1
"f8200cea-b5e9-4145-b5a5-1d0838f2c288",1,6,0,3.10747935940628,4,2.1526988118528e-17,0.000387611922942731,4,0,1,1
"56505b4e-efa3-4721-853f-20dcdebe4431",1,28,0,7.75842093262145,8,0.00986081676683816,0.00032243353688045,8,0,0.224296057924377,0.5
"6868834a-83b8-4fbe-878e-0d84395726f2",1,10,0,4.32332358381694,5,0.0107503175962411,0.000280801018647202,5,0,0.214692746034191,0.6
"5d02f264-e225-41ff-83f7-d9b1f0b1874a",0,0,1,0,2,6.51857607354715e-17,0.000503215478907955,1,5.08568101082996e-07,0.75,0.5
"2bfdb8f3-5688-4a85-9f84-88f5e840e485",1,45,0,9.88891003461758,10,0.0333811444319724,0.00036108551831666,10,0,0.236833163438668,0.8
"598ec1f8-fddf-4be4-aa68-fe7de35a6afc",1,15,0,5.50749000825661,6,0.00127826910653933,0.000350994295602073,6,0,0.177647508602014,1
"ed5d9086-e8cd-473a-b96c-d81ad6c98f0d",0,0,0,0,0,5.25564033535461e-19,5.81417884416849e-05,0,0,0,0
"8ddf3da1-dfa9-490a-93cc-7d4072319995",1,66,0,11.9509587427384,12,0.0380776372440358,0.000400059812889608,12,0,0.224476650563607,0.916666666666667
"1a43e9d1-9767-4e2c-893a-65f43e5b8561",1,6,0,3.10747935940628,4,0.0014983724960526,0.0002215494478294,4,0,0.211020284589767,0.75
"9c102db7-a04d-4530-a83c-4cd169b99f68",1,6,0,3.10747935940628,4,2.63224452169141e-17,0.000387611922942731,4,0,1,1
"5e652056-eacd-471d-96d8-636ecd73829c",1,6,0,3.10747935940628,4,0.000520665461008506,0.000240162406637073,4,0,0.19291447550512,0.25
"db1a36ef-fa59-48a6-a2d6-d6da432fdca4",1,3,0,1.89636167648567,3,0.00188518597119276,0.000186877261317192,3,0,0.205181042095967,0.333333333333333
"88795ca5-5bef-4253-ae0e-79a5d00e0388",0,0,0,0,1,8.00741365292935e-07,0.000147566326301949,1,0,0.143696526131327,0
"b0eacf92-511b-4566-b72b-a5fed2526d73",0.833333333333333,5,1,2.81798079736026,4,4.19643349320713e-17,0.000426146441597798,3,8.47613501804993e-08,1,1
"82856c21-c448-4432-bc79-97009b7eb853",1,6,0,3.10747935940628,4,2.06601832121243e-17,0.000410737869211307,4,0,0.833333333333333,1
"100b8734-f4f0-4536-9960-47f7c59d1b4c",0.377777777777778,17,28,7.82297110511998,10,0.00768637555660031,0.000503029609530748,5,0.00147185979789773,0.221762647152402,0.8
"1355d559-f13f-4c78-a7a8-02b6d747d94e",1,1,0,0.786938680574733,2,3.58042769534427e-17,0.000381298218672035,2,0,0.75,1
"830e5c4e-6b7d-431d-86ab-00c751281dc5",0,0,0,0,0,5.25564033535461e-19,5.81417884416849e-05,0,0,0,0
"0eb89e0b-adee-4175-b1f0-55a3531937be",1,6,0,3.10747935940628,4,2.53945120905773e-17,0.000387611922942844,4,0,1,1
"0307edfc-437c-4b48-8700-80680e66a228",0,0,0,0,1,3.9576617734421e-17,0.000387611922942591,1,0,1,1
"002a647a-faf8-4135-9e22-2087aa0d7078",0,0,0,0,1,3.91982349361749e-17,0.000387611922942591,1,0,1,1
"43b896c5-5652-4b04-bde1-2e4224bc99b3",0.333333333333333,1,2,0.786938680574733,3,1.75030949833909e-18,0.000324133456813938,2,1.22056344259919e-05,0.518518518518518,0
"12718e0c-546e-45f7-ae86-9dbaa65797d2",1,3,0,1.89636167648567,3,0.00563663820725118,0.000256778763194847,3,0,0.160045924225029,1
"c47284ed-a62a-4776-a468-6dec83ef1b32",1,1,0,0.786938680574733,2,6.848351896097e-06,0.000243585111186501,2,0,0.151078356995773,1
"8a78b436-b2c4-4391-bc48-8fc87232e5dc",1,3,0,1.89636167648567,3,3.95083943490698e-05,0.000209503486231084,3,0,0.172909947903746,0.666666666666667
"52074ba6-e495-4ef3-9bb4-0703888a9f68",0,0,0,0,1,3.80455003176637e-06,0.000133534308923163,1,0,0.14950664950665,1
"fe8fd37a-09d7-48f7-b1ac-1ccfa6b4170e",0,0,0,0,1,4.03309396291362e-17,0.000387611922942887,1,0,1,1
"9c89b36c-9d3c-4f7a-8437-230b935b7c6a",0,0,0,0,0,5.25564033535461e-19,5.81417884416849e-05,0,0,0,0
"92b92658-d411-4d36-a0c3-ce3d415bcec5",1,10,0,4.32332358381694,5,0.00097368230511848,0.00026783928227241,5,0,0.199799340690841,1
"0a82fd0c-18aa-4410-b12a-6cb0f1507cde",0,0,0,0,0,5.25564033535461e-19,5.81417884416849e-05,0,0,0,0
"8f64d6ea-3f6c-408c-b2e0-e5334b28dae9",0,0,0,0,1,3.9013246473832e-17,0.000387611922942591,1,0,1,1
"16a43d5e-c52d-4eaa-9c3b-00b2c1d8e816",1,1,0,0.786938680574733,2,4.74711114170148e-17,0.000387611922942527,2,0,1,1
"ece1c3c8-b16f-49f0-9c60-eb3029e929a9",0,0,0,0,1,3.69769999692769e-17,0.000387611922942887,1,0,1,1
"fac55e3c-d459-45ed-9f9f-f5078d3b3423",0,0,6,0,4,1.23723549617982e-16,0.000921887816728621,1,1.52570430324899e-06,1,0.25
"539a6364-1b25-4723-85fd-89fd6dfa51b9",0.666666666666667,2,1,1.41905923940329,3,4.14141008815149e-06,0.000289898883713808,2,0.000108538642322564,0.151587646802958,0.666666666666667
"86e2e2ad-6d1b-44fd-9463-b6683718a1cc",0,0,0,0,1,3.7980887180294e-17,0.000387611922942887,1,0,1,1
"b02e4ca5-312a-4d2e-b087-30db9d5ec579",0.833333333333333,5,1,2.81798079736026,4,6.34631027854272e-18,0.000404927537089033,3,1.01713620216599e-06,0.555555555555556,0.5
"89d4a76a-d8d4-4600-ac9e-19415320b7f4",0,0,0,0,1,4.11489355617179e-17,0.000387611922942887,1,0,1,1
"b4011cea-1bc4-445d-9f4c-a17eb3bbbed4",1,10,0,4.32332358381694,5,0,0.000295987864725731,5,0,0.521739130434783,1
"5518f8a7-a33f-415c-a175-a95dd2c855f6",1,45,0,9.88891003461758,10,0,0.000401335180495216,10,0,0.433333333333333,1
"329b4e2f-b2b9-4fbf-ba47-4e3676f84bf0",1,1,0,0.786938680574733,2,8.44600722084156e-07,0.000249904340154773,2,0,0.143740977521138,1
"9176a2e5-ffb2-4d56-aecc-fdf1ad5d6994",0.8,12,3,5.06194471187092,6,0.0010890243296165,0.000348651701624365,5,9.20045220068787e-05,0.203950256035113,0.333333333333333
"31bcadcc-e1da-4cad-bec8-2f4f1d41b095",0.191176470588235,26,110,12.2224861403795,17,0.0196802956057015,0.000792082258588764,7,0.00295351100967365,0.242603550295858,0.823529411764706
"6de0f914-3e60-4418-be3b-42e0feb6eb4d",0.8,12,3,5.06194471187092,6,0.000846298436865844,0.000331992624858166,5,7.68698872504993e-05,0.169010669253152,1
"384dfb61-c597-4303-97be-667b571041f9",0.545454545454545,36,30,11.2867658252349,12,0.00186529402896258,0.000566532500345199,7,0.00172188574764517,0.209750225699669,0.916666666666667
"42e52c03-27bb-4545-8924-cabff6fab531",0.666666666666667,4,2,2.43458029779605,4,2.29275196655582e-17,0.000432462955005477,3,5.08568101082996e-07,0.30379746835443,0.5
"5e7ac01f-0a87-4df6-abf3-31a6acb33633",1,21,0,6.65149052142495,7,0.00112298736627993,0.000342990324649249,7,0,0.197171145685997,1
"3bd08e76-bf53-4b16-82ee-63f95ca5cdae",1,3,0,1.89636167648567,3,3.74291730541324e-17,0.000387611922942804,3,0,1,1
"d5be5333-4171-427e-8e12-732087c6b78e",0,0,0,0,0,5.25564033535461e-19,5.81417884416849e-05,0,0,0,0
"407d7ae0-c297-491c-bd19-4185e2b12ef2",0,0,0,0,0,5.25564033535461e-19,5.81417884416849e-05,0,0,0,0
"a0fc6295-3026-46d4-b978-84da18b34f71",1,15,0,5.50749000825661,6,0.000242950789007402,0.000334557371454369,6,0,0.178626345463865,1
"fd9f268a-89ef-4577-81f4-efebc9517a07",1,120,0,15.9911506500776,16,0.0338786909275219,0.000445190654826927,16,0,0.231062489640312,0.9375
"76517240-0a0f-4817-862b-3596d578a994",1,3,0,1.89636167648567,3,4.78098548082246e-05,0.000305035226979196,3,0,0.164697542533081,0.666666666666667
"9e5b5efe-fd35-4471-8745-628cb528983e",1,3,0,1.89636167648567,3,0,0.000270118667019683,3,0,0.666666666666667,1
"e67ae23b-80ee-4a68-bdd6-6da243f164db",1,6,0,3.10747935940628,4,0.00743750449057727,0.000184829011843624,4,0,0.212435233160622,0.75
"6230a686-dd04-469f-937a-f30095e58fed",1,1,0,0.786938680574733,2,1.12336828511886e-17,0.000241564648073085,2,0,0.307692307692308,0.5
"92885064-c9c3-4f4f-9100-0809548c9ec9",1,1,0,0.786938680574733,2,0.000716568100407785,0.000201299736559936,2,0,0.176277187658068,1
"edc4f886-8d54-4908-b013-260bfcb50481",0,0,0,0,0,5.25564033535461e-19,5.81417884416849e-05,0,0,0,0
"5f606b3d-fab7-4d39-bcdb-f5d42edae945",0,0,0,0,0,5.25564033535461e-19,5.81417884416849e-05,0,0,0,0
"28782f2b-6ba4-4eb2-9b15-6d11978e1d5b",0.733333333333333,11,4,4.77004320871702,6,0.00256298732630655,0.000316713888595568,5,3.74525250216162e-05,0.204009951704961,1
"f1106b17-dcbb-45f6-b938-199ccfab50cc",0.9,9,1,4.1477338299933,5,0,0.000351088091124371,4,6.35710126353745e-08,0.523809523809524,1
"11953393-76ce-4081-9d36-1891283f5e27",1,28,0,7.75842093262145,8,0.0104519943062826,0.00038646709821569,8,0,0.197702453552688,0.875
"476cc87e-9665-43bb-80ea-7e123390ac64",1,6,0,3.10747935940628,4,2.4255028074538e-17,0.000387611922942609,4,0,1,1
"6e019bc6-5c23-4935-94f0-4a896631d846",1,1,0,0.786938680574733,2,7.99144250290033e-05,0.000204060934860884,2,0,0.164270563280698,1
"d642aa48-79ef-4837-b8df-72ae8a4ecf52",0.472727272727273,26,29,8.73127955076326,11,0.011885575101344,0.000470571149361634,7,0.000222226392545546,0.224693745970342,0.909090909090909
"2849e217-6d97-43d0-b33a-4c580a3d7629",0,0,0,0,1,4.22125000173524e-17,0.000387611922942887,1,0,1,1
"41c9a213-7975-48ec-bd82-da16f99aa510",1,1,0,0.786938680574733,2,5.30592374782552e-08,0.000218938725870669,2,0,0.129891912038763,1
"e2345fdf-2be7-47c5-a6dd-be64353ad134",0,0,1,0,2,8.05686833852779e-07,0.000235508888146037,2,0.00209489696255182,0.144846217788861,1
"926a00d3-2dad-4153-a61f-8a256bfcf8c6",0,0,0,0,1,1.31722810696612e-07,0.000125381857708692,1,0,0.1328125,1
"fcde0346-8615-499b-8f25-c45b3fa92228",1,6,0,3.10747935940628,4,0,0.00023984399744802,4,0,0.481481481481481,1
"0a2bd34d-0cf9-4e34-9854-fd8990977d00",1,120,0,15.9911506500776,16,0.0338786909275219,0.000445190654826866,16,0,0.231062489640312,0.9375
"b201c562-a974-4c73-8bc2-41b204f694a3",1,3,0,1.89636167648567,3,2.97830274256285e-17,0.000387611922942804,3,0,1,1
"31445b1e-96f3-4c7f-84ec-dd02e647e690",0.280632411067194,71,182,21.4326392152191,23,0.0180881035495008,0.000878695674468073,8,0.00532022085854785,0.250359195402299,0.565217391304348
"c896c760-f766-46fe-8e10-d8d0ac93e02c",0,0,0,0,1,3.71944914944949e-17,0.000387611922942887,1,0,1,1
"526aab94-697f-44a9-b630-41d1c0505953",1,3,0,1.89636167648567,3,3.2460291703235e-17,0.000387611922942804,3,0,1,1
"8fd3eaa2-dead-412d-a2fd-23fcf1cca009",1,15,0,5.50749000825661,6,0.0127975100854078,0.00027447491394317,6,0,0.226188544539997,1
"e7b587f7-e678-47c1-81dd-e7bb7855b0f9",1,3,0,1.89636167648567,3,3.46300507445312e-17,0.000387611922942804,3,0,1,1
"ae220349-f608-4cb6-ae49-530cbc7faacf",0,0,0,0,1,4.24372219837841e-17,0.000387611922942591,1,0,1,1
"a63df8c3-28e4-41db-bac2-c6c6e8ff8f28",0,0,0,0,0,5.25564033535461e-19,5.81417884416849e-05,0,0,0,0
"4cc51547-88ae-49a2-bf7e-0ef65ee7a94c",1,6,0,3.10747935940628,4,2.05354073273414e-07,0.000303994936737319,4,0,0.127004373177843,0
"a1b61d0f-2333-44f5-afee-cc0c2eab71a4",1,6,0,3.10747935940628,4,1.55298315685532e-17,0.000410737869211175,4,0,0.833333333333333,1
"b4b4c19f-021f-4d3c-b11a-911d4c95cd1b",1,10,0,4.32332358381694,5,0,0.000442254201566117,5,0,0.406779661016949,1
"4c671d5a-7027-4398-8055-03e61d1a3967",0,0,0,0,0,5.25564033535461e-19,5.81417884416849e-05,0,0,0,0
"24b596e5-7da6-49f8-b2d1-ae9083968d1c",1,28,0,7.75842093262145,8,0.000563791970976186,0.000389371074496588,8,0,0.189453655884751,0.875
"5d1a6e5f-a190-4e26-93bc-51457f179412",1,3,0,1.89636167648567,3,0.0534082156364979,0.000177098810021254,3,0,0.201853460758761,0.666666666666667
"9181fc7d-a66d-4056-9b85-45d7b1bbaecd",1,21,0,6.65149052142495,7,0,0.000339959672945533,7,0,0.606060606060606,1
"e8979f75-9110-4df8-ac70-898898d080d1",0.362637362637363,33,58,12.1490136839441,14,0.00129445385746294,0.000786288518528708,7,0.00158749683046652,0.195951644644363,0.928571428571429
"e0a34d31-bbf2-4f32-b89c-9fb0144b2b5c",1,3,0,1.89636167648567,3,0.000593419071710608,0.000255039820321995,3,0,0.176881106458571,0.666666666666667
"b301026a-00c7-441e-aca7-8b01f6c88d96",1,10,0,4.32332358381694,5,7.46269336143031e-07,0.000381573501201454,5,0,0.129289556668522,0.8
"ede97bcb-181b-4a3a-a939-b2c544193b5f",0,0,0,0,1,3.99973619337099e-17,0.000387611922942887,1,0,1,1
"7ea95bc8-7c97-4b8c-baf5-f3720bc94b40",1,1,0,0.786938680574733,2,3.38583655450303e-17,0.000381298218671777,2,0,0.75,1
"b997f5fa-a728-407f-ba2d-4c43c7d883fd",1,15,0,5.50749000825661,6,0.0674615243705229,0.000256302085099705,6,0,0.220674370745607,0.833333333333333
"73e5e69d-3554-40d8-8516-00cb38737a1c",0.444444444444444,16,20,6.29442868883134,9,0.0132803937118915,0.000413910176209393,6,0.00198892627104769,0.239518900343643,0.111111111111111
"6a9e461c-e3c5-4794-a203-98a15daea2df",0.333333333333333,222,444,36.6765612031468,37,0.0988149448952822,0.00115347631736179,14,0.00101985662801283,0.234285714285714,0.918918918918919
"766d43ae-74f0-4ce9-af1a-81227742db2e",1,15,0,5.50749000825661,6,0.00121190016533316,0.000335593454753867,6,0,0.193988310603952,1
"134150aa-338b-42fe-a0bd-f8e5a86fd1c1",1,10,0,4.32332358381694,5,0.00566126984537606,0.000289705616517887,5,0,0.201357792864365,1
"55b83fcc-7f1e-4d2d-a8bf-751152fd9fac",0,0,0,0,1,4.13003424363793e-17,0.000387611922942887,1,0,1,1
"901b1b4d-3894-4589-b97e-112092f87d87",1,1,0,0.786938680574733,2,3.42859606242586e-17,0.000381298218671777,2,0,0.75,1
"459d3e59-d857-4ce6-ba53-21ee6575665d",1,3,0,1.89636167648567,3,3.95083943490772e-05,0.000209503486231084,3,0,0.172909947903746,0.666666666666667
"2a01113c-4661-45e8-b9f0-9fb393f524b4",1,15,0,5.50749000825661,6,0,0.000387611922942645,6,0,1,1
"e527455c-5f72-4208-b892-22f7271a9305",1,3,0,1.89636167648567,3,0.00952432211790604,0.000180170579347844,3,0,0.213247667125593,1
"bb3882be-ca2e-4a93-b077-0f9792482964",1,28,0,7.75842093262145,8,0.00546064735567701,0.000338303197220111,8,0,0.213182443798746,0.75
"074e3847-f67f-49f9-81f1-8c8cea147e8e",0,0,0,0,1,2.79266327445385e-17,0.000298565940645328,1,0,0.666666666666667,1
"155cfd40-dcde-471e-acc0-32179916165c",0.142857142857143,3,18,1.89636167648567,7,1.40390573581717e-16,0.00105993642981439,3,4.57711290974696e-06,1,1
"63690c53-d0e0-42bf-8c94-b66e195c61d9",1,1,0,0.786938680574733,2,4.87276555248218e-17,0.000387611922942038,2,0,1,1
"33960990-c5c1-47dd-9d24-bd83a52d30f4",1,66,0,11.9509587427384,12,0.000147232549962878,0.00041278308990173,12,0,0.170749632533072,0.916666666666667
"170ef669-69f0-487f-9700-9896ac966a7f",1,21,0,6.65149052142495,7,0,0.000399052454029395,7,0,0.818181818181818,1
"536812ce-bfa2-4026-a466-f5cdf1cc8d01",1,15,0,5.50749000825661,6,0.00290014160601639,0.000302218685746226,6,0,0.210510419812745,0.5
"923e649b-21d3-4b45-b109-50e4978002b6",0,0,0,0,0,5.25564033535461e-19,5.81417884416849e-05,0,0,0,0
"2d0a77d3-719f-4301-acbb-9220b953c417",1,1,0,0.786938680574733,2,9.08699693380974e-06,0.000156022124332689,2,0,0.146891464699684,1
"73a156a2-816d-4b3c-ae2e-579da4b998bc",1,6,0,3.10747935940628,4,0.000259356378945963,0.000265295634155798,4,0,0.17333996518279,1
"bc710bcf-8815-42cf-bad2-3f1d12246aeb",1,1,0,0.786938680574733,2,0.000324799776905775,0.00020713614352579,2,0,0.154751332149201,0
"2f569e60-0a1b-4fb9-95a4-3dc1525d1aad",0.5,5,5,2.91584451499524,5,0.000173278140257204,0.000355975285483491,3,9.1466858245745e-05,0.186663095875736,0.4
"d1490c44-dccb-48f2-aa1c-9a994f5287d3",1,66,0,11.9509587427384,12,0.0380776372440358,0.000400059812889544,12,0,0.224476650563607,0.916666666666667
"29d59d18-89ae-4510-89a3-06105efda32c",1,3,0,1.89636167648567,3,3.28859443011746e-10,0.000348421467983649,3,0,0.103581512854808,0.666666666666667
"c07f0676-9143-4217-8a9f-4c26bd636f13",0,0,0,0,1,2.99253801188227e-05,0.00014107258591388,1,0,0.167246550689862,0
"12a7be61-0a53-4c49-99c1-62fc8e52ffac",1,15,0,5.50749000825661,6,0,0.000348875303497896,6,0,0.357142857142857,1
"cb59d750-a055-4603-a6fa-16c76ae4088d",1,3,0,1.89636167648567,3,3.68076651536038e-17,0.000387611922942804,3,0,1,1
"be46b597-c98e-48d4-af49-aa7c0244c343",1,28,0,7.75842093262145,8,2.19201116020483e-05,0.000446681336132485,8,0,0.142375651108161,1
"b46914b9-6289-4f86-ad0f-34147e680d21",1,66,0,11.9509587427384,12,0.00196577750174619,0.000421009983995758,12,0,0.206886316414366,0.916666666666667
"47cd0173-2278-40b1-9e74-9bd87971cf69",1,10,0,4.32332358381694,5,7.46269336147881e-07,0.000381573501201382,5,0,0.129289556668522,0.8
"1a1cd7f3-e5df-4eca-bae2-2757c9e656b5",0.358974358974359,28,50,10.545908561406,13,1.64737307493173e-06,0.000722653307570385,7,0.00586751339026684,0.14721723518851,0.307692307692308
"2282c539-05a2-477c-82b7-fe40798d37f3",0,0,0,0,1,3.11730794134611e-17,0.000298565940645328,1,0,0.666666666666667,1
"d87e52c5-bb8d-4da8-b941-9f4928627dc8",1,3,0,1.89636167648567,3,8.52454317727795e-18,0.000305495186723209,3,0,0.4,0
"69b54f7a-b7c6-4081-98dc-77fdbb2027cc",1,55,0,10.9258825830101,11,0.00439103975956873,0.000404598166211757,11,0,0.208651399491094,0.909090909090909
"4dbf5678-7a31-406a-abbe-232f8ac2cd63",1,1,0,0.786938680574733,2,1.61811086394059e-05,0.000190184638621042,2,0,0.167749699157641,0
"94c46b35-04a6-416d-8c8b-12df90604158",1,15,0,5.50749000825661,6,0.0127986349262604,0.000251993363814434,6,0,0.234443323242516,0.5
"c563a7dd-4bda-4fa1-840f-0f882849fbc4",1,6,0,3.10747935940628,4,0.000518551496856915,0.000288138292284963,4,0,0.164231856738926,1
"79f80a4b-d09a-4212-9c22-327d8a8a845f",1,28,0,7.75842093262145,8,0.00597537094618432,0.000314861641222476,8,0,0.21003465421124,0.625
"7ef0b97f-6256-4bec-8c31-f6587f969170",1,21,0,6.65149052142495,7,1.16755743697187e-05,0.000342722890082806,7,0,0.144082687338501,1
"11a76588-288c-4862-bf6b-9a6bb0e735f6",1,10,0,4.32332358381694,5,6.47175237035201e-05,0.000349234505922956,5,0,0.165636882129278,0.8
"7e92584c-ca97-48bf-8a12-0327db0f6ac8",0.466666666666667,7,8,3.89441803998101,6,0.000831136955275502,0.000467017909451662,4,0.00070792679670753,0.192011019283747,0.833333333333333
"1c7a2235-5d08-403b-834a-3f00b7a7736c",1,1,0,0.786938680574733,2,4.90678619293947e-17,0.000387611922942038,2,0,1,1
"2bee95a7-1c0e-4b3c-99a5-4857d9d776dd",1,1,0,0.786938680574733,2,4.56378343574422e-17,0.000387611922942527,2,0,1,1
"ce8cda9c-051b-4ab8-ad64-fcf13b80223f",1,3,0,1.89636167648567,3,0.000781551933933233,0.000229723361552321,3,0,0.191878871300757,0.666666666666667
"4f9675d2-f6d5-486c-9b26-33dcca998500",0.333333333333333,1,2,0.786938680574733,3,7.57322586479129e-17,0.000568604778688942,2,5.08568101082996e-07,1,1
"4122e107-a90c-4ff3-8223-51cf490c022c",0,0,0,0,1,3.74520697036667e-17,0.000387611922942591,1,0,1,1
"42221313-9b45-476a-8414-1166fadfa518",1,3,0,1.89636167648567,3,0.000395893147618722,0.00019642732101475,3,0,0.188914487057867,1
"d6d45dda-2377-4faa-947b-e071efa085c0",0,0,0,0,0,5.25564033535461e-19,5.81417884416849e-05,0,0,0,0
"ce6a13b9-7d01-4308-811e-fcee6fc53027",1,10,0,4.32332358381694,5,5.48773838975836e-07,0.000325275565191527,5,0,0.134933694705256,1
"ae44193e-8d3c-4f12-81df-c686ecec6c73",1,15,0,5.50749000825661,6,0.00652415058216876,0.000275892510687005,6,0,0.225420439844761,0.833333333333333
"92762a95-0762-4604-b5bf-0d4ff3961de3",1,10,0,4.32332358381694,5,0,0.000275533000427585,5,0,0.619047619047619,1
"7f9a0794-785a-4a2b-90dc-8a265ba05998",0.428571428571429,12,16,6.21495871881256,8,0.00108912479494926,0.000468824238639822,4,0.00135480458441733,0.205332154956547,0.75
"475506e8-b9e9-4af0-bb11-070bf22bb779",1,10,0,4.32332358381694,5,0.000973682305118474,0.000267839282272346,5,0,0.199799340690841,1
"4744de58-e37d-49cb-bf95-c07a2effe462",0.58974358974359,46,32,12.309655003767,13,0.000149845958390942,0.000546713250613248,9,0.000374000311642499,0.178626345463865,0.923076923076923
"5e366045-3176-4e42-bc2f-272b319093a5",1,66,0,11.9509587427384,12,0.00196577750174619,0.0004210099839957,12,0,0.206886316414366,0.916666666666667
"59db3d82-86ea-451f-881f-dffc8ec387c9",0.327272727272727,18,37,8.41814413054156,11,0.0132637772963599,0.000485046344712287,7,0.000665887376812233,0.238249871816783,0.727272727272727
"5e645519-a175-4fe0-9a9b-eb9dc9f506b5",0,0,1,0,2,4.0775587224459e-17,0.000351953934056928,1,1.01713620216599e-06,0.625,0.5
"e96e95c5-ec1e-41e9-b518-cc63c5ada84e",0,0,0,0,1,4.04551657946758e-17,0.000387611922942591,1,0,1,1
"c790898c-8e86-470c-88de-3d2c7560db10",0,0,0,0,1,3.68248716216058e-17,0.000387611922942887,1,0,1,1
"b4d32cff-f19e-455f-86c4-f347d824ca61",0.277777777777778,10,26,5.79077971646669,9,1.7520370453765e-05,0.000605147060086106,6,0.00572812199580715,0.169834307992203,0.333333333333333
"6dee6b6f-aa72-424c-9c8c-0d31ba5ff673",1,1,0,0.786938680574733,2,5.10755057734156e-17,0.000387611922942295,2,0,1,1
"673d3a45-5f49-4b5e-9910-4869a613d37f",1,1,0,0.786938680574733,2,4.8766202259543e-17,0.000387611922942295,2,0,1,0.5
"4d5447d7-c61c-4120-ba1b-d7f471d385b9",0.0738916256157636,30,376,13.2003265196996,29,6.25673715140875e-05,0.00228709726514028,6,0.00437206397351914,0.179500386299253,0.172413793103448
"b7539c32-53e7-4908-bda3-81449c367da6",0,0,0,0,0,5.25564033535461e-19,5.81417884416849e-05,0,0,0,0
"47347cb8-ac34-4916-84b6-d85d4e5e5384",0,0,0,0,0,5.25564033535461e-19,5.81417884416849e-05,0,0,0,0
"d8e07579-ff5a-41f2-b7a7-c71880b8287a",1,1,0,0.786938680574733,2,1.00376578492368e-05,0.000240607950275205,2,0,0.141036017806556,0.5
"aaa4f3af-a639-471b-bceb-ae3f015248c8",1,21,0,6.65149052142495,7,0,0.000373445993516747,7,0,0.335570469798658,1
"27613b78-1b9d-4ec3-9db5-fa0743465fdd",1,3,0,1.89636167648567,3,3.65152331291676e-17,0.000387611922942656,3,0,1,1
"03f97204-818e-45e0-b3d5-1108a52789ba",1,1,0,0.786938680574733,2,5.03125410952389e-17,0.000387611922942527,2,0,1,1
"a13b1d65-ccb3-4934-9bec-5a90f7c23386",1,6,0,3.10747935940628,4,0.00154838474922751,0.000234753379560178,4,0,0.206274045575614,0.75
"fb9b4a46-ffbb-4688-b178-f6f7f07676c3",1,28,0,7.75842093262145,8,0.00940358171524053,0.000318660784906295,8,0,0.223756019261637,0.875
"eb2a70c7-7dab-415a-9546-79b5092f3461",1,190,0,19.9985029634022,20,0.903585867658377,0.000507526612084654,20,0,0.210161314638927,0.85
"5b0b7831-69a2-47aa-9891-de14e58f9ad9",1,21,0,6.65149052142495,7,0,0.000399052454029315,7,0,0.818181818181818,1
"592d507e-2787-4dcb-8757-d760b7fceabf",1,36,0,8.83515925000139,9,0.00841032322172581,0.000389623233869427,9,0,0.215356094546578,0.777777777777778
"8eaabb17-c046-4899-80ab-37b4058ca773",1,28,0,7.75842093262145,8,0.0094035817152405,0.000318660784906234,8,0,0.223756019261637,0.875
"453c9a64-4ff6-4c3b-9621-a73a6574f5be",0.489473684210526,93,97,19.4594094944278,20,0.0080527851276884,0.000720943505227349,11,0.000572163622914231,0.223899775136524,0.9
"8e68819d-71be-4e7d-b41d-f1df81b01d3f",0,0,1,0,2,0.000115061464315435,0.000261604650880711,1,0.000354217682404307,0.17578814627995,0.5
"8ed919fb-eaee-45a1-ba99-b3ede9ca5f1d",0,0,0,0,0,5.25564033535461e-19,5.81417884416849e-05,0,0,0,0
"91b4a2a6-8015-4a4f-81a3-77618f567566",1,21,0,6.65149052142495,7,6.25756778295346e-07,0.000383482771593885,7,0,0.13495982186078,1
"6fda57e7-57ca-4d18-a0a0-2be85e56ec72",1,10,0,4.32332358381694,5,7.46269336143476e-07,0.000381573501201306,5,0,0.129289556668522,0.8
"2bd8101a-11c3-42d5-a9bd-6a3b26445f7e",1,10,0,4.32332358381694,5,0.00425876964459705,0.000251959577932054,5,0,0.221974522292994,0.2
"309c62ba-7a22-4277-9f67-4a162526d18a",0,0,0,0,1,3.97135772729061e-17,0.000387611922942887,1,0,1,1
"aadd68b8-de14-4296-b9e8-9713dc1777a8",1,6,0,3.10747935940628,4,0.00317429003661761,0.000204263203403085,4,0,0.202852153667055,0.5
"5028a04d-c3b5-428d-9c88-433224bb10ba",1,21,0,6.65149052142495,7,6.25756778285837e-07,0.00038348277159381,7,0,0.13495982186078,1
"09887aa7-226e-4ecc-9a0c-02d2ae5777e1",0,0,0,0,0,5.25564033535461e-19,5.81417884416849e-05,0,0,0,0
"d841a2c4-33ce-4980-b715-776fe04e551d",1,3,0,1.89636167648567,3,0.00340836686659764,0.000191505450721802,3,0,0.198632088914221,1
"49f4f9bb-e790-42f5-b0da-2802802b10da",1,15,0,5.50749000825661,6,0.00454719757775487,0.000319516687206926,6,0,0.18611481975968,0.666666666666667
"ffadf26a-2593-4eaf-8c5d-a54cbc5aedc5",0.5,3,3,2.05117979823185,4,0.000281910609744167,0.00023304632161526,3,0.000287191220523567,0.188582251082251,0.5
"b83bc61f-8451-4a5d-8b8e-7e9ed295e822",0.5,3,3,1.95727786071367,4,0.00328973857107852,0.000350574953139458,2,0.000353836256328494,0.183035714285714,0.25
"6b61aa2b-c165-45a9-bb3e-20fc9bfb2aef",1,21,0,6.65149052142495,7,0.00225059603500397,0.000345269331972369,7,0,0.196920468992796,0.857142857142857
"5e6c760b-42e0-4df4-a221-0269355da00a",1,3,0,1.89636167648567,3,4.23835135182927e-17,0.000387611922942656,3,0,1,1
"16456fed-c9f2-4adf-b6ea-97b648c474d2",0,0,0,0,1,4.01116822955138e-17,0.000387611922942887,1,0,1,1
"54e105a9-4515-47e2-8953-9b5f9cdcbf1c",0.5,3,3,1.89636167648567,4,7.01340683031959e-17,0.00055051725637614,3,7.62852151624494e-07,1,0.75
"c2d7ec5b-5e41-4820-8478-65a95ad3ae42",1,36,0,8.83515925000139,9,7.09185359731376e-05,0.000377857187313497,9,0,0.16962764662935,1
"06581da7-23ac-4d1c-8dc6-b120b5cfcf0e",1,3,0,1.89636167648567,3,7.46422702256983e-05,0.000230317395683598,3,0,0.163922859830668,0.666666666666667
"02913597-19e0-4a3e-ad2b-2df95b5ff76c",1,3,0,1.89636167648567,3,3.89433247513114e-17,0.000387611922942656,3,0,1,1
"b539bbba-e41a-49b5-a1e2-c2c90c96642c",1,1,0,0.786938680574733,2,3.55397523204701e-17,0.000381298218672404,2,0,0.75,0.5
"a47d580f-fe5b-4c27-ac7d-06e0ceed534f",1,15,0,5.50749000825661,6,0.0127975100854078,0.000274474913943107,6,0,0.226188544539997,1
"5e986bb1-9f43-4ed2-bf70-4f43b036e4e4",1,3,0,1.89636167648567,3,0.00338683987723025,0.000248816448717067,3,0,0.175147631612012,0.666666666666667
"46609f05-aac5-4714-9bfd-164b877d3b0a",1,36,0,8.83515925000139,9,0.0084103232217258,0.000389623233869369,9,0,0.215356094546578,0.777777777777778
"f7c6f813-ecc9-4a5d-9b1e-cca33a5a8785",1,1,0,0.786938680574733,2,0.00224542197467278,0.000125650090862604,2,0,0.213541666666667,0.5
"1dce970e-34bc-48b2-ab51-48d87544a4c2",0.6,9,6,4.36190929695855,6,0.000251478751580882,0.000422007698056252,4,0.000395385214551105,0.17416291854073,0.333333333333333
"2c0a4632-6ff9-44d1-8932-adbd227d7bbb",0,0,0,0,1,3.97915190894673e-17,0.000387611922942887,1,0,1,1
"2f6f210c-6103-4332-971b-cb3687d3cc28",1,1,0,0.786938680574733,2,2.11102643874134e-17,0.000265239389455973,2,0,0.24,1
"64c1e219-dd5e-435f-99d8-0590e1df996c",1,6,0,3.10747935940628,4,7.10006850131689e-05,0.000297918282672994,4,0,0.162622491833878,1
"e3fd8e3d-df64-43cb-b68e-cf6d65315e4b",0.5,39,39,11.908331139769,13,0,0.000646608058110304,6,3.0725989440431e-06,1,1
"558302b1-07ae-4be1-9edb-2a2b1f036313",1,6,0,3.10747935940628,4,4.0077773759221e-05,0.000387529141793086,4,0,0.163845792195581,0.25
"888f7e18-2a96-4f2e-8320-08ff4330b442",1,10,0,4.32332358381694,5,6.92348853858332e-05,0.000291142114140092,5,0,0.172952853598015,0.8
"ce55e49a-32f4-4757-9849-bf04d06d5fcc",1,36,0,8.83515925000139,9,0.0159140565064213,0.000366143935988967,9,0,0.214990746452807,0.888888888888889
"7d7a5fdd-0d04-4c36-8bee-906feeae239c",0.4,42,63,13.8071344978221,15,0.00250511876422048,0.000671305890791772,7,0.00151307989689163,0.200431344356578,1
"3838a0c9-920d-4a80-a3c1-2e0ee20d48ae",1,1,0,0.786938680574733,2,8.49867763253054e-07,0.000211932211284959,2,0,0.145132743362832,0.5
"e01c3376-15fa-40d7-b747-5f219bdefdd7",1,1,0,0.786938680574733,2,4.77310545873906e-17,0.000387611922942527,2,0,1,1
"74dca2c7-d7dc-4b13-bd17-502a35db042a",1,15,0,5.50749000825661,6,0,0.000319105660960184,6,0,0.65,1
"d570bb31-b9ca-45a4-a2d9-11b186d9c159",0,0,0,0,0,5.25564033535461e-19,5.81417884416849e-05,0,0,0,0
"8560d4e8-05e2-4c20-980b-ad2db445dd5d",0.428571428571429,9,12,5.00384103589195,7,9.70842898848179e-07,0.00055992009416196,4,0.00386842326088781,0.145557063798684,0.428571428571429
"c3649208-0ebe-449b-b1d7-4bd6c560f109",0,0,0,0,0,5.25564033535461e-19,5.81417884416849e-05,0,0,0,0
"75e4f8ef-34c3-44fd-8467-88a7d9599f77",1,1,0,0.786938680574733,2,4.72013110460841e-17,0.000387611922942527,2,0,1,1
"ccb8f30e-4d71-40c4-8b1d-846dafe73e2c",0.8,36,9,8.83515925000139,10,3.37549531145299e-05,0.000471687862639905,9,0.000354217682404307,0.158427093987953,0.1
"4b2d00a2-34b3-4a5c-8f22-4eda5c6e8039",1,15,0,5.50749000825661,6,0.0046451979512821,0.000350087311002595,6,0,0.188837713356814,0.833333333333333
"2997113e-cc84-4a0c-8111-d0648b42b4dc",1,10,0,4.32332358381694,5,0,0.000349565928242639,5,0,0.308641975308642,1
"fd9ab0b7-7a45-44ee-9d6c-6ae062d82a0e",1,6,0,3.10747935940628,4,0,0.000298390846734879,4,0,0.551724137931034,1
"3d2bf6b6-23e7-4c7e-aff6-a60536d5bbf4",1,3,0,1.89636167648567,3,4.02694416057681e-17,0.000387611922942804,3,0,1,1
"7cc04f00-4c8f-40ea-894c-5f65777b3575",1,15,0,5.50749000825661,6,0,0.000339406284502973,6,0,0.666666666666667,1
"07ab04d4-bdbc-4c93-bfb2-457693a4ff94",1,10,0,4.32332358381694,5,0.00301776049539787,0.000238287616333338,5,0,0.19499230661631,1
"c981b771-e3d8-4709-bf00-3b3ce479b675",1,3,0,1.89636167648567,3,3.10995310948957e-18,0.000283132244971843,3,0,0.714285714285714,1
"8b505ef0-c5a7-4deb-bc32-27c882f3c40e",1,6,0,3.10747935940628,4,2.14716650608714e-17,0.000387611922942609,4,0,1,1
"2280ca0e-6968-4349-8c36-cb0cbd6ee95f",1,10,0,4.32332358381694,5,1.94379841766904e-17,0.000387611922942578,5,0,1,1
"47b4b80b-0cfd-4dfa-98bb-4ca24ba2b418",1,1,0,0.786938680574733,2,5.42053785415162e-17,0.000387611922942527,2,0,1,1
"0221734a-35a8-40f7-b5c5-2f61a200bc7c",0,0,0,0,0,5.25564033535461e-19,5.81417884416849e-05,0,0,0,0
"998c3c3c-bbe3-40f0-8c56-0c585598308b",0.8,8,2,3.91518967205847,5,1.99062979903952e-17,0.000419195960143752,4,1.69522700360999e-07,0.857142857142857,1
"b675f327-4738-4af4-bb83-1adb0003f2d3",0,0,0,0,0,5.25564033535461e-19,5.81417884416849e-05,0,0,0,0
"541f16f5-ad7a-428e-af89-9fa1b16d3c9c",1,1,0,0.786938680574733,2,4.10141979889708e-07,0.00017010261524418,2,0,0.143371387431863,0
"823bf998-ac87-4025-8825-93718fb4e147",0,0,0,0,1,4.20060032479463e-17,0.000387611922942591,1,0,1,1
"a75e7eb4-9be7-466b-8c72-311cd2b2b310",1,3,0,1.89636167648567,3,0.00340836686659764,0.000191505450721748,3,0,0.198632088914221,1
"6a7b9d5e-a863-4a90-a056-77942e9f43de",0,0,0,0,0,5.25564033535461e-19,5.81417884416849e-05,0,0,0,0
"29a7ec52-8155-49fd-8b4f-bbd2cc835f89",1,3,0,1.89636167648567,3,3.95902575420216e-17,0.000387611922942656,3,0,1,1
"8da127cc-c432-418f-b356-ef36210d82ac",0,0,0,0,1,3.92637828018515e-17,0.000387611922942591,1,0,1,1
"d653e0c7-383b-4e16-9d7e-436296b31aca",1,105,0,14.9863217705167,15,0.00711978265539299,0.000497928010116664,15,0,0.220047355958958,0.933333333333333
"7679f4a7-6fa7-4980-9d0d-bb906efd0418",1,1,0,0.786938680574733,2,4.51428149176144e-17,0.000387611922942527,2,0,1,1
"aa7a2827-f74b-473c-bd79-03d065835cf7",0,0,0,0,1,3.80455003176436e-06,0.000133534308923163,1,0,0.14950664950665,0
"3aebd566-7ff8-4b29-b017-051b6ec55861",1,1,0,0.786938680574733,2,0.000661776317283743,0.000184447436534859,2,0,0.186763129689175,0.5
"8a184178-86df-4b86-ab58-78c440c313c4",0,0,0,0,1,3.90004823908995e-17,0.000387611922942591,1,0,1,1
"09d4a85c-4916-4b4e-bc96-c4cfcf371046",0,0,0,0,1,4.07589567776283e-17,0.000387611922942887,1,0,1,1
"45ff73a4-1478-41b7-a71a-ff86f69336c3",1,28,0,7.75842093262145,8,0.0256007918785383,0.000302116935134179,8,0,0.218769617074702,1
"16b15363-f6fb-4590-be6b-c843ebc7a780",1,6,0,3.10747935940628,4,2.20284480166568e-17,0.000387611922942731,4,0,1,1
"8bfac288-ccc5-448d-9573-c33ea2aa5c30",1,6,0,3.10747935940628,4,2.17611798095047e-06,0.000301112046766126,4,0,0.143533772652389,1
"81d12ca7-5b89-4d21-8736-860b7400b4eb",0.761904761904762,16,5,5.93325727880001,7,0.000392157936809738,0.000379601327576625,6,0.000102714191287247,0.19871703492516,0.857142857142857
"606a2d8e-2ac3-494d-bf6c-f903a37fc7ca",1,6,0,3.10747935940628,4,5.62824268608916e-08,0.000351203874720073,4,0,0.127189781021898,0.5
"2a0839df-90d6-426b-88f4-5970e8b0026a",1,10,0,4.32332358381694,5,7.45797010039913e-05,0.000295550246115804,5,0,0.166806270192653,1
"3df11250-a3dc-4e01-8b6c-3fc5b79b4770",1,45,0,9.88891003461758,10,0,0.000401335180495169,10,0,0.433333333333333,1
"bb9128ab-5786-471f-9839-462e6afa5d16",1,10,0,4.32332358381694,5,0,0.000326676818161808,5,0,0.354609929078014,1
"6e0c7c0e-cba5-4c2c-a652-38f71ef5785d",1,1,0,0.786938680574733,2,3.24171155277397e-17,0.00031077888197503,2,0,0.274509803921569,1
"b13f0288-830a-4ad7-9c60-830f545e5e2b",0.301470588235294,41,95,14.3534666818595,17,0.00200143569171291,0.000847635358098378,7,0.00411206084267624,0.213410900183711,0.764705882352941
"8bc0f383-aa4d-42fb-aa03-6981bd449215",1,10,0,4.32332358381694,5,0.0070977404521993,0.000223261801181953,5,0,0.213541666666667,0.8
"24dd46e1-a787-47ce-aa5d-d76c72c435e4",1,6,0,3.10747935940628,4,0.000444934394693931,0.000277610846454516,4,0,0.170707812882684,0.5
"bce172fc-51bb-43f7-9a25-b406a0a581d5",0,0,0,0,0,5.25564033535461e-19,5.81417884416849e-05,0,0,0,0
"60add5d1-45f0-4c49-9c6f-fff71d307996",1,21,0,6.65149052142495,7,0,0.000373445993516671,7,0,0.335570469798658,1
"f37c537b-3557-4031-bfd6-ab63ced32854",0.333333333333333,1,2,0.786938680574733,3,1.62206377100982e-05,0.000315616015977698,2,0.000354217682404307,0.16779008184882,0
"79239441-bfd5-4981-a70c-55c3f15c1287",0.333333333333333,1,2,0.786938680574733,3,7.49267478389346e-17,0.000568604778688855,2,5.08568101082996e-07,1,1
"5b489ea2-dea2-43c7-a4e5-c373a22d3113",1,6,0,3.10747935940628,4,0.000769177015840383,0.000275370291940212,4,0,0.20031613737606,0.75
"1d60f591-29ef-4a47-a27e-228081a30f2b",0,0,0,0,1,1.02057006431285e-17,0.000254042949496158,1,0,0.571428571428571,0
"2ce02909-598b-44ef-a456-151ba0a3bd70",0.666666666666667,2,1,1.41905923940329,3,1.63739555799745e-05,0.000285541936917322,2,0.000174150891872298,0.16779008184882,0
"6ce817bd-600d-494d-bd53-2a5f770cf0c6",1,55,0,10.9258825830101,11,0.00614348578285711,0.000401469820731862,11,0,0.210765043846386,0.818181818181818
"f15651b5-67ab-43f5-8bb6-5a1138759e9e",1,15,0,5.50749000825661,6,0.00374466208675426,0.000299706482554376,6,0,0.214692746034191,0.5
"e337c918-098f-418e-97a2-81dc224b1bf9",0.288888888888889,13,32,6.21968526030261,10,0.00431465423105968,0.000635852233284488,5,0.0244206223766298,0.228487133256843,0.5
"4c40f65d-57b7-4667-89cd-3069e33ddf8a",1,3,0,1.89636167648567,3,3.96963712359208e-17,0.000387611922942804,3,0,1,1
"cab6450e-9786-4e93-a4e9-464d476fbbbd",1,6,0,3.10747935940628,4,0.00472618016714564,0.000194966533321421,4,0,0.218392605357982,0.5
"1138a764-2212-4d0a-b02d-0dc14df91e08",0,0,1,0,2,7.10149736420678e-17,0.000565703887537984,1,2.54284050541498e-07,1,1
"59f06a94-5d1f-48fe-9e73-fa47d15e6fc2",1,28,0,7.75842093262145,8,0.00546064735567698,0.000338303197220044,8,0,0.213182443798746,0.75
"8abfaa42-c272-42cb-b7c7-a04e3e9cf668",1,3,0,1.89636167648567,3,0.000850591493317819,0.000239803323848239,3,0,0.196781479390175,0.333333333333333
"bc70a77e-3964-45b5-9acd-dcf6aeacb11c",1,1,0,0.786938680574733,2,4.83484685069798e-17,0.000387611922942295,2,0,1,1
"fb147b8f-0144-4418-acaa-90b2d9779840",0,0,1,0,2,6.21337054122828e-17,0.000503215478908236,1,5.08568101082996e-07,0.75,0
"1f272198-9e76-42ad-90ce-543d30a61b8d",1,1,0,0.786938680574733,2,3.78941910111228e-05,0.000230121220081013,2,0,0.164115846479868,0.5
"68eabc1f-f304-46cb-8015-6f9cb7af33c6",1,15,0,5.50749000825661,6,0.00118457432489299,0.000330235690191889,6,0,0.187063875469673,1
"3c5fd466-655d-4757-9bd8-f116fbf1445a",1,6,0,3.10747935940628,4,0.00423258640636496,0.000199924110407015,4,0,0.232682356868636,0.75
"03ad1736-b7c9-412a-b442-82536d63a5c4",0,0,0,0,1,2.75642660031155e-17,0.000298565940644969,1,0,0.666666666666667,0
"25509e4f-a378-42fc-9be1-192afc3e2cac",1,3,0,1.89636167648567,3,1.77642575727877e-17,0.000363210657144721,3,0,0.8,1
"2257da02-e5b8-4da0-bff5-1db1673483d1",1,10,0,4.32332358381694,5,0.000550448569206454,0.000326406659228874,5,0,0.164251207729469,1
"539fca0f-6739-492a-bf3c-3a420ce4cf6f",1,3,0,1.89636167648567,3,0.0110957993524725,0.000190364599664298,3,0,0.213738117141981,0.666666666666667
"298bda6b-4177-43ed-a21a-dc7d46123801",1,10,0,4.32332358381694,5,0.00301776049539786,0.000238287616333273,5,0,0.19499230661631,1
"7e092d19-6726-4b9a-a879-157065833481",1,3,0,1.89636167648567,3,0.0055232828857728,0.000173081846997983,3,0,0.211725394896719,0.666666666666667
"963e9e5e-4036-4b97-b74e-b97297fe54eb",1,21,0,6.65149052142495,7,0,0.000373445993516592,7,0,0.335570469798658,1
"29c11f6b-df9f-454f-964e-75eedadb4a1e",1,6,0,3.10747935940628,4,1.94642610938809e-17,0.000387611922942731,4,0,1,1
"a10c8616-cdc3-4fd1-a0fa-bc35a6514168",0.9,9,1,4.1477338299933,5,2.05591533362343e-06,0.000394313637807808,4,8.51017236594669e-05,0.146675084175084,0.6
"53ba7b2d-06c4-432a-81cc-ca7525adfec1",1,6,0,3.10747935940628,4,0.00389745318393026,0.000278362575514102,4,0,0.178557704624055,1
"f82f3a3e-29c2-42ca-b589-bc5dc210fa9e",0,0,0,0,0,5.25564033535461e-19,5.81417884416849e-05,0,0,0,0
"04009762-d776-4f8b-807f-53e9f730f5e0",1,3,0,1.89636167648567,3,0.000186954046518707,0.000298191551896107,3,0,0.149138761099818,1
"fa7b0a1f-f8c0-435a-a2bd-74dccf7c0055",0.58974358974359,46,32,12.309655003767,13,0.000149845958390922,0.000546713250613021,9,0.000374000311642499,0.178626345463865,0.923076923076923
"e07d9474-00ea-4460-ac27-88b46b3d976e",0.6,27,18,9.02077811280929,10,0.00188427133146362,0.000473497577733805,7,0.000480874488768234,0.212662090007628,0.9
"0b7c2cc8-0276-4b23-a538-746ebe4133ce",1,6,0,3.10747935940628,4,5.62824268582855e-08,0.000351203874719994,4,0,0.127189781021898,0.5
"594858bd-433e-464c-b571-d0af4d9041fc",1,3,0,1.89636167648567,3,3.71166188496158e-17,0.000387611922942656,3,0,1,1
"583ceac1-556a-445c-b522-c2b4f9f9272e",1,1,0,0.786938680574733,2,4.72746065153759e-17,0.000387611922942295,2,0,1,1
"83862818-99d7-4b43-92f3-aec81c633204",0,0,0,0,1,3.79266533803376e-17,0.000387611922942887,1,0,1,1
"e7998c31-e46a-4daf-8f01-583fffccda1b",1,15,0,5.50749000825661,6,0,0.000387611922942645,6,0,1,1
"83886397-adf2-431a-b841-dc4af744a6cc",0.5,5,5,2.91584451499524,5,8.04268046600015e-05,0.000473052043814346,3,0.000353836256328494,0.153558052434457,0.6
"f8c01287-6bff-4e63-b570-2a61c24e64d6",0,0,0,0,1,3.89985929596519e-17,0.000387611922942591,1,0,1,1
"1a9d7ebe-2bab-47b7-9c08-8ebff789d134",1,21,0,6.65149052142495,7,1.16755743697162e-05,0.000342722890082741,7,0,0.144082687338501,1
"98784f42-c6b7-40a6-9313-8404024eeba0",1,3,0,1.89636167648567,3,5.19414884050815e-06,0.000244076974695191,3,0,0.146999894548139,0.666666666666667
"9c0527f9-b616-494a-9d03-a30b89e81866",1,15,0,5.50749000825661,6,0,0.000387611922942555,6,0,1,1
"e7fd97a1-cc84-4d5d-87ea-8017dcfafcbd",1,1,0,0.786938680574733,2,4.99327598669461e-17,0.000387611922942295,2,0,1,1
"0b323c4b-1258-4775-a8e2-ee71f4bf9a45",1,6,0,3.10747935940628,4,0.00149852871888224,0.00025405912211154,4,0,0.204939723610703,0.75
"272989c8-5535-492d-a25c-9f58803e027f",0.2,24,96,11.9452067615458,16,0.00814031050227177,0.000765356469253453,6,0.0108022070662986,0.231946755407654,0.1875
"cad43f86-226e-4e6a-84f9-3219b48ad242",1,3,0,1.89636167648567,3,0.000189581753196805,0.00031384987393213,3,0,0.159752463900986,1
"9cb087ec-949c-4fb1-b139-778d294c0393",1,15,0,5.50749000825661,6,0,0.000387611922942555,6,0,1,1
"a49a9a95-33fb-4d21-9139-9ced074feb58",1,3,0,1.89636167648567,3,1.75466350382324e-08,0.000204446942673433,3,0,0.113916809675574,1
"f94db5b3-9260-4e81-9d35-6806e50c713f",1,3,0,1.89636167648567,3,4.01900227504077e-17,0.000387611922942804,3,0,1,1
"62162215-b023-4f0e-84bd-1e9412d5b32c",1,1,0,0.786938680574733,2,2.06679197368809e-17,0.000317511894325407,2,0,0.75,1
"6bfe9806-b477-4750-8bd2-b1d0acf901a9",1,21,0,6.65149052142495,7,0,0.000387611922942539,7,0,1,1
"6802a7a8-27c1-46be-ac12-2c03ee1f4096",1,3,0,1.89636167648567,3,3.91166043107536e-17,0.000387611922942939,3,0,1,1
"6be2828f-6c0d-4059-99d4-fa18acf1a296",0,0,0,0,1,1.46365066607239e-17,0.000219246475736483,1,0,0.6,0
"a8449e6e-834b-4e2a-8497-0182a6e2aade",1,28,0,7.75842093262145,8,0,0.000441546381391131,8,0,0.666666666666667,1
"4be53eb7-32d7-4d7b-a995-345b90a507f6",0,0,0,0,1,3.72591887075718e-17,0.000387611922942887,1,0,1,1
"752e457b-fc3b-4809-96bc-d34264ee9519",1,1,0,0.786938680574733,2,3.94725680125795e-17,0.000299876027787978,2,0,0.354838709677419,0.5
"d27d1b7a-4d2e-469d-954d-bdf938c294ad",1,36,0,8.83515925000139,9,0.00365265990226524,0.000395302979335711,9,0,0.204009951704961,0.777777777777778
"9ce50a20-d32f-430f-807c-341dd00acac2",1,15,0,5.50749000825661,6,0.0041730309976116,0.000271314325085529,6,0,0.208464184238074,0.666666666666667
"757ed661-fbad-4e45-b1cd-a6b09f06f54a",0,0,0,0,0,5.25564033535461e-19,5.81417884416849e-05,0,0,0,0
"012151a8-0f9a-44c9-997f-ebd68b5389f9",0,0,0,0,0,5.25564033535461e-19,5.81417884416849e-05,0,0,0,0
"1ac73985-2cfa-433a-a6f8-379480e87179",1,3,0,1.89636167648567,3,0.00195658845585383,0.000215576330477297,3,0,0.19614464612354,0.666666666666667
"20533bc5-fbc5-4d69-9e83-db3f17ce6e49",0.489473684210526,93,97,19.4594094944278,20,0.00805278512768837,0.000720943505227222,11,0.000572163622914231,0.223899775136524,0.9
"f280f9d2-77e6-49aa-a0b5-ce51a18cc2f3",1,10,0,4.32332358381694,5,0,0.000309955398412601,5,0,0.571428571428571,1
"8e27a96f-07a6-4484-a475-f0d487fc3c86",1,1,0,0.786938680574733,2,4.99487478045694e-17,0.000387611922942527,2,0,1,1
"f40856e6-079f-4a0a-916e-9e6a5e04f646",0.269230769230769,21,57,10.0312411554638,13,0.000712387474847699,0.000716216619269324,4,0.00122587923796961,0.196837051680316,0.846153846153846
"5fc368f4-d528-48d7-a8d4-5c657b29beff",1,1,0,0.786938680574733,2,0,0.000219598769680262,2,0,0.358208955223881,0
"bf93639c-1d7e-44ff-9331-91d871b6e14b",1,10,0,4.32332358381694,5,0.00223122290929671,0.000285346680573203,5,0,0.196781479390175,0.8
"66280221-4f4f-442d-91e3-1f622e8b7713",0,0,0,0,0,5.25564033535461e-19,5.81417884416849e-05,0,0,0,0
"93647349-bcda-474a-9a89-327047362acd",0.571428571428571,16,12,6.75907100318594,8,0,0.000452106894573275,6,2.66998253068573e-05,0.420168067226891,1
"b59b8a4d-2278-414f-bf10-04b204ad798b",1,3,0,1.89636167648567,3,0.0110957993524725,0.000190364599664234,3,0,0.213738117141981,0.666666666666667
"d288a227-30c0-4bed-95c3-8c9614646633",1,10,0,4.32332358381694,5,4.84178230526021e-05,0.000239850684936098,5,0,0.168296510925993,1
"bfbd3940-14aa-4c4a-a2ab-67d040aae0f2",1,6,0,3.10747935940628,4,0.0010087491588237,0.000247065218550576,4,0,0.202999854376001,0.75
"f4abc0b5-3f7a-4eff-8f78-ac078dbce533",0,0,0,0,0,5.25564033535461e-19,5.81417884416849e-05,0,0,0,0
"42a8b26e-0ae0-4c28-8db5-b54deb80a23a",1,1,0,0.786938680574733,2,3.8203516712943e-17,0.000381298218672099,2,0,0.75,1
"f83fc06a-3206-4d6f-be05-6dd5ec6a691d",0.678571428571429,19,9,6.50134644604413,8,0,0.00049594510089301,6,1.256163209675e-05,0.316455696202532,1
"a6de8ef9-b1a1-4756-97aa-481bbb8a4069",0.4,6,9,3.10747935940628,6,4.46493365630919e-17,0.000637617984974507,4,7.88280556678643e-06,0.6875,0.666666666666667
"0719f327-24e8-468e-bed0-44214a55a19c",1,6,0,3.10747935940628,4,6.77320703142521e-18,0.00032723814778448,4,0,0.523809523809524,1
"44ab83a3-3e64-42d6-9e80-41fdc06c8ff5",1,3,0,1.89636167648567,3,4.78098548082237e-05,0.000305035226979196,3,0,0.164697542533081,0.666666666666667
"31bea673-d23a-4889-8da1-7cb040863268",0.666666666666667,24,12,8.2290228780171,9,0.000286221887846782,0.00048443182731516,6,4.4298865409469e-05,0.177715451300357,0.888888888888889
"7bd66c18-cb33-49aa-9279-140acedbdb49",0.376344086021505,175,290,30.3669618053907,31,0.0903792928898143,0.000972344090027695,14,0.00287154529637205,0.24813100747597,0.870967741935484
"14ecd19f-7121-4192-8549-e5056241a42f",0.473544973544974,179,199,27.4452604515257,28,0.0901389874922338,0.000829609222142006,15,0.00168424209005557,0.243365921787709,0.857142857142857
"31e0783a-9c5d-4218-9f23-4b9427b111e7",1,1,0,0.786938680574733,2,5.29062611579409e-17,0.000387611922942527,2,0,1,1
"c4df30f5-5487-4806-9189-b69c9f27532c",0,0,0,0,1,4.09403829715262e-17,0.000387611922942887,1,0,1,1
"2c90905f-6c6c-40fb-8bbe-8495cb4e699c",1,6,0,3.10747935940628,4,2.23158959080655e-17,0.000387611922942609,4,0,1,1
"765d18ec-8a76-4f6e-9c6e-cd78a223724c",1,3,0,1.89636167648567,3,4.39944320948806e-17,0.000387611922942939,3,0,1,0.666666666666667
"bf29d579-a22d-4c4a-8ec3-e362d397e006",1,6,0,3.10747935940628,4,0,0.000341381980243839,4,0,0.75,1
"9a58fda3-f4ed-4080-a3a5-f457aac9fcdd",0.428571428571429,12,16,6.21495871881256,8,2.26236683495811e-17,0.000569242730639508,4,7.11995341516194e-06,0.785714285714286,1
"5642774a-72c0-4099-8da4-7c1ab36378a8",0,0,0,0,0,5.25564033535461e-19,5.81417884416849e-05,0,0,0,0
"9fff2f8a-21e6-47de-a2b8-7f449929d43f",0.127659574468085,138,943,42.3878095105321,47,0.0972270506351024,0.00179662724218608,9,0.0202183041233115,0.267870868562644,0.170212765957447
"13b14a2e-470c-434c-8f89-c8763f849e2c",1,3,0,1.89636167648567,3,4.08524112776084e-17,0.000387611922942939,3,0,1,1
"9a93190b-3e24-4586-bc10-aefd1ad8de01",0,0,0,0,1,3.96884587482617e-17,0.000387611922942887,1,0,1,1
"4ad8190b-d2fd-46f8-a3d9-c0f55c034976",0,0,0,0,1,3.68805417123486e-17,0.000387611922942887,1,0,1,1
"dbd28983-6bfa-4afc-82af-7898a9e74011",1,15,0,5.50749000825661,6,0.000219308088119578,0.000373219300098583,6,0,0.157371867238654,1
"e7b18ac8-3c58-4a9f-bd2e-5b6a90b07fbe",0.551282051282051,43,35,12.3757145707476,13,0.002114148072217,0.000520301619498414,8,4.1201968038164e-05,0.19559421916655,1
"49302df8-9e4f-42ed-8a9c-5d6f8d6cb83c",0,0,0,0,0,5.25564033535461e-19,5.81417884416849e-05,0,0,0,0
"a8b293fe-502b-4241-ae49-13978fd14940",1,10,0,4.32332358381694,5,0,0.000349565928242596,5,0,0.308641975308642,1
"a817dcec-520a-44ec-bd7e-ada26dcf4243",0,0,0,0,1,0,0.00018684835491895,1,0,0.538461538461538,1
"faddb781-a5c5-4fc5-b5e6-1f2e1d4170e6",1,3,0,1.89636167648567,3,4.16629663372631e-17,0.000387611922942497,3,0,1,1
"25ab7547-a4d2-480b-b028-c7f3497bc858",0,0,0,0,0,5.25564033535461e-19,5.81417884416849e-05,0,0,0,0
"e3ea6186-7523-48de-8437-bac91bc47829",1,3,0,1.89636167648567,3,3.14754994893542e-09,0.000311559429387367,3,0,0.112755803607539,0.666666666666667
"91eda19b-1437-42cd-b7af-69df24b7f275",0,0,0,0,1,4.22314577274505e-17,0.000387611922942887,1,0,1,1
"201f8ca9-0d8a-43db-ba69-aea79a525e56",1,3,0,1.89636167648567,3,4.37247873851558e-17,0.000387611922942804,3,0,1,1
"13c10976-99f1-4cb4-8fbe-56067e91d865",0,0,0,0,1,3.98978348176994e-17,0.000387611922942887,1,0,1,1
"df36f6db-5987-46ed-9d02-0cf36ed4e060",1,15,0,5.50749000825661,6,0,0.000387611922942462,6,0,1,1
"7e9bd05a-117f-4cce-87bc-e011527a8b18",0.393939393939394,26,40,9.49912984445392,12,0.0627009777592043,0.00059110962577087,7,0.00175661893478235,0.223827874116891,0
"7111ec38-09cd-43ce-b285-6adc62079778",0,0,0,0,1,3.90125922854537e-17,0.000387611922942591,1,0,1,1
"217269ca-ed88-45f4-8251-4c9384d48841",0.666666666666667,4,2,2.43458029779605,4,0.000428172410878218,0.000277696146192068,3,2.54284050541498e-07,0.184733633713226,1
"31721fa4-d6bc-4f09-b0bb-464b27e2ad3c",1,3,0,1.89636167648567,3,4.27096904284753e-17,0.000387611922942656,3,0,1,1
"50698127-f6f4-4c0c-8010-db98c21100e1",0,0,0,0,1,2.47967691236874e-17,0.000272008366977685,1,0,0.5,1
"dc99e6fd-c710-4f79-b74b-127b4d0b7849",0.222222222222222,8,28,4.68135672055575,9,0.000729729376817118,0.000785413197582216,4,0.00276996946654291,0.196282737257111,0.111111111111111
"0bf0cabe-def2-4113-8dc5-6e721b9c3a92",0.428571428571429,9,12,5.00384103589195,7,0,0.000440572821383989,4,2.36484167003593e-05,0.465753424657534,0.571428571428571
"b2f2216a-d7a9-4ce0-8b8f-f494d9a8c196",0,0,0,0,0,5.25564033535461e-19,5.81417884416849e-05,0,0,0,0
"197b70c7-8910-4030-ad03-632d82aa40e3",0,0,0,0,1,3.96687073322315e-17,0.000387611922942591,1,0,1,1
"8339f0eb-80a0-4c29-815c-f9b02a1d531d",0,0,0,0,1,4.03291282819121e-17,0.000387611922942591,1,0,1,1
"a7808382-465f-40f2-9682-e85b5b39b89b",0.614718614718615,142,89,21.8748706933666,22,0.0659099911839909,0.000640898420786385,15,1.47432154515237e-05,0.227257906749266,0.954545454545455
"73c3f499-60e2-44e1-81dd-7fe2191461fa",1,15,0,5.50749000825661,6,0.00457393041175492,0.000348929958942792,6,0,0.189711486118672,0.833333333333333
"e6fbb8f7-9545-4f3f-b835-2fed39022f89",1,3,0,1.89636167648567,3,4.21195193392375e-17,0.000387611922942804,3,0,1,1
"e77c277f-6c29-4bcd-b541-4dcf47ac775a",1,21,0,6.65149052142495,7,0,0.000347976105446659,7,0,0.606060606060606,1
"1ac10f5e-2079-4435-b78f-dda6ecdeba15",0,0,0,0,1,4.1524563106631e-17,0.000387611922942887,1,0,1,1
"ce49d491-8c6f-48eb-bd9e-38b6cf1d4552",1,3,0,1.89636167648567,3,0.000186954046518709,0.000298191551896039,3,0,0.149138761099818,1
"daeec599-bf5d-4428-994a-e76ba5f86e2f",0,0,0,0,0,5.25564033535461e-19,5.81417884416849e-05,0,0,0,0
"8fb64b2e-db8b-4579-ad08-f324ef1bf494",1,1,0,0.786938680574733,2,1.44463302191891e-17,0.000306213366424607,2,0,0.45,0.5
"c243168b-4c19-46d4-8af8-8724d79dd33a",0,0,0,0,1,3.98949511606576e-17,0.000387611922942591,1,0,1,1
"71db5060-324e-4cc5-8ca6-0070220ae000",1,6,0,3.10747935940628,4,2.38175378936414e-17,0.000387611922942731,4,0,1,1
"9c952245-bb78-450c-83ee-69785949466e",0.583333333333333,21,15,7.90186888754648,9,0.00133343917113204,0.000489449961925372,6,1.90713037906123e-06,0.187139213317224,1
"e7dcdf9f-b058-482e-bca8-45675628ebf2",1,36,0,8.83515925000139,9,3.36765633482787e-05,0.000391323072529756,9,0,0.158409090909091,0.666666666666667
"47010115-1e5e-46b5-bea4-4dd4a29fb0ab",1,6,0,3.10747935940628,4,0.0014983724960526,0.000221549447829238,4,0,0.211020284589767,0.75
"c4aaadaf-da28-4136-a888-f0008c710d58",0,0,0,0,1,8.02709589620079e-07,0.000146240025152384,1,0,0.144157187176836,1
"2c97cd35-1e75-4c1e-88ae-ee618ad0035d",1,21,0,6.65149052142495,7,0.000739069919634933,0.000336774424617712,7,0,0.19122085048011,0.857142857142857
"5a85ff61-4b80-4e84-a1fa-a409c6c6bbec",1,10,0,4.32332358381694,5,0,0.00034956592824255,5,0,0.308641975308642,1
"e9296a90-9c59-4657-9165-1f1b5319de00",1,1,0,0.786938680574733,2,5.24922352273532e-17,0.000387611922942295,2,0,1,1
"e1da97e1-f780-4188-864a-3bf421b6d476",1,21,0,6.65149052142495,7,1.16755743697108e-05,0.000342722890082674,7,0,0.144082687338501,1
"c1493030-c329-47eb-ac7c-4250aacb1e4c",1,15,0,5.50749000825661,6,0.00652415058216874,0.000275892510686943,6,0,0.225420439844761,0.833333333333333
"e5d70460-7057-4cbe-9c07-11ca2dac975c",0.357142857142857,10,18,5.48510525309114,8,0.00987256097826459,0.000385703919790779,5,0.000517171561717772,0.232333333333333,0.625
"9e51a90d-fcb3-4db6-9fa2-5a60557885dd",1,6,0,3.10747935940628,4,0,0.000248203974943192,4,0,0.387596899224806,1
"a5bd836d-8d8f-48a5-b0b7-dbb18b3264dd",1,28,0,7.75842093262145,8,0.13786832877442,0.000304622940627008,8,0,0.190437158469945,0.875
"9643ef45-b844-48b2-9e56-7e8be098bea0",1,3,0,1.89636167648567,3,4.00474653359448e-17,0.000387611922942656,3,0,1,1
"21dab5d7-3bda-4f72-a054-6379729dcb62",0.4,6,9,3.79272335297135,6,0.00341322466740288,0.000501702710918359,3,0.00106112734290967,0.175213675213675,0.5
"31da7b06-bc30-4a1f-9f4a-c2ac1a84167f",0,0,0,0,1,3.84561918911324e-17,0.000387611922942887,1,0,1,1
"4b68c65a-8cb5-4c03-bb58-c1b1cf5eced1",1,1,0,0.786938680574733,2,4.73082847049581e-17,0.000387611922942527,2,0,1,1
"ba550d0e-adac-4864-b88b-407cab5e76af",0.0767195767195767,29,349,12.5682059608711,28,0.000265213747811017,0.00214141498723798,6,0.0255961101033033,0.20141598034966,0.178571428571429
"690c8bf1-9499-4c9c-9b5e-9758378cb5c7",0.666666666666667,2,1,1.41905923940329,3,8.09781163803673e-07,0.000371797618419415,2,1.27142025270749e-07,0.134128740498412,0.666666666666667
"58f1e354-ecbc-4fd3-aa25-97eb1d9bd8b9",0.545454545454545,36,30,11.2867658252349,12,0,0.000588104683880025,7,1.44941908808654e-05,0.52,1
"201412c6-7ced-472b-87a9-9259ec3c07d3",1,6,0,3.10747935940628,4,0.000177566680626084,0.000328704035783021,4,0,0.1564709843978,1
"2d4a1dd1-2cd8-4553-bf0b-74b8c9179633",1,21,0,6.65149052142495,7,0,0.000387611922942456,7,0,1,1
"d1d82d22-80ee-4551-a132-25648e857f9b",0,0,0,0,1,0.000626474144170085,0.00010490793192237,1,0,0.169813619198441,1
"c6619f89-5454-4e2d-aa19-b5596ba3b4c6",0.533333333333333,24,21,8.40476188934626,10,6.05953818012793e-06,0.000594262379417676,6,0.00126743367525891,0.15749632809852,0.4
"2f548675-008d-4332-876c-108b0c7ab9c5",0.644444444444444,29,16,8.54535961319619,10,0.000579211867321001,0.000518695485107027,8,0.00486839865073966,0.1954845042771,0
"613260c3-d620-4645-94cd-33cd55f29b1e",0,0,0,0,1,3.80334584507667e-17,0.000387611922942591,1,0,1,1
"c3dcad1b-1380-4a94-98d8-3f8272f19df6",0,0,0,0,1,3.99006845353211e-17,0.000387611922942887,1,0,1,1
"38474d18-9204-4f60-a137-1fcc6750b869",0,0,0,0,1,3.84878540507103e-17,0.000387611922942591,1,0,1,1
"9878be28-66b3-47f9-a019-baf1b32876ff",0,0,0,0,1,5.41581899683785e-18,0.000254042949496158,1,0,0.571428571428571,0
"c4363ee6-42f6-4edc-bcc2-7f99ac367bb1",1,1,0,0.786938680574733,2,4.48179141342172e-17,0.000387611922942295,2,0,1,1
"75fcb0af-b701-4f71-b57f-f451cfe61c5b",1,21,0,6.65149052142495,7,0,0.00037344599351651,7,0,0.335570469798658,1
"d9152066-a306-477c-b07c-e5df0eb29eeb",0.409090909090909,27,39,10.5694347201275,12,0.00106155556785343,0.00054276165393824,6,0.001243232930461,0.201649066975264,0.5
"348d1d67-e150-49a8-81ab-db34540ebfa9",1,6,0,3.10747935940628,4,7.52437250632123e-06,0.000254345304423508,4,0,0.155632466227532,1
"df098be2-7aa9-4fc2-9587-ad00a12d4b63",1,3,0,1.89636167648567,3,4.50901569343119e-17,0.000387611922942656,3,0,1,1
"7df45a14-19d1-4273-b073-c7292790a6a6",0,0,0,0,0,5.25564033535461e-19,5.81417884416849e-05,0,0,0,0
"9030ae90-4db2-4a9c-aa08-01cf17a86b58",1,1,0,0.786938680574733,2,4.75983454500661e-17,0.000387611922942527,2,0,1,1
"bc4cc656-f03a-493a-b250-6afaa4cd7418",0.350378787878788,185,343,32.0583220523968,33,0.0488935881212139,0.00103296824172398,16,0.00238948748869311,0.244047619047619,0.575757575757576
"20ed1946-1317-4f9e-ae72-817548b4ace2",1,3,0,1.89636167648567,3,3.06155872194005e-17,0.00040413855097221,3,0,0.8,1
"0432c3b1-995d-42fc-82e8-ab1257217c27",0.6,9,6,4.51276563858793,6,3.73413764952132e-08,0.000490976881135243,4,0.000530182245379023,0.114666447314305,0.666666666666667
"67e676aa-dda3-44e2-8a75-92914feea693",1,10,0,4.32332358381694,5,0,0.000297658589213307,5,0,0.413223140495868,1
"d786f59b-1836-4ddb-8393-ab753edbe984",0.5,3,3,1.89636167648567,4,0.000237003811389345,0.000383763983145609,3,0.00110875229839182,0.186488294314381,1
"f46bd570-5768-462e-b84c-c7c993bbf47e",0,0,0,0,0,5.25564033535461e-19,5.81417884416849e-05,0,0,0,0
"f634fc9c-da81-4627-9913-455d638bbfdf",1,1,0,0.786938680574733,2,0.00357877141185455,0.00018703081024117,2,0,0.184954225819291,1
"c20b3d57-9ded-4f5b-a038-fffb344e2681",0.833333333333333,5,1,2.81798079736026,4,0.00532329701319148,0.000212540059905609,4,2.75474388086623e-07,0.206365655070318,1
"561d854a-6a28-4aa7-8c99-323e6ce46c2a",0,0,0,0,1,3.7093925041909e-17,0.000387611922942591,1,0,1,1
"9e0e2b01-41db-4008-bd8b-988977d6019a",0,0,0,0,0,5.25564033535461e-19,5.81417884416849e-05,0,0,0,0
"5f63a2b3-ce5f-42ce-9485-32e89ca2d460",0,0,0,0,1,4.21599760012927e-17,0.000387611922942887,1,0,1,1
"60c05c03-e33e-44a7-bef8-6fb245aaea51",1,1,0,0.786938680574733,2,0.00357877141185455,0.000187030810241118,2,0,0.184954225819291,1
"68a77226-cc92-4e95-b264-18d219499b1b",1,190,0,19.9985029634022,20,0.903585867658378,0.000507526612084589,20,0,0.210161314638927,0.85
"fc673028-e2a2-4e5e-b55a-5d1928d72a83",0.6,9,6,4.51276563858793,6,0.000101396091555409,0.00038117765020613,4,1.48353044680481e-05,0.168581448784617,1
"1b8e1cbe-50b2-4854-ac03-b362cee3c2ad",1,3,0,1.89636167648567,3,0.000236363513320788,0.00027033359258949,3,0,0.186189394951249,1
"06bf4c0f-d176-4f54-8d1e-3efe89a03be2",1,105,0,14.9863217705167,15,0.0526209433176866,0.000441089041120346,15,0,0.226998860120502,0.933333333333333
"0b0bd0c0-3723-4715-87d7-9d57f0eb240f",1,28,0,7.75842093262145,8,0,0.000441546381391038,8,0,0.666666666666667,1
"ba1ba43e-80a8-4471-8d02-c31453f4aa88",1,1,0,0.786938680574733,2,5.18874514667396e-17,0.000387611922942038,2,0,1,1
"8428f959-7662-455b-af97-f05d0d7379b9",1,6,0,3.10747935940628,4,0.000671870618874109,0.000230784481766417,4,0,0.178855529894791,0.25
"f2dc8be4-c4bb-41f7-b2fe-7220902d804e",1,15,0,5.50749000825661,6,0.00555091849153144,0.000283949038977409,6,0,0.219251336898396,0.166666666666667
"37c16e49-0d6f-4fdd-bdd6-63e99607a831",1,3,0,1.89636167648567,3,1.81853607909407e-17,0.000325009258148981,3,0,0.44,0.666666666666667
"f2492c31-54a8-4347-a1fc-f81f72873bbf",0,0,0,0,0,5.25564033535461e-19,5.81417884416849e-05,0,0,0,0
"bc880664-6751-4998-984d-ebdbff15d229",0.535714285714286,15,13,5.50749000825661,8,0.00232512286123321,0.000560354467134906,6,0.00106163591101075,0.213182443798746,0.375
"996077ea-19a8-4f75-a817-c166637ffc48",0,0,0,0,0,5.25564033535461e-19,5.81417884416849e-05,0,0,0,0
"4e5017d4-874d-48ee-84f0-d535d17a010f",0.476190476190476,50,55,14.4413828835255,15,0.00140872088000073,0.000627292590616856,8,0.00034021112473435,0.199885288213364,1
"b202beb7-99bd-47e7-8b72-195c8d72ebdd",0,0,0,0,1,2.38830342320826e-17,0.00020772221041567,1,0,0.416666666666667,0
"b665b768-0d83-4363-950c-31ed39317c15",0,0,0,0,1,3.99713719726856e-17,0.000387611922942887,1,0,1,1
"7c5b8865-d23c-4abf-884d-c68be0020991",1,3,0,1.89636167648567,3,4.33230820490286e-17,0.000387611922942939,3,0,1,1
"48555d10-ded8-4172-a737-33bffc0125d5",1,10,0,4.32332358381694,5,2.56476932576718e-17,0.000397773187200798,5,0,0.358974358974359,1
"6d47cb9a-567d-4c1a-a9b1-cb8394db3212",1,3,0,1.89636167648567,3,0.000781551933933239,0.000229723361552272,3,0,0.191878871300757,0.666666666666667
"95fb3a0c-fc74-4f51-acba-bbe5b3a78e32",1,1,0,0.786938680574733,2,4.49954827814011e-17,0.000387611922942527,2,0,1,1
"678d88b2-87b0-403b-b63d-5da7465aecc3",0,0,0,0,0,5.25564033535461e-19,5.81417884416849e-05,0,0,0,0
"37be3f17-a4ba-4c07-9c04-210cc6f4f091",1,3,0,1.89636167648567,3,2.87747598023031e-08,0.000290635744960916,3,0,0.113777342474698,1
"9564a2a8-2e0e-43bc-8a0e-12c3befadbe5",0,0,0,0,1,4.15807337148731e-17,0.000387611922942887,1,0,1,1
"6ca4886a-8f77-4133-b404-46fb3908e24a",1,1,0,0.786938680574733,2,0,0.000273816278860225,2,0,0.45,1
"ee421ee4-f861-405d-8730-29cb512dfdbd",0.533333333333333,24,21,8.54785219791063,10,0.00134476237976507,0.000463563062616139,7,0.00057854495111554,0.197422461407733,0.7
"8093d4c9-24c1-4749-bdc7-aa17f5b76843",1,105,0,14.9863217705167,15,0.00711978265539315,0.000497928010116601,15,0,0.220047355958958,0.933333333333333
"068538c3-e73e-44b3-a3c0-990dd5f029dc",1,3,0,1.89636167648567,3,3.73211427286909e-17,0.000387611922942804,3,0,1,1
"aa5a6061-e60d-4a58-b9f6-c09de390bb2d",1,6,0,3.10747935940628,4,0.00386118298403949,0.000240849574363008,4,0,0.197870830376153,1
"a4dcd7c6-53ee-4c5b-aae2-d88f876b89c0",1,6,0,3.10747935940628,4,2.35365840031276e-17,0.000387611922942609,4,0,1,1
"552da8ff-2c8f-4060-8352-48dea991e92b",1,15,0,5.50749000825661,6,0.00131012175209989,0.000335657676916664,6,0,0.199199771363247,0.833333333333333
"d4a112aa-a59a-4225-963a-f61a2eb1df71",1,15,0,5.50749000825661,6,0.000219308088119575,0.000373219300098509,6,0,0.157371867238654,1
"43906e48-a7c0-4b80-a5dd-37d1fe6ccdb9",1,91,0,13.9789518512983,14,0.0567514142355322,0.000454205663365952,14,0,0.228113238422517,0.857142857142857
"652d2a37-9ab2-4a6f-9814-d9e50c4a0faf",1,36,0,8.83515925000139,9,0,0.000387611922942449,9,0,1,1
"6d7b7cd4-254b-4c25-83f6-dd20f98ceacd",0,0,0,0,0,5.25564033535461e-19,5.81417884416849e-05,0,0,0,0
"aaf2e0a1-2c67-4118-b0ab-8539f5096ada",1,6,0,3.10747935940628,4,0.000628529340580738,0.000291564158706486,4,0,0.176478035194328,1
"5b11f4ce-a62d-471e-81fc-a69a8278c7da",1,1,0,0.786938680574733,2,1.61811086393877e-05,0.000190184638621042,2,0,0.167749699157641,1
"8a1980a4-0c81-4b0b-8319-15b2175210f6",0,0,0,0,1,4.01467745595834e-17,0.000387611922942887,1,0,1,1
"9a84344f-c450-47c9-8428-46fe2ee9db10",0,0,0,0,1,3.96264624462427e-17,0.000387611922942887,1,0,1,1
"8caa05e8-4c00-443d-8a5c-94d64ca07737",1,45,0,9.88891003461758,10,0,0.000401335180495121,10,0,0.433333333333333,1
"03a82b66-d021-4754-aca2-399d51ee6199",1,1,0,0.786938680574733,2,5.06872275070584e-17,0.000387611922942527,2,0,1,1
"8f82df2b-a412-4f5d-9331-73d993dbce31",1,10,0,4.32332358381694,5,0.000355108211994099,0.000346532000106073,5,0,0.167850692354004,1
"db060c42-4879-4539-9472-54973abe5f17",0,0,0,0,0,5.25564033535461e-19,5.81417884416849e-05,0,0,0,0
"f181961b-20f7-459e-89de-920ef03c7ed0",0,0,0,0,1,2.8231245757571e-17,0.000298565940644969,1,0,0.666666666666667,1
"92a0f97c-311e-4ca9-8bb3-247b3d96d41b",1,6,0,3.10747935940628,4,9.7427354566814e-18,0.000338437276002157,4,0,0.833333333333333,1
"14a00a25-04d7-43f6-9196-29e68a767321",1,10,0,4.32332358381694,5,0,0.000306585213565459,5,0,0.571428571428571,1
"c7740223-c657-4b0a-a0a4-b8349169e760",0,0,0,0,1,4.18229646679872e-17,0.000387611922942887,1,0,1,1
"9e103f85-7af7-41d7-b83b-49ba8f0c5abf",1,1,0,0.786938680574733,2,1.61811086394123e-05,0.000190184638621042,2,0,0.167749699157641,0
"e0083bb1-bb24-498f-b072-268aa55b5e3e",1,15,0,5.50749000825661,6,0.00231431031666416,0.000357970177800108,6,0,0.213084683583002,0.166666666666667
"666050d0-5d6e-4436-b451-e2775da0461f",1,21,0,6.65149052142495,7,0,0.000347976105446604,7,0,0.606060606060606,1
"efc381ba-ea68-49ca-af91-bebdd40fe1d8",0,0,0,0,1,4.11561230292216e-17,0.000387611922942591,1,0,1,1
"091e2b4f-1e60-408c-9ee2-06440cdb8846",0.511111111111111,23,22,8.82061038969949,10,0.00106223740199408,0.000494477566458392,6,0.000685137507471143,0.200229819017524,1
"8a7cf497-dc5c-4523-932d-3fcbc9a69d38",1,1,0,0.786938680574733,2,5.09778272511564e-17,0.000387611922942527,2,0,1,1
"a2c4674d-35eb-4e86-9100-1da0a2985cb1",0,0,0,0,1,3.90016854130417e-17,0.000387611922942887,1,0,1,1
"4d2956d1-a3f7-44bb-9a41-67563e1a0c94",0,0,0,0,0,5.25564033535461e-19,5.81417884416849e-05,0,0,0,0
"7ee89158-3446-4044-bb88-0dcc4d4cd6c0",1,3,0,1.89636167648567,3,6.6943805316803e-05,0.00024899229205587,3,0,0.161211981033885,1
"d5cc67b8-1cc4-453b-96e8-44487acdebea",0,0,0,0,1,2.0270882213098e-06,0.000148779181933095,1,0,0.141537211899685,0
"18fdc296-87c6-4b2b-91f0-5039f0651912",0,0,0,0,1,0.000607431339484165,9.68588941102534e-05,1,0,0.188888888888889,1
"25b509ef-48ad-461b-a0bc-94cdddb8c919",1,15,0,5.50749000825661,6,0,0.000387611922942462,6,0,1,1
"af6be531-7ff5-404c-b3ec-34db5c6bc4a0",1,10,0,4.32332358381694,5,0,0.000349565928242502,5,0,0.308641975308642,1
"be20278d-c066-4ef5-9a4b-48b546e39f3f",1,3,0,1.89636167648567,3,3.60144416425423e-17,0.000387611922942939,3,0,1,1
"e3d17fe5-2564-4181-b3f1-91192d5366f2",0.571428571428571,12,9,5.46297857022006,7,5.59446605566338e-05,0.000361200345482339,4,0.000456616612382349,0.167769888073174,0.571428571428571
"cea7bda7-394d-43b6-bd2d-7ba4f5bffd23",1,15,0,5.50749000825661,6,0.00907146150887749,0.000315979837734073,6,0,0.194883265762617,1
"395cc503-63b5-4a0b-a20a-604e3fcacea2",0,0,0,0,0,5.25564033535461e-19,5.81417884416849e-05,0,0,0,0
"8389ff77-a7a4-4ba4-bf1b-17ded47d41a1",0,0,0,0,0,5.25564033535461e-19,5.81417884416849e-05,0,0,0,0
"95f5b748-d370-47fe-85bd-0af2dc450bc0",1,3,0,1.89636167648567,3,4.57628694912868e-17,0.000387611922942656,3,0,1,1
"6c309bb4-112b-46db-b55b-e68068fad581",0.703296703296703,64,27,13.3867015310002,14,0.00743312321156588,0.000516975987513498,11,0.000179538964097482,0.220744259699129,0.857142857142857
"550cb78b-4995-4873-baea-76ef265531f5",0.766233766233766,177,54,21.9799569724632,22,0.0398041955538492,0.000593374953864388,16,0.000494710924111651,0.233110367892977,0.681818181818182
"20877ac4-ce8b-451d-a429-25f8483045e5",1,6,0,3.10747935940628,4,0.00393564428425774,0.000239935245716104,4,0,0.203058994901675,0.75
"6047359d-6c61-47b2-87cc-a622c932767a",1,1,0,0.786938680574733,2,3.00372047987834e-05,0.000223102763856685,2,0,0.14790450928382,1
"775ad383-ac2d-479a-af9d-b561442cb749",0,0,0,0,1,6.71906761033103e-07,0.000176527507515738,1,0,0.139302488258219,1
"78a8d998-b910-4176-9135-3d465a35eb3f",0.8,8,2,3.91518967205847,5,3.19804135604512e-17,0.000441157757902531,4,1.69522700360999e-07,1,1
"6abef8af-c71e-4337-a907-550dc2d08ed1",1,105,0,14.9863217705167,15,0.0526209433176869,0.000441089041120283,15,0,0.226998860120502,0.933333333333333
"7cfaac66-62e5-4fcd-af1b-9d3aa8f68e8b",1,1,0,0.786938680574733,2,0.000716480695932834,0.000173453602434865,2,0,0.195951644644363,0.5
"1cdcccea-2725-41ac-930b-55ca4a4a9db2",0,0,0,0,1,3.84823050109352e-17,0.000387611922942887,1,0,1,1
"d1364e26-224d-4294-bf0c-fee194f71df4",1,3,0,1.89636167648567,3,0.00136216853471226,0.000227030082775693,3,0,0.206121543693627,0.666666666666667
"5d12875c-a197-43b2-8f29-41dc0ad895c3",1,10,0,4.32332358381694,5,2.66211557369578e-06,0.000372052370321787,5,0,0.153119507908612,0.8
"3c864557-f294-4488-9ca6-b726cc449249",1,15,0,5.50749000825661,6,0.0127986349262604,0.000251993363814378,6,0,0.234443323242516,0.5
"b81b607e-7096-4fb3-ae23-83d12b155c54",1,3,0,1.89636167648567,3,0.00328408712334732,0.000210738322786073,3,0,0.186463349384698,1
"feebaecc-1e5b-4b28-b7c5-a70f9fccdced",1,91,0,13.9789518512983,14,0.0567514142355324,0.00045420566336589,14,0,0.228113238422517,0.857142857142857
"95bcfc2e-1517-4af3-b7b9-c1679fdf53c3",1,3,0,1.89636167648567,3,4.35353342120481e-17,0.000387611922942497,3,0,1,1
"09cbd2ec-576f-4a62-80cb-9b74aa5db4a4",1,3,0,1.89636167648567,3,0,0.000283132244971684,3,0,0.714285714285714,1
"4a94a6cb-e70a-418b-bb53-a37897b950ce",0,0,0,0,1,3.90907220540331e-17,0.000387611922942887,1,0,1,1
"bcdcfdc7-0b3c-4f95-9224-f4a8cd71bb61",0.892857142857143,25,3,7.59451397797052,8,1.17655423188046e-07,0.00045849752187075,7,7.05892524303195e-05,0.128514796717987,0.5
"59eda569-b380-4958-b98c-051d1667b3e1",1,10,0,4.32332358381694,5,0,0.000309955398412524,5,0,0.571428571428571,1
"ff621094-2a76-401f-8398-b75b5fd2be24",0.5,3,3,1.95727786071367,4,6.13132547439375e-09,0.000377086403091274,2,0.000353836256328494,0.113963374754742,0.25
"6a07f8c9-eae1-4fed-b379-3ec6354efad1",1,15,0,5.50749000825661,6,0,0.000348875303497825,6,0,0.357142857142857,1
"e6424fa5-08d3-41c6-96f3-8549f733708c",1,3,0,1.89636167648567,3,0.0130099239679008,0.000185154886894612,3,0,0.214791987673344,0.333333333333333
"05f80bab-9bb3-4292-91f3-75714074f431",1,15,0,5.50749000825661,6,0.067461524370523,0.00025630208509964,6,0,0.220674370745607,0.833333333333333
"faf916e0-ffc5-4345-a10b-b79ed8c9b8f6",0.717948717948718,56,22,11.7128212635848,13,0.00617364918143533,0.000535176677409595,11,0.00070792679670753,0.210828796128252,0.846153846153846
"fa4d19eb-771f-4b6e-b867-fc8f8b7a8717",1,1,0,0.786938680574733,2,5.10204165104163e-17,0.000387611922942295,2,0,1,1
"dbcbc687-112c-4f19-b44c-0f12e1a3955b",1,45,0,9.88891003461758,10,0,0.000401335180495071,10,0,0.433333333333333,1
"c82f254b-7606-49ca-851b-5da478143a52",1,3,0,1.89636167648567,3,3.97494034753865e-17,0.000387611922942656,3,0,1,1
"b78b5783-e814-4ce2-bb8e-9e3a2b4f7354",0.904761904761905,19,2,6.50134644604413,7,0,0.000405223049724934,6,1.01713620216599e-07,0.314465408805031,1
"d42a4776-3a6f-4828-9bf1-23a9477c8774",1,55,0,10.9258825830101,11,0.00439103975956871,0.000404598166211696,11,0,0.208651399491094,0.909090909090909
"3eca8465-cbbc-4dde-9ff6-83d6f9263a3b",1,1,0,0.786938680574733,2,1.50962811726051e-05,0.000200331402849996,2,0,0.142361111111111,1
"8b8985eb-f71f-4229-9f11-171a7aac98c1",1,21,0,6.65149052142495,7,0.00872160410630961,0.000352792492616977,7,0,0.19614464612354,1
"54799c0e-eb45-4eea-996d-c4d71a63c499",1,1,0,0.786938680574733,2,2.13679254115451e-17,0.000329810144960218,2,0,0.666666666666667,0.5
"469d6414-1f06-43de-80d5-17762d4a356a",0,0,0,0,1,3.56835427057753e-17,0.000387611922942591,1,0,1,1
"aec8a328-d2e8-4780-b2ea-318c7f8d6f75",0,0,0,0,0,5.25564033535461e-19,5.81417884416849e-05,0,0,0,0
"7b14eedd-89d1-4df5-b38d-5260b759c5df",0.384210526315789,73,117,19.0991443399394,20,0.0210789191862444,0.000777200055638859,9,0.00409849653179239,0.25126171593367,0.35
"d44b92db-dd49-4636-abe8-7c381f90b7aa",0.762845849802372,193,60,21.8948646398879,23,0.910716297026827,0.000652116712575444,20,0.000965501278631494,0.213247667125593,0.869565217391304
"7fb57fba-a6ef-44c2-abab-2fa3bdee607e",0.311111111111111,14,31,7.00662394087734,10,1.21321191199321e-05,0.000752490964035166,5,0.00492421063873611,0.148408389226019,0.1
"9ccc0b15-6506-46ba-8bca-6e35d40ebfa7",1,28,0,7.75842093262145,8,0.00597537094618433,0.000314861641222415,8,0,0.21003465421124,0.625
"6ffb8ea9-2370-44d8-b678-e9237bbd347b",0,0,0,0,0,5.25564033535461e-19,5.81417884416849e-05,0,0,0,0
"acee4af5-a34d-4ab0-96f8-ca050028d643",0,0,0,0,1,3.95395997493746e-17,0.000387611922942887,1,0,1,1
"df953bcc-b2c6-4148-a088-18140ebcc647",1,6,0,3.10747935940628,4,0.0015483847492275,0.000234753379560123,4,0,0.206274045575614,0.75
"4449ccf6-c948-4d33-aa97-b6ad98ce4b5b",0,0,0,0,1,2.33012502750452e-17,0.000272008366977376,1,0,0.5,0
"bcd6af9f-afa8-43fd-b1be-acbbbb2f7dc7",1,10,0,4.32332358381694,5,0,0.00027553300042742,5,0,0.619047619047619,1
"6c8fd0be-d961-454c-aee0-4366a6dbc993",0,0,0,0,1,1.39072803075402e-17,0.000219246475736483,1,0,0.6,0
"98d9e162-c149-4629-8793-3c43403fab2f",1,36,0,8.83515925000139,9,0.0277068939187004,0.000307874748509243,9,0,0.225092846762474,1
"7d7fde25-6f14-497b-8326-770a6dbfc2d8",1,3,0,1.89636167648567,3,4.63199224135433e-18,0.000431188511350919,3,0,0.636363636363636,1
"d8196d20-972d-4d20-a584-55d33895a9db",1,6,0,3.10747935940628,4,4.17554643241646e-05,0.000262943452547875,4,0,0.176344086021505,0.5
"41225e9f-3b4c-4287-a778-165c65f04be9",1,6,0,3.10747935940628,4,1.88898757755433e-17,0.00038761192294248,4,0,1,1
"c0ef2ba5-a7b7-40ea-bd27-30acccfcac11",0,0,0,0,1,2.6448606074358e-17,0.000298565940644882,1,0,0.666666666666667,0
"7a2632ff-09d9-4ac8-b7fa-41158f5547a7",1,36,0,8.83515925000139,9,0,0.00038761192294238,9,0,1,1
"4f0cb3b7-6c06-4317-ae35-ddf3106a17ee",0,0,0,0,0,5.25564033535461e-19,5.81417884416849e-05,0,0,0,0
"5f43abf6-92a5-468a-a633-b73f94627972",1,15,0,5.50749000825661,6,0.0002429507890074,0.000334557371454302,6,0,0.178626345463865,1
"0d3bf21a-5eec-443c-9a37-b305598b0840",0.5,39,39,11.908331139769,13,0,0.000646608058110182,6,3.0725989440431e-06,1,1
"5c2593bc-1621-4c4d-821b-b7bb6ff213b5",0,0,0,0,0,5.25564033535461e-19,5.81417884416849e-05,0,0,0,0
"815dec5e-c6e9-4684-937b-c67f1c65408d",1,3,0,1.89636167648567,3,1.08698627558775e-17,0.0003904911393195,3,0,0.666666666666667,1
"dff1edde-017b-447f-874a-936cecab27a3",1,15,0,5.50749000825661,6,0.0014723118724527,0.000286779621300341,6,0,0.176545086119554,1
"d011c23d-e8e4-4b7b-90c8-63e26ee0bada",1,1,0,0.786938680574733,2,4.17231064545655e-07,0.000210930088610282,2,0,0.140538360721847,1
"7c9a0847-68ff-4766-b5b8-6adf133fd031",1,36,0,8.83515925000139,9,0.0277068939187004,0.000307874748509177,9,0,0.225092846762474,1
"8f119f99-c95e-49a4-9634-90a602484125",1,28,0,7.75842093262145,8,8.57717206490442e-05,0.000378346838209501,8,0,0.16807330600434,0.875
"f82bcf78-5b69-4622-a5ef-73800768d9ac",0.381818181818182,21,34,8.71998041760097,11,0.0254488510101992,0.000501903668535725,6,0.00387211092783367,0.244004901102748,0.818181818181818
"ff993040-772f-46a0-b5ea-e8d35c2ae98c",1,15,0,5.50749000825661,6,0,0.000321698166945712,6,0,0.65,1
"006fbfa3-3ee6-4c29-93fc-771c9282aa26",1,55,0,10.9258825830101,11,0.00439103975956872,0.000404598166211633,11,0,0.208651399491094,0.909090909090909
"ef89e761-8e77-41a0-bcae-e7109b826a7a",1,1,0,0.786938680574733,2,0.0010219800716954,0.000169992871949639,2,0,0.19529279910339,1
"9f42ba3d-3cfc-499c-ba16-7226f56b622f",0,0,0,0,0,5.25564033535461e-19,5.81417884416849e-05,0,0,0,0
"0638ba22-040f-438d-83a5-9b670c4adaf5",1,6,0,3.10747935940628,4,0.000551100956517075,0.000279645870457485,4,0,0.188735445437314,0.75
"d4cc0ed5-0f76-4188-9e14-2a23ca12188a",1,1,0,0.786938680574733,2,5.1309990461344e-17,0.000387611922942295,2,0,1,0.5
"7df4c4de-3181-4a69-bd36-9d663970cebb",1,6,0,3.10747935940628,4,0.00149852871888225,0.000254059122111484,4,0,0.204939723610703,0.75
"b1afd320-018f-4639-b48e-3c16c369e5d4",1,1,0,0.786938680574733,2,4.74933367678434e-17,0.000387611922942295,2,0,1,1
"2f3c4d70-0462-40da-bba3-0aec5772c556",0.162478082992402,278,1433,56.5149210559627,59,0.0656454122420625,0.00196967918468678,16,0.0197623346454175,0.267870868562644,0.101694915254237
"b63a1df4-19dd-4cdb-a0f5-0e575d1f080f",1,6,0,3.10747935940628,4,1.91429780610505e-17,0.000410737869211034,4,0,0.833333333333333,1
"c36f98f6-44d6-466a-a54a-bed0aeaf4034",1,1,0,0.786938680574733,2,0.000299786860644867,0.000192852591363605,2,0,0.16779008184882,1
"c5460e21-d5e7-4e26-ab4c-ba9c627809f8",0,0,0,0,0,5.25564033535461e-19,5.81417884416849e-05,0,0,0,0
"7d2f744e-4a28-4fff-be97-684fdd4ef881",0,0,0,0,1,3.62686838048632e-17,0.000387611922942887,1,0,1,1
"022589ac-7177-460d-a178-9976cf70e29f",0.214285714285714,6,22,3.10747935940628,8,4.10627764109974e-05,0.000853057821096227,4,0.00169084178911894,0.164853358561968,0.125
"1d11e2a1-4531-4d61-a8c7-7b5c6a608fd2",1,1,0,0.786938680574733,2,4.92727558461134e-17,0.000387611922942527,2,0,1,1
"dccc5ea0-5de4-4bd6-b665-d0e837bfb7e6",0,0,0,0,1,3.9207878172283e-17,0.000387611922942591,1,0,1,1
"58824ae6-8f93-4e09-a1c3-c50858f912a7",1,190,0,19.9985029634022,20,0.903585867658377,0.000507526612084318,20,0,0.210161314638927,0.85
"af4ea2a3-c54d-40b4-8120-a1f0b838ad54",1,1,0,0.786938680574733,2,4.86518435884085e-17,0.000387611922942295,2,0,1,1
"c81c430f-dbe1-4a1e-954f-2a89114331e9",0.694444444444444,25,11,7.89248050093411,9,0.0060860357055172,0.000389411892084752,7,0.000182420877985966,0.221692111959288,0.666666666666667
"5ca3f318-d028-4151-ac73-78e2b2d6cdcc",0.619047619047619,13,8,5.6731129163428,7,0,0.000618134462390838,5,1.33499126534286e-05,0.461538461538462,0.714285714285714
"c9efd47d-6cc2-45aa-be67-ca59ebac6553",1,28,0,7.75842093262145,8,0.0820544021984265,0.000345799115369809,8,0,0.219700551615445,0.625
"f29e031f-c6b6-4d52-8edd-dc8e14378e74",0.318181818181818,21,45,8.71998041760097,12,0.000247852070821717,0.000772511049174246,6,0.00176727415126341,0.178763785586048,1
"393e5448-896f-43e9-b80b-4ee58e1e71a4",0,0,0,0,0,5.25564033535461e-19,5.81417884416849e-05,0,0,0,0
"0374a8d1-3b68-4b53-b003-fa8a24fb4397",0.461988304093567,79,92,18.1798356371109,19,0.00594190719017542,0.000694101480050354,11,0.00186663444537364,0.22141041931385,0.842105263157895
"92631c53-91ed-48f5-a09d-a104ba69cdc7",0.326086956521739,90,186,23.0832108849163,24,0.0292326851826746,0.000855486793825548,9,0.00251341172288096,0.252627763682494,0.333333333333333
"17b883f1-4f22-4173-b156-fc45801ccc0a",1,3,0,1.89636167648567,3,1.63035623968776e-10,0.000347594078402969,3,0,0.101551686457347,0.666666666666667
"604f0692-4d31-479b-a93a-e4c75be21f81",1,21,0,6.65149052142495,7,0.000471987972828046,0.000329428241914783,7,0,0.188812135988081,1
"811900b2-68fc-4d41-8bad-69b7a1f4d628",0.245059288537549,62,191,19.5722844179818,23,0.0179242150292299,0.00104811038525388,9,0.00508253788666558,0.229881266490765,0.826086956521739
"df7759d2-ff1e-494d-a3c4-e81a5ce04fe1",1,1,0,0.786938680574733,2,8.05275767694863e-08,0.000260712217538637,2,0,0.110934267069871,1
"48262e82-db9f-4a92-b650-dfef979b73ec",0.210826210826211,74,277,23.1262259552916,27,0.0372449108454639,0.00109063421203713,7,0.00989259570952476,0.253869969040248,0.777777777777778
"9ca998cf-c1cd-493b-9a5d-a32fd33859ea",1,10,0,4.32332358381694,5,1.03332198726574e-05,0.000363184437687006,5,0,0.15112749349523,0.8
"ab00597c-43f1-41c4-98ee-6934dcd4179c",1,3,0,1.89636167648567,3,1.29811779456982e-17,0.000325009258148812,3,0,0.44,0.666666666666667
"ed2ac1e9-d51d-4eff-a2c2-85e81abd6360",0.0666666666666667,1,14,0.786938680574733,6,0.00104300223998403,0.00046620168029188,4,0.00121355319001779,0.19917131018717,0.166666666666667
"15e02679-7a5f-4dd2-850c-5aa6e49d0878",1,36,0,8.83515925000139,9,0,0.000387611922942579,9,0,1,1
"b178fa24-ed91-4e19-acc4-cd3fe76e7a43",1,1,0,0.786938680574733,2,0.000320592056109103,0.000161972364620578,2,0,0.17416291854073,1
"dbf295d7-8e29-44db-b2f7-6eb1e40e4c8e",1,6,0,3.10747935940628,4,3.1491789494807e-17,0.000387611922942731,4,0,1,1
"5c94241f-d522-4222-a1d6-8b08dbd26723",1,6,0,3.10747935940628,4,0.000259356378945965,0.000265295634155728,4,0,0.17333996518279,1
"2309d446-c871-498b-a6e4-970d7fce0ee6",1,28,0,7.75842093262145,8,0.13786832877442,0.000304622940626937,8,0,0.190437158469945,0.875
"cc30e630-8c75-4d78-b205-8e2edc6bdaa7",1,3,0,1.89636167648567,3,3.39615486298612e-17,0.000404138550972355,3,0,0.8,0.666666666666667
"91450f97-d44a-4364-acf4-882433df30a8",1,3,0,1.89636167648567,3,2.56120879152388e-05,0.000225818184138923,3,0,0.151703123299597,1
"7a45c6ea-bb66-4e85-8643-271658fe935e",1,3,0,1.89636167648567,3,4.32501555969716e-17,0.000387611922942804,3,0,1,1
"b2befbb4-c585-4b05-8efa-3deebc8e1385",0,0,0,0,1,6.71906761030354e-07,0.000176527507515738,1,0,0.139302488258219,1
"661e20c8-3d82-4da2-94a2-97d9e11691c0",0.611111111111111,22,14,7.43842920199969,9,1.16854436170886e-07,0.000567474723465528,7,0.00070792679670753,0.128526645768025,0.444444444444444
"8971fa37-c402-474a-b897-e2bbc145b59d",0.466666666666667,7,8,3.89441803998101,6,0.00108174980028258,0.0003999142596965,4,0.000411696483846578,0.189119522452856,1
"75be165a-ad83-4d12-bd28-f589a15c479f",0,0,0,0,0,5.25564033535461e-19,5.81417884416849e-05,0,0,0,0
"8c84402d-f282-4afc-8d64-049bdaabb92d",1,3,0,1.89636167648567,3,3.19227893081907e-17,0.000404746281238792,3,0,0.625,0.666666666666667
"8b22acd6-20e6-4463-a75c-c14b5cfdb666",0.538461538461538,49,42,13.4883924666436,14,8.90672639723557e-05,0.000629994621926789,8,0.00105807593430317,0.168194980694981,0.928571428571429
"736c4c01-029f-42d2-8a1e-ff87f65073fa",0,0,0,0,1,8.06709234863311e-12,0.000160182890643858,1,0,0.0922018652027251,1
"f35494f7-1193-4277-b69f-6b10d50e0f09",1,21,0,6.65149052142495,7,0,0.000399052454029232,7,0,0.818181818181818,1
"36494952-f434-45d8-a958-8b4acdbcf8a8",0.333333333333333,1,2,0.786938680574733,3,0.00153636828273846,0.000180799234142967,3,6.43469688716593e-05,0.201999710186929,0.333333333333333
"e7c13d2c-630c-4796-9188-77e2281f32cc",0,0,0,0,1,3.86574885680181e-17,0.000387611922942887,1,0,1,1
"e1df91b3-20af-436a-9135-b3265147684f",1,1,0,0.786938680574733,2,4.93105449044688e-17,0.000387611922942295,2,0,1,1
"55e6074f-ef78-4ec3-8fff-bd1b8cc8c14a",1,3,0,1.89636167648567,3,4.33143643639346e-17,0.000387611922942804,3,0,1,1
"3a5d1cc7-627e-48ea-aba3-fdd20d782c33",1,3,0,1.89636167648567,3,1.98297033222129e-17,0.000325009258148628,3,0,0.44,0.666666666666667
"ee190f6b-7d98-43ec-b924-da5f8018eca0",1,10,0,4.32332358381694,5,0.00223122290929671,0.000285346680573132,5,0,0.196781479390175,0.8
"5508631d-697f-4839-a669-06637e5bcb90",1,66,0,11.9509587427384,12,0.00196577750174618,0.000421009983995642,12,0,0.206886316414366,0.916666666666667
"59575779-fc9a-49f8-a01a-10b363f7cc79",1,3,0,1.89636167648567,3,3.92810780630724e-17,0.000387611922942497,3,0,1,1
"fc4953aa-6bf4-4f1f-8e47-5ac79ca428e2",1,3,0,1.89636167648567,3,1.53985037557442e-07,0.000240961395710153,3,0,0.126923427114632,0
"4e024037-14b7-4aea-99ad-c6ace63b9620",0,0,0,0,0,5.25564033535461e-19,5.81417884416849e-05,0,0,0,0
"db56fad3-0dad-4b0d-9415-6a13ee695c64",0.638888888888889,23,13,8.17659909418129,9,0.0730307667237413,0.000367438896396888,7,0.000239956090451338,0.229238612070383,1
"4757df70-6c3e-46b8-99c0-a68644595c9a",1,105,0,14.9863217705167,15,0.00711978265539307,0.000497928010116537,15,0,0.220047355958958,0.933333333333333
"83d3cc07-60e7-4139-b5f0-3cda9f5aa99b",0.533333333333333,24,21,8.40476188934626,10,6.05953818012597e-06,0.000594262379417397,6,0.00126743367525891,0.15749632809852,0.4
"9b80e411-7ef4-4654-8d04-8696345e8879",0,0,1,0,2,7.85032638303067e-17,0.000565703887537984,1,2.54284050541498e-07,1,1
"54fc0558-12b5-4854-9d57-9441bcd73a72",0,0,0,0,1,4.20543268091041e-17,0.000387611922942887,1,0,1,0
"1ebc9eb7-a97e-46a3-9ed7-b57244f74c93",1,10,0,4.32332358381694,5,0,0.000306585213565391,5,0,0.571428571428571,1
"c7fe949a-9f5c-435d-b1a9-30f04180ec69",1,36,0,8.83515925000139,9,7.09185359731463e-05,0.000377857187313319,9,0,0.16962764662935,1
"775a253c-93e9-49fa-a9af-7577fe1c8e99",1,15,0,5.50749000825661,6,0.00147231187245271,0.000286779621300285,6,0,0.176545086119554,1
"254056f5-1e3a-4167-80d4-3449c0b8db1e",1,3,0,1.89636167648567,3,0.00154487652637822,0.000181042241387208,3,0,0.208433014354067,1
"44727d86-a37c-449f-aa91-4a8554127336",0,0,0,0,1,2.99253801188233e-05,0.00014107258591388,1,0,0.167246550689862,0
"6dfc8dc4-5b10-4d50-add2-c56104bd235b",1,21,0,6.65149052142495,7,0.00561619470401838,0.000299100982435999,7,0,0.21730319563523,0.571428571428571
"8339c0c3-7a04-4b19-8ca3-b149e0d09222",1,1,0,0.786938680574733,2,4.97770956731558e-17,0.000387611922942527,2,0,1,1
"1da369a4-7e66-4b30-8aa7-33426370347a",1,1,0,0.786938680574733,2,5.37393496141305e-05,0.000195960436951265,2,0,0.155580357142857,1
"8985348a-1024-4c99-b284-19d3b983e1f4",1,105,0,14.9863217705167,15,0.0526209433176868,0.000441089041120219,15,0,0.226998860120502,0.933333333333333
"6a3cf2b0-b60f-4cc0-805b-730e1f33f505",0.5,18,18,7.25670832016051,9,0.00116286822051614,0.000576258879761964,4,0.000230413420601681,0.183469334035272,0.777777777777778
"e471b63c-c3b5-4f62-a971-cd0b2273838f",1,3,0,1.89636167648567,3,4.24023067884617e-17,0.000387611922942804,3,0,1,1
"3e55d51d-687f-4a9d-af96-2fabccf802e5",0,0,0,0,0,5.25564033535461e-19,5.81417884416849e-05,0,0,0,0
"0c502791-4ee9-4c5f-9696-0602b721ff3b",0,0,0,0,1,0,0.000135806758259156,1,0,0.324324324324324,0
"1db73bf2-2e08-4f7c-88de-cf4020800294",0,0,0,0,1,7.80753064608979e-18,0.000254042949496158,1,0,0.571428571428571,1
"46a16e88-4537-4b29-a06b-4a5dfe90a6cd",1,28,0,7.75842093262145,8,0,0.000441546381390942,8,0,0.666666666666667,1
"63359ba7-51a9-484a-a009-17971ec633e0",1,36,0,8.83515925000139,9,0.0277068939187003,0.000307874748509109,9,0,0.225092846762474,1
"a74b1b7f-71a5-4011-9441-d0b5e4122711",0,0,0,0,0,5.25564033535461e-19,5.81417884416849e-05,0,0,0,0
"ee74db56-c264-4c23-9504-29e2d8078f36",0.464285714285714,13,15,5.6731129163428,8,0.000137057252564288,0.000469465478729638,5,0.0014649785167652,0.180851063829787,0.875
"6a07c595-3096-43c2-99f2-509c0762b822",1,36,0,8.83515925000139,9,3.36765633482636e-05,0.000391323072529695,9,0,0.158409090909091,0
"7d3f7aed-fb9c-4e80-b198-64cd6ae31cb8",0.8,8,2,3.91518967205847,5,4.0087707635528e-17,0.000441157757902504,4,1.69522700360999e-07,1,1
"5dfc9ac5-79ec-4e27-b12f-38ec5006c1be",1,105,0,14.9863217705167,15,0.00711978265539299,0.000497928010116471,15,0,0.220047355958958,0.933333333333333
"6cb79cb2-9087-44d4-828b-5c6fdff2c957",0,0,0,0,1,3.72771163804879e-17,0.000387611922942591,1,0,1,1
"405e3c0e-e430-4e82-bb68-055d026e90fd",1,3,0,1.89636167648567,3,2.56120879152435e-05,0.000225818184138858,3,0,0.151703123299597,1
"d4791960-0206-4f1a-9acb-dc88fdfc57d8",1,105,0,14.9863217705167,15,0.0526209433176868,0.000441089041120154,15,0,0.226998860120502,0.933333333333333
"3101759b-cae6-42d1-bbc0-17948bd45622",1,3,0,1.89636167648567,3,4.30294749913937e-17,0.000387611922942939,3,0,1,1
"5a2071aa-0787-49fb-931c-fa85ba86e681",0.215384615384615,70,255,23.3971757690665,26,0.0873188596097249,0.00107279660276923,7,0.00878694136762771,0.248662147698894,0.884615384615385
"2bf761c6-4bcf-4cfc-a388-8fcb2eea8cc8",1,1,0,0.786938680574733,2,4.71843606444821e-17,0.000387611922942527,2,0,1,1
"351bf0c8-00a9-41da-923d-2daa61a21179",0.666666666666667,24,12,7.9472030685612,9,0,0.000522152568522327,7,1.52570430324899e-06,1,1
"3a8d955f-fe39-4092-97e7-29f9ada69490",1,1,0,0.786938680574733,2,2.55843913451015e-05,0.000251018614558034,2,0,0.159734158359115,1
"7bf2add2-1fd6-466a-9e4a-ebfe38306a91",1,1,0,0.786938680574733,2,4.91630361814804e-17,0.000387611922942295,2,0,1,1
"b41b38d4-ef3e-4f37-8c75-cfe9af999696",1,1,0,0.786938680574733,2,5.92638900398282e-05,0.000229255153583826,2,0,0.167387127761768,0
"45dc5f07-6609-4760-a933-8c9e0f858d05",0.330014224751067,232,471,35.6426361120083,38,0.965782356319517,0.0012029798699195,20,0.0141934246785061,0.245985530262926,0.815789473684211
"6925db17-f35e-42f3-a4eb-84ee6bf5d4b0",0,0,0,0,1,3.71592484206442e-17,0.000387611922942591,1,0,1,1
"a5124554-0dcb-42fc-9b28-8b3c52ad8358",0,0,0,0,1,0.00340210324642853,0.000107542715888694,1,0,0.184929689572831,0
"85a21c41-0514-480c-8412-0230f3de5aa4",1,10,0,4.32332358381694,5,5.48773838978501e-07,0.000325275565191456,5,0,0.134933694705256,1
"9b6d374f-4aa4-4483-8587-45ed4758d231",1,3,0,1.89636167648567,3,0.00548677070744374,0.000186009702152369,3,0,0.213541666666667,0
"c3da3346-2643-48a7-93cd-011f6834b3d7",0.666666666666667,10,5,4.32332358381694,6,0.00518578939634923,0.000380116843816371,5,0.000221162748573903,0.187870619946092,0
"b0bea75d-5324-4153-904a-879dc42797af",1,1,0,0.786938680574733,2,8.4460072208326e-07,0.000249904340154708,2,0,0.143740977521138,1
"b3461bc9-768d-40fe-8d47-c93c2c0e2789",1,3,0,1.89636167648567,3,3.97704223582098e-17,0.000387611922942939,3,0,1,1
"72c536dc-7137-4477-a521-567eeb840fa8",0.0512820512820513,4,74,2.7442165412884,13,0.000606199167801942,0.0012683533731052,3,0.00658357077108545,0.200806683952751,0.0769230769230769
"cb88c5ff-801a-4c31-96e6-c2553ced8e0a",1,1,0,0.786938680574733,2,6.80714748829758e-05,0.000169734913377021,2,0,0.175965665236052,0
"66c662b6-6e2f-4930-8610-912e24c63ed1",1,3,0,1.89636167648567,3,3.95515583038341e-17,0.000387611922942656,3,0,1,1
"bf6c29f5-b69f-4842-9031-37f9645d365d",0.19047619047619,4,17,2.68330035706041,7,0.00345655428835849,0.000700532194115429,3,0.00558311496794841,0.186738111185532,0.428571428571429
"265796ae-9a57-42c4-85a3-57a036ad9cc5",1,6,0,3.10747935940628,4,0.00185218532222953,0.000203777033922397,4,0,0.212241169305725,1
"74ed34ce-ee95-44e9-a87d-4d2d5056c24a",0,0,0,0,1,3.98583037145461e-17,0.000387611922942887,1,0,1,1
"53b106e7-0cc6-42cc-ac95-ed8d30a3a98e",1,1,0,0.786938680574733,2,0,0.000273816278860225,2,0,0.45,0
"9c9f1380-2516-4fc9-a3e6-f9f61941d090",1,6,0,3.10747935940628,4,2.17611798094944e-06,0.000301112046766042,4,0,0.143533772652389,0
"28f344b7-2261-4bbe-8ce9-a8a31b7fd635",1,3,0,1.89636167648567,3,3.14754994924014e-09,0.000311559429387261,3,0,0.112755803607539,0.666666666666667
"3d2b98e5-556f-4451-a3ff-c50ea18d57cb",0.8,8,2,3.91518967205847,5,3.35453149901595e-17,0.000441157757902373,4,1.69522700360999e-07,1,1
"0ce1a4c2-ad1e-40d0-80da-d3396bc6518a",0.714285714285714,15,6,5.95811815430269,7,3.8910209070256e-06,0.000497899085439506,4,3.81426075812247e-07,0.143578123390668,0.571428571428571
"12ff981a-0226-46de-b9cb-c26b3364de14",1,1,0,0.786938680574733,2,0.00249339123547569,0.000129957423100454,2,0,0.20728624535316,1
"5f6ab597-f57a-40da-be9e-adad48708203",0.479569892473118,223,242,29.0770557684204,31,0.965592185163698,0.000936907015656238,20,0.00249944328291721,0.210828796128252,0.0645161290322581
"589ef702-7f3a-4a1c-8f2c-4727005cfc0e",1,10,0,4.32332358381694,5,7.46269336144911e-07,0.000381573501201226,5,0,0.129289556668522,0.8
"2b5bdcc5-6ef4-48da-b4e7-b2c16208fc2c",1,21,0,6.65149052142495,7,0.000471987972828031,0.00032942824191472,7,0,0.188812135988081,1
"2aecae31-7ed3-4b5b-b4c1-d71c346a6ac2",1,1,0,0.786938680574733,2,4.96601500483526e-17,0.000387611922942295,2,0,1,1
"3dda6037-415b-4ac3-9476-86db3385550a",0,0,0,0,1,3.58042833434263e-17,0.000387611922942591,1,0,1,1
"07567c90-50bc-4945-941b-e9489def8620",1,15,0,5.50749000825661,6,0.00454719757775487,0.000319516687206868,6,0,0.18611481975968,0.666666666666667
"763cb144-afdb-471e-bd86-d4f5b9b58641",0,0,0,0,1,6.71906761031504e-07,0.000176527507515738,1,0,0.139302488258219,1
"3c714102-94d8-42f4-9005-fb8a75c2766d",1,3,0,1.89636167648567,3,3.80333218823885e-17,0.000387611922942804,3,0,1,0
"94b0fb9d-a066-4823-b2ec-af1d324bcfcf",0,0,0,0,1,0,0.000122732873647142,1,0,0.357894736842105,1
"383d6203-8dac-48dc-8faa-808d01932663",1,3,0,1.89636167648567,3,0.000395893147618726,0.000196427321014685,3,0,0.188914487057867,1
"c45d161f-83ce-4464-ba41-44202e6916d9",0.375384615384615,122,203,24.9537659565402,26,0.120148176083661,0.000924372329742724,14,0.0102105183747222,0.239601237538673,0.923076923076923
"d70f46f1-78a7-40d6-9961-80e9d6d92c71",1,28,0,7.75842093262145,8,0.00546064735567698,0.000338303197219974,8,0,0.213182443798746,0.75
"d43a143b-5e20-428c-baf6-10bc35f1ff90",1,15,0,5.50749000825661,6,0.00167769563608647,0.000255846797484979,6,0,0.19007362967003,1
"f71f8e0d-c109-4a50-9826-2559981d915e",1,15,0,5.50749000825661,6,0,0.000387611922942462,6,0,1,1
"4bd95eea-b9f6-4d70-a36c-cfea77431553",0,0,0,0,0,5.25564033535461e-19,5.81417884416849e-05,0,0,0,0
"7dc8f5bd-9d0b-4087-9f73-dc164950bbd8",0,0,0,0,1,2.99253801188246e-05,0.00014107258591388,1,0,0.167246550689862,0
"b3713c4d-4b17-49f2-86d2-446909d8291e",0.833333333333333,30,6,8.61320624209367,9,0,0.000425975786537864,7,3.05140860649797e-07,0.645161290322581,1
"ab624b4b-31cf-47ae-bb46-57bd5a710b7e",1,10,0,4.32332358381694,5,0,0.000306585213565319,5,0,0.571428571428571,1
"20873fa9-a77c-4a8c-ac50-d679a515ce54",1,3,0,1.89636167648567,3,0,0.000219295964967411,3,0,0.34965034965035,1
"ee066f12-9e55-4d52-954a-7876f2fa8ea1",1,15,0,5.50749000825661,6,0,0.000348875303497751,6,0,0.357142857142857,1
"8f9d6bb2-dba4-4cca-9967-cc02b9f4820c",0,0,0,0,0,5.25564033535461e-19,5.81417884416849e-05,0,0,0,0
"0e738f68-783c-4a6a-80ae-4f7500861060",1,1,0,0.786938680574733,2,4.47026094047431e-17,0.000387611922942295,2,0,1,1
"c48d4327-8122-4286-af66-05e1ee6ac4d8",0,0,0,0,0,5.25564033535461e-19,5.81417884416849e-05,0,0,0,0
"4a8ac23a-e27a-44db-814a-f8c31beb68e6",0.333333333333333,1,2,0.786938680574733,3,0.00103770005330939,0.000261724954262252,2,0.000354217682404307,0.185150750431664,0.666666666666667
"95663592-1447-4579-90f7-c94733476667",0,0,0,0,0,5.25564033535461e-19,5.81417884416849e-05,0,0,0,0
"ddfd9b2f-186e-4b2c-ad09-01aa5380c225",1,6,0,3.10747935940628,4,0.00920237204188783,0.000213032820873836,4,0,0.225129198966408,0.25
"82953e0d-464a-4fb8-80fc-78dbf8b49b1b",1,6,0,3.10747935940628,4,0,0.000402028799540824,4,0,0.55,1
"8fc6b153-d183-408c-9e39-bf91bfc74998",0,0,0,0,1,0.00411999147856333,0.000100236892486366,1,0,0.180616740088106,0
"06ed4e1e-4416-4a7c-b14b-bc68dfd252aa",1,1,0,0.786938680574733,2,4.70286372623047e-17,0.000387611922942295,2,0,1,1
"0e5bf20d-a6ff-4ba2-89b5-bce7bd677750",1,3,0,1.89636167648567,3,6.64805030535278e-07,0.000266818804149659,3,0,0.129337539432177,0.666666666666667
"94c64122-dbd4-4927-b2fa-f204b0b4b0c2",0.333333333333333,1,2,0.786938680574733,3,0.000492679259124045,0.000304213817397512,2,0.00070792679670753,0.190047716428085,1
"3ba54400-4c97-450f-b108-bcd90b9b2b76",0.676190476190476,71,34,14.6470814988602,15,0.00842380480444065,0.000539716258657298,11,0.000233229769879161,0.225968552439617,0.866666666666667
"79733f6e-5bfd-4e5d-be56-8fe1cf60df68",0.380952380952381,88,143,20.6332115419859,22,0,0.000959725697636497,9,2.89968578967488e-05,0.68,0.227272727272727
"31d2041c-985d-48f7-b6e2-2a70cdf14853",1,3,0,1.89636167648567,3,3.61483360065405e-17,0.000387611922942804,3,0,1,1
"6dd3bfb0-d467-4192-a09b-ad6423db59cc",1,6,0,3.10747935940628,4,0.000754353582999883,0.000280978177471182,4,0,0.17416291854073,1
"72c090b6-a68e-4cb9-b330-85278681a714",0,0,0,0,1,0,0.000122732873647142,1,0,0.357894736842105,1
"a668565b-41b8-44a8-9d5c-8e609dbf69fc",0.345454545454545,19,36,8.19079036531701,11,0.00325488908567012,0.000614847987734395,6,0.00119072225141941,0.210924496898169,0.272727272727273
"ed3c8e2f-d7ce-4d0a-aafe-2c4ddd51f8ff",1,21,0,6.65149052142495,7,0.000471987972828038,0.000329428241914655,7,0,0.188812135988081,1
"65f4f0c5-ef9e-490c-aee3-909e7ae6b2ab",0,0,0,0,0,5.25564033535461e-19,5.81417884416849e-05,0,0,0,0
"fd36f43e-5bd1-488e-b844-0e059250ef78",0,0,0,0,1,1.66633320612085e-06,9.82352567660124e-05,1,0,0.136773940345369,1
"1bfa27e3-0376-4206-a772-4586e25a64f5",0.266666666666667,4,11,2.83811847880658,6,1.63539826340611e-05,0.000584724794962391,2,0.00211831328303595,0.167992287298144,0.333333333333333
"b8df4f20-fddd-40ea-966e-55028f6043c7",1,15,0,5.50749000825661,6,0.00374466208675425,0.000299706482554318,6,0,0.214692746034191,0.5
"3b6abaef-febf-4cfe-943f-6a20cf0afdad",0,0,0,0,0,5.25564033535461e-19,5.81417884416849e-05,0,0,0,0
"69de913c-4959-45b8-bd1c-05bfc20f270c",1,6,0,3.10747935940628,4,0,0.000298390846734796,4,0,0.551724137931034,1
"d48e95be-8390-4c9b-875e-ea8f51de1435",0,0,0,0,1,3.8521589741482e-17,0.000387611922942887,1,0,1,1
"ff3ccbb8-5308-4685-bcb2-462ec5c66aa4",1,15,0,5.50749000825661,6,0.00147231187245271,0.000286779621300226,6,0,0.176545086119554,1
"2b4abc88-570c-4664-a989-e581d6f8fb31",1,45,0,9.88891003461758,10,0,0.00040133518049502,10,0,0.433333333333333,1
"00f35f62-f3d8-49d0-bf19-a2406ca71703",1,3,0,1.89636167648567,3,5.76279212800039e-05,0.000257896250527992,3,0,0.1655975291043,1
"adb7a259-7c37-40d1-ba83-44c927c64e71",1,10,0,4.32332358381694,5,0.00709774045219929,0.000223261801181891,5,0,0.213541666666667,0.8
"c995a379-60b9-404b-bd97-a7e2de0751d3",0,0,0,0,0,5.25564033535461e-19,5.81417884416849e-05,0,0,0,0
"10886c9d-c106-4337-9653-430989ec484e",1,1,0,0.786938680574733,2,2.07263827110193e-17,0.000329810144960367,2,0,0.666666666666667,0.5
"4213cbd6-ac51-4850-9e0f-d774610c69b2",1,1,0,0.786938680574733,2,4.95447730222218e-17,0.000387611922942295,2,0,1,1
"db48610c-6d8f-4d10-90ca-c4d14bb1a8b1",0.320261437908497,49,104,16.3733903002843,18,0.0184653202765961,0.000746189868750542,8,0.00632832443258898,0.240220575564363,0.777777777777778
"69135e6a-bde8-418e-8ab2-1c4c7e88760e",1,1,0,0.786938680574733,2,3.63548430521307e-17,0.000381298218672267,2,0,0.75,1
"4387a8ed-8a80-453c-a863-73dc0b23900c",1,1,0,0.786938680574733,2,0.00423342845601095,0.000159821461455482,2,0,0.194692737430168,0.5
"b5ffc3aa-b868-4b88-905f-d73d51dbe51c",0.4,4,6,2.43854207791285,5,0.000290917049063837,0.000410159946092254,3,0.00170930660859947,0.185199946857978,0.4
"bfcb6630-9b31-4e63-b11f-7b0363be72b5",0,0,0,0,0,5.25564033535461e-19,5.81417884416849e-05,0,0,0,0
"5bddb0fa-66f7-47c8-bf00-afecab627d59",0.3,3,7,2.05117979823185,5,9.00288640725296e-07,0.000576693597917191,2,0.000531199381581189,0.143933918430563,0.8
"4c45495f-b9f3-4d03-9fac-d44c8a77f5de",0.833333333333333,5,1,2.81798079736026,4,0.000556251442431427,0.00034066404088584,3,8.47613501804993e-08,0.129541864139021,1
"e9b419b5-ab8f-425c-8214-a7259e6efe10",0.666666666666667,4,2,2.43458029779605,4,3.16604437977796e-09,0.000442399791262685,3,0.000530182245379023,0.115512098110706,0.75
"e520459c-dff4-491d-a6e4-c97be35e0044",1,1,0,0.786938680574733,2,2.05015326662383e-17,0.000329810144960218,2,0,0.666666666666667,1
"40f5d9e4-2de7-4f2d-ad41-e31a9a9fea27",0,0,0,0,0,5.25564033535461e-19,5.81417884416849e-05,0,0,0,0
"b071f9fa-14b0-4217-8e97-eb41da73f598",1,1,0,0.786938680574733,2,2.87225840571827e-05,0.000197596170112944,2,0,0.156295548828344,0
"e3e0abcd-7671-4482-a9d8-462f5acc9be5",0,0,0,0,0,5.25564033535461e-19,5.81417884416849e-05,0,0,0,0
"73fdb566-a9b1-494c-9f32-51768ec9fd27",0,0,0,0,0,5.25564033535461e-19,5.81417884416849e-05,0,0,0,0
"ba9a0cc1-c43a-4784-9067-49f63c09f605",1,45,0,9.88891003461758,10,0,0.000401335180494968,10,0,0.433333333333333,1
"99ea432a-e3d8-42cb-9d5e-db316a6a8458",0,0,0,0,0,5.25564033535461e-19,5.81417884416849e-05,0,0,0,0
"5441c29d-3602-4898-b1a1-b77fa23b8e50",0.141025641025641,11,67,6.32899833777707,13,7.7068864421567e-05,0.00115306207795314,4,0.00433726284725393,0.175765981591224,0.0769230769230769
"5e7a7026-dfc5-4aba-8496-95140716f3db",1,6,0,3.10747935940628,4,2.41066030107408e-17,0.000387611922942609,4,0,1,1
"91376b53-c37d-4eed-ac24-63d167af6885",0.325,39,81,14.0088259396739,16,0.0202284489656659,0.000639576342095607,9,0.00435592568367563,0.251171171171171,0.5
"3c5abd66-7e1f-4124-b00f-192984a2ab30",0.666666666666667,24,12,7.9472030685612,9,0.00843932937696446,0.00041411059148017,7,4.23810141126001e-05,0.219147932714982,0.888888888888889
"704693db-969d-4e94-b0d5-dad24952c6bb",1,3,0,1.89636167648567,3,0.0010657184061794,0.000195576235692525,3,0,0.206886316414366,0.666666666666667
"384d6827-3b17-43bc-acf6-92e618b8ec83",0,0,0,0,1,2.39392849934487e-17,0.000272008366977084,1,0,0.5,1
"27e2997f-f7a1-4353-bcc4-57b9274fa9a4",0,0,0,0,0,5.25564033535461e-19,5.81417884416849e-05,0,0,0,0
"437a0e49-c6ae-42f6-a6c1-84f25ed366bc",0,0,0,0,0,5.25564033535461e-19,5.81417884416849e-05,0,0,0,0
"35214d53-009b-45d9-8a00-6664325b9e2a",1,3,0,1.89636167648567,3,6.32106050492477e-18,0.000431188511350739,3,0,0.636363636363636,1
"ae3d9ebb-6766-49fe-906c-ad0ba33ff6da",1,3,0,1.89636167648567,3,1.2616832600072e-07,0.000298308362037861,3,0,0.136894824707846,1
"aef06569-098f-4218-a577-b413944d9493",0,0,0,0,0,5.25564033535461e-19,5.81417884416849e-05,0,0,0,0
"525f1f1c-03f0-4bc8-8dfd-e7521f87631b",1,21,0,6.65149052142495,7,0.00561619470401838,0.000299100982435932,7,0,0.21730319563523,0.142857142857143
"69c22cc7-88c8-4f27-a9e7-3225af8329c5",1,21,0,6.65149052142495,7,0,0.000347976105446547,7,0,0.606060606060606,1
"7c7f9c94-dee8-4903-892b-6cf44652e2de",0,0,0,0,0,5.25564033535461e-19,5.81417884416849e-05,0,0,0,0
"fc2195db-7740-45f2-92b8-bf13baa3927a",1,10,0,4.32332358381694,5,7.45797010039912e-05,0.000295550246115629,5,0,0.166806270192653,1
"e3513b4f-2a13-45f5-8ead-e79b1af0bf68",0,0,0,0,0,5.25564033535461e-19,5.81417884416849e-05,0,0,0,0
"7f347782-eb14-40c3-98e2-17b6e1bfe56c",0.571428571428571,16,12,6.43938237150187,8,3.24086132299252e-05,0.00057969632322925,4,0.00158749532753057,0.167507810622447,0.5
"9a0d0b2d-a727-44a6-a172-53766f186834",0.5,3,3,1.95727786071367,4,0.00328973857107852,0.000350574953139346,2,0.000353836256328494,0.183035714285714,0.25
"c399b484-b977-4800-aec4-ac904b50292a",1,190,0,19.9985029634022,20,0.903585867658377,0.000507526612084248,20,0,0.210161314638927,0.85
"9b568e6c-6611-407b-bb5a-44638ee936a3",1,21,0,6.65149052142495,7,0,0.000360071392947149,7,0,0.376811594202899,1
"4ced4eb2-ed74-4ca1-9d32-eb709b5f348f",1,10,0,4.32332358381694,5,0.000550448569206454,0.000326406659228797,5,0,0.164251207729469,1
"f47e95aa-2228-4122-858d-4bcb1506057c",1,1,0,0.786938680574733,2,4.78533661458639e-17,0.000387611922942295,2,0,1,1
"59f8e44c-5206-43f6-8b7b-87c8ea1f658d",1,1,0,0.786938680574733,2,7.94063347174383e-06,0.000218979483338444,2,0,0.133142311365807,0
"7db6aae5-6644-4513-9bfc-ca2e79d4469c",0,0,0,0,1,5.1488421882096e-05,0.000124187026482959,1,0,0.166110581506196,0
"8ba56dd4-a9e1-410f-9b1e-91000e35bc46",1,6,0,3.10747935940628,4,2.4788856894373e-17,0.000387611922942731,4,0,1,1
"ea3562d2-c0dc-4c36-b1e4-1a0035281c44",1,10,0,4.32332358381694,5,0.00102980383962482,0.00028810655336879,5,0,0.184147952443857,0.6
"5dcdb5eb-cb72-4e6e-9e63-b7bace604965",0,0,0,0,0,5.25564033535461e-19,5.81417884416849e-05,0,0,0,0
"b432152b-ab35-40eb-916b-dc8d1559046b",0.483516483516484,44,47,12.9165330679554,14,0.012551736314405,0.00053738851449149,8,0.000241583480548434,0.219354838709677,0.714285714285714
"f5c4c27e-5902-4fc0-adfb-7775da3d5363",1,15,0,5.50749000825661,6,0.0013101217520999,0.000335657676916607,6,0,0.199199771363247,0.833333333333333
"fb75bc76-a50b-4d3a-b060-63092a4c6bbf",1,15,0,5.50749000825661,6,0.0046451979512821,0.000350087311002531,6,0,0.188837713356814,0.833333333333333
"bb1f06b1-bca8-4fe1-8ce7-c033479b1301",0.377777777777778,17,28,7.63426659596867,10,0.000660660475960341,0.000480783980388609,6,0.00314301776213338,0.203414562965125,0.3
"3bb29637-4184-490d-92f8-a9b45ffc5ebd",1,1,0,0.786938680574733,2,4.91621169499334e-17,0.000387611922942295,2,0,1,1
"2ee8d1d0-e491-4f9d-a893-34dccc26e974",1,105,0,14.9863217705167,15,0.0526209433176867,0.000441089041120087,15,0,0.226998860120502,0.933333333333333
"b46e298d-d3a5-4695-a03e-63e8c523b23e",0,0,0,0,0,5.25564033535461e-19,5.81417884416849e-05,0,0,0,0
"1dcc8968-f2cd-441c-beda-6270f70f2863",0,0,0,0,0,5.25564033535461e-19,5.81417884416849e-05,0,0,0,0
"71d8b051-6d79-4d31-9075-debfe031e539",0,0,0,0,1,4.25011095737791e-17,0.000387611922942887,1,0,1,1
"6c0dadab-266a-4601-8394-5b8e19e90def",1,10,0,4.32332358381694,5,2.47411572199424e-17,0.000387611922942469,5,0,1,1
"2a11b7c9-12d6-495d-a577-7412dd1f7aca",0.321937321937322,113,238,25.6777605905616,27,0.0289765459914515,0.000941975261712361,11,0.00506475394482931,0.254286756658154,0.333333333333333
"61acfedc-7a43-49bd-9474-bf96df0290b6",1,3,0,1.89636167648567,3,4.32968276182876e-06,0.000281059532603419,3,0,0.151587646802958,0.333333333333333
"960eb93f-e73c-4df8-864d-08a06c2dcc11",1,3,0,1.89636167648567,3,4.05792740067281e-17,0.000387611922942804,3,0,1,1
"15a5032b-70f2-4c00-bab9-5072b6fbba02",1,1,0,0.786938680574733,2,3.51016160313669e-17,0.000381298218672099,2,0,0.75,1
"efc5d365-a448-4e2f-9b5f-4a7c84be725c",1,21,0,6.65149052142495,7,0.00788693874488994,0.000321771506251066,7,0,0.2187009727016,1
"61af87f4-16ee-4431-8504-cc06187079fb",0.199134199134199,46,185,18.2251412280111,22,0.0102660814513457,0.00117100228853346,7,0.00524734869987174,0.218941416679755,0.954545454545455
"4c857e19-d9bb-460e-b3ec-2d1ea24c3247",1,3,0,1.89636167648567,3,4.14796416119709e-17,0.000387611922942497,3,0,1,1
"71b82efb-a4a4-40ad-94bf-9ed8c97dc69d",1,36,0,8.83515925000139,9,0.0275726020548871,0.00032649382340315,9,0,0.22386381885338,0.888888888888889
"8cc72457-488e-44e6-a5b3-d2da843b7245",1,1,0,0.786938680574733,2,4.72844830270107e-17,0.000387611922942295,2,0,1,1
"80fad44a-1a49-4e63-84c0-9f0ceb7fb203",1,66,0,11.9509587427384,12,0.00196577750174618,0.000421009983995581,12,0,0.206886316414366,0.916666666666667
"bb2b7bbf-75e5-43f8-8a9f-7769ae7d832a",0.4,4,6,2.68330035706041,5,2.97616573333385e-09,0.000523095287519658,3,0.00141381932101073,0.112993434384372,0
"86083bea-ffa2-47ec-b7dd-06313f3b349b",1,21,0,6.65149052142495,7,0.00112298736627992,0.000342990324649071,7,0,0.197171145685997,1
"0f4bf831-2672-4e94-8396-4198a3a0e731",1,3,0,1.89636167648567,3,7.95069057052846e-06,0.000183559192608456,3,0,0.144500881102934,0
"29a237ac-bad8-4ad3-a57a-032f8e2e611e",1,3,0,1.89636167648567,3,4.37045891932117e-17,0.000387611922942497,3,0,1,1
"9818ec14-12ae-4254-be50-46ba7aebac06",1,91,0,13.9789518512983,14,0.0567514142355323,0.000454205663365632,14,0,0.228113238422517,0.857142857142857
"332a08b3-c1a3-49cf-8b96-e373a914590e",1,15,0,5.50749000825661,6,0,0.000338407482428701,6,0,0.396825396825397,1
"3cbfd3e3-6d9b-4327-84ba-42cf646c98f9",1,3,0,1.89636167648567,3,4.51155099693597e-17,0.000387611922942656,3,0,1,1
"a6f55513-0dd9-4295-a40f-9c1b6a604654",1,6,0,3.10747935940628,4,0.00149852871888225,0.000254059122111424,4,0,0.204939723610703,0.75
"2d67239c-aa40-4ad5-a807-9052b66857a6",0,0,0,0,1,1.92846940571977e-07,0.000153499086737876,1,0,0.132145227035738,1
"619b1116-740e-42e0-bdfe-96af274f79f7",0,0,0,0,1,0,0.000110345897696135,1,0,0.346938775510204,1
"a21a3ff2-064c-452d-8aea-3d4039ab70d6",1,1,0,0.786938680574733,2,5.32542205582542e-17,0.000387611922942527,2,0,1,1
"fbe054ec-a143-4101-9e9e-64abc5ff5ac9",0,0,0,0,0,5.25564033535461e-19,5.81417884416849e-05,0,0,0,0
"3f6ee55e-d523-4dd8-a027-7a6af9909ae1",0,0,0,0,0,5.25564033535461e-19,5.81417884416849e-05,0,0,0,0
"300c4c73-33ac-4255-9d57-4e32627f5e13",0.833333333333333,5,1,2.81798079736026,4,1.78657649833096e-05,0.000338746679874471,3,8.47613501804993e-08,0.16779008184882,0.25
"12c0ef6b-8cb6-428f-8766-afc51d512d4a",1,3,0,1.89636167648567,3,3.97130704274532e-17,0.000387611922942804,3,0,1,1
"854e815f-ce53-4085-a74d-4bb6fc4e1459",1,21,0,6.65149052142495,7,0.000739069919634939,0.000336774424617657,7,0,0.19122085048011,0.857142857142857
"daa09819-5da5-4c7a-8bef-eb372bb27ff1",0.423076923076923,33,45,10.6742654476167,13,0.0267694254952569,0.00059067851876768,8,0.00355277175396967,0.220954192423522,0.923076923076923
"ffe22552-e13c-4d79-825e-6b4db11d4693",1,36,0,8.83515925000139,9,0,0.000387611922942309,9,0,1,1
"df6a1106-6caf-465b-bcfd-0b80d2b53516",1,3,0,1.89636167648567,3,4.19909313979067e-17,0.000387611922942939,3,0,1,1
"606bf117-494f-4864-891f-09d63ff6aa4b",1,1,0,0.786938680574733,2,5.35159457213943e-17,0.000387611922942527,2,0,1,1
"3f6ae36d-ffdb-40cf-98e6-8023cb1c41c9",1,1,0,0.786938680574733,2,4.59466651474297e-17,0.000387611922942295,2,0,1,1
"81e2f4b1-4b48-4bdb-9717-4180e0f1ebc2",1,1,0,0.786938680574733,2,1.26117075975785e-17,0.000273842797596564,2,0,0.235294117647059,0
"03172286-f7ed-4864-a4db-459cd5ca9790",1,1,0,0.786938680574733,2,2.87225840571843e-05,0.000197596170112853,2,0,0.156295548828344,0
"8edb76e6-b846-4465-a7c2-778b6bb38379",1,10,0,4.32332358381694,5,0,0.000306585213565243,5,0,0.571428571428571,1
"3bde6f06-77fe-47db-8d01-c6edb694c2aa",1,3,0,1.89636167648567,3,1.35757098032899e-05,0.000260449202518445,3,0,0.151703123299597,1
"8ff201f8-3b3f-40dd-a7f7-8d0a2184c62e",0.9,9,1,4.1477338299933,5,2.05591533362544e-06,0.00039431363780774,4,8.51017236594669e-05,0.146675084175084,0.6
"39ab1aed-75e0-4140-bd47-540276886b60",1,3,0,1.89636167648567,3,1.70630626846389e-05,0.000262168308094288,3,0,0.167769888073174,0
"ee1a3cdd-d907-4e76-bfe8-f60a8bbd5ba4",0.642857142857143,18,10,6.8236187411153,8,0.00982990337284835,0.000434016816586327,6,0.000804899435624107,0.213705350298942,1
"cadaa8ae-a43e-490f-8061-2787d9f75b6f",1,21,0,6.65149052142495,7,0,0.00036007139294709,7,0,0.376811594202899,1
"6b905738-f1b5-4851-942e-ee0118f3e44a",0,0,0,0,1,3.04770483894081e-08,0.000132968406872977,1,0,0.11970802919708,1
"e22d2f66-881e-41ca-9356-544697ee5f90",1,1,0,0.786938680574733,2,4.62605024746672e-17,0.000387611922942295,2,0,1,1
"32434ee8-8f04-4c95-a963-796faa298651",1,120,0,15.9911506500776,16,0.0338786909275218,0.000445190654826547,16,0,0.231062489640312,0.9375
"3b3b7f25-cda0-43a9-a3c0-e95e769eb08a",0,0,0,0,1,4.10733135429665e-17,0.000387611922942591,1,0,1,1
"172053e5-a7fb-4548-a64d-c53858b5e775",0,0,0,0,0,5.25564033535461e-19,5.81417884416849e-05,0,0,0,0
"2def90b4-54a2-40d5-abaf-529ee4db2da6",1,15,0,5.50749000825661,6,0,0.000355964100625879,6,0,0.3125,1
"1f52af22-0207-40ac-9a15-e5052bb670c2",0.714285714285714,15,6,5.95811815430269,7,3.89102090702703e-06,0.000497899085439365,4,3.81426075812247e-07,0.143578123390668,0.571428571428571
"2c1fadd0-8efb-41a4-8272-d5b1b04bf385",1,3,0,1.89636167648567,3,4.78098548082212e-05,0.000305035226979138,3,0,0.164697542533081,0.666666666666667
"9058d01e-8afc-47a4-8664-621fb5f159c0",1,3,0,1.89636167648567,3,2.85164462496452e-17,0.00040474628123864,3,0,0.625,0.666666666666667
"478e777b-83d5-42dd-be06-36adbf83281f",1,21,0,6.65149052142495,7,0.00225059603500398,0.000345269331972307,7,0,0.196920468992796,0.857142857142857
"1036b808-f58c-4a3e-b461-a2c4492ecf1b",0.193732193732194,68,283,24.0498861435542,27,0.0258601472945247,0.00107855925852346,9,0.00673706814742992,0.257575757575758,0.222222222222222
"13e2db47-3010-48b8-a8b9-667551f37119",1,6,0,3.10747935940628,4,1.90964613879333e-17,0.000387611922942609,4,0,1,1
"b12d76e2-4933-4e37-8b7a-0b317f69c8a1",0,0,0,0,1,4.15509792337804e-17,0.000387611922942591,1,0,1,1
"61cdb045-7f89-4eb1-b3ed-35db94d9ab99",0,0,0,0,0,5.25564033535461e-19,5.81417884416849e-05,0,0,0,0
"58e235fc-f6ea-4614-9ed4-9855a5665ae1",0,0,0,0,0,5.25564033535461e-19,5.81417884416849e-05,0,0,0,0
"0192ca4a-2d25-4c52-b778-08e2bfd9fd01",0,0,0,0,1,3.76092376414871e-17,0.000387611922942591,1,0,1,1
"67ebede8-b5c5-4115-90e5-1d760466baee",0,0,0,0,1,4.13917537013531e-17,0.000387611922942591,1,0,1,1
"800760de-bdf8-43a2-8fe0-44a2401a5515",0.181609195402299,79,356,25.8358820018133,30,0.0248691447466218,0.00142016167392574,9,0.0106390689906415,0.259493670886076,0.2
"047c7563-6c32-4619-a0b6-1dcf218b3e1b",1,10,0,4.32332358381694,5,0.00566126984537606,0.000289705616517826,5,0,0.201357792864365,1
"3d683d51-ba94-4ef1-a07d-3dced0f0bc38",1,21,0,6.65149052142495,7,0.00268111088802885,0.000295387284945422,7,0,0.207718670838921,1
"1325f8d5-ab22-4dc9-8fdc-f7fa6695c493",1,6,0,3.10747935940628,4,0.00106217876760275,0.000263089383828534,4,0,0.185224554876428,0.75
"01ad46b5-59c5-4295-a500-88742320ec3a",1,1,0,0.786938680574733,2,0.00105744572092906,0.00013789286751265,2,0,0.202970297029703,0
"56c4b861-0922-4c3a-a9b9-3bfcb00f8274",0.4,6,9,3.79272335297135,6,0.000131650660686178,0.000487058159079538,3,0.00244780652123447,0.181250812638148,1
"1fb335d9-e9ce-4fb0-a4d2-738fea0c0148",1,21,0,6.65149052142495,7,0,0.000373445993516425,7,0,0.335570469798658,1
"a12980dd-8cf1-4802-84e3-32c08560cf49",0,0,0,0,1,3.90614777306787e-17,0.000387611922942591,1,0,1,1
"3508f3fd-3b18-493c-a362-376736bb6cde",0.333333333333333,5,10,3.22151897837079,6,5.29906206487386e-17,0.000607128149062627,3,2.79712455595648e-05,0.39344262295082,0.333333333333333
"bab29dd5-510a-4c10-b1f1-657d60a9ee6e",0.444444444444444,16,20,7.43080294322322,9,0.00240875150229917,0.000454095121570497,5,0.000439703207680309,0.216863721219664,0.888888888888889
"0423fdbb-678d-4210-aab4-600fb3ceb21b",1,10,0,4.32332358381694,5,6.47175237035132e-05,0.000349234505922876,5,0,0.165636882129278,0.8
"68430e36-5f32-4e6a-b89c-cef750c9703e",1,66,0,11.9509587427384,12,0.0019657775017462,0.00042100998399552,12,0,0.206886316414366,0.916666666666667
"519774a4-3b18-4042-b8c0-927845a616c9",0.303030303030303,20,46,7.96970769521351,12,4.15412813404826e-06,0.00079031171860681,5,0.00353659693887853,0.167326851518425,0.166666666666667
"b67bf15d-03c3-40a4-9d17-769a964d5005",0.4,4,6,2.68330035706041,5,0.000102696159426209,0.000364635807185677,3,0.000354259957603294,0.181747066492829,0.2
"11bcbbf4-1252-496a-b747-06942f3d76db",0,0,0,0,0,5.25564033535461e-19,5.81417884416849e-05,0,0,0,0
"7d5dfdc7-6f95-498f-9b60-87f0319867e0",1,1,0,0.786938680574733,2,0.00036816266959177,0.000185074394109583,2,0,0.185470995210218,1
"a6c6897a-7415-4f8d-b5a5-3a5e05f3be67",0,0,0,0,0,5.25564033535461e-19,5.81417884416849e-05,0,0,0,0
"fc5f555c-dfa2-4f16-9da5-98342105c23a",1,6,0,3.10747935940628,4,2.55523707267054e-17,0.000387611922942609,4,0,1,1
"396d316b-a9de-4c3e-88e8-a1caf730a6b5",1,3,0,1.89636167648567,3,4.29241217666108e-05,0.000243515705872,3,0,0.167206429171165,0.333333333333333
"5660a8c7-d0d9-4181-89b4-8e125328e31e",1,1,0,0.786938680574733,2,4.90498758327618e-17,0.000387611922942295,2,0,1,1
"02452937-d06b-4e9f-966d-8477bae38ddc",0,0,0,0,1,2.13614203800529e-06,0.000115065592190773,1,0,0.153035459435723,0
"89e95aa3-bd49-4af3-9c87-0d88b2093bb0",0.666666666666667,2,1,1.41905923940329,3,5.43148031824183e-17,0.000457711951559774,2,1.27142025270749e-07,1,1
"e47b4862-a587-488f-b7a7-bd329726693d",1,3,0,1.89636167648567,3,3.88097437280163e-17,0.000387611922942939,3,0,1,1
"09925d0f-b482-45cc-aa94-e868a41d0a4a",1,28,0,7.75842093262145,8,0.0104519943062826,0.000386467098215626,8,0,0.197702453552688,0.875
"6739352a-3f16-418b-ba43-6c41912badc5",0,0,0,0,1,3.78038079328198e-17,0.000387611922942887,1,0,1,1
"b1ee35c4-1363-4f81-9a3b-7d70c6009f81",0,0,0,0,1,4.19517193433766e-17,0.000387611922942887,1,0,1,1
"9b483540-4191-43b2-9a86-d4ff09fef68d",1,1,0,0.786938680574733,2,5.03387315184949e-17,0.000387611922942038,2,0,1,1
"525d2a4a-3d81-4d96-9581-3442feed3d2e",1,6,0,3.10747935940628,4,1.14281587440512e-17,0.000353645929694829,4,0,0.666666666666667,1
"d39a5a70-de11-4ea3-a4c1-f2139cca265a",1,3,0,1.89636167648567,3,7.25373161016278e-06,0.000265513544400617,3,0,0.157407407407407,1
"b0337af1-8d93-4671-b6c9-ba306bf942bf",0.464285714285714,13,15,6.21968526030261,8,0.000167987411935594,0.00054660923876112,5,0.0017660027310107,0.17791959157626,0
"2361ec07-1b1e-4f3b-8fbd-ec0a6de214ae",1,1,0,0.786938680574733,2,0.000299786860644867,0.000192852591363541,2,0,0.16779008184882,1
"91f3e61e-dec2-4b73-b195-a42251fd72b5",1,3,0,1.89636167648567,3,0,0.000218908726077478,3,0,0.533333333333333,1
"0306f284-3be8-4ccc-a6e1-f4f2021f796f",1,1,0,0.786938680574733,2,5.52084954812948e-17,0.000387611922942527,2,0,1,1
"804e04dc-8812-4313-9159-bec358d2b8ed",1,10,0,4.32332358381694,5,5.48773838979146e-07,0.000325275565191382,5,0,0.134933694705256,1
"8b477559-946e-4ef2-9fe1-446cff8fdd79",0,0,0,0,1,2.99253801188252e-05,0.00014107258591388,1,0,0.167246550689862,0
"29181727-a888-431e-a6c5-bd7f4969a318",1,6,0,3.10747935940628,4,5.93419455631123e-05,0.000290558108404012,4,0,0.163711098062243,1
"d46f4afe-20e7-49b8-aa8f-8609fc4b4716",0,0,0,0,1,3.89975657729996e-17,0.000387611922942591,1,0,1,1
"88527d26-7496-47c5-8358-ebdb1868a90f",0,0,0,0,1,4.05691181184899e-17,0.000387611922942591,1,0,1,1
"06665d74-6477-4edc-9610-106af7f3a975",1,6,0,3.10747935940628,4,1.94864394673914e-17,0.000387611922942731,4,0,1,1
"8e893bac-144c-4a04-a9d7-9068759a7eed",0,0,0,0,1,3.72056212180916e-17,0.000387611922942591,1,0,1,1
"ea4dfa26-f633-4da6-a52a-f49ea4897b58",1,1,0,0.786938680574733,2,5.15838538267682e-07,0.000208171494936486,2,0,0.135920436817473,1
"fee6a7fb-80d9-4290-a171-e48f1f20e381",1,1,0,0.786938680574733,2,1.6181108639403e-05,0.000190184638621042,2,0,0.167749699157641,0
"5f95440d-7737-4a36-9bcf-c05337f7129b",1,6,0,3.10747935940628,4,2.71300425240575e-17,0.000387611922942609,4,0,1,1
"afff4ecf-0c96-469f-9e82-0c8ecb4a812f",1,28,0,7.75842093262145,8,0.0171385729568499,0.000305507943561683,8,0,0.225895316804408,0.5
"d0074395-1278-4864-8a17-ee49bdae7e71",1,1,0,0.786938680574733,2,0.000812248855599592,0.000146206555179768,2,0,0.18984066457851,1
"5fee3020-513b-48c2-b1f7-4681b01db0c6",0,0,0,0,0,5.25564033535461e-19,5.81417884416849e-05,0,0,0,0
"31ce0981-df2b-4c9a-b2e1-bcf47333245b",1,1,0,0.786938680574733,2,5.50095208299033e-17,0.000387611922942038,2,0,1,1
"e8993e9d-9313-4447-ad23-791459a3790d",1,3,0,1.89636167648567,3,0.000638703328768073,0.000181742779391005,3,0,0.178832584990378,1
"00ef990b-098d-4bf6-897b-708e35638854",0.833333333333333,5,1,2.81798079736026,4,4.38726617389737e-18,0.000404927537088912,3,1.01713620216599e-06,0.555555555555556,0.5
"643ff039-e473-4178-b523-a76a67b7cdd7",0,0,0,0,1,3.94443449781912e-17,0.000387611922942591,1,0,1,1
"970e9fc8-9b6a-4d92-9f57-231a4517ddac",1,15,0,5.50749000825661,6,0.00078876499231276,0.000323386977282054,6,0,0.194937770941127,0.833333333333333
"0fabbc1d-8d94-4a61-bd1d-1099ad1e4559",0,0,0,0,1,3.80455003176414e-06,0.000133534308923163,1,0,0.14950664950665,0
"a0182eb3-7427-42b3-b1aa-dd73e3478690",1,15,0,5.50749000825661,6,0.00167769563608648,0.000255846797484911,6,0,0.19007362967003,1
"d594304b-5903-46e2-ac82-7f6126cb55e8",0.333333333333333,22,44,9.14325881654134,12,0.00118755842649475,0.000795114616148098,4,0.0015534956948235,0.18363851929917,0.166666666666667
"47c8f88b-987a-4b64-9175-2b1b57809727",0,0,0,0,0,5.25564033535461e-19,5.81417884416849e-05,0,0,0,0
"43972689-3a59-4c7d-a093-6432e686645c",1,28,0,7.75842093262145,8,2.19201116020498e-05,0.000446681336132418,8,0,0.142375651108161,1
"3e3f1a27-9390-4c53-819d-5a4501165f38",1,36,0,8.83515925000139,9,0,0.000387611922942515,9,0,1,1
"5df62a88-cac9-490a-b62c-c7c88f4020f4",1,3,0,1.89636167648567,3,4.22595175665822e-17,0.000387611922942497,3,0,1,1
"a03cff29-6e2d-4745-b9d7-4272ec927a00",1,10,0,4.32332358381694,5,0.00709774045219928,0.000223261801181826,5,0,0.213541666666667,0.8
"c0499bfa-294c-43c2-ace0-dd30a70ec8dc",1,15,0,5.50749000825661,6,0,0.000319105660960004,6,0,0.65,1
"ee58c59f-8e7f-4430-b8ca-236c4d3745ae",1,1,0,0.786938680574733,2,4.8879722987719e-17,0.000387611922942295,2,0,1,1
"9a6f7310-87f0-4fe0-baf1-a58f719b1f3b",1,15,0,5.50749000825661,6,0,0.000387611922942364,6,0,1,1
"fbcd7b29-455f-49e6-9c4f-8249d20a055e",0,0,0,0,0,5.25564033535461e-19,5.81417884416849e-05,0,0,0,0
"2baf3276-ed6a-4349-8d2e-f4601e7b2167",0.638095238095238,67,38,14.708290390893,15,0.0511154311994357,0.000509235814046549,10,0.00052171169965952,0.245985530262926,0
"29edaca5-7e7d-4391-b137-ff1c94a4d262",0.766233766233766,177,54,21.9799569724632,22,0.0398041955538493,0.000593374953864252,16,0.000494710924111651,0.233110367892977,0.681818181818182
"71b03238-e53d-4e1e-9b3a-6ce1dcdf2894",1,15,0,5.50749000825661,6,0,0.000387611922942261,6,0,1,1
"1239d1bc-cc09-43e0-bcd0-374f60346138",1,1,0,0.786938680574733,2,2.95200191879798e-09,0.00022408420755548,2,0,0.112920210611584,1
"e96287e1-c455-45df-8875-355432882659",1,3,0,1.89636167648567,3,1.58069361859295e-05,0.000319675951700387,3,0,0.142871784359947,1
"82ad1c73-2704-45a2-b437-679c3e74f8d9",0.666666666666667,10,5,4.65381080011246,6,0.000731964007689445,0.000335311321865646,4,4.23806750902496e-07,0.178901437371663,0.5
"34cf95c7-4be9-4efd-a48a-c2ea4a0bb114",0,0,0,0,0,5.25564033535461e-19,5.81417884416849e-05,0,0,0,0
"e21857d5-3256-4547-afb3-4b6ded592596",1,6,0,3.10747935940628,4,0.000294075089637826,0.000219960304517581,4,0,0.167046135410425,1
"b95ce3ff-3d05-4e87-9e01-c97b66af13d4",0.4,6,9,3.79272335297135,6,0.102908243648481,0.000375028298420423,3,0.00106112734290967,0.190463178029785,0.5
"8f6bd1e4-fbe1-4f50-aa9b-94c450ec0f11",0.619047619047619,13,8,5.25994427750665,7,0,0.000429916193860928,5,1.09342141732844e-05,0.523076923076923,0.571428571428571
"11ae9fbb-f3d7-4a47-936f-4c0a04d3b3b5",0,0,0,0,1,4.01060204493229e-17,0.000387611922942887,1,0,1,1
"2a57b4aa-b16a-4723-aa0b-bdb0371930b1",1,1,0,0.786938680574733,2,5.13313289014736e-17,0.000387611922942295,2,0,1,1
"fa4f4b89-3ddc-4e97-88fa-0e30121f986a",1,28,0,7.75842093262145,8,2.19201116020554e-05,0.000446681336132349,8,0,0.142375651108161,1
"c234fa42-e6a6-443e-937e-2f4b073538a3",1,6,0,3.10747935940628,4,4.22859319290774e-05,0.000365019866335122,4,0,0.16415449835139,0
"89b13f49-4fea-4110-999e-21a148f7c89f",1,190,0,19.9985029634022,20,0.903585867658378,0.000507526612084176,20,0,0.210161314638927,0.85
"d339efbb-77b9-4147-ba9e-59f2f24550b2",0,0,0,0,1,0.00021314065372479,0.000123174755318801,1,0,0.16401929638781,1
"5f857e5c-5620-4110-a9fb-ca797148287f",1,15,0,5.50749000825661,6,0.00118457432489298,0.000330235690191823,6,0,0.187063875469673,1
"879d43c6-13a8-42f6-b8df-a9b7d50aa9e2",0,0,0,0,0,5.25564033535461e-19,5.81417884416849e-05,0,0,0,0
"2038fbfb-105b-4d84-869f-7baa8c7001ab",1,6,0,3.10747935940628,4,1.79087831516896e-17,0.000387611922942609,4,0,1,1
"40b7e836-a995-447c-9fa6-ddaff888ba6c",1,3,0,1.89636167648567,3,4.1136949656579e-17,0.000387611922942656,3,0,1,0.666666666666667
"5863c64e-7867-4dcf-a0ac-1181ebdab988",1,1,0,0.786938680574733,2,3.78941910111171e-05,0.00023012122008096,2,0,0.164115846479868,0.5
"56756959-1e78-429c-b897-e1d056cb0225",0.33201581027668,84,169,20.4606018696903,23,0.00136293536925313,0.000893332913699894,12,0.00572576670124001,0.205544087289885,0.0869565217391304
"4e4ebde4-0c56-4dec-844b-6c73adcdd92d",0.227272727272727,15,51,7.62024499799421,12,0.00306427261468591,0.000861365993362788,4,0.00319702622931905,0.185396994281154,0.916666666666667
"d15721d8-56b4-453d-b506-fc915b14cba2",0.6,6,4,3.10747935940628,5,6.17374325488012e-07,0.000440156579008123,4,0.000354217682404307,0.135973468591494,0.8
"65314b12-0e08-43fa-ba33-baaa7b874c15",0,0,10,0,5,1.36108319347067e-05,0.000696386582788991,2,0.00110739618123744,0.161829579753889,0.8
"f4e8368d-3570-45eb-bdf1-23987955b3e6",1,6,0,3.10747935940628,4,0.000520665461008494,0.000240162406637013,4,0,0.19291447550512,0.25
"412faa8b-0bf2-490a-aaea-45185504f2b2",0,0,0,0,1,3.91338687078033e-17,0.000387611922942887,1,0,1,1
"bfd5aec5-62a2-4560-a316-7c46c17babda",0.285714285714286,8,20,4.68135672055575,8,1.77877813503935e-05,0.000504194674425506,6,0.00422359002986632,0.17578814627995,0
"d60c30e4-f52c-46c1-bacd-0c0d58a35d30",1,1,0,0.786938680574733,2,4.98465176924737e-17,0.000387611922942295,2,0,1,0.5
"95e1ead9-4d31-4808-a7ac-32c3614c116b",1,6,0,3.10747935940628,4,3.97458662304264e-05,0.000302389544371202,4,0,0.149298489878976,0.5
"9a0fe101-f7a4-47fc-a3a2-1606588cec6c",1,6,0,3.10747935940628,4,1.10158199991414e-17,0.000353645929695285,4,0,0.666666666666667,1
"3a750bab-16d5-4305-a8ab-9305d81afdf9",1,3,0,1.89636167648567,3,3.92000807368151e-17,0.000387611922942939,3,0,1,1
"320d51be-7d70-4de6-b4d4-ce05204b31c4",0.833333333333333,30,6,8.61320624209367,9,0,0.000425975786537742,7,3.05140860649797e-07,0.645161290322581,1
"679ec43c-bc04-4bb0-b619-2da702a214ba",0,0,0,0,1,3.8172223711347e-17,0.000387611922942887,1,0,1,1
"68eb8831-4d0b-4a2b-9209-3ccade5117f0",1,28,0,7.75842093262145,8,0.0010030037466697,0.000349918460211753,8,0,0.195457094784072,1
"16e7f7ea-caf8-4e89-adb5-aaac50099edb",1,6,0,3.10747935940628,4,1.68451127943789e-17,0.00038761192294248,4,0,1,1
"c44e9c22-ef82-4a77-9bcd-af6c958446d6",0.5,3,3,1.89636167648567,4,3.29624977755529e-10,0.00048122243884927,3,0.000354217682404307,0.10358921007654,0
"4d61abe3-ce6d-4383-b2cd-8b4491496549",0.9,9,1,4.1477338299933,5,2.18696448187294e-17,0.000436702859025727,4,1.27142025270749e-07,0.857142857142857,1
"091f2624-6e4e-4961-baf2-9526493525b0",1,15,0,5.50749000825661,6,0,0.000321831564824191,6,0,0.464285714285714,1
"8fbcd70f-bf1e-4624-b94a-fcff6b0c637e",0.490909090909091,27,28,9.75896988083123,11,0.00713282843807278,0.000454168565274737,7,0.00208969632797448,0.234206989247312,0.727272727272727
"091edff2-a5ff-4aff-92b0-8569345098d3",1,28,0,7.75842093262145,8,0.00940358171524053,0.00031866078490617,8,0,0.223756019261637,0.875
"e565610b-9a8f-451d-b594-ea658d76f725",0,0,0,0,0,5.25564033535461e-19,5.81417884416849e-05,0,0,0,0
"11fb18de-7404-44e1-82c4-ba0045a7502e",1,6,0,3.10747935940628,4,2.0249745765957e-17,0.000387611922942844,4,0,1,1
"d71aa474-76e1-4c5c-8d5b-778e4bee708d",1,1,0,0.786938680574733,2,7.73397991700815e-07,0.000257913663227845,2,0,0.134115836059265,0.5
"7936fffc-8acf-4ee7-91d1-eaa3df92e381",1,21,0,6.65149052142495,7,0.000739069919634941,0.000336774424617599,7,0,0.19122085048011,0.857142857142857
"42b1afed-e6db-4ca7-b3e6-c86873603dd3",1,15,0,5.50749000825661,6,0.00907146150887748,0.000315979837734013,6,0,0.194883265762617,1
"d1515727-4a93-4c0d-88cb-d7a9fce01879",1,3,0,1.89636167648567,3,0.00136216853471226,0.000227030082775637,3,0,0.206121543693627,0.666666666666667
"a9c38fd2-04be-4bc6-a3bc-96508b226508",0,0,0,0,0,5.25564033535461e-19,5.81417884416849e-05,0,0,0,0
"859bf1bb-0470-4869-aa97-a2f1c0fee62c",1,6,0,3.10747935940628,4,2.005480783401e-17,0.000387611922942731,4,0,1,1
"24e1b53c-3085-4581-8472-0b0088d2508c",0,0,1,0,2,6.18413649105028e-17,0.000503215478908236,1,5.08568101082996e-07,0.75,1
"741a2892-1c5d-402f-a769-2096356c77d7",0,0,0,0,0,5.25564033535461e-19,5.81417884416849e-05,0,0,0,0
"48646387-1664-4c9a-9139-9bfd091b823c",0,0,0,0,0,5.25564033535461e-19,5.81417884416849e-05,0,0,0,0
"6c7fc9af-07ee-41af-9ef7-2eb9665f2cbb",1,3,0,1.89636167648567,3,1.99340055397206e-17,0.000350306899188703,3,0,0.341463414634146,1
"05de4cde-ba6e-4be8-a8fb-0aa4f6c56df8",0,0,0,0,1,0.000147683471228902,0.00010614930544768,1,0,0.176679340937896,1
"e4356a15-5acc-400d-a707-592d66922e28",1,1,0,0.786938680574733,2,4.73045282408469e-17,0.000387611922942295,2,0,1,1
"293da60a-845a-4b2f-a288-72242d632168",0,0,0,0,0,5.25564033535461e-19,5.81417884416849e-05,0,0,0,0
"73e7c483-9f3e-4a72-a359-582452fbaeac",0.714285714285714,15,6,6.04815969325757,7,0,0.000475432257159432,4,1.37737194043311e-06,0.733333333333333,1
"6ab10aaf-8812-41eb-b59f-f07b42468f22",0,0,0,0,0,5.25564033535461e-19,5.81417884416849e-05,0,0,0,0
"41a2b0bf-0469-43da-93a3-8774da760cb8",0.666666666666667,4,2,2.43458029779605,4,0.000428172410878213,0.000277696146191989,3,2.54284050541498e-07,0.184733633713226,1
"88b1b2c9-1cda-4dda-ae4b-2e8a4d00356a",1,190,0,19.9985029634022,20,0.903585867658377,0.000507526612084103,20,0,0.210161314638927,0.85
"4c7a5854-6b75-4623-a684-6a3d785d9015",0,0,0,0,1,3.35043205720172e-18,0.00017512670542131,1,0,0.571428571428571,0
"3efc71ea-3594-4510-b2d5-34c14c8687d4",0.581818181818182,32,23,9.43959082698917,11,0,0.000630467006928159,8,3.30569265703947e-06,0.761904761904762,1
"56a55378-f155-48de-80a5-d80104221267",1,1,0,0.786938680574733,2,1.61811086394117e-05,0.000190184638621042,2,0,0.167749699157641,0
"79c795f4-7dee-42df-ad01-b68b5980d9ee",0.533333333333333,8,7,4.03546320150554,6,8.92718855678334e-05,0.000341851099402103,5,0.000211478114652264,0.171484807479395,0.5
"6cf7f2ce-c646-45aa-8179-9149e9866097",1,21,0,6.65149052142495,7,0,0.000399052454029055,7,0,0.818181818181818,1
"752bebd2-b44c-41bb-8a21-bdf3cd1b5518",0,0,0,0,0,5.25564033535461e-19,5.81417884416849e-05,0,0,0,0
"c12f644b-1066-4ead-b0dd-d0c380f5cca2",1,6,0,3.10747935940628,4,2.20343084613988e-17,0.00038761192294248,4,0,1,1
"0039c7ae-e1a7-4a7d-9b49-0cbc716821a6",0,0,0,0,0,5.25564033535461e-19,5.81417884416849e-05,0,0,0,0
"1065cacf-9d07-44b0-9f9c-80dd04a86b49",1,66,0,11.9509587427384,12,0.000147232549962916,0.000412783089901656,12,0,0.170749632533072,0.916666666666667
"3c9b356d-d1db-4f4e-a7a3-2d00c1d70255",1,6,0,3.10747935940628,4,0.00184780142201231,0.000252042330097494,4,0,0.187063875469673,0.5
"afac07f5-d4aa-43f4-bad3-6bc2bb474cba",0,0,3,0,3,9.884939579251e-17,0.000743795852133278,1,7.62852151624494e-07,1,0.333333333333333
"f072fd2b-1ffa-4e54-a4c4-678741234ee2",1,78,0,12.9677762217033,13,0.0209056614043479,0.000365133851884052,13,0,0.190854326396495,0.384615384615385
"319e9d91-fd89-40d7-9aef-a28da1b7d75e",0,0,0,0,1,3.80457439063091e-17,0.000387611922942887,1,0,1,1
"18f56081-ccd7-4e07-981a-558c20951ccd",1,3,0,1.89636167648567,3,0.000491965278373238,0.000207893286016745,3,0,0.187214611872146,1
"5f04b5df-2247-4d09-b780-b68705cf0d35",1,1,0,0.786938680574733,2,4.57575795791365e-17,0.000387611922942038,2,0,1,1
"fa4461c1-518c-4046-bb71-7b8fcab47c10",1,6,0,3.10747935940628,4,1.66884894718899e-17,0.000359533009487617,4,0,0.833333333333333,1
"b0465ba1-c8cb-4b10-ab14-3f48f27887c3",1,1,0,0.786938680574733,2,4.56409144405442e-17,0.000387611922942038,2,0,1,1
"f7eb3be3-1065-4a53-94d4-e2d0c15c0b33",0.488888888888889,22,23,8.59157958101013,10,0.00267778717500257,0.000494341812545485,5,0.000617153831079743,0.185150750431664,1
"abd506e1-6f2b-4d6f-b937-92c267f6f88b",0,0,0,0,0,5.25564033535461e-19,5.81417884416849e-05,0,0,0,0
"bfc872ee-8285-4496-bb02-95159f08a7ef",0,0,0,0,1,0,0.00018684835491895,1,0,0.538461538461538,1
"60bec7fc-22ad-4597-a928-781c576ebccd",0.719298245614035,123,48,17.8875123265633,19,0.0358177154274039,0.000556849026197574,16,0.00189157463568579,0.247075505140021,0.789473684210526
"274e5aeb-6f07-4429-b74e-02d4e3b83344",0,0,0,0,1,3.97110575966615e-17,0.000387611922942591,1,0,1,1
"ca49c09b-9ac8-400c-8f3b-edde6a026342",1,3,0,1.89636167648567,3,3.77098706806846e-17,0.000387611922942656,3,0,1,1
"bf314a8f-5dc6-4dc5-8819-d25b4cc38164",1,6,0,3.10747935940628,4,0.000769177015840381,0.000275370291940149,4,0,0.20031613737606,0.75
"da3f4766-628e-4da3-a871-014728993157",1,3,0,1.89636167648567,3,3.79074073328459e-17,0.000387611922942804,3,0,1,1
"773c48db-eb0c-491f-9a36-633d72dcee8d",1,3,0,1.89636167648567,3,2.97097640700879e-17,0.00040413855097221,3,0,0.8,0.666666666666667
"6f2c949d-9540-4421-bf02-27ae27e00e33",1,1,0,0.786938680574733,2,4.90495277282667e-17,0.000387611922942527,2,0,1,1
"070d193a-845c-479f-980e-bef15710653e",0,0,0,0,1,0.000272687510402634,0.00010283852881978,1,0,0.187214611872146,1
"f2eef649-a6d5-4114-afba-e50ab26254d2",0,0,0,0,1,2.02708822131078e-06,0.000148779181933095,1,0,0.141537211899685,0
"e5712ceb-c37a-4c49-a11c-ccf4e21852d4",1,1,0,0.786938680574733,2,7.42866056569365e-19,0.000236049987497172,2,0,0.289156626506024,1
"965f5705-6eb1-49a1-b312-cd3d65bcc7c9",0.342780026990553,254,487,37.4017738034971,39,1,0.0012202247332806,20,0.00933241811409924,0.234561669190644,0.205128205128205
"a2fdc044-010f-4317-97d2-a1c67e978543",0.466666666666667,49,56,13.9569726007214,15,0.0166784870321863,0.000648090821962049,9,0.00718726372457926,0.219113486325055,0.8
"ee0b11de-0c8a-4267-9886-198f4579e1db",0.4,6,9,3.79272335297135,6,1.97249913180432e-17,0.000563636491617209,3,6.35710126353745e-06,0.666666666666667,0.5
"6b128dd7-e998-4edb-a4f5-400fef190445",0,0,0,0,0,5.25564033535461e-19,5.81417884416849e-05,0,0,0,0
"80e7cb60-3ed8-46dd-8eec-9052606306f2",0,0,0,0,1,4.12669153206705e-17,0.000387611922942887,1,0,1,1
"e0140a67-e4d1-4f13-8a01-364355bee46e",0.243333333333333,73,227,22.9897772604577,25,0.013185887150513,0.00102785902142452,7,0.0108421003444195,0.247470264512693,0.04
"bf66e128-8353-404f-80d4-43916ea454d2",1,28,0,7.75842093262145,8,8.57717206490396e-05,0.000378346838209307,8,0,0.16807330600434,0.875
"7e61db63-b2e4-496a-a3a3-d4383c63b698",1,1,0,0.786938680574733,2,4.98781288958973e-17,0.000387611922942038,2,0,1,1
"0a96553f-8003-45dc-adf9-d38ed61bf941",1,28,0,7.75842093262145,8,0.00986081676683819,0.00032243353688032,8,0,0.224296057924377,0.5
"e505aa63-cc70-4b35-b77e-476035e4e620",1,1,0,0.786938680574733,2,4.53613088799744e-17,0.000387611922942295,2,0,1,1
"ba9bae1c-ee4d-496e-abfe-b538a44fda2a",1,6,0,3.10747935940628,4,0.0100980924781174,0.000184625801335662,4,0,0.213117260357743,0.75
"56ed6291-5643-41ab-8023-ab6df6b976c0",1,21,0,6.65149052142495,7,0.0157676356450997,0.000265705684826446,7,0,0.232954545454545,0.285714285714286
"a0b8cb9e-7532-45fe-a74c-30e7c4009a39",0.5,5,5,2.91584451499524,5,0.00242795498095125,0.0003349111309813,3,0.000336940682194207,0.195374912403644,0.8
"c7772f09-52d8-408c-b178-7cd18741dded",1,21,0,6.65149052142495,7,0.000471987972828047,0.000329428241914587,7,0,0.188812135988081,1
"79a09151-f6cc-48f9-9907-3fdd0b68373f",0,0,0,0,1,3.99340215019487e-17,0.000387611922942887,1,0,1,1
"79c9b9a6-4b78-4738-8b81-95b066321ea9",0.279411764705882,38,98,13.5024744607043,17,0.00579241133595649,0.000714597386374148,7,0.00434262047069444,0.230413223140496,0.882352941176471
"94a24504-3548-4bde-a89b-273d277d194e",1,3,0,1.89636167648567,3,1.65252079206569e-06,0.000348701254865173,3,0,0.143415637860082,1
"a56bd8f9-8ef8-4d63-89a4-794ed1360dd2",0.4,4,6,2.68330035706041,5,0.00145322000864855,0.000395636333724348,3,0.0017660027310107,0.181250812638148,0.6
"122a2714-24f8-4046-a532-64064b5076d2",0.5,5,5,2.91584451499524,5,8.04268046600037e-05,0.000473052043814186,3,0.000353836256328494,0.153558052434457,0.6
"f9300575-b356-4e5a-88b3-f76bf6f34115",1,1,0,0.786938680574733,2,5.05953942206598e-17,0.000387611922942295,2,0,1,1
"029a5244-eb0b-4e9e-aa51-d676b985606e",1,6,0,3.10747935940628,4,0.0158552316393157,0.000184197190088386,4,0,0.236953935067143,0.75
"438cfe24-e99c-4b74-94ff-7289ede0bb46",1,15,0,5.50749000825661,6,0,0.000387611922942364,6,0,1,1
"5a8e07d5-d932-4484-a7f7-e700793a9c94",1,1,0,0.786938680574733,2,8.11987936851733e-05,0.000140678609030225,2,0,0.173620625233528,1
"3b6def32-b3ee-47e0-9eb9-c9e1a2e22efd",0,0,0,0,1,3.97451399649158e-17,0.000387611922942591,1,0,1,1
"705f04e2-fc5b-41ab-b837-1d850d44084a",0.20952380952381,44,166,17.8732140998007,21,0,0.0011462243067982,6,0.000131507234805045,0.520833333333333,1
"3b4dcae0-6d33-489f-8923-daea4f512cac",1,3,0,1.89636167648567,3,0.0040734844300317,0.00015004919746148,3,0,0.214692746034191,0.666666666666667
"410e7fd3-b865-4fa0-bb18-1b7fd53382ca",0.6,9,6,4.51276563858793,6,0.0662293591488796,0.000314013587883081,4,3.7356840555038e-05,0.221480775341595,0.333333333333333
"563abe5e-06b1-430d-99d4-7abf981c6e5a",1,3,0,1.89636167648567,3,4.28042519110566e-17,0.000387611922942804,3,0,1,1
"9dcb52fc-b6f8-4980-ad45-22b066583b8b",1,3,0,1.89636167648567,3,3.97069886685853e-17,0.000387611922942804,3,0,1,1
"bd20fa3d-277c-483f-bd0e-5f8d8ae011c6",1,1,0,0.786938680574733,2,1.45633825566221e-17,0.000329810144960149,2,0,0.666666666666667,1
"346448f5-25a0-4f78-bbd6-acc0205f7513",0.266666666666667,4,11,2.7442165412884,6,9.08863256149551e-17,0.00075177059932469,2,5.4671070866422e-06,0.692307692307692,0.5
"c0367e31-dc3a-4f5e-9d24-0e3af39a8704",0.295384615384615,96,229,24.5400136136375,26,0.0277458214723919,0.00104830236864607,9,0.0143263797555143,0.267203373586352,0.269230769230769
"e3d5b5ec-101a-4529-9f2d-01dca64cf44e",1,1,0,0.786938680574733,2,0.000368162669591773,0.000185074394109522,2,0,0.185470995210218,1
"2610ba0c-fe94-4e04-8e15-4b29966afffc",1,36,0,8.83515925000139,9,0,0.000387611922942449,9,0,1,1
"3ff0f713-0232-4997-a6e3-a42ae30eca9c",1,15,0,5.50749000825661,6,0.0046451979512821,0.000350087311002464,6,0,0.188837713356814,0.833333333333333
"e44aa1c2-c4ea-4dae-a9c5-36fd9fd22d09",1,1,0,0.786938680574733,2,3.00372047987818e-05,0.000223102763856626,2,0,0.14790450928382,1
"a98cd83c-4f9d-4c16-a3f2-3759df41df82",0.666666666666667,2,1,1.41905923940329,3,5.19819911671145e-17,0.000457711951559725,2,1.27142025270749e-07,1,1
"bce6d667-cde8-485e-b078-c0a05adea36d",0.231578947368421,44,146,16.602816908984,20,0.0660359051066569,0.000991437688782109,6,0.00258958105396891,0.215689308370726,0.3
"f4b6e451-5dce-4842-a555-f793892299b3",0,0,1,0,2,4.31947953979384e-05,0.000284309122295733,1,0.000354217682404307,0.164697542533081,0.5
"913b4704-05bf-4e53-b30a-f3bd244ea2ea",0,0,0,0,1,4.05291586076142e-17,0.000387611922942591,1,0,1,1
"37ed89f2-c1e4-4836-8f68-190014a48034",0.5,3,3,1.89636167648567,4,0,0.000404514972694648,3,2.03427240433198e-05,0.380952380952381,0
"7d1a1624-784b-4f89-8ff9-b9b493cd059d",0.666666666666667,10,5,4.32332358381694,6,3.48055917900626e-17,0.000488086810325922,5,1.14427822743674e-05,0.466666666666667,0.833333333333333
"7d3372ea-68ea-461e-84e4-d0f5259809ed",0.785714285714286,22,6,7.39248228738812,8,0,0.00044124268066074,6,8.89994176895243e-07,0.75,1
"b3c94036-6166-41d2-91a2-dc3a0b5fa188",0.9,9,1,4.1477338299933,5,2.31412218947254e-17,0.000412199246412911,4,6.35710126353745e-08,1,1
"1db78dcc-efdc-4b32-aab1-37b9c2210d02",0,0,0,0,0,5.25564033535461e-19,5.81417884416849e-05,0,0,0,0
"9c14317c-87b9-4f7c-a5a5-80add17a1709",0,0,0,0,1,3.85523637065548e-17,0.000387611922942887,1,0,1,1
"9e474d7c-664d-4a9d-9693-5a196313900c",0,0,0,0,1,3.95910611600052e-17,0.000387611922942591,1,0,1,1
"08b652f4-a221-4f54-8ea8-b375b5bc54d2",1,15,0,5.50749000825661,6,0,0.000321831564824123,6,0,0.464285714285714,1
"831dcf03-b745-436b-922f-6a2baaf45e57",1,3,0,1.89636167648567,3,3.93613142620065e-17,0.000387611922942656,3,0,1,1
"ca9766a0-1c30-43e6-a213-bac1334efc4a",0,0,0,0,1,3.90306807573748e-17,0.000387611922942591,1,0,1,1
"c0eee88b-47f2-4cd2-ac48-a045e902a432",0.288888888888889,13,32,7.00189739938729,10,1.75829934437861e-05,0.000638086995918425,6,0.00503240083352561,0.169751583049196,0
"1febab34-36bb-499c-a370-10080d3079f2",0,0,0,0,1,3.69036925864038e-17,0.000387611922942887,1,0,1,1
"0ba9202b-0855-4935-9425-e2d9feab77ef",1,10,0,4.32332358381694,5,5.48773838972978e-07,0.000325275565191304,5,0,0.134933694705256,1
"0bc6d6e7-0858-4b73-a079-7aa681095f98",1,1,0,0.786938680574733,2,4.95233877263423e-17,0.000387611922942038,2,0,1,1
"1fb50d12-8463-4fa4-bcc0-f8038e36aaa1",0,0,0,0,1,4.05718080478718e-17,0.000387611922942591,1,0,1,1
"1cfe52d7-181a-4b3a-8041-d8bf9ccef57b",1,1,0,0.786938680574733,2,0.0123661636240054,0.000130144745670277,2,0,0.213705350298942,0
"70debfb9-fa72-424b-b1ea-1c0b4baf00f4",0,0,0,0,1,0.000288379822617347,0.000128475020141877,1,0,0.161379949062283,1
"ce7f558d-e4c3-43c6-9be6-cbb330a97d83",1,36,0,8.83515925000139,9,0.0084103232217258,0.00038962323386931,9,0,0.215356094546578,0.777777777777778
"9d17d14a-e81c-410e-a90b-b02b0a9de6f8",0,0,0,0,0,5.25564033535461e-19,5.81417884416849e-05,0,0,0,0
"0ee34279-2624-41a5-8c14-a85da7eba79a",0.9,9,1,4.1477338299933,5,2.05591533362228e-06,0.000394313637807592,4,8.51017236594669e-05,0.146675084175084,0.6
"31b22ba7-1544-4c64-9117-fe514ecf23ff",0.5,3,3,2.05117979823185,4,8.9819301663508e-07,0.00044583694974241,2,0.000177108841202153,0.143919058434854,0.75
"5fab583d-7b67-4b1b-a108-8397c983032e",1,6,0,3.10747935940628,4,1.49477604658744e-17,0.000353645929695181,4,0,0.666666666666667,1
"9eba77a2-7297-4917-b6fd-b0dec8b57437",1,3,0,1.89636167648567,3,0.000116110000266302,0.000292614203514754,3,0,0.155372269282211,0.666666666666667
"6c61b24f-aa32-458d-83fe-b8619dd7def7",1,28,0,7.75842093262145,8,0.13786832877442,0.000304622940626864,8,0,0.190437158469945,0.875
"fe697682-1f05-48c8-98da-79a4abdf0e8b",1,21,0,6.65149052142495,7,0.00121274694826053,0.00037761018651276,7,0,0.192037470725995,1
"d77458b0-f916-4c6a-b9ed-cacbd1f6c178",1,36,0,8.83515925000139,9,0,0.00038761192294238,9,0,1,1
"22135057-efdf-4afd-98e7-2935669d9721",1,1,0,0.786938680574733,2,4.58022827186465e-17,0.000387611922942038,2,0,1,1
"772b1730-b908-4d84-a63e-5c54e5551909",1,3,0,1.89636167648567,3,0.000593419071710608,0.000255039820321926,3,0,0.176881106458571,0.666666666666667
"d62614aa-ef2c-44cd-8a7b-91292755a1d0",1,1,0,0.786938680574733,2,4.7976789695282e-17,0.000387611922942295,2,0,1,1
"70e5098b-c4ae-4cd7-9799-3c1b9b57c753",0,0,0,0,0,5.25564033535461e-19,5.81417884416849e-05,0,0,0,0
"6f1a58bf-9b1b-49cf-a44a-6cefad7ae04f",0.333333333333333,2,4,1.57387736114947,4,1.62644970668894e-05,0.000402603327752571,2,0.00070792679670753,0.167830483987479,0.5
"e4c2bb42-55d9-46ec-9a2b-d79af8a6a0ff",0,0,0,0,1,5.60227711667242e-18,0.000254042949496158,1,0,0.571428571428571,0
"3bd76ebe-c7dc-47bd-a8af-9e46d2a4f782",0,0,0,0,0,5.25564033535461e-19,5.81417884416849e-05,0,0,0,0
"7fe96b15-5608-430e-ad25-77a01353c5d9",0.333333333333333,1,2,0.786938680574733,3,4.75863990806388e-17,0.000403365626599329,2,4.57711290974696e-06,0.5,0
"60c083b5-e3c9-4410-9f9a-0b5f4b4d5c2c",1,3,0,1.89636167648567,3,3.6755721500567e-17,0.000387611922942656,3,0,1,1
"020bfbb4-05c3-4c86-b372-17825c262094",0.6,6,4,3.10747935940628,5,4.34560176406093e-17,0.00047284658416606,4,1.27142025270749e-06,0.857142857142857,1
"986ee464-cf8a-4e59-a71f-74756102067f",1,10,0,4.32332358381694,5,0.0145946534148751,0.000236031215922109,5,0,0.216023554935689,1
"66dd0da0-66f7-4e7e-a3fc-f1a8b8590993",1,1,0,0.786938680574733,2,5.04183863009012e-17,0.000387611922942038,2,0,1,1
"29b9edaa-058f-489a-b54a-73cc3627661c",1,1,0,0.786938680574733,2,4.63737780797485e-17,0.000387611922942038,2,0,1,1
"5a8eae6c-def4-4572-9269-8c84ccdb3fc7",1,15,0,5.50749000825661,6,0.00652415058216871,0.000275892510686877,6,0,0.225420439844761,0.833333333333333
"b35a801b-c385-46f8-a852-25f28c1614da",1,1,0,0.786938680574733,2,0.00016902346630255,0.000183743946629489,2,0,0.174228221472316,0.5
"9b6e2f6a-945d-422d-926e-ebb77b8dd109",0,0,0,0,1,4.20199098310902e-17,0.000387611922942887,1,0,1,1
"8870ec41-3a85-4461-86bf-e2012307b30e",0.461988304093567,79,92,18.1798356371109,19,0.0059419071901754,0.000694101480050094,11,0.00186663444537364,0.22141041931385,0.842105263157895
"c43d2302-02db-487b-b62d-8cb3c57f94c6",0,0,0,0,1,3.76963421913593e-17,0.000387611922942591,1,0,1,1
"78e98e0e-f873-4e5e-b4b7-88b7293fd713",1,6,0,3.10747935940628,4,7.52437250631483e-06,0.000254345304423475,4,0,0.155632466227532,1
"d50548a0-3cfd-4d7a-964b-0aef6545d819",0.766233766233766,177,54,21.9799569724632,22,0.0398041955538493,0.000593374953864114,16,0.000494710924111651,0.233110367892977,0.681818181818182
"e56ab1ae-1cfa-4d0e-b33b-af31bff677c7",0,0,0,0,0,5.25564033535461e-19,5.81417884416849e-05,0,0,0,0
"74037cd6-174d-4b62-9581-096da221c066",1,1,0,0.786938680574733,2,4.64581562762771e-17,0.000387611922942527,2,0,1,1
"b8798e20-85ec-4db5-a8fa-df1543296339",1,15,0,5.50749000825661,6,0,0.000387611922942555,6,0,1,1
"109958eb-a335-4c5e-907e-597ff4c6af46",0,0,0,0,0,5.25564033535461e-19,5.81417884416849e-05,0,0,0,0
"9b2f64a8-98ea-433b-bfe0-2675c02b08db",0,0,0,0,0,5.25564033535461e-19,5.81417884416849e-05,0,0,0,0
"13dec3df-6b0b-4ccc-bd5d-53f7e4dd990f",1,1,0,0.786938680574733,2,5.07470803252883e-17,0.000387611922942038,2,0,1,1
"be465d46-9615-4722-b828-ea531ff97ea3",1,21,0,6.65149052142495,7,0,0.00033995967294541,7,0,0.606060606060606,1
"156fdc33-d51c-4348-b966-cdbce304d2dd",1,3,0,1.89636167648567,3,0.00774855199221633,0.000182937393861435,3,0,0.199029126213592,0.333333333333333
"f23ef341-33bd-47c1-b83c-846a78581f05",0.225108225108225,52,179,19.4625011906504,22,0.0375002246720079,0.000802094858791058,9,0.0104946309746019,0.273655280722419,0.636363636363636
"e06442a5-1716-46cd-adc4-e1ef022704b6",1,3,0,1.89636167648567,3,4.29817420967692e-17,0.000387611922942656,3,0,1,1
"42f55e6a-7a8d-4e8f-bbc7-da411b41bd15",1,3,0,1.89636167648567,3,4.78098548082232e-05,0.000305035226979076,3,0,0.164697542533081,0.666666666666667
"d0c7656d-8169-4f77-9dbe-b8f24e40105d",0.4,4,6,2.68330035706041,5,0.000116680079263983,0.000502310303553648,3,0.00070792679670753,0.155406911928651,0.4
"37af6e7e-f13d-45e4-85f8-62ed4e9517ff",0.714285714285714,15,6,5.50749000825661,7,0.00214132247529178,0.000353492131952214,6,0.00482082211821825,0.219389361032421,0.857142857142857
"f2b7fc94-1e8d-4f4d-9a3f-620c1a5ac564",0.892857142857143,25,3,7.59451397797052,8,1.17655423187428e-07,0.000458497521870592,7,7.05892524303195e-05,0.128514796717987,0.5
"24a43e36-0435-4f04-ae9a-d5d73e52d278",1,10,0,4.32332358381694,5,0.00102980383962482,0.000288106553368739,5,0,0.184147952443857,0.6
"e8d26c70-db22-4c97-906d-3b2c995765d1",0.485714285714286,51,54,14.4651463725927,15,0.0151442157853923,0.000562109056352976,8,0.000564611966824209,0.230108946847144,0.733333333333333
"aa6b0b31-ddbd-41c6-8f55-43b89de3fc58",1,15,0,5.50749000825661,6,0.000788764992312751,0.000323386977281994,6,0,0.194937770941127,0.833333333333333
"fca20b9e-aa01-4e10-9908-4a8e8f790d2a",1,10,0,4.32332358381694,5,6.47175237035275e-05,0.000349234505922792,5,0,0.165636882129278,0.8
"246e0381-558e-4529-b124-b5a14c340eb4",0,0,0,0,1,0.00034998810186169,0.000106417776613036,1,0,0.185446321670879,1
"a3796974-68e8-49e1-be25-73ccab990280",0.380952380952381,88,143,20.6332115419859,22,0,0.000959725697636339,9,2.89968578967488e-05,0.68,0.227272727272727
"62b914a7-d775-4bb4-bb5e-d46e7df115b5",0.266666666666667,12,33,6.4130890951904,10,9.48036368558342e-05,0.000581781531087538,5,0.00339818516327953,0.172141269449247,0.6
"8ab5d936-49d1-415e-92c8-151e0e7dd912",0.209486166007905,53,200,19.3545108069571,23,0.0672584463280327,0.00115716098728646,8,0.0067163388546196,0.217235468287362,0.91304347826087
"1d673024-a339-4b97-9f41-52cdc47498c6",0.454545454545455,25,30,9.83081359207354,11,0,0.000638518723657975,6,7.65394992129909e-05,0.420168067226891,1
"d1ba4333-3112-44bc-8768-273d879d7d74",1,3,0,1.89636167648567,3,4.38266323712964e-17,0.000387611922942656,3,0,1,1
"b8155f6d-7852-4486-97d9-1b7fdda3fa08",0,0,0,0,1,1.40838903695784e-17,0.000219246475736483,1,0,0.6,1
"78ea5ea1-3c4d-4b7e-ac5d-68900319ebe2",0.428571428571429,9,12,5.00384103589195,7,1.82249727557553e-05,0.000475134695829287,6,0.000843986523436398,0.169318595894571,0
"48f06c6d-088f-40f8-b954-bbf9b884839b",1,6,0,3.10747935940628,4,0.000177566680626091,0.000328704035782949,4,0,0.1564709843978,1
"597f1204-98f0-4151-ab5f-b4e728f09e09",1,3,0,1.89636167648567,3,0.00368930038245791,0.000206172907075403,3,0,0.184660219896675,1
"6c447015-044a-4d5f-9521-410e17d46d42",1,3,0,1.89636167648567,3,3.69619632813743e-17,0.000387611922942656,3,0,1,1
"28a0e439-e447-49cb-9aa2-6c754bdf665f",1,15,0,5.50749000825661,6,0.00454719757775487,0.000319516687206807,6,0,0.18611481975968,0.666666666666667
"8c6df732-bb9f-4aa5-9557-0d8b6d3b350c",1,15,0,5.50749000825661,6,0,0.000319105660959939,6,0,0.65,1
"f9133036-ab3d-4e97-bd11-7a2c98ad148a",1,3,0,1.89636167648567,3,3.79242426076194e-17,0.000387611922942804,3,0,1,1
"7bd57a77-61ae-49e9-8f12-4ad5eb42ff84",0,0,0,0,1,1.00894492075667e-17,0.000219246475736564,1,0,0.6,1
"a9bfd9c0-a849-48d7-828b-b5c600b89ebb",1,3,0,1.89636167648567,3,0.00381685850554832,0.000188267689404837,3,0,0.2125,0.666666666666667
"07cc14fb-4784-4a25-804b-2686ed5ef52c",1,28,0,7.75842093262145,8,0.13786832877442,0.000304622940626788,8,0,0.190437158469945,0.875
"b08593b7-1514-4f94-b8ee-1138480c58ad",1,15,0,5.50749000825661,6,0,0.000387611922942153,6,0,1,1
"5182c1d9-c7d2-4dad-afa0-ccfeada921a8",0,0,0,0,0,5.25564033535461e-19,5.81417884416849e-05,0,0,0,0
"69b25c47-780d-46e5-ae44-1f116337b95e",0.833333333333333,5,1,2.81798079736026,4,6.8572704542273e-18,0.000389196420019711,3,5.08568101082996e-07,0.526315789473684,0.75
"589bd6ad-abe5-4b49-8f6a-ddcba7c4dd25",1,15,0,5.50749000825661,6,0,0.000321831564824052,6,0,0.464285714285714,1
"fec52bf2-450e-4ca7-a517-c3f2097d964c",0,0,0,0,0,5.25564033535461e-19,5.81417884416849e-05,0,0,0,0
"01809552-4f87-45b0-afff-2c6f0730a3be",0,0,0,0,1,3.85979737074544e-17,0.000387611922942887,1,0,1,0
"cc0b7089-c08d-4c10-b6b0-873582c17fd6",1,3,0,1.89636167648567,3,3.94567025316961e-17,0.000387611922942656,3,0,1,1
"122d63fc-8671-43e4-9752-34e846d62a9c",0,0,0,0,0,5.25564033535461e-19,5.81417884416849e-05,0,0,0,0
"39d895fa-c8e1-4dfe-ae14-9a1a302e64aa",1,190,0,19.9985029634022,20,0.903585867658377,0.00050752661208403,20,0,0.210161314638927,0.85
"b1439308-b01c-4bff-ab12-5cc6cd47900c",0.380952380952381,88,143,20.6332115419859,22,0,0.000959725697636086,9,2.89968578967488e-05,0.68,0.227272727272727
"4465b45e-3146-4131-9f28-3dad16ef5031",1,3,0,1.89636167648567,3,1.18773654046355e-17,0.000329810144959962,3,0,0.8,1
"4173073b-ae68-476a-a715-e22f1f43046d",0,0,0,0,0,5.25564033535461e-19,5.81417884416849e-05,0,0,0,0
"517db8b3-4167-4850-82e1-7c7688bc6a3d",1,1,0,0.786938680574733,2,4.86651547392311e-17,0.000387611922942527,2,0,1,1
"1333db0b-41d1-42fa-8e7e-526b4cc70d64",0,0,0,0,1,1.11031517004451e-17,0.000219246475736564,1,0,0.6,1
"97f523ba-64ce-4d11-a034-45655062c074",1,28,0,7.75842093262145,8,0.0256007918785383,0.000302116935134114,8,0,0.218769617074702,1
"b1e26560-60e5-4236-bbdb-9aa5a8d5ee19",0.358974358974359,28,50,10.5707598550622,13,0.0111285712970863,0.000632481286728314,7,0.00915630193059423,0.245292979060355,0.461538461538462
"733b0b49-3aba-4884-bcdc-172b30429cb5",0,0,0,0,0,5.25564033535461e-19,5.81417884416849e-05,0,0,0,0
"c5fee395-a3d9-40a0-ad67-8518d312601c",0,0,0,0,0,5.25564033535461e-19,5.81417884416849e-05,0,0,0,0
"bd5ffaaa-71e8-4930-a5c2-338d828f0c89",1,3,0,1.89636167648567,3,3.89037566861953e-17,0.000387611922942804,3,0,1,1
"cceea21d-f3ec-4586-be7a-d2e939c15c78",1,1,0,0.786938680574733,2,9.43694348873584e-18,0.00026030097095386,2,0,0.666666666666667,1
"6545b2a5-bbdd-408d-9169-3d7aeade8093",1,3,0,1.89636167648567,3,3.0665448254428e-17,0.000404138550972243,3,0,0.8,1
"197450cd-0124-4164-b723-3c22dd16494d",0,0,0,0,0,5.25564033535461e-19,5.81417884416849e-05,0,0,0,0
"2b5e086f-cb7b-4f92-8a85-6a1c38ceb598",1,1,0,0.786938680574733,2,2.1891356897886e-17,0.000329810144959897,2,0,0.666666666666667,1
"4be3b2fa-0b31-445c-babf-475944be8971",1,1,0,0.786938680574733,2,6.05353016804285e-10,0.000218403509755332,2,0,0.102319436288902,0
"583944a8-d43b-42e9-8e3c-29eb89f53587",1,6,0,3.10747935940628,4,2.30458466063281e-17,0.00038761192294248,4,0,1,1
"f367ff22-5787-41cb-a7c9-bbbc7b817c21",1,1,0,0.786938680574733,2,5.11342757507285e-17,0.000387611922942038,2,0,1,1
"1c5efd53-d6b6-4d63-9d22-a15025cf5f07",1,3,0,1.89636167648567,3,0.000531259268187907,0.000263652223132351,3,0,0.129529827169671,1
"44ecd2ac-a5b9-4b64-8edb-f3c76a5fa439",1,1,0,0.786938680574733,2,4.43189274539023e-17,0.000387611922942038,2,0,1,1
"8c8d8f2c-0924-4492-a4c4-cb042531ce86",1,1,0,0.786938680574733,2,4.64656106244301e-17,0.000387611922942527,2,0,1,1
"9d67c199-1d6c-4647-966c-f45a4badb43b",0.166666666666667,1,5,0.786938680574733,4,1.15163583147301e-16,0.000748357725660982,2,1.27142025270749e-06,1,1
"d863e16e-8811-4182-a168-4d85da239d79",0.269005847953216,46,125,16.4773322627693,19,0.000128451225680508,0.00094240825230849,8,0.00927671123700018,0.183929278268901,0.894736842105263
"d58439e2-d39a-4571-aec5-4cb4944bc1bc",1,3,0,1.89636167648567,3,4.24231731870462e-17,0.000387611922942497,3,0,1,1
"12398bf3-1b99-47b7-930c-f3956773f35a",1,10,0,4.32332358381694,5,0.00102980383962482,0.000288106553368684,5,0,0.184147952443857,0.6
"1f8e7e6f-fb43-4121-83c6-f4c9992b7036",1,36,0,8.83515925000139,9,0.0275726020548871,0.000326493823403084,9,0,0.22386381885338,0.888888888888889
"144ef525-85e9-40c3-8335-02c32d0861f3",1,3,0,1.89636167648567,3,1.22228843700895e-05,0.000308655516108931,3,0,0.137651821862348,1
"127d8614-0876-4408-886c-6f110b047a78",0,0,0,0,1,3.76363757644448e-17,0.000387611922942591,1,0,1,1
"664bd251-a22c-4ab9-a4f7-25da4b14f9fc",1,190,0,19.9985029634022,20,0.903585867658378,0.000507526612083955,20,0,0.210161314638927,0.85
"3578ccb9-0f63-41bd-819c-d50eba6aa2c4",1,6,0,3.10747935940628,4,2.31417085946945e-17,0.000387611922942731,4,0,1,1
"153c9281-268f-4cf3-8938-f5a4593e5df4",0,0,0,0,0,5.25564033535461e-19,5.81417884416849e-05,0,0,0,0
"f1dd0051-5578-45a7-a733-03113626407f",1,21,0,6.65149052142495,7,0,0.00038761192294237,7,0,1,1
"e664d1cd-23ab-48d5-b8fa-e98485daa5be",0,0,0,0,0,5.25564033535461e-19,5.81417884416849e-05,0,0,0,0
"285e1285-aecc-478f-a8da-0c8cf69e1217",1,1,0,0.786938680574733,2,4.8362086954686e-17,0.000387611922942295,2,0,1,1
"cf6b70f6-2616-481c-912c-0263cabfc974",1,1,0,0.786938680574733,2,7.58837944705053e-18,0.000276246073292001,2,0,0.285714285714286,1
"364c40f5-020d-41e1-917d-ade1431f60a2",1,3,0,1.89636167648567,3,3.25524519746808e-05,0.000337671591026385,3,0,0.165833928146562,1
"f27ec8db-af05-4f36-916e-3d57f91ecf5e",0.166666666666667,1,5,0.786938680574733,4,8.8960452670176e-17,0.000743076551164463,2,1.77998835379049e-06,0.833333333333333,0.25
"93c1cee4-2604-4cd2-8d72-8bc59aa9f6c2",1,3,0,1.89636167648567,3,0.000781551933933238,0.00022972336155222,3,0,0.191878871300757,0.666666666666667
"16944898-0949-474c-95c0-e717a59e1663",1,3,0,1.89636167648567,3,1.65252079207071e-06,0.000348701254865101,3,0,0.143415637860082,1
"b7e551a4-057e-40a5-b34e-d0d3324f681a",1,1,0,0.786938680574733,2,2.55843913451023e-05,0.000251018614557969,2,0,0.159734158359115,1
"92a5388e-60b0-4600-b988-4993b6f00b3f",0.714285714285714,15,6,6.04815969325757,7,0.0109667804744015,0.000387075255221987,5,0.000111317336466923,0.214825088611496,0.571428571428571
"b548ac3e-b17b-4b82-9a16-49a8ff169732",1,3,0,1.89636167648567,3,1.26168326008225e-07,0.000298308362037789,3,0,0.136894824707846,1
"1ba01bce-7f32-4d72-a5d9-34930b191656",1,21,0,6.65149052142495,7,0.000471987972828046,0.000329428241914516,7,0,0.188812135988081,1
"ed76aa76-ccd8-4bff-be1d-b308fef4ef28",1,6,0,3.10747935940628,4,0,0.000298390846734707,4,0,0.551724137931034,1
"a2af80a6-b3d9-4727-98cb-9f7146f64bd8",1,6,0,3.10747935940628,4,0,0.000298390846734613,4,0,0.551724137931034,1
"38f59974-2f4d-4bfa-b2e3-d2696de1b675",0,0,0,0,0,5.25564033535461e-19,5.81417884416849e-05,0,0,0,0
"56393a36-155f-4f50-adbe-45f4a26c40bf",1,1,0,0.786938680574733,2,5.06121534457408e-17,0.000387611922942527,2,0,1,1
"2e229823-0fc2-438b-aacb-5de02bd0b9b7",0.333333333333333,1,2,0.786938680574733,3,6.14000098012794e-17,0.00042549200715604,2,6.10281721299595e-06,0.358974358974359,1
"cdef887c-9798-4a3b-ad1c-8292c19dc61d",1,3,0,1.89636167648567,3,3.53903215740765e-17,0.000387611922942804,3,0,1,1
"2a4ee2dd-44f7-4135-ab02-cae8cb7ad059",1,21,0,6.65149052142495,7,0,0.000399052454028962,7,0,0.818181818181818,1
"e3e5eeab-38df-483e-b618-abb09f4309b6",1,1,0,0.786938680574733,2,0.000388747473675669,0.000152766745789291,2,0,0.184684684684685,1
"c2566277-e680-41bf-8e9d-6936d1fa4b0e",1,1,0,0.786938680574733,2,3.60122829579443e-17,0.000381298218671848,2,0,0.75,1
"afdb7919-059d-43c1-b668-ba1d265e7e42",0.472527472527473,43,48,12.03764012867,14,0.0123047517200901,0.000637693505130581,9,0.00189201017916504,0.232837815266411,0.0714285714285714
"675f9fe6-7e2c-4ce7-b3dc-147169c64d31",1,6,0,3.10747935940628,4,0.000508927973634156,0.000272906443551098,4,0,0.159587864911276,1
"c9fa0187-ee47-4db4-8e0e-af417c3a3ed4",0.714285714285714,15,6,6.04815969325757,7,0.0109667804744015,0.000387075255221839,5,0.000111317336466923,0.214825088611496,0.571428571428571
"ea7add7c-c9aa-4479-ba4b-a3fab789ca3d",1,3,0,1.89636167648567,3,4.05029153588343e-17,0.000387611922942804,3,0,1,1
"56767817-884c-4ba8-9921-ff9a6a56796d",1,1,0,0.786938680574733,2,4.76319916157224e-17,0.000387611922942527,2,0,1,1
"e45cfc46-6f00-460e-b7b8-979a21e80445",1,105,0,14.9863217705167,15,0.00711978265539308,0.000497928010116404,15,0,0.220047355958958,0.933333333333333
"900f8151-f582-4d6e-bd4e-8f02b838239e",1,3,0,1.89636167648567,3,3.61136676606662e-17,0.000387611922942656,3,0,1,1
"395ad460-4f06-4aba-bebd-22ac99b82600",1,36,0,8.83515925000139,9,0.00841032322172581,0.000389623233869249,9,0,0.215356094546578,0.777777777777778
"49b34ba3-46a2-40af-b6c0-6f1fab93af8b",0,0,0,0,1,4.14125130391142e-17,0.000387611922942887,1,0,1,1
"850a8b03-98a7-4fd3-afbd-5e5520b4ef5f",0,0,0,0,0,5.25564033535461e-19,5.81417884416849e-05,0,0,0,0
"d1353a0c-26fb-4318-a116-defde9c7c9ad",1,3,0,1.89636167648567,3,0.00563663820725118,0.000256778763194777,3,0,0.160045924225029,1
"b0b33754-a664-43b7-ba00-be0dc4ec2396",0.333333333333333,1,2,0.786938680574733,3,3.90650526108544e-06,0.000336555170457458,2,0.000354217682404307,0.152249890782001,0.333333333333333
"8006f1d0-8851-46d8-a928-085c686b29b9",1,3,0,1.89636167648567,3,6.69438053168024e-05,0.000248992292055799,3,0,0.161211981033885,1
"fa18023e-317a-4738-a026-638b2c6c9fc3",1,6,0,3.10747935940628,4,0.000628529340580742,0.000291564158706425,4,0,0.176478035194328,1
"c262b6bf-be56-4b26-bceb-42d7a27342f3",1,21,0,6.65149052142495,7,0,0.000387611922942281,7,0,1,1
"6f7e36da-79d8-4219-990d-8e9224d04ebc",0.535714285714286,15,13,6.43502784884081,8,0.000254329354124763,0.000552004618765061,4,0.000903758364528702,0.174228221472316,0.625
"e08ac443-f1d2-4666-abd1-fa5859592981",0,0,0,0,1,9.81350464817929e-08,0.000187657031738817,1,0,0.123472099202834,0
"43bcca8b-9edc-4997-8343-122350e790bf",1,15,0,5.50749000825661,6,0,0.000387611922942462,6,0,1,1
"26cea341-dfab-483f-9cdb-8de82da81019",1,3,0,1.89636167648567,3,4.0709769898547e-17,0.000387611922942656,3,0,1,1
"76c5e552-688e-4e9d-afa0-36e77526495a",0.447619047619048,47,58,13.0965936843417,15,0.000101980060460819,0.000623189243610507,9,0.000380102886942744,0.172013820335637,1
"d62a5d3c-aff0-49f6-8ec9-ae3ce61a358f",1,6,0,3.10747935940628,4,4.61787511088632e-05,0.000244196234050067,4,0,0.175743822491175,0.75
"15596805-8343-40a5-b2b1-d5585d945056",1,15,0,5.50749000825661,6,0,0.000387611922942364,6,0,1,1
"2bcf2e02-5bc3-4c76-bf76-41126cb11444",0,0,0,0,0,5.25564033535461e-19,5.81417884416849e-05,0,0,0,0
"43650e15-b88b-40bd-b45a-e617d45f11be",1,1,0,0.786938680574733,2,4.62845361844026e-17,0.000387611922942038,2,0,1,1
"446ac261-09ae-43f4-a7e1-2c753c0813ce",0.333333333333333,1,2,0.786938680574733,3,8.14879125934943e-17,0.000568604778688736,2,5.08568101082996e-07,1,0.666666666666667
"596ffa74-3d08-44ef-b113-765d43d12738",0.5,3,3,1.89636167648567,4,0.013040669264115,0.000258871252820402,3,0.00398939543811341,0.217235468287362,0.5
"1129817c-488a-4096-80c1-77fc1b107c93",0,0,0,0,1,1.43541969716203e-17,0.000147938588021412,1,0,0.269662921348315,1
"034b3a22-3f58-4000-be08-16c27971bc00",1,6,0,3.10747935940628,4,0.0010087491588237,0.000247065218550512,4,0,0.202999854376001,0.75
"6b014cfd-4927-4187-a741-715998e6d785",0,0,0,0,1,2.02708822131045e-06,0.000148779181933095,1,0,0.141537211899685,0
"3377f3bb-60fc-4403-aea9-7e800612e060",0.666666666666667,10,5,4.32332358381694,6,4.03420783863332e-07,0.000465661945266298,5,0.00112646131717309,0.13694861970724,1
"00f64453-7fe3-4171-b66d-b89fa0bf9dea",1,3,0,1.89636167648567,3,4.05524516324054e-17,0.000387611922942656,3,0,1,1
"f0ed72a3-ae8f-4cf7-b51d-2696a2330230",0.4,4,6,2.43854207791285,5,0.000290917049063837,0.000410159946092109,3,0.00170930660859947,0.185199946857978,0.4
"e7f29e49-6078-4528-a5dc-5d0eeb8a1437",0,0,0,0,1,0,0.000108232067696589,1,0,0.421052631578947,1
"f58c445b-07ce-459f-a69b-75c9fc6e55dc",0.457894736842105,87,103,19.5332906101061,20,0.0535718578385938,0.000647764068358724,9,0.00025523695352661,0.229995050321729,0.85
"7de248ba-9543-4603-8048-9fa67d960a24",1,1,0,0.786938680574733,2,0.00357877141185454,0.000187030810241118,2,0,0.184954225819291,0.5
"08212320-efca-4a86-9778-4ee51a12c6eb",1,36,0,8.83515925000139,9,0,0.000386834725741833,9,0,0.453333333333333,0.444444444444444
"2ce6e4e3-8dfb-438f-91ac-df793d1a2b39",1,1,0,0.786938680574733,2,4.95868950028176e-17,0.000387611922942527,2,0,1,1
"a535e609-f98e-4a11-9ae9-a6f56158e38f",1,15,0,5.50749000825661,6,0,0.000387611922942364,6,0,1,1
"ab2528d9-719f-4261-8098-21849222a0f2",1,1,0,0.786938680574733,2,4.69840892097042e-17,0.000387611922942038,2,0,1,1
"3da7c19e-9e09-41c3-8420-d834f6c95f51",1,6,0,3.10747935940628,4,0.000513615597748105,0.000238646827746663,4,0,0.192807745504841,0.75
"42adb8ca-8484-4901-a429-fc8ecd3a4327",0,0,0,0,1,3.94710533092585e-17,0.000387611922942887,1,0,1,1
"d1ff4c5e-4ea0-41ce-8ca7-6b9c66594a55",1,1,0,0.786938680574733,2,4.6843827273528e-17,0.000387611922942295,2,0,1,1
"1ba5e790-ab00-4acc-9083-e3bdc47b2f0b",0,0,0,0,1,4.17666510057781e-17,0.000387611922942591,1,0,1,1
"3d3a797a-4902-45eb-b763-7e2dcbd1fe9c",1,3,0,1.89636167648567,3,4.32968276182537e-06,0.000281059532603355,3,0,0.151587646802958,0.333333333333333
"6622a50e-5206-44d0-9ad5-96047a726dcf",0.257575757575758,17,49,8.22410634502263,12,0.0012056474159497,0.00072109166686993,5,0.00469180048257035,0.213476263399694,0.166666666666667
"299a2395-812a-4166-9b79-adbdfdf22721",0.619047619047619,13,8,5.6731129163428,7,0.000136738961913653,0.000381234325140026,5,0.00111076083436089,0.180827604099105,1
"7e6ac2a1-a462-4b63-b536-cff0c0ae4cc7",1,1,0,0.786938680574733,2,3.23975261016891e-17,0.000310778881974882,2,0,0.274509803921569,1
"3bc3874f-bd74-4678-af6e-458159b21e2d",1,3,0,1.89636167648567,3,3.86408357851473e-17,0.000387611922942497,3,0,1,0.666666666666667
"adaf0068-1c86-4166-8cee-f0a53f4854c4",1,15,0,5.50749000825661,6,0.00374466208675425,0.000299706482554256,6,0,0.214692746034191,0.5
"661bc212-bee1-4642-9fd6-a07a4a04dd3a",1,1,0,0.786938680574733,2,0.0523856341040536,0.000134244370571645,2,0,0.174315368263099,1
"f9b285a5-f672-4058-9b25-d153f60f404c",1,6,0,3.10747935940628,4,8.36356278964989e-06,0.000233091038232984,4,0,0.144515861496994,1
"58325670-9323-464a-8b20-3e8d7b26df60",1,1,0,0.786938680574733,2,4.63709877701723e-17,0.000387611922942295,2,0,1,1
"3b7c93ab-40a5-4745-ab6b-eaafed2308bb",0,0,0,0,0,5.25564033535461e-19,5.81417884416849e-05,0,0,0,0
"c78a77fa-507c-4c07-947a-0355029453bd",0,0,0,0,1,3.82877642280865e-17,0.000387611922942887,1,0,1,1
"aea4c9b9-9f8d-49dc-b2ca-57d6f26e8634",0,0,0,0,0,5.25564033535461e-19,5.81417884416849e-05,0,0,0,0
"5b6ebfe0-f72b-4902-bba9-74c8af0f1af0",0,0,0,0,0,5.25564033535461e-19,5.81417884416849e-05,0,0,0,0
"c3cceeed-3332-4cf0-8c4c-bbde425147b6",0.133333333333333,2,13,1.41905923940329,6,1.48569611495806e-05,0.000666559173417357,2,0.00161228899722288,0.154854476782937,0.166666666666667
"2867b63e-7000-45ea-a6aa-b3b0d8ae4411",1,6,0,3.10747935940628,4,0.0100980924781174,0.000184625801335604,4,0,0.213117260357743,0.75
"dfe78af2-779e-4137-826a-3073a16e3278",0,0,0,0,0,5.25564033535461e-19,5.81417884416849e-05,0,0,0,0
"886b3be4-c93b-4085-85b0-b73ce2817246",0,0,0,0,1,3.75184631877873e-17,0.000387611922942591,1,0,1,1
"433b07e9-0ce5-420f-b1eb-7b06ab910b95",1,6,0,3.10747935940628,4,0.00504968238049902,0.000205754490021807,4,0,0.221727373946238,0.75
"d7520540-71a7-4278-b499-13dbcdc13498",1,45,0,9.88891003461758,10,0,0.000401335180494914,10,0,0.433333333333333,1
"92f29d03-1d89-42a6-9ea7-ed17bc5d6dc1",1,3,0,1.89636167648567,3,3.17517868801253e-17,0.000404746281238476,3,0,0.625,0.666666666666667
"24ef3ec0-ea19-47f7-a5da-45e203f43865",1,3,0,1.89636167648567,3,7.82314422095924e-05,0.000183678734284883,3,0,0.172056282399408,0.666666666666667
"6fb92cac-6739-48dc-87b6-8ad634fc5740",0,0,0,0,0,5.25564033535461e-19,5.81417884416849e-05,0,0,0,0
"de713a6b-a172-4533-a259-587b15b3c4cc",1,10,0,4.32332358381694,5,0,0.000306585213565163,5,0,0.571428571428571,1
"b452711d-4f77-468c-99f8-8d2e621db081",1,21,0,6.65149052142495,7,0.00121274694826051,0.000377610186512693,7,0,0.192037470725995,1
"f2215143-d7db-4cf0-9cd4-b0040eb63cbd",0,0,0,0,1,0,0.000110835955411484,1,0,0.241545893719807,1
"ff399892-1aab-44e8-8905-bf8721ce0866",0,0,0,0,1,7.33422666039459e-07,0.000152571004675747,1,0,0.134102934102934,0
"02b16a7f-0e8b-4df8-807c-aa40bae1d590",0.75,21,7,6.65149052142495,8,0.000741268449654733,0.000404211013385313,7,0.00351675456040171,0.192302386536074,0
"82b1f5fd-cd31-41a9-b5d4-7e33f0eb9751",0.2,2,8,1.57387736114947,5,0.00431759551255336,0.000382546863983475,3,0.00676992441871131,0.196172248803828,0.8
"b6b2bb8d-54a9-491f-9607-7b546023b433",1,1,0,0.786938680574733,2,1.61811086393983e-05,0.000190184638621042,2,0,0.167749699157641,0
"6dbd7f8b-20ac-4287-8dd3-b4cae5c5f82f",1,1,0,0.786938680574733,2,5.45527387867143e-17,0.000387611922942295,2,0,1,1
"3af06bc4-68ad-4cae-bb7a-7eeeb45e411f",1,3,0,1.89636167648567,3,1.58069361859268e-05,0.000319675951700319,3,0,0.142871784359947,1
"dc0a3c08-5d4c-4b7a-9493-0ade7b63a290",0.555555555555556,25,20,8.93709386541314,10,0,0.00055391681778673,6,4.81613991725597e-05,0.427350427350427,1
"d5ee9a6f-8e10-47e7-bca7-7e3f82aad769",0.9,9,1,4.1477338299933,5,2.29310041991036e-17,0.000412199246412686,4,6.35710126353745e-08,1,1
"913ab7e4-b806-430d-8d50-b6e141d035e7",1,28,0,7.75842093262145,8,0.00546064735567699,0.000338303197219902,8,0,0.213182443798746,0.75
"a94e530f-4e9f-40e6-b44b-ebec06f7900e",0.714285714285714,15,6,5.95811815430269,7,3.89102090702903e-06,0.000497899085439213,4,3.81426075812247e-07,0.143578123390668,0.571428571428571
"ef9a7fbe-a891-45d6-bc08-a69d7b40ac6c",0,0,0,0,1,3.93852868216822e-17,0.000387611922942591,1,0,1,1
"f81f19b9-c76e-43ac-8656-bb56071785fb",0.2,2,8,1.57387736114947,5,9.10241371883703e-17,0.000592351198243618,2,3.15312222671457e-05,0.390804597701149,1
"72a7ae58-d1fa-493d-8f4b-1bf43e6479c6",1,28,0,7.75842093262145,8,0.0820544021984265,0.00034579911536968,8,0,0.219700551615445,0.625
"203c31dc-4004-45ac-97bd-78e07e7f91ee",0,0,0,0,1,3.97987266183715e-17,0.000387611922942887,1,0,1,1
"c19ff12b-058f-44a8-b245-b0efb4752925",1,1,0,0.786938680574733,2,4.78597487819335e-17,0.000387611922942038,2,0,1,1
"730e20a5-66d3-4052-9143-a3ea7b56f568",1,15,0,5.50749000825661,6,0,0.000387611922942261,6,0,1,1
"3e30aebd-0557-4cfd-8fb9-3945afa5d72b",1,3,0,1.89636167648567,3,9.60232098447621e-07,0.000255746321144301,3,0,0.145390070921986,1
"302bd7b9-d012-4360-897a-93b00c855680",0.644444444444444,29,16,8.54535961319619,10,0.000575881415016543,0.00052555600250387,8,0.00174717699104692,0.191483516483516,0.8
"bd13909f-1c29-4c27-a874-d4aaf27c5b1a",0,0,0,0,0,5.25564033535461e-19,5.81417884416849e-05,0,0,0,0
"de24d412-21f9-42c0-9f46-f73abe7edad6",1,66,0,11.9509587427384,12,0.00196577750174617,0.000421009983995456,12,0,0.206886316414366,0.916666666666667
"7ff991d9-87d6-40f4-b534-a65426bf5ac4",0.583333333333333,21,15,7.90186888754648,9,0.00464575532299563,0.000522949852589932,6,0.000530182245379023,0.189788972089857,0.888888888888889
"a2548ee4-433a-4ebe-ad8a-269ea70ee47f",0,0,0,0,1,3.92067675372144e-17,0.000387611922942591,1,0,1,1
"8c87dda0-be58-4e48-a3b5-2626f26364c7",0,0,0,0,1,4.05243489200023e-17,0.000387611922942591,1,0,1,1
"084308bd-1654-436f-ba03-df6697104e19",0,0,0,0,0,5.25564033535461e-19,5.81417884416849e-05,0,0,0,0
"94796bba-bffe-4510-8493-957e176b8c61",1,6,0,3.10747935940628,4,2.86527049789613e-17,0.000387611922942609,4,0,1,1
"013fa897-86db-41d3-8e9f-386c8a34f4e6",0.5,3,3,1.95727786071367,4,6.13132547803366e-09,0.000377086403091093,2,0.000353836256328494,0.113963374754742,0.25
"10d9b154-7c29-4bed-93da-3ba5965ae918",1,3,0,1.89636167648567,3,4.085656275761e-17,0.000387611922942656,3,0,1,1
"a0196e18-1129-4493-b16c-dc80e1a6a8b0",1,105,0,14.9863217705167,15,0.0526209433176868,0.000441089041120019,15,0,0.226998860120502,0.933333333333333
"cafe729b-f9b1-4e57-a7ff-2e79ad3d9868",0.833333333333333,30,6,8.61320624209367,9,0,0.000425975786537611,7,3.05140860649797e-07,0.645161290322581,1
"64fa7b75-6c24-445c-ba2c-c951a4a44424",1,36,0,8.83515925000139,9,0,0.000387611922942236,9,0,1,1
"bb65dc2d-9556-4f07-94fa-e75f49ecfaca",0,0,0,0,1,3.92500564317749e-17,0.000387611922942591,1,0,1,1
"7c4ab1f9-96cf-46e9-9f5d-2160af37edd1",1,1,0,0.786938680574733,2,5.39492132500935e-17,0.000387611922942527,2,0,1,1
"01b8b5bf-06cb-45da-85fb-61ada72fcd69",0.672727272727273,37,18,9.62209793057612,11,0.0173981145267033,0.000511669778039867,9,0.00070792679670753,0.240801520124374,0.181818181818182
"c089eb00-0f9b-4057-89b4-2932968e59f1",1,21,0,6.65149052142495,7,6.25756778289131e-07,0.000383482771593731,7,0,0.13495982186078,1
"822b10a4-37eb-4fe8-aaec-d537eee0aa43",1,10,0,4.32332358381694,5,0.000355108211994101,0.000346532000105995,5,0,0.167850692354004,1
"c77eeb53-4c6d-47cb-8eb2-70393d3f4854",1,1,0,0.786938680574733,2,4.85655520355083e-17,0.000387611922942038,2,0,1,1
"eb9075cd-0440-414a-b309-5da6ecc50911",1,15,0,5.50749000825661,6,0.00907146150887749,0.000315979837733949,6,0,0.194883265762617,1
"a2361c7d-ddb6-41c1-a9a0-be09fbbb8d21",1,78,0,12.9677762217033,13,0.0209056614043478,0.000365133851883844,13,0,0.190854326396495,0.384615384615385
"d1c0aa8e-e1f6-4299-a52c-64d728f263d1",0,0,0,0,1,2.87473101532254e-17,0.000298565940644969,1,0,0.666666666666667,1
"2ee992d0-1c7a-4210-944b-bda2bf076ac9",1,15,0,5.50749000825661,6,0.0041730309976116,0.00027131432508541,6,0,0.208464184238074,0.666666666666667
"2027b08d-45b1-4fb5-aa6d-f6ccc4db78e5",1,10,0,4.32332358381694,5,0,0.000246335839434458,5,0,0.430379746835443,0.2
"06fb1c8b-566e-4cb2-985b-b467c90781d4",0,0,0,0,0,5.25564033535461e-19,5.81417884416849e-05,0,0,0,0
"9c73515e-819e-4aa6-a5ae-24d0c3f9a600",1,21,0,6.65149052142495,7,0.00225059603500398,0.000345269331972243,7,0,0.196920468992796,0.857142857142857
"70ef8ba7-ec5b-4ab8-9f8f-a5b31e771989",1,6,0,3.10747935940628,4,2.29266978780351e-17,0.00038761192294248,4,0,1,1
"75a72702-a5ef-4513-bca5-c5b944903546",0,0,0,0,1,2.93385099210014e-05,0.000146324356111551,1,0,0.165794481446242,0
"8474c040-9323-48be-a0a9-dbf1ac72623b",1,6,0,3.10747935940628,4,1.96038204533869e-17,0.00038761192294248,4,0,1,1
"4ac35d1d-3755-4733-b6f2-772514d67a6e",1,21,0,6.65149052142495,7,0.00872160410630961,0.000352792492616912,7,0,0.19614464612354,1
"fc1af852-a975-45cd-a4cc-a952babba4f0",1,6,0,3.10747935940628,4,2.47339224578996e-17,0.000387611922942609,4,0,1,1
"73bb1496-ab61-4a39-bfbb-cd20f9527393",1,21,0,6.65149052142495,7,0,0.000360071392947029,7,0,0.376811594202899,1
"d503ccef-f74a-4872-aaa0-6777a57a9353",1,36,0,8.83515925000139,9,0,0.000387611922942161,9,0,1,1
"14b22b4b-06d5-4b82-8284-29d29b58945f",0,0,0,0,0,5.25564033535461e-19,5.81417884416849e-05,0,0,0,0
"1b389bc0-68d2-4e2e-af22-6be1075b907d",1,6,0,3.10747935940628,4,8.1619349600688e-18,0.000327238147784376,4,0,0.523809523809524,1
"901434fc-5ec8-41a1-af59-6ded7de8a9d2",1,36,0,8.83515925000139,9,0,0.00038683472574175,9,0,0.453333333333333,0.444444444444444
"5057eba4-da15-45df-9948-8b8899c3b3ee",1,3,0,1.89636167648567,3,3.69953993127634e-17,0.000387611922942497,3,0,1,1
"ed7d03f3-75d8-422f-9ecf-1a9d105ee007",0,0,0,0,1,3.95970081904175e-17,0.000387611922942591,1,0,1,1
"3c3a1ea4-922a-4a90-b1aa-b7763d6dbf20",0,0,0,0,0,5.25564033535461e-19,5.81417884416849e-05,0,0,0,0
"1ec32b96-b712-416f-8aaf-0c4db6588c94",1,1,0,0.786938680574733,2,3.03992132347435e-17,0.000381298218671848,2,0,0.75,1
"fda7ccd5-773e-4659-a762-0395894b255b",1,3,0,1.89636167648567,3,0.00018695404651871,0.000298191551895966,3,0,0.149138761099818,1
"75d8a4a6-4fd0-4860-a960-55865811c973",1,10,0,4.32332358381694,5,0.00223122290929672,0.000285346680573056,5,0,0.196781479390175,0.8
"b2f3469a-9a8a-41ae-9ae1-ad598ff358e0",1,105,0,14.9863217705167,15,0.0526209433176869,0.00044108904111995,15,0,0.226998860120502,0.933333333333333
"cb78a19d-f36b-4cd0-8548-8cc0919b83fb",1,10,0,4.32332358381694,5,7.45797010039918e-05,0.000295550246115564,5,0,0.166806270192653,1
"347bfb50-3780-4b9e-9d73-7be6d8109630",1,1,0,0.786938680574733,2,3.58728630349573e-17,0.000381298218672099,2,0,0.75,1
"5fd5aa4f-02b0-4747-ad4c-8a3b4f0f3f79",0,0,0,0,1,4.07204425617007e-17,0.000387611922942887,1,0,1,1
"81600da3-6054-434c-8dfc-696debe6bf7f",1,1,0,0.786938680574733,2,0.0010219800716954,0.000169992871949592,2,0,0.19529279910339,1
"d24fb461-dee8-41fc-bb15-2f13bb2644a6",1,3,0,1.89636167648567,3,4.29241217666034e-05,0.000243515705871938,3,0,0.167206429171165,0
"49786277-f9ac-48a3-91fd-f825d833bde2",0.833333333333333,5,1,2.81798079736026,4,3.60358204836573e-17,0.000426146441597516,3,8.47613501804993e-08,1,1
"b345af35-205e-4eca-8006-029e5c20127e",1,1,0,0.786938680574733,2,5.00379103538692e-17,0.000387611922942038,2,0,1,1
"65a01fd2-35fb-4817-90d5-ab5506b21161",1,21,0,6.65149052142495,7,0.00121274694826052,0.000377610186512624,7,0,0.192037470725995,1
"f906154a-7011-49c3-8f6a-44ca83311b08",1,1,0,0.786938680574733,2,4.49097713821089e-17,0.000387611922942295,2,0,1,1
"db008806-16f6-48fc-8521-3d953709689d",0.333333333333333,2,4,1.57387736114947,4,6.49282720941034e-05,0.000296634096321042,3,0.00282297082882746,0.177647508602014,0.25
"65dc768c-e53c-4de3-9d21-9522f0fcea88",0,0,0,0,1,4.04472777549438e-17,0.000387611922942887,1,0,1,1
"321531fc-db73-4ffa-a959-61a61a2908c1",0.333333333333333,35,70,11.3471645092269,15,0.00102154940998312,0.000836876492329888,8,0.00247202239733917,0.195649122807018,1
"0d00b498-512d-4a4d-9234-a4d710f37e6d",1,3,0,1.89636167648567,3,6.69438053168008e-05,0.000248992292055723,3,0,0.161211981033885,1
"7f79bd69-7c85-4384-b4b7-a78adac79ed1",1,15,0,5.50749000825661,6,0.000788764992312758,0.000323386977281931,6,0,0.194937770941127,0.833333333333333
"cefda6b1-30d8-452d-89bb-c1f5c8dbfa89",0.166666666666667,1,5,0.786938680574733,4,1.14891309467406e-16,0.000748357725660858,2,1.27142025270749e-06,1,1
"9be7f096-97ec-4615-8957-8d40b5dcbc41",0.133333333333333,6,39,3.85363953719934,10,0.000594310923638323,0.0010374419725876,3,0.00244453978687815,0.19871703492516,0.3
"b577106c-0d64-47a2-858e-692361b00344",1,1,0,0.786938680574733,2,8.0776561687951e-05,0.000174123026203904,2,0,0.15518201046421,1
"749ef494-8518-4b49-b685-63d8e728d25c",0.287878787878788,19,47,8.95636275185194,12,0.000426474524874169,0.000615346150677932,5,0.00152397994741106,0.189530931339225,0.833333333333333
"f2da4752-8db0-4e54-8f30-680acaa8e1cf",1,6,0,3.10747935940628,4,1.85457112476159e-17,0.00038761192294248,4,0,1,1
"f80f697c-823a-4f23-901e-90769c660ee3",0,0,0,0,1,3.96388325937454e-17,0.000387611922942887,1,0,1,1
"99d40e84-b385-4185-a309-7c5d29b9c612",0.356060606060606,188,340,32.2624293846399,33,0.0620144990247223,0.00100037125641124,16,0.00499938226183038,0.259397097134351,0.545454545454545
"f7d1c68a-e6c1-412a-b23a-dd4b9910711a",1,1,0,0.786938680574733,2,3.69228027620504e-17,0.000381298218671848,2,0,0.75,1
"222eafd8-dffb-4499-a38c-b47476e1535e",0,0,0,0,0,5.25564033535461e-19,5.81417884416849e-05,0,0,0,0
"829d89b2-6fc2-431b-82ce-ba2a5eaeccfa",1,15,0,5.50749000825661,6,0.0150956312287818,0.000244330749505446,6,0,0.228824688115561,0.333333333333333
"9f81247f-7f57-42f3-a8ba-75bef554e591",1,1,0,0.786938680574733,2,5.92638900398303e-05,0.000229255153583747,2,0,0.167387127761768,0
"889db25c-d1df-457a-b0d1-c405f34a01f3",0,0,0,0,0,5.25564033535461e-19,5.81417884416849e-05,0,0,0,0
"1a425bbd-cca4-4b2c-aeb7-71cb176c828a",0,0,0,0,0,5.25564033535461e-19,5.81417884416849e-05,0,0,0,0
"d2582c77-6b0f-4b2f-802f-8f3cad1a5fec",1,6,0,3.10747935940628,4,0,0.000239843997447962,4,0,0.481481481481481,1
"ec409b83-2981-4fba-b3a1-d830714b7e67",1,6,0,3.10747935940628,4,9.5790436526564e-18,0.000359533009487477,4,0,0.833333333333333,1
"885ae336-ef63-465d-a0e7-bdc0a5b788e8",1,3,0,1.89636167648567,3,1.22228843700914e-05,0.000308655516108872,3,0,0.137651821862348,1
"e94aee5e-7bb1-4fd9-9380-176d397a8f16",1,1,0,0.786938680574733,2,4.80823913044225e-17,0.000387611922942038,2,0,1,1
"40b46c2d-5792-4eb4-90d0-e07aa0676479",1,1,0,0.786938680574733,2,5.30758116300174e-17,0.000387611922942295,2,0,1,1
"2f3f8fb1-e5dc-4548-9601-fada0485e561",1,6,0,3.10747935940628,4,2.4714516865776e-17,0.000387611922942342,4,0,1,1
"f0bec136-82e8-4fcb-8172-421d9c542d09",0,0,1,0,2,5.95954339037723e-17,0.000503215478907839,1,5.08568101082996e-07,0.75,1
"8538e728-ca0b-4321-b7e5-cff6565dd4c0",0,0,0,0,0,5.25564033535461e-19,5.81417884416849e-05,0,0,0,0
"5bdeb32d-56a5-4b6d-a768-264101fa0a0a",0.184873949579832,110,485,31.2243032201987,35,0.0173276336343734,0.00140445269463045,12,0.0150360430683411,0.252170767004342,0.0857142857142857
"e6e40e74-7a0b-4afd-a898-9f23176d75a8",1,21,0,6.65149052142495,7,0.00788693874488995,0.000321771506251002,7,0,0.2187009727016,1
"c296e10c-110a-4103-9e77-47bfebb7fb2e",0,0,0,0,0,5.25564033535461e-19,5.81417884416849e-05,0,0,0,0
"817f3417-0669-47f2-81ff-399851fb66ee",1,6,0,3.10747935940628,4,4.61787511088715e-05,0.000244196234049999,4,0,0.175743822491175,0.75
"7046105f-a02f-4053-8314-94b1ced8216f",0.733333333333333,11,4,4.77004320871702,6,3.45502196203747e-06,0.000442683156193005,5,0.00109325533568333,0.153119507908612,0.833333333333333
"89c20fbe-42ad-4b52-85c3-d18fc5686717",1,1,0,0.786938680574733,2,5.07437177068848e-17,0.000387611922942038,2,0,1,1
"925c7673-0e85-410f-b7e4-d9705a7aa619",1,3,0,1.89636167648567,3,4.0594419993852e-17,0.000387611922942497,3,0,1,1
"19dccaac-efa8-413f-9042-28006792e0f2",1,3,0,1.89636167648567,3,5.70206840888385e-08,0.000276338549435013,3,0,0.127015945330296,0.666666666666667
"864d7069-57dc-45f6-b408-875b35106dd3",0,0,0,0,1,4.03459080350497e-17,0.000387611922942887,1,0,1,1
"d160804b-0cfa-42b3-9089-f11e876930bb",1,6,0,3.10747935940628,4,4.09063107504862e-09,0.000343046790892241,4,0,0.102901011294013,1
"804088ed-13ef-45c5-994f-a811371b3f4a",1,6,0,3.10747935940628,4,9.65697404420712e-18,0.000327238147784264,4,0,0.523809523809524,1
"dacc2d64-7e59-42a8-87a9-10c53919aff2",0.333333333333333,2,4,1.57387736114947,4,8.77397304929418e-17,0.000618819034873797,2,1.01713620216599e-06,1,1
"0b619a94-481c-40ac-abae-85f33f2b1588",0,0,0,0,0,5.25564033535461e-19,5.81417884416849e-05,0,0,0,0
"9beb62b2-88db-4cea-801e-162cd344ee53",0.694444444444444,25,11,8.20499736084044,9,0,0.000462874704997455,6,6.99281138989119e-07,0.764705882352941,1
"3cd2e1c5-e7ff-4bc8-b281-1e3059d128d6",1,78,0,12.9677762217033,13,0.0209056614043479,0.000365133851883772,13,0,0.190854326396495,0.384615384615385
"936addc3-91aa-49de-8ec0-0dc186de151f",0,0,0,0,1,2.4844210180321e-17,0.000272008366977084,1,0,0.5,1
"2c32b7c0-0c38-463b-bfdd-01ac2b2cb0fd",1,3,0,1.89636167648567,3,2.87747598053047e-08,0.000290635744960761,3,0,0.113777342474698,1
"e6e879c0-3d56-4f12-b3c5-3ce459661a8e",0.311111111111111,14,31,7.00662394087734,10,8.03462896554347e-06,0.000742858970698068,5,0.00205954913245771,0.16348070833822,0.8
"ac367c2e-7783-41e5-a184-131da6b0c166",1,3,0,1.89636167648567,3,7.46422702257049e-05,0.000230317395683532,3,0,0.163922859830668,0.666666666666667
"d289a787-d914-4561-93e4-282d9fafcb32",1,1,0,0.786938680574733,2,2.33788536150421e-17,0.000377683139380992,2,0,0.666666666666667,1
"35feae82-8b2c-4f8f-ae7a-af5662848947",0,0,0,0,1,3.71065656918117e-17,0.000387611922942591,1,0,1,1
"603ba565-3967-4be1-931e-9cb945394e86",0,0,0,0,1,3.61930285234206e-17,0.000387611922942591,1,0,1,1
"1a7ce96f-defa-4255-84de-deaca3c10c28",1,3,0,1.89636167648567,3,0.00381685850554833,0.000188267689404781,3,0,0.2125,0.666666666666667
"f4a31f0a-51dd-4fa7-986d-3095c40c5ed9",1,10,0,4.32332358381694,5,2.66211557368928e-06,0.000372052370321704,5,0,0.153119507908612,0.8
"ef888ad4-d679-4e5a-b292-ae032841fc88",1,6,0,3.10747935940628,4,0.000331514789324658,0.000249289999160375,4,0,0.179246496078179,0.75
"24252d8a-38e7-4358-bfe7-70d845f156ba",0.666666666666667,30,15,9.32284081537436,10,0.0122828563614606,0.000446339436280884,7,0.000643023456266265,0.21832419733751,0.8
"23e60038-d27a-49cb-8eef-7f2b6ddcaa6d",1,6,0,3.10747935940628,4,0.000671870618874109,0.000230784481766298,4,0,0.178855529894791,0.25
"bb7959ac-84cc-45c4-8138-d80ee5f2bd9a",0,0,0,0,1,2.13233659844694e-06,0.000178973165417292,1,0,0.141422339454195,1
"8a947fde-9a05-45d5-8bee-82c7b0236b07",1,3,0,1.89636167648567,3,4.78098548082273e-05,0.000305035226979138,3,0,0.164697542533081,0.666666666666667
"1d4ee3f4-db4a-4359-ac4e-50ce10878b28",1,28,0,7.75842093262145,8,0,0.000355580429096585,8,0,0.447368421052632,0.5
"e34e41f2-f480-45d3-8190-a3ce5ab34fab",1,1,0,0.786938680574733,2,4.53154625079938e-17,0.000387611922942038,2,0,1,1
"1ee37742-1e3d-4e61-84d2-bc85f4c1459a",0,0,0,0,0,5.25564033535461e-19,5.81417884416849e-05,0,0,0,0
"44fbf113-af6a-478c-824c-c95f9c686ede",1,3,0,1.89636167648567,3,1.59169123354286e-05,0.000264143290117147,3,0,0.142302980808493,1
"bf0f7e29-dfe1-416c-b5c6-f9ebc19ea810",1,1,0,0.786938680574733,2,1.6181108639402e-05,0.000190184638621042,2,0,0.167749699157641,0
"41f5d2cd-672b-460e-8ab6-e29db2f1e088",0.666666666666667,2,1,1.41905923940329,3,3.09201048989378e-09,0.000318113917905126,2,6.35710126353745e-07,0.112965964343598,0.666666666666667
"b48aebac-8c3e-48aa-b5e6-2b38f30f5f78",0.9,9,1,4.1477338299933,5,1.54442998081749e-17,0.000436702859025462,4,1.27142025270749e-07,0.857142857142857,1
"bdf204b6-8cab-4d95-bd33-679192b63352",0.809523809523809,17,4,6.20420642759723,7,0.00221151164924806,0.000302990363886256,6,9.38735688056853e-05,0.210860686734231,0.857142857142857
"5ed4c688-cab3-4e54-83ba-6e4a73ed7522",1,15,0,5.50749000825661,6,0,0.000338407482428643,6,0,0.396825396825397,1
"c2e5bb11-6653-4848-84de-aa15fe1fb37e",1,10,0,4.32332358381694,5,0.00566126984537607,0.000289705616517762,5,0,0.201357792864365,1
"2a2bf494-ac80-4ac9-901f-1ef2fece51ce",1,3,0,1.89636167648567,3,1.58069361859243e-05,0.000319675951700247,3,0,0.142871784359947,1
"d4aa1162-78ac-437f-9900-97460e4e2f34",1,6,0,3.10747935940628,4,1.83357318877092e-17,0.000387611922942342,4,0,1,1
"ea18134b-c9d7-454f-8407-8abe0eb5f423",1,3,0,1.89636167648567,3,4.40556328088457e-17,0.000387611922942656,3,0,1,1
"63138eec-6e47-47e3-bb61-142e150385f6",0.56043956043956,51,40,12.9963893940239,14,0,0.000595773771351291,10,4.06854480866397e-05,0.590909090909091,1
"01f8343c-06e2-4f05-a137-f8ea7efa85c4",1,1,0,0.786938680574733,2,5.32126498221931e-17,0.000387611922942038,2,0,1,1
"35fd8d42-b4a6-4414-9827-8766bd0daa3c",0.333333333333333,1,2,0.786938680574733,3,0.00128540509262445,0.000207583772905148,3,0.0010401364305293,0.173469387755102,1
"fc7f4897-7cd7-4211-adb2-4028fd76fec3",1,3,0,1.89636167648567,3,0.000116110000266299,0.000292614203514635,3,0,0.155372269282211,0.666666666666667
"7cbdfc61-30a9-4f17-b2fc-dcae3757adba",1,15,0,5.50749000825661,6,0.00118457432489298,0.000330235690191754,6,0,0.187063875469673,1
"2ba1af4b-9d6b-4a0a-af47-f00769700da2",1,1,0,0.786938680574733,2,5.33554702462963e-17,0.000387611922942295,2,0,1,1
"28d7452b-c83b-4f43-98af-e233a146f59d",0,0,0,0,0,5.25564033535461e-19,5.81417884416849e-05,0,0,0,0
"78e854b8-9713-4ff2-9218-6b3784893bff",1,3,0,1.89636167648567,3,4.28767934116612e-17,0.000387611922942804,3,0,1,1
"f5e17326-eb32-457f-a986-1e0532507f32",1,21,0,6.65149052142495,7,0.00988127830127357,0.000299297570792469,7,0,0.222470475582509,0.857142857142857
"52655ee3-0c9e-4dfa-b3c9-b1edefebda62",1,21,0,6.65149052142495,7,0,0.000360071392946965,7,0,0.376811594202899,1
"c1f5d7c6-1bce-45f1-bb80-f9c74bb9c740",1,28,0,7.75842093262145,8,2.1920111602055e-05,0.000446681336132277,8,0,0.142375651108161,1
"913b6dab-7bda-43d2-80df-254eebb5314e",1,66,0,11.9509587427384,12,0.00196577750174619,0.000421009983995329,12,0,0.206886316414366,0.916666666666667
"21cb44eb-3f6b-4f55-9a0d-c36a517f8d36",0.5,3,3,2.05117979823185,4,8.33327230942579e-07,0.00046212325257049,2,0.000177235983227424,0.124742729306488,1
"98a309d2-3d86-42ec-a5cc-e7c006a47a36",1,10,0,4.32332358381694,5,0,0.000240697162683848,5,0,0.430379746835443,0
"851e8959-de95-4741-ac69-79c56d949766",1,15,0,5.50749000825661,6,0.00121190016533316,0.000335593454753797,6,0,0.193988310603952,1
"72935855-cfc9-4e02-a6cc-249fc9d09044",0.75,27,9,8.25039802586625,9,1.18480874338291e-07,0.000516371132583037,7,0.000188492290531392,0.128526645768025,0.333333333333333
"9fdaa16b-a6c4-4831-b87c-bc9ca8ce7eaa",0,0,1,0,2,6.0422755203244e-17,0.000503215478907839,1,5.08568101082996e-07,0.75,0.5
"d3273495-8c20-4689-adf7-597039d6e587",1,6,0,3.10747935940628,4,0.000827076161647828,0.000288187235672284,4,0,0.191958138253925,0.75
"6fe07aa5-fec0-4eca-a456-f29bff451b04",0,0,0,0,0,5.25564033535461e-19,5.81417884416849e-05,0,0,0,0
"23d25388-2875-4562-b025-c2cf2ed1501d",1,10,0,4.32332358381694,5,0.00223122290929671,0.000285346680572976,5,0,0.196781479390175,0.8
"056e4f3e-d505-4dad-8ec1-d04f521cbb56",1,1,0,0.786938680574733,2,7.9406334717423e-06,0.000218979483338343,2,0,0.133142311365807,0
"3ac05827-32ab-4acd-8b79-7400bdbc525e",1,15,0,5.50749000825661,6,0.00907146150887748,0.000315979837733883,6,0,0.194883265762617,1
"4e931bf6-1ace-44c7-ab86-236b558e252d",1,6,0,3.10747935940628,4,1.59076278492112e-17,0.00038761192294248,4,0,1,1
"488d1513-c94c-415e-b5dc-b4abd9b419f9",0,0,0,0,1,0.000325842938087861,0.000102303573987554,1,0,0.170561605285697,0
"34bfcd5d-a76d-4b31-8022-b5ac04d5801b",1,3,0,1.89636167648567,3,3.26580529056191e-17,0.000387611922942656,3,0,1,1
"14c0c282-e0c1-46fe-acd1-9a015ba721c5",0,0,0,0,0,5.25564033535461e-19,5.81417884416849e-05,0,0,0,0
"c8af4490-e48a-4f91-aef9-2b1e39369576",0.5,14,14,6.14078489559956,8,0.00119059131791931,0.000455330460077783,5,0.000733340427743299,0.2125972243404,0.25
"854a1807-025b-42a8-ba8c-2a39717f1d25",0,0,1,0,2,1.98792407167833e-06,0.000304741748934645,1,0.000354217682404307,0.140850762857432,0.5
"53931602-5048-4516-9722-1322a71ae569",1,15,0,5.50749000825661,6,0,0.000387611922942261,6,0,1,1
"360072f9-b469-4ede-a13b-feb403ec0d7f",1,1,0,0.786938680574733,2,6.84835189609973e-06,0.000243585111186567,2,0,0.151078356995773,1
"ac865b2e-bba8-4f5a-8756-dd40d5e39f46",0,0,0,0,0,5.25564033535461e-19,5.81417884416849e-05,0,0,0,0
"0b30341b-b59d-4979-8130-b66c0e475321",0.295238095238095,31,74,12.3425883820889,15,0.0127438429669089,0.000845567427635201,6,0.00211473162355093,0.229578392621871,0.2
"4d347472-05cd-469f-8b03-864b344d007a",0.347435897435897,271,509,39.7920210445773,40,0.124304910986594,0.00118376928897001,15,0.00349701882612727,0.255171151382025,0.2
"77dc9267-1f40-4310-beba-1bea8a4ab04a",1,15,0,5.50749000825661,6,0,0.000387611922942261,6,0,1,1
"4dca4bb2-23ba-4103-97e6-5810311db33a",0.571428571428571,16,12,6.29442868883134,8,0.00138267189453368,0.000470733418144517,6,0.000150001852807084,0.182939632545932,0.875
"d69b82b9-891b-447f-8861-f8986123e7f7",1,21,0,6.65149052142495,7,0.00180424685786508,0.000325800356621009,7,0,0.206886316414366,0.857142857142857
"ff95eb47-41c4-4f7f-a104-cdc30f02e872",0.333333333333333,1,2,0.786938680574733,3,0.000179916747598654,0.0002262140861419,3,0.00118533096065683,0.184856119878,0.666666666666667
"1cfbf85c-dc74-42d6-915e-77033afd0204",1,3,0,1.89636167648567,3,3.94362953145528e-17,0.000387611922942656,3,0,1,1
"134e6410-6954-45d1-bd4a-0f2d2ad5471d",0,0,0,0,0,5.25564033535461e-19,5.81417884416849e-05,0,0,0,0
"23987750-a64d-4241-a147-2213890464a2",0.333333333333333,1,2,0.786938680574733,3,8.42881562447922e-17,0.000568604778688736,2,5.08568101082996e-07,1,0.333333333333333
"8541ef68-0d90-4835-8f0b-cea044b4534b",1,3,0,1.89636167648567,3,0,0.000218749684102435,3,0,0.6,1
"03180405-1b26-42dc-80da-7e50fbb4c936",0.541666666666667,65,55,15.3747720900568,16,0.0205118197686446,0.000664016182048311,9,0.00467367609908438,0.253362413667757,0.4375
"24202038-7b02-4444-96c2-cf2fc7b81308",1,3,0,1.89636167648567,3,3.84765601064084e-17,0.000387611922942656,3,0,1,1
"4c76d2ab-cc32-47b9-8bfe-d382bed617f6",1,6,0,3.10747935940628,4,2.31651743090965e-17,0.00038761192294248,4,0,1,1
"74ae1bef-78c9-4f2a-828f-c4ea4ad4f942",1,10,0,4.32332358381694,5,0.00301776049539786,0.000238287616333204,5,0,0.19499230661631,1
"e107bde8-78f0-4646-8925-68007a15880e",1,3,0,1.89636167648567,3,0.000166294902986209,0.000205305298618296,3,0,0.175390035228988,0.666666666666667
"388d5c37-044c-4b8b-b66d-e28a6566a1f3",1,28,0,7.75842093262145,8,0.0256007918785383,0.000302116935134046,8,0,0.218769617074702,1
"57c5fb41-70ac-4055-b482-a36f869ee980",1,1,0,0.786938680574733,2,4.81000310436026e-17,0.000387611922942295,2,0,1,1
"80b3cf5e-18fe-4c59-98c7-e5bb87210710",1,6,0,3.10747935940628,4,5.93419455631148e-05,0.000290558108403938,4,0,0.163711098062243,1
"af37c51c-0790-4a29-b995-456f98a6b8c9",0,0,0,0,1,5.22596820549867e-18,0.000244634533450085,1,0,0.5,0
"3e90b322-0441-4e28-ac19-078d0594302c",0.666666666666667,2,1,1.41905923940329,3,6.04900006591467e-17,0.00045771195155957,2,1.27142025270749e-07,1,1
"3478a5d1-bd96-4584-aa54-4d6e0a329658",0,0,1,0,2,4.58279918242244e-17,0.000460360162230683,1,1.01713620216599e-06,0.625,0.5
"68c261d5-48c8-4ea9-9466-9fc908dc79bb",0,0,0,0,0,5.25564033535461e-19,5.81417884416849e-05,0,0,0,0
"1c46e82f-4764-4d82-a33b-5d5aee5e2881",1,6,0,3.10747935940628,4,0.00106217876760275,0.000263089383828469,4,0,0.185224554876428,0.75
"33c8190b-3763-4494-8685-286e90b9c160",1,3,0,1.89636167648567,3,4.7809854808221e-05,0.000305035226979076,3,0,0.164697542533081,0.666666666666667
"74889c76-b1de-4ca2-bc9a-2cc1a162e319",1,1,0,0.786938680574733,2,4.88620214418398e-17,0.000387611922942295,2,0,1,1
"d66f0c6f-6891-471c-9abc-ce52d5160a8c",0.666666666666667,10,5,4.68835539241156,6,4.6299874930042e-17,0.000496636113013193,4,4.66187425992746e-07,1,1
"8c32bb01-58a3-453b-8050-8c0620edb0e5",1,6,0,3.10747935940628,4,1.19653073109573e-06,0.00026019099744325,4,0,0.136119519578166,0
"c85cfd6b-b1e9-4a50-bd55-eb725f04f7d5",0,0,0,0,0,5.25564033535461e-19,5.81417884416849e-05,0,0,0,0
"29c28ac3-27c5-4822-8eb6-0af89a3a7240",0.766233766233766,177,54,21.9799569724632,22,0.0398041955538492,0.000593374953863971,16,0.000494710924111651,0.233110367892977,0.681818181818182
"5b8ec72b-9e39-4a06-a2bf-964166b92a71",0.353276353276353,124,227,24.3134863902256,27,0.0100694300058705,0.00101650356920851,15,0.00523070947714051,0.239190116678106,0.962962962962963
"1fc5b14d-c0ae-4512-bc43-19d443087a28",0,0,0,0,1,3.93898855998298e-08,0.000162511026367408,1,0,0.110916613621897,1
"aab2ab30-ab36-4587-8ce8-f1b5132d9fa1",1,10,0,4.32332358381694,5,0,0.000309955398412444,5,0,0.571428571428571,1
"8ad965bc-fb65-459f-beaa-116960dd7bc9",1,45,0,9.88891003461758,10,0.0333811444319724,0.000361085518316352,10,0,0.236833163438668,0.8
"45a663b5-b1cb-4a91-bff6-2bef7bbfdd76",1,1,0,0.786938680574733,2,2.30692066046236e-17,0.000317511894325143,2,0,0.75,1
"d42a5768-ada1-4fb6-85fd-f61aba6264e0",0.2,9,36,5.16502387886281,10,0.00658118424924858,0.000553926179534765,5,0.00171570586673236,0.216493244292592,0.8
"149f91ef-1287-46da-9a8e-87fee02f1471",0.13386524822695,151,977,41.8897716739445,48,0.147442724374183,0.00190875763018107,10,0.0327654877426168,0.271681933346326,0.0208333333333333
"f59c5520-5f46-4d2c-b2c4-822eabf53419",1,10,0,4.32332358381694,5,2.20652348344914e-17,0.000397773187200584,5,0,0.358974358974359,1
"6cdc92fe-8277-48b1-906c-6113091b53b4",1,105,0,14.9863217705167,15,0.0526209433176867,0.00044108904111981,15,0,0.226998860120502,0.933333333333333
"d6cb8700-8c8b-490a-800e-cfc1ae69d454",0.761904761904762,16,5,5.93325727880001,7,0.00121755526860309,0.000400550381833809,6,0.000176981699176883,0.19401530967293,1
"fe06a5aa-2be7-468d-823e-94b8de490980",1,6,0,3.10747935940628,4,4.17554643241652e-05,0.000262943452547812,4,0,0.176344086021505,0.5
"b12ef43e-72ad-43d0-b216-a8cd32f78852",0.7,7,3,3.58874357660546,5,0.000471760342489035,0.000277270254912718,4,7.02529681576377e-05,0.193557345181894,0.6
"9670119d-7c83-4dc2-b864-de820edf9ecd",1,1,0,0.786938680574733,2,4.70638098859235e-17,0.000387611922942038,2,0,1,1
"430e0a62-866f-4101-95d9-70f083170f19",0.333333333333333,1,2,0.786938680574733,3,8.69161832519526e-17,0.000568604778688855,2,5.08568101082996e-07,1,1
"70248960-cb53-4ea4-943a-edb18f7d336f",0,0,6,0,4,1.22690065633289e-16,0.000877612917686591,1,2.28855645487348e-06,0.833333333333333,0.25
"3ce513c5-bdd4-492c-a875-07e0f3e1993b",0.4,6,9,3.79272335297135,6,6.70047853605054e-07,0.000487882041807491,3,0.00211767757290959,0.129409580393613,0.5
"4ba19b2e-30eb-473c-8d6a-ff799d20cebf",1,15,0,5.50749000825661,6,0.00454719757775487,0.000319516687206743,6,0,0.18611481975968,0.666666666666667
"b7f2cca2-72c6-41fb-ae33-53370fc62fe7",0.20952380952381,22,83,10.5382823026295,15,4.32718822831683e-05,0.00100453771322066,5,0.00813702919929625,0.18066355624676,0.0666666666666667
"064dc0fb-b471-4198-8af6-53ac666e7417",0,0,0,0,0,5.25564033535461e-19,5.81417884416849e-05,0,0,0,0
"d1393ecb-431b-4fde-a6ea-d769f2f040cb",1,1,0,0.786938680574733,2,4.83651972972621e-17,0.000387611922942295,2,0,1,1
"de53495e-ad5a-4c30-82ab-05e7e3ec7b4d",0,0,0,0,1,1.82605107040616e-17,0.000253794857389332,1,0,0.416666666666667,0
"c56910df-7197-466c-93d3-3864758faac1",1,6,0,3.10747935940628,4,0.000174612464954354,0.000270009564471082,4,0,0.182819672131148,1
"bfdcb8b3-e2a7-4c6a-82ea-b1a2f7a97c2a",1,1,0,0.786938680574733,2,4.49043161947056e-17,0.000387611922942295,2,0,1,1
"583b4673-f3bc-4f6f-ae7e-1478e919298c",1,6,0,3.10747935940628,4,0.00105480791041938,0.000248873273767867,4,0,0.187013683928092,1
"90270118-8ed0-4446-bf97-8a09b3f9e8f3",0,0,0,0,1,4.12275507735889e-17,0.000387611922942591,1,0,1,1
"db76c5ca-d555-4f09-b1db-baa1b713d875",1,1,0,0.786938680574733,2,4.10141979887433e-07,0.00017010261524418,2,0,0.143371387431863,0
"3d3f17cd-a5cc-48bd-9b2a-f8d5f1990aed",1,21,0,6.65149052142495,7,0.00225059603500398,0.000345269331972177,7,0,0.196920468992796,0.857142857142857
"1df948fc-4e54-4f4f-a294-9310c763a8a3",1,28,0,7.75842093262145,8,0,0.000355580429096499,8,0,0.447368421052632,0.5
"fc13982a-59cf-4a8f-a1e0-5f97afcfd8a2",1,3,0,1.89636167648567,3,1.05656071850489e-17,0.000390491139319337,3,0,0.666666666666667,1
"5c9ac367-dbf6-46ca-a42b-9f01803ff1c0",1,1,0,0.786938680574733,2,0.000303355127749918,0.000223434817637967,2,0,0.161398633784879,1
"21a14ee3-cede-420a-9d6d-a33517d2f952",1,3,0,1.89636167648567,3,0.00563663820725117,0.000256778763194701,3,0,0.160045924225029,1
"3f962bf0-42a0-45a0-830f-07b66301d35f",0,0,0,0,1,3.80016205468982e-17,0.000387611922942591,1,0,1,1
"2077273e-eaa1-4f49-903c-f286ededecb9",0.333333333333333,1,2,0.786938680574733,3,7.76783724440757e-17,0.000568604778688507,2,5.08568101082996e-07,1,1
"8970d868-0723-483b-a75b-51088913d3d4",0,0,0,0,1,2.93385099209973e-05,0.000146324356111551,1,0,0.165794481446242,0
"2a07c922-877d-4f6a-a51b-a04d1c2bb9df",0.904761904761905,19,2,6.50134644604413,7,0,0.000405223049724685,6,1.01713620216599e-07,0.314465408805031,1
"4f340060-bd77-4d55-8562-c1882f2f70ba",1,1,0,0.786938680574733,2,2.06653474596159e-17,0.000317511894324954,2,0,0.75,1
"2521d863-e9f2-497c-b7c3-35c4c0079c81",0,0,0,0,1,3.86706051114233e-17,0.000387611922942591,1,0,1,1
"cf71e106-1003-4390-8477-cf268229df66",1,1,0,0.786938680574733,2,8.51663845228195e-07,0.000235718152881428,2,0,0.1438744968521,0.5
"b4434d7f-d3cd-4a6b-b78b-a4c670ae6e8d",1,3,0,1.89636167648567,3,0.0534082156364979,0.000177098810021155,3,0,0.201853460758761,0.666666666666667
"ccbb3f5a-cf88-4f43-8881-63bee4d07a57",1,6,0,3.10747935940628,4,0,0.00024820397494313,4,0,0.387596899224806,1
"a3cb23fc-acd3-4ce0-8f36-1e5aa6a18432",0.7,7,3,3.58874357660546,5,3.21014980997725e-05,0.000384042844238147,4,0.000529037967151586,0.167447447447447,0
"a2a3f910-b188-43e7-81d0-f1ac2a2f3e12",0,0,0,0,1,0.00136430614694098,9.22802619684562e-05,1,0,0.182963643522772,1
"37547347-ea75-45fa-9766-ff36b44d8147",0,0,0,0,0,5.25564033535461e-19,5.81417884416849e-05,0,0,0,0
"4d23b2fd-1ed8-47bf-a4d7-0c78f6e61ce3",1,55,0,10.9258825830101,11,0.00439103975956876,0.000404598166211438,11,0,0.208651399491094,0.909090909090909
"94b72cd2-c09c-4d9e-9673-275f89b78687",1,3,0,1.89636167648567,3,3.93652765435853e-17,0.000387611922942497,3,0,1,1
"5aaf332c-1a4d-4c03-a585-aeafa2f663b8",0,0,0,0,1,4.08383514836119e-17,0.000387611922942887,1,0,1,1
"92da4329-77a4-425c-8e92-4280110cace9",0.318181818181818,21,45,9.43358584820861,12,0.00577300301600684,0.000744684022482333,5,0.00247138668721282,0.201561596298438,1
"80609a00-b394-4a49-975b-2db6b543fa97",0.494505494505495,45,46,12.8760783116001,14,0.00652257235037002,0.000591474310579523,7,0.000660600135425573,0.22304,0.785714285714286
"d44ab93a-98c0-483f-ae58-8f9255f816d3",1,15,0,5.50749000825661,6,0.00374466208675425,0.000299706482554192,6,0,0.214692746034191,0.5
"bccbc99f-fcd9-4ed4-b8ab-b327f6b5f708",1,15,0,5.50749000825661,6,0.00118457432489298,0.000330235690191681,6,0,0.187063875469673,1
"5c6d0eea-2028-4462-84a8-8c5d730d2e95",1,3,0,1.89636167648567,3,4.78098548082134e-05,0.000305035226979196,3,0,0.164697542533081,1
"c6029add-33ca-4a0a-8fa5-c47a1c4b2f9d",0.733333333333333,11,4,4.77004320871702,6,3.45502196204617e-06,0.000442683156192783,5,0.00109325533568333,0.153119507908612,0.833333333333333
"a62e2b14-812a-41a1-884d-5a138705ad2d",1,6,0,3.10747935940628,4,0.000754353582999886,0.000280978177471121,4,0,0.17416291854073,1
"dd498489-7871-475c-a11a-aa418e676e7c",0,0,0,0,1,4.12431054208577e-17,0.000387611922942591,1,0,1,1
"7d81816f-200c-47d3-a71d-4421b3185d45",1,3,0,1.89636167648567,3,1.22228843700912e-05,0.000308655516108808,3,0,0.137651821862348,1
"bfb5305e-0215-4b4f-bb37-c3c2cf978975",0,0,0,0,0,5.25564033535461e-19,5.81417884416849e-05,0,0,0,0
"73e36439-1e9a-4925-bf2c-1d7f7885fbb0",0.209302325581395,198,748,41.945926443585,44,0.0955663847971048,0.00142659310917011,12,0.00912581287428902,0.264516129032258,0.181818181818182
"1882fe91-cdd9-49c9-9956-8e06a3810bd4",0,0,0,0,0,5.25564033535461e-19,5.81417884416849e-05,0,0,0,0
"a8797304-f0b3-497b-a592-c09eac0fd9c8",0.5,39,39,11.908331139769,13,0,0.000646608058109842,6,3.0725989440431e-06,1,1
"5a85c140-dcf9-4dd2-b2c8-aff0471549f3",0.523809523809524,11,10,5.11026226439167,7,0,0.000621329553941894,5,3.25483584693117e-05,0.470588235294118,0.714285714285714
"abaa2544-8476-401c-ad32-042b6bfac116",1,10,0,4.32332358381694,5,0.000550448569206449,0.000326406659228716,5,0,0.164251207729469,1
"381eed10-4b1a-4100-9872-2dbad6985bc3",1,1,0,0.786938680574733,2,6.25965188512883e-18,0.000212082124603774,2,0,0.240384615384615,1
"382f1005-e9ab-4684-afd4-0bdae4ee37f2",0.418300653594771,64,89,15.929723618902,18,0.00447571946857303,0.000805296259905435,11,0.00643404947806418,0.209561034275406,0.222222222222222
"d0a7368a-eefb-463c-b4f7-295753a6bc6d",1,105,0,14.9863217705167,15,0.00711978265539314,0.000497928010116269,15,0,0.220047355958958,0.933333333333333
"3fb49f5a-fdc0-4789-9c84-22b38b3f3cb5",0,0,0,0,0,5.25564033535461e-19,5.81417884416849e-05,0,0,0,0
"c98d40fd-f6cf-4b26-883e-eaa515ee2851",0,0,0,0,0,5.25564033535461e-19,5.81417884416849e-05,0,0,0,0
"22a45219-658b-42c4-9119-c0c4b685631b",1,21,0,6.65149052142495,7,6.25756778292194e-07,0.00038348277159365,7,0,0.13495982186078,1
"eaee97f6-f2e4-414a-966c-f31a1fb4696a",1,6,0,3.10747935940628,4,0.0010087491588237,0.000247065218550444,4,0,0.202999854376001,0.75
"01a7069c-882d-40f5-9575-c59d5bddcd61",1,1,0,0.786938680574733,2,8.5968731565185e-18,0.000276246073292088,2,0,0.285714285714286,1
"6df08c91-b91d-4b59-95fe-b51a2e1b06d3",0.538461538461538,49,42,13.4883924666436,14,8.90672639723655e-05,0.000629994621926382,8,0.00105807593430317,0.168194980694981,0.928571428571429
"bf23ae35-d26d-4180-b7da-7fc9841b2cd9",1,6,0,3.10747935940628,4,0,0.000402028799540678,4,0,0.55,1
"8516f0de-3190-4fde-994c-1f32ffd9af18",1,3,0,1.89636167648567,3,3.95445363540168e-17,0.000387611922942656,3,0,1,1
"8f92558c-2baa-4758-8c38-615519e9deda",0,0,0,0,1,4.17067076597108e-17,0.000387611922942591,1,0,1,1
"b2d122f9-eadb-4930-a196-8f221eeb0c66",1,3,0,1.89636167648567,3,3.40972030725381e-17,0.000387611922942497,3,0,1,1
"2ed5b00d-d6a8-4793-815e-99af39d7ccc5",1,1,0,0.786938680574733,2,5.09582128454475e-17,0.000387611922942038,2,0,1,1
"bca63b5d-a28c-4937-a8f4-e3f2d95426e1",0,0,0,0,1,7.50310944464054e-05,0.000127186676287699,1,0,0.153338466615334,1
"ba1bf556-2af2-4772-835f-ed2e15070758",1,1,0,0.786938680574733,2,5.1101684795472e-17,0.000387611922942038,2,0,1,1
"3bcb90e6-c8d9-463d-870a-3cc1e480a060",0,0,0,0,1,4.15051891583624e-17,0.000387611922942591,1,0,1,1
"79d1e9ca-d396-44ac-8a4a-ff5dbe9e44f9",1,28,0,7.75842093262145,8,0.0104519943062826,0.00038646709821556,8,0,0.197702453552688,0.875
"4fc5c762-2aaa-4840-9640-267667c8330f",1,6,0,3.10747935940628,4,0.00386118298403949,0.000240849574362946,4,0,0.197870830376153,1
"66ab36ce-8f58-46fb-9284-396c2c90ecbd",0,0,0,0,1,3.81840418977605e-17,0.000387611922942591,1,0,1,1
"971cf058-cba6-49c1-92d2-6893b1683ee5",1,3,0,1.89636167648567,3,3.41467593043629e-17,0.000387611922942656,3,0,1,1
"71f634cc-91e8-4bff-ad9d-d0357828049f",1,21,0,6.65149052142495,7,0,0.000373445993516336,7,0,0.335570469798658,1
"7abcd29e-8b5c-42d2-b845-3bf4b80100a8",1,6,0,3.10747935940628,4,0.000769177015840379,0.000275370291940082,4,0,0.20031613737606,0.75
"4490113a-3880-4f5b-a39b-105bfceaed04",0.866666666666667,13,2,5.25994427750665,6,3.155267689133e-06,0.000406578946517896,5,8.49493233738113e-05,0.159314285714286,0.5
"fe93a178-183a-42c9-b3c7-53102b8c724d",0.533333333333333,24,21,8.40476188934626,10,6.05953818013866e-06,0.000594262379417245,6,0.00126743367525891,0.15749632809852,0.4
"4e481ad9-aa5d-4a1a-b2fc-444c0ad48b7e",0.483333333333333,58,62,15.5596937411941,16,0.0109222021743875,0.000600607289568495,8,0.000443677562268272,0.223684210526316,0.375
"1c0b697f-1aed-4c47-8b95-ab4c7b1484b0",1,36,0,8.83515925000139,9,0.0084103232217258,0.000389623233869186,9,0,0.215356094546578,0.777777777777778
"f7cdc9e0-d1e9-4fdc-a407-e2c0244f517d",1,190,0,19.9985029634022,20,0.903585867658377,0.000507526612083879,20,0,0.210161314638927,0.85
"3d6c957d-14d6-465c-8e53-86262245af06",0,0,0,0,1,4.32925723629385e-18,0.00017512670542144,1,0,0.571428571428571,1
"fa600a45-e948-4964-9937-dff430a51738",1,15,0,5.50749000825661,6,0.00652415058216873,0.000275892510686809,6,0,0.225420439844761,0.833333333333333
"10ae1bf6-88b2-4fb4-8fbe-8227a49803d3",0.9,9,1,4.1477338299933,5,0,0.000351501983456583,4,3.17855063176872e-07,0.647058823529412,1
"760e4df4-e851-46c8-b34d-afa2e9706831",1,28,0,7.75842093262145,8,0,0.000441546381390842,8,0,0.666666666666667,1
"c78f0746-ea5d-44c0-92ee-f32745951345",1,10,0,4.32332358381694,5,2.66211557369535e-06,0.000372052370321617,5,0,0.153119507908612,0.8
"d530dbf9-69b1-404f-98f2-0431104f5a1e",0.4,6,9,3.79272335297135,6,5.74648973119652e-08,0.000542592689127666,3,0.00106112734290967,0.127050674444039,0.333333333333333
"45074d7c-5307-44a8-854f-ae072e1622ae",0,0,0,0,0,5.25564033535461e-19,5.81417884416849e-05,0,0,0,0
"ebe02d36-410d-4a85-a67e-36e2462e3e44",1,1,0,0.786938680574733,2,4.31601954645136e-05,0.000216178537299558,2,0,0.161118816458622,1
"f7441bc7-d7de-4813-a2fc-31a4033d396d",0,0,0,0,1,3.77004740745979e-17,0.000387611922942591,1,0,1,1
"e8848d50-7def-4252-a3f5-00b656c9a7c0",0.833333333333333,5,1,2.81798079736026,4,3.77088069289874e-17,0.000426146441597361,3,8.47613501804993e-08,1,1
"82b2ac64-4ef4-470f-b2f9-58074a4b9c13",1,36,0,8.83515925000139,9,0,0.000387611922942083,9,0,1,1
"c544ed4d-2390-4442-a83e-1ea2883b09c8",0,0,0,0,0,5.25564033535461e-19,5.81417884416849e-05,0,0,0,0
"facf743e-1231-410d-bdf1-9ba11a6a4f3c",1,1,0,0.786938680574733,2,5.04733208874747e-17,0.000387611922942295,2,0,1,1
"f205743d-4441-471d-a3af-66f584738e29",0,0,0,0,1,3.68273679881329e-17,0.000387611922942591,1,0,1,1
"fbc3d34d-f4df-4a02-aa24-a6c870b02c85",1,6,0,3.10747935940628,4,1.98758989825687e-17,0.000387611922942342,4,0,1,1
"8be564c3-dfba-440b-af8c-4ffbceeef45e",0.4,22,33,8.68880756812121,11,0.00296588625907381,0.000602794174981151,6,0.00132287670747111,0.211886304909561,0.181818181818182
"ce4a1c08-6912-423f-bf6c-97ce69f5e89f",0,0,0,0,1,3.9397101180662e-17,0.000387611922942887,1,0,1,1
"cfbc0924-0035-4d6c-8197-f024653af823",0.3,3,7,1.89636167648567,5,0.00579850589933229,0.000284785009704494,3,0.00148817134369624,0.199742083393036,0.8
"f99b7df3-2df2-45d0-9e99-c5f4623b7dcc",0.5,18,18,7.40385168474228,9,0.00724885894545651,0.00042714252089556,6,0.000320210455926963,0.231254147312541,0.555555555555556
"d8f43dc5-4613-48ac-8c23-a62b82f8c67a",1,1,0,0.786938680574733,2,4.99155212893595e-17,0.000387611922942038,2,0,1,1
"35f343df-3b87-4475-b0e4-d2ba5cc26eea",0,0,0,0,1,3.8077329203491e-17,0.000387611922942591,1,0,1,1
"c42e60f4-4520-4954-b6e4-82bbdf532c11",0.489473684210526,93,97,18.4752662299599,20,0.0214302918883308,0.000660910909265421,13,0.00252704115045231,0.197199038053473,0.6
"6da02506-6762-424d-bef4-89a26a0f95c7",1,15,0,5.50749000825661,6,0,0.000321698166945646,6,0,0.65,1
"9bd7b6a6-d0b6-47f5-a62b-04dade95f5d1",0.583333333333333,21,15,7.90186888754648,9,0,0.000492839957550043,6,1.45365715559556e-05,0.442477876106195,1
"d378dedb-444f-48f5-a6e6-3e8e31ef6c14",0.666666666666667,2,1,1.41905923940329,3,0.000809414245624943,0.000257504376033949,2,0.000176981699176883,0.196504087961658,0.666666666666667
"d49abf5b-0d72-4239-8ec8-c3d7464707f6",0.466666666666667,21,24,8.61496936766289,10,0.00122526058347566,0.000586512812088253,6,0.00141381932101073,0.194096351991089,1
"38f0c7ac-46eb-49ca-b3ab-c785ccd05a60",0,0,0,0,0,5.25564033535461e-19,5.81417884416849e-05,0,0,0,0
"f9133869-f87c-459c-9aa7-2f176cda7e06",1,3,0,1.89636167648567,3,4.49365353089168e-17,0.000387611922942497,3,0,1,1
"9d48b201-a6b2-42cf-b6ba-f65203580e32",1,3,0,1.89636167648567,3,0,0.000219295964967327,3,0,0.34965034965035,1
"9a3bf45c-347d-4630-894d-7cf3e8e0b632",0,0,0,0,1,8.47333385249854e-07,0.000141042636648104,1,0,0.144261616475215,1
"830398a8-6124-48de-8305-0e162e668387",0,0,0,0,1,4.15586895976166e-17,0.000387611922942591,1,0,1,1
"c97a32c2-1fbc-44eb-a28b-cee23c135844",0.602564102564103,47,31,12.3701119307302,13,7.50346367522007e-05,0.000544047806006826,9,0.000147261398241817,0.168540684318704,0.769230769230769
"e0b1c1a8-8216-422e-b521-83d53f2eaa1b",1,6,0,3.10747935940628,4,0.00437907870562591,0.000256821873225362,4,0,0.185323052379686,1
"883e4ba4-8ccc-47ed-81df-df51e41792a9",1,6,0,3.10747935940628,4,5.62824268575456e-08,0.00035120387471991,4,0,0.127189781021898,0.5
"e64ffaa4-fbb0-465f-9b31-c860a9f767fa",1,1,0,0.786938680574733,2,0.000179495759119203,0.000249054629587308,2,0,0.157389635316699,0
"5fc55ebf-21bd-4eda-954c-dd250132331e",1,3,0,1.89636167648567,3,0.000422782356452742,0.000217950227335906,3,0,0.170686910738337,0.666666666666667
"ec7ad706-7212-43cb-8415-197780b322a5",0.39766081871345,68,103,18.2134636093745,19,0.0364414623873439,0.000666377768097926,9,0.00288460859368933,0.254798025955036,0.473684210526316
"7aa27474-7b32-46c5-a065-ec831e8a70da",0.371428571428571,39,66,13.426576748675,15,0.00936499044304339,0.000620582189457143,7,0.00387940280562601,0.244304241149667,0.666666666666667
"a2eb78dc-cac4-41a0-8dc1-1a66926175e4",1,3,0,1.89636167648567,3,4.78098548082185e-05,0.000305035226979138,3,0,0.164697542533081,1
"1b3a1e49-2494-441c-9818-3fbbe73d09b4",0,0,0,0,1,4.0137561622594e-17,0.000387611922942591,1,0,1,1
"25b342ab-eafb-40f7-8a0f-16ce588d9ff2",1,1,0,0.786938680574733,2,0.00129143234636134,0.000171095134845445,2,0,0.206091070372561,0.5
"1b1f50d1-4746-468b-a6a2-7db7200d3dfc",1,3,0,1.89636167648567,3,0.00345024835272266,0.000198570147230583,3,0,0.196809261612311,1
"9947e874-ddd0-4e1a-b0d4-a76f6532fe45",0,0,0,0,1,2.93385099209998e-05,0.000146324356111551,1,0,0.165794481446242,0
"3547f34a-db02-4ab7-b4a0-380e1ef951a9",1,3,0,1.89636167648567,3,4.19437688393462e-17,0.000387611922942497,3,0,1,1
"6f6fd596-76e0-4b82-aa37-f558ac2d337b",0,0,0,0,1,3.92888622388067e-17,0.000387611922942591,1,0,1,1
"d2104914-bec9-49e4-83fb-8e860ea94fbf",1,28,0,7.75842093262145,8,2.19201116020592e-05,0.000446681336132202,8,0,0.142375651108161,1
"fbd2a255-1d57-4d31-ac11-65b671c19958",0,0,0,0,0,5.25564033535461e-19,5.81417884416849e-05,0,0,0,0
"25f3abd9-63b5-471a-bd25-feb9672dfa11",1,1,0,0.786938680574733,2,5.07141672847408e-17,0.000387611922942527,2,0,1,1
"071a4b21-53de-4ac0-af14-e71efd7dce3d",0,0,0,0,1,4.0162918927898e-17,0.000387611922942591,1,0,1,1
"f22942a1-6f70-4f48-866e-238cb2308fbd",0,0,0,0,1,4.04680785442096e-17,0.000387611922942591,1,0,1,1
"1ee18fb3-18a6-4c7f-8ba0-bc41cdd0462e",0.5,3,3,1.89636167648567,4,7.13779656542188e-17,0.000550517256375737,3,7.62852151624494e-07,1,0
"fdfa5368-9962-4d41-b332-1180dead02eb",1,28,0,7.75842093262145,8,0.0820544021984265,0.000345799115369611,8,0,0.219700551615445,0.625
"8a338e06-d182-46f2-bd16-30a09bc840ba",0,0,0,0,1,6.23356609418367e-18,0.000244634533449751,1,0,0.5,0
"8a585c55-140c-4c99-a8a2-fa3128319123",0.904761904761905,19,2,6.50134644604413,7,0,0.000405223049724594,6,1.01713620216599e-07,0.314465408805031,1
"d1c86c31-33e7-47c2-ad6b-a82e1ef69121",1,15,0,5.50749000825661,6,0,0.000387611922942153,6,0,1,1
"0b2a0311-94c9-49fb-8724-17871ca156fd",1,1,0,0.786938680574733,2,4.82393981509975e-17,0.000387611922942295,2,0,1,1
"48500b27-80f9-4ff7-b23e-f1d63f3c4293",0,0,0,0,1,4.17316350161655e-17,0.000387611922942591,1,0,1,1
"99790314-885a-4975-8614-9c5bc890364d",0,0,0,0,0,5.25564033535461e-19,5.81417884416849e-05,0,0,0,0
"4ae36ade-1798-48c4-b06b-cc68b7d3d83f",0.238095238095238,5,16,3.47023903763514,7,0.000131878882436014,0.000674632415805805,3,0.00141483645721289,0.17791959157626,1
"475e4df5-358a-45b3-89c9-e63d8de33aa2",0,0,0,0,1,3.83121898630436e-17,0.000387611922942887,1,0,1,1
"42a5fdbc-29df-4e93-a9f0-e2151e9f0667",1,3,0,1.89636167648567,3,4.53219749575468e-17,0.000387611922942656,3,0,1,1
"b0ee191c-7b75-445e-8416-b8f9918d3b6b",0,0,0,0,1,4.1953332072342e-17,0.000387611922942591,1,0,1,1
"5150857e-0139-49bf-9aae-3314b4db7a37",1,10,0,4.32332358381694,5,0,0.000442254201565768,5,0,0.406779661016949,1
"269d6e80-3186-4165-8586-2ccb64b446a4",1,3,0,1.89636167648567,3,4.07604418056021e-17,0.000387611922942497,3,0,1,1
"9032140b-c6ba-448d-8f05-5ac16e3aa165",0.472727272727273,26,29,9.6082314206638,11,0.000868858090015581,0.00056537890955685,6,0.001899122679724,0.209876543209877,0.727272727272727
"aa2e9a16-553f-41c8-b2a3-77c30ab69c4a",1,1,0,0.786938680574733,2,0.000533108387591323,0.00017980010205285,2,0,0.179662327619539,1
"0df4ba7d-f65d-48ee-a6db-e9c0821d04f4",1,28,0,7.75842093262145,8,0.0820544021984265,0.000345799115369539,8,0,0.219700551615445,0.625
"08e031e0-e576-4c80-94bf-d9c3c428c075",1,6,0,3.10747935940628,4,0.00105480791041937,0.000248873273767801,4,0,0.187013683928092,1
"f19d2f86-fddb-4ae8-b647-70ad567ad28b",1,1,0,0.786938680574733,2,4.93295287021836e-17,0.000387611922942038,2,0,1,1
"483072d1-ff09-4a61-a67e-2abe72bd806b",1,190,0,19.9985029634022,20,0.903585867658377,0.000507526612083802,20,0,0.210161314638927,0.85
"8f4c7ad3-c95c-4d62-a554-3416fb5204f4",1,1,0,0.786938680574733,2,1.98721750287136e-17,0.000329810144959984,2,0,0.666666666666667,1
"3ab2ee23-1c2f-458c-9c8c-ca4844729120",1,15,0,5.50749000825661,6,0.00309559418701936,0.000264314058534978,6,0,0.218495297805643,0.833333333333333
"4c7df96e-d3d4-4618-b232-89c82050331a",1,3,0,1.89636167648567,3,4.56616706253552e-17,0.000387611922942497,3,0,1,1
"95bae8c3-4450-4c97-a6ea-388f99af38c6",1,6,0,3.10747935940628,4,9.74200836306391e-05,0.000255240757950365,4,0,0.168540684318704,1
"9f93c34a-2dc2-400e-ada5-937c3efc3437",1,1,0,0.786938680574733,2,9.89314636779786e-06,0.000258395595468233,2,0,0.137801502570186,0.5
"f5584cee-1448-4e41-a347-3c4c96c720dc",1,1,0,0.786938680574733,2,4.31601954645162e-05,0.000216178537299505,2,0,0.161118816458622,1
"d174f580-15bb-49d1-b9d9-086954a71877",1,6,0,3.10747935940628,4,0.0110374399130238,0.000197054303566126,4,0,0.214825088611496,0.75
"0d352490-3cc7-43fc-b824-8aa8c9c855e1",1,6,0,3.10747935940628,4,1.16334784946444e-17,0.000327238147784146,4,0,0.523809523809524,1
"a35237a0-4f47-40a6-b6f3-1e786db23402",0.333333333333333,1,2,0.786938680574733,3,8.04767273309478e-17,0.000568604778688736,2,5.08568101082996e-07,1,0.666666666666667
"ff2a0e30-aec1-44dd-ae06-dc78877f512d",1,6,0,3.10747935940628,4,1.70458892040579e-17,0.000387611922942342,4,0,1,1
"0c7842cd-b98f-4aef-a84d-92e7af973f31",1,36,0,8.83515925000139,9,7.09185359731307e-05,0.000377857187313256,9,0,0.16962764662935,1
"d7641934-7dfb-49ea-b948-da0b12816b12",1,3,0,1.89636167648567,3,0.00136216853471226,0.000227030082775578,3,0,0.206121543693627,0.666666666666667
"515f823b-b965-4a7d-9c6a-efd3c1052c39",1,1,0,0.786938680574733,2,5.01760797537822e-17,0.000387611922942038,2,0,1,1
"16ee7f6b-a8b5-4320-bc8b-4712a13ae965",1,3,0,1.89636167648567,3,0,0.000218749684102342,3,0,0.6,1
"9e6a6a2f-f696-4cc0-87f1-e4f712e46802",0,0,0,0,1,4.07265879454669e-17,0.000387611922942591,1,0,1,1
"c970c5cd-facf-4c49-babf-a5b688c1ec40",0.9,9,1,4.1477338299933,5,2.44289064645289e-18,0.000352928153537764,4,6.35710126353745e-08,0.523809523809524,1
"0d40af7f-9b4f-4c42-9e5a-c827315dd240",0.428571428571429,9,12,5.00384103589195,7,0.00242388387355152,0.000409078055143344,4,0.00168487137361465,0.214165002304501,1
"1bb57242-64b9-4097-b134-89d87d741d6e",1,36,0,8.83515925000139,9,0.0159140565064213,0.000366143935988724,9,0,0.214990746452807,0.888888888888889
"7f59aca1-934a-429f-8844-cb98e18504a9",0,0,0,0,1,3.91602938040677e-17,0.000387611922942591,1,0,1,1
"21032561-1973-4bda-9a25-d89cd8ef8541",1,28,0,7.75842093262145,8,0.000563791970976185,0.000389371074496357,8,0,0.189453655884751,0.875
"f23bf5f5-4246-4e5f-9f8e-6a104a813e23",1,1,0,0.786938680574733,2,0.000170961425788006,0.000176317179664382,2,0,0.17846626552298,1
"25c641b9-ba32-4cef-963f-a15a2619907a",1,10,0,4.32332358381694,5,0.0613280095928675,0.000255700117540757,5,0,0.211950737418276,0.6
"5a22c88a-9db2-4a29-9b46-72430794ec4d",1,105,0,14.9863217705167,15,0.00711978265539309,0.000497928010116198,15,0,0.220047355958958,0.933333333333333
"db8dcf88-5dcc-4832-81f2-7c52d33e857b",1,3,0,1.89636167648567,3,4.78098548082222e-05,0.000305035226979076,3,0,0.164697542533081,1
"107760dd-ce1f-463f-9bb0-d42d13a30657",1,3,0,1.89636167648567,3,0.00338683987723025,0.000248816448716946,3,0,0.175147631612012,0.666666666666667
"9d22502f-c768-4918-a68d-5080981d4ae9",1,28,0,7.75842093262145,8,0,0.00035558042909641,8,0,0.447368421052632,0.5
"8500ba7b-429b-4d77-b4b4-53efbabb4d39",1,28,0,7.75842093262145,8,0,0.000355580429096318,8,0,0.447368421052632,0.5
"738d4f23-2596-46c7-89ad-a593dd030555",0.9,9,1,4.1477338299933,5,0.000135579420841797,0.000329856543248177,4,2.39484351184565e-05,0.175721668977688,0.8
"3414d446-735a-443c-931f-10634f57e5b9",1,1,0,0.786938680574733,2,4.5147336666488e-17,0.000387611922942038,2,0,1,0
"d606b860-cc03-4959-a3fd-3a24bccf2560",1,28,0,7.75842093262145,8,0.00940358171524047,0.000318660784906104,8,0,0.223756019261637,0.875
"78464651-0f74-4129-98d8-d79029c71a05",1,1,0,0.786938680574733,2,5.03985757495025e-17,0.000387611922942295,2,0,1,1
"97529a9e-4b5a-4a9c-9c08-c42401d1c268",0,0,0,0,1,1.44274285608234e-17,0.000190166850705592,1,0,0.333333333333333,1
"098ae3cc-2ca3-4fb2-a6d8-2a7c1a6b3565",1,6,0,3.10747935940628,4,1.07057523475903e-17,0.000353645929694696,4,0,0.666666666666667,1
"fa22eeda-8db9-4ae5-97c9-6d0b9ceb7cf3",1,6,0,3.10747935940628,4,7.1000685013166e-05,0.000297918282672909,4,0,0.162622491833878,1
"2882ffa3-dec9-4055-a842-a950728bcb02",0.380952380952381,8,13,4.52653859880957,7,5.67067656141664e-08,0.000624318819552729,4,0.00246947955683376,0.127271067287501,0.285714285714286
"55c6eaaf-1dde-468c-a4ff-244d58c4eb89",1,28,0,7.75842093262145,8,0.13786832877442,0.000304622940626709,8,0,0.190437158469945,0.875
"f28e66c7-f318-41ac-9c41-ec1226a56508",1,15,0,5.50749000825661,6,0.0041730309976116,0.000271314325085344,6,0,0.208464184238074,0.666666666666667
"c4e05d64-c679-4f04-b153-257d12eba7dc",0.313725490196078,48,105,16.4050681002553,18,0.00108780723778727,0.000862897286087294,8,0.007397188189368,0.190958904109589,0.277777777777778
"b81c06a5-341f-4d04-a72e-7738030f792b",1,28,0,7.75842093262145,8,0,0.000441546381390738,8,0,0.666666666666667,1
"497271e7-4f08-4cb9-8d55-4f16ddad408e",0.785714285714286,22,6,7.39248228738812,8,0,0.000441242680660594,6,8.89994176895243e-07,0.75,1
"90744b3e-363a-458e-8da1-e3e392a489c4",0,0,0,0,0,5.25564033535461e-19,5.81417884416849e-05,0,0,0,0
"fd1a2d9d-9bb6-44de-83a3-41560658aba9",0,0,0,0,0,5.25564033535461e-19,5.81417884416849e-05,0,0,0,0
"b553f0ad-4543-46f2-88ea-1dc94a11c91a",0.533333333333333,24,21,8.40476188934626,10,6.05953818011588e-06,0.000594262379417083,6,0.00126743367525891,0.15749632809852,0.4
"66a7117a-4b67-4a85-83bf-94491340d22d",1,3,0,1.89636167648567,3,0.000236363513320792,0.000270333592589422,3,0,0.186189394951249,1
"1f320089-1f65-4855-88e2-878a5dc056ec",1,3,0,1.89636167648567,3,0.00188518597119278,0.000186877261317148,3,0,0.205181042095967,0.333333333333333
"e9bbf173-4be0-4078-b75c-cfefe7a656cc",1,66,0,11.9509587427384,12,0.00014723254996293,0.000412783089901581,12,0,0.170749632533072,0.916666666666667
"8385ae48-812d-4bae-a240-74ecdbaf6dce",1,10,0,4.32332358381694,5,7.46269336141644e-07,0.000381573501201142,5,0,0.129289556668522,0.8
"a6dfbea8-ffbb-4e51-ac3b-59d1c5f55974",1,36,0,8.83515925000139,9,0.00841032322172579,0.000389623233869121,9,0,0.215356094546578,0.777777777777778
"e4378b7a-6138-441a-aa34-50e11a562066",0.310526315789474,59,131,17.7885191394341,20,0.000680333886271127,0.000811188466453589,9,0.00481374694218477,0.200719942404608,0.7
"55bc7f0d-bc56-4a5e-8555-77557bb757cd",1,1,0,0.786938680574733,2,0.000170961425788006,0.000176317179664336,2,0,0.17846626552298,1
"b23e8a63-8f47-4882-b55b-df2c92ef400e",1,6,0,3.10747935940628,4,2.26301361382586e-17,0.00038761192294248,4,0,1,1
"a466c2a2-6517-42fb-a160-1087c3bafd9f",1,36,0,8.83515925000139,9,0,0.000387611922942309,9,0,1,1
"5833aeea-f734-47f0-9fc6-274d9d152b74",1,28,0,7.75842093262145,8,0.0256007918785383,0.000302116935133976,8,0,0.218769617074702,1
"3912b016-666b-46f8-a5ec-86806227ba60",1,1,0,0.786938680574733,2,4.32698186883665e-17,0.000387611922942038,2,0,1,1
"a4b84991-4a7b-449f-831e-498ec9bd83a0",1,78,0,12.9677762217033,13,0.0209056614043479,0.000365133851883699,13,0,0.190854326396495,0.384615384615385
"d6f3c7d7-3c95-4bf6-8647-0efeec36d704",0,0,0,0,1,0,0.000138899672642062,1,0,0.30379746835443,0
"f1314b95-764f-49bc-b920-019abf48901f",1,3,0,1.89636167648567,3,5.19414884051178e-06,0.000244076974695123,3,0,0.146999894548139,0.666666666666667
"33e48f13-ff3f-49e9-8e24-1a1d0e4862ee",1,3,0,1.89636167648567,3,0.0499735038230737,0.00017872358871296,3,0,0.18301168439018,1
"35f866dc-c061-48ba-8157-cf2e0eac4857",0,0,0,0,1,6.6916116963713e-18,0.000244634533449751,1,0,0.5,0
"478e1c5e-cf31-4fc8-a65f-14c7fe86754c",0.90952380952381,191,19,20.3920017555897,21,0.908082494344395,0.00055696583412353,20,0.00139551086937174,0.210415094339623,0.0476190476190476
"0bf69115-9b4a-491a-9265-d026cfd8af5d",1,1,0,0.786938680574733,2,6.83674775371005e-05,0.000192449500528437,2,0,0.16618979494516,1
"cabb4fcf-4067-4ba5-908d-76ee66fcf0c6",1,21,0,6.65149052142495,7,6.25756778292778e-07,0.000383482771593565,7,0,0.13495982186078,1
"e2190b35-1181-44f6-8587-4c04123a6f30",0.428571428571429,9,12,4.6490343470853,7,0.00510274036942777,0.000548138401187348,3,0.000883213268880803,0.148756802902572,0.857142857142857
"9d1ebcfe-4c15-4d18-95d3-d919898638a1",0.277777777777778,10,26,4.32332358381694,9,0,0.000683905608058822,5,5.74681954223785e-05,0.548387096774194,0.666666666666667
"fe1f7d08-abbd-4fe2-91fe-fe3a803b3ac7",1,36,0,8.83515925000139,9,0,0.000387611922942236,9,0,1,1
"2ec4441f-07ee-4081-9929-10457293f437",1,10,0,4.32332358381694,5,1.03332198726536e-05,0.000363184437686937,5,0,0.15112749349523,0.8
"ffa78fac-e97d-48b3-a22b-379fceceaf1a",1,3,0,1.89636167648567,3,4.2388683694019e-17,0.000387611922942656,3,0,1,1
"65744963-191a-44ef-a3c7-b693a808a158",0.428571428571429,9,12,5.00384103589195,7,5.62272182842077e-17,0.000681022232112814,4,6.10281721299595e-06,0.647058823529412,0.571428571428571
"8b98035f-fbd2-4fb3-9c2f-263c7506680d",0,0,0,0,1,1.90968464286323e-17,0.000268883946545723,1,0,0.6,0
"11f64d5e-77a6-48f7-ac1f-6d17b3ac2ba9",1,15,0,5.50749000825661,6,0,0.000387611922942153,6,0,1,1
"b7718415-b72a-463f-86df-50e900a1e771",1,3,0,1.89636167648567,3,3.73695993787993e-17,0.000387611922942497,3,0,1,1
"6f26a8e3-4f71-41a1-94dd-d9859b6b888f",0.4,22,33,9.09623358486207,11,0.00031856704050311,0.000554066443585907,6,0.0016220216809765,0.184391534391534,0.818181818181818
"da0c8f4f-f4f4-4e91-86ca-e31108bb5706",0.505494505494505,46,45,12.8684271831749,14,4.05085002426591e-05,0.000628458123852319,9,0.000114632416171432,0.158715700785609,0.285714285714286
"df5274d8-1060-4097-a916-a5f888e400a9",1,28,0,7.75842093262145,8,0.000563791970976193,0.000389371074496273,8,0,0.189453655884751,0.875
"28cb617b-1213-487e-aa8d-bfaae9f1ee43",1,6,0,3.10747935940628,4,0.00393564428425775,0.000239935245715999,4,0,0.203058994901675,0.75
"b5396d77-58c1-4efe-842a-f40e346a9f45",1,3,0,1.89636167648567,3,4.04370863064979e-17,0.000387611922942497,3,0,1,1
"aab5c954-cabe-432e-899e-1c4f99757327",0.5,3,3,1.89636167648567,4,3.01701131149761e-05,0.000437468652549275,3,0.00106112734290967,0.167367030856045,0.75
"8bf283b9-b1e2-4632-a953-eacd212a543e",1,15,0,5.50749000825661,6,0.00131012175209989,0.000335657676916548,6,0,0.199199771363247,0.833333333333333
"e5fa0175-2e93-4ca7-90c3-33f239381252",0.733333333333333,11,4,4.88635495804729,6,1.0397595760497e-06,0.000430163781808547,4,0.000205821748575792,0.145329441201001,0.5
"6493ed80-8b44-49fa-91de-e7b0a0b57d6d",0,0,1,0,2,6.78601918263691e-17,0.000565703887537984,1,2.54284050541498e-07,1,0.5
"714b9763-333e-4999-b107-135ba2c6c6c7",1,28,0,7.75842093262145,8,0.01713857295685,0.000305507943561486,8,0,0.225895316804408,0.5
"8837b875-3689-4646-b3fd-d8b53815c7a8",0.242424242424242,16,50,8.11604693678828,12,0.00105211438910714,0.000756892989937654,5,0.00294240006635418,0.198377686068023,0.25
"9f0d5967-5b88-44d6-9fa1-7d4bb8b61ed0",1,3,0,1.89636167648567,3,3.92738976904499e-17,0.000387611922942656,3,0,1,1
"798aa6c3-ce82-4be6-9c9f-c380a4864eca",1,15,0,5.50749000825661,6,0,0.000348875303497596,6,0,0.357142857142857,1
"9e1ea361-c2cc-45a4-a926-00518453efc0",0,0,0,0,0,5.25564033535461e-19,5.81417884416849e-05,0,0,0,0
"b2a972f5-6aba-4209-bcae-acef4cadf245",1,1,0,0.786938680574733,2,5.11542408930489e-17,0.000387611922942038,2,0,1,1
"ada7a83c-e3e1-40f1-93f9-3e73dbc9298a",1,1,0,0.786938680574733,2,6.06814589450237e-09,0.000194324562496509,2,0,0.11390750122569,0
"328d146c-79f1-4eb6-9e40-8ee5710c14e5",0.46969696969697,31,35,9.65478260910712,12,0.0107688204239305,0.000615576176868339,8,0.00133973324178932,0.19820844589791,0.916666666666667
"f387841c-9bc7-47e9-b78b-6fb7834ac71f",1,3,0,1.89636167648567,3,0.000130590206912531,0.000266849904373493,3,0,0.177828804694476,1
"609a2ea3-f446-4e31-8eef-9f7591afb55a",0.466666666666667,7,8,3.8398665769777,6,2.77058131916109e-07,0.000529931160401507,3,0.000706909660505364,0.128349139121628,1
"56b7ad8e-3c4f-4f14-914d-f2852d147c2e",1,1,0,0.786938680574733,2,4.91503947935448e-17,0.000387611922942038,2,0,1,0.5
"104c4233-f393-4ce9-a9f4-cd9f84426925",1,28,0,7.75842093262145,8,0.00546064735567699,0.000338303197219828,8,0,0.213182443798746,0.75
"7147eef1-7c2f-4259-89e5-572c76dc16e5",0.488888888888889,22,23,8.59157958101013,10,0.00267778717500256,0.000494341812545112,5,0.000617153831079743,0.185150750431664,1
"9082aea0-ee30-4175-8795-6540a8fd3605",0.733333333333333,11,4,4.88635495804729,6,1.03975957605387e-06,0.000430163781808369,4,0.000205821748575792,0.145329441201001,0.5
"ff6e677f-91dd-4986-a174-8db0474b1799",0.166666666666667,1,5,0.786938680574733,4,1.6260508079316e-05,0.000414579937462543,2,0.00278475533776419,0.168418509121662,0.5
"a648b219-bed3-4a0c-b5e3-98ad365da968",1,1,0,0.786938680574733,2,4.82637584740725e-17,0.000387611922942527,2,0,1,1
"b2f1149b-171a-4bc5-ac8f-3baf9a566abf",0.666666666666667,24,12,8.2290228780171,9,0.000286221887846775,0.000484431827315032,6,4.4298865409469e-05,0.177715451300357,0.888888888888889
"985f7e6f-0a7e-4de7-b9ec-a5dac63cb2f7",0.466666666666667,21,24,8.61496936766289,10,0.00660407356649405,0.000454766463302461,6,0.00135926925302806,0.231523002823451,0.7
"de0748c9-ed32-4a7c-aaaa-cfac23ec5299",0,0,0,0,1,3.81228916895411e-17,0.000387611922942591,1,0,1,1
"a9d44a1b-d434-4181-af20-6aa8a2401157",1,1,0,0.786938680574733,2,4.54656799853299e-17,0.000387611922942295,2,0,1,1
"33ca19f4-18c8-4411-98df-ac23890ce9f5",0,0,0,0,1,0,0.000148471002979585,1,0,0.423076923076923,0
"37e892e8-b7df-4a03-af0f-ae61903735fa",0,0,0,0,1,6.99989952830346e-18,0.000217167805144285,1,0,0.571428571428571,1
"f4415bee-fb5c-4a7e-acaf-09041992aa35",1,6,0,3.10747935940628,4,2.54031764418153e-17,0.00038761192294248,4,0,1,1
"02861daf-f923-49fb-90e3-3ec44a600433",1,1,0,0.786938680574733,2,4.69761487662087e-17,0.000387611922942038,2,0,1,1
"d6c37074-0155-46a3-8af2-338a4f625afc",0.733333333333333,11,4,4.94330936215848,6,4.25198384742715e-05,0.000439676301744289,4,5.08568101082996e-07,0.149346475251768,0.666666666666667
"450901b7-6138-4ca2-83c3-81b7b0e5acd9",1,6,0,3.10747935940628,4,0.0158552316393157,0.000184197190088324,4,0,0.236953935067143,0.75
"78d140d8-66f6-483e-9bed-fad417405771",1,6,0,3.10747935940628,4,2.25738881352178e-17,0.000387611922942342,4,0,1,1
"593d9667-e32b-41f3-a42f-1d1bf8e4e399",1,10,0,4.32332358381694,5,0,0.000295987864725525,5,0,0.521739130434783,1
"0c41b966-12e8-4c9b-87ea-af47798987b6",0.5,18,18,7.40385168474228,9,0.00334598894356395,0.000536970078571873,6,0.00211767757290959,0.18661311914324,1
"3ebf1451-e5db-4cb9-b140-7ba22ba83a8d",1,3,0,1.89636167648567,3,0.0010657184061794,0.000195576235692416,3,0,0.206886316414366,0.666666666666667
"e68f2984-b0e9-42d7-b132-9570b7c75e29",1,3,0,1.89636167648567,3,4.11848202502171e-17,0.000387611922942497,3,0,1,1
"2d973513-8faa-48c0-b30d-6bd59d6918ca",1,1,0,0.786938680574733,2,4.90211061867212e-17,0.000387611922942295,2,0,1,1
"7c9c8018-bae6-4d06-b201-643f5eb1c39f",1,3,0,1.89636167648567,3,0.000165556869571217,0.000230633531178329,3,0,0.17780612244898,0.333333333333333
"0fb41597-d1a0-480c-93f3-9ecd8b2daa0d",1,1,0,0.786938680574733,2,5.29418217340509e-17,0.000387611922942038,2,0,1,1
"76bf7aec-83f0-47a9-8964-eea180b99ac2",1,3,0,1.89636167648567,3,0.000638703328768078,0.000181742779391005,3,0,0.178832584990378,0
"73287780-d7a2-4e33-a1a4-0db62e9cb050",1,10,0,4.32332358381694,5,4.00583598924923e-07,0.000378087057993042,5,0,0.13463395789067,1
"b6fdd3f0-6a85-4089-a6bf-c34939de0150",1,3,0,1.89636167648567,3,3.95083943490806e-05,0.000209503486231022,3,0,0.172909947903746,0.666666666666667
"94dbfe2e-ca48-4e08-a5a8-e1e74136c63d",0.766233766233766,177,54,21.9799569724632,22,0.0398041955538492,0.000593374953863672,16,0.000494710924111651,0.233110367892977,0.681818181818182
"c5af5794-9050-4449-b47c-dec1cad48a57",1,1,0,0.786938680574733,2,5.0513837962306e-17,0.000387611922942038,2,0,1,1
"9f6c4f5a-278a-4c46-aaed-bf5410f013c5",1,28,0,7.75842093262145,8,0,0.000441546381390631,8,0,0.666666666666667,1
"05f3353e-e2d9-4344-a3c9-8009dd8e0427",0,0,0,0,1,3.99253891831128e-17,0.000387611922942887,1,0,1,1
"d22f7657-5e76-4ea0-a2e9-49bdc56eeb43",1,36,0,8.83515925000139,9,0.00365265990226526,0.000395302979335579,9,0,0.204009951704961,0.777777777777778
"6100fb19-ce8d-4ad4-873a-0d16d7024c66",0,0,0,0,1,4.10531504379102e-17,0.000387611922942591,1,0,1,1
"4115e0de-8fd0-4416-9b9e-43c61290c8ac",0.858974358974359,67,11,12.3460361022876,13,0.0382743139262668,0.000448370013617368,12,0.000170790857222607,0.224512803994202,0.923076923076923
"142b343d-bf5a-428c-a64f-6d1a7566bbe9",0,0,0,0,0,5.25564033535461e-19,5.81417884416849e-05,0,0,0,0
"779f54f8-732b-49b9-8fd8-2e9538a272ea",1,1,0,0.786938680574733,2,4.57844299007417e-17,0.000387611922942038,2,0,1,1
"fc017c37-5f0a-4fd9-823e-9cd8f51e8ece",0,0,0,0,1,3.99348309351811e-17,0.000387611922942591,1,0,1,1
"10587e37-c76a-4530-ac32-86203752cd5e",1,1,0,0.786938680574733,2,4.68644056308686e-17,0.000387611922942038,2,0,1,0
"91faf71d-89f3-4bd6-8a54-3701a0dd753f",0,0,0,0,0,5.25564033535461e-19,5.81417884416849e-05,0,0,0,0
"6e77c1ca-3dbe-42c1-8755-cf77635ff981",0,0,0,0,0,5.25564033535461e-19,5.81417884416849e-05,0,0,0,0
"e3492ea0-5997-4241-a7bf-2fd7fb1bfad1",0.339901477832512,138,268,25.7175416222446,29,0.00744669481189919,0.00121508383785569,15,0.00927975063651089,0.226445743989604,0.931034482758621
"7f56e48d-50d8-441d-a346-22ada2e4e284",1,6,0,3.10747935940628,4,2.16734020618611e-17,0.000387611922942609,4,0,1,1
"cce12765-786d-410b-8ed0-8cd9f1b2cd6f",1,1,0,0.786938680574733,2,5.15959633093335e-17,0.000387611922942038,2,0,1,1
"b2c2d4fe-8c1e-44ec-8be6-ff500e105a90",0.333333333333333,2,4,1.41905923940329,4,5.80265418316143e-17,0.000488716377114609,2,1.61470372093851e-05,0.3,0.5
"7d79dff5-0bff-4b29-88d3-9e8ab19b6f2d",1,3,0,1.89636167648567,3,3.27294755448255e-17,0.000387611922942497,3,0,1,1
"c96af26a-6b62-4190-b707-20c057e31c17",1,3,0,1.89636167648567,3,2.80220021855389e-17,0.000404138550972088,3,0,0.8,1
"0d79fe8e-ba27-4859-bb8c-2f255f346853",0,0,0,0,0,5.25564033535461e-19,5.81417884416849e-05,0,0,0,0
"674bf89f-8e70-4472-929d-6b4ed6f98c88",1,6,0,3.10747935940628,4,4.22859319290752e-05,0.000365019866335055,4,0,0.16415449835139,0.5
"d5d97b2b-b83b-4976-814a-056d9076c8c3",1,15,0,5.50749000825661,6,0,0.000321698166945576,6,0,0.65,1
"c2e49f7a-cd6f-48ca-8596-b03614ea4fe8",0.866666666666667,39,6,9.63364901690444,10,0.016433293794176,0.000407924641583051,9,3.81426075812247e-07,0.215023908684251,0.9
"dcd95aa4-f3ff-492d-a621-8518ada0f58b",1,1,0,0.786938680574733,2,4.91348043718944e-17,0.000387611922942038,2,0,1,1
"65f227f7-6d11-4eb7-b0ed-ad87599d2b0a",1,3,0,1.89636167648567,3,0,0.000270118667019371,3,0,0.666666666666667,1
"85de81eb-23d1-4536-b757-e0dda9c57129",1,6,0,3.10747935940628,4,0.00389745318393025,0.000278362575514046,4,0,0.178557704624055,1
"fb408407-e377-48c7-9df7-81dec8dd9099",0.875,105,15,14.9863217705167,16,0.0528957568098762,0.000509357691142343,15,0.00108323869808866,0.227517545291333,0.9375
"49a0caf5-d4f5-4571-b360-211990f63194",0.247368421052632,47,143,17.084482795788,20,0.00691133669472891,0.00084239004163278,7,0.00871807751629613,0.230756497268664,0.45
"59b5ea0e-a532-4128-9b35-7cc38c58e6e8",1,1,0,0.786938680574733,2,1.96618290450378e-17,0.000317511894324954,2,0,0.75,1
"5851d2ff-a9ce-49bf-bafb-08574cc22d69",0.523809523809524,11,10,5.32193340869553,7,0.0070666573864837,0.000324166582124758,5,0.000268392796693257,0.224585145803125,1
"e16cc224-7803-46cb-8615-ccf9068199a1",1,3,0,1.89636167648567,3,2.91454641103293e-17,0.000404138550972053,3,0,0.8,1
"6fca9aa3-8e72-40c0-bac9-7c4b73c9786e",0.75,27,9,8.29964448956548,9,0.00115065587512676,0.000436862996227837,7,0.000147265194960052,0.197226938313526,1
"d6b93263-0f35-4fa7-a8a3-ab430275749e",1,3,0,1.89636167648567,3,3.58600948224027e-17,0.000387611922942497,3,0,1,1
"79c21416-2c9d-4d91-92c0-94fdf6ee5df9",1,15,0,5.50749000825661,6,0,0.000387611922942153,6,0,1,1
"f434ae2b-b203-490d-a8ac-aa9cd51c0e73",0,0,0,0,0,5.25564033535461e-19,5.81417884416849e-05,0,0,0,0
"cb525a30-b590-448f-b94d-fab86e0e8756",0,0,0,0,0,5.25564033535461e-19,5.81417884416849e-05,0,0,0,0
"20244d07-534f-4eff-b4d4-930878889970",1,3,0,1.89636167648567,3,3.36637012189426e-17,0.000404138550971882,3,0,0.8,1
"186edc09-db32-4d4f-ba71-eed418630c83",1,6,0,3.10747935940628,4,7.52437250631468e-06,0.000254345304423439,4,0,0.155632466227532,1
"22804f50-38f7-4639-a2a8-a790c4c10108",1,3,0,1.89636167648567,3,4.22590495691252e-05,0.000221820702888832,3,0,0.164522601203824,1
"8456e9f7-debf-4579-a86c-33a325a35d2d",0,0,0,0,1,3.95678888085899e-17,0.000387611922942591,1,0,1,1
"2e89c3b1-dc28-4eca-945c-50cdb041e494",0.466666666666667,7,8,3.89441803998101,6,0.00275355535155006,0.000366925154372326,4,6.61510258550245e-05,0.191852463528764,0.333333333333333
"10adbe5e-a2c0-4bf3-8249-2b4cbf6e6ca8",0.496732026143791,76,77,17.2087454033922,18,0,0.000742786415029637,9,4.75511174512601e-06,0.515151515151515,0.277777777777778
"0f550ce5-470b-46e4-a199-0a7e7ab553dd",1,1,0,0.786938680574733,2,4.68642283657753e-17,0.000387611922942295,2,0,1,1
"e9ac8a5f-da51-496d-b2f0-9b42090232dc",0.666666666666667,24,12,8.2290228780171,9,0.00210992094262188,0.000374195716886606,6,0.0005152973979512,0.211404306945708,0.777777777777778
"ffb77292-9712-4d03-94aa-bdb1d4771d38",0.6,6,4,3.29924501455944,5,4.4930130452333e-17,0.000484262232434058,3,1.52570430324899e-06,0.555555555555556,0.6
"19ffc3c3-9d92-46ad-b8e1-52c7212fe010",1,21,0,6.65149052142495,7,0.0300151962925451,0.000254603430853429,7,0,0.221234724646881,0.571428571428571
"415e30a0-116b-4a4f-8cbf-8d0f6406bbab",1,21,0,6.65149052142495,7,0,0.000387611922942188,7,0,1,1
"46f70f03-d259-4314-b926-2db36c28d86f",0,0,0,0,1,3.96314639675774e-17,0.000387611922942591,1,0,1,1
"f93bac9e-b20a-403e-abc9-06a2fc151df1",1,10,0,4.32332358381694,5,1.03332198726623e-05,0.000363184437686864,5,0,0.15112749349523,0.8
"ae002c5d-aac6-490b-a39a-30aa9e2edf2b",0.533333333333333,24,21,8.54785219791063,10,0.0012221947151826,0.000585351428815738,7,0.00106112734290967,0.192116868798236,1
"9ed34f6b-8429-4e14-913c-bdf3c932fe87",1,6,0,3.10747935940628,4,4.09063107788029e-09,0.000343046790892131,4,0,0.102901011294013,1
"081a2d60-9791-4e05-a075-f1890355eeee",1,15,0,5.50749000825661,6,0.00457393041175493,0.000348929958942735,6,0,0.189711486118672,0.833333333333333
"fce14ef9-e1df-4821-a4cd-e2ef9045460e",1,6,0,3.10747935940628,4,0.000518551496856913,0.000288138292284892,4,0,0.164231856738926,1
"3f611c40-fa51-426f-9c4a-d71950de7622",1,1,0,0.786938680574733,2,4.87439953833071e-17,0.000387611922942038,2,0,1,1
"2d92239c-44c5-47c5-afe0-44baf9b64629",0.361111111111111,13,23,6.2499172507948,9,6.46041754222586e-05,0.000459539747200042,5,0.000539306653628655,0.168663036902601,0.444444444444444
"183da50a-b033-408e-862b-cab1c2425cff",1,3,0,1.89636167648567,3,9.60232098447547e-07,0.000255746321144226,3,0,0.145390070921986,1
"3f12a151-46d1-4814-bb14-4d1b05e6a30c",0,0,0,0,1,3.9653760038509e-17,0.000387611922942591,1,0,1,1
"c24d48ad-6cf5-4391-aad4-5ed02ba1580e",1,15,0,5.50749000825661,6,0,0.000338407482428451,6,0,0.396825396825397,1
"db4713f0-54ed-4da6-9932-ef70d065402f",1,1,0,0.786938680574733,2,5.25837189288076e-17,0.000387611922942295,2,0,1,1
"ab966c0f-e526-46ae-b492-82c27b87f81f",1,1,0,0.786938680574733,2,4.85318980247053e-17,0.000387611922942295,2,0,1,1
"233fc3f3-6de2-465c-985e-e721dbabbace",1,6,0,3.10747935940628,4,2.18722297561057e-17,0.000387611922942342,4,0,1,1
"d74e306c-14fe-4816-a821-b2ec554f9edb",1,1,0,0.786938680574733,2,5.21569935433289e-17,0.000387611922942038,2,0,1,1
"539b1c6c-4414-4b6a-8b3e-1e114fc00b30",1,1,0,0.786938680574733,2,5.03609356792619e-17,0.000387611922942038,2,0,1,1
"ba0e7638-0cd6-4ff4-8987-c3e224d22c23",1,3,0,1.89636167648567,3,3.85457217436871e-17,0.000387611922942497,3,0,1,1
"9f75277c-b283-4846-ac8c-f932255cd0ac",0.379084967320261,58,95,16.1085952949202,18,0.0362730462143339,0.000702405515476815,10,0.00432822625527288,0.244776119402985,0.444444444444444
"de5d7601-f6fa-4efa-ae3f-7005a2b89a1b",1,6,0,3.10747935940628,4,0,0.000291332753936519,4,0,0.5,1
"e30acb2c-cb87-4fdb-aa77-bcc658b79e6e",1,21,0,6.65149052142495,7,0.00180424685786508,0.000325800356620938,7,0,0.206886316414366,0.857142857142857
"51eaa05a-762b-4b7d-a6ca-91b4391677d8",1,6,0,3.10747935940628,4,0.0043790787056259,0.000256821873225304,4,0,0.185323052379686,1
"f6503f59-ac71-44b9-a376-1bbc43f74d94",1,1,0,0.786938680574733,2,1.21501058158405e-17,0.000294283177458275,2,0,0.6,1
"e1657344-3f5c-46c5-ae1f-4be0086616e2",1,105,0,14.9863217705167,15,0.00711978265539305,0.000497928010116053,15,0,0.220047355958958,0.933333333333333
"d45e5fba-2475-4c2a-ad8a-085a53b83f87",1,3,0,1.89636167648567,3,1.86792267419872e-17,0.000350306899188549,3,0,0.341463414634146,1
"751211d7-1ddb-41d7-bb2e-06af49c08fac",0.785714285714286,22,6,7.39248228738812,8,0,0.000441242680660436,6,8.89994176895243e-07,0.75,1
"3de93aad-ff09-42a8-bb3e-c724f9ff4061",1,190,0,19.9985029634022,20,0.903585867658377,0.000507526612083644,20,0,0.210161314638927,0.85
"c8b868fe-6217-4908-b73a-fc7ecf605b8a",0.485714285714286,51,54,14.3318875888097,15,0,0.00068113465107066,7,6.40795807364575e-06,0.8,1
"87c5dedd-371d-4a53-9f7f-80522fb7f3cb",0,0,0,0,1,4.00648403435279e-17,0.000387611922942591,1,0,1,1
"c20ee61f-071f-4e65-9c81-45ee931a54ce",0.5,3,3,1.89636167648567,4,1.98224376598673e-17,0.000422573174493576,3,5.84853316245445e-06,0.363636363636364,0.25
"bf24ca37-25f4-4e34-9aec-460b94364cfc",0.428571428571429,12,16,5.49752316251917,8,0.000142934192860483,0.000556988856758416,4,0.000458014177707591,0.17578814627995,0
"29b550f2-04a3-4733-b6f5-4e347fac7e11",0,0,0,0,1,4.08119380241745e-17,0.000387611922942591,1,0,1,1
"ca8f5844-3ab9-4071-bdc3-376ca2f44a65",1,6,0,3.10747935940628,4,4.09063107449475e-09,0.000343046790892014,4,0,0.102901011294013,1
"dab79852-9a79-4d03-8d32-80de3cedadba",1,1,0,0.786938680574733,2,5.09230735248301e-17,0.000387611922942038,2,0,1,1
"a42fdc0b-09bc-4a6d-8ae6-db454bf0803a",1,36,0,8.83515925000139,9,0.0159140565064214,0.000366143935988589,9,0,0.214990746452807,0.888888888888889
"2944824d-4c26-476f-a981-be849081942f",1,1,0,0.786938680574733,2,4.95018847148027e-17,0.000387611922942038,2,0,1,1
"34557d8f-ee4a-44ab-ae6e-49bb8ac604d0",0,0,0,0,0,5.25564033535461e-19,5.81417884416849e-05,0,0,0,0
"51e90731-08c0-4f60-89b6-5b78e5844de8",1,1,0,0.786938680574733,2,5.10366510031082e-17,0.000387611922942038,2,0,1,1
"29a63713-6785-479d-aa0c-88c0cb8f9ea0",1,15,0,5.50749000825661,6,0.00464519795128209,0.000350087311002394,6,0,0.188837713356814,0.833333333333333
"ff9542ca-7859-4db2-8796-c1e3c39b9c0a",0,0,0,0,1,2.70081987337897e-17,0.000298565940644882,1,0,0.666666666666667,1
"cfbbf769-1a07-4a23-a23a-a87b5d6c1d19",1,6,0,3.10747935940628,4,0.00504968238049903,0.000205754490021748,4,0,0.221727373946238,0.75
"b0740928-e5bb-42d8-9c0d-0f0ed32867bf",0.35,42,78,14.5533594089714,16,0,0.000813592923945166,7,9.10760707689465e-05,0.471698113207547,1
"fcb6d9df-6cef-4f33-8850-7570bcc99718",1,15,0,5.50749000825661,6,0.0013101217520999,0.000335657676916486,6,0,0.199199771363247,0.833333333333333
"611700cf-27f0-4dc9-ae80-c513a767853e",0,0,0,0,0,5.25564033535461e-19,5.81417884416849e-05,0,0,0,0
"6f7f9c36-a848-46b8-b671-288ab1fa918c",1,36,0,8.83515925000139,9,7.09185359731678e-05,0.000377857187313126,9,0,0.16962764662935,1
"9a775c6e-9346-4b16-a611-cae1b1c6362f",0,0,0,0,1,4.24429809740642e-17,0.000387611922942591,1,0,1,1
"40109988-31da-4449-af1e-68654747dc3e",1,1,0,0.786938680574733,2,4.8061456454982e-17,0.000387611922942038,2,0,1,1
"a8c7ff7a-ebc0-42c7-8828-475decf0ccdd",0,0,0,0,0,5.25564033535461e-19,5.81417884416849e-05,0,0,0,0
"dc443ccc-65ec-4d4e-92eb-e6f951267fb6",1,6,0,3.10747935940628,4,0.000628529340580738,0.00029156415870636,4,0,0.176478035194328,1
"aabb1d9f-be12-45b3-a84d-a1fc3e8181fd",0,0,0,0,1,4.17426872005278e-17,0.000387611922942591,1,0,1,1
"970eed52-c6a3-4616-9f07-e712772ab2f3",1,36,0,8.83515925000139,9,0.00365265990226525,0.000395302979335509,9,0,0.204009951704961,0.777777777777778
"de250d68-9b30-4cfd-8c48-5cf288733bee",1,6,0,3.10747935940628,4,0.00389745318393025,0.000278362575513986,4,0,0.178557704624055,1
"15ee9456-7699-45f0-a83f-e08988ad9621",1,3,0,1.89636167648567,3,3.57779624362764e-17,0.000387611922942497,3,0,1,1
"dac606a0-a7ee-4ae0-9cba-91e8030e21fd",0,0,0,0,1,4.04351203749763e-17,0.000387611922942591,1,0,1,1
"52494f9b-789d-4467-bcaf-9915e70cc8f6",1,3,0,1.89636167648567,3,0.000531259268187905,0.000263652223132248,3,0,0.129529827169671,1
"66fc5bf8-daa4-4241-b378-9bc9077939d2",0.6,6,4,3.10747935940628,5,5.73210879986892e-17,0.000533827583222003,4,1.01713620216599e-06,1,1
"1b6f1ae8-5101-453c-90e5-6dce9cc0d88e",1,66,0,11.9509587427384,12,0.000147232549962904,0.000412783089901504,12,0,0.170749632533072,0.916666666666667
"80c69d16-ccfe-4ee9-b02a-1aaba5db26d1",1,28,0,7.75842093262145,8,2.19201116020541e-05,0.000446681336132125,8,0,0.142375651108161,1
"608be6ef-0690-4b93-ab63-55028bb879d7",1,6,0,3.10747935940628,4,0.000754353582999885,0.000280978177471057,4,0,0.17416291854073,1
"ed536e4c-5039-4751-8f1d-ec496bde8788",1,21,0,6.65149052142495,7,0.00225059603500399,0.000345269331972107,7,0,0.196920468992796,0.857142857142857
"cc7d4686-ea02-45fd-956e-94c1a322558c",0.523809523809524,11,10,5.11026226439167,7,0.00103485998930439,0.000449115576044391,5,0.00070792679670753,0.184196617336152,0.285714285714286
"702d6512-6c3d-4820-9d17-25462ad1a1dd",1,15,0,5.50749000825661,6,0.00127826910653933,0.000350994295601873,6,0,0.177647508602014,1
"8032cf05-d916-4b2a-9c53-6e75d4a24bd8",0.252747252747253,23,68,10.1725528351557,14,0.00621388604091287,0.000808102572863943,4,0.00406236317552054,0.205513784461153,0.857142857142857
"e0f608de-b289-46eb-aba6-bcce89fd9d2d",1,190,0,19.9985029634022,20,0.903585867658377,0.000507526612083564,20,0,0.210161314638927,0.85
"860d7dc2-618d-437e-a3bb-7b91c2d40095",0,0,0,0,0,5.25564033535461e-19,5.81417884416849e-05,0,0,0,0
"31ee774b-6248-48d5-a8b5-0d9bebeaba9d",1,1,0,0.786938680574733,2,1.17081914659805e-17,0.000276246073292001,2,0,0.285714285714286,1
"529a7b1b-f7bd-4c09-9f03-2227ab779a61",1,6,0,3.10747935940628,4,2.4146322156169e-17,0.00038761192294248,4,0,1,1
"f24331eb-da48-430b-ad7d-48796a5b6255",1,3,0,1.89636167648567,3,1.40797434415832e-06,0.000295793979491078,3,0,0.145678754310795,0.666666666666667
"2a2b4909-4b47-49ae-b8c8-35ffb6d47ece",1,3,0,1.89636167648567,3,0.00210283967631305,0.000219789715402516,3,0,0.183711122825514,1
"3260ce89-5eb0-4c6a-89c7-379c0dfc2ab9",0.318181818181818,21,45,9.30021336122795,12,0.00621889849030903,0.000611822385882666,6,0.00106003025360933,0.216796267496112,0.25
"9f6a8346-15f3-4ec4-a632-f5270b0945a3",0,0,0,0,0,5.25564033535461e-19,5.81417884416849e-05,0,0,0,0
"5721c227-4caf-48b1-bbfc-1a4ed3276963",0.169934640522876,26,127,13.4317963465384,18,0.0132737068529675,0.000882634074073604,7,0.00561841235646733,0.250314239540312,0.111111111111111
"6bd5655c-b7fe-48ee-8925-c2d2d8798618",0,0,0,0,0,5.25564033535461e-19,5.81417884416849e-05,0,0,0,0
"3fb75d97-5dfd-4e72-9aee-1904aa4268f4",0.5,3,3,1.95727786071367,4,4.87525450836071e-17,0.000513758378892475,2,3.81426075812247e-07,0.5,0.75
"870df552-bcb0-46a6-b17b-f5f04ff04936",1,1,0,0.786938680574733,2,6.28768375120374e-05,0.000149680891057451,2,0,0.173642252117588,1
"f84eb94a-1953-4955-94bc-e9385c4e43f8",1,6,0,3.10747935940628,4,2.66242453922206e-17,0.00038761192294248,4,0,1,1
"2a7ef045-ca10-4cb5-8fe9-1f5d38e84bc2",0,0,0,0,0,5.25564033535461e-19,5.81417884416849e-05,0,0,0,0
"e13a9aa0-c60c-45e8-9009-010a2752ea8e",1,36,0,8.83515925000139,9,0.00365265990226526,0.000395302979335438,9,0,0.204009951704961,0.777777777777778
"58a5d932-03bd-422a-8456-376fb7e5fba4",1,3,0,1.89636167648567,3,3.67396207679686e-17,0.000387611922942656,3,0,1,1
"7c61a5bc-3d87-46bc-9734-ae86645b36af",1,6,0,3.10747935940628,4,7.52437250631904e-06,0.000254345304423404,4,0,0.155632466227532,1
"a0a54c69-b0d2-4d2a-bcf8-994b8846b0d8",1,3,0,1.89636167648567,3,3.99041244968104e-17,0.000387611922942497,3,0,1,1
"4060586a-8e79-43a1-8397-94458f5b9146",1,6,0,3.10747935940628,4,7.10006850131673e-05,0.000297918282672819,4,0,0.162622491833878,1
"4c501a41-5f23-41c9-a36a-5b86e894e08d",0,0,0,0,1,1.27859007598855e-17,0.000219246475736394,1,0,0.6,1
"9d027d72-790e-40ec-bbb7-61aa613457de",0,0,0,0,0,5.25564033535461e-19,5.81417884416849e-05,0,0,0,0
"38fbbbdf-90be-4fd3-a2d2-9ae29a9a81b3",1,6,0,3.10747935940628,4,0.00135701351335215,0.00022450799513271,4,0,0.208526551982049,0.5
"f2651b63-a44d-4d1d-ba64-d981d971ecd1",0.260869565217391,72,204,22.1929344030779,24,0.022034259981116,0.000970783452365716,8,0.00344840514904638,0.253639010189229,0.291666666666667
"a05b6bdb-d500-4ca8-93de-79aecb4a1ee7",1,6,0,3.10747935940628,4,0,0.000228692390354642,4,0,0.590909090909091,1
"362105d1-8f4f-4ba1-949f-3e70183880b5",1,3,0,1.89636167648567,3,2.89309888336194e-17,0.000404138550971921,3,0,0.8,1
"634fe78e-fc6b-4b2a-ba83-c8c66e13a8aa",0.285714285714286,8,20,4.71830425396273,8,9.46028265476441e-07,0.000731486694421,3,0.00140053123734881,0.149250535331906,0.875
"420c6768-0885-415a-bb59-d6a275121125",1,3,0,1.89636167648567,3,4.31608958367516e-17,0.000387611922942497,3,0,1,1
"a0327dc2-dc76-44d5-aec6-47cd2dff1469",1,1,0,0.786938680574733,2,4.10141979887467e-07,0.00017010261524418,2,0,0.143371387431863,1
"294ae9b7-1ea7-431a-997f-8f28690f3c08",1,36,0,8.83515925000139,9,0,0.000387611922942161,9,0,1,1
"f6af669a-56ea-448a-a044-de76181ada33",0,0,0,0,0,5.25564033535461e-19,5.81417884416849e-05,0,0,0,0
"aa6c3b53-4091-495a-8399-4d3e5e5a404a",1,28,0,7.75842093262145,8,0.000563791970976195,0.000389371074496187,8,0,0.189453655884751,0.875
"36d1c657-7b0e-4578-a4ce-916ec61307ba",0,0,0,0,1,3.85338299619593e-17,0.000387611922942591,1,0,1,1
"c1d4f2ba-cf39-460c-9528-6b827d3417a1",1,3,0,1.89636167648567,3,3.98855634933256e-17,0.000387611922942497,3,0,1,1
"8ab64ebd-200e-47af-a3fc-92540e186214",0,0,0,0,0,5.25564033535461e-19,5.81417884416849e-05,0,0,0,0
"405528df-2632-4730-80fc-83e775a97651",1,28,0,7.75842093262145,8,0.13786832877442,0.000304622940626627,8,0,0.190437158469945,0.875
"7cbc26a8-06f5-4064-b7db-cb9c6a81aaf2",1,28,0,7.75842093262145,8,2.19201116020479e-05,0.000446681336132045,8,0,0.142375651108161,1
"52a6be71-904a-42d4-a81b-ff62f8fe8da8",1,10,0,4.32332358381694,5,4.0058359893172e-07,0.000378087057992957,5,0,0.13463395789067,1
"2c539200-2ad9-40c8-925a-118ed8c7b225",1,21,0,6.65149052142495,7,0.000739069919634944,0.000336774424617477,7,0,0.19122085048011,0.857142857142857
"adab38f4-297d-4af8-9450-4e84697240e7",1,6,0,3.10747935940628,4,1.90139853991744e-17,0.000387611922942342,4,0,1,1
"9e885dfe-5cd3-454f-99fc-d28847de6ce2",1,6,0,3.10747935940628,4,0.000518551496856915,0.000288138292284816,4,0,0.164231856738926,1
"407f2ad5-7f2a-4a03-9be1-199ebb754f0d",0.428571428571429,12,16,6.21495871881256,8,0,0.000447536204712835,5,6.76395574440384e-05,0.490196078431373,1
"be540c02-7898-4b79-9acc-c8122c7d9e83",0,0,0,0,1,3.92596372160677e-17,0.000387611922942591,1,0,1,1
"5b64e344-b2fb-47bd-bd7b-4c793b17d472",0.222222222222222,34,119,12.9151961527903,18,0.0137840378634087,0.000871070842339636,7,0.00947800279950893,0.2431536717251,0.777777777777778
"c10b2fc6-8eb1-41e8-89fc-5ad4ced0e01a",1,21,0,6.65149052142495,7,6.25756778291526e-07,0.000383482771593477,7,0,0.13495982186078,1
"fa4957d7-0de1-4ffa-bf9f-840a622683e8",1,1,0,0.786938680574733,2,3.52714225802364e-17,0.000381298218671947,2,0,0.75,0.5
"b51c672b-85e0-48fe-8648-470a2422229f",0,0,0,0,0,5.25564033535461e-19,5.81417884416849e-05,0,0,0,0
"70047e57-0153-4117-b0fc-a1d2e322e5ef",1,1,0,0.786938680574733,2,4.52316513374285e-17,0.000387611922942038,2,0,1,1
"325ff0e9-6531-48d7-b454-0ea9ab5cd7dc",1,36,0,8.83515925000139,9,0.0084103232217258,0.000389623233869053,9,0,0.215356094546578,0.777777777777778
"3a253016-1d62-487a-9dd6-23c7e9a2b7ff",1,66,0,11.9509587427384,12,0.0380776372440357,0.000400059812889412,12,0,0.224476650563607,0.916666666666667
"6d24f102-5c43-453a-8664-4ee092f441cf",0.6,6,4,3.10747935940628,5,4.01712922120334e-05,0.000512302844206152,4,0.00070792679670753,0.163884316952739,0.2
"bbbe3da3-0563-429f-8394-5c546cc8b9bc",1,21,0,6.65149052142495,7,0.00872160410630962,0.000352792492616845,7,0,0.19614464612354,1
"9ef62999-43b9-408f-9bc8-434b005c388c",1,66,0,11.9509587427384,12,0.000147232549962927,0.000412783089901425,12,0,0.170749632533072,0.916666666666667
"ceb3f5b7-9f1a-430f-afbe-976fdcf30482",1,6,0,3.10747935940628,4,0.000259356378945955,0.000265295634155654,4,0,0.17333996518279,1
"99075985-0d80-4692-a15e-b16f78831792",0,0,0,0,0,5.25564033535461e-19,5.81417884416849e-05,0,0,0,0
"08415f3b-6402-4800-8d62-4d6d1557b85b",1,21,0,6.65149052142495,7,0,0.000347976105446361,7,0,0.606060606060606,1
"3bd2a147-7d1d-4cf6-b13b-1f3ae1246c58",1,36,0,8.83515925000139,9,0.0277068939187004,0.000307874748509039,9,0,0.225092846762474,1
"03f3deb7-0419-4bf9-a1e7-511946385717",1,21,0,6.65149052142495,7,0,0.000387611922942092,7,0,1,1
"44f42386-a733-4b51-8298-fe5c807d03aa",0,0,0,0,0,5.25564033535461e-19,5.81417884416849e-05,0,0,0,0
"ee88db2a-042d-4f39-9a97-d3482dee7dba",1,21,0,6.65149052142495,7,0,0.000339959672945278,7,0,0.606060606060606,1
"a66999a7-ae5c-460e-ba94-1a01143ae847",0,0,0,0,0,5.25564033535461e-19,5.81417884416849e-05,0,0,0,0
"4593d49a-7f67-46ba-9ec0-126bd676286f",0,0,0,0,0,5.25564033535461e-19,5.81417884416849e-05,0,0,0,0
"e16bd03f-a317-4e84-923c-086f51ee8b4b",1,6,0,3.10747935940628,4,2.4443337600431e-17,0.000387611922942342,4,0,1,1
"c7423e0c-ab3e-4ab4-be10-cdff5a9d3062",0.666666666666667,10,5,4.68835539241156,6,3.86898348160651e-17,0.000496636113012917,4,4.66187425992746e-07,1,1
"502cf908-9921-48bc-bf0e-265c881c0156",0.5,3,3,1.89636167648567,4,1.63415169145177e-10,0.000480193422128614,3,0.000354217682404307,0.101559084948273,0.75
"348d9656-7db6-4efc-92c9-69615bd580d8",0.41025641025641,32,46,11.6139174582894,13,0.0120468541137533,0.000492875175291456,8,0.0016128439434979,0.245249824067558,0.692307692307692
"36bfa85f-737b-41db-a8fc-b8825850ffc3",0.428571428571429,12,16,6.21495871881256,8,7.23475914406082e-17,0.000659339868922774,4,4.06854480866397e-06,1,1
"88b0ef74-9da8-4998-8e3b-70687575588c",1,1,0,0.786938680574733,2,4.35266516961065e-17,0.000387611922942038,2,0,1,1
"12eab90b-6b40-40ed-9ab0-b43c5ba09beb",0.666666666666667,24,12,7.9472030685612,9,0,0.000522152568522038,7,1.52570430324899e-06,1,1
"9759df23-f2a5-4887-8926-e62ef15d7e6c",0.666666666666667,24,12,7.9472030685612,9,0.0084044576774786,0.000428065425782224,7,0.000130473747574173,0.220047355958958,0.777777777777778
"bf992f64-5c05-46c5-af86-2267727246b9",1,28,0,7.75842093262145,8,0.0820544021984265,0.000345799115369465,8,0,0.219700551615445,0.625
"49ee6f7f-2c69-42d8-9c06-253c408f72a8",1,1,0,0.786938680574733,2,1.56822956410543e-17,0.000273842797596564,2,0,0.235294117647059,1
"2d4982a6-b093-41aa-8773-619220ea2812",0.454545454545455,25,30,9.83081359207354,11,0,0.00058591656198033,6,8.34051685776113e-05,0.505050505050505,1
"b6d7ec94-830c-44dd-b699-ce66556b7e55",1,1,0,0.786938680574733,2,0.00342918523113145,0.000174396330808372,2,0,0.177466581795035,0.5
"08f6e184-8da3-4715-a299-33e278087082",1,15,0,5.50749000825661,6,0.000275331797724422,0.000335756781474013,6,0,0.177647508602014,0.833333333333333
"f0874fae-9251-4dc8-9a48-2b71f6502a10",1,28,0,7.75842093262145,8,0,0.000355580429096222,8,0,0.447368421052632,0.5
"bc37c604-a619-4ca8-a0f2-44ae1e2c8cc2",1,15,0,5.50749000825661,6,0.000275331797724431,0.000335756781473944,6,0,0.177647508602014,0.833333333333333
"b27d089c-6b08-4067-9293-406cebde0374",0,0,0,0,1,5.14884218820948e-05,0.000124187026482959,1,0,0.166110581506196,0
"8d455809-96b3-4bb6-8829-ea4beb580d35",1,6,0,3.10747935940628,4,2.11086124052491e-17,0.000387611922942342,4,0,1,1
"a96ac800-bfcb-412a-8a63-0a98df600700",1,3,0,1.89636167648567,3,3.63037145910596e-17,0.000387611922942497,3,0,1,1
"4ebb5ad3-9018-407d-8c24-c03011ab9ac6",0.333333333333333,2,4,1.57387736114947,4,9.09848045439179e-17,0.000618819034873657,2,1.01713620216599e-06,1,0.5
"b8ac29a7-6b59-4f49-bcbc-c870b2d56764",1,10,0,4.32332358381694,5,5.48773838979425e-07,0.000325275565191222,5,0,0.134933694705256,1
"8e346269-5371-468b-9d4d-6f8daa278bc3",1,1,0,0.786938680574733,2,1.50903613762446e-05,0.00019906450849412,2,0,0.142288455649689,1
"36aa434c-6823-44b7-b5a6-53bde476c642",1,1,0,0.786938680574733,2,4.75981428626796e-17,0.000387611922942038,2,0,1,1
"db4da9ba-c52b-4df9-876f-7c6db3582256",1,6,0,3.10747935940628,4,2.48782477516112e-17,0.000387611922942342,4,0,1,1
"11e9104f-ad49-4e33-bc7f-6b98862f256a",1,66,0,11.9509587427384,12,0.00196577750174617,0.000421009983995261,12,0,0.206886316414366,0.916666666666667
"192ccbd4-9c06-4302-be05-c2cd494b86d5",0,0,0,0,1,3.98468077163515e-17,0.000387611922942591,1,0,1,1
"000fc734-b7e1-4a01-92d1-f544261b43f5",1,3,0,1.89636167648567,3,2.00665625866675e-17,0.00025763057712088,3,0,0.326923076923077,1
"b2dba0a6-188c-45d9-86a1-877e131e05ee",1,1,0,0.786938680574733,2,2.38921947343722e-17,0.000377683139381174,2,0,0.666666666666667,1
"df918064-70d3-4022-86cc-9c3a1186e63a",1,3,0,1.89636167648567,3,3.78291070203031e-17,0.000387611922942497,3,0,1,1
"e2adad86-2ca4-4a21-a4be-3b5f8ead8452",0,0,0,0,1,3.66555033251411e-17,0.000387611922942591,1,0,1,1
"b7ec322e-3450-4bd0-ac3c-1e2e9744e32b",1,55,0,10.9258825830101,11,0.00439103975956875,0.000404598166211298,11,0,0.208651399491094,0.909090909090909
"4f8ef4a3-40fa-46b5-8773-97686a8424f4",1,1,0,0.786938680574733,2,5.30356492070531e-17,0.000387611922942038,2,0,1,1
"9206c04c-c2e0-46dd-997c-2b31c6be3f1a",0.8,8,2,3.91518967205847,5,3.61629496848771e-17,0.000441157757902265,4,1.69522700360999e-07,1,1
"123814ce-f7f7-44c9-b84d-0088b1e230a4",0.733333333333333,11,4,4.88635495804729,6,1.03975957605278e-06,0.000430163781808272,4,0.000205821748575792,0.145329441201001,0.5
"494e8d09-f85b-4543-892f-a5096aed1cd4",0.164502164502165,38,193,15.696336737069,22,0.0689164899014994,0.00127861223980665,6,0.0115197374051643,0.226851098454028,0.0909090909090909
"2bab20bf-8dab-4af8-b7b0-ba8e30860261",1,6,0,3.10747935940628,4,6.49823890215732e-18,0.000353645929694554,4,0,0.666666666666667,1
"b3977da4-f899-4328-921b-ecc599a5618a",1,21,0,6.65149052142495,7,0,0.000360071392946899,7,0,0.376811594202899,1
"619cbce5-7bfa-4f46-b2aa-6a19c1e96d50",1,36,0,8.83515925000139,9,0,0.000387611922942083,9,0,1,1
"614e3804-7d34-41ba-857f-811bad7c2b7a",0,0,0,0,0,5.25564033535461e-19,5.81417884416849e-05,0,0,0,0
"044fd265-79dd-43eb-afc4-8b20becf7e17",0.6,6,4,3.10747935940628,5,0.000514883918748604,0.000315174601535491,4,0.00267316574705938,0.195374912403644,0.2
"23793dda-dc14-46b3-8d71-bb38e068fb3e",1,3,0,1.89636167648567,3,0.00362400702831654,0.000152706031323222,3,0,0.215956622773044,0.333333333333333
"415e7f97-1017-48cd-a366-6f2009f6b999",1,3,0,1.89636167648567,3,5.76279212800034e-05,0.000257896250527925,3,0,0.1655975291043,1
"ca891d65-d9b0-4258-89f7-e6ba29d83767",0,0,0,0,0,5.25564033535461e-19,5.81417884416849e-05,0,0,0,0
"1226cb0d-03d3-4021-801a-a74408575abf",1,1,0,0.786938680574733,2,3.4803352131285e-17,0.000381298218671947,2,0,0.75,1
"60b66752-b8ca-4f48-bfd6-b997449c020b",1,3,0,1.89636167648567,3,0.000491965278373235,0.000207893286016646,3,0,0.187214611872146,1
"d17db264-e208-4ab2-8cd0-1e98f4ee2655",1,3,0,1.89636167648567,3,4.38904038185303e-17,0.000387611922942497,3,0,1,1
"f4d5cc07-3bc9-4836-9b15-88a08359bc63",0,0,0,0,0,5.25564033535461e-19,5.81417884416849e-05,0,0,0,0
"b4b5b5a7-feff-47d0-9458-83d0d135a692",1,1,0,0.786938680574733,2,6.83674775371038e-05,0.000192449500528377,2,0,0.16618979494516,1
"0383dadf-2a4e-4d10-a46a-e9e041da8eb3",0,0,0,0,0,5.25564033535461e-19,5.81417884416849e-05,0,0,0,0
"97e69730-3791-423b-9770-287261588854",1,1,0,0.786938680574733,2,4.89722625909075e-17,0.000387611922942295,2,0,1,1
"4bb4e4e4-5f66-4509-98af-62dbb90c45c5",1,3,0,1.89636167648567,3,3.9096458511298e-17,0.000387611922942497,3,0,1,1
"2f4719c5-58c5-4d5d-b09c-b7c5fb1450da",1,6,0,3.10747935940628,4,1.31976999273838e-17,0.000410737869210883,4,0,0.833333333333333,1
"0b427dad-1ee5-48f1-aa4b-026680a3338e",1,6,0,3.10747935940628,4,0.000518551496856917,0.000288138292284735,4,0,0.164231856738926,1
"d616b606-cf6a-4b6e-ab0f-e253b8db6610",0.226726726726727,151,515,34.8351694727296,37,0.00992904719745359,0.00142368193355193,11,0.0113911648551205,0.234443323242516,0.918918918918919
"69a9484c-7f7f-4914-b216-0aa745dcfab4",1,1,0,0.786938680574733,2,5.26898323347134e-17,0.000387611922942038,2,0,1,1
"9167f739-da47-4495-9d63-9c13b40114ac",0,0,0,0,1,3.81801652289126e-17,0.000387611922942887,1,0,1,1
"27638856-79a1-4495-b7da-1912899560c7",1,3,0,1.89636167648567,3,3.66716523537557e-17,0.000387611922942497,3,0,1,1
"3b85c9e2-cb55-4087-91af-6655a8103aec",1,15,0,5.50749000825661,6,0.000219308088119582,0.000373219300098432,6,0,0.157371867238654,1
"d75d1f08-bbb8-4eae-9877-399ca9121197",0,0,0,0,1,1.63333314256498e-18,0.000216045555563773,1,0,0.5,0
"b2fbcd3f-f460-43e2-95c9-6f808d1012cd",1,3,0,1.89636167648567,3,5.76279212800047e-05,0.000257896250527852,3,0,0.1655975291043,1
"1fd47a70-f368-4138-9547-e94caaec89ff",1,3,0,1.89636167648567,3,3.95083943490802e-05,0.000209503486231022,3,0,0.172909947903746,0.666666666666667
"c7b3aae2-719b-4ae9-abe0-3908be6d6f1d",1,15,0,5.50749000825661,6,0.000389200004641587,0.000317151587559491,6,0,0.198688711516534,0.833333333333333
"7441014f-f8f5-494f-81db-ff166fbc078d",1,1,0,0.786938680574733,2,4.6624082947523e-17,0.000387611922942295,2,0,1,1
"ac7e838c-3d95-47c2-92a9-81767ad7c217",0,0,0,0,0,5.25564033535461e-19,5.81417884416849e-05,0,0,0,0
"ba7479d2-1957-49e5-a263-03631539d320",1,55,0,10.9258825830101,11,0.00439103975956875,0.000404598166211225,11,0,0.208651399491094,0.909090909090909
"d2a76e1b-cecc-4500-b445-d55591821cd3",1,1,0,0.786938680574733,2,4.59363341064185e-17,0.000387611922942038,2,0,1,1
"af18a9bc-e4ab-4068-9489-b64e8186fcf1",1,10,0,4.32332358381694,5,0,0.000286177916036454,5,0,0.485714285714286,0.4
"e28d6352-c13e-407b-b72b-7f6cb1785c5f",1,1,0,0.786938680574733,2,5.37393496141345e-05,0.000195960436951207,2,0,0.155580357142857,1
"d9f3f7ca-9963-45c5-85b3-81f306614ff8",0.9,9,1,4.1477338299933,5,2.50955366766127e-17,0.000412199246412563,4,6.35710126353745e-08,1,1
"beccdfc5-5630-4560-a7a3-b48f9a08a5c8",0.602564102564103,47,31,12.3701119307302,13,7.50346367521796e-05,0.000544047806006502,9,0.000147261398241817,0.168540684318704,0.769230769230769
"33243fef-ce1a-4ba7-a81e-ec72e4c5029a",0,0,0,0,0,5.25564033535461e-19,5.81417884416849e-05,0,0,0,0
"7fcbd5bc-738b-4c0d-a837-8dcefaefbb75",1,15,0,5.50749000825661,6,0.00309559418701936,0.000264314058534911,6,0,0.218495297805643,0.833333333333333
"2fa0d3ac-b64c-401a-b0a1-4915ba6cc157",0,0,0,0,0,5.25564033535461e-19,5.81417884416849e-05,0,0,0,0
"3b92d916-a198-414f-8de1-49593cd12704",1,10,0,4.32332358381694,5,0.000973682305118479,0.00026783928227228,5,0,0.199799340690841,1
"f6beac20-5dfe-4d1f-ae02-0b0a740aafd6",1,21,0,6.65149052142495,7,1.16755743697157e-05,0.000342722890082535,7,0,0.144082687338501,1
"5ca1bbb8-5438-4c40-9625-a4e79c261186",1,1,0,0.786938680574733,2,0.000903468458381062,0.000169878100267355,2,0,0.194123381144687,1
"68c34082-c1d5-4399-af9b-3921ca0a6a1f",0.428571428571429,9,12,4.6490343470853,7,0.00510274036942778,0.000548138401187092,3,0.000883213268880803,0.148756802902572,0.857142857142857
"02f314c0-2136-4172-8ea0-07149c77c722",0.666666666666667,30,15,9.32284081537436,10,0.0122828563614607,0.000446339436280634,7,0.000643023456266265,0.21832419733751,0.8
"f2722d5c-de0c-4553-816a-09aec7d94e4c",1,3,0,1.89636167648567,3,0.000850591493317829,0.000239803323848179,3,0,0.196781479390175,0.333333333333333
"e6b5b1a4-fb93-4f44-b2ac-8bec34181b0e",1,3,0,1.89636167648567,3,0.0016393158655866,0.000160052682766946,3,0,0.205665388020065,1
"248ead7d-8058-4e0c-b334-fde70c036f8d",1,3,0,1.89636167648567,3,0.000529961447030301,0.000266875973642897,3,0,0.129529827169671,1
"93ebf0f5-6c34-4e3f-9d03-107c05ba6183",1,1,0,0.786938680574733,2,4.97862170682386e-17,0.000387611922942038,2,0,1,1
"8fb6c2cc-7076-4164-94e2-82dddd3b1d5d",1,6,0,3.10747935940628,4,5.93419455631125e-05,0.00029055810840386,4,0,0.163711098062243,1
"b0270c18-f45c-4a84-948d-078d331fed15",0.571428571428571,12,9,5.40216376754558,7,0.000974327635957049,0.00032003223597067,5,0.000279098115687651,0.194204513792143,0.571428571428571
"af1b83bb-3edc-4443-b771-67a1d235e82b",1,3,0,1.89636167648567,3,3.9259447676481e-17,0.000387611922942497,3,0,1,1
"d25f6294-686a-4569-b1b9-fe64bfef2519",0.308333333333333,37,83,14.0822934646482,16,0.00894865605146372,0.00087168644728076,7,0.0031747363710106,0.196393350239504,1
"5773e6e6-b072-49c9-aad8-940c2f09d48a",1,15,0,5.50749000825661,6,0.000275331797724428,0.000335756781473872,6,0,0.177647508602014,0.833333333333333
"ccccc434-290b-434b-9ff1-0c9e32a1ac8f",0.9,9,1,4.1477338299933,5,5.16742280771669e-05,0.000335576191551801,4,8.83637075631705e-05,0.173728813559322,0.8
"83e71a21-caf7-4e48-8ff7-6512d51e88a3",1,1,0,0.786938680574733,2,1.84718177999691e-17,0.000329810144960061,2,0,0.666666666666667,1
"b1ca2b8e-53b8-4c94-a213-8c9456d49873",1,6,0,3.10747935940628,4,0.00149852871888225,0.000254059122111361,4,0,0.204939723610703,0.75
"c3c82bdc-d9e7-4836-9746-c24ead47ca19",0.611111111111111,22,14,7.43842920199969,9,1.1686038047118e-07,0.000562984630950156,7,0.00141381932101073,0.128550350424198,0.333333333333333
"88d17133-abbc-42db-9526-4e2c1db60336",0.4,4,6,2.68330035706041,5,6.83646560958496e-17,0.000555122708799393,3,1.11884982238259e-05,0.307692307692308,0.4
"751e517d-9663-4692-8c20-942e16d484c5",0,0,0,0,1,4.15251257469528e-17,0.000387611922942591,1,0,1,1
"38912003-efbd-48a3-be23-ff264bf86d85",1,6,0,3.10747935940628,4,0.00135701351335216,0.000224507995132652,4,0,0.208526551982049,0.5
"4ae429fe-735c-4968-8253-a591421b1bd0",0,0,0,0,0,5.25564033535461e-19,5.81417884416849e-05,0,0,0,0
"844ed68b-265d-4c0c-ac22-b44e71455194",1,1,0,0.786938680574733,2,4.9576553367371e-17,0.000387611922942038,2,0,1,1
"ac1f6f40-ca05-4c8a-86b1-ef0ae22a32aa",1,21,0,6.65149052142495,7,0.00225059603500398,0.000345269331972035,7,0,0.196920468992796,0.857142857142857
"860b2707-6153-4e3a-aa57-74d2b42c55b5",0,0,0,0,1,3.98982198838913e-17,0.000387611922942591,1,0,1,1
"8dcc01a3-e6b7-4398-83cd-b7993d9f355c",1,15,0,5.50749000825661,6,0.00118457432489297,0.000330235690191606,6,0,0.187063875469673,1
"faf4cefb-036c-4c88-b93a-5b03dd0a0e6b",0,0,0,0,0,5.25564033535461e-19,5.81417884416849e-05,0,0,0,0
"dc7c8277-d4b6-4bca-bdfe-50eee42536ac",0,0,0,0,0,5.25564033535461e-19,5.81417884416849e-05,0,0,0,0
"c890f46c-7e63-4c53-900f-65ab74878806",0.483076923076923,157,168,25.7759998776481,26,0.0856352563950082,0.000827450213484572,14,0.00230715864278532,0.252627763682494,0.307692307692308
"f90e8b26-9e52-4669-a5c9-e28529c47894",0.3,3,7,2.20599791997802,5,0.0955849050688066,0.000296548213040959,3,0.00246897098873267,0.174489923645012,0.4
"c9dd05a5-6ba4-4e49-88e0-5dbbb637715e",1,1,0,0.786938680574733,2,5.01757872725147e-17,0.000387611922942038,2,0,1,1
"c998d24c-decb-4022-a501-76f72c642411",1,1,0,0.786938680574733,2,1.00376578492362e-05,0.00024060795027515,2,0,0.141036017806556,0.5
"a6871613-8619-4e11-b023-a89690bb9f38",1,15,0,5.50749000825661,6,0,0.000321698166945503,6,0,0.65,1
"bdd935a3-9f19-4b3d-ab39-0953ea3e37b2",1,6,0,3.10747935940628,4,9.24248418571785e-18,0.000359533009487558,4,0,0.833333333333333,1
"535afeda-2538-435d-9dd1-5e10be586774",0,0,0,0,0,5.25564033535461e-19,5.81417884416849e-05,0,0,0,0
"cc3e537d-ff34-423f-8cd6-635a80f4dba7",0,0,0,0,0,5.25564033535461e-19,5.81417884416849e-05,0,0,0,0
"2307602e-a3ce-4f37-bb2b-d54f1980ed5f",0.571428571428571,16,12,6.29442868883134,8,0.00131655421178024,0.000494274582233123,6,0.00070792679670753,0.199256718124643,0.25
"301b45a4-b8b9-410e-8344-4b4eaf96691a",0.393939393939394,26,40,8.40240501290193,12,0.00708971766595182,0.000681543362420176,7,0.00144543500080436,0.227629000653168,0.5
"64b15912-5f96-45cb-9514-3943d1b0f220",0.450292397660819,77,94,18.272143739569,19,0.0351295173420891,0.000687768480968869,9,0.000818618453789895,0.234719649772689,0.894736842105263
"a17ce9c3-8f6f-4dcc-a1b7-2a04ab9e31f0",0.333333333333333,35,70,12.9109286164421,15,0.00814567416195171,0.000691293778235912,7,0.00382503684024211,0.227035830618893,1
"e5891cfb-6df9-4288-96f3-caf00f668558",1,15,0,5.50749000825661,6,0,0.000299881209421905,6,0,0.588235294117647,1
"af569f23-7661-4bd5-bc00-6280e4799546",1,15,0,5.50749000825661,6,0.0150956312287818,0.000244330749505383,6,0,0.228824688115561,0.333333333333333
"41f1960d-be42-4ca0-8599-8d0fb77ae6d4",1,3,0,1.89636167648567,3,7.96796978997904e-05,0.000286237660071396,3,0,0.15352422907489,1
"b2029169-2574-4305-820f-252a5fde3697",0,0,0,0,0,5.25564033535461e-19,5.81417884416849e-05,0,0,0,0
"a254127c-575d-4df1-a883-12b5a0748b16",0.555555555555556,25,20,9.03712487739581,10,0.00825172501359782,0.000392111964790207,7,0.00100957497663754,0.240261978628059,0.8
"43ac1c53-1275-4296-9d48-ca713d105e8a",1,3,0,1.89636167648567,3,7.253731610159e-06,0.000265513544400547,3,0,0.157407407407407,1
"2f031686-3f01-4f33-a4fc-fb3944532efa",0.6,6,4,3.29924501455944,5,4.17909745630193e-17,0.0004842622324337,3,1.52570430324899e-06,0.555555555555556,0.6
"15e0d608-0869-429b-898d-3d8db3ecedd5",0,0,0,0,0,5.25564033535461e-19,5.81417884416849e-05,0,0,0,0
"164f0d73-1234-4e2c-8743-d77bf2191051",0.110799438990182,474,3804,88.0720804909531,93,0.172257979728552,0.00310338648243462,15,0.0357981379592965,0.270207404535763,0.870967741935484
"0ef9b4c4-4a41-4ad8-9c64-98c0419c0150",1,3,0,1.89636167648567,3,0.00195658845585383,0.000215576330477243,3,0,0.19614464612354,0.666666666666667
"2054c4db-4d37-4748-a355-de7ee7a6d6fa",0,0,0,0,1,3.61990075419991e-17,0.000387611922942591,1,0,1,0
"fd9ca609-a068-44fe-be99-045c0bb63ebf",1,36,0,8.83515925000139,9,0,0.000387611922942003,9,0,1,1
"eebc696c-f861-4e92-8916-28fc86d727ea",1,6,0,3.10747935940628,4,7.52437250632247e-06,0.000254345304423366,4,0,0.155632466227532,1
"3c6a1239-9858-4ec6-8bf2-208fd2659c68",0.9,9,1,4.1477338299933,5,5.1674228077167e-05,0.000335576191551724,4,8.83637075631705e-05,0.173728813559322,0.8
"e6de1f3b-6484-491c-88dd-6d619f142abc",1,10,0,4.32332358381694,5,2.09630642802522e-17,0.000387611922942355,5,0,1,1
"0103c1cc-4a09-4a5d-a344-56ad99a77193",1,1,0,0.786938680574733,2,0.000716568100407788,0.000201299736559872,2,0,0.176277187658068,1
"837555ba-012e-45f1-9a9c-9628da13ee54",0.666666666666667,30,15,9.32284081537436,10,0.0122828563614607,0.000446339436280566,7,0.000643023456266265,0.21832419733751,0.8
"cf15719f-51f9-4db8-a15d-5eed9664ce69",0.296703296703297,27,64,11.4278833761135,14,0.0108465464302034,0.000783180079122267,6,0.00223803014665494,0.214165002304501,0.928571428571429
"ba67b04a-0c85-45b0-93ee-0d0e66fc19df",1,36,0,8.83515925000139,9,0,0.000387611922942003,9,0,1,1
"b629da42-c668-49d2-be67-498605ee2a13",1,21,0,6.65149052142495,7,0,0.00036007139294683,7,0,0.376811594202899,1
"b2c48217-e016-4c72-abb3-d447c90fafcc",1,1,0,0.786938680574733,2,0.00125881052444857,0.00013118050807668,2,0,0.193934335002782,0.5
"4b3392b5-704e-461e-95a3-da8e94c9d4e0",1,1,0,0.786938680574733,2,5.00215203481214e-17,0.000387611922942038,2,0,1,1
"9ceb2b1e-915f-4544-b62f-7a35b7358ed5",1,15,0,5.50749000825661,6,0.00457393041175492,0.000348929958942617,6,0,0.189711486118672,0.833333333333333
"d8f8fcf7-77a4-4aae-8402-af9d624baa67",1,15,0,5.50749000825661,6,0.00101478844136916,0.000286599523080022,6,0,0.200057405281286,1
"bc3e2138-d307-4cdc-a555-9d7dd3d5b6d6",0.6,9,6,4.51276563858793,6,0,0.000371474304104256,4,4.57711290974696e-06,0.409836065573771,1
"5af3997f-8223-44f2-9ac0-662366be34ca",1,1,0,0.786938680574733,2,4.89205337704782e-17,0.000387611922942038,2,0,1,1
"f40bf2d1-1da5-4146-96ab-865242554a66",1,10,0,4.32332358381694,5,1.86199565913349e-17,0.000387611922942234,5,0,1,1
"32b21b39-d65c-4c6e-811c-f5618b6806af",1,1,0,0.786938680574733,2,5.01085526374817e-17,0.000387611922942038,2,0,1,1
"ff4fc9b6-bdcd-44ee-b053-c1ccbe47fe4b",1,6,0,3.10747935940628,4,0.00135701351335215,0.00022450799513259,4,0,0.208526551982049,0.5
"b52c8015-35c5-48e6-ba6b-004698188038",0,0,0,0,1,2.85544004350136e-05,0.000128284089217619,1,0,0.147888818162529,1
"ac9a487a-d9d2-4f27-bb23-0f4686488345",0.366013071895425,56,97,16.8412921142887,18,0.0902678941682869,0.000676898317217169,7,0.00154029314517459,0.245120450149464,0.888888888888889
"12f9b20b-ee20-4e88-a29c-f2a87bd34198",1,1,0,0.786938680574733,2,5.34830451478808e-05,0.000167070912332355,2,0,0.163672654690619,1
"26ecbba4-a425-4d98-8a96-16eed147ff09",0,0,0,0,0,5.25564033535461e-19,5.81417884416849e-05,0,0,0,0
"000269fb-edc6-4331-8624-9b39a0e76db3",1,1,0,0.786938680574733,2,5.25935687083396e-17,0.000387611922942038,2,0,1,1
"f95d0f4f-d344-4acd-bec8-cc512b40f629",0,0,0,0,1,3.94756763375309e-17,0.000387611922942591,1,0,1,1
"eed95a51-77b2-4679-af5d-cf9ab29fdf14",0,0,0,0,1,3.98208481094896e-17,0.000387611922942591,1,0,1,1
"396a9525-0994-4542-b480-c4587feeb476",1,15,0,5.50749000825661,6,0.00454719757775486,0.000319516687206677,6,0,0.18611481975968,0
"e8414012-4a1c-4ad4-be5e-fc55294e28cc",1,120,0,15.9911506500776,16,0.0338786909275218,0.000445190654826122,16,0,0.231062489640312,0.9375
"6602cab2-65b5-4341-99c5-b05fa897f256",1,6,0,3.10747935940628,4,0.000331514789324658,0.000249289999160313,4,0,0.179246496078179,0.75
"5c61efe6-3cdf-4160-b43c-9274944369e6",0,0,0,0,0,5.25564033535461e-19,5.81417884416849e-05,0,0,0,0
"bd81d921-581a-4fb3-81d2-05c690a28587",1,91,0,13.9789518512983,14,0.0567514142355324,0.000454205663365495,14,0,0.228113238422517,0.857142857142857
"16f456c9-e23b-4675-ab6a-fd295712c256",1,6,0,3.10747935940628,4,0,0.000239843997447899,4,0,0.481481481481481,1
"4b585938-f271-45e2-b19a-91c634b5e396",0,0,0,0,1,4.05607115272436e-17,0.000387611922942591,1,0,1,0
"ad4eaf35-0e7b-4c35-a7a5-f1bf9ef0d93f",1,10,0,4.32332358381694,5,0.000355108211994105,0.000346532000105913,5,0,0.167850692354004,1
"1c5b9bd6-76e8-4fe7-a6df-3bc0b5a452cc",1,3,0,1.89636167648567,3,0.0005299614470303,0.000266875973642812,3,0,0.129529827169671,1
"6d063567-dbf9-4b2a-bd11-1a4450cd93ca",0.611111111111111,22,14,7.43842920199969,9,0.0307538472230838,0.000347752443424737,7,0.00150281841295192,0.226629816290034,0.666666666666667
"28b1e14e-fada-48f0-a8df-fece056f336a",1,10,0,4.32332358381694,5,1.03332198726628e-05,0.000363184437686787,5,0,0.15112749349523,0.8
"9757ae7d-44b1-4d63-81ce-b463fe27b9ae",0.714285714285714,15,6,5.50749000825661,7,0.00552383766620076,0.000368090803114347,6,0.000354217682404307,0.230299025276722,0.571428571428571
"47577aa8-6f71-4840-9f1e-57b7319f546d",0.8,12,3,5.06194471187092,6,9.67061737810515e-05,0.000307089244821254,5,3.91768305952524e-06,0.173642252117588,0.833333333333333
"31f2ed7a-c22f-4ae3-a83c-eee7f6133324",1,28,0,7.75842093262145,8,0.00940358171524053,0.000318660784906035,8,0,0.223756019261637,0.875
"c5b36445-aada-47a0-ab26-1681f948139e",1,10,0,4.32332358381694,5,0,0.000326676818161715,5,0,0.354609929078014,1
"2393ba5a-0749-4845-ade2-f187999ed044",0,0,0,0,1,1.51105995256385e-06,0.000117528693079182,1,0,0.141984110816867,0
"dff0d392-4cd5-4052-9fbb-f485df3891e5",1,10,0,4.32332358381694,5,0.0659794843918298,0.0002170098151397,5,0,0.215057081147794,1
"7c20f558-d664-42bd-b6f1-81acf9dbb72d",1,1,0,0.786938680574733,2,6.05353019602808e-10,0.000218403509755211,2,0,0.102319436288902,0
"c025f0d3-c7ea-4d72-9678-98f55b25ea14",1,1,0,0.786938680574733,2,0.000378285267348047,0.000161880033825667,2,0,0.179685485949987,1
"fb8119a1-596c-41ff-bc98-0c0659fbda37",1,1,0,0.786938680574733,2,0.000496690107794008,0.000160796375513125,2,0,0.188684353004873,0.5
"0211be88-dc0f-4002-a1de-4001bb359d51",1,1,0,0.786938680574733,2,4.17231064543689e-07,0.000210930088610218,2,0,0.140538360721847,1
"3cb25fb2-5547-4b05-adec-1a5e37830d46",0,0,0,0,1,3.97648988983956e-17,0.000387611922942591,1,0,1,1
"3241363a-f7c0-4d3d-b154-d0b7132067b4",0,0,0,0,1,3.77625934907468e-17,0.000387611922942591,1,0,1,1
"fc63a914-272d-4b95-9221-61adcce6f793",0,0,0,0,0,5.25564033535461e-19,5.81417884416849e-05,0,0,0,0
"29eead4d-3793-4625-8727-c03edbb38b8b",0.266666666666667,28,77,11.6474482595116,15,9.30211452467414e-05,0.000844819019881044,5,0.00111426240529736,0.179523502897618,0.866666666666667
"d5709a02-30e0-4967-92ba-e584d8c21c72",0.4,4,6,2.68330035706041,5,0.00019051256514745,0.000531974582074734,3,0.00070792679670753,0.159789087574507,0.6
"13bcb2bb-db37-4397-baf5-e0f085be2d64",0.581818181818182,32,23,10.2745925117637,11,0.0783694236728985,0.000442274731871614,7,0.000191199362793114,0.231446123194421,0.909090909090909
"b8a7c51f-362c-4dcb-a259-bc6e0095f0a6",0.5,3,3,1.89636167648567,4,0.00019407446189412,0.000312503501705503,3,0.000688315729689831,0.181865622961513,0.25
"b904d624-9e05-4398-8f4f-88fbcf022f79",0,0,0,0,1,3.7567718728603e-17,0.000387611922942591,1,0,1,1
"2abc5fbb-f1fc-4f6f-9150-c701233e2086",1,21,0,6.65149052142495,7,0.00121274694826052,0.000377610186512477,7,0,0.192037470725995,1
"a9044915-8be3-4c7e-b11f-9e2d2ea0a91e",1,3,0,1.89636167648567,3,5.67220901615611e-07,0.000227338497297038,3,0,0.143386134540218,0.333333333333333
"216e79a8-2243-4c25-8b0b-44c96c0cc55d",1,1,0,0.786938680574733,2,0.000320592056109103,0.000161972364620523,2,0,0.17416291854073,1
"dfe7421a-e4a8-4330-8fc0-f69777e7b707",1,3,0,1.89636167648567,3,3.60028832145766e-17,0.000387611922942497,3,0,1,1
"0f50beab-d77d-4f0f-ac26-0b87d3e9b11b",0.290909090909091,16,39,6.88174747374089,11,0.000256805054524534,0.000822092961593496,4,0.00285684083658857,0.17541210519693,0.181818181818182
"23c8056b-ee13-4cfc-a772-2f5292e35bb5",0.545454545454545,36,30,11.2867658252349,12,0,0.000588104683879553,7,1.44941908808654e-05,0.52,1
"f82bc155-c490-4b5f-bc5c-8462ecbdef01",1,6,0,3.10747935940628,4,2.32955893677201e-17,0.000387611922942342,4,0,1,1
"512161f9-5225-4f6a-b770-94acfcfe5da4",1,21,0,6.65149052142495,7,0.00047198797282804,0.000329428241914442,7,0,0.188812135988081,1
"f8c5d264-c107-4fa6-806c-d7951624a477",1,1,0,0.786938680574733,2,7.73397991696215e-07,0.000257913663227845,2,0,0.134115836059265,0.5
"603198dd-1269-4100-b802-f0c7f4e40b4c",1,28,0,7.75842093262145,8,0.0010030037466697,0.00034991846021161,8,0,0.195457094784072,1
"0d21c07a-387b-4374-a193-0d85e90b6bdc",0,0,0,0,1,4.02054481789252e-17,0.000387611922942591,1,0,1,1
"622b6000-ff0d-4ab3-9e98-c4916f3692c3",0,0,0,0,0,5.25564033535461e-19,5.81417884416849e-05,0,0,0,0
"2f67ee1b-164a-4cc1-9d8e-7fa5f67d4b45",0,0,0,0,1,1.22353639307327e-05,0.000112861321091447,1,0,0.151670112066152,1
"f81cf9ba-53fc-4b02-88ca-853689320111",1,1,0,0.786938680574733,2,2.33664303014508e-17,0.000329810144960061,2,0,0.666666666666667,0.5
"2588180b-9819-46b3-93c9-0fa89dd199b5",1,10,0,4.32332358381694,5,0.000550448569206452,0.00032640665922863,5,0,0.164251207729469,1
"33c573df-4e2a-4e28-a27a-13382af11fe5",1,1,0,0.786938680574733,2,2.43333794519807e-17,0.000329810144960149,2,0,0.666666666666667,1
"7ef691ec-b82a-4c58-852a-45ae2ed6d7b6",0.555555555555556,25,20,9.03712487739581,10,0,0.000551390334004106,6,3.55997670758097e-06,0.857142857142857,1
"9c802738-0e1c-4494-9458-0a4e6920755f",1,1,0,0.786938680574733,2,6.84835189609437e-06,0.000243585111186501,2,0,0.151078356995773,1
"a0e8a1b1-5f8f-475a-a253-17415c17d0ff",1,1,0,0.786938680574733,2,5.04727808702707e-17,0.000387611922942038,2,0,1,1
"a0723a3c-4135-438e-85c5-012712144ede",0.352941176470588,48,88,15.0454389023759,17,0.0148068008687912,0.000663258584853204,8,0.000940801875820816,0.220814192935213,0.764705882352941
"62bb6e21-a116-45a0-bbc5-6c13c8ed97e6",1,15,0,5.50749000825661,6,0,0.000321831564823977,6,0,0.464285714285714,1
"ab1a3f85-e0ea-470a-af5c-175447ae774c",0.466666666666667,7,8,3.89441803998101,6,0.0137989696944336,0.00040662748292039,4,0.00070792679670753,0.213934929404543,0.666666666666667
"46f29ffe-7479-4365-bfd0-fd8f2bb1c7bf",1,1,0,0.786938680574733,2,4.73316589401962e-17,0.000387611922942038,2,0,1,1
"cbf9738d-8f81-4a92-bc64-ede09341652d",0,0,0,0,1,2.01282886574431e-18,0.000138525707749755,1,0,0.5,1
"db03280b-e3c2-4ba6-8f62-75c30eee1118",1,10,0,4.32332358381694,5,4.84178230526212e-05,0.000239850684935859,5,0,0.168296510925993,1
"cde7d2d7-0177-4301-88a5-a21e10006b01",0,0,0,0,0,5.25564033535461e-19,5.81417884416849e-05,0,0,0,0
"381086ea-f511-4aba-bdf9-71c753dc5077",0.275,33,87,13.1414780506135,16,0.000881539721246215,0.000855428813099151,6,0.00391510319754851,0.210066305003014,0.5625
"ca1dcba2-792c-4550-abf2-7b45396e81ca",0,0,0,0,0,5.25564033535461e-19,5.81417884416849e-05,0,0,0,0
"1e9177d5-7804-4b2d-b270-9127a2c47259",1,1,0,0.786938680574733,2,7.70419280363522e-08,0.000236638605527425,2,0,0.130316911283537,1
"bce2ec89-f0c6-45b7-bd83-5defc66e6bc2",0,0,0,0,0,5.25564033535461e-19,5.81417884416849e-05,0,0,0,0
"488d4c04-9ab1-4cd1-a061-efac28c5261d",1,105,0,14.9863217705167,15,0.0526209433176867,0.000441089041119737,15,0,0.226998860120502,0.933333333333333
"16f7e748-59b4-4705-959c-9276be0ebf6a",0,0,0,0,0,5.25564033535461e-19,5.81417884416849e-05,0,0,0,0
"c6160117-ebe4-44ba-8f00-da8ecaa0c80d",1,3,0,1.89636167648567,3,1.59169123354281e-05,0.000264143290117084,3,0,0.142302980808493,1
"3e067675-95e9-4d57-b493-45c10272d14b",1,10,0,4.32332358381694,5,0.000355108211994103,0.000346532000105826,5,0,0.167850692354004,1
"16243662-8538-4746-a0fb-0d15b5828b8e",1,3,0,1.89636167648567,3,1.27829004074471e-17,0.000350306899188382,3,0,0.341463414634146,1
"e56aee57-d90e-40cf-a70d-beb70f6f3c69",0.5,3,3,1.89636167648567,4,0.00151990674243679,0.000324917119275772,3,0.000354217682404307,0.181085996362692,1
"1ecff755-607d-4130-9a8a-8873f27e5de5",0.666666666666667,4,2,2.43458029779605,4,3.16604438023929e-09,0.000442399791262436,3,0.000530182245379023,0.115512098110706,0.75
"89ea85c2-c90a-46ea-93db-9bed95d5c8f8",0,0,0,0,0,5.25564033535461e-19,5.81417884416849e-05,0,0,0,0
"ebfc1398-8d96-47e3-82c3-f782abcdb13d",0.222222222222222,10,35,6.07644730913802,10,1.48359832073011e-06,0.000916769526314537,3,0.00178051668522652,0.149811929070392,0.9
"0a622da7-a691-49fe-be58-20d829e695f4",1,3,0,1.89636167648567,3,4.39090719249355e-17,0.000387611922942497,3,0,1,1
"01d3c51b-9b98-418a-8d8e-37f6fab59d8c",1,3,0,1.89636167648567,3,1.70630626846351e-05,0.000262168308094288,3,0,0.167769888073174,0.333333333333333
"a6be1f1c-548d-48c2-a207-fa79fa4ffefc",1,3,0,1.89636167648567,3,0.000668954482505338,0.000173643202449089,3,0,0.183686915272104,0.333333333333333
"67930b3e-e00b-469f-8c74-fd69f20522ec",1,6,0,3.10747935940628,4,1.02037152123849e-05,0.000286333598696582,4,0,0.148077331633737,1
"04c39fec-5b44-4f11-9c73-af4f562334c7",0.24031007751938,217,686,41.0860795185143,43,0.0231218144933903,0.00148573245067754,15,0.0124693794917968,0.258339510748703,0.813953488372093
"83b9cbe7-9857-49e2-ab8e-b57b01038103",1,6,0,3.10747935940628,4,2.88196795722405e-05,0.00031168789752956,4,0,0.149314481576692,0.75
"7692fa75-533f-425c-a2b2-7d8330d1926f",0,0,0,0,1,3.59469086131762e-17,0.000387611922942591,1,0,1,1
"e1a3a069-1ffa-4b46-b549-c11cf9b2b4d0",1,6,0,3.10747935940628,4,0.000628529340580744,0.000291564158706292,4,0,0.176478035194328,1
"a0d62b71-62c8-4cff-b708-64c1be011202",1,1,0,0.786938680574733,2,0.00053310838759132,0.000179800102052798,2,0,0.179662327619539,1
"ba2a6b88-f467-48d0-a503-5f098aefd54e",1,1,0,0.786938680574733,2,3.25375271713453e-17,0.000381298218671947,2,0,0.75,1
"b65c975f-4eaa-4bd4-9d10-704a80e92548",1,3,0,1.89636167648567,3,0.00022091025628675,0.0002510847668208,3,0,0.159496567505721,0.666666666666667
"dfe9a7c4-8cf2-47f4-9dcb-d233c2b86ec3",1,6,0,3.10747935940628,4,1.80588088518084e-17,0.000387611922942342,4,0,1,1
"9689aa5a-4471-4fb4-9721-07cecda0fa9f",0.9,9,1,4.1477338299933,5,2.89544667041381e-17,0.000412199246412434,4,6.35710126353745e-08,1,1
"5139d541-5d2c-4e4a-804d-b4437d985be0",0.321052631578947,61,129,18.6552111726266,20,0,0.000940364232928493,7,2.54792618642581e-05,1,1
"bbc5b66b-d037-4f26-aecf-0b129e7f876a",0.777777777777778,28,8,7.75842093262145,9,0,0.000530367662700332,8,3.81426075812247e-06,0.695652173913043,1
"9c2b375c-ce68-44a8-90ac-e06b177f43f9",0.714285714285714,15,6,5.95666069684728,7,3.18195161631621e-06,0.00047135432278898,5,0.000155871453774168,0.159332495142302,0.571428571428571
"0ef3f425-9bd2-4216-9dd2-219d2fe90f1f",1,6,0,3.10747935940628,4,2.47030917856067e-17,0.000387611922942342,4,0,1,1
"9a6a4007-d50a-4bf6-9014-40808a498af3",1,1,0,0.786938680574733,2,5.03541472481441e-17,0.000387611922942038,2,0,1,1
"917db695-9ae2-47c1-85ca-5b074e5cbd75",1,10,0,4.32332358381694,5,0,0.000297658589213225,5,0,0.413223140495868,1
"53f73b92-14d1-4dda-8aec-962457fa17a1",1,1,0,0.786938680574733,2,0.000154015809133039,0.000182124066654722,2,0,0.174883954334462,1
