mbid,name,all_roles,role_major,all_genres,primary_genre,first_release_date_in_window,last_release_date_in_window,num_songs_in_window,num_songs_in_window_std,num_collaborators_in_window,num_collaborators_in_window_std,time_in_network_years,time_in_network_years_std
777a21a8-0d0f-4cf3-86b4-65bc0eba5649,Staind,composer;performer;producer;writer,writer,hardcore;heavy metal;rock;thrash metal,hardcore,1979-01-01,1979-01-01,1,-0.4376820413677751,2,-0.5407706912441482,0.0,-0.27147504601238254
703c557f-82bb-4646-ae2f-b5a3ef3f6148,Jennifer Skillman,writer,writer,,,2012-01-01,2012-01-01,1,-0.4376820413677751,12,1.1788604960077556,0.0,-0.27147504601238254
25848dee-8562-4a78-b375-3a80b61da629,Wally Badarou,writer,writer,oldest work #10,oldest work #10,1990-01-01,1990-01-01,1,-0.4376820413677751,5,-0.024881335068577065,0.0,-0.27147504601238254
3e7bcc53-53d4-41d8-afbc-69f82b858fd9,Carl Rosen,writer,writer,,,2017-09-15,2017-09-15,1,-0.4376820413677751,6,0.1470817836566133,0.0,-0.27147504601238254
43a0ce3a-a3d5-45c0-b944-bd8f5e021237,Nolan Sipe,writer,writer,pop,pop,2021-10-15,2023-11-10,2,0.07812468189051006,5,-0.024881335068577065,2.07,-0.03169054736010983
89aa5ecb-59ad-46f5-b3eb-2d424e941f19,Bad Bunny,composer;engineer;instrument;lyricist;performer;vocal;writer,writer,hip hop;trap,hip hop,2018-01-01,2020-05-10,5,1.6255448516653654,23,3.0704548019848494,2.355,0.001323260425348023
0c3505e7-d884-43cf-9028-d318607190a4,Azealia Banks,performer;producer;vocal;writer,writer,christmas;christmas carol;christmas music;folk;language: english;piano,christmas,1944-11-02,1944-11-02,1,-0.4376820413677751,2,-0.5407706912441482,0.0,-0.27147504601238254
04bac789-bf59-4383-8ad7-799d20d969f7,Modjo,mix;producer;remixer,production,french house;house,french house,2000-01-01,2001-01-01,2,0.07812468189051006,0,-0.884696928694529,1.002,-0.15540544811403603
e99e2c02-0ca7-4687-897c-efedbe5b98c2,Leon Michels,writer,writer,,,2019-12-27,2019-12-27,1,-0.4376820413677751,8,0.4910080211069941,0.0,-0.27147504601238254
5ab9fb83-59da-4510-941e-fd42189199aa,James “Nard” Rosser,composer,writer,,,2008-01-01,2008-01-01,1,-0.4376820413677751,4,-0.19684445379376744,0.0,-0.27147504601238254
68cff6ec-3751-4bd5-9254-f4a77fe7e08f,Diane Warren,composer;lyricist,writer,,,2014-01-01,2014-01-01,1,-0.4376820413677751,1,-0.7127338099693385,0.0,-0.27147504601238254
c8975bbf-2778-47ae-accf-c584e644450d,David Michael Farrell,writer,writer,,,2000-01-01,2000-01-01,1,-0.4376820413677751,7,0.3190449023818037,0.0,-0.27147504601238254
bc601632-cb0c-4a0f-ba09-8f335ce5ca2f,Remi Kabaka Jr.,writer,writer,,,2020-10-23,2020-10-23,1,-0.4376820413677751,6,0.1470817836566133,0.0,-0.27147504601238254
e6ce60d3-f08d-4f02-837c-5a3022df17fd,Alec O’Hanley,writer,writer,,,2017-08-01,2017-09-08,5,1.6255448516653654,1,-0.7127338099693385,0.104,-0.2594279021187418
b2a55d82-85fb-4ae4-885d-f2b96f1a726f,Jim Lavigne,writer,writer,,,2016-01-01,2016-01-01,1,-0.4376820413677751,6,0.1470817836566133,0.0,-0.27147504601238254
d0693759-d13d-4661-871d-0eb8500acecc,Haven Gillespie,lyricist,writer,christmas;christmas music;instrumental,christmas,1934-01-01,1934-01-01,1,-0.4376820413677751,1,-0.7127338099693385,0.0,-0.27147504601238254
7944ed53-2a58-4035-9b93-140a71e41c34,Sting,composer;lyricist;writer,writer,,,1979-01-01,2017-06-15,4,1.1097381284070802,7,0.3190449023818037,38.453,4.182840570739233
63aa26c3-d59b-4da4-84ac-716b54f1ef4d,Tame Impala,producer;remixer;vocal,performer,,,1994-01-01,1996-01-01,4,1.1097381284070802,0,-0.884696928694529,1.999,-0.0399150398259607
92776515-4c09-4cc0-8f9f-4f8b7218b10a,"Eli ""El Musicólogo""",lyricist,writer,,,2010-01-01,2010-01-01,1,-0.4376820413677751,2,-0.5407706912441482,0.0,-0.27147504601238254
0b966a38-5ad9-43c1-b86b-c07079523165,Omar Apollo,phonographic copyright;producer;vocal;writer,writer,,,2021-02-26,2023-03-03,5,1.6255448516653654,6,0.1470817836566133,2.012,-0.038409146839255615
be797221-0117-45e3-81da-996f8d29db62,Joe Perry,composer;lyricist;writer,writer,,,1987-01-01,1988-01-01,4,1.1097381284070802,5,-0.024881335068577065,0.999,-0.15575296188019871
fc4568b6-cbe3-4a3d-8409-28510c19e3e2,KRS‐One,writer,writer,,,2019-04-18,2019-04-18,1,-0.4376820413677751,20,2.5545654458092786,0.0,-0.27147504601238254
e888bbab-c4b6-4e06-b93d-4cc388d35059,下地悠,lyricist,writer,,,2016-02-03,2016-02-03,1,-0.4376820413677751,2,-0.5407706912441482,0.0,-0.27147504601238254
0a7920d5-135b-4bca-885c-ebd79f0d5d9f,Vansire,arranger;mix;performer;phonographic copyright;producer;programming,performer,,,2015-08-18,2016-08-16,5,1.6255448516653654,2,-0.5407706912441482,0.997,-0.15598463772430723
ece590a3-ae0e-4311-bcf3-ee07cfb7b4f0,Adolphe Adam,composer,writer,christmas;christmas carol;christmas music,christmas,1955-01-01,1955-01-01,1,-0.4376820413677751,2,-0.5407706912441482,0.0,-0.27147504601238254
a383f062-e527-4a57-98b0-9205b2f8f171,Oscar Hammerstein II,composer;lyricist,writer,musical;show tune;stage & screen,musical,1927-01-01,1980-01-01,2,0.07812468189051006,4,-0.19684445379376744,52.999,5.867818984940179
4374e50c-f57d-492c-bd70-c11422f7fde6,Fred McFarlane,writer,writer,,,1990-01-01,1990-01-01,1,-0.4376820413677751,2,-0.5407706912441482,0.0,-0.27147504601238254
95095667-9471-4946-a4a3-d0b3eb7edc48,Mathijs Van der Wallen,writer,writer,,,2018-05-28,2018-05-28,5,1.6255448516653654,0,-0.884696928694529,0.0,-0.27147504601238254
ea719716-da05-46f8-bbd5-cc5803db3d0e,Malcolm Young,composer;lyricist;writer,writer,hard rock,hard rock,1979-01-01,1979-01-01,3,0.5939314051487953,3,-0.36880757251895785,0.0,-0.27147504601238254
f287b207-b425-465f-a103-b912fbb0dd28,Josef Mohr,lyricist,writer,ambient;celtic;christmas;christmas carol;christmas music;classical;country;electronic;holiday;language: english;modern classical;neo-classical;pop;vocal,ambient,1928-01-01,1928-01-01,1,-0.4376820413677751,1,-0.7127338099693385,0.0,-0.27147504601238254
f3fc0db0-65e7-49c8-96d9-d0b7c1e23c81,Sid Wilson,writer,writer,,,1997-10-31,1999-01-01,2,0.07812468189051006,9,0.6629711398321845,1.169,-0.13606051513097828
12327d75-47d5-45d9-84c2-3760b9210c17,Syd Barrett,composer;lyricist,writer,,,1967-01-01,1969-01-01,3,0.5939314051487953,6,0.1470817836566133,2.001,-0.03968336398185225
b7d92248-97e3-4450-8057-6fe06738f735,Shawn Mendes,composer;engineer;instrument;lyricist;performer;producer;programming;vocal;writer,writer,christmas;christmas carol;christmas music;holiday,christmas,1946-11-01,1946-11-01,1,-0.4376820413677751,0,-0.884696928694529,0.0,-0.27147504601238254
7e1e5648-1d6a-4248-975a-98603e781848,Polo G,performer;phonographic copyright;vocal;writer,writer,,,2019-02-01,2021-04-09,4,1.1097381284070802,8,0.4910080211069941,2.185,-0.018369186323872435
46ca8889-f33e-46ae-8379-09f48bc84897,TAYOR,composer,writer,,,2024-10-11,2024-10-11,1,-0.4376820413677751,9,0.6629711398321845,0.0,-0.27147504601238254
d74dafbd-e974-4393-9d01-3bc2d81e2dc8,James Joyce,lyricist,writer,,,1969-01-01,1969-01-01,1,-0.4376820413677751,1,-0.7127338099693385,0.0,-0.27147504601238254
aeb6fd9b-6050-43cf-8a8c-6dbcb6ccabfa,Kana Obata,writer,writer,,,2020-10-23,2020-10-23,1,-0.4376820413677751,6,0.1470817836566133,0.0,-0.27147504601238254
9f0a2d07-e414-4829-85df-b0d801d8ee32,Mags Duval,writer,writer,pop,pop,2024-05-31,2024-09-27,2,0.07812468189051006,3,-0.36880757251895785,0.326,-0.23371188342270094
be092119-86ca-40fc-ba92-7626b8568b25,Jon Farriss,writer,writer,,,1982-01-01,1982-01-01,1,-0.4376820413677751,6,0.1470817836566133,0.0,-0.27147504601238254
871fe26f-544d-4275-a5dd-af5442d15b92,Pinegrove,engineer,production,,,2016-02-01,2016-02-12,5,1.6255448516653654,0,-0.884696928694529,0.03,-0.26799990835075543
f7b6a303-2abb-42ce-bb7a-b84fa52bb585,Skeff Anselm,writer,writer,,,1993-01-01,1993-01-01,1,-0.4376820413677751,4,-0.19684445379376744,0.0,-0.27147504601238254
373a4c98-a46b-48e4-86ec-f6ca65b4f438,Chance the Rapper,arranger;composer;lyricist;performer;phonographic copyright;producer;remixer;vocal;writer,writer,christmas;christmas music;funk;soul,christmas,1970-01-01,1970-01-01,1,-0.4376820413677751,2,-0.5407706912441482,0.0,-0.27147504601238254
bb9fe2b7-87fa-43e6-95ca-bc4592d8d5bc,Christoph Schneider,writer,writer,,,1996-08-18,1996-08-18,1,-0.4376820413677751,6,0.1470817836566133,0.0,-0.27147504601238254
a0270d23-e6c8-4202-a85f-8cd0a9bb2579,Len Arran,writer,writer,,,1996-01-01,1996-01-01,1,-0.4376820413677751,3,-0.36880757251895785,0.0,-0.27147504601238254
e821a756-487f-4931-a02f-27cf11cec7bf,John Martyn,composer;lyricist,writer,,,1973-01-01,1973-01-01,1,-0.4376820413677751,0,-0.884696928694529,0.0,-0.27147504601238254
eb28cee9-090d-4f96-8490-5504180caa45,Paul S. Denman,composer,writer,acoustic;alternative rock;art rock;britpop;classic rock;contemporary r&b;funk;hip hop;indie rock;pop;r&b;rock;soul;stoner rock;swing,acoustic,1992-01-01,2000-01-01,6,2.1413515749236507,5,-0.024881335068577065,8.0,0.6552283304215217
cc197bad-dc9c-440d-a5b5-d52ba2e14234,Coldplay,arranger;mix;performer;phonographic copyright;producer;samples from artist,performer,,,1996-08-18,1996-08-18,1,-0.4376820413677751,6,0.1470817836566133,0.0,-0.27147504601238254
a0b77a10-ecff-4b84-b1f3-008391038d67,John Deacon,composer;lyricist;writer,writer,,,1975-01-01,1981-01-01,3,0.5939314051487953,5,-0.024881335068577065,6.001,0.4236683242350999
9c5f0dca-d34c-4091-9e92-545e5899caad,Johnny Venus,writer,writer,,,2019-06-12,2019-07-05,2,0.07812468189051006,10,0.8349342585573748,0.063,-0.2641772569229655
9fb2e361-6b56-44ae-b276-50e46e8f8688,ATL Jacob,writer,writer,,,2018-11-30,2018-11-30,1,-0.4376820413677751,4,-0.19684445379376744,0.0,-0.27147504601238254
2f522f5c-111c-4ce8-8bd0-d82e97c227ad,Daddy Yankee,composer;lyricist;performer;producer;remixer;vocal;writer,writer,,,2010-01-01,2010-01-01,5,1.6255448516653654,2,-0.5407706912441482,0.0,-0.27147504601238254
cf3bab56-feda-41ec-9aef-a9a31b1ad97e,Andreas Carlsson,composer;lyricist;writer,writer,_add works;ballad;bubblegum pop;contemporary r&b;europop;funk;pop;soul,_add works,1999-01-01,1999-01-01,1,-0.4376820413677751,2,-0.5407706912441482,0.0,-0.27147504601238254
dda1353c-6395-455b-8b2c-20a59ba61962,Elisha Noll,composer;lyricist,writer,alternative pop;electronic;pop;pop rock;rock,alternative pop,2022-10-01,2022-10-01,1,-0.4376820413677751,4,-0.19684445379376744,0.0,-0.27147504601238254
863cd67a-33d3-4394-b8d4-eaf7c123427c,Rachel West,writer,writer,,,2025-09-26,2025-09-26,2,0.07812468189051006,7,0.3190449023818037,0.0,-0.27147504601238254
93c4a677-a00b-4067-b594-4dcdbc5c9d44,Timothy Thomas,writer,writer,,,2009-01-01,2009-01-01,1,-0.4376820413677751,5,-0.024881335068577065,0.0,-0.27147504601238254
1130da4c-32e8-41d3-8951-ef224590d64b,Horacio Palencia,writer,writer,,,2025-09-18,2025-09-18,1,-0.4376820413677751,3,-0.36880757251895785,0.0,-0.27147504601238254
5780ff53-6dfa-4835-80dc-71c7316208a5,Doc Pomus,writer,writer,funk;r&b;soul,funk,1960-08-01,1960-08-01,1,-0.4376820413677751,2,-0.5407706912441482,0.0,-0.27147504601238254
262cf0ce-2af2-4686-a8cc-d6b33e97336d,Mk.gee,composer;lyricist;mix;producer,writer,,,2023-08-11,2024-02-09,5,1.6255448516653654,4,-0.19684445379376744,0.498,-0.21378776082937198
7ebebd5e-98f5-4511-bf51-e1ebe17bcb36,Alexander Tsarngshuen Wu,writer,writer,,,2021-04-09,2021-04-09,1,-0.4376820413677751,4,-0.19684445379376744,0.0,-0.27147504601238254
29ed4a49-fb99-4a5c-8713-609cabe6f34a,Kaskade,writer,writer,,,2006-01-01,2006-01-01,1,-0.4376820413677751,5,-0.024881335068577065,0.0,-0.27147504601238254
b78346af-e3ce-4b36-a0d5-032414de8a27,Peter Murphy,writer,writer,,,1982-01-01,1982-01-01,1,-0.4376820413677751,4,-0.19684445379376744,0.0,-0.27147504601238254
ee1e7008-03ac-4324-9653-70d847e4c4f6,John Beck,writer,writer,,,1992-01-01,1992-01-01,1,-0.4376820413677751,2,-0.5407706912441482,0.0,-0.27147504601238254
cc2c9c3c-b7bc-4b8b-84d8-4fbd8779e493,Adele,composer;instrument;lyricist;misc;producer;video appearance;vocal;writer,writer,acoustic;angry;anthemic;anxious;bittersweet;blue-eyed soul;breakup;energetic;female vocals;folk rock;jazz;longing;melodic;passionate;pop soul;r&b;rhythmic;rock;sentimental;serious;soul;soul. r&b,acoustic,1967-01-01,2011-01-01,3,0.5939314051487953,7,0.3190449023818037,44.0,4.825393524374091
53e1c16b-d6e4-4086-b3e6-a6fd29ab0321,Finatik,writer,writer,,,2021-01-01,2024-02-01,3,0.5939314051487953,29,4.102233514335992,3.083,0.08565326768083333
23eb93f3-52b5-470a-aee1-11b76336ae41,Ralph Blane,lyricist,writer,christmas;christmas carol;christmas music;folk;language: english;piano,christmas,1944-11-02,1944-11-02,1,-0.4376820413677751,2,-0.5407706912441482,0.0,-0.27147504601238254
c36ddabd-84d9-400a-91e9-e7c51b246852,Chris Wahle,composer,writer,,,2016-05-10,2016-05-10,1,-0.4376820413677751,2,-0.5407706912441482,0.0,-0.27147504601238254
3d2ee04c-c21d-424d-91da-afd66258438e,Philip Lawrence,composer;writer,writer,anti war;funk;new jack swing;pop;r&b;reggae-pop,anti war,2009-01-01,2016-01-01,6,2.1413515749236507,15,1.6947498521833269,6.998,0.5391587325231753
2873b450-13c6-4ca1-8ca3-646c25af3202,NLE Choppa,composer;lyricist;phonographic copyright;producer;programming;vocal;writer,writer,,,2019-01-17,2023-10-27,5,1.6255448516653654,16,1.866712970908517,4.775,0.2816510317966041
f545eed4-cd4c-40a3-89c0-edf4d195e52e,Da Brat,composer,writer,,,1997-01-01,1997-01-01,1,-0.4376820413677751,3,-0.36880757251895785,0.0,-0.27147504601238254
7bd9e20e-74b9-446a-a2ed-a223f82a36e7,Cyndi Lauper,arranger;composer;lyricist;performer;producer;samples from artist;vocal;writer,writer,,,1959-01-01,1959-01-01,1,-0.4376820413677751,1,-0.7127338099693385,0.0,-0.27147504601238254
33bfd0a3-ade2-4b57-a1d5-7d024dbcb381,August Rigo,composer,writer,,,2017-02-09,2017-02-09,2,0.07812468189051006,5,-0.024881335068577065,0.0,-0.27147504601238254
409538d4-488b-43fe-a4a3-49a3a80cc78f,Joshua Jones,writer,writer,,,2016-01-01,2016-01-01,1,-0.4376820413677751,2,-0.5407706912441482,0.0,-0.27147504601238254
f0d4e169-33bc-4ab7-8054-df73c65323e4,Lennox,writer,writer,,,2020-05-10,2020-05-10,1,-0.4376820413677751,4,-0.19684445379376744,0.0,-0.27147504601238254
ff98b821-de0d-4a0e-9002-507bf323a97d,James Lord Pierpont,composer;lyricist,writer,christmas;instrumental;thanksgiving,christmas,1935-01-01,1935-01-01,1,-0.4376820413677751,1,-0.7127338099693385,0.0,-0.27147504601238254
2eb55bd9-cfbf-44fd-a5da-92dd825284c7,AJR,mix;producer;writer,writer,,,1965-01-01,1965-01-01,1,-0.4376820413677751,2,-0.5407706912441482,0.0,-0.27147504601238254
2df5b6f3-70b1-4e60-b954-43f1b3625c0b,박정민,lyricist,writer,monotree,monotree,2009-11-17,2009-11-17,1,-0.4376820413677751,2,-0.5407706912441482,0.0,-0.27147504601238254
5e010e55-68c7-48d8-a4c5-d511dc8c100e,Albert Bouchard,composer;lyricist;writer,writer,,,1972-01-01,1972-01-01,4,1.1097381284070802,5,-0.024881335068577065,0.0,-0.27147504601238254
e99893a1-ba5f-49ee-9e52-3de13f1018b8,김광진,composer;lyricist,writer,,,2017-02-09,2017-02-09,1,-0.4376820413677751,0,-0.884696928694529,0.0,-0.27147504601238254
f7625f34-1799-42a4-a1c6-22b5377c767b,Arca,writer,writer,,,2014-08-06,2014-08-06,1,-0.4376820413677751,2,-0.5407706912441482,0.0,-0.27147504601238254
3778a413-6202-44c4-a11c-aaeb78feb7de,Bunny Sigler,lyricist,writer,,,2002-01-01,2002-01-01,1,-0.4376820413677751,4,-0.19684445379376744,0.0,-0.27147504601238254
dbe7fdf7-81b2-418b-b3f6-81ae71532f40,Lucy Dacus,composer;engineer;instrument;lyricist;phonographic copyright;producer;recording;vocal;writer,writer,folk rock;philly soul;pop;pop rock;r&b;soft rock,folk rock,1971-01-01,1971-01-01,2,0.07812468189051006,2,-0.5407706912441482,0.0,-0.27147504601238254
188711ed-c99b-439c-844a-ca831f63a727,MF DOOM,arranger;composer;lyricist;performer;producer;programming;remixer;vocal;writer,writer,,,2001-01-01,2003-01-01,4,1.1097381284070802,4,-0.19684445379376744,1.999,-0.0399150398259607
e864aa1b-5dc6-4f76-9425-c5d98e289d3e,MED,lyricist,writer,,,2004-01-01,2004-01-01,1,-0.4376820413677751,2,-0.5407706912441482,0.0,-0.27147504601238254
785a76e3-02db-4a36-bc13-9369d53be151,Kevin “She’kspere” Briggs,writer,writer,,,1999-01-01,1999-01-01,1,-0.4376820413677751,5,-0.024881335068577065,0.0,-0.27147504601238254
8b173ace-1599-47f3-84b5-946368b7e229,Greg Medoro,composer,writer,,,2009-09-08,2009-09-08,1,-0.4376820413677751,6,0.1470817836566133,0.0,-0.27147504601238254
c01c2efa-01d6-45d0-b8d8-3c6ba29db474,서지음,lyricist,writer,,,2020-09-16,2020-09-16,1,-0.4376820413677751,5,-0.024881335068577065,0.0,-0.27147504601238254
00793456-2e3f-49ab-9439-84efe81dc0e2,Vince Taylor,composer;lyricist,writer,sub-publish,sub-publish,1959-01-01,1959-01-01,1,-0.4376820413677751,1,-0.7127338099693385,0.0,-0.27147504601238254
ddb01e3e-0e38-4c47-a4e8-2cc0c13b8388,Ashton Vines,writer,writer,,,2019-04-18,2019-04-18,1,-0.4376820413677751,20,2.5545654458092786,0.0,-0.27147504601238254
04af2581-6692-4f14-a7fe-151a36f20368,,mix-dj;remixer,other,,,1979-01-01,1981-01-01,0,-0.9534887646260604,0,-0.884696928694529,2.001,-0.03968336398185225
a16371b9-7d36-497a-a9d4-42b0a0440c5e,Slowdive,engineer;mix;producer;remixer,production,,,1969-01-01,1969-01-01,1,-0.4376820413677751,0,-0.884696928694529,0.0,-0.27147504601238254
1fefa8b3-806b-4ab9-a066-66574b22aa16,Atticus Ross,writer,writer,meme,meme,2018-12-03,2019-01-01,3,0.5939314051487953,6,0.1470817836566133,0.079,-0.2623238501700977
7a8dbe84-f4c0-4457-bfa3-edced1f8cde0,Antônio Carlos Jobim,composer,writer,bossa nova,bossa nova,1959-01-01,1959-01-01,1,-0.4376820413677751,2,-0.5407706912441482,0.0,-0.27147504601238254
7e61db22-e0d5-4999-87b0-af5a85c63baf,Alna,writer,writer,,,2024-03-25,2024-03-25,1,-0.4376820413677751,10,0.8349342585573748,0.0,-0.27147504601238254
0627192d-4fed-4f4b-bad8-383bb42fa8fa,Patrick Doyle,composer,writer,,,2008-01-01,2008-01-01,1,-0.4376820413677751,9,0.6629711398321845,0.0,-0.27147504601238254
f07dbc2f-317b-470f-bad4-5f1b0eb6faf1,Caetano Veloso,writer,writer,,,1968-01-01,1968-01-01,1,-0.4376820413677751,2,-0.5407706912441482,0.0,-0.27147504601238254
75167b8b-44e4-407b-9d35-effe87b223cf,Neil Young,arranger;composer;editor;engineer;instrument;instrument arranger;lyricist;misc;mix;performer;phonographic copyright;producer;recording;remixer;samples from artist;video appearance;vocal;vocal arranger;writer,writer,ripoff;rock,ripoff,1967-01-01,1992-01-01,6,2.1413515749236507,2,-0.5407706912441482,24.999,2.6243571674215134
2b2a7e94-fdc6-4c2e-859c-441faa4089cd,Porl Thompson,composer,writer,alternative rock;rock,alternative rock,1987-01-01,1987-01-01,2,0.07812468189051006,5,-0.024881335068577065,0.0,-0.27147504601238254
a717be4f-8b3d-4355-b33c-2b84f88fe40d,Glenn Frey,composer;writer,writer,ripped off,ripped off,1975-01-01,1976-01-01,3,0.5939314051487953,3,-0.36880757251895785,0.999,-0.15575296188019871
e08e97f1-c5d5-4ac7-b2f1-aae617990640,VINCENZO,writer,writer,,,2024-03-25,2024-03-25,1,-0.4376820413677751,10,0.8349342585573748,0.0,-0.27147504601238254
0612bcce-e351-40be-b3d7-2bb5e1c23479,Mustard,writer,writer,,,2014-01-01,2015-08-08,3,0.5939314051487953,16,1.866712970908517,1.599,-0.08625020864765592
479497d4-e7c2-4e78-972e-56e78fac3995,Chris Isaak,composer;instrument;lyricist;performer;producer;vocal;writer,writer,,,1985-01-01,1989-01-01,6,2.1413515749236507,1,-0.7127338099693385,4.0,0.19187664220456957
44cf61b8-5197-448a-b82b-cef6ee89fac5,Paramore,performer;producer;recording;writer,writer,,,1966-09-10,1966-09-10,1,-0.4376820413677751,1,-0.7127338099693385,0.0,-0.27147504601238254
42aaf916-f453-407f-b39e-d999f6aeee4d,Steve MacKinnon,writer,writer,,,2019-01-11,2019-01-11,1,-0.4376820413677751,1,-0.7127338099693385,0.0,-0.27147504601238254
d43d12a1-2dc9-4257-a2fd-0a3bb1081b86,Johnny Cash,arranger;composer;instrument;lyricist;performer;phonographic copyright;producer;video appearance;vocal;writer,writer,,,1956-05-19,1970-01-01,4,1.1097381284070802,6,0.1470817836566133,13.621,1.3063532902883936
b10954d4-0b15-48a6-9333-5a4c7169da51,Nicole Morier,writer,writer,,,2012-10-15,2012-10-15,1,-0.4376820413677751,5,-0.024881335068577065,0.0,-0.27147504601238254
b10bbbfc-cf9e-42e0-be17-e2c3e1d2600d,The Beatles,performer;producer;remixer;samples from artist;video appearance;vocal,performer,,,1966-01-01,1966-01-01,1,-0.4376820413677751,0,-0.884696928694529,0.0,-0.27147504601238254
03f8ade0-201a-43ee-90b4-96c36dc591b0,Alex James,composer;writer,writer,,,1997-01-01,2012-06-25,7,2.657158298181936,9,0.6629711398321845,15.48,1.5216959873872222
937389d5-d59e-4233-86d8-dacba3d5270c,Benjamin Reichwald,writer,writer,,,2013-07-09,2013-07-09,1,-0.4376820413677751,2,-0.5407706912441482,0.0,-0.27147504601238254
eb3fdcb8-6607-41d5-9387-edd648f38bc2,Steven Velema,composer,writer,,,2017-06-02,2017-06-02,1,-0.4376820413677751,2,-0.5407706912441482,0.0,-0.27147504601238254
5501517e-57b6-46e3-9736-e49ee657da7b,epictina,writer,writer,,,2025-08-01,2025-08-01,1,-0.4376820413677751,1,-0.7127338099693385,0.0,-0.27147504601238254
6bf692e0-baac-4428-94c3-423d52508cf0,Jon Lord,writer,writer,classic rock;hard rock;rock,classic rock,1970-01-01,1970-01-01,1,-0.4376820413677751,4,-0.19684445379376744,0.0,-0.27147504601238254
9b71ad4a-df8e-4142-88f8-4d757ba18f55,Tone the Backbone,writer,writer,,,1997-01-01,1997-01-01,1,-0.4376820413677751,1,-0.7127338099693385,0.0,-0.27147504601238254
5c6394b5-3af5-43f2-83c0-a061750ad233,Nurse,writer,writer,,,2025-08-01,2025-08-01,1,-0.4376820413677751,3,-0.36880757251895785,0.0,-0.27147504601238254
2aaf7396-6ab8-40f3-9776-a41c42c8e26b,,remixer;video appearance,other,,,1971-11-01,1971-11-12,0,-0.9534887646260604,0,-0.884696928694529,0.03,-0.26799990835075543
b7ffd2af-418f-4be2-bdd1-22f8b48613da,Nine Inch Nails,arranger;composer;performer;producer;programming;remixer;samples from artist,writer,nu metal;rock,nu metal,1992-01-01,1992-01-01,5,1.6255448516653654,1,-0.7127338099693385,0.0,-0.27147504601238254
1d01b5f5-182a-4558-a057-2f3a109cdbcf,T‐Minus,writer,writer,,,2013-01-11,2018-03-30,2,0.07812468189051006,5,-0.024881335068577065,5.213,0.3323880416563603
784bf112-03cd-444a-af31-0d63e7ea651f,전간디,lyricist,writer,,,2017-02-09,2017-02-09,1,-0.4376820413677751,4,-0.19684445379376744,0.0,-0.27147504601238254
3798b104-01cb-484c-a3b0-56adc6399b80,Rage Against the Machine,arranger;performer;producer;samples from artist,performer,,,1991-01-01,1992-01-01,5,1.6255448516653654,4,-0.19684445379376744,0.999,-0.15575296188019871
c0050289-6969-437d-be83-0fcb608ead5c,Bennie Maupin,composer,writer,,,1979-01-01,1979-01-01,1,-0.4376820413677751,3,-0.36880757251895785,0.0,-0.27147504601238254
fde17fa5-3238-439f-ab1c-c37671e3c3b3,James Poyser,writer,writer,,,1997-01-01,1997-02-11,2,0.07812468189051006,5,-0.024881335068577065,0.112,-0.25850119874230787
697d4510-c3fe-4e96-bcc9-34739bccde8f,Ric Ocasek,composer;lyricist,writer,,,1984-01-01,1984-01-01,1,-0.4376820413677751,0,-0.884696928694529,0.0,-0.27147504601238254
fa4b5ec6-5f3b-48a8-9fc2-c714f9781ecd,Alejandra Ghersi,writer,writer,,,2013-01-01,2013-01-01,1,-0.4376820413677751,9,0.6629711398321845,0.0,-0.27147504601238254
7b46472b-adda-4a9e-a6e7-824dedff9200,The Backseat Lovers,phonographic copyright;producer,production,,,2022-08-18,2022-10-28,5,1.6255448516653654,0,-0.884696928694529,0.194,-0.24900248913386036
c1a18927-020f-4241-a08c-53d2630473b8,Liam Howlett,composer;writer,writer,,,1995-10-28,1996-01-01,6,2.1413515749236507,15,1.6947498521833269,0.178,-0.2508558958867282
e5e045da-59a3-4b65-8bb4-3c7f3ac9a529,,remixer,other,,,1987-10-21,1987-10-21,0,-0.9534887646260604,0,-0.884696928694529,0.0,-0.27147504601238254
39352b9b-e3f0-46f4-8c69-ef17d541e603,Les Pattinson,writer,writer,,,1983-01-01,1983-01-01,1,-0.4376820413677751,4,-0.19684445379376744,0.0,-0.27147504601238254
e780a5a7-a7ce-4390-983e-0171b91e15c1,Peter Chill,writer,writer,,,2013-01-11,2013-01-11,1,-0.4376820413677751,8,0.4910080211069941,0.0,-0.27147504601238254
f213b312-92d8-4180-8483-02f26063cba5,Ron Davies,composer;lyricist,writer,,,1970-01-01,1970-01-01,1,-0.4376820413677751,1,-0.7127338099693385,0.0,-0.27147504601238254
9034f787-3e79-44fe-89c1-8a082d556eec,Kurupt,writer,writer,,,2019-04-18,2019-04-18,1,-0.4376820413677751,20,2.5545654458092786,0.0,-0.27147504601238254
60ae155f-2d68-49d5-90cf-8093f80dd046,Wayne Hector,writer,writer,,,2012-01-01,2012-01-01,1,-0.4376820413677751,12,1.1788604960077556,0.0,-0.27147504601238254
fe7e6678-935e-44d6-87ce-87ce7d948a5f,Dragos Chiriac,writer,writer,,,2015-06-10,2015-06-10,1,-0.4376820413677751,1,-0.7127338099693385,0.0,-0.27147504601238254
91a81925-92f9-4fc9-b897-93cf01226282,The Chainsmokers,mix;producer;remixer,production,,,2005-07-22,2005-07-22,1,-0.4376820413677751,0,-0.884696928694529,0.0,-0.27147504601238254
5157aeef-07da-41b5-b16c-5c5fb81b4f75,Mike Davis,writer,writer,,,1983-01-01,1983-01-01,1,-0.4376820413677751,3,-0.36880757251895785,0.0,-0.27147504601238254
b4691384-50c3-4afd-9988-51d3ec5db65d,Hozier,arranger;composer;instrument;lyricist;mix;producer;programming;vocal;writer,writer,easy listening;pop,easy listening,1962-01-01,1962-01-01,1,-0.4376820413677751,1,-0.7127338099693385,0.0,-0.27147504601238254
fe73aa73-4e0f-439e-97dc-3bf0bfaecbe2,Bryan‐Michael Cox,writer,writer,contemporary r&b;trap,contemporary r&b,2015-01-01,2015-01-01,1,-0.4376820413677751,6,0.1470817836566133,0.0,-0.27147504601238254
e8c7f193-0db6-4175-a469-ebce1c340429,Boris Williams,composer,writer,alternative rock;rock,alternative rock,1987-01-01,1987-01-01,2,0.07812468189051006,5,-0.024881335068577065,0.0,-0.27147504601238254
789f6768-5830-4b08-8b4f-f38566b2eb1d,Black Francis,composer;lyricist,writer,indie pop;indie rock;pop;rock,indie pop,1989-01-01,1989-01-01,1,-0.4376820413677751,1,-0.7127338099693385,0.0,-0.27147504601238254
463b50bc-3384-4991-b2a9-5dc573e89291,Boris Blank,composer,writer,,,1985-01-01,1985-01-01,1,-0.4376820413677751,2,-0.5407706912441482,0.0,-0.27147504601238254
4e5119da-3d88-40e1-9aff-ddf660ff715b,Joshua Harmon,composer;lyricist,writer,,,2022-08-18,2022-10-28,5,1.6255448516653654,3,-0.36880757251895785,0.194,-0.24900248913386036
22192191-5e78-4339-8406-62d2d9590b39,Danny Wolf,writer,writer,,,2019-03-01,2019-03-01,1,-0.4376820413677751,4,-0.19684445379376744,0.0,-0.27147504601238254
5cbef01b-cc35-4f52-af7b-d0df0c4f61b9,Sonic Youth,composer;creative direction;lyricist;mix;performer;producer;recording;remixer;writer,writer,indian classical;raga rock,indian classical,1967-01-01,1967-01-01,1,-0.4376820413677751,1,-0.7127338099693385,0.0,-0.27147504601238254
87940179-76a7-4fb7-a8d1-2e4cda09dd61,Kii Kinsella,writer,writer,,,2023-06-30,2023-06-30,1,-0.4376820413677751,4,-0.19684445379376744,0.0,-0.27147504601238254
11433f50-a7da-4dc2-8ca8-84b5d160e20e,John Taylor,composer;lyricist;writer,writer,heavy metal;rock,heavy metal,1981-01-01,1993-01-01,4,1.1097381284070802,9,0.6629711398321845,12.0,1.1185800186384738
17b53d9f-5c63-4a09-a593-dde4608e0db9,The Kinks,arranger;performer;video appearance,performer,,,1971-11-24,1971-11-24,4,1.1097381284070802,1,-0.7127338099693385,0.0,-0.27147504601238254
1ea888e8-3406-41b7-a516-5e743540a442,Lowell “Sly” Dunbar,writer,writer,,,2016-01-01,2016-01-01,1,-0.4376820413677751,15,1.6947498521833269,0.0,-0.27147504601238254
c83430e1-1b8f-495d-a9f9-dca75d46da58,Pierre Ramon Slaughter,writer,writer,,,2013-01-01,2013-01-01,1,-0.4376820413677751,7,0.3190449023818037,0.0,-0.27147504601238254
6838ca8e-da88-436c-a0fd-6d3a7e832f1f,Labi Siffre,arranger;composer;instrument;lyricist;phonographic copyright;producer;vocal;writer,writer,pop,pop,1968-01-01,1969-01-01,2,0.07812468189051006,4,-0.19684445379376744,1.002,-0.15540544811403603
338c8478-01a8-4851-a65a-3f42ae14f2dc,Tyrone Evans,writer,writer,reggae;rocksteady,reggae,1967-01-01,1967-01-01,1,-0.4376820413677751,2,-0.5407706912441482,0.0,-0.27147504601238254
ff748426-8873-4725-bdc7-c2b18b510d41,Memphis Minnie,writer,writer,,,1971-01-01,1971-01-01,1,-0.4376820413677751,5,-0.024881335068577065,0.0,-0.27147504601238254
f7ba7fbe-c6bd-4ac0-bee9-c25c558d7d62,T.I.,composer;writer,writer,ripoff,ripoff,2008-01-01,2013-01-01,3,0.5939314051487953,9,0.6629711398321845,5.002,0.30794624010291605
ea1e93f4-d005-4897-90a9-e065f837d7e2,Brandon “B” Rackley,composer,writer,,,2008-01-01,2008-01-01,1,-0.4376820413677751,4,-0.19684445379376744,0.0,-0.27147504601238254
d4889ce7-b66b-4de5-9c88-088d2e18492c,Nick Rotteveel,writer,writer,,,2014-01-01,2014-01-01,1,-0.4376820413677751,8,0.4910080211069941,0.0,-0.27147504601238254
9f3576a9-ef8d-44d2-bd05-0c3ce1ea691d,Kaan Gunesberk,writer,writer,pop,pop,2017-01-01,2017-01-01,1,-0.4376820413677751,9,0.6629711398321845,0.0,-0.27147504601238254
0cc4efd9-b2db-4428-a646-82f04d653d58,Don Corleon,writer,writer,,,2006-01-01,2006-01-01,1,-0.4376820413677751,5,-0.024881335068577065,0.0,-0.27147504601238254
aee63f14-ab80-4b37-86e4-d06fe05a898c,Cathy Dennis,lyricist,writer,,,2001-01-01,2001-01-01,1,-0.4376820413677751,1,-0.7127338099693385,0.0,-0.27147504601238254
bc1cc75d-ab68-41b2-a135-3b62f41ea266,Hope Sandoval,lyricist,writer,,,1993-01-01,1993-01-01,1,-0.4376820413677751,2,-0.5407706912441482,0.0,-0.27147504601238254
0e21491a-18a5-40d9-a68c-a651a0fda689,Jeff Barry,writer,writer,,,1963-01-01,1964-01-01,2,0.07812468189051006,3,-0.36880757251895785,0.999,-0.15575296188019871
f5c29b24-f309-46e1-bc75-001f19b1edd0,Steve Guess,writer,writer,,,2015-01-01,2015-04-07,2,0.07812468189051006,9,0.6629711398321845,0.263,-0.24100967251211794
8f4350e9-c567-4cda-9b10-d44ac1b9a9f4,Antwain Fox,writer,writer,,,2018-11-02,2018-11-02,1,-0.4376820413677751,1,-0.7127338099693385,0.0,-0.27147504601238254
5d06fe54-485a-4a07-b506-5f6f719448cb,Billie Joe Armstrong,composer;lyricist,writer,,,1995-01-01,1995-01-01,1,-0.4376820413677751,2,-0.5407706912441482,0.0,-0.27147504601238254
dee1716e-c54c-4cc1-92f6-625a0f48c4b2,Babyboy,writer,writer,,,2020-08-27,2020-08-27,1,-0.4376820413677751,4,-0.19684445379376744,0.0,-0.27147504601238254
46e35005-303b-48f8-bf30-f477fbd6936e,Adam Hann,writer,writer,,,2016-02-16,2016-02-16,1,-0.4376820413677751,4,-0.19684445379376744,0.0,-0.27147504601238254
57944f82-e5fd-4f3c-b344-f3f9651c6931,Ramiro Morales,writer,writer,,,2018-08-03,2018-08-03,1,-0.4376820413677751,5,-0.024881335068577065,0.0,-0.27147504601238254
277ae4fb-4f7a-4bfd-af15-7d36f19ac09a,Justin H. Pope,writer,writer,,,2015-01-28,2015-01-28,1,-0.4376820413677751,3,-0.36880757251895785,0.0,-0.27147504601238254
85d76093-9865-4605-97fa-8c910929d366,LiSA,writer,writer,,,2024-10-11,2024-10-11,1,-0.4376820413677751,9,0.6629711398321845,0.0,-0.27147504601238254
4bdcee62-4902-4773-8cd1-e252e2e31225,Alanis Morissette,composer;instrument;lyricist;performer;producer;video appearance;vocal;writer,writer,,,1968-01-01,1968-11-22,2,0.07812468189051006,2,-0.5407706912441482,0.893,-0.16803178161794796
42a636a0-dbe4-4d0c-abe2-1590fad9531b,Tom Morello,composer,writer,,,1991-01-01,1992-01-01,6,2.1413515749236507,5,-0.024881335068577065,0.999,-0.15575296188019871
970ec984-5b9d-49a8-a1b3-3c0d6c7d5c34,Jade,composer;performer;producer;remixer,writer,,,2006-09-18,2007-06-18,2,0.07812468189051006,0,-0.884696928694529,0.747,-0.18494411823786674
d4659efb-b8eb-4f03-95e9-f69ce35967a9,David Byrne,composer;lyricist,writer,,,1983-01-01,1985-01-01,4,1.1097381284070802,4,-0.19684445379376744,2.001,-0.03968336398185225
2d170347-69aa-4245-9950-c3a2992abad6,Marcus Lomax,writer,writer,,,2018-02-02,2018-02-02,1,-0.4376820413677751,5,-0.024881335068577065,0.0,-0.27147504601238254
bd01c9d7-89dd-4cb4-9baa-a43bfa292bed,Skylar Grey,writer,writer,,,2010-01-01,2012-10-02,2,0.07812468189051006,6,0.1470817836566133,2.752,0.0473109154808805
88be6065-91c5-409f-aea2-8c39a333d59c,Charles Mitchell,writer,writer,appears in star trek,appears in star trek,1940-03-25,1940-03-25,1,-0.4376820413677751,2,-0.5407706912441482,0.0,-0.27147504601238254
b9bb7959-bdcf-45c2-a73a-0ac2e4333c2f,Al Jardine,composer,writer,,,1972-01-01,1972-01-01,1,-0.4376820413677751,3,-0.36880757251895785,0.0,-0.27147504601238254
06ef7219-6c9b-42e0-a81e-9ce6ab164d13,Marcus van Wattum,writer,writer,,,2014-01-01,2014-01-01,1,-0.4376820413677751,8,0.4910080211069941,0.0,-0.27147504601238254
2ddd167f-5b8a-4372-b350-6ad50493bac0,The Fray,performer;producer,performer,,,1967-01-01,1967-01-01,1,-0.4376820413677751,0,-0.884696928694529,0.0,-0.27147504601238254
5a42040d-2ae5-4e2a-a362-22e7b19d993c,Smokepurpp,writer,writer,,,2019-07-01,2019-07-01,1,-0.4376820413677751,11,1.0068973772825651,0.0,-0.27147504601238254
c9cd225b-4883-428e-82c2-73e0b6282fb6,Lil Durk,lyricist;performer;producer;vocal;writer,writer,,,2018-12-21,2023-11-18,6,2.1413515749236507,28,3.9302703956108016,4.909,0.2971733133518719
8546949d-f46c-45ab-8391-85b26dda6b65,Tim Buckley,composer;lyricist,writer,,,1970-01-01,1970-01-01,1,-0.4376820413677751,2,-0.5407706912441482,0.0,-0.27147504601238254
7cf92ae7-264e-45a6-aa22-d6f3118eb0e4,Billy Rose,lyricist,writer,,,1933-01-01,1933-01-01,1,-0.4376820413677751,3,-0.36880757251895785,0.0,-0.27147504601238254
764b0653-1855-40a2-85dd-98dabecb5efb,Leven Kali,composer,writer,,,2016-05-10,2016-05-10,1,-0.4376820413677751,7,0.3190449023818037,0.0,-0.27147504601238254
410bbb19-8309-4a0b-9f87-3d65bde4a826,Nipsey Hussle,writer,writer,,,2019-02-14,2019-02-14,1,-0.4376820413677751,4,-0.19684445379376744,0.0,-0.27147504601238254
70f5bb6e-9b87-4500-9c9f-2e1d373d07da,Takeoff,writer,writer,hip hop;trap,hip hop,2017-10-29,2018-01-26,2,0.07812468189051006,11,1.0068973772825651,0.244,-0.24321059303114848
010a8a3d-f197-4ec8-b67e-d7cb0326c50f,Brendan Joyce,writer,writer,,,2012-10-16,2012-10-16,1,-0.4376820413677751,8,0.4910080211069941,0.0,-0.27147504601238254
23a79d0c-0034-4348-8844-705b7cda6d13,Andy Hurley,writer,writer,,,2015-01-01,2015-01-01,1,-0.4376820413677751,3,-0.36880757251895785,0.0,-0.27147504601238254
2b1e7c27-2663-43df-9c23-8601e173e6ef,Marina Sena,writer,writer,,,2021-08-19,2023-08-25,4,1.1097381284070802,1,-0.7127338099693385,2.015,-0.03806163307309289
d352f5dd-3023-4565-a7bb-52396bf8821d,Buddy Holly,writer,writer,pop;rock;rock and roll;rockabilly,pop,1957-01-01,1957-01-01,1,-0.4376820413677751,3,-0.36880757251895785,0.0,-0.27147504601238254
2fddb92d-24b2-46a5-bf28-3aed46f4684c,Kylie Minogue,audio;composer;engineer;instrument;lyricist;performer;phonographic copyright;producer;recording;video appearance;vocal;writer,writer,,,1981-01-01,1983-01-01,2,0.07812468189051006,5,-0.024881335068577065,1.999,-0.0399150398259607
f4fdbb4c-e4b7-47a0-b83b-d91bbfcfa387,Ariana Grande,arranger;composer;creative direction;engineer;lyricist;mix;performer;producer;programming;samples from artist;video director;vocal;vocal arranger;writer,writer,christmas;christmas music;electronic;holiday;pop;synth-pop,christmas,1984-01-01,2014-01-01,4,1.1097381284070802,6,0.1470817836566133,30.001,3.2037784535368123
48e5f8d2-93c9-486d-9268-d5ebd2253ac0,Joe Davis,lyricist,writer,,,1959-01-01,1959-01-01,1,-0.4376820413677751,1,-0.7127338099693385,0.0,-0.27147504601238254
ba45b249-1b65-491a-b194-5d57f47c8e84,Steven Zhu,composer;lyricist,writer,,,2024-02-09,2024-02-09,1,-0.4376820413677751,9,0.6629711398321845,0.0,-0.27147504601238254
88c3a7e4-b2bc-4723-803c-819adaf68ef6,Josh Augustin,writer,writer,,,2015-08-18,2015-08-18,1,-0.4376820413677751,2,-0.5407706912441482,0.0,-0.27147504601238254
ba0d6274-db14-4ef5-b28d-657ebde1a396,,performer;phonographic copyright;recording,performer,,,1968-01-01,1969-01-01,0,-0.9534887646260604,0,-0.884696928694529,1.002,-0.15540544811403603
666ffd5a-d1a7-4945-8f42-26a36dc8281c,Klenord Fort,writer,writer,,,2017-01-01,2017-01-01,1,-0.4376820413677751,8,0.4910080211069941,0.0,-0.27147504601238254
d574c9bd-46f6-440a-8d6a-8412a283eeb1,will.i.am,arranger;composer;engineer;instrument;instrument arranger;lyricist;mix;performer;producer;programming;recording;remixer;video appearance;vocal;writer,writer,,,1966-01-01,2009-01-01,2,0.07812468189051006,6,0.1470817836566133,43.001,4.709671440241907
0dcee02c-5d2c-4f5c-9d60-d58a4df32d9e,Tré Cool,composer,writer,,,1995-01-01,1995-01-01,1,-0.4376820413677751,2,-0.5407706912441482,0.0,-0.27147504601238254
4d09d3b4-e52e-4863-b5bf-f4219cda3573,Alex Caird,lyricist,writer,,,1998-07-01,1998-07-01,1,-0.4376820413677751,0,-0.884696928694529,0.0,-0.27147504601238254
8718bc90-8712-4456-9359-e705851be657,A. Jay Popoff,writer,writer,,,1999-01-01,1999-01-01,1,-0.4376820413677751,1,-0.7127338099693385,0.0,-0.27147504601238254
3f6a5e0d-4288-43c1-94f2-aba26fbe6292,Ryan McMahon,writer,writer,dance-pop;pop,dance-pop,2021-03-18,2021-03-18,1,-0.4376820413677751,6,0.1470817836566133,0.0,-0.27147504601238254
756335e3-00c1-4094-b878-b28d70477fd2,Blondie Chaplin,composer,writer,,,1972-01-01,1972-01-01,1,-0.4376820413677751,2,-0.5407706912441482,0.0,-0.27147504601238254
c5eb9407-caeb-4303-b383-6929aa94021c,Papa Roach,arranger;composer;producer,writer,indie pop;indie rock;pop;rock,indie pop,1989-01-01,1989-01-01,1,-0.4376820413677751,1,-0.7127338099693385,0.0,-0.27147504601238254
cd689e77-dfdd-4f81-b50c-5e5a3f5e38a4,Bladee,producer;vocal;writer,writer,,,2013-07-09,2016-01-25,4,1.1097381284070802,1,-0.7127338099693385,2.546,0.02344830353770747
b89a3568-9d87-4da0-97e3-97b30348d098,MJG,composer,writer,,,2004-05-11,2004-05-11,1,-0.4376820413677751,2,-0.5407706912441482,0.0,-0.27147504601238254
5bdbcb6d-1f30-4c29-8501-f63b6445fd77,Bump J,writer,writer,,,2023-11-18,2023-11-22,2,0.07812468189051006,14,1.5227867334581364,0.011,-0.2702008288697859
e1d6c52e-55e1-403e-a2cc-50b07362198e,Martin Brygmann,writer,writer,,,2003-12-01,2003-12-01,1,-0.4376820413677751,2,-0.5407706912441482,0.0,-0.27147504601238254
94e2f6fe-37ab-4e1f-b145-26cb80069503,Reese LaFlare,writer,writer,,,2019-07-01,2019-07-01,1,-0.4376820413677751,11,1.0068973772825651,0.0,-0.27147504601238254
761abc87-7ad8-4b40-9bf6-f80f1ad30f4e,Márcio Borges,composer,writer,,,1972-01-01,1972-01-01,1,-0.4376820413677751,1,-0.7127338099693385,0.0,-0.27147504601238254
96855c21-b832-4366-ba12-0d2330c36a86,Phoebe Bridgers,composer;instrument;lyricist;performer;producer;recording;vocal;writer,writer,breakbeat;electronic;heartland rock;house;leftfield;pop rock;progressive house;rock;rock and roll,breakbeat,1984-01-01,1984-01-01,1,-0.4376820413677751,0,-0.884696928694529,0.0,-0.27147504601238254
23a03e33-a603-404e-bcbf-2c00159d7067,The Offspring,producer;writer,writer,,,1978-04-01,1978-04-01,1,-0.4376820413677751,6,0.1470817836566133,0.0,-0.27147504601238254
63e8d6f9-e247-45c9-aaf2-e079cddbdd54,Billy Ray Cyrus,writer,writer,,,2019-01-01,2019-01-01,2,0.07812468189051006,6,0.1470817836566133,0.0,-0.27147504601238254
253c9ae7-850b-46be-8fbb-65e9fa621058,Pop Smoke,lyricist;vocal;writer,writer,,,2019-09-13,2021-07-16,5,1.6255448516653654,21,2.726528564534469,1.84,-0.05833326943258455
c8b03190-306c-4120-bb0b-6f2ebfc06ea9,The Weeknd,arranger;composer;instrument;lyricist;performer;producer;programming;remixer;vocal;writer,writer,contemporary r&b;electronic;funk;hip hop;pop;soul;synth-pop;synthwave,contemporary r&b,1984-01-01,2024-01-01,3,0.5939314051487953,19,2.382602327084088,40.0,4.362041836157139
20ff3303-4fe2-4a47-a1b6-291e26aa3438,James Brown,writer,writer,,,1966-01-01,1966-01-01,1,-0.4376820413677751,2,-0.5407706912441482,0.0,-0.27147504601238254
0ab49580-c84f-44d4-875f-d83760ea2cfe,Maroon 5,performer;producer;programming,performer,,,1964-01-01,1964-01-01,1,-0.4376820413677751,0,-0.884696928694529,0.0,-0.27147504601238254
8a1c3e7b-e579-416e-bcce-3a782a33dc72,Ambezza,writer,writer,,,2015-04-14,2023-11-18,2,0.07812468189051006,17,2.0386760896337077,8.597,0.7243835698879018
d9b5ba88-b57b-43d6-9ff1-51f53cbbf815,Phil “Philthy Animal” Taylor,writer,writer,,,1980-01-01,1980-01-01,1,-0.4376820413677751,3,-0.36880757251895785,0.0,-0.27147504601238254
7cc42035-7d57-4f0b-be72-28fe90284f10,Matt Malpass,writer,writer,,,2019-06-21,2019-06-21,1,-0.4376820413677751,2,-0.5407706912441482,0.0,-0.27147504601238254
c485632c-b784-4ee9-8ea1-c5fb365681fc,MGMT,engineer;mix-dj;performer;producer;recording;remixer;vocal;writer,writer,,,1982-01-01,1982-01-01,1,-0.4376820413677751,4,-0.19684445379376744,0.0,-0.27147504601238254
418fe547-4bec-48fe-8df0-ed25e27f4570,NAV,writer,writer,,,2018-08-03,2019-03-22,2,0.07812468189051006,8,0.4910080211069941,0.632,-0.1982654792741041
a96d82a0-cdca-40bf-b4c8-3d7ec178d85b,The Stranglers,composer;mix;performer;producer;samples from artist;writer,writer,hard rock;pop rock;ripped off;rock;rock and roll,hard rock,1964-10-23,1964-10-23,1,-0.4376820413677751,1,-0.7127338099693385,0.0,-0.27147504601238254
0351a187-ef26-474a-a090-4e9f0fb1f84f,Paris Kirk,writer,writer,,,2019-03-08,2019-03-08,1,-0.4376820413677751,4,-0.19684445379376744,0.0,-0.27147504601238254
ffbd09fd-30ca-4941-8e83-968c31076891,Marty Wilde,writer,writer,,,1981-01-01,1981-01-01,1,-0.4376820413677751,1,-0.7127338099693385,0.0,-0.27147504601238254
c37dcec0-48f7-4e35-9a69-cbb81213cd09,Justin Reinstein,composer,writer,,,2020-09-16,2020-09-16,1,-0.4376820413677751,5,-0.024881335068577065,0.0,-0.27147504601238254
58cb5169-ad58-4820-baf0-63f6dbd94eb9,Peggy Farina,writer,writer,,,1967-02-01,1967-02-01,1,-0.4376820413677751,1,-0.7127338099693385,0.0,-0.27147504601238254
2386cd66-e923-4e8e-bf14-2eebe2e9b973,,performer;phonographic copyright,performer,,,1975-03-24,1977-10-17,0,-0.9534887646260604,0,-0.884696928694529,2.568,0.025996737822900733
c6ecb060-2a9f-43b4-a657-440150548c6d,Jon Lind,composer,writer,,,1979-01-01,1979-01-01,1,-0.4376820413677751,1,-0.7127338099693385,0.0,-0.27147504601238254
144189b9-e06f-46bd-9cbf-71c2b9aec28c,나도연,writer,writer,,,2024-03-25,2024-03-25,1,-0.4376820413677751,10,0.8349342585573748,0.0,-0.27147504601238254
ef326b3d-61f0-4379-aca0-21237d696d63,$uicideboy$,phonographic copyright;producer,production,,,2015-09-21,2015-11-20,2,0.07812468189051006,0,-0.884696928694529,0.164,-0.25247762679548746
e4a51f17-a57b-47b1-b37b-f552d0f8e9e6,Travis Scott,writer,writer,,,2016-09-02,2019-12-27,8,3.172965021440221,36,5.305975345412325,3.316,0.11264350351947075
92a42e82-b36f-4308-82c1-68bad2e03c89,Third Eye Blind,composer;performer;producer;writer,writer,,,1970-01-01,1970-01-01,1,-0.4376820413677751,2,-0.5407706912441482,0.0,-0.27147504601238254
9b46bd1f-2f9e-46bb-9a68-4e24c644a137,Gunplay,writer,writer,,,2013-01-11,2013-01-11,1,-0.4376820413677751,8,0.4910080211069941,0.0,-0.27147504601238254
ded9fa6b-5141-486a-bc12-51c313e606b9,Mark Fisher,lyricist,writer,,,1933-01-01,1933-01-01,1,-0.4376820413677751,3,-0.36880757251895785,0.0,-0.27147504601238254
b5e59918-1d97-4f80-829c-a2db9f531faf,Darrius Coleman,writer,writer,,,2022-07-22,2022-07-22,1,-0.4376820413677751,9,0.6629711398321845,0.0,-0.27147504601238254
5c882e22-3467-4cc3-8c77-6595288f3b39,Rodney Jerkins,writer,writer,,,1998-01-01,2014-01-01,2,0.07812468189051006,9,0.6629711398321845,16.0,1.581931706855426
f1f81989-dfa9-4bd3-805e-dcf3900c43e3,Larry Carlton,writer,writer,,,1991-01-01,1991-01-01,1,-0.4376820413677751,9,0.6629711398321845,0.0,-0.27147504601238254
48b2fec4-8262-4834-9bf4-75be00bb9993,Jota Rosa,writer,writer,,,2020-05-10,2020-05-10,1,-0.4376820413677751,4,-0.19684445379376744,0.0,-0.27147504601238254
80cadd99-f560-41e3-babd-16292bbd248a,Marilyn Manson,composer;lyricist,writer,,,1990-01-01,1992-08-01,4,1.1097381284070802,3,-0.36880757251895785,2.582,0.027618468731660042
7808accb-6395-4b25-858c-678bbb73896b,Bastille,performer;phonographic copyright;remixer;vocal,performer,,,1977-01-01,1977-01-01,1,-0.4376820413677751,0,-0.884696928694529,0.0,-0.27147504601238254
aead4f9a-43cb-4223-af9c-83048d9c1984,Montell Frazier,composer,writer,boom bap;chillwave;downtempo;hip hop;instrumental;instrumental hip hop;lo-fi;lo-fi hip hop,boom bap,2019-12-11,2021-09-02,5,1.6255448516653654,0,-0.884696928694529,1.728,-0.07130711670265923
a1397091-6ac0-4c6e-bd55-de0d62f52d12,Fritz Owens,composer;lyricist,writer,,,2022-09-14,2022-09-14,1,-0.4376820413677751,0,-0.884696928694529,0.0,-0.27147504601238254
3765dccd-b659-4298-9211-15c3f73b40bf,Chris Squire,writer,writer,,,1969-07-01,1971-11-12,2,0.07812468189051006,3,-0.36880757251895785,2.366,0.0025974775679446552
96800e05-9924-4321-859a-76e0d4750f2f,Smino,writer,writer,,,2019-07-05,2019-07-05,1,-0.4376820413677751,7,0.3190449023818037,0.0,-0.27147504601238254
b940b832-506c-45ef-9f3a-40d5d053eb27,Ron Fair,writer,writer,,,2006-01-01,2006-01-01,1,-0.4376820413677751,5,-0.024881335068577065,0.0,-0.27147504601238254
00136dd9-1047-4999-af1f-d709c5fa09f9,Andrew Watt,writer,writer,pop,pop,2016-01-01,2021-01-01,4,1.1097381284070802,16,1.866712970908517,5.002,0.30794624010291605
4e954b02-fae2-4bd7-9547-e055a6ac0527,Raekwon,writer,writer,hip hop;trap,hip hop,2018-01-01,2021-04-09,2,0.07812468189051006,22,2.898491683259659,3.269,0.1071991211829216
83d91898-7763-47d7-b03b-b92132375c47,Pink Floyd,phonographic copyright;producer;samples from artist;writer,writer,,,1968-01-01,1968-01-01,5,1.6255448516653654,3,-0.36880757251895785,0.0,-0.27147504601238254
c7020c6d-cae9-4db3-92a7-e5c561cbad50,Keane,mix;producer;programming,production,,,1980-01-01,1981-01-01,2,0.07812468189051006,0,-0.884696928694529,1.002,-0.15540544811403603
2ba21c9c-e36b-4031-a4c3-20d925d226d3,Toby Scott,writer,writer,,,2012-01-01,2012-01-01,1,-0.4376820413677751,12,1.1788604960077556,0.0,-0.27147504601238254
f8e12ed8-1d24-431a-b7c9-b8dd6db867ff,Danny Kirsch,composer,writer,,,2016-02-03,2016-02-03,1,-0.4376820413677751,2,-0.5407706912441482,0.0,-0.27147504601238254
b1570544-93ab-4b2b-8398-131735394202,Crystal Castles,producer;remixer;writer,writer,,,1983-01-01,1983-01-01,1,-0.4376820413677751,2,-0.5407706912441482,0.0,-0.27147504601238254
a2dce1c9-f3ed-4022-a742-ae14d91f32cc,Eddie Montilla,writer,writer,,,2013-01-11,2013-01-11,1,-0.4376820413677751,8,0.4910080211069941,0.0,-0.27147504601238254
905a8f9b-03dc-4f47-b9bb-ecce7ea13ab1,Michael Stipe,writer,writer,,,1984-01-01,1984-01-01,1,-0.4376820413677751,4,-0.19684445379376744,0.0,-0.27147504601238254
ff4c8d42-4871-4778-885b-d41b01245133,Willie Dixon,composer;lyricist,writer,,,1962-01-01,1962-01-01,1,-0.4376820413677751,2,-0.5407706912441482,0.0,-0.27147504601238254
ac6cc156-eb47-4c98-9b04-b57ece512950,Rod Temperton,composer;lyricist,writer,,,1979-01-01,1982-01-01,2,0.07812468189051006,2,-0.5407706912441482,3.001,0.07615455807238578
2c418d76-0069-4bb5-bd13-bed68da3ba25,Khaled Rohaim,writer,writer,,,2020-10-23,2020-10-23,1,-0.4376820413677751,2,-0.5407706912441482,0.0,-0.27147504601238254
ec3e1298-23c5-4c39-bb2b-ae6a588afdeb,Sevyn Streeter,writer,writer,,,2013-01-01,2013-01-01,1,-0.4376820413677751,12,1.1788604960077556,0.0,-0.27147504601238254
c5f259d0-abd8-418e-81ee-3965fd4e4e9a,Icona Pop,remixer;vocal,performer,,,2012-01-01,2013-01-01,5,1.6255448516653654,0,-0.884696928694529,1.002,-0.15540544811403603
1b0ae75d-8006-4656-9408-8e1b02424ed0,Adrian Thaws,writer,writer,oldest work #10,oldest work #10,1990-01-01,1991-01-01,3,0.5939314051487953,11,1.0068973772825651,0.999,-0.15575296188019871
3e308b4a-c8d0-4883-8c38-e2953002a882,Alana Haim,writer,writer,,,2013-09-27,2013-09-27,1,-0.4376820413677751,4,-0.19684445379376744,0.0,-0.27147504601238254
d9b295f1-9634-47bf-a290-b3d91681a88d,Eric Hölljes,writer,writer,,,2009-01-01,2009-01-01,1,-0.4376820413677751,1,-0.7127338099693385,0.0,-0.27147504601238254
791da60e-0108-4400-9e84-ca2fe8e74b64,Devon Chisolm,writer,writer,contemporary r&b;electronic;funk;hip hop;pop;soul;synth-pop;synthwave,contemporary r&b,2024-01-01,2024-01-01,1,-0.4376820413677751,10,0.8349342585573748,0.0,-0.27147504601238254
aa659468-db56-41c9-b6fe-61f4bb2ef1a6,Zack de la Rocha,composer;lyricist,writer,,,1991-01-01,1992-01-01,6,2.1413515749236507,5,-0.024881335068577065,0.999,-0.15575296188019871
cff102cc-236f-4936-a1b7-0e80a1d28ff7,Michael Gordon,writer,writer,,,2023-08-11,2024-02-09,5,1.6255448516653654,4,-0.19684445379376744,0.498,-0.21378776082937198
c53f2749-4c19-48fa-b99b-5f4c11297b2c,Simon Le Bon,composer;lyricist;writer,writer,heavy metal;rock,heavy metal,1981-01-01,1993-01-01,4,1.1097381284070802,9,0.6629711398321845,12.0,1.1185800186384738
8b98f267-a203-4e69-a6cb-996d4cfecaf7,Don Covay,composer;lyricist,writer,blues,blues,1967-11-01,2007-01-01,2,0.07812468189051006,4,-0.19684445379376744,39.168,4.265664685008013
5a69d52e-e9ac-40cf-8b94-d2576c66ef85,Ava Brignol,writer,writer,,,2018-01-01,2018-01-01,1,-0.4376820413677751,8,0.4910080211069941,0.0,-0.27147504601238254
711cf846-2944-477d-b841-4189792d25b4,Likey,composer,writer,,,2023-05-30,2023-05-30,1,-0.4376820413677751,6,0.1470817836566133,0.0,-0.27147504601238254
88991326-cbc7-4a03-b4f4-94e4a859b6c8,Theron Thomas,writer,writer,,,2009-01-01,2009-01-01,1,-0.4376820413677751,5,-0.024881335068577065,0.0,-0.27147504601238254
5a052a86-65e5-4ac6-9a43-3008a1fb3881,Romain Tranchart,writer,writer,french house;house,french house,2000-01-01,2001-01-01,2,0.07812468189051006,1,-0.7127338099693385,1.002,-0.15540544811403603
e8674a18-6b6c-4a88-9252-d7f8661bd671,Joe Goodwin,lyricist,writer,,,1933-01-01,1933-01-01,1,-0.4376820413677751,3,-0.36880757251895785,0.0,-0.27147504601238254
3394771a-a36b-4739-bcd9-301d09121af8,Mikkel Storleer Eriksen,composer;writer,writer,,,2012-01-01,2023-08-18,6,2.1413515749236507,43,6.509717176488657,11.628,1.0754883116342973
1ee7489a-af64-4ca2-9041-c1d8588b3a97,Roger Troutman,writer,writer,hip hop,hip hop,1992-01-01,1992-01-01,1,-0.4376820413677751,4,-0.19684445379376744,0.0,-0.27147504601238254
87ae83df-6173-40cc-a0f2-bad543faa6aa,DaBaby,composer;lyricist;performer;vocal;writer,writer,,,2015-04-14,2019-03-01,7,2.657158298181936,9,0.6629711398321845,3.88,0.17797609155806102
05ec340f-c772-4995-9256-092c6931d098,Joy Denalane,lyricist,writer,,,2006-01-01,2006-01-01,1,-0.4376820413677751,6,0.1470817836566133,0.0,-0.27147504601238254
817c68f4-e110-4529-82fa-aec902e9768f,Alan Menken,composer,writer,,,1989-01-01,1989-01-01,1,-0.4376820413677751,3,-0.36880757251895785,0.0,-0.27147504601238254
bdacc37b-8633-4bf8-9dd5-4662ee651aec,Slayer,performer;producer;writer,writer,,,1982-01-01,1984-01-01,4,1.1097381284070802,4,-0.19684445379376744,1.999,-0.0399150398259607
ff1cafa3-7ed4-4ed2-afbb-d1f263d607a8,Cuco,producer;writer,writer,,,2016-07-09,2018-01-30,5,1.6255448516653654,0,-0.884696928694529,1.561,-0.09065204968571698
39787cc4-b614-485b-86f2-91c99ddf2f93,Ronnie Van Zant,composer;lyricist;writer,writer,meme;southern rock,meme,1973-01-01,1977-10-17,7,2.657158298181936,3,-0.36880757251895785,4.791,0.2835044385494719
28737730-ec70-4da5-89c5-77ac13c5c34d,Khalid,writer,writer,,,2017-01-01,2017-01-01,1,-0.4376820413677751,1,-0.7127338099693385,0.0,-0.27147504601238254
7cb6e306-a75b-48b4-be00-2c4aa6bbe3a8,GoldLink,vocal;writer,writer,,,2003-01-01,2003-01-01,1,-0.4376820413677751,3,-0.36880757251895785,0.0,-0.27147504601238254
15d7ee5c-f9eb-4a3a-9721-0edb0b21f168,Lance Skiiiwalker,writer,writer,,,2016-01-01,2016-01-01,1,-0.4376820413677751,4,-0.19684445379376744,0.0,-0.27147504601238254
ab13b249-4880-4538-980f-c9e48bed1844,Carolina Marcilio,writer,writer,,,2023-11-23,2023-11-23,1,-0.4376820413677751,3,-0.36880757251895785,0.0,-0.27147504601238254
1c26f82c-b35d-4c8e-a1f4-9c20747495c9,Toby Fox,arranger;composer;editor;instrument arranger;lyricist;mix-dj;producer;programming;remixer;revised by;samples from artist;vocal;writer,writer,christmas;instrumental;thanksgiving,christmas,1935-01-01,1935-01-01,1,-0.4376820413677751,1,-0.7127338099693385,0.0,-0.27147504601238254
7d661adb-5d8c-421a-aee1-bb6f4c0c0992,Luke Steele,composer;writer,writer,,,1963-01-01,2013-01-01,2,0.07812468189051006,7,0.3190449023818037,50.001,5.520536894621573
d9550ac2-7bcf-4655-a3fe-24922e254a74,Pabllo Vittar,creative direction;lyricist;remixer;translator;vocal;writer,writer,ballad;disco;pop,ballad,1977-01-01,1977-01-01,1,-0.4376820413677751,2,-0.5407706912441482,0.0,-0.27147504601238254
7e959acc-3f7f-434f-ae8f-aeadf92bad80,Jason Wade,composer;lyricist,writer,,,2000-01-01,2000-01-01,1,-0.4376820413677751,0,-0.884696928694529,0.0,-0.27147504601238254
260b6184-8828-48eb-945c-bc4cb6fc34ca,Charli xcx,arranger;composer;engineer;lyricist;misc;performer;producer;recording;remixer;vocal;writer,writer,beat;dance-pop;electro house;electronic;pop;pop rock;rock;rock and roll,beat,1959-08-01,2024-06-07,5,1.6255448516653654,15,1.6947498521833269,64.851,7.240730037127008
a9ee533f-8871-4f62-a6bb-91eb264abc90,Fiona Apple,composer;engineer;instrument;lyricist;mix;performer;producer;recording;video appearance;vocal;writer,writer,,,1965-01-01,1965-01-01,1,-0.4376820413677751,1,-0.7127338099693385,0.0,-0.27147504601238254
e0ffdd76-aef8-48ed-b850-b83208589dca,Kevin Roach,writer,writer,,,1983-01-01,1983-01-01,1,-0.4376820413677751,3,-0.36880757251895785,0.0,-0.27147504601238254
02669ae0-7b21-4648-8a2e-04a28aaba9d1,Robert Bradford,writer,writer,,,1997-01-01,1997-01-01,1,-0.4376820413677751,1,-0.7127338099693385,0.0,-0.27147504601238254
7e2900f1-2c19-4371-9bd5-4c07826f45ef,Asheton Hogan,composer;writer,writer,,,2013-01-18,2019-06-12,3,0.5939314051487953,11,1.0068973772825651,6.396,0.46942430344652386
e70235d5-f15f-4750-b916-42aadcd579a7,Raymond Jackson,writer,writer,,,2023-10-27,2023-10-27,1,-0.4376820413677751,7,0.3190449023818037,0.0,-0.27147504601238254
2b1ec960-982a-450d-a27b-d7a77a1b40ac,Lisa Miskovsky,writer,writer,,,1999-01-01,1999-01-01,1,-0.4376820413677751,3,-0.36880757251895785,0.0,-0.27147504601238254
2ffba2ce-d1ec-4a83-bafc-f515577cc106,Saint X,writer,writer,,,2019-07-26,2019-07-26,1,-0.4376820413677751,2,-0.5407706912441482,0.0,-0.27147504601238254
1edc84fc-d7af-401f-876f-954d2a02209e,Hugo Peretti,writer,writer,jasrac lost iswc,jasrac lost iswc,1961-01-01,1961-01-01,1,-0.4376820413677751,3,-0.36880757251895785,0.0,-0.27147504601238254
af49ecbb-a0b9-4805-9cec-f97eac794c81,Bob Daisley,composer;lyricist,writer,train,train,1980-01-01,1980-01-01,1,-0.4376820413677751,3,-0.36880757251895785,0.0,-0.27147504601238254
43225337-b9fa-4fc5-b4cc-990b72fd149b,Robert Manzoli,writer,writer,,,1991-01-01,1991-01-01,1,-0.4376820413677751,3,-0.36880757251895785,0.0,-0.27147504601238254
60206a25-37e1-4617-b036-71f8a965412e,Glen Roberts,writer,writer,,,2022-03-08,2022-03-08,1,-0.4376820413677751,3,-0.36880757251895785,0.0,-0.27147504601238254
1e4e9db7-5068-4a9c-bdd0-5777e47172c8,FKA twigs,composer;instrument;instrument arranger;lyricist;performer;producer;programming;video director;vocal;writer,writer,ascap-no-iswc;ripoff,ascap-no-iswc,2013-09-17,2014-08-06,5,1.6255448516653654,8,0.4910080211069941,0.884,-0.16907432291643612
56576619-c9e0-4e66-b2cc-f9795025448e,Sam Wilkes,writer,writer,,,2024-02-09,2024-02-09,1,-0.4376820413677751,3,-0.36880757251895785,0.0,-0.27147504601238254
0eb93ee5-2e6a-4ab4-a988-99c9139a664a,Cirkut,composer;writer,writer,dance-pop;electro house;electronic;pop,dance-pop,2016-01-01,2024-06-07,3,0.5939314051487953,12,1.1788604960077556,8.433,0.7053861506710067
c33c2065-b1c3-4406-b066-d33a9e2ea71a,OneRepublic,instrument;performer;programming;recording;remixer;vocal,performer,,,1966-01-01,1966-01-01,1,-0.4376820413677751,0,-0.884696928694529,0.0,-0.27147504601238254
2342146c-053a-42c5-8618-d87474d01a5e,Yann Destagnol,writer,writer,french house;house,french house,2000-01-01,2001-01-01,2,0.07812468189051006,1,-0.7127338099693385,1.002,-0.15540544811403603
49204a7a-ed85-407a-828f-6fd46f1d8126,NewJeans,performer;vocal,performer,,,2016-04-25,2016-04-25,1,-0.4376820413677751,0,-0.884696928694529,0.0,-0.27147504601238254
71bcb5be-394c-4c04-bb38-35982e8a94d3,Robin Gibb,writer,writer,dance;disco;funk;pop;soul,dance,1968-01-01,1977-01-01,2,0.07812468189051006,4,-0.19684445379376744,9.002,0.7712979283198683
618b6900-0618-4f1e-b835-bccb17f84294,Eric Clapton,writer,writer,blues,blues,1967-01-01,1967-01-01,1,-0.4376820413677751,3,-0.36880757251895785,0.0,-0.27147504601238254
44cc2d70-819d-4fb1-a65c-5c693419eea0,Tracie Spencer,writer,writer,,,2015-05-16,2015-05-16,1,-0.4376820413677751,5,-0.024881335068577065,0.0,-0.27147504601238254
37d0a847-32d3-480f-bd1e-101f50a3d332,Selena Gomez & the Scene,composer,writer,pop;pop rock,pop,2009-01-01,2010-01-01,6,2.1413515749236507,13,1.350823614732946,0.999,-0.15575296188019871
f0e17f11-0748-447b-8dc2-ec44d2425650,Brian Higgins,writer,writer,,,2012-01-01,2012-01-01,1,-0.4376820413677751,12,1.1788604960077556,0.0,-0.27147504601238254
e9f2c808-cf43-4d52-be4d-ea3311f0a4d9,Anders Bagge,composer;lyricist,writer,,,2001-01-01,2001-01-01,1,-0.4376820413677751,4,-0.19684445379376744,0.0,-0.27147504601238254
8ef1df30-ae4f-4dbd-9351-1a32b208a01e,Alicia Keys,arranger;composer;instrument;instrument arranger;lyricist;performer;producer;programming;samples from artist;video appearance;vocal;vocal arranger;writer,writer,blues rock;country;country rock;rock;rock and roll,blues rock,1970-01-01,2009-01-01,2,0.07812468189051006,5,-0.024881335068577065,39.001,4.246319752024955
ecbe0f51-b540-498e-907d-bfaf2fdb75b0,Black Rob,writer,writer,,,2012-01-01,2012-01-01,1,-0.4376820413677751,6,0.1470817836566133,0.0,-0.27147504601238254
035bc391-d7dd-4a68-8321-fa1e02697fc8,Rick Nowels,composer,writer,,,2000-01-01,2000-01-01,1,-0.4376820413677751,1,-0.7127338099693385,0.0,-0.27147504601238254
b787b4f2-ad08-43ba-845b-c3393a8079eb,Sonny Digital,writer,writer,,,2015-07-11,2015-07-11,1,-0.4376820413677751,3,-0.36880757251895785,0.0,-0.27147504601238254
e09bfd0b-2118-4bf4-bd4e-1d5e245e6d02,Cise Star,lyricist,writer,,,2003-08-21,2003-08-21,2,0.07812468189051006,1,-0.7127338099693385,0.0,-0.27147504601238254
bfeb843d-d3b1-4308-b81a-8dce7c2eecbe,Tony Kanal,writer,writer,,,1995-01-01,2001-01-01,3,0.5939314051487953,5,-0.024881335068577065,6.001,0.4236683242350999
8aa5b65a-5b3c-4029-92bf-47a544356934,Ozzy Osbourne,composer;instrument;lyricist;performer;producer;recording;video appearance;vocal;writer,writer,drum and bass;dub;dubstep;electronic;jungle;metal;reggae;train,drum and bass,1970-01-01,1980-01-01,6,2.1413515749236507,8,0.4910080211069941,9.999,0.8867883366079435
4bbc8087-548d-4484-abd2-5b1f4c1a7940,Ryan Leslie,writer,writer,,,2006-01-01,2006-01-01,1,-0.4376820413677751,1,-0.7127338099693385,0.0,-0.27147504601238254
c1708d03-8a66-46eb-848e-fe0d233ffb39,A Boogie Wit da Hoodie,writer,writer,,,2018-12-21,2018-12-21,1,-0.4376820413677751,4,-0.19684445379376744,0.0,-0.27147504601238254
48878cad-3a64-42cd-998b-72d37631c9f6,Matthew Healy,lyricist;writer,writer,,,2016-02-16,2016-02-16,1,-0.4376820413677751,4,-0.19684445379376744,0.0,-0.27147504601238254
5c1fdfd8-20de-4eca-846e-478d9252c32d,K-Quick,writer,writer,,,2015-08-08,2015-08-08,1,-0.4376820413677751,9,0.6629711398321845,0.0,-0.27147504601238254
13d92e1d-d230-4827-84ba-14643630751d,Nick Littlemore,lyricist;writer,writer,,,1963-01-01,2013-01-01,2,0.07812468189051006,7,0.3190449023818037,50.001,5.520536894621573
23207c32-6743-4982-9f46-e297b2e4eb14,Geri Halliwell,writer,writer,,,1996-01-01,1996-01-01,1,-0.4376820413677751,6,0.1470817836566133,0.0,-0.27147504601238254
79b3801c-f1eb-46c4-b486-4d42cb691d25,Zac Lawson,writer,writer,,,2022-04-29,2023-01-01,3,0.5939314051487953,8,0.4910080211069941,0.676,-0.1931686107037176
f58094e4-5c56-4421-abde-e83253b5f581,Kevin Hickey,composer;lyricist,writer,dance-pop;pop,dance-pop,2025-08-22,2025-08-22,1,-0.4376820413677751,4,-0.19684445379376744,0.0,-0.27147504601238254
99e1e676-31a5-4c0f-8e36-05553532f9fa,Larry Morey,lyricist,writer,,,1938-01-19,1938-01-19,1,-0.4376820413677751,1,-0.7127338099693385,0.0,-0.27147504601238254
e6c48159-cd80-499a-af7b-bbd92cc057b9,James Quick,writer,writer,,,2025-09-26,2025-09-26,1,-0.4376820413677751,6,0.1470817836566133,0.0,-0.27147504601238254
f084dc81-1b43-42cc-aeb4-6888b530c66b,Jeremy Coleman,writer,writer,,,2016-01-01,2016-01-01,1,-0.4376820413677751,6,0.1470817836566133,0.0,-0.27147504601238254
f09efc2c-210d-4a94-909a-20a233a75ec6,Jace,writer,writer,,,2019-07-01,2019-07-01,1,-0.4376820413677751,11,1.0068973772825651,0.0,-0.27147504601238254
c141b586-6892-4af6-9a50-2005df8b94da,小久保ゆき,lyricist,writer,,,2016-02-03,2016-02-03,1,-0.4376820413677751,1,-0.7127338099693385,0.0,-0.27147504601238254
f5dfa020-ad69-41cd-b3d4-fd7af0414e94,Wiz Khalifa,composer;lyricist;performer;producer;vocal;writer,writer,,,1963-01-01,2015-09-03,2,0.07812468189051006,6,0.1470817836566133,52.671,5.829824146506389
d385327c-34d8-4259-8f16-d6939ec99ebb,Handel Tucker,writer,writer,,,2016-01-01,2016-01-01,1,-0.4376820413677751,15,1.6947498521833269,0.0,-0.27147504601238254
0cbf7f60-2e29-4b92-a5ec-5b913b630cd6,Gary Miller,writer,writer,alternative metal;alternative rock;hard rock;hardcore;punk;rock,alternative metal,1986-01-01,1986-01-01,1,-0.4376820413677751,4,-0.19684445379376744,0.0,-0.27147504601238254
cf0dbc16-4e24-4957-b5b4-955c8978f690,,performer,performer,,,2001-01-01,2001-01-01,0,-0.9534887646260604,0,-0.884696928694529,0.0,-0.27147504601238254
21e6aab7-8077-4351-b013-f3f29772714c,Duane Hitchings,writer,writer,dance;disco;funk;pop;soul,dance,1978-01-01,1978-01-01,1,-0.4376820413677751,2,-0.5407706912441482,0.0,-0.27147504601238254
ce8dbfe4-3ce7-41e9-9bb3-13e35c053318,Victoria Beckham,writer,writer,,,1996-01-01,1996-01-01,1,-0.4376820413677751,6,0.1470817836566133,0.0,-0.27147504601238254
0d198fa9-490a-4a71-ac56-e7ee37888396,Malcolm McCormick,writer,writer,,,2013-01-01,2018-07-13,2,0.07812468189051006,20,2.5545654458092786,5.528,0.36887698710344524
fa58cf24-0e44-421d-8519-8bf461dcfaa5,Mitski,composer;instrument;lyricist;performer;vocal;writer,writer,,,1980-01-01,1980-01-01,1,-0.4376820413677751,1,-0.7127338099693385,0.0,-0.27147504601238254
67f66c07-6e61-4026-ade5-7e782fad3a5d,Foo Fighters,composer;lyricist;producer;writer,writer,,,1975-01-01,1975-01-01,1,-0.4376820413677751,1,-0.7127338099693385,0.0,-0.27147504601238254
b342d50e-401c-4c77-b7e4-2b3e7beaf00a,Johnny Mercer,lyricist,writer,blues;blues rock;bossa nova;contemporary jazz;fusion;jazz;latin;mpb;pop;rock,blues,1936-01-01,1961-01-01,2,0.07812468189051006,4,-0.19684445379376744,25.002,2.6247046811876764
8328b279-1863-487b-976a-58a62b85220a,Lil Skies,writer,writer,,,2019-03-01,2019-07-04,2,0.07812468189051006,4,-0.19684445379376744,0.342,-0.2318584766698331
83aeb2c4-579f-41e7-96d6-73dc1173edde,Oren Emanuel,writer,writer,,,2004-05-21,2004-05-21,1,-0.4376820413677751,1,-0.7127338099693385,0.0,-0.27147504601238254
5ec1ecc6-4535-4911-a27a-e26343f4a189,Kodak Black,composer;lyricist;performer;vocal;writer,writer,hip hop;trap,hip hop,2017-01-01,2018-11-29,5,1.6255448516653654,18,2.2106392083588977,1.908,-0.05045629073289638
21645c31-fe1c-45a4-955c-3e172b12c3f9,Freddie Gibbs,composer;lyricist;performer;producer;vocal;writer,writer,,,2011-03-22,2012-10-16,5,1.6255448516653654,17,2.0386760896337077,1.572,-0.08937783254312034
65c351fd-bcc4-47fe-b7b7-15bb4912a8e9,Glen Douglas,writer,writer,,,1957-01-01,1957-01-01,1,-0.4376820413677751,2,-0.5407706912441482,0.0,-0.27147504601238254
d8fd8d9b-473b-4f06-83c8-869b1bb9de89,Bryson Tiller,performer;vocal;writer,writer,contemporary r&b;trap,contemporary r&b,2015-01-01,2016-09-02,3,0.5939314051487953,14,1.5227867334581364,1.67,-0.07802571618180504
3451be55-9f9e-4baa-b57b-fcce1b664e98,Jordan Iusitini,composer,writer,,,2011-04-01,2011-04-01,1,-0.4376820413677751,3,-0.36880757251895785,0.0,-0.27147504601238254
9491138a-e451-4026-8d03-d20bcc7f9f2a,Kinetics,writer,writer,,,2010-01-01,2018-02-02,3,0.5939314051487953,5,-0.024881335068577065,8.088,0.6654220675622945
7999a8a1-6cbd-4453-8dd4-ebd03a10e44f,Cavetown,composer;instrument;lyricist;mix;performer;producer;programming;recording;remixer;vocal;writer,writer,,,1997-01-01,2021-07-09,5,1.6255448516653654,2,-0.5407706912441482,24.517,2.5685232889913707
20c9c2de-e23c-43a0-8706-7c5bfdb1d31e,Anthony Gonzalez,composer;lyricist,writer,,,2008-01-01,2008-01-01,5,1.6255448516653654,2,-0.5407706912441482,0.0,-0.27147504601238254
44c64a30-1d58-49c5-b314-6e02fba49526,久石譲,composer,writer,,,1986-09-25,1986-09-25,1,-0.4376820413677751,1,-0.7127338099693385,0.0,-0.27147504601238254
0211756e-139e-4b4c-a721-9ee9db363f12,Bill Bruford,writer,writer,,,1971-11-12,1971-11-12,1,-0.4376820413677751,3,-0.36880757251895785,0.0,-0.27147504601238254
3a052c99-8c18-484a-8beb-9873b4fb3106,Iggy Azalea,writer,writer,,,2014-01-01,2014-01-01,1,-0.4376820413677751,5,-0.024881335068577065,0.0,-0.27147504601238254
23e6234d-d57c-42e4-a7e9-e84e072adb25,Joseph Hughes,writer,writer,,,2005-01-01,2005-01-01,1,-0.4376820413677751,4,-0.19684445379376744,0.0,-0.27147504601238254
4a08f237-59f6-476d-a98f-66b19a7470ed,Barrington DeVaughn Hendricks,writer,writer,,,2024-02-01,2024-02-01,1,-0.4376820413677751,9,0.6629711398321845,0.0,-0.27147504601238254
2d9eca62-e738-494a-827b-a4f7a847d75c,Nick Rattigan,writer,writer,,,2013-02-03,2013-02-03,1,-0.4376820413677751,1,-0.7127338099693385,0.0,-0.27147504601238254
2006a0f7-04ed-48bc-8a60-0e01b95f5095,Castle,composer;lyricist,writer,,,2024-02-09,2024-02-09,1,-0.4376820413677751,9,0.6629711398321845,0.0,-0.27147504601238254
7eb1ce54-a355-41f9-8d68-e018b096d427,Harry Styles,instrument;lyricist;performer;video appearance;vocal;writer,writer,,,1977-01-01,1977-01-01,1,-0.4376820413677751,0,-0.884696928694529,0.0,-0.27147504601238254
db8d33d1-80b3-47c0-a71c-cffdf227521e,Joshua Mobaraki,writer,writer,,,2002-04-03,2002-04-03,1,-0.4376820413677751,2,-0.5407706912441482,0.0,-0.27147504601238254
ef73e6ed-9096-4ddb-9799-b94874d0ce33,Keyshia Cole,lyricist;performer;producer;vocal;vocal arranger;writer,writer,hip hop,hip hop,2004-01-01,2006-01-01,3,0.5939314051487953,14,1.5227867334581364,2.001,-0.03968336398185225
fc7ac183-74f9-417a-bfbb-8c5840d01fa7,Jean Baptiste,writer,writer,,,2011-01-01,2011-01-01,1,-0.4376820413677751,4,-0.19684445379376744,0.0,-0.27147504601238254
592da4c4-9618-4a1a-a944-e60c05c39037,Patrick Watson,composer;engineer;instrument;instrument arranger;lyricist;mix;performer;producer;recording;remixer;vocal;writer,writer,,,1972-01-01,1972-01-01,1,-0.4376820413677751,1,-0.7127338099693385,0.0,-0.27147504601238254
14ec11c6-d275-405e-999b-d7629633e51d,Adonis Shropshire,composer;lyricist,writer,,,2001-01-01,2001-01-01,1,-0.4376820413677751,7,0.3190449023818037,0.0,-0.27147504601238254
b1cfbd77-bda6-4de8-a344-eb2f26c4f1ef,Kyla,writer,writer,meme,meme,2016-04-05,2016-04-05,1,-0.4376820413677751,7,0.3190449023818037,0.0,-0.27147504601238254
90023d8a-3907-45ec-a2aa-b8da61a6d0bd,Jeff Ward,writer,writer,,,1990-01-01,1990-01-01,1,-0.4376820413677751,5,-0.024881335068577065,0.0,-0.27147504601238254
a9d1d9b5-968c-486d-8a97-6077885f2ab8,The Paper Kites,phonographic copyright;producer,production,,,2013-01-01,2013-08-30,5,1.6255448516653654,0,-0.884696928694529,0.66,-0.19502201745658543
83735edd-f2a3-41d0-a31d-652bc3cadb3e,Jadakiss,writer,writer,,,2012-01-01,2012-01-01,1,-0.4376820413677751,12,1.1788604960077556,0.0,-0.27147504601238254
32f02957-6de6-4663-bf2d-0b3aa0662384,Dom McLennon,writer,writer,,,2021-04-09,2021-04-09,1,-0.4376820413677751,13,1.350823614732946,0.0,-0.27147504601238254
1d8b8292-7dc9-45a1-8cdf-818148cb56ea,Keith Forsey,writer,writer,,,1979-01-01,1979-01-01,1,-0.4376820413677751,3,-0.36880757251895785,0.0,-0.27147504601238254
fe27eaad-5cce-4d3f-bcee-a55cb05779bd,Peter J. Wilhousky,lyricist,writer,christmas,christmas,1955-01-01,1955-01-01,1,-0.4376820413677751,2,-0.5407706912441482,0.0,-0.27147504601238254
43f28d78-3566-4fd2-bdae-a15bb6342d16,Kenai,writer,writer,,,2016-10-28,2016-10-28,1,-0.4376820413677751,4,-0.19684445379376744,0.0,-0.27147504601238254
29fab96f-c3a2-4251-80f6-7ccda50da706,Amaarae,composer;lyricist;performer;vocal;writer,writer,,,1979-01-01,1979-01-01,1,-0.4376820413677751,3,-0.36880757251895785,0.0,-0.27147504601238254
2244c1f9-773f-4541-a4fe-ee6dc4f2ce60,Royel Otis,producer,production,,,2001-01-01,2001-01-01,1,-0.4376820413677751,0,-0.884696928694529,0.0,-0.27147504601238254
8ccf5657-92d6-4f31-9527-ba1fb90530b3,Chan el Genio,writer,writer,,,2016-10-28,2017-05-26,2,0.07812468189051006,5,-0.024881335068577065,0.575,-0.20486824083119567
dc6341b6-2914-4fcc-b58c-985733b43f16,Tom Diekmeier,composer,writer,,,2012-06-21,2012-06-21,1,-0.4376820413677751,3,-0.36880757251895785,0.0,-0.27147504601238254
b8dda016-7150-4b5f-9b64-f12ea82882ae,Ie-Mon,composer;lyricist,writer,,,2015-09-14,2015-09-14,1,-0.4376820413677751,2,-0.5407706912441482,0.0,-0.27147504601238254
9118f524-be76-4eaf-875c-ccf15e2a2ad6,Chief Keef,composer;lyricist;performer;producer;samples from artist;vocal;writer,writer,,,2012-01-01,2013-01-01,4,1.1097381284070802,19,2.382602327084088,1.002,-0.15540544811403603
d6ed7887-a401-47a8-893c-34b967444d26,Ramones,arranger;performer;producer;video appearance;vocal;writer,writer,blues;blues rock;classic rock;country rock;rock;rock and roll;wrong guess case,blues,1967-01-01,1969-01-01,4,1.1097381284070802,11,1.0068973772825651,2.001,-0.03968336398185225
e96edb5d-52c3-4ba9-8097-9a4e8c5e2f88,Starrah,writer,writer,pop,pop,2017-01-01,2017-01-01,1,-0.4376820413677751,9,0.6629711398321845,0.0,-0.27147504601238254
64facc0b-6e13-46e6-ac3d-c6c1653598cd,Tom Dumont,writer,writer,,,1995-01-01,1995-01-01,3,0.5939314051487953,2,-0.5407706912441482,0.0,-0.27147504601238254
0e48d6a9-7a38-42ae-9356-65ad8b6e977d,Samuel Fogarino,writer,writer,,,2001-01-01,2002-01-01,3,0.5939314051487953,4,-0.19684445379376744,0.999,-0.15575296188019871
4b807f4a-ce62-494b-bb5b-05372d6b0ae9,Don Cannon,composer;lyricist,writer,,,2023-01-01,2023-01-01,1,-0.4376820413677751,5,-0.024881335068577065,0.0,-0.27147504601238254
071d8ae3-e92d-41e1-bc21-378d33400d1d,Audrey Chu,writer,writer,,,2019-12-06,2019-12-06,1,-0.4376820413677751,3,-0.36880757251895785,0.0,-0.27147504601238254
543727f8-971b-4433-a208-9896b0785dbf,Gus van Go,writer,writer,,,2023-09-15,2023-09-15,1,-0.4376820413677751,7,0.3190449023818037,0.0,-0.27147504601238254
194e5e92-0f2d-4d81-b5b9-c5f18d9edd59,Jackie DeShannon,composer,writer,,,1965-03-01,1965-03-01,1,-0.4376820413677751,1,-0.7127338099693385,0.0,-0.27147504601238254
c777f839-67ce-4d26-99de-8a6707ad1b44,Jason Henriques,writer,writer,,,2006-01-01,2006-01-01,1,-0.4376820413677751,5,-0.024881335068577065,0.0,-0.27147504601238254
38dd6337-19ae-4793-ab4b-313eff523457,Giorgio Moroder,composer,writer,,,1980-01-01,1998-01-01,3,0.5939314051487953,3,-0.36880757251895785,18.001,1.8137233888859563
f99ccd31-b368-4b40-bde8-8fba740c8466,Ewart Brown,writer,writer,,,2016-01-01,2016-01-01,1,-0.4376820413677751,15,1.6947498521833269,0.0,-0.27147504601238254
e9a9acf3-673e-441a-90a6-8d05e8e1e892,Daisy Berkowitz,composer,writer,,,1990-01-01,1992-08-01,4,1.1097381284070802,3,-0.36880757251895785,2.582,0.027618468731660042
c47026a1-3300-4cf7-80df-8b9462a884e4,Richard M. Sherman,composer;lyricist,writer,folk;pop;punk;ragtime;rock;soundtrack,folk,1967-01-01,1967-01-01,2,0.07812468189051006,3,-0.36880757251895785,0.0,-0.27147504601238254
d7557f83-02a4-47c4-b48e-ac9d49f9c92c,Lol Tolhurst,composer,writer,alternative rock;rock,alternative rock,1987-01-01,1987-01-01,2,0.07812468189051006,5,-0.024881335068577065,0.0,-0.27147504601238254
628afe17-d46a-43c6-82fa-074cc7ed3b3a,홍지유,lyricist,writer,,,2010-03-22,2010-03-22,1,-0.4376820413677751,0,-0.884696928694529,0.0,-0.27147504601238254
668391a3-cf69-4cd2-9d18-12e82fec15f2,Alan Gordon,writer,writer,easy listening;pop,easy listening,1966-01-01,1966-01-01,1,-0.4376820413677751,2,-0.5407706912441482,0.0,-0.27147504601238254
bfa30cb9-c909-4ffe-bc45-2a957455b03b,Aidan Cada,writer,writer,,,2018-08-10,2018-08-10,1,-0.4376820413677751,3,-0.36880757251895785,0.0,-0.27147504601238254
d12cfa67-ad97-4b34-a71f-1dcce737f5e3,Sam Melo,composer;lyricist,writer,,,2018-04-06,2019-05-10,2,0.07812468189051006,0,-0.884696928694529,1.092,-0.14498003512915458
42ba45d2-4938-4bf5-9121-5caffc719c4d,Daron Malakian,composer;lyricist,writer,,,1996-01-01,1997-01-01,5,1.6255448516653654,3,-0.36880757251895785,1.002,-0.15540544811403603
05517043-ff78-4988-9c22-88c68588ebb9,Paul Simon,composer;lyricist,writer,ripped off;rock,ripped off,1966-01-01,1970-01-01,6,2.1413515749236507,1,-0.7127338099693385,4.0,0.19187664220456957
69681b02-05b8-4685-80cb-e98983b7a96f,Mother Mother,arranger,other,ambient;celtic;christmas;christmas carol;christmas music;classical;country;electronic;holiday;language: english;modern classical;neo-classical;pop;vocal,ambient,1928-01-01,1928-01-01,1,-0.4376820413677751,0,-0.884696928694529,0.0,-0.27147504601238254
79c6b6f4-cb92-4f03-a1ef-82e7aa4eddbb,Cameron Winter,composer;engineer;instrument;lyricist;mix;producer;vocal;writer,writer,appears in star trek;classical;neo-classical;sea shanties;star trek soundtracks;vocal,appears in star trek,1951-01-01,1951-01-01,1,-0.4376820413677751,3,-0.36880757251895785,0.0,-0.27147504601238254
c6a951c5-534d-42d7-a06e-2a3a7be1d17e,Kevin “Capi” Carbo,composer;lyricist,writer,,,2018-10-10,2018-10-10,1,-0.4376820413677751,1,-0.7127338099693385,0.0,-0.27147504601238254
9011971a-df29-4b57-8889-2e5e9a645cbe,Flyleaf,composer;lyricist;performer;producer;vocal;writer,writer,,,1984-01-01,1984-01-01,1,-0.4376820413677751,4,-0.19684445379376744,0.0,-0.27147504601238254
37b2cb82-ef79-4d46-a184-a549450aa231,21 Savage,composer;lyricist;performer;producer;samples from artist;vocal;writer,writer,hip hop;trap,hip hop,2017-09-15,2018-12-21,7,2.657158298181936,31,4.4461597517863725,1.265,-0.12494007461377143
5a6131f9-f8db-4722-b4d7-6a0c7183c590,benny blanco,composer;lyricist;writer,writer,dance-pop;pop,dance-pop,2010-08-10,2025-03-21,4,1.1097381284070802,26,3.5863441581604207,14.612,1.4211486710441434
2d623e82-73e2-4179-9c44-e963980f2d58,,performer,performer,monotree,monotree,2009-11-17,2009-11-17,0,-0.9534887646260604,0,-0.884696928694529,0.0,-0.27147504601238254
e4bc69e2-a064-4f93-ada1-f7f209cc1cc3,Selena Gomez,composer;lyricist;performer;phonographic copyright;video appearance;vocal;writer,writer,pop;soundtrack,pop,1967-01-01,2025-03-21,5,1.6255448516653654,23,3.0704548019848494,58.218,6.472377100141248
1c294418-722f-45a3-a24d-910f9b6f1502,Dillon Francis,writer,writer,,,2015-04-07,2015-04-07,1,-0.4376820413677751,4,-0.19684445379376744,0.0,-0.27147504601238254
e2c00c56-8365-4160-9f40-a64682917633,Goo Goo Dolls,composer;lyricist;producer;writer,writer,blues,blues,1967-01-01,1967-01-01,1,-0.4376820413677751,0,-0.884696928694529,0.0,-0.27147504601238254
9484dbd2-849b-42e8-ab23-a3c1b9012e9c,John Newton,lyricist,writer,appears in star trek;classical;neo-classical;sea shanties;star trek soundtracks;vocal,appears in star trek,1951-01-01,1951-01-01,1,-0.4376820413677751,3,-0.36880757251895785,0.0,-0.27147504601238254
f7ec7f63-91cb-4dc8-9d2e-01ed242fd088,이우민,composer,writer,,,2020-09-16,2020-09-16,1,-0.4376820413677751,5,-0.024881335068577065,0.0,-0.27147504601238254
fcfa9543-e113-4ef9-9ef6-455ba4cbe7af,Jim Croce,arranger;composer;instrument;lyricist;producer;vocal;writer,writer,folk rock;musical;rock;show tune;stage & screen,folk rock,1927-01-01,1972-01-01,2,0.07812468189051006,3,-0.36880757251895785,44.999,4.941115608506275
5bb2ca9b-4862-4770-bc64-ceab41d13f5b,JHart,writer,writer,,,2016-01-01,2016-01-01,1,-0.4376820413677751,6,0.1470817836566133,0.0,-0.27147504601238254
f57d8a69-ed3c-4d18-8bce-0083b162fae6,Left Brain,writer,writer,,,2012-01-01,2012-01-01,1,-0.4376820413677751,7,0.3190449023818037,0.0,-0.27147504601238254
875749d5-a6c6-4ea7-94b9-21c90a2c1a63,Adrianne Birge,writer,writer,,,2014-01-01,2014-01-01,1,-0.4376820413677751,3,-0.36880757251895785,0.0,-0.27147504601238254
0b1b3996-d4e5-4b04-986c-340d57ae8d3b,Anthony Tiffith,writer,writer,,,2018-01-01,2018-01-01,1,-0.4376820413677751,4,-0.19684445379376744,0.0,-0.27147504601238254
9964ddf9-f660-46f7-8f26-1f3fb18cf0ff,Matt Gray,writer,writer,,,2012-01-01,2012-01-01,1,-0.4376820413677751,12,1.1788604960077556,0.0,-0.27147504601238254
f526f656-ad83-46ce-be57-a5814c57e757,Adam Yaron,writer,writer,pop,pop,2023-11-10,2024-09-27,5,1.6255448516653654,6,0.1470817836566133,0.882,-0.16930599876054458
2093207d-cb69-4789-866b-5ac772c9ebd3,Morten Harket,writer,writer,pop,pop,1984-01-01,1984-01-01,1,-0.4376820413677751,3,-0.36880757251895785,0.0,-0.27147504601238254
7ef79f87-2ce7-4826-8890-8033cb77b077,조윤경,lyricist,writer,,,2016-05-10,2016-08-27,3,0.5939314051487953,7,0.3190449023818037,0.298,-0.2369553452402196
1964d560-1e82-4879-bd6e-3cbfb7dba01e,Daz Dillinger,writer,writer,,,2019-04-18,2019-04-18,1,-0.4376820413677751,20,2.5545654458092786,0.0,-0.27147504601238254
61a57a2a-4c7f-4b41-8109-1070a9c32242,Novo Amor,instrument;mix;producer;vocal,performer,,,1985-08-01,1985-08-01,1,-0.4376820413677751,0,-0.884696928694529,0.0,-0.27147504601238254
dbc997aa-da05-4dd3-a36d-a07af8f862d7,Dave Seaman,composer;lyricist,writer,,,1994-01-01,1994-01-01,1,-0.4376820413677751,2,-0.5407706912441482,0.0,-0.27147504601238254
fb7272ba-f130-4f0a-934d-6eeea4c18c9a,Al Green,composer;lyricist;performer;producer;video appearance;vocal;writer,writer,blues;blues rock;boogie rock;electric blues;funk;jazz;rock;soul,blues,1935-01-01,1974-01-01,2,0.07812468189051006,2,-0.5407706912441482,39.001,4.246319752024955
e6fdf3f9-8077-4126-b0cf-94da9a8b627e,Lil Tecca,lyricist;writer,writer,hip hop,hip hop,2019-01-01,2020-02-21,3,0.5939314051487953,5,-0.024881335068577065,1.139,-0.1395356527926054
749a2c41-0829-45ad-ba25-1a45f8578d03,Keanu Beats,composer;writer,writer,,,2019-07-02,2019-07-19,3,0.5939314051487953,13,1.350823614732946,0.047,-0.26603066367583333
134cb0bc-06fa-42f7-8078-b0c858349975,Jack Harlow,samples from artist;vocal;writer,writer,hip hop,hip hop,2019-12-06,2022-05-05,5,1.6255448516653654,8,0.4910080211069941,2.412,0.007926021982439583
0e3f65bc-f2c8-4a57-a47d-11868eefd4b6,Liam Duncan,writer,writer,,,2021-07-16,2021-07-16,1,-0.4376820413677751,2,-0.5407706912441482,0.0,-0.27147504601238254
e5c9209e-be5e-44e6-a154-f3b2dfe71794,Vicente Saavedra,writer,writer,,,2018-01-01,2018-01-01,1,-0.4376820413677751,8,0.4910080211069941,0.0,-0.27147504601238254
527c65d1-9fdb-4482-8796-dde2980bd63a,Neneh Cherry,writer,writer,,,1991-01-01,1991-01-01,1,-0.4376820413677751,5,-0.024881335068577065,0.0,-0.27147504601238254
d38c64ea-a084-49c5-ac73-f57ef53f1195,Edward Barton,composer;lyricist,writer,,,1994-01-01,1994-01-01,1,-0.4376820413677751,2,-0.5407706912441482,0.0,-0.27147504601238254
42a8f507-8412-4611-854f-926571049fa0,George Harrison,arranger;composer;engineer;instrument;lyricist;mix;performer;phonographic copyright;producer;video appearance;video director;vocal;writer,writer,beat;blues rock;indian classical;pop;pop rock;raga rock;rock;rock and roll,beat,1966-01-01,1969-01-01,7,2.657158298181936,5,-0.024881335068577065,3.001,0.07615455807238578
6ee43bdc-02ba-4cfe-89b9-57dab37cb87c,Errol Reid,writer,writer,meme,meme,2016-04-05,2016-04-05,1,-0.4376820413677751,7,0.3190449023818037,0.0,-0.27147504601238254
a8010e51-688c-4f0e-a97f-757696b28e7b,Osvaldo Farrés,composer,writer,,,1959-01-01,1959-01-01,1,-0.4376820413677751,1,-0.7127338099693385,0.0,-0.27147504601238254
1f4e9049-6ee4-4b4e-a2b7-4c47721d9f62,David Singer-Vine,writer,writer,,,2006-01-01,2010-01-01,2,0.07812468189051006,10,0.8349342585573748,4.0,0.19187664220456957
a5f58cd9-6a88-4f66-8d20-cf9c8a4f4c41,Gustave Rudman,writer,writer,,,2023-11-18,2023-11-22,2,0.07812468189051006,14,1.5227867334581364,0.011,-0.2702008288697859
a813f779-77e2-42a8-a34a-cbd581fc0313,Taboo,writer,writer,,,2009-01-01,2009-01-01,1,-0.4376820413677751,4,-0.19684445379376744,0.0,-0.27147504601238254
df6c619f-4334-43e2-8b6a-4a32af1e4f85,YOASOBI,performer;phonographic copyright;vocal,performer,,,2019-11-17,2021-07-16,5,1.6255448516653654,0,-0.884696928694529,1.662,-0.07895241955823894
6bcc1ff2-65bf-4ac9-bb5e-560d2a30ca7a,Mike G,writer,writer,,,2012-01-01,2012-01-01,1,-0.4376820413677751,7,0.3190449023818037,0.0,-0.27147504601238254
875203e1-8e58-4b86-8dcb-7190faf411c5,J. Cole,arranger;composer;lyricist;performer;producer;video appearance;vocal;writer,writer,,,2009-09-08,2019-07-05,7,2.657158298181936,30,4.274196633061182,9.821,0.8661691864822891
efb1cf08-8a85-4fa8-98d8-636d0a7c6e33,A.L.F.,composer,writer,,,1993-01-01,1993-01-01,1,-0.4376820413677751,1,-0.7127338099693385,0.0,-0.27147504601238254
ba853904-ae25-4ebb-89d6-c44cfbd71bd2,Blur,phonographic copyright;producer;remixer;writer,writer,,,1999-01-01,1999-01-01,5,1.6255448516653654,4,-0.19684445379376744,0.0,-0.27147504601238254
edf81f9b-d3f0-4d57-9636-d08e851b1640,Bazzi,writer,writer,,,2023-08-04,2023-08-04,1,-0.4376820413677751,3,-0.36880757251895785,0.0,-0.27147504601238254
269340a7-0a24-4827-86af-550fc6ae6322,Robert Görl,composer,writer,,,1981-01-01,1981-01-01,1,-0.4376820413677751,1,-0.7127338099693385,0.0,-0.27147504601238254
c3318701-8e8b-4dff-b43a-2291b1ffa312,"Sylvester Jordan, Jr.",writer,writer,,,2007-01-01,2007-01-01,1,-0.4376820413677751,5,-0.024881335068577065,0.0,-0.27147504601238254
896d6f37-d44e-4592-b06c-cd5ba0320886,J‐Splif,writer,writer,,,2008-01-01,2010-01-01,2,0.07812468189051006,8,0.4910080211069941,2.001,-0.03968336398185225
3830382e-d3ad-41b2-8024-6f1fe424bc5b,Shaun Frank,writer,writer,,,2005-07-22,2005-07-22,1,-0.4376820413677751,5,-0.024881335068577065,0.0,-0.27147504601238254
3a9d80e7-564a-418f-91d4-0cb7fee9965e,Chuck Brown,lyricist,writer,,,2002-01-01,2002-01-01,1,-0.4376820413677751,3,-0.36880757251895785,0.0,-0.27147504601238254
7e5a2a59-6d9f-4a17-b7c2-e1eedb7bd222,Grimes,composer;engineer;instrument;lyricist;mix;mix-dj;performer;producer;programming;recording;remixer;video director;vocal;writer,writer,,,2012-01-01,2012-01-01,2,0.07812468189051006,0,-0.884696928694529,0.0,-0.27147504601238254
54d8e9a4-277b-4d3b-8ca1-a79863c1e379,Pdogg,composer;writer,writer,,,2016-10-10,2020-02-21,2,0.07812468189051006,10,0.8349342585573748,3.365,0.11831956170012846
ff294730-0315-440d-a543-54005779c15b,The Mamas & the Papas,performer;vocal;writer,writer,,,1963-01-01,1965-01-01,2,0.07812468189051006,3,-0.36880757251895785,2.001,-0.03968336398185225
7a1eb805-2242-4daa-bd90-c1ed350e2e48,Insane Clown Posse,engineer;lyricist;mix;performer;producer;programming;vocal,writer,,,1979-01-01,1979-01-01,1,-0.4376820413677751,1,-0.7127338099693385,0.0,-0.27147504601238254
6c271707-9c98-4024-b6a0-818569ce9028,UPSAHL,composer;lyricist;writer,writer,,,2022-09-30,2024-02-09,3,0.5939314051487953,15,1.6947498521833269,1.361,-0.11381963409656458
afbdfac9-2955-4404-ae22-c08bf1c1b51e,Don Omar,composer;lyricist;performer;producer;vocal;writer,writer,easy listening;jazz;pop;soft rock;stage & screen,easy listening,1969-01-01,1969-01-01,1,-0.4376820413677751,3,-0.36880757251895785,0.0,-0.27147504601238254
535f74d5-8328-40ff-9cea-568ef916b3c8,The D.O.C.,writer,writer,hip hop,hip hop,1992-01-01,1992-01-01,1,-0.4376820413677751,3,-0.36880757251895785,0.0,-0.27147504601238254
277ebc64-df06-4d60-bb95-fe14936870b2,Yann Gonzalez,lyricist,writer,,,2008-01-01,2008-01-01,2,0.07812468189051006,2,-0.5407706912441482,0.0,-0.27147504601238254
2547c5e3-314c-4332-981d-f18c902a4086,John Summit,producer;remixer;writer,writer,,,2019-01-11,2019-01-11,1,-0.4376820413677751,1,-0.7127338099693385,0.0,-0.27147504601238254
3862342a-43c4-4cdb-8250-bfdbfb5e1419,Måneskin,producer,production,,,1967-02-01,1968-01-01,2,0.07812468189051006,0,-0.884696928694529,0.914,-0.16559918525480896
d07bca29-d980-4100-8cad-065a05f2b343,Joseph “Joe” Hahn,writer,writer,,,2000-01-01,2000-01-01,1,-0.4376820413677751,7,0.3190449023818037,0.0,-0.27147504601238254
6fa2e161-200e-475a-8492-3755594581f9,Bernard Sumner,writer,writer,,,1979-07-11,1983-01-01,6,2.1413515749236507,7,0.3190449023818037,3.477,0.13129340897020308
ce0724ab-2d63-415b-bbb1-839f97bb771a,Apashe,writer,writer,,,2023-07-28,2023-07-28,1,-0.4376820413677751,3,-0.36880757251895785,0.0,-0.27147504601238254
f7db159f-a8d7-4f67-a81c-82e3e3f6e9f3,Kris Ulrich,writer,writer,,,2021-07-16,2021-07-16,1,-0.4376820413677751,2,-0.5407706912441482,0.0,-0.27147504601238254
65e60a4a-4e52-48b3-ade4-bdfed2c94b3e,Mom Jeans.,writer,writer,,,2014-06-29,2015-07-17,2,0.07812468189051006,1,-0.7127338099693385,1.049,-0.14996106577748686
30199a54-282c-46c2-bd0f-e9567b120a67,Ben Burgess,writer,writer,,,2016-01-01,2016-01-01,1,-0.4376820413677751,2,-0.5407706912441482,0.0,-0.27147504601238254
9fa8fdc4-91f3-4266-81e5-3c42e943217b,TBHits,writer,writer,,,2022-07-22,2022-07-22,1,-0.4376820413677751,9,0.6629711398321845,0.0,-0.27147504601238254
a040fae5-844c-4014-9e05-2175e0d80a51,Edén Muñoz,writer,writer,,,2023-04-21,2023-04-21,1,-0.4376820413677751,0,-0.884696928694529,0.0,-0.27147504601238254
be0d7749-0974-48ba-93bb-6e974ec193a2,Pi’erre Bourne,composer,writer,,,2020-02-21,2020-02-21,1,-0.4376820413677751,3,-0.36880757251895785,0.0,-0.27147504601238254
509086c2-9cc8-4e77-89e9-322e34240ffc,Ira Gershwin,lyricist,writer,blues;rock,blues,1935-01-01,1935-01-01,1,-0.4376820413677751,4,-0.19684445379376744,0.0,-0.27147504601238254
1c009a08-74d1-4682-bc56-8bfbe9e66b62,Jeremih,lyricist;performer;vocal;writer,writer,electronic,electronic,2013-01-01,2015-08-08,5,1.6255448516653654,20,2.5545654458092786,2.598,0.02947187548452785
9daf6754-682e-4afe-84ae-5b35c61e26e9,Garry Bonner,writer,writer,easy listening;pop,easy listening,1966-01-01,1966-01-01,1,-0.4376820413677751,2,-0.5407706912441482,0.0,-0.27147504601238254
3ceeddbd-fba5-4bdb-99f7-2d028ed5afda,boygenius,phonographic copyright;producer,production,,,1999-01-01,1999-01-01,1,-0.4376820413677751,0,-0.884696928694529,0.0,-0.27147504601238254
ee27b2d8-648c-4a9d-a68c-e55066959975,Megan Thee Stallion,composer;engineer;lyricist;performer;phonographic copyright;producer;remixer;vocal;writer,writer,,,2015-04-14,2015-04-14,1,-0.4376820413677751,1,-0.7127338099693385,0.0,-0.27147504601238254
788c12f0-a1f8-4166-8048-2bbe2b6b193e,Josh Abraham,writer,writer,,,2017-04-30,2017-04-30,1,-0.4376820413677751,7,0.3190449023818037,0.0,-0.27147504601238254
2d4bc2de-8c9b-4006-945b-4508a4b0db32,Frank Eyton,lyricist,writer,contemporary jazz;jazz;non-music;poetry;pop;swing;traditional pop,contemporary jazz,1930-01-01,1930-01-01,1,-0.4376820413677751,4,-0.19684445379376744,0.0,-0.27147504601238254
1662397b-22d3-45cd-9c96-20350ec12e98,fuckcru,writer,writer,,,2025-08-01,2025-08-01,1,-0.4376820413677751,1,-0.7127338099693385,0.0,-0.27147504601238254
d0417cd9-dc5c-48e2-9a1b-5a5a51c804cd,Carl Hampton,writer,writer,,,2023-10-27,2023-10-27,1,-0.4376820413677751,7,0.3190449023818037,0.0,-0.27147504601238254
796bc8a9-efd1-43e8-bacf-5eba68835928,PEDRO SAMPAIO,writer,writer,,,2022-08-25,2023-11-23,2,0.07812468189051006,3,-0.36880757251895785,1.246,-0.12714099513280194
1ba1d493-7114-45e2-b163-a36d49a0c065,Chet Baker,composer;instrument;lyricist;performer;samples from artist;vocal,writer,,,1951-01-01,1953-01-01,2,0.07812468189051006,2,-0.5407706912441482,2.001,-0.03968336398185225
3e8f2f3e-25d9-425e-9bd7-ee0b47bb1785,Allen Collins,composer;lyricist;writer,writer,southern rock,southern rock,1973-08-13,1977-10-17,4,1.1097381284070802,1,-0.7127338099693385,4.178,0.21249579233022395
1d543e07-d0d2-4834-a8db-d65c50c2a856,Dolly Parton,composer;lyricist,writer,ballad,ballad,1974-01-01,1974-01-01,1,-0.4376820413677751,1,-0.7127338099693385,0.0,-0.27147504601238254
f4857fb9-e255-4dc6-bd01-e4ca7cc68544,Jamiroquai,performer;vocal,performer,classical;instrumental;jazz;pop,classical,1935-10-01,1935-10-01,1,-0.4376820413677751,0,-0.884696928694529,0.0,-0.27147504601238254
2594e97a-9b01-415d-850a-ce39879c58b1,Tim “One Love” Sommers,writer,writer,,,2010-01-01,2018-02-02,3,0.5939314051487953,5,-0.024881335068577065,8.088,0.6654220675622945
25e7bc9a-317a-44ab-87ac-dc5617110d54,Bob Gaudio,writer,writer,,,1967-02-01,1967-02-01,1,-0.4376820413677751,1,-0.7127338099693385,0.0,-0.27147504601238254
24d311f8-da82-4068-896b-ca061deaccb6,Carter Lang,writer,writer,,,2022-04-08,2022-04-08,2,0.07812468189051006,3,-0.36880757251895785,0.0,-0.27147504601238254
f332a312-e95b-4413-b6cc-1762a5a6a083,Mike Dirnt,composer,writer,,,1995-01-01,1995-01-01,1,-0.4376820413677751,2,-0.5407706912441482,0.0,-0.27147504601238254
32ac762f-9d80-4dbc-a0c6-898de0592dac,장우영,composer;lyricist,writer,,,2016-01-25,2016-01-25,1,-0.4376820413677751,2,-0.5407706912441482,0.0,-0.27147504601238254
677e31f1-4035-463c-8ca4-41175440c919,Ethel Cain,composer;engineer;field recordist;instrument;lyricist;mix;performer;producer;recording;video director;vocal,writer,alternative rock;emo;indie rock;math rock;midwest emo;rock,alternative rock,1998-04-03,1998-04-03,1,-0.4376820413677751,2,-0.5407706912441482,0.0,-0.27147504601238254
14aea021-97ec-48f0-b69b-8a177c7c72ad,Beto Guedes,writer,writer,,,1970-01-01,1970-01-01,1,-0.4376820413677751,2,-0.5407706912441482,0.0,-0.27147504601238254
58e2c1c3-fb2a-4251-a667-fc802908680f,T. Mason,writer,writer,,,2018-07-13,2018-07-13,1,-0.4376820413677751,8,0.4910080211069941,0.0,-0.27147504601238254
3332c24c-39ed-414d-afdf-87cdef7ddabc,Riley McDonough,writer,writer,hip hop;pop,hip hop,2022-09-30,2024-01-01,4,1.1097381284070802,10,0.8349342585573748,1.254,-0.12621429175636803
bea9772b-b952-411f-9499-6d834735cf75,Olufunmibi Awoshiley,writer,writer,,,2017-09-15,2017-09-15,1,-0.4376820413677751,6,0.1470817836566133,0.0,-0.27147504601238254
c5ce487b-0462-444e-a184-4de0fef7e028,Julian Casablancas,composer;lyricist,writer,,,2001-01-01,2003-01-01,6,2.1413515749236507,2,-0.5407706912441482,1.999,-0.0399150398259607
62879ad9-1594-46ff-a2f4-bca5207a8fd6,Adam Kaplan,composer,writer,,,1965-03-01,1965-03-01,1,-0.4376820413677751,1,-0.7127338099693385,0.0,-0.27147504601238254
942a9807-9c1a-4a0e-a285-1fde2c5be9d1,Big Sean,composer;lyricist;performer;producer;vocal;writer,writer,,,2002-01-01,2020-01-01,3,0.5939314051487953,15,1.6947498521833269,17.999,1.8134917130418475
87652f88-2b02-4f72-9e55-1a4e70c082cd,Chase Wells,writer,writer,,,2016-01-01,2016-01-01,1,-0.4376820413677751,6,0.1470817836566133,0.0,-0.27147504601238254
62046ffd-7d76-476b-bee5-b281b7575c6c,Joe Lally,composer;writer,writer,,,1987-09-03,1989-12-01,4,1.1097381284070802,4,-0.19684445379376744,2.245,-0.011418911000618145
a6b90dc0-e22e-44e1-890b-87900bd9aca6,Inspectah Deck,writer,writer,hip hop;trap,hip hop,2018-01-01,2021-04-09,2,0.07812468189051006,22,2.898491683259659,3.269,0.1071991211829216
d9c9cfb7-f751-4fb0-97c0-b3ddd768bc78,William Bell,lyricist,writer,blues;blues rock;pop rock;rock,blues,1967-01-01,1967-01-01,1,-0.4376820413677751,1,-0.7127338099693385,0.0,-0.27147504601238254
669c4d37-2913-49b0-b5ac-c628fcd6f403,Fonzworth Bentley,writer,writer,,,2013-01-01,2013-01-01,1,-0.4376820413677751,9,0.6629711398321845,0.0,-0.27147504601238254
ac01e9ed-5e42-4016-ac13-52c4df3d66a9,Archy Marshall,writer,writer,,,2013-08-24,2013-08-24,5,1.6255448516653654,0,-0.884696928694529,0.0,-0.27147504601238254
a7412cd0-e0b8-4fa1-8d24-75bb92a84946,William Orbit,writer,writer,,,2000-01-01,2000-01-01,1,-0.4376820413677751,1,-0.7127338099693385,0.0,-0.27147504601238254
a54d9cd2-1359-4ea3-98a1-fe068fc66814,Steve Miller,composer;lyricist;writer,writer,big band;jazz;rock;vocal,big band,1973-01-01,1976-01-01,2,0.07812468189051006,4,-0.19684445379376744,2.998,0.0758070443062231
401c3991-b76b-499d-8082-9f2df958ef78,Phil Collins,arranger;composer;instrument;instrument arranger;lyricist;mix;performer;producer;programming;remixer;video appearance;vocal;writer,writer,rock,rock,1966-01-01,1968-01-01,2,0.07812468189051006,0,-0.884696928694529,1.999,-0.0399150398259607
3599a39e-4e10-4cb5-90d4-c8a015ebc73b,Portugal. The Man,producer;remixer,production,rock,rock,1971-01-01,1971-01-01,1,-0.4376820413677751,0,-0.884696928694529,0.0,-0.27147504601238254
8e494408-8620-4c6a-82c2-c2ca4a1e4f12,Lorde,composer;instrument;lyricist;performer;producer;video director;vocal;writer,writer,blues;blues rock;boogie rock;electric blues;funk;jazz;soul,blues,1974-01-01,2017-06-01,2,0.07812468189051006,6,0.1470817836566133,43.414,4.757512502050307
610b71d9-fa78-47d6-9073-083922e73840,Addison Rae,composer;lyricist;vocal;writer,writer,dance-pop;pop,dance-pop,2021-03-18,2024-03-15,2,0.07812468189051006,10,0.8349342585573748,2.992,0.07511201677389764
23273a24-72ac-45ea-b7ad-7fd486b7eae2,Eduardo Franco,composer;lyricist,writer,bolero;hip hop;jazz;latin;merengue;reggaeton;salsa;trap,bolero,1984-01-01,1984-01-01,1,-0.4376820413677751,1,-0.7127338099693385,0.0,-0.27147504601238254
e823eaa2-6e16-4675-9450-ba89bb02e5ca,Kyle Evans,writer,writer,,,2023-01-01,2023-01-01,1,-0.4376820413677751,5,-0.024881335068577065,0.0,-0.27147504601238254
28658c41-ae08-45dc-b593-42d393df1381,Big Tray Deee,writer,writer,g-funk;hip hop,g-funk,2000-01-01,2000-01-01,1,-0.4376820413677751,8,0.4910080211069941,0.0,-0.27147504601238254
4586735e-6673-4eac-934b-a0bfbcf9ddb9,Henri Overduin,writer,writer,,,1982-01-01,1982-01-01,1,-0.4376820413677751,2,-0.5407706912441482,0.0,-0.27147504601238254
7527f6c2-d762-4b88-b5e2-9244f1e34c46,Deftones,composer;lyricist;performer;producer;remixer;video appearance;writer,writer,multiple iswc,multiple iswc,1971-01-01,1971-01-01,1,-0.4376820413677751,1,-0.7127338099693385,0.0,-0.27147504601238254
c01560d1-6f69-48cf-a3c6-c94b65f099b1,Ryan Lewis,composer,writer,,,2011-07-21,2012-10-09,6,2.1413515749236507,2,-0.5407706912441482,1.221,-0.1300369431841579
ddf488d8-f809-47a0-adb3-95bbc7aa20f0,Layne Staley,composer;lyricist;writer,writer,,,1992-01-01,1992-01-01,3,0.5939314051487953,3,-0.36880757251895785,0.0,-0.27147504601238254
c7b90dd3-5962-4ef8-926f-f40020720a01,Tony Fadd,lyricist,writer,,,2014-04-22,2014-04-22,1,-0.4376820413677751,1,-0.7127338099693385,0.0,-0.27147504601238254
526a6127-7f4e-4797-8ae9-927a6e29e2d0,Joe Sample,writer,writer,,,1991-01-01,1991-01-01,1,-0.4376820413677751,9,0.6629711398321845,0.0,-0.27147504601238254
4439c2fd-a754-4f6a-b3a6-791b47726156,Mel Tormé,composer;lyricist,writer,christmas;christmas carol;christmas music;holiday,christmas,1946-11-01,1946-11-01,1,-0.4376820413677751,2,-0.5407706912441482,0.0,-0.27147504601238254
a22c5b56-9119-4420-b853-34ce0d867918,David Cole,composer,writer,,,1991-01-01,1991-01-01,1,-0.4376820413677751,2,-0.5407706912441482,0.0,-0.27147504601238254
9172ba7f-5912-474a-99d3-33d01ed082d3,Lil Reese,writer,writer,,,2012-01-01,2012-01-01,1,-0.4376820413677751,2,-0.5407706912441482,0.0,-0.27147504601238254
e8500b78-d8de-4232-adbc-bf08668ffec8,Allegra Jordyn,writer,writer,,,2024-03-08,2024-11-08,2,0.07812468189051006,7,0.3190449023818037,0.671,-0.1937478003139888
25aea3a4-c594-4d3e-8759-7984c1a93820,Paul D. Hudson,writer,writer,alternative metal;alternative rock;hard rock;hardcore;punk;rock,alternative metal,1986-01-01,1986-01-01,1,-0.4376820413677751,4,-0.19684445379376744,0.0,-0.27147504601238254
c4b87e45-c07a-460f-9c58-8d15328e2964,Sophie Ellis‐Bextor,writer,writer,,,2001-01-01,2001-01-01,1,-0.4376820413677751,1,-0.7127338099693385,0.0,-0.27147504601238254
271973a1-7177-4bcf-9a01-ac75d3691035,Nneka,writer,writer,,,2012-01-01,2012-01-01,1,-0.4376820413677751,8,0.4910080211069941,0.0,-0.27147504601238254
0aefe635-8ab9-48a7-9a17-243d35ffd49a,C. Laster,lyricist,writer,,,2018-05-23,2018-05-23,1,-0.4376820413677751,1,-0.7127338099693385,0.0,-0.27147504601238254
d06f65d2-26e0-4d40-95e5-22592917eb52,Jackie Jackson,writer,writer,electronic;euro house;hi-nrg,electronic,1980-01-01,1980-01-01,1,-0.4376820413677751,1,-0.7127338099693385,0.0,-0.27147504601238254
d4d17620-fd97-4574-92a8-a2cb7e72ce42,The Verve,composer;lyricist;performer;phonographic copyright;producer;writer,writer,,,1979-01-01,1979-01-01,1,-0.4376820413677751,1,-0.7127338099693385,0.0,-0.27147504601238254
90df1c5c-0c89-44cd-8552-0273007dfd27,Philip Oakey,composer;lyricist,writer,electronic;house;pop;synth-pop;trance,electronic,1981-01-01,1984-01-01,2,0.07812468189051006,5,-0.024881335068577065,2.998,0.0758070443062231
e39a514f-f4f3-4ec4-8cdd-817c756d5291,YoungKio,writer,writer,meme,meme,2018-12-03,2019-01-01,3,0.5939314051487953,6,0.1470817836566133,0.079,-0.2623238501700977
4da8a075-9db8-422e-a154-57386c572d88,Trinidad James,writer,writer,,,2013-05-14,2022-06-17,2,0.07812468189051006,8,0.4910080211069941,9.092,0.7817233413047496
a0b8cfb8-40c6-4f3a-887a-bb571cd711ef,Sensei Bueno,writer,writer,,,2023-06-09,2023-06-09,1,-0.4376820413677751,5,-0.024881335068577065,0.0,-0.27147504601238254
656b39fb-979c-4c57-bb87-61d1a8eb38d1,Henry Rollins,writer,writer,,,1992-01-01,1992-01-01,1,-0.4376820413677751,1,-0.7127338099693385,0.0,-0.27147504601238254
5dfdca28-9ddc-4853-933c-8bc97d87beec,Marilyn Manson,performer;phonographic copyright;producer;remixer,performer,,,1990-01-01,1992-08-01,4,1.1097381284070802,0,-0.884696928694529,2.582,0.027618468731660042
ec8033d3-33db-4018-bdc4-7e7437160821,Kerry Alexander,writer,writer,,,2015-07-17,2015-07-17,1,-0.4376820413677751,1,-0.7127338099693385,0.0,-0.27147504601238254
8dd98bdc-80ec-4e93-8509-2f46bafc09a7,Calvin Harris,arranger;composer;engineer;instrument;instrument arranger;lyricist;mix;mix-dj;performer;producer;programming;recording;remixer;vocal;writer,writer,,,1983-01-01,1984-01-01,2,0.07812468189051006,2,-0.5407706912441482,0.999,-0.15575296188019871
8a360e61-0dcb-4e29-91d1-c54ebb70568c,James Griffin,writer,writer,,,2016-01-01,2016-01-01,1,-0.4376820413677751,6,0.1470817836566133,0.0,-0.27147504601238254
599fa573-8816-4dbe-8439-2f4d486ffb8e,Nice Rec,writer,writer,,,2018-07-13,2018-07-13,1,-0.4376820413677751,8,0.4910080211069941,0.0,-0.27147504601238254
210bf857-3387-4a7e-9301-7eb9c66800d6,Roger Hodgson,writer,writer,,,1979-01-01,1979-01-01,1,-0.4376820413677751,1,-0.7127338099693385,0.0,-0.27147504601238254
64b94289-9474-4d43-8c93-918ccc1920d1,Billy Joel,arranger;composer;instrument;lyricist;mix;performer;producer;video appearance;vocal;vocal arranger;writer,writer,bebop;jazz,bebop,1935-01-01,1977-01-01,3,0.5939314051487953,4,-0.19684445379376744,42.001,4.593833518187669
7e8235b3-39a8-41ae-b77f-9c693631b802,Mihai Puscoiu,writer,writer,,,2018-03-30,2018-03-30,2,0.07812468189051006,2,-0.5407706912441482,0.0,-0.27147504601238254
e9aed5e5-ed35-4244-872e-194862290295,Dr. Dog,engineer;mix;producer;recording;writer,writer,,,1967-01-01,1967-01-01,1,-0.4376820413677751,2,-0.5407706912441482,0.0,-0.27147504601238254
bb92cd9f-0446-42bb-adc7-b6f7c5bea2e3,Violeta Parra,composer;lyricist,writer,,,1966-11-01,1966-11-01,1,-0.4376820413677751,1,-0.7127338099693385,0.0,-0.27147504601238254
b57656ce-7e16-42ca-84cc-882067041e4d,Josh Lane,composer;lyricist;writer,writer,,,2020-06-12,2021-01-08,3,0.5939314051487953,2,-0.5407706912441482,0.575,-0.20486824083119567
1ecc1f71-2512-442a-a85e-3c79d9ddc5cc,Mark Morrison,composer;lyricist,writer,,,1995-01-01,1995-01-01,1,-0.4376820413677751,1,-0.7127338099693385,0.0,-0.27147504601238254
3b39abeb-0064-4eed-9ddd-ee47a45c54cb,Ghostface Killah,writer,writer,hip hop;trap,hip hop,2018-01-01,2021-04-09,2,0.07812468189051006,22,2.898491683259659,3.269,0.1071991211829216
3e1f2ee4-16be-4406-bf18-6173840cf2b1,Martin Garrix,composer;instrument;lyricist;mix;mix-dj;producer;recording;remixer;writer,writer,,,2010-11-01,2013-01-01,2,0.07812468189051006,3,-0.36880757251895785,2.168,-0.02033843099879447
100d7963-5354-4692-b9ac-d3aeb3eaaa8f,Eddie Curtis,writer,writer,,,1973-01-01,1973-01-01,1,-0.4376820413677751,3,-0.36880757251895785,0.0,-0.27147504601238254
254401f5-0db4-4856-bd24-6c2a7f0ebfeb,Becca Kruger,composer;lyricist,writer,dance-pop;pop,dance-pop,2024-10-25,2024-10-25,1,-0.4376820413677751,3,-0.36880757251895785,0.0,-0.27147504601238254
d8433dee-d1a8-4b40-b27c-40bc53481167,Izzy Stradlin,composer,writer,,,1985-08-01,1985-08-01,1,-0.4376820413677751,4,-0.19684445379376744,0.0,-0.27147504601238254
9aeed8f0-471d-42ae-b160-175dadbfb44b,Alex Killer,writer,writer,,,2018-10-11,2018-10-11,1,-0.4376820413677751,9,0.6629711398321845,0.0,-0.27147504601238254
f69e15c5-2768-40b1-b251-0e3271d00e53,Brian Oblivion,writer,writer,,,2010-02-01,2011-01-01,5,1.6255448516653654,1,-0.7127338099693385,0.914,-0.16559918525480896
32673e42-5ba2-4528-b3fe-a000a0c606e3,Corey Hart,composer;lyricist,writer,,,1983-01-01,1983-01-01,1,-0.4376820413677751,1,-0.7127338099693385,0.0,-0.27147504601238254
ad279295-653f-42e1-9aaa-b731df2e78ba,,remixer,other,,,1957-01-01,1957-01-01,0,-0.9534887646260604,0,-0.884696928694529,0.0,-0.27147504601238254
2ebbf6bc-77f7-4759-8784-63bd77c2712c,Sway Dasafo,writer,writer,,,2011-04-08,2011-04-08,1,-0.4376820413677751,3,-0.36880757251895785,0.0,-0.27147504601238254
b727ffed-79ab-4905-b20d-2a8df5335929,Sékou,lyricist,writer,,,2006-01-01,2006-01-01,1,-0.4376820413677751,6,0.1470817836566133,0.0,-0.27147504601238254
daf84e36-f78e-4c94-a032-6aed138c0d34,Plan B,composer;engineer;instrument;lyricist;mix;performer;producer;vocal;writer,writer,hip hop;hip-hop;rap,hip hop,1966-01-01,2012-07-20,3,0.5939314051487953,2,-0.5407706912441482,46.549,5.1206643876903435
3018e348-be53-4f20-b468-1a10213745b2,Teris V,writer,writer,,,2015-01-01,2015-01-01,1,-0.4376820413677751,3,-0.36880757251895785,0.0,-0.27147504601238254
0f1d5b01-8784-4870-9bd6-fa43178b9441,Justin Vernon,composer;lyricist;writer,writer,,,2013-01-01,2014-07-14,2,0.07812468189051006,10,0.8349342585573748,1.53,-0.09424302526939835
ea72e02e-5dc4-41d5-acee-55057279aae3,Chancellor,writer,writer,,,2024-10-11,2024-10-11,1,-0.4376820413677751,9,0.6629711398321845,0.0,-0.27147504601238254
97bdfc6a-da6e-407b-8713-543156ed322a,Ricky Racks,writer,writer,,,2015-09-16,2015-09-16,1,-0.4376820413677751,2,-0.5407706912441482,0.0,-0.27147504601238254
f687f9e5-92ce-4fc8-a2b7-454c3dfffc32,Joey Valence,lyricist;writer,writer,breakbeat;drum and bass;dubstep;electronic;hardcore;hip hop;industrial;rock;trap,breakbeat,2023-04-21,2024-08-21,3,0.5939314051487953,6,0.1470817836566133,1.336,-0.11671558214792052
6b5d7d4e-c64d-44c5-8af3-6acd9ccd55ed,Bruno Quartier,writer,writer,,,1996-01-01,1996-01-01,1,-0.4376820413677751,1,-0.7127338099693385,0.0,-0.27147504601238254
a94a7155-c79d-4409-9fcf-220cb0e4dc3a,Talking Heads,arranger;performer;producer;samples from artist;video appearance;writer,writer,,,1983-01-01,1985-01-01,4,1.1097381284070802,4,-0.19684445379376744,2.001,-0.03968336398185225
dfb786ef-29d1-4c4d-b94d-4d83e85c7d33,John Hughes,writer,writer,,,1992-01-01,1992-01-01,1,-0.4376820413677751,2,-0.5407706912441482,0.0,-0.27147504601238254
6ab31970-6077-4906-a185-cbce90c1c8b3,Bobby Miller,writer,writer,,,1996-01-01,1996-01-01,1,-0.4376820413677751,3,-0.36880757251895785,0.0,-0.27147504601238254
5191f332-8c44-4775-a070-d517cf7e5ecb,Mick Fleetwood,writer,writer,,,1977-01-01,1977-01-01,1,-0.4376820413677751,5,-0.024881335068577065,0.0,-0.27147504601238254
584c04d2-4acc-491b-8a0a-e63133f4bfc4,Yeah Yeah Yeahs,composer;phonographic copyright;producer;writer,writer,,,1977-01-01,1977-01-01,1,-0.4376820413677751,4,-0.19684445379376744,0.0,-0.27147504601238254
10361de3-1b9f-4da5-854b-4a4dc8a12faf,Xavier de Rosnay,composer,writer,,,2023-01-01,2023-01-01,1,-0.4376820413677751,5,-0.024881335068577065,0.0,-0.27147504601238254
2d1e278a-61d6-44c0-8d21-9145a810bfbf,Mabon Hodges,writer,writer,blues;blues rock;boogie rock;electric blues;funk;jazz;soul,blues,1974-01-01,1974-01-01,1,-0.4376820413677751,2,-0.5407706912441482,0.0,-0.27147504601238254
7782d2b8-146e-4eb9-9e1c-6e59b855bcbc,Harry Jensen,writer,writer,,,2013-01-01,2013-01-01,1,-0.4376820413677751,12,1.1788604960077556,0.0,-0.27147504601238254
d530dad4-81e5-4874-808a-d708039289fb,Gavin Rossdale,composer;lyricist,writer,grunge;hard rock;post-grunge,grunge,1994-01-01,1994-01-01,1,-0.4376820413677751,0,-0.884696928694529,0.0,-0.27147504601238254
2e41ae9c-afd2-4f20-8f1e-17281ce9b472,Gwen Stefani,composer;lyricist;performer;programming;video appearance;vocal;writer,writer,,,1995-01-01,2001-01-01,5,1.6255448516653654,5,-0.024881335068577065,6.001,0.4236683242350999
bf4fe7cd-7d38-41d2-b78a-fdc7c6b08929,Ronaldo Bastos,composer,writer,,,1972-01-01,1972-01-01,1,-0.4376820413677751,2,-0.5407706912441482,0.0,-0.27147504601238254
94c338ff-1985-4429-9dc8-997b61bb5932,B.o.B,composer;lyricist;performer;producer;recording;vocal;writer,writer,,,2008-01-01,2010-01-01,4,1.1097381284070802,12,1.1788604960077556,2.001,-0.03968336398185225
abe4416d-616c-4e61-a3be-62ac6d1bdc4e,John Guerin,writer,writer,,,1991-01-01,1991-01-01,1,-0.4376820413677751,9,0.6629711398321845,0.0,-0.27147504601238254
add5f522-25df-41c4-815e-0ca9f60b83e4,Ava Max,performer;vocal;writer,writer,,,1984-01-01,1984-01-01,1,-0.4376820413677751,3,-0.36880757251895785,0.0,-0.27147504601238254
c1f1cf38-1fee-4106-871d-ac392a28b91a,Ricky Montgomery,composer;instrument;lyricist;performer;producer;programming;vocal;writer,writer,,,2003-01-01,2003-01-01,1,-0.4376820413677751,1,-0.7127338099693385,0.0,-0.27147504601238254
3bf30073-ce4e-4207-88d2-ad83677b0387,Iyaz,writer,writer,,,2009-01-01,2009-01-01,1,-0.4376820413677751,5,-0.024881335068577065,0.0,-0.27147504601238254
fb7d550f-7518-41ba-95db-33db5287d8e2,Frank Dukes,lyricist;writer,writer,hip hop;pop;trap,hip hop,2017-01-01,2018-12-24,4,1.1097381284070802,32,4.618122870511563,1.977,-0.04246347411115394
2f237389-5603-45eb-9024-dbc05d2c840a,Natti,writer,writer,,,2011-03-22,2011-03-22,1,-0.4376820413677751,2,-0.5407706912441482,0.0,-0.27147504601238254
ba991ec6-049b-479f-9020-be2a84dc1473,Tim Gomringer,writer,writer,hip hop;trap,hip hop,2017-10-29,2019-07-01,5,1.6255448516653654,27,3.758307276885611,1.67,-0.07802571618180504
c414371b-3377-43b5-9dc2-2a20254ed520,Jimmy McHugh,composer,writer,classical;instrumental;jazz;pop,classical,1935-10-01,1935-10-01,1,-0.4376820413677751,1,-0.7127338099693385,0.0,-0.27147504601238254
13655113-cd16-4b43-9dca-cadbbf26ee05,Nelly Furtado,composer;instrument;lyricist;mix;performer;producer;programming;vocal;vocal arranger;writer,writer,pop;soft rock,pop,1972-01-01,1972-01-01,1,-0.4376820413677751,2,-0.5407706912441482,0.0,-0.27147504601238254
6143403a-df6c-429e-8ee6-ef869896b0da,Quavo,composer;lyricist;performer;producer;video director;vocal;writer,writer,hip hop;trap,hip hop,2002-01-01,2019-12-27,4,1.1097381284070802,18,2.2106392083588977,17.985,1.8118699821330884
5706885b-7712-4be3-b809-db026e07d3a7,Finn Keane,writer,writer,,,2024-03-15,2024-03-15,1,-0.4376820413677751,4,-0.19684445379376744,0.0,-0.27147504601238254
c531feae-1252-447e-b14d-38ec4ae73042,Elimu Tabasuri,writer,writer,crunk;hip hop,crunk,2024-04-05,2024-04-05,1,-0.4376820413677751,0,-0.884696928694529,0.0,-0.27147504601238254
283fb96d-1f5c-4b74-9bea-3e4504f07fa3,Geddy Lee,composer,writer,,,1981-01-01,1981-01-01,1,-0.4376820413677751,3,-0.36880757251895785,0.0,-0.27147504601238254
9efff43b-3b29-4082-824e-bc82f646f93d,The Doors,arranger;composer;lyricist;mix;performer;producer;writer,writer,jazz,jazz,1959-01-01,1959-01-01,1,-0.4376820413677751,1,-0.7127338099693385,0.0,-0.27147504601238254
dcf5807c-ef1f-4291-b452-6824080ecac4,Birdman,writer,writer,,,2013-01-01,2013-01-01,1,-0.4376820413677751,7,0.3190449023818037,0.0,-0.27147504601238254
7c33a306-87ad-4cb6-9f69-bfdb8586b302,Chad Hugo,composer;writer,writer,ballad;contemporary r&b;europop;hip hop;pop;soul,ballad,1999-12-07,2021-07-16,14,6.267805360989932,22,2.898491683259659,21.607,2.231434935813539
d9ef5bac-9f88-4559-932b-63d753ef6161,jetsonmade,writer,writer,,,2019-03-01,2019-03-01,1,-0.4376820413677751,2,-0.5407706912441482,0.0,-0.27147504601238254
eab65757-b949-421f-b870-9246541c83b3,Lillie McAlpin,writer,writer,,,1957-01-01,1957-01-01,1,-0.4376820413677751,2,-0.5407706912441482,0.0,-0.27147504601238254
372304d0-5e6a-4030-bc2b-09bdb0ee8abb,Jeff Lynne,composer;lyricist;writer,writer,ascap-no-iswc;ripoff,ascap-no-iswc,1971-12-03,2014-01-01,3,0.5939314051487953,8,0.4910080211069941,42.081,4.603100551952008
ea4aa8bb-0547-4405-8252-e8139a18a516,Patrick Johnson,lyricist,writer,,,2003-08-21,2003-08-21,1,-0.4376820413677751,2,-0.5407706912441482,0.0,-0.27147504601238254
ed32d69b-7666-4eb8-b865-fe9a361e10e3,Doug Rasheed,writer,writer,,,1994-01-01,1994-01-01,1,-0.4376820413677751,3,-0.36880757251895785,0.0,-0.27147504601238254
073e2522-a8ea-489d-b53a-19729cc8664e,Quay Global,writer,writer,,,2018-05-18,2018-05-18,4,1.1097381284070802,3,-0.36880757251895785,0.0,-0.27147504601238254
2dad5809-0d9b-40cf-85cf-2f8828ffaaf0,Noah Goldstein,writer,writer,,,2012-01-01,2022-04-08,2,0.07812468189051006,15,1.6947498521833269,10.267,0.9178328997184793
5db88fae-df24-490e-971a-1b3fe8d373ea,The Japanese House,arranger;composer;instrument;lyricist;producer;programming;vocal;writer,writer,electronic;trance,electronic,1975-01-01,1975-01-01,1,-0.4376820413677751,1,-0.7127338099693385,0.0,-0.27147504601238254
30a67440-bf0f-4460-999d-8c056c18ff0e,Newton Mendonça,lyricist,writer,bossa nova,bossa nova,1959-01-01,1959-01-01,1,-0.4376820413677751,2,-0.5407706912441482,0.0,-0.27147504601238254
c5bad957-7f5e-4394-8e17-ef7c360b5e9c,Nat Robinson,writer,writer,,,2012-01-01,2012-01-01,1,-0.4376820413677751,8,0.4910080211069941,0.0,-0.27147504601238254
84490b56-ff86-4492-be8e-ae565b50f97e,Anthony Moore,writer,writer,,,1972-01-01,1972-01-01,1,-0.4376820413677751,1,-0.7127338099693385,0.0,-0.27147504601238254
3b233cca-b1d4-43e5-93dd-daf5fe323e42,D.A. Got That Dope,writer,writer,,,2018-10-11,2018-10-11,1,-0.4376820413677751,6,0.1470817836566133,0.0,-0.27147504601238254
883cbf1f-dcaa-4d17-b9ed-394e1fdabc87,Rex Orange County,composer;instrument;instrument arranger;lyricist;phonographic copyright;producer;programming;vocal;writer,writer,,,1976-01-01,1976-01-01,1,-0.4376820413677751,0,-0.884696928694529,0.0,-0.27147504601238254
e49f69da-17d5-4c5c-bac0-dadcb0e588f5,Mark Knopfler,composer;lyricist,writer,,,1980-01-01,1980-01-01,2,0.07812468189051006,2,-0.5407706912441482,0.0,-0.27147504601238254
fdcfe3d3-73db-432d-8a34-10540ded35fb,Alle Benassi,writer,writer,,,2011-01-01,2011-01-01,1,-0.4376820413677751,4,-0.19684445379376744,0.0,-0.27147504601238254
8a0b0e89-72e0-4c2b-81a8-f1365165c717,Nick Lopez,writer,writer,,,2024-11-08,2024-11-08,1,-0.4376820413677751,6,0.1470817836566133,0.0,-0.27147504601238254
404c5c4c-7d08-44e4-9721-68a824edc144,Burton Cummings,writer,writer,,,1965-01-01,1965-01-01,1,-0.4376820413677751,4,-0.19684445379376744,0.0,-0.27147504601238254
22bb3c13-87b5-46ac-8dc9-553b6579c2e6,George Daniel,writer,writer,,,2016-02-16,2016-02-16,1,-0.4376820413677751,4,-0.19684445379376744,0.0,-0.27147504601238254
21a89505-10a9-4ac0-8388-833bc07b9f86,Laufey,composer;instrument;lyricist;performer;phonographic copyright;producer;vocal;writer,writer,jazz;swing,jazz,1937-01-01,1937-01-01,1,-0.4376820413677751,2,-0.5407706912441482,0.0,-0.27147504601238254
3762a304-9821-4a67-8b82-da866c436761,Charlie Oriain,writer,writer,pop,pop,2024-02-16,2024-02-16,1,-0.4376820413677751,3,-0.36880757251895785,0.0,-0.27147504601238254
caa55324-f5b2-40c4-9c5b-52d57d3f772a,이새롬,lyricist,writer,,,2020-09-16,2020-09-16,2,0.07812468189051006,10,0.8349342585573748,0.0,-0.27147504601238254
0fb606f5-f95f-4bf2-bdd8-79771f36a97a,Happy Perez,writer,writer,,,2015-11-27,2015-11-27,1,-0.4376820413677751,4,-0.19684445379376744,0.0,-0.27147504601238254
f06c6acb-cbf8-4181-87e4-6660ef75036c,JD on tha Track,writer,writer,,,2019-02-01,2019-02-01,1,-0.4376820413677751,3,-0.36880757251895785,0.0,-0.27147504601238254
fabb37f8-eb2a-4cc1-a72a-b56935bbb72d,Three Days Grace,arranger;producer;writer,writer,,,1989-01-01,1991-01-01,2,0.07812468189051006,3,-0.36880757251895785,1.999,-0.0399150398259607
55210efc-9dee-4e81-8741-7af235084e7b,Pase Rock,lyricist,writer,,,2003-08-21,2003-08-21,1,-0.4376820413677751,3,-0.36880757251895785,0.0,-0.27147504601238254
9181e544-f535-40a7-9f9e-66c5fa92ab52,Edward Joshua Timmons,writer,writer,,,2015-02-20,2015-02-20,1,-0.4376820413677751,2,-0.5407706912441482,0.0,-0.27147504601238254
05044348-08c0-4132-b9d5-ef85023173d0,Bonnie Bramlett,writer,writer,,,1970-08-01,1970-08-01,1,-0.4376820413677751,2,-0.5407706912441482,0.0,-0.27147504601238254
e0e1db18-f7ba-4dee-95ff-7ae8cf545460,Kid Cudi,composer;instrument;lyricist;performer;producer;programming;vocal;writer,writer,alternative hip hop;hip hop,alternative hip hop,2008-01-01,2009-01-01,6,2.1413515749236507,18,2.2106392083588977,1.002,-0.15540544811403603
bb3cbea2-5ad4-4917-bc84-8a1975d40315,Talib Kweli,composer,writer,,,2010-01-09,2010-01-09,1,-0.4376820413677751,6,0.1470817836566133,0.0,-0.27147504601238254
650e7db6-b795-4eb5-a702-5ea2fc46c848,Lady Gaga,arranger;composer;instrument;instrument arranger;lyricist;performer;producer;programming;samples from artist;video appearance;video director;vocal;vocal arranger;writer,writer,blues;rock,blues,1935-01-01,2009-01-01,3,0.5939314051487953,4,-0.19684445379376744,74.001,8.300647023923286
38d64df7-5b7f-42ca-9d98-9541640ca84f,John Holt,writer,writer,reggae;rocksteady,reggae,1967-01-01,1967-01-01,1,-0.4376820413677751,2,-0.5407706912441482,0.0,-0.27147504601238254
4071e367-ccf8-484e-a269-bc80ba61e4ce,Ian McCulloch,writer,writer,,,1983-01-01,1983-01-01,1,-0.4376820413677751,4,-0.19684445379376744,0.0,-0.27147504601238254
b3036249-8b39-4d02-a312-d31a63497bbc,Stephen Morris,writer,writer,,,1979-07-11,1983-01-01,6,2.1413515749236507,7,0.3190449023818037,3.477,0.13129340897020308
54751645-0f65-4529-9526-35285ae252b3,Don Black,lyricist,writer,,,1971-01-01,1971-01-01,1,-0.4376820413677751,2,-0.5407706912441482,0.0,-0.27147504601238254
516cef4d-0718-4007-9939-f9b38af3f784,Fall Out Boy,composer;lyricist;performer;phonographic copyright;producer;vocal;writer,writer,pop;soft rock,pop,1973-01-01,1973-01-01,1,-0.4376820413677751,0,-0.884696928694529,0.0,-0.27147504601238254
680a0350-cee3-49d4-a85d-7c9f4657fb97,,performer,performer,,,1966-01-01,1966-01-01,0,-0.9534887646260604,0,-0.884696928694529,0.0,-0.27147504601238254
5bec856f-b78b-4216-8af5-1c0c6365bcbe,Paul Barker,writer,writer,,,1990-01-01,1990-01-01,1,-0.4376820413677751,5,-0.024881335068577065,0.0,-0.27147504601238254
70c60e51-a155-4dc1-bd99-ed11df29a6f1,Jeremy Bircher,writer,writer,,,2016-01-01,2016-01-01,1,-0.4376820413677751,2,-0.5407706912441482,0.0,-0.27147504601238254
766235d5-2ceb-4172-ad73-b316d8a1264c,Otis Jackson Jr.,composer;lyricist;writer,writer,,,2002-11-01,2012-01-01,7,2.657158298181936,5,-0.024881335068577065,9.166,0.7902953475367632
e0e1a584-dd0a-4bd1-88d1-c4c62895039d,Foster the People,performer;producer;remixer,performer,_add recording;alternative rock;electronic;indie rock;meme;rock,_add recording,2010-01-01,2011-01-01,5,1.6255448516653654,0,-0.884696928694529,0.999,-0.15575296188019871
47d7b25e-585b-4c97-b98b-411b21a53379,Robin Guthrie,composer;writer,writer,,,1984-10-01,1986-01-01,2,0.07812468189051006,3,-0.36880757251895785,1.251,-0.12656180552253077
ed58cf08-77c2-4265-ae0e-ccb3533c0982,Sofia Kay,writer,writer,,,2025-09-26,2025-09-26,2,0.07812468189051006,7,0.3190449023818037,0.0,-0.27147504601238254
f32d8c5d-d662-4499-8910-6aa6a01d574b,Nigel Staff,writer,writer,,,2006-01-01,2006-01-01,1,-0.4376820413677751,5,-0.024881335068577065,0.0,-0.27147504601238254
2c449bbd-b19e-456b-af78-f2e592ff2245,Richard Z. Kruspe,writer,writer,,,1996-08-18,1996-08-18,1,-0.4376820413677751,6,0.1470817836566133,0.0,-0.27147504601238254
6e61b52a-9001-4638-9f10-f684c180a749,,performer,performer,,,2022-09-14,2022-09-14,0,-0.9534887646260604,0,-0.884696928694529,0.0,-0.27147504601238254
afd1a907-afeb-466e-a730-7ddd2021b1a9,Milk Dee,writer,writer,,,2012-01-01,2012-01-01,1,-0.4376820413677751,8,0.4910080211069941,0.0,-0.27147504601238254
26f07661-e115-471d-a930-206f5c89d17c,Mötley Crüe,lyricist;producer;video appearance,writer,beat;pop rock;rock;rock and roll,beat,1968-01-01,1968-01-01,1,-0.4376820413677751,2,-0.5407706912441482,0.0,-0.27147504601238254
4a4ee089-93b1-4470-af9a-6ff575d32704,,mix-dj;performer;remixer;samples from artist,performer,,,1996-01-01,1996-01-01,0,-0.9534887646260604,0,-0.884696928694529,0.0,-0.27147504601238254
1b9ac64d-680f-45c1-93af-fde816cf8091,Russ Titelman,writer,writer,,,1964-01-01,1964-01-01,1,-0.4376820413677751,2,-0.5407706912441482,0.0,-0.27147504601238254
24845bf0-2140-4ca2-92bb-de817ac96268,Nicola Roberts,writer,writer,,,2012-01-01,2012-01-01,1,-0.4376820413677751,12,1.1788604960077556,0.0,-0.27147504601238254
21551f7d-93f2-4cb7-ba71-7f260058e923,Christine McVie,composer;lyricist;writer,writer,,,1977-01-01,1982-01-01,2,0.07812468189051006,6,0.1470817836566133,4.999,0.30759872633675334
30e036b2-8674-472d-82bf-2b869ad28d99,Jenna Johnson,composer;lyricist,writer,,,2025-04-04,2025-04-04,1,-0.4376820413677751,5,-0.024881335068577065,0.0,-0.27147504601238254
5860586a-2e79-4c24-b041-c087ee051470,Nate Cyphert,composer;lyricist,writer,,,2024-02-09,2024-02-09,1,-0.4376820413677751,9,0.6629711398321845,0.0,-0.27147504601238254
6f1de078-6684-4792-820d-2ffad64c15ed,,phonographic copyright;remixer,other,,,1969-01-01,1970-12-11,0,-0.9534887646260604,0,-0.884696928694529,1.941,-0.046633639305106514
f37b3f31-b1f8-4b88-8cb5-b34f709b17d7,Iggy Pop,composer;lyricist;writer,writer,rock,rock,1969-01-01,1977-01-01,6,2.1413515749236507,10,0.8349342585573748,8.0,0.6552283304215217
859d0860-d480-4efd-970c-c05d5f1776b8,Beyoncé,arranger;choreographer;composer;editor;instrument;instrument arranger;lyricist;misc;mix;performer;phonographic copyright;producer;programming;sound effects;video appearance;video director;vocal;vocal arranger;writer,writer,lovers rock;multiple iswc;rock;rocksteady;roots reggae,lovers rock,1968-01-01,2019-07-19,8,3.172965021440221,25,3.4143810394352303,51.546,5.699506484195371
bcfff8eb-3a09-4053-a6b7-76aed86f2ac5,Roy C. Hammond,writer,writer,,,2012-01-01,2012-01-01,1,-0.4376820413677751,8,0.4910080211069941,0.0,-0.27147504601238254
c0a1179b-b14a-4d68-a3c1-1fdab16ed602,Common,composer,writer,,,2007-01-01,2007-01-01,1,-0.4376820413677751,3,-0.36880757251895785,0.0,-0.27147504601238254
fb56cc34-2ab1-4621-ac18-9bf2895e5f4f,Graham Coxon,composer;lyricist;writer,writer,,,1997-01-01,2012-06-25,7,2.657158298181936,9,0.6629711398321845,15.48,1.5216959873872222
c9900c10-fe1d-497e-9484-60c03e756992,Atu,writer,writer,,,2019-03-08,2019-03-08,1,-0.4376820413677751,4,-0.19684445379376744,0.0,-0.27147504601238254
3ecdd624-0fa0-4dfe-9498-5a4801724d3b,Tom Kelly,writer,writer,,,1984-01-01,1986-01-01,2,0.07812468189051006,3,-0.36880757251895785,2.001,-0.03968336398185225
afb680f2-b6eb-4cd7-a70b-a63b25c763d5,Bruno Mars,composer;instrument;performer;producer;programming;video appearance;video director;vocal;writer,writer,anti war;funk;new jack swing;pop;r&b;reggae-pop,anti war,2009-01-01,2018-09-13,7,2.657158298181936,17,2.0386760896337077,9.697,0.8518052841475635
7cf0ea9d-86b9-4dad-ba9e-2355a64899ea,M.I.A.,composer;creative direction;lyricist;mix;performer;producer;video director;vocal;vocal arranger;writer,writer,,,1982-01-01,1982-01-01,1,-0.4376820413677751,2,-0.5407706912441482,0.0,-0.27147504601238254
f136771b-40e2-4f5c-936c-bcb478b18c34,Al Greenwood,writer,writer,,,1977-01-01,1977-01-01,1,-0.4376820413677751,1,-0.7127338099693385,0.0,-0.27147504601238254
b9545342-1e6d-4dae-84ac-013374ad8d7c,IU,arranger;composer;lyricist;performer;vocal;writer,writer,,,1984-07-20,1984-07-20,1,-0.4376820413677751,2,-0.5407706912441482,0.0,-0.27147504601238254
3b4e8a00-22d2-4451-87a7-c1a0454d5bbc,BLSSD,writer,writer,contemporary r&b;electronic;funk;hip hop;pop;soul;synth-pop;synthwave,contemporary r&b,2024-01-01,2024-01-01,1,-0.4376820413677751,10,0.8349342585573748,0.0,-0.27147504601238254
59d6cea7-3771-4ce6-8c02-395ac5ba927a,YNW Melly,lyricist;writer,writer,,,2018-06-01,2019-11-22,3,0.5939314051487953,7,0.3190449023818037,1.476,-0.1004982730603272
a4103168-a041-4008-aee2-fa64096d9d47,Dave Hall,composer;writer,writer,,,1995-01-01,2015-07-30,2,0.07812468189051006,11,1.0068973772825651,20.575,2.1118902002535647
e9946500-8638-48bf-a130-8e2a291d03b2,HAZE,writer,writer,,,2020-01-01,2020-01-01,1,-0.4376820413677751,3,-0.36880757251895785,0.0,-0.27147504601238254
9787f0a2-f657-4210-a630-131efd6f2a9d,Detail,writer,writer,,,2013-01-01,2013-01-01,1,-0.4376820413677751,7,0.3190449023818037,0.0,-0.27147504601238254
d8e41375-bd8d-4e39-9da7-f0c171e97086,Grouplove,composer;remixer;writer,writer,dream pop;indie rock;lo-fi;pop;rock,dream pop,1964-01-01,1966-01-01,2,0.07812468189051006,4,-0.19684445379376744,2.001,-0.03968336398185225
c2865da9-f277-4396-815c-e92525e36997,Nestor Chumak,writer,writer,,,2019-02-27,2019-02-27,1,-0.4376820413677751,4,-0.19684445379376744,0.0,-0.27147504601238254
bca46a0c-25c9-42ca-98c2-e64c8a5e337e,Fred again..,composer;engineer;instrument;instrument arranger;lyricist;mix;mix-dj;performer;phonographic copyright;producer;programming;recording;remixer;vocal;writer,writer,,,2014-04-28,2021-01-01,6,2.1413515749236507,14,1.5227867334581364,6.68,0.5023222733099275
79f083f8-b24b-457f-80c2-122fc8f2908d,St. Louis Jimmy Oden,composer;lyricist,writer,blues;blues rock;modern electric blues,blues,1941-01-01,1941-01-01,1,-0.4376820413677751,0,-0.884696928694529,0.0,-0.27147504601238254
52a5221c-b206-4372-812c-70426e58aa1e,Hurt‐M‐Badd,writer,writer,,,2013-01-01,2013-01-01,1,-0.4376820413677751,11,1.0068973772825651,0.0,-0.27147504601238254
6298cc0a-0e42-484d-af50-c431df6465d2,Joel Grind,composer;lyricist,writer,,,2003-01-01,2003-01-01,1,-0.4376820413677751,1,-0.7127338099693385,0.0,-0.27147504601238254
6caccdc6-5cf9-4634-a676-2f607629e837,David Colquit,writer,writer,cloud rap;hip hop;rap,cloud rap,2015-05-26,2015-05-26,1,-0.4376820413677751,6,0.1470817836566133,0.0,-0.27147504601238254
0d212894-db54-4cc1-9ded-3cac50183a1d,Bon Scott,composer;lyricist;writer,writer,hard rock,hard rock,1979-01-01,1979-01-01,3,0.5939314051487953,3,-0.36880757251895785,0.0,-0.27147504601238254
688178e7-2308-4e8c-8e6d-66a025f895fb,Mirwais,writer,writer,,,2000-01-01,2000-01-01,4,1.1097381284070802,2,-0.5407706912441482,0.0,-0.27147504601238254
6f8f3635-3ee0-4c43-b8c2-ef7cf6615959,James Gutch,writer,writer,,,2021-01-01,2021-01-01,1,-0.4376820413677751,7,0.3190449023818037,0.0,-0.27147504601238254
25b7b584-d952-4662-a8b9-dd8cdfbfeb64,A$AP Rocky,composer;lyricist;performer;producer;remixer;video director;vocal;writer,writer,cloud rap;hip hop;rap,cloud rap,1964-01-01,2017-01-01,6,2.1413515749236507,29,4.102233514335992,53.002,5.8681664987063415
e7c8472a-a21d-4fef-a73f-8ce730d02ed3,Hugo Pierre Leclercq,composer,writer,,,2012-01-01,2012-01-01,2,0.07812468189051006,2,-0.5407706912441482,0.0,-0.27147504601238254
068b6c09-e30f-4df4-ae12-9da76f8c50a0,Ed Smidt,writer,writer,,,1994-01-01,1994-01-01,2,0.07812468189051006,2,-0.5407706912441482,0.0,-0.27147504601238254
e5963d26-01fa-40f5-b200-e0127f410a45,Harry Nilsson,composer;lyricist,writer,,,1969-01-01,1971-11-01,2,0.07812468189051006,1,-0.7127338099693385,2.831,0.05646211132316532
56658e8b-5635-4278-bbc8-a532d5a0d4a3,ANTIK,composer;lyricist,writer,,,2020-09-16,2020-09-16,1,-0.4376820413677751,6,0.1470817836566133,0.0,-0.27147504601238254
69ee3720-a7cb-4402-b48d-a02c366f2bcf,The Cure,engineer;mix;producer;samples from artist,performer,,,1967-01-01,1967-01-01,1,-0.4376820413677751,0,-0.884696928694529,0.0,-0.27147504601238254
47ab22b9-95cb-4920-aa54-7756113e69f7,Brenda Russell,writer,writer,,,2013-01-01,2013-01-01,1,-0.4376820413677751,12,1.1788604960077556,0.0,-0.27147504601238254
bd53f9a7-8be9-46b0-bf7d-1deea3cb57bc,Robert Plant,lyricist;writer,writer,blues rock;classic rock;hard rock;ripoff;rock,blues rock,1969-01-01,1973-01-01,10,4.204578467956791,12,1.1788604960077556,4.0,0.19187664220456957
f032428d-9454-4044-a83c-9a34cbfa6244,Mike Love,composer;lyricist,writer,,,1966-01-01,1972-01-01,3,0.5939314051487953,4,-0.19684445379376744,5.999,0.4234366483909914
8452765c-bda8-4509-a869-b82f16006ad2,Carla Marie Williams,writer,writer,,,2012-01-01,2012-01-01,1,-0.4376820413677751,12,1.1788604960077556,0.0,-0.27147504601238254
2ddf7a90-4f47-46b4-8ecc-a9743a1ab37b,,performer,performer,estelle;steven universe,estelle,2015-01-24,2017-06-02,0,-0.9534887646260604,0,-0.884696928694529,2.355,0.001323260425348023
83cf2a60-3970-445a-bfef-3fdbe2a75f8a,Stuart Matthewman,composer,writer,acoustic;alternative rock;art rock;britpop;classic rock;contemporary r&b;funk;hip hop;indie rock;pop;r&b;rock;soul;stoner rock;swing,acoustic,1992-01-01,2000-01-01,6,2.1413515749236507,5,-0.024881335068577065,8.0,0.6552283304215217
eb811bf7-4c99-4781-84c0-10ba6b8e33b3,Carl Falk,writer,writer,,,2011-01-01,2011-01-01,1,-0.4376820413677751,2,-0.5407706912441482,0.0,-0.27147504601238254
b9472588-93f3-4922-a1a2-74082cdf9ce8,Panic! at the Disco,performer;producer;recording;samples from artist,performer,,,1975-01-01,1977-01-01,2,0.07812468189051006,0,-0.884696928694529,2.001,-0.03968336398185225
bfcfa07d-da17-447c-9cef-58fee9338791,June James,writer,writer,,,2018-08-03,2018-08-03,1,-0.4376820413677751,5,-0.024881335068577065,0.0,-0.27147504601238254
041cb26b-26fc-4816-88e7-27aac49c79d1,Reverend G.I. Townsel,writer,writer,,,2012-01-01,2012-01-01,1,-0.4376820413677751,12,1.1788604960077556,0.0,-0.27147504601238254
1f9df192-a621-4f54-8850-2c5373b7eac9,Ludwig van Beethoven,composer,writer,,,1949-01-01,1949-01-01,1,-0.4376820413677751,0,-0.884696928694529,0.0,-0.27147504601238254
9854d99f-d954-4c0f-9ae5-58a0cdd885f5,Crowded House,producer,production,ripped off,ripped off,1963-01-01,1963-01-01,1,-0.4376820413677751,0,-0.884696928694529,0.0,-0.27147504601238254
f9c65c80-b503-400b-9e46-9c74c8267c51,dwilly,writer,writer,,,2023-08-04,2023-08-04,1,-0.4376820413677751,3,-0.36880757251895785,0.0,-0.27147504601238254
1cd913a1-5641-4b2a-9624-a0417914e3e7,No I.D.,composer,writer,,,2008-01-01,2009-09-08,2,0.07812468189051006,9,0.6629711398321845,1.687,-0.07605647150688297
ff89badb-6553-4a10-85fe-0e1287950a27,Justin Bryant,writer,writer,,,2019-07-05,2019-07-05,1,-0.4376820413677751,7,0.3190449023818037,0.0,-0.27147504601238254
8ce77888-cd3b-4014-b710-88f83ec93633,MAX,writer,writer,,,2022-09-09,2022-09-09,1,-0.4376820413677751,1,-0.7127338099693385,0.0,-0.27147504601238254
2fc6a88a-ed26-479a-9cd8-355830653062,Tina Weymouth,composer;lyricist,writer,,,1983-01-01,1995-01-01,4,1.1097381284070802,9,0.6629711398321845,12.0,1.1185800186384738
924572a3-8ea4-4d4a-8a79-af61884cc7fb,Devon Bell,writer,writer,,,2015-08-08,2015-08-08,1,-0.4376820413677751,9,0.6629711398321845,0.0,-0.27147504601238254
c0daae21-ec2a-4dd0-a323-4f53f5945d04,,remixer,other,,,2013-08-24,2013-08-24,0,-0.9534887646260604,0,-0.884696928694529,0.0,-0.27147504601238254
094e4ef3-cdcf-4111-bb2e-7fe672c7ae81,Richard B. Smith,lyricist,writer,alternative rock;britpop;christmas;christmas music;contemporary r&b;funk;hip hop;holiday;jazz;pop;r&b;rock;soul;swing,alternative rock,1934-01-01,1934-01-01,1,-0.4376820413677751,2,-0.5407706912441482,0.0,-0.27147504601238254
1595addf-f76b-450a-a097-af852ff35f27,Nujabes,composer;editor;mix;mix-dj;performer;producer;recording;remixer,writer,,,2003-08-21,2003-08-21,5,1.6255448516653654,6,0.1470817836566133,0.0,-0.27147504601238254
b3af279a-050e-48d8-ae16-bda20fc04680,Dexter Randell,writer,writer,,,2017-01-01,2017-01-01,1,-0.4376820413677751,4,-0.19684445379376744,0.0,-0.27147504601238254
54cf21b1-9a02-4a75-a029-3a66db21c545,Simon Raymonde,writer,writer,,,1984-10-01,1984-10-01,1,-0.4376820413677751,3,-0.36880757251895785,0.0,-0.27147504601238254
d262ea27-3ffe-40f7-b922-85c42d625e67,Pitbull,arranger;composer;lyricist;performer;producer;remixer;video appearance;vocal;writer,writer,,,1979-01-01,1979-01-01,1,-0.4376820413677751,2,-0.5407706912441482,0.0,-0.27147504601238254
4475c6a5-00af-4b4d-90aa-25d460b7ae48,Bill Bottrell,composer;lyricist,writer,,,1991-01-01,1991-01-01,1,-0.4376820413677751,2,-0.5407706912441482,0.0,-0.27147504601238254
03ea7e10-0b02-4437-8846-82ab2335e057,Maxim,writer,writer,,,1996-01-01,1996-01-01,1,-0.4376820413677751,2,-0.5407706912441482,0.0,-0.27147504601238254
3e6fba36-756a-4b9b-80cf-31adcdd17072,박지원,lyricist,writer,,,2020-09-16,2020-09-16,1,-0.4376820413677751,5,-0.024881335068577065,0.0,-0.27147504601238254
65380f7e-cb7a-4594-ae44-28ff55160746,Paul Epworth,composer;lyricist;writer,writer,angry;anthemic;anxious;bittersweet;blue-eyed soul;breakup;energetic;female vocals;longing;melodic;passionate;pop soul;rhythmic;sentimental;serious,angry,2010-01-01,2011-01-01,2,0.07812468189051006,3,-0.36880757251895785,0.999,-0.15575296188019871
dcad99e7-3c3e-4c78-bf8a-68203e17da48,Jeezy,composer;lyricist,writer,,,2008-01-01,2008-01-01,1,-0.4376820413677751,9,0.6629711398321845,0.0,-0.27147504601238254
bf328740-beaf-4110-88d8-d1ca659d9d15,Jasper Harris,writer,writer,,,2023-11-18,2023-11-18,1,-0.4376820413677751,14,1.5227867334581364,0.0,-0.27147504601238254
efc5c6cb-7720-49b1-9dba-c9f2fc298960,Chris Graham,writer,writer,,,2024-03-08,2024-03-08,1,-0.4376820413677751,2,-0.5407706912441482,0.0,-0.27147504601238254
c20b5d5f-9dc5-4b96-b76f-bdd043451db9,Maewa Kaihau,lyricist,writer,,,1947-01-01,1947-01-01,1,-0.4376820413677751,2,-0.5407706912441482,0.0,-0.27147504601238254
ac3a43db-8437-44c5-b8b8-740a7211dde9,Rob Hyman,writer,writer,,,1959-01-01,1959-01-01,1,-0.4376820413677751,1,-0.7127338099693385,0.0,-0.27147504601238254
78898501-187f-4f3d-bff1-cf465c14de21,Nutville,composer;lyricist,writer,,,1992-01-01,1992-01-01,1,-0.4376820413677751,1,-0.7127338099693385,0.0,-0.27147504601238254
3ccd2160-2d09-4835-8782-0aa68faa278e,Alex Lifeson,composer,writer,,,1981-01-01,1981-01-01,1,-0.4376820413677751,3,-0.36880757251895785,0.0,-0.27147504601238254
f0602f55-1770-483d-89bd-4bae0d0ac086,Jennifer Lopez,composer;lyricist;performer;producer;video appearance;vocal;writer,writer,,,2000-01-01,2001-01-01,5,1.6255448516653654,19,2.382602327084088,1.002,-0.15540544811403603
f8200cea-b5e9-4145-b5a5-1d0838f2c288,Guy Picciotto,composer;writer,writer,,,1987-09-03,1989-12-01,4,1.1097381284070802,4,-0.19684445379376744,2.245,-0.011418911000618145
56505b4e-efa3-4721-853f-20dcdebe4431,Gaby Music,writer,writer,,,2018-01-01,2018-01-01,1,-0.4376820413677751,8,0.4910080211069941,0.0,-0.27147504601238254
6868834a-83b8-4fbe-878e-0d84395726f2,Nick Lee,writer,writer,,,2021-01-01,2021-01-01,1,-0.4376820413677751,5,-0.024881335068577065,0.0,-0.27147504601238254
5d02f264-e225-41ff-83f7-d9b1f0b1874a,Simon & Garfunkel,arranger;lyricist;performer;producer;video appearance;writer,writer,ripped off,ripped off,1969-01-01,1970-09-19,4,1.1097381284070802,2,-0.5407706912441482,1.714,-0.07292884761141856
2bfdb8f3-5688-4a85-9f84-88f5e840e485,Kobe Hood,writer,writer,contemporary r&b;electronic;funk;hip hop;pop;soul;synth-pop;synthwave,contemporary r&b,2024-01-01,2024-01-01,1,-0.4376820413677751,10,0.8349342585573748,0.0,-0.27147504601238254
598ec1f8-fddf-4be4-aa68-fe7de35a6afc,Max Herre,lyricist,writer,,,2006-01-01,2006-01-01,1,-0.4376820413677751,6,0.1470817836566133,0.0,-0.27147504601238254
ed5d9086-e8cd-473a-b96c-d81ad6c98f0d,LMFAO,mix;performer;producer;programming;remixer;vocal,performer,,,1985-01-01,1985-01-01,1,-0.4376820413677751,0,-0.884696928694529,0.0,-0.27147504601238254
8ddf3da1-dfa9-490a-93cc-7d4072319995,Barrington Levy,writer,writer,,,2012-01-01,2012-01-01,1,-0.4376820413677751,12,1.1788604960077556,0.0,-0.27147504601238254
1a43e9d1-9767-4e2c-893a-65f43e5b8561,Mason Levy,writer,writer,,,2012-01-01,2012-01-01,1,-0.4376820413677751,4,-0.19684445379376744,0.0,-0.27147504601238254
9c102db7-a04d-4530-a83c-4cd169b99f68,Randy Bachman,writer,writer,,,1965-01-01,1965-01-01,1,-0.4376820413677751,4,-0.19684445379376744,0.0,-0.27147504601238254
5e652056-eacd-471d-96d8-636ecd73829c,Ludvig Söderberg,composer,writer,,,2017-06-01,2017-06-01,1,-0.4376820413677751,4,-0.19684445379376744,0.0,-0.27147504601238254
db1a36ef-fa59-48a6-a2d6-d6da432fdca4,Nio García,writer,writer,,,2018-04-13,2018-04-13,1,-0.4376820413677751,3,-0.36880757251895785,0.0,-0.27147504601238254
88795ca5-5bef-4253-ae0e-79a5d00e0388,Graham Gouldman,composer;lyricist,writer,multiple iswc,multiple iswc,1966-01-01,1966-01-01,1,-0.4376820413677751,1,-0.7127338099693385,0.0,-0.27147504601238254
b0eacf92-511b-4566-b72b-a5fed2526d73,Lili Trifilio,writer,writer,,,2018-08-10,2020-02-14,3,0.5939314051487953,4,-0.19684445379376744,1.514,-0.09609643202226616
82856c21-c448-4432-bc79-97009b7eb853,Adam Jones,writer,writer,,,1991-01-01,1993-01-01,3,0.5939314051487953,4,-0.19684445379376744,2.001,-0.03968336398185225
100b8734-f4f0-4536-9960-47f7c59d1b4c,Gunna,composer;lyricist;performer;vocal;writer,writer,,,2018-05-18,2018-10-05,5,1.6255448516653654,10,0.8349342585573748,0.383,-0.22710912186560936
1355d559-f13f-4c78-a7a8-02b6d747d94e,Lou Gramm,writer,writer,,,1977-01-01,1977-01-01,1,-0.4376820413677751,2,-0.5407706912441482,0.0,-0.27147504601238254
830e5c4e-6b7d-431d-86ab-00c751281dc5,5 Seconds of Summer,performer;phonographic copyright;vocal,performer,,,1974-01-01,1974-01-01,1,-0.4376820413677751,0,-0.884696928694529,0.0,-0.27147504601238254
0eb89e0b-adee-4175-b1f0-55a3531937be,Mauro Picotto,writer,writer,,,2000-01-01,2000-01-01,1,-0.4376820413677751,4,-0.19684445379376744,0.0,-0.27147504601238254
0307edfc-437c-4b48-8700-80680e66a228,Whitney Houston,performer;producer;samples from artist;vocal;vocal arranger;writer,writer,ballad,ballad,1974-01-01,1974-01-01,1,-0.4376820413677751,1,-0.7127338099693385,0.0,-0.27147504601238254
002a647a-faf8-4135-9e22-2087aa0d7078,Tamir Regev,writer,writer,,,2004-05-21,2004-05-21,1,-0.4376820413677751,1,-0.7127338099693385,0.0,-0.27147504601238254
43b896c5-5652-4b04-bde1-2e4224bc99b3,Lola Young,instrument;producer;vocal;writer,writer,christmas;christmas music;electronic;holiday;pop;synth-pop,christmas,1984-01-01,1985-01-01,3,0.5939314051487953,3,-0.36880757251895785,1.002,-0.15540544811403603
12718e0c-546e-45f7-ae86-9dbaa65797d2,Paul Herman,writer,writer,conscious hip hop;hip hop,conscious hip hop,2000-01-01,2000-01-01,1,-0.4376820413677751,3,-0.36880757251895785,0.0,-0.27147504601238254
c47284ed-a62a-4776-a468-6dec83ef1b32,Nicholas Petricca,lyricist,writer,,,2012-01-01,2012-01-01,1,-0.4376820413677751,2,-0.5407706912441482,0.0,-0.27147504601238254
8a78b436-b2c4-4391-bc48-8fc87232e5dc,Mathew Knowles,writer,writer,,,2001-01-01,2001-01-01,1,-0.4376820413677751,3,-0.36880757251895785,0.0,-0.27147504601238254
52074ba6-e495-4ef3-9bb4-0703888a9f68,Arcade Fire,arranger;composer;lyricist;mix;performer;producer;recording;remixer;video appearance;writer,writer,jazz;pop,jazz,1971-12-01,1972-01-01,2,0.07812468189051006,1,-0.7127338099693385,0.085,-0.2616288226377723
fe8fd37a-09d7-48f7-b1ac-1ccfa6b4170e,William Katz,composer,writer,,,1965-03-01,1965-03-01,1,-0.4376820413677751,1,-0.7127338099693385,0.0,-0.27147504601238254
9c89b36c-9d3c-4f7a-8437-230b935b7c6a,Kevin Cronin,composer;lyricist,writer,rock;soft rock,rock,1980-01-01,1980-01-01,1,-0.4376820413677751,0,-0.884696928694529,0.0,-0.27147504601238254
92b92658-d411-4d36-a0c3-ce3d415bcec5,Gordon Chambers,writer,writer,,,2015-07-30,2015-07-30,1,-0.4376820413677751,5,-0.024881335068577065,0.0,-0.27147504601238254
0a82fd0c-18aa-4410-b12a-6cb0f1507cde,Johnny Marks,composer;lyricist,writer,jasrac-no-iswc,jasrac-no-iswc,1982-11-05,1982-11-05,1,-0.4376820413677751,0,-0.884696928694529,0.0,-0.27147504601238254
8f64d6ea-3f6c-408c-b2e0-e5334b28dae9,Panchiko,writer,writer,,,1986-09-25,1986-09-25,1,-0.4376820413677751,1,-0.7127338099693385,0.0,-0.27147504601238254
16a43d5e-c52d-4eaa-9c3b-00b2c1d8e816,Skillet,writer,writer,,,2006-10-03,2009-01-01,4,1.1097381284070802,2,-0.5407706912441482,2.248,-0.011071397234455419
ece1c3c8-b16f-49f0-9c60-eb3029e929a9,Ollie Jones,composer,writer,,,1965-03-01,1965-03-01,1,-0.4376820413677751,1,-0.7127338099693385,0.0,-0.27147504601238254
fac55e3c-d459-45ed-9f9f-f5078d3b3423,C418,arranger;composer;instrument;instrument arranger;lyricist;phonographic copyright;producer;programming;remixer;samples from artist;sound;sound effects;vocal,writer,electronic;game soundtrack;minecraft;soundtrack,electronic,2010-10-27,2012-04-20,5,1.6255448516653654,4,-0.19684445379376744,1.481,-0.099919083450056
539a6364-1b25-4723-85fd-89fd6dfa51b9,Ricky Gardiner,composer,writer,rock,rock,1977-01-01,1977-01-01,2,0.07812468189051006,3,-0.36880757251895785,0.0,-0.27147504601238254
86e2e2ad-6d1b-44fd-9463-b6683718a1cc,Jean‐Michel Jarre,composer,writer,,,1984-01-01,1984-01-01,1,-0.4376820413677751,1,-0.7127338099693385,0.0,-0.27147504601238254
b02e4ca5-312a-4d2e-b087-30db9d5ec579,Barry Gibb,composer;lyricist;writer,writer,dance;disco;funk;pop;soul,dance,1967-01-01,1977-01-01,3,0.5939314051487953,4,-0.19684445379376744,10.001,0.887020012452052
89d4a76a-d8d4-4600-ac9e-19415320b7f4,방찬,composer;lyricist,writer,,,2018-01-01,2018-01-01,1,-0.4376820413677751,1,-0.7127338099693385,0.0,-0.27147504601238254
b4011cea-1bc4-445d-9f4c-a17eb3bbbed4,Maarten Hoogstraten,composer;writer,writer,,,2008-01-01,2008-01-01,1,-0.4376820413677751,5,-0.024881335068577065,0.0,-0.27147504601238254
5518f8a7-a33f-415c-a175-a95dd2c855f6,노주환,writer,writer,,,2024-03-25,2024-03-25,1,-0.4376820413677751,10,0.8349342585573748,0.0,-0.27147504601238254
329b4e2f-b2b9-4fbf-ba47-4e3676f84bf0,Ellington Jordan,composer,writer,,,1967-01-01,1967-01-01,1,-0.4376820413677751,2,-0.5407706912441482,0.0,-0.27147504601238254
9176a2e5-ffb2-4d56-aecc-fdf1ad5d6994,ILYA,writer,writer,christmas music,christmas music,2014-01-01,2014-01-01,2,0.07812468189051006,6,0.1470817836566133,0.0,-0.27147504601238254
31bcadcc-e1da-4cad-bec8-2f4f1d41b095,Meek Mill,lyricist;remixer;vocal;writer,writer,,,2011-07-18,2018-11-30,7,2.657158298181936,17,2.0386760896337077,7.37,0.5822504395273518
6de0f914-3e60-4418-be3b-42e0feb6eb4d,Jason Derulo,writer,writer,,,2009-01-01,2009-01-01,2,0.07812468189051006,6,0.1470817836566133,0.0,-0.27147504601238254
384dfb61-c597-4303-97be-667b571041f9,Gregory Hein,writer,writer,,,2021-01-01,2023-01-01,2,0.07812468189051006,12,1.1788604960077556,1.999,-0.0399150398259607
42e52c03-27bb-4545-8924-cabff6fab531,Yip Harburg,lyricist,writer,ballad;bebop;contemporary jazz;funk;jazz;jazz-funk;pop;soul;vocal,ballad,1933-01-01,1939-01-01,2,0.07812468189051006,4,-0.19684445379376744,5.999,0.4234366483909914
5e7ac01f-0a87-4df6-abf3-31a6acb33633,Maejor,writer,writer,,,2012-06-25,2012-06-25,1,-0.4376820413677751,7,0.3190449023818037,0.0,-0.27147504601238254
3bd08e76-bf53-4b16-82ee-63f95ca5cdae,Harold Faltermeyer,writer,writer,,,1979-01-01,1979-01-01,1,-0.4376820413677751,3,-0.36880757251895785,0.0,-0.27147504601238254
d5be5333-4171-427e-8e12-732087c6b78e,Black Eyed Peas,performer;vocal,performer,sub-publish,sub-publish,1973-01-01,1973-01-01,1,-0.4376820413677751,0,-0.884696928694529,0.0,-0.27147504601238254
407d7ae0-c297-491c-bd19-4185e2b12ef2,,phonographic copyright,other,,,1969-01-01,1971-01-01,0,-0.9534887646260604,0,-0.884696928694529,1.999,-0.0399150398259607
a0fc6295-3026-46d4-b978-84da18b34f71,Jake Lawson,writer,writer,,,2023-01-01,2023-01-01,1,-0.4376820413677751,6,0.1470817836566133,0.0,-0.27147504601238254
fd9f268a-89ef-4577-81f4-efebc9517a07,Marvin Hamlisch,writer,writer,hip hop;trap,hip hop,2018-01-01,2018-01-01,1,-0.4376820413677751,16,1.866712970908517,0.0,-0.27147504601238254
76517240-0a0f-4817-862b-3596d578a994,Isaac Hasson,writer,writer,,,2009-01-01,2009-01-01,1,-0.4376820413677751,3,-0.36880757251895785,0.0,-0.27147504601238254
9e5b5efe-fd35-4471-8745-628cb528983e,Allen Lanier,writer,writer,,,1972-01-01,1972-01-01,1,-0.4376820413677751,3,-0.36880757251895785,0.0,-0.27147504601238254
e67ae23b-80ee-4a68-bdd6-6da243f164db,London Cyr,writer,writer,,,2018-08-03,2018-08-03,1,-0.4376820413677751,4,-0.19684445379376744,0.0,-0.27147504601238254
6230a686-dd04-469f-937a-f30095e58fed,Tic Zogson,writer,writer,,,2014-08-06,2014-08-06,1,-0.4376820413677751,2,-0.5407706912441482,0.0,-0.27147504601238254
92885064-c9c3-4f4f-9100-0809548c9ec9,The Matrix,writer,writer,,,2000-10-10,2000-10-10,1,-0.4376820413677751,2,-0.5407706912441482,0.0,-0.27147504601238254
edc4f886-8d54-4908-b013-260bfcb50481,Sidewalks and Skeletons,mix;phonographic copyright;producer;remixer,production,,,1993-07-01,1993-07-01,1,-0.4376820413677751,0,-0.884696928694529,0.0,-0.27147504601238254
5f606b3d-fab7-4d39-bcdb-f5d42edae945,Del Water Gap,engineer;instrument;producer;programming,production,indie folk,indie folk,2024-07-26,2024-07-26,1,-0.4376820413677751,0,-0.884696928694529,0.0,-0.27147504601238254
28782f2b-6ba4-4eb2-9b15-6d11978e1d5b,Turbo,writer,writer,,,2018-08-03,2018-09-12,2,0.07812468189051006,6,0.1470817836566133,0.11,-0.25873287458641636
f1106b17-dcbb-45f6-b938-199ccfab50cc,New Order,arranger;composer;editor;engineer;mix;performer;producer;remixer;writer,writer,,,1980-01-01,1982-01-01,4,1.1097381284070802,5,-0.024881335068577065,2.001,-0.03968336398185225
11953393-76ce-4081-9d36-1891283f5e27,Jonathan “MP” Williams,writer,writer,,,2013-01-11,2013-01-11,1,-0.4376820413677751,8,0.4910080211069941,0.0,-0.27147504601238254
476cc87e-9665-43bb-80ea-7e123390ac64,Kevin Haskins,writer,writer,,,1982-01-01,1982-01-01,1,-0.4376820413677751,4,-0.19684445379376744,0.0,-0.27147504601238254
6e019bc6-5c23-4935-94f0-4a896631d846,Jonas Brothers,performer;producer;vocal;writer,writer,folk;punk;ragtime;rock,folk,1967-01-01,1967-01-01,2,0.07812468189051006,2,-0.5407706912441482,0.0,-0.27147504601238254
d642aa48-79ef-4837-b8df-72ae8a4ecf52,Southside,writer,writer,,,2013-01-01,2018-05-18,4,1.1097381284070802,11,1.0068973772825651,5.374,0.3510379471070926
2849e217-6d97-43d0-b33a-4c580a3d7629,村井邦彦,composer,writer,,,1971-02-05,1971-02-05,1,-0.4376820413677751,1,-0.7127338099693385,0.0,-0.27147504601238254
41c9a213-7975-48ec-bd82-da16f99aa510,Tony Asher,lyricist,writer,,,1966-01-01,1966-01-01,1,-0.4376820413677751,2,-0.5407706912441482,0.0,-0.27147504601238254
e2345fdf-2be7-47c5-a6dd-be64353ad134,Cat Stevens,composer;lyricist,writer,,,1970-01-01,1970-01-01,2,0.07812468189051006,2,-0.5407706912441482,0.0,-0.27147504601238254
926a00d3-2dad-4153-a61f-8a256bfcf8c6,Robbie Patton,composer;lyricist;writer,writer,,,1982-01-01,1982-01-01,1,-0.4376820413677751,1,-0.7127338099693385,0.0,-0.27147504601238254
fcde0346-8615-499b-8f25-c45b3fa92228,DOCSKIM,composer,writer,,,2016-10-10,2016-10-10,1,-0.4376820413677751,4,-0.19684445379376744,0.0,-0.27147504601238254
0a2bd34d-0cf9-4e34-9854-fd8990977d00,Marilyn Bergman,writer,writer,hip hop;trap,hip hop,2018-01-01,2018-01-01,1,-0.4376820413677751,16,1.866712970908517,0.0,-0.27147504601238254
b201c562-a974-4c73-8bc2-41b204f694a3,Frank Mertens,composer,writer,,,1984-01-01,1984-01-01,1,-0.4376820413677751,3,-0.36880757251895785,0.0,-0.27147504601238254
31445b1e-96f3-4c7f-84ec-dd02e647e690,DJ Snake,writer,writer,,,2015-01-01,2018-01-01,4,1.1097381284070802,23,3.0704548019848494,3.001,0.07615455807238578
c896c760-f766-46fe-8e10-d8d0ac93e02c,"Clint Ballard, Jr.",composer;lyricist,writer,latin;pop rock;soft rock;soul,latin,1963-01-01,1963-01-01,1,-0.4376820413677751,1,-0.7127338099693385,0.0,-0.27147504601238254
526aab94-697f-44a9-b630-41d1c0505953,Lewis Capaldi,composer;instrument;lyricist;producer;vocal;writer,writer,jasrac lost iswc,jasrac lost iswc,1961-01-01,1961-01-01,1,-0.4376820413677751,3,-0.36880757251895785,0.0,-0.27147504601238254
8fd3eaa2-dead-412d-a2fd-23fcf1cca009,Ke’Noe,composer,writer,,,2009-09-08,2009-09-08,1,-0.4376820413677751,6,0.1470817836566133,0.0,-0.27147504601238254
e7b587f7-e678-47c1-81dd-e7bb7855b0f9,Phil Spector,writer,writer,,,1963-01-01,1964-01-01,2,0.07812468189051006,3,-0.36880757251895785,0.999,-0.15575296188019871
ae220349-f608-4cb6-ae49-530cbc7faacf,Sharon Sheeley,composer,writer,,,1965-03-01,1965-03-01,1,-0.4376820413677751,1,-0.7127338099693385,0.0,-0.27147504601238254
a63df8c3-28e4-41db-bac2-c6c6e8ff8f28,Type O Negative,performer;producer,performer,silly name,silly name,1967-01-01,1969-01-01,4,1.1097381284070802,0,-0.884696928694529,2.001,-0.03968336398185225
4cc51547-88ae-49a2-bf7e-0ef65ee7a94c,HIM,arranger;producer,production,,,1970-01-01,1970-01-01,1,-0.4376820413677751,4,-0.19684445379376744,0.0,-0.27147504601238254
a1b61d0f-2333-44f5-afee-cc0c2eab71a4,Maynard James Keenan,writer,writer,,,1991-01-01,1993-01-01,3,0.5939314051487953,4,-0.19684445379376744,2.001,-0.03968336398185225
b4b4c19f-021f-4d3c-b11a-911d4c95cd1b,Jimmy Napes,writer,writer,ascap-no-iswc;ripoff,ascap-no-iswc,2014-01-01,2014-01-01,1,-0.4376820413677751,5,-0.024881335068577065,0.0,-0.27147504601238254
4c671d5a-7027-4398-8055-03e61d1a3967,Cults,performer;producer;remixer,performer,,,2010-02-01,2011-01-01,5,1.6255448516653654,0,-0.884696928694529,0.914,-0.16559918525480896
24b596e5-7da6-49f8-b2d1-ae9083968d1c,Vincent,writer,writer,,,2014-01-01,2014-01-01,1,-0.4376820413677751,8,0.4910080211069941,0.0,-0.27147504601238254
5d1a6e5f-a190-4e26-93bc-51457f179412,MoZella,writer,writer,,,2013-01-01,2013-01-01,1,-0.4376820413677751,3,-0.36880757251895785,0.0,-0.27147504601238254
9181fc7d-a66d-4056-9b85-45d7b1bbaecd,Donte Blaise,writer,writer,,,2025-09-26,2025-09-26,1,-0.4376820413677751,7,0.3190449023818037,0.0,-0.27147504601238254
e8979f75-9110-4df8-ac70-898898d080d1,Maluma,vocal;writer,writer,,,2016-05-27,2018-10-25,4,1.1097381284070802,14,1.5227867334581364,2.412,0.007926021982439583
e0a34d31-bbf2-4f32-b89c-9fb0144b2b5c,Anwar Sawyer,writer,writer,,,2019-12-06,2019-12-06,1,-0.4376820413677751,3,-0.36880757251895785,0.0,-0.27147504601238254
b301026a-00c7-441e-aca7-8b01f6c88d96,Piers Aggett,writer,writer,,,2012-01-01,2012-01-01,1,-0.4376820413677751,5,-0.024881335068577065,0.0,-0.27147504601238254
ede97bcb-181b-4a3a-a939-b2c544193b5f,Eric Bogle,composer;lyricist,writer,,,1977-01-01,1977-01-01,1,-0.4376820413677751,1,-0.7127338099693385,0.0,-0.27147504601238254
7ea95bc8-7c97-4b8c-baf5-f3720bc94b40,Joe Henry,writer,writer,,,2000-01-01,2000-01-01,1,-0.4376820413677751,2,-0.5407706912441482,0.0,-0.27147504601238254
b997f5fa-a728-407f-ba2d-4c43c7d883fd,Luke,writer,writer,,,2012-01-01,2012-01-01,1,-0.4376820413677751,6,0.1470817836566133,0.0,-0.27147504601238254
73e5e69d-3554-40d8-8516-00cb38737a1c,Rihanna,composer;performer;video appearance;vocal;writer,writer,acoustic;folk rock;indie rock;lovers rock;pop;pop rock;reggae;rock,acoustic,1978-01-01,2016-01-01,4,1.1097381284070802,9,0.6629711398321845,37.999,4.130250154126609
6a9e461c-e3c5-4794-a203-98a15daea2df,Cyhi the Prynce,writer,writer,,,2012-01-01,2023-12-15,5,1.6255448516653654,37,5.477938464137515,11.953,1.1131356363019245
766d43ae-74f0-4ce9-af1a-81227742db2e,Joseph Salvatore Tanacredi,writer,writer,,,2024-11-08,2024-11-08,1,-0.4376820413677751,6,0.1470817836566133,0.0,-0.27147504601238254
134150aa-338b-42fe-a0bd-f8e5a86fd1c1,Aaron Jackson,writer,writer,,,2018-01-01,2018-01-01,1,-0.4376820413677751,5,-0.024881335068577065,0.0,-0.27147504601238254
55b83fcc-7f1e-4d2d-a8bf-751152fd9fac,Arthur Hamilton,composer;lyricist,writer,acoustic;bossa nova;latin;mpb;pop rock;rock,acoustic,1955-01-01,1955-01-01,1,-0.4376820413677751,1,-0.7127338099693385,0.0,-0.27147504601238254
901b1b4d-3894-4589-b97e-112092f87d87,Ian McDonald,writer,writer,,,1977-01-01,1977-01-01,1,-0.4376820413677751,2,-0.5407706912441482,0.0,-0.27147504601238254
459d3e59-d857-4ce6-ba53-21ee6575665d,Chad Elliott,composer,writer,,,1999-01-01,1999-01-01,1,-0.4376820413677751,3,-0.36880757251895785,0.0,-0.27147504601238254
2a01113c-4661-45e8-b9f0-9fb393f524b4,Garry Gary Beers,writer,writer,,,1982-01-01,1982-01-01,1,-0.4376820413677751,6,0.1470817836566133,0.0,-0.27147504601238254
e527455c-5f72-4208-b892-22f7271a9305,Just Blaze,composer,writer,,,2005-01-01,2005-01-01,1,-0.4376820413677751,3,-0.36880757251895785,0.0,-0.27147504601238254
bb3882be-ca2e-4a93-b077-0f9792482964,Jeremy Reeves,writer,writer,funk;new jack swing;pop;r&b,funk,2016-01-01,2016-01-01,1,-0.4376820413677751,8,0.4910080211069941,0.0,-0.27147504601238254
074e3847-f67f-49f9-81f1-8c8cea147e8e,Bring Me the Horizon,composer;producer;writer,writer,alternative rock;britpop;indie rock;pop;rock,alternative rock,1995-01-01,1995-01-01,1,-0.4376820413677751,1,-0.7127338099693385,0.0,-0.27147504601238254
155cfd40-dcde-471e-acc0-32179916165c,xaviersobased,performer;producer;remixer;video director;vocal;writer,writer,,,2025-08-01,2025-08-01,5,1.6255448516653654,7,0.3190449023818037,0.0,-0.27147504601238254
63690c53-d0e0-42bf-8c94-b66e195c61d9,Howard Barrett,writer,writer,reggae;rocksteady,reggae,1967-01-01,1967-01-01,1,-0.4376820413677751,2,-0.5407706912441482,0.0,-0.27147504601238254
33960990-c5c1-47dd-9d24-bd83a52d30f4,Eliza Dodd-Noble,writer,writer,,,2012-01-01,2012-01-01,1,-0.4376820413677751,12,1.1788604960077556,0.0,-0.27147504601238254
170ef669-69f0-487f-9700-9896ac966a7f,Jordan Miller,writer,writer,,,2023-09-15,2023-09-15,1,-0.4376820413677751,7,0.3190449023818037,0.0,-0.27147504601238254
536812ce-bfa2-4026-a466-f5cdf1cc8d01,Eyelar Mirzazadeh,composer,writer,,,2016-01-01,2016-01-01,1,-0.4376820413677751,6,0.1470817836566133,0.0,-0.27147504601238254
923e649b-21d3-4b45-b109-50e4978002b6,,remixer,other,heavy metal;rock,heavy metal,1992-01-01,1993-01-01,0,-0.9534887646260604,0,-0.884696928694529,1.002,-0.15540544811403603
2d0a77d3-719f-4301-acbb-9220b953c417,Jason Suwito,writer,writer,,,2024-04-05,2024-04-05,1,-0.4376820413677751,2,-0.5407706912441482,0.0,-0.27147504601238254
73a156a2-816d-4b3c-ae2e-579da4b998bc,Stan Vincent,writer,writer,hip hop,hip hop,1992-01-01,1992-01-01,1,-0.4376820413677751,4,-0.19684445379376744,0.0,-0.27147504601238254
bc710bcf-8815-42cf-bad2-3f1d12246aeb,Nickelback,composer;performer;producer;recording;writer,writer,pop;soft rock,pop,1973-01-01,1973-01-01,1,-0.4376820413677751,2,-0.5407706912441482,0.0,-0.27147504601238254
2f569e60-0a1b-4fb9-95a4-3dc1525d1aad,Backstreet Boys,arranger;performer;vocal,performer,_add works;ballad;bubblegum pop;contemporary r&b;europop;funk;pop;soul,_add works,1998-01-01,2000-01-01,5,1.6255448516653654,5,-0.024881335068577065,1.999,-0.0399150398259607
d1490c44-dccb-48f2-aa1c-9a994f5287d3,Jah Screw,writer,writer,,,2012-01-01,2012-01-01,1,-0.4376820413677751,12,1.1788604960077556,0.0,-0.27147504601238254
29d59d18-89ae-4510-89a3-06105efda32c,John Dawson,composer,writer,,,1970-01-01,1970-01-01,1,-0.4376820413677751,3,-0.36880757251895785,0.0,-0.27147504601238254
c07f0676-9143-4217-8a9f-4c26bd636f13,My Chemical Romance,producer;writer,writer,,,1965-01-01,1965-01-01,1,-0.4376820413677751,1,-0.7127338099693385,0.0,-0.27147504601238254
12a7be61-0a53-4c49-99c1-62fc8e52ffac,KZ,composer;lyricist,writer,,,2020-09-16,2020-09-16,1,-0.4376820413677751,6,0.1470817836566133,0.0,-0.27147504601238254
cb59d750-a055-4603-a6fa-16c76ae4088d,Vato Gonzalez,writer,writer,,,2010-11-01,2010-11-01,1,-0.4376820413677751,3,-0.36880757251895785,0.0,-0.27147504601238254
be46b597-c98e-48d4-af49-aa7c0244c343,JP Keller,writer,writer,,,2012-10-16,2012-10-16,1,-0.4376820413677751,8,0.4910080211069941,0.0,-0.27147504601238254
b46914b9-6289-4f86-ad0f-34147e680d21,Lenny Fridie,writer,writer,,,2013-01-01,2013-01-01,1,-0.4376820413677751,12,1.1788604960077556,0.0,-0.27147504601238254
47cd0173-2278-40b1-9e74-9bd87971cf69,Kesi Dryden,writer,writer,,,2012-01-01,2012-01-01,1,-0.4376820413677751,5,-0.024881335068577065,0.0,-0.27147504601238254
1a1cd7f3-e5df-4eca-bae2-2757c9e656b5,Duran Duran,arranger;composer;engineer;performer;producer;remixer;vocal;writer,writer,psychedelic rock,psychedelic rock,1967-01-01,1985-01-01,3,0.5939314051487953,13,1.350823614732946,18.001,1.8137233888859563
2282c539-05a2-477c-82b7-fe40798d37f3,6ix9ine,lyricist;performer;phonographic copyright;writer,writer,,,2003-01-01,2003-01-01,1,-0.4376820413677751,1,-0.7127338099693385,0.0,-0.27147504601238254
d87e52c5-bb8d-4da8-b941-9f4928627dc8,ABBA,composer;video appearance;writer,writer,disco;downtempo;electronic;europop;pop,disco,1975-01-01,1977-01-01,5,1.6255448516653654,3,-0.36880757251895785,2.001,-0.03968336398185225
69b54f7a-b7c6-4081-98dc-77fdbb2027cc,Mack,writer,writer,,,2013-01-01,2013-01-01,1,-0.4376820413677751,11,1.0068973772825651,0.0,-0.27147504601238254
4dbf5678-7a31-406a-abbe-232f8ac2cd63,Bryan Adams,arranger;compiler;composer;engineer;instrument;instrument arranger;lyricist;misc;mix;performer;producer;video appearance;vocal;writer,writer,,,1962-01-01,1964-01-01,2,0.07812468189051006,2,-0.5407706912441482,1.999,-0.0399150398259607
94c46b35-04a6-416d-8c8b-12df90604158,Monte Moir,writer,writer,,,2016-01-01,2016-01-01,1,-0.4376820413677751,6,0.1470817836566133,0.0,-0.27147504601238254
c563a7dd-4bda-4fa1-840f-0f882849fbc4,McKay Stevens,writer,writer,,,2024-05-31,2024-05-31,1,-0.4376820413677751,4,-0.19684445379376744,0.0,-0.27147504601238254
79f80a4b-d09a-4212-9c22-327d8a8a845f,Cool,writer,writer,,,2019-12-27,2019-12-27,1,-0.4376820413677751,8,0.4910080211069941,0.0,-0.27147504601238254
7ef0b97f-6256-4bec-8c31-f6587f969170,Dominique Marquis Cole,writer,writer,,,2012-01-01,2012-01-01,1,-0.4376820413677751,7,0.3190449023818037,0.0,-0.27147504601238254
11a76588-288c-4862-bf6b-9a6bb0e735f6,Gaspard Augé,composer,writer,,,2023-01-01,2023-01-01,1,-0.4376820413677751,5,-0.024881335068577065,0.0,-0.27147504601238254
7e92584c-ca97-48bf-8a12-0327db0f6ac8,Tainy,arranger;composer;instrument;lyricist;mix;producer;programming;recording;remixer;vocal;writer,writer,,,2007-01-01,2020-05-10,2,0.07812468189051006,6,0.1470817836566133,13.355,1.2755404030219664
1c7a2235-5d08-403b-834a-3f00b7a7736c,Steve Anderson,composer;lyricist,writer,,,1994-01-01,1994-01-01,1,-0.4376820413677751,2,-0.5407706912441482,0.0,-0.27147504601238254
2bee95a7-1c0e-4b3c-99a5-4857d9d776dd,Dayglow,composer;instrument;lyricist;mix;producer;recording;vocal;writer,writer,,,2003-01-01,2003-01-01,1,-0.4376820413677751,2,-0.5407706912441482,0.0,-0.27147504601238254
ce8cda9c-051b-4ab8-ad64-fcf13b80223f,Edgar Machuca,writer,writer,,,2020-05-10,2020-05-10,1,-0.4376820413677751,3,-0.36880757251895785,0.0,-0.27147504601238254
4f9675d2-f6d5-486c-9b26-33dcca998500,Fergie,composer;mix-dj;remixer;writer,writer,,,2002-01-01,2003-12-29,4,1.1097381284070802,3,-0.36880757251895785,1.99,-0.040957581124448854
4122e107-a90c-4ff3-8223-51cf490c022c,Franz Xaver Gruber,composer,writer,ambient;celtic;christmas;christmas carol;christmas music;classical;country;electronic;holiday;language: english;modern classical;neo-classical;pop;vocal,ambient,1928-01-01,1928-01-01,1,-0.4376820413677751,1,-0.7127338099693385,0.0,-0.27147504601238254
42221313-9b45-476a-8414-1166fadfa518,Lucy Healey,composer;lyricist,writer,dance-pop;pop,dance-pop,2025-08-22,2025-08-22,1,-0.4376820413677751,3,-0.36880757251895785,0.0,-0.27147504601238254
d6d45dda-2377-4faa-947b-e071efa085c0,100 gecs,editor;mix-dj;producer;remixer,production,,,1949-01-01,1949-01-01,1,-0.4376820413677751,0,-0.884696928694529,0.0,-0.27147504601238254
ce6a13b9-7d01-4308-811e-fcee6fc53027,Jeremy Monroe,composer;lyricist,writer,,,2000-01-01,2000-01-01,1,-0.4376820413677751,5,-0.024881335068577065,0.0,-0.27147504601238254
ae44193e-8d3c-4f12-81df-c686ecec6c73,DJ Official,writer,writer,hip hop;trap,hip hop,2017-12-22,2017-12-22,1,-0.4376820413677751,6,0.1470817836566133,0.0,-0.27147504601238254
92762a95-0762-4604-b5bf-0d4ff3961de3,Mario Caldato Jr.,writer,writer,,,1998-01-01,1998-01-01,1,-0.4376820413677751,5,-0.024881335068577065,0.0,-0.27147504601238254
7f9a0794-785a-4a2b-90dc-8a265ba05998,René David Cano Ríos,writer,writer,,,2015-01-01,2017-05-26,2,0.07812468189051006,8,0.4910080211069941,2.398,0.0063042910736802755
475506e8-b9e9-4af0-bb11-070bf22bb779,Nichole Gilbert,writer,writer,,,2015-07-30,2015-07-30,1,-0.4376820413677751,5,-0.024881335068577065,0.0,-0.27147504601238254
4744de58-e37d-49cb-bf95-c07a2effe462,Stefan Johnson,writer,writer,,,2018-02-02,2022-07-22,2,0.07812468189051006,13,1.350823614732946,4.465,0.24574127595979026
5e366045-3176-4e42-bc2f-272b319093a5,Bobby Mann,writer,writer,,,2013-01-01,2013-01-01,1,-0.4376820413677751,12,1.1788604960077556,0.0,-0.27147504601238254
59db3d82-86ea-451f-881f-dffc8ec387c9,Metro Boomin,composer;instrument;lyricist;mix;performer;producer;programming;vocal;writer,writer,,,2014-11-09,2018-11-02,7,2.657158298181936,11,1.0068973772825651,3.981,0.18967572168553903
5e645519-a175-4fe0-9a9b-eb9dc9f506b5,Irving Berlin,composer;lyricist,writer,blues;rock,blues,1935-01-01,1948-01-01,2,0.07812468189051006,2,-0.5407706912441482,12.999,1.2343021027706575
e96e95c5-ec1e-41e9-b518-cc63c5ada84e,Jacob Rubeck,writer,writer,,,2013-02-03,2013-02-03,1,-0.4376820413677751,1,-0.7127338099693385,0.0,-0.27147504601238254
c790898c-8e86-470c-88de-3d2c7560db10,Robert Forster,composer,writer,,,1984-01-01,1984-01-01,1,-0.4376820413677751,1,-0.7127338099693385,0.0,-0.27147504601238254
b4d32cff-f19e-455f-86c4-f347d824ca61,Eurythmics,composer;performer;phonographic copyright;producer,writer,electronica;list song;ripoff;rock;southern rock;synth-pop,electronica,1968-01-01,1982-01-01,3,0.5939314051487953,9,0.6629711398321845,14.001,1.3503717006690041
6dee6b6f-aa72-424c-9c8c-0d31ba5ff673,Ashnikko,composer;lyricist;performer;producer;remixer;vocal;writer,writer,christmas,christmas,1955-01-01,1955-01-01,1,-0.4376820413677751,2,-0.5407706912441482,0.0,-0.27147504601238254
673d3a45-5f49-4b5e-9910-4869a613d37f,Frederick Loewe,composer,writer,bebop;jazz,bebop,1947-01-01,1951-01-01,2,0.07812468189051006,2,-0.5407706912441482,4.0,0.19187664220456957
4d5447d7-c61c-4120-ba1b-d7f471d385b9,John Lennon,arranger;composer;dedication;instrument;lyricist;performer;producer;recording;video appearance;video director;vocal;writer,writer,beat;dream pop;easy listening;fusion;indie rock;instrumental;jazz;list song;lo-fi;lovers rock;multiple iswc;pop;pop rock;ripoff;rock;rock and roll;rocksteady;roots reggae;southern rock,beat,1957-01-01,1971-01-01,40,19.678780165705348,29,4.102233514335992,13.999,1.3501400248248956
b7539c32-53e7-4908-bda3-81449c367da6,Lana Del Rey,arranger;composer;editor;instrument;instrument arranger;lyricist;mix;performer;phonographic copyright;producer;video appearance;video director;vocal;vocal arranger;writer,writer,blues;rock,blues,1935-01-01,1935-01-01,1,-0.4376820413677751,0,-0.884696928694529,0.0,-0.27147504601238254
47347cb8-ac34-4916-84b6-d85d4e5e5384,Ferry Corsten,composer;lyricist,writer,,,2001-01-01,2001-01-01,1,-0.4376820413677751,0,-0.884696928694529,0.0,-0.27147504601238254
d8e07579-ff5a-41f2-b7a7-c71880b8287a,d4vd,vocal;writer,writer,,,2011-01-01,2011-01-01,1,-0.4376820413677751,2,-0.5407706912441482,0.0,-0.27147504601238254
aaa4f3af-a639-471b-bceb-ae3f015248c8,김민지,lyricist,writer,,,2016-05-10,2016-05-10,1,-0.4376820413677751,7,0.3190449023818037,0.0,-0.27147504601238254
27613b78-1b9d-4ec3-9db5-fa0743465fdd,Herbie Hancock,composer,writer,,,1979-01-01,1979-01-01,1,-0.4376820413677751,3,-0.36880757251895785,0.0,-0.27147504601238254
03f97204-818e-45e0-b3d5-1108a52789ba,Valerie Simpson,writer,writer,,,1968-08-01,1968-08-01,1,-0.4376820413677751,2,-0.5407706912441482,0.0,-0.27147504601238254
a13b1d65-ccb3-4934-9bec-5a90f7c23386,Oak,writer,writer,,,2005-01-01,2005-01-01,1,-0.4376820413677751,4,-0.19684445379376744,0.0,-0.27147504601238254
fb9b4a46-ffbb-4688-b178-f6f7f07676c3,Chase,writer,writer,,,2012-01-01,2012-01-01,1,-0.4376820413677751,8,0.4910080211069941,0.0,-0.27147504601238254
eb2a70c7-7dab-415a-9546-79b5092f3461,Clarence Satchell,writer,writer,,,2019-04-18,2019-04-18,1,-0.4376820413677751,20,2.5545654458092786,0.0,-0.27147504601238254
5b0b7831-69a2-47aa-9891-de14e58f9ad9,Eliza Enman-McDaniel,writer,writer,,,2023-09-15,2023-09-15,1,-0.4376820413677751,7,0.3190449023818037,0.0,-0.27147504601238254
592d507e-2787-4dcb-8757-d760b7fceabf,Henry Pulman,writer,writer,,,2018-10-11,2018-10-11,1,-0.4376820413677751,9,0.6629711398321845,0.0,-0.27147504601238254
8eaabb17-c046-4899-80ab-37b4058ca773,Status,writer,writer,,,2012-01-01,2012-01-01,1,-0.4376820413677751,8,0.4910080211069941,0.0,-0.27147504601238254
453c9a64-4ff6-4c3b-9621-a73a6574f5be,Guap,writer,writer,,,2019-07-01,2019-07-05,3,0.5939314051487953,20,2.5545654458092786,0.011,-0.2702008288697859
8e68819d-71be-4e7d-b41d-f1df81b01d3f,50 Cent,composer;lyricist;performer;producer;samples from artist;video appearance;video director;vocal;writer,writer,,,1994-01-01,1995-01-01,2,0.07812468189051006,2,-0.5407706912441482,0.999,-0.15575296188019871
8ed919fb-eaee-45a1-ba99-b3ede9ca5f1d,Pierce the Veil,producer,production,,,1976-01-01,1976-01-01,1,-0.4376820413677751,0,-0.884696928694529,0.0,-0.27147504601238254
91b4a2a6-8015-4a4f-81a3-77618f567566,Karen Anderson,composer;lyricist,writer,,,2001-01-01,2001-01-01,1,-0.4376820413677751,7,0.3190449023818037,0.0,-0.27147504601238254
6fda57e7-57ca-4d18-a0a0-2be85e56ec72,Amir Amor,writer,writer,,,2012-01-01,2012-01-01,1,-0.4376820413677751,5,-0.024881335068577065,0.0,-0.27147504601238254
2bd8101a-11c3-42d5-a9bd-6a3b26445f7e,Jon Bellion,writer,writer,,,2021-01-01,2021-01-01,1,-0.4376820413677751,5,-0.024881335068577065,0.0,-0.27147504601238254
309c62ba-7a22-4277-9f67-4a162526d18a,Beck,composer;engineer;instrument;instrument arranger;lyricist;mix;performer;producer;programming;recording;remixer;video appearance;vocal;writer,writer,,,1931-07-01,1931-07-01,1,-0.4376820413677751,1,-0.7127338099693385,0.0,-0.27147504601238254
aadd68b8-de14-4296-b9e8-9713dc1777a8,otxhello,writer,writer,,,2019-03-01,2019-03-01,1,-0.4376820413677751,4,-0.19684445379376744,0.0,-0.27147504601238254
5028a04d-c3b5-428d-9c88-433224bb10ba,Mario Winans,composer;lyricist,writer,,,2001-01-01,2001-01-01,1,-0.4376820413677751,7,0.3190449023818037,0.0,-0.27147504601238254
09887aa7-226e-4ecc-9a0c-02d2ae5777e1,Carly Rae Jepsen,arranger;composer;instrument;lyricist;vocal;writer,writer,folk,folk,1967-01-01,1967-01-01,1,-0.4376820413677751,0,-0.884696928694529,0.0,-0.27147504601238254
d841a2c4-33ce-4980-b715-776fe04e551d,Trouble Trouble,writer,writer,,,2019-03-22,2019-03-22,1,-0.4376820413677751,3,-0.36880757251895785,0.0,-0.27147504601238254
49f4f9bb-e790-42f5-b0da-2802802b10da,Brendon Waters,writer,writer,,,2014-01-01,2014-01-01,1,-0.4376820413677751,6,0.1470817836566133,0.0,-0.27147504601238254
ffadf26a-2593-4eaf-8c5d-a54cbc5aedc5,Patrik Berger,composer;lyricist;writer,writer,ballad;electropop;pop;synth-pop,ballad,2010-01-01,2012-01-01,2,0.07812468189051006,4,-0.19684445379376744,1.999,-0.0399150398259607
b83bc61f-8451-4a5d-8b8e-7e9ed295e822,Elton John,arranger;composer;instrument;lyricist;mix;performer;producer;video appearance;vocal;writer,writer,philly soul;pop;r&b;rock;soft rock,philly soul,1968-01-01,1974-01-01,6,2.1413515749236507,4,-0.19684445379376744,6.001,0.4236683242350999
6b61aa2b-c165-45a9-bb3e-20fc9bfb2aef,Travis Peterson,writer,writer,,,2016-09-02,2016-09-02,1,-0.4376820413677751,7,0.3190449023818037,0.0,-0.27147504601238254
5e6c760b-42e0-4df4-a221-0269355da00a,Dean Martin,performer;video appearance;vocal;writer,writer,,,1933-01-01,1933-01-01,1,-0.4376820413677751,3,-0.36880757251895785,0.0,-0.27147504601238254
16456fed-c9f2-4adf-b6ea-97b648c474d2,Dance Gavin Dance,composer;producer,writer,,,1997-01-01,1997-01-01,1,-0.4376820413677751,1,-0.7127338099693385,0.0,-0.27147504601238254
54e105a9-4515-47e2-8953-9b5f9cdcbf1c,Allee Willis,lyricist;writer,writer,funk;pop;soul,funk,1978-01-01,1979-01-01,2,0.07812468189051006,4,-0.19684445379376744,0.999,-0.15575296188019871
c2d7ec5b-5e41-4820-8478-65a95ad3ae42,3newwordwave,writer,writer,,,2022-07-22,2022-07-22,1,-0.4376820413677751,9,0.6629711398321845,0.0,-0.27147504601238254
06581da7-23ac-4d1c-8dc6-b120b5cfcf0e,Andrés Castro,writer,writer,,,2016-05-27,2016-05-27,1,-0.4376820413677751,3,-0.36880757251895785,0.0,-0.27147504601238254
02913597-19e0-4a3e-ad2b-2df95b5ff76c,Rafinha RSQ,writer,writer,,,2023-11-23,2023-11-23,1,-0.4376820413677751,3,-0.36880757251895785,0.0,-0.27147504601238254
b539bbba-e41a-49b5-a1e2-c2c90c96642c,大川茂伸,composer,writer,,,2005-02-16,2005-02-16,1,-0.4376820413677751,2,-0.5407706912441482,0.0,-0.27147504601238254
a47d580f-fe5b-4c27-ac7d-06e0ceed534f,Al Goodman,composer,writer,,,2009-09-08,2009-09-08,1,-0.4376820413677751,6,0.1470817836566133,0.0,-0.27147504601238254
5e986bb1-9f43-4ed2-bf70-4f43b036e4e4,YoungFyre,writer,writer,,,2022-06-17,2022-06-17,1,-0.4376820413677751,3,-0.36880757251895785,0.0,-0.27147504601238254
46609f05-aac5-4714-9bfd-164b877d3b0a,Elvin Peña,writer,writer,,,2018-10-11,2018-10-11,1,-0.4376820413677751,9,0.6629711398321845,0.0,-0.27147504601238254
f7c6f813-ecc9-4a5d-9b1e-cca33a5a8785,Roselilah,writer,writer,,,2018-12-21,2018-12-21,1,-0.4376820413677751,2,-0.5407706912441482,0.0,-0.27147504601238254
1dce970e-34bc-48b2-ab51-48d87544a4c2,David Gilmour,composer,writer,hardcore;heavy metal;rock;thrash metal,hardcore,1973-01-01,1979-01-01,3,0.5939314051487953,6,0.1470817836566133,5.999,0.4234366483909914
2c0a4632-6ff9-44d1-8932-adbd227d7bbb,The Corporation,composer;lyricist,writer,covered by glee,covered by glee,1969-10-07,1969-10-07,1,-0.4376820413677751,1,-0.7127338099693385,0.0,-0.27147504601238254
2f6f210c-6103-4332-971b-cb3687d3cc28,Felix Bernard,composer,writer,alternative rock;britpop;christmas;christmas music;contemporary r&b;funk;hip hop;holiday;jazz;pop;r&b;rock;soul;swing,alternative rock,1934-01-01,1934-01-01,1,-0.4376820413677751,2,-0.5407706912441482,0.0,-0.27147504601238254
64c1e219-dd5e-435f-99d8-0590e1df996c,Thomas LaRosa,writer,writer,,,2022-02-22,2023-06-30,4,1.1097381284070802,4,-0.19684445379376744,1.35,-0.11509385123916119
e3fd8e3d-df64-43cb-b68e-cf6d65315e4b,Ad‐Rock,writer,writer,,,1989-01-01,1998-01-01,6,2.1413515749236507,13,1.350823614732946,8.999,0.7709504145537055
558302b1-07ae-4be1-9edb-2a2b1f036313,Roger Taylor,composer;lyricist;writer,writer,,,1981-01-01,1984-01-01,2,0.07812468189051006,4,-0.19684445379376744,2.998,0.0758070443062231
888f7e18-2a96-4f2e-8320-08ff4330b442,Kandi,writer,writer,,,1999-01-01,1999-01-01,1,-0.4376820413677751,5,-0.024881335068577065,0.0,-0.27147504601238254
ce55e49a-32f4-4757-9849-bf04d06d5fcc,T‐Pain,composer;lyricist,writer,,,2008-01-01,2008-01-01,1,-0.4376820413677751,9,0.6629711398321845,0.0,-0.27147504601238254
7d7a5fdd-0d04-4c36-8bee-906feeae239c,Damon Albarn,composer;lyricist;writer,writer,,,1997-01-01,2020-10-23,8,3.172965021440221,15,1.6947498521833269,23.808,2.4863942022549166
3838a0c9-920d-4a80-a3c1-2e0ee20d48ae,Roger Christian,writer,writer,,,1964-01-01,1964-01-01,1,-0.4376820413677751,2,-0.5407706912441482,0.0,-0.27147504601238254
e01c3376-15fa-40d7-b747-5f219bdefdd7,Steely Dan,arranger,other,classic rock;jazz;jazz rock;rock,classic rock,1975-01-01,1977-01-01,2,0.07812468189051006,2,-0.5407706912441482,2.001,-0.03968336398185225
74dca2c7-d7dc-4b13-bd17-502a35db042a,Johnny Osbourne,writer,writer,,,1998-01-01,1998-01-01,1,-0.4376820413677751,6,0.1470817836566133,0.0,-0.27147504601238254
d570bb31-b9ca-45a4-a2d9-11b186d9c159,,performer,performer,dance;electronic;synth-pop,dance,1984-01-01,1984-01-01,0,-0.9534887646260604,0,-0.884696928694529,0.0,-0.27147504601238254
8560d4e8-05e2-4c20-980b-ad2db445dd5d,Fitz and the Tantrums,composer;writer,writer,electronica;rock;synth-pop,electronica,1981-01-01,1982-01-01,2,0.07812468189051006,7,0.3190449023818037,0.999,-0.15575296188019871
c3649208-0ebe-449b-b1d7-4bd6c560f109,John Fogerty,composer;lyricist,writer,classic rock;rock,classic rock,1969-01-01,1970-01-01,4,1.1097381284070802,0,-0.884696928694529,0.999,-0.15575296188019871
75e4f8ef-34c3-44fd-8467-88a7d9599f77,Peso Pluma,lyricist;performer,writer,,,2023-02-10,2023-06-30,5,1.6255448516653654,2,-0.5407706912441482,0.383,-0.22710912186560936
ccb8f30e-4d71-40c4-8b1d-846dafe73e2c,George Michael,arranger;composer;instrument;lyricist;performer;producer;programming;video appearance;video director;vocal;writer,writer,christmas;christmas music;dance;easy listening;electronic;holiday;meme;pop;rock;sex music;synth-pop,christmas,1970-01-01,2024-02-09,9,3.688771744698506,10,0.8349342585573748,54.105,5.995935726732166
4b2d00a2-34b3-4a5c-8f22-4eda5c6e8039,Vory,writer,writer,contemporary r&b;trap,contemporary r&b,2015-01-01,2015-01-01,1,-0.4376820413677751,6,0.1470817836566133,0.0,-0.27147504601238254
2997113e-cc84-4a0c-8111-d0648b42b4dc,Kenzie,composer,writer,,,2016-08-27,2016-08-27,2,0.07812468189051006,5,-0.024881335068577065,0.0,-0.27147504601238254
fd9ab0b7-7a45-44ee-9d6c-6ae062d82a0e,DJ Moe Love,writer,writer,,,1996-01-01,1996-01-01,1,-0.4376820413677751,4,-0.19684445379376744,0.0,-0.27147504601238254
3d2bf6b6-23e7-4c7e-aff6-a60536d5bbf4,Nathan Galante,writer,writer,,,2025-09-18,2025-09-18,1,-0.4376820413677751,3,-0.36880757251895785,0.0,-0.27147504601238254
7cc04f00-4c8f-40ea-894c-5f65777b3575,DEV,writer,writer,,,2010-01-01,2010-01-01,1,-0.4376820413677751,6,0.1470817836566133,0.0,-0.27147504601238254
07ab04d4-bdbc-4c93-bfb2-457693a4ff94,Sheck Wes,writer,writer,,,2019-12-27,2019-12-27,1,-0.4376820413677751,5,-0.024881335068577065,0.0,-0.27147504601238254
c981b771-e3d8-4709-bf00-3b3ce479b675,Desmond Child,composer;lyricist;writer,writer,,,1987-01-01,1988-01-01,2,0.07812468189051006,3,-0.36880757251895785,0.999,-0.15575296188019871
8b505ef0-c5a7-4deb-bc32-27c882f3c40e,Brendan Canty,composer;writer,writer,,,1987-09-03,1989-12-01,4,1.1097381284070802,4,-0.19684445379376744,2.245,-0.011418911000618145
2280ca0e-6968-4349-8c36-cb0cbd6ee95f,Jello Biafra,writer,writer,,,1990-01-01,1990-01-01,1,-0.4376820413677751,5,-0.024881335068577065,0.0,-0.27147504601238254
47b4b80b-0cfd-4dfa-98bb-4ca24ba2b418,Grant,writer,writer,,,2023-07-07,2023-07-07,1,-0.4376820413677751,2,-0.5407706912441482,0.0,-0.27147504601238254
0221734a-35a8-40f7-b5c5-2f61a200bc7c,Migos,performer;vocal,performer,,,2013-06-13,2015-01-01,2,0.07812468189051006,0,-0.884696928694529,1.552,-0.09169459098420511
998c3c3c-bbe3-40f0-8c56-0c585598308b,Sandy Pearlman,writer,writer,,,1972-01-01,1972-01-01,3,0.5939314051487953,5,-0.024881335068577065,0.0,-0.27147504601238254
b675f327-4738-4af4-bb83-1adb0003f2d3,Yves Tumor,arranger;composer;lyricist;producer;remixer;vocal;writer,writer,,,2018-07-25,2018-09-05,5,1.6255448516653654,0,-0.884696928694529,0.115,-0.25815368497614516
541f16f5-ad7a-428e-af89-9fa1b16d3c9c,Pantera,arranger;composer;lyricist;mix;performer;producer;writer,writer,ripoff,ripoff,1970-01-01,1971-01-01,4,1.1097381284070802,2,-0.5407706912441482,0.999,-0.15575296188019871
823bf998-ac87-4025-8825-93718fb4e147,Stephan Jenkins,composer;lyricist,writer,,,1997-01-01,1997-01-01,1,-0.4376820413677751,1,-0.7127338099693385,0.0,-0.27147504601238254
a75e7eb4-9be7-466b-8c72-311cd2b2b310,Money Musik,writer,writer,,,2019-03-22,2019-03-22,1,-0.4376820413677751,3,-0.36880757251895785,0.0,-0.27147504601238254
6a7b9d5e-a863-4a90-a056-77942e9f43de,Jeff Mangum,composer;lyricist,writer,,,1998-02-10,1998-02-10,5,1.6255448516653654,0,-0.884696928694529,0.0,-0.27147504601238254
29a7ec52-8155-49fd-8b4f-bbd2cc835f89,Georges Aber,lyricist,writer,,,1963-01-01,1963-01-01,1,-0.4376820413677751,3,-0.36880757251895785,0.0,-0.27147504601238254
8da127cc-c432-418f-b356-ef36210d82ac,TWICE,lyricist;performer;vocal,writer,covered by glee,covered by glee,1969-10-07,1969-10-07,1,-0.4376820413677751,1,-0.7127338099693385,0.0,-0.27147504601238254
d653e0c7-383b-4e16-9d7e-436296b31aca,Clifton Dillon,writer,writer,,,2016-01-01,2016-01-01,1,-0.4376820413677751,15,1.6947498521833269,0.0,-0.27147504601238254
7679f4a7-6fa7-4980-9d0d-bb906efd0418,Howard Lawrence,composer,writer,,,2013-01-01,2013-01-01,1,-0.4376820413677751,2,-0.5407706912441482,0.0,-0.27147504601238254
aa7a2827-f74b-473c-bd79-03d065835cf7,Franz Ferdinand,composer;lyricist;mix;performer;phonographic copyright;producer;recording;vocal,writer,,,1977-01-01,1977-01-01,1,-0.4376820413677751,1,-0.7127338099693385,0.0,-0.27147504601238254
3aebd566-7ff8-4b29-b017-051b6ec55861,Travis Barker,writer,writer,,,2019-06-21,2019-06-21,1,-0.4376820413677751,2,-0.5407706912441482,0.0,-0.27147504601238254
8a184178-86df-4b86-ab58-78c440c313c4,Rob Davis,composer,writer,,,2001-01-01,2001-01-01,1,-0.4376820413677751,1,-0.7127338099693385,0.0,-0.27147504601238254
09d4a85c-4916-4b4e-bc96-c4cfcf371046,米津玄師,arranger;composer;instrument;lyricist;mix;producer;programming;vocal,writer,,,2016-01-01,2017-08-02,5,1.6255448516653654,1,-0.7127338099693385,1.585,-0.08787193955641526
45ff73a4-1478-41b7-a71a-ff86f69336c3,vinnyforgood,writer,writer,,,2023-12-15,2023-12-15,1,-0.4376820413677751,8,0.4910080211069941,0.0,-0.27147504601238254
16b15363-f6fb-4590-be6b-c843ebc7a780,Andrea Remondini,writer,writer,,,2000-01-01,2000-01-01,1,-0.4376820413677751,4,-0.19684445379376744,0.0,-0.27147504601238254
8bfac288-ccc5-448d-9573-c33ea2aa5c30,Red Hot Chili Peppers,mix;performer;producer;video appearance;writer,writer,arena rock;classic rock;pop;pop rock;rock,arena rock,1982-09-01,1982-09-01,1,-0.4376820413677751,4,-0.19684445379376744,0.0,-0.27147504601238254
81d12ca7-5b89-4d21-8736-860b7400b4eb,Baby Keem,composer;lyricist;performer;phonographic copyright;producer;recording;vocal;writer,writer,,,2018-02-09,2019-07-19,3,0.5939314051487953,7,0.3190449023818037,1.437,-0.10501595202044248
606a2d8e-2ac3-494d-bf6c-f903a37fc7ca,Peter Allen,writer,writer,rock,rock,1981-01-01,1981-01-01,1,-0.4376820413677751,4,-0.19684445379376744,0.0,-0.27147504601238254
2a0839df-90d6-426b-88f4-5970e8b0026a,Patrick “j.Que” Smith,writer,writer,hip hop;pop,hip hop,2024-01-01,2024-01-01,2,0.07812468189051006,5,-0.024881335068577065,0.0,-0.27147504601238254
3df11250-a3dc-4e01-8b6c-3fc5b79b4770,신쿵,writer,writer,,,2024-03-25,2024-03-25,1,-0.4376820413677751,10,0.8349342585573748,0.0,-0.27147504601238254
bb9128ab-5786-471f-9839-462e6afa5d16,Jessica Jean Pfeiffer,composer,writer,,,2020-09-16,2020-09-16,1,-0.4376820413677751,5,-0.024881335068577065,0.0,-0.27147504601238254
6e0c7c0e-cba5-4c2c-a652-38f71ef5785d,Lily Allen,composer;instrument;lyricist;phonographic copyright;producer;video appearance;vocal;writer,writer,,,1978-01-01,1978-01-01,1,-0.4376820413677751,2,-0.5407706912441482,0.0,-0.27147504601238254
b13f0288-830a-4ad7-9c60-830f545e5e2b,Rami,writer,writer,,,1999-01-01,2023-01-01,6,2.1413515749236507,17,2.0386760896337077,24.0,2.5086350832893305
8bc0f383-aa4d-42fb-aa03-6981bd449215,Klenard Raphael,writer,writer,hip hop;trap,hip hop,2017-01-01,2017-01-01,1,-0.4376820413677751,5,-0.024881335068577065,0.0,-0.27147504601238254
24dd46e1-a787-47ce-aa5d-d76c72c435e4,Repko,composer,writer,,,2020-02-21,2020-02-21,1,-0.4376820413677751,4,-0.19684445379376744,0.0,-0.27147504601238254
bce172fc-51bb-43f7-9a25-b406a0a581d5,ITZY,performer;vocal,performer,,,1996-01-01,1996-01-01,1,-0.4376820413677751,0,-0.884696928694529,0.0,-0.27147504601238254
60add5d1-45f0-4c49-9c6f-fff71d307996,Jamil Digi Chammas,composer,writer,,,2016-05-10,2016-05-10,1,-0.4376820413677751,7,0.3190449023818037,0.0,-0.27147504601238254
f37c537b-3557-4031-bfd6-ab63ced32854,10cc,arranger;producer;recording,production,fusion;jazz;multiple iswc,fusion,1966-01-01,1966-01-01,2,0.07812468189051006,3,-0.36880757251895785,0.0,-0.27147504601238254
79239441-bfd5-4981-a70c-55c3f15c1287,Madonna,arranger;art direction;composer;instrument;lyricist;mix;performer;producer;remixer;samples from artist;video appearance;vocal;writer,writer,,,2000-01-01,2000-01-01,5,1.6255448516653654,3,-0.36880757251895785,0.0,-0.27147504601238254
5b489ea2-dea2-43c7-a4e5-c373a22d3113,Gdav,writer,writer,,,2019-02-14,2019-02-14,1,-0.4376820413677751,4,-0.19684445379376744,0.0,-0.27147504601238254
1d60f591-29ef-4a47-a27e-228081a30f2b,若井淑,composer,writer,,,2010-11-01,2010-11-01,1,-0.4376820413677751,1,-0.7127338099693385,0.0,-0.27147504601238254
2ce02909-598b-44ef-a456-151ba0a3bd70,Ray Charles,arranger;composer;conductor;instrument;lyricist;performer;producer;recording;translator;video appearance;vocal;writer,writer,easy listening;pop;rock,easy listening,1969-01-01,1971-01-01,3,0.5939314051487953,3,-0.36880757251895785,1.999,-0.0399150398259607
6ce817bd-600d-494d-bd53-2a5f770cf0c6,Mez,writer,writer,,,2019-07-01,2019-07-01,1,-0.4376820413677751,11,1.0068973772825651,0.0,-0.27147504601238254
f15651b5-67ab-43f5-8bb6-5a1138759e9e,Martin “Doc” McKinney,writer,writer,,,2016-01-01,2016-01-01,1,-0.4376820413677751,6,0.1470817836566133,0.0,-0.27147504601238254
e337c918-098f-418e-97a2-81dc224b1bf9,Dominic Fike,composer;instrument;lyricist;producer;recording;vocal;writer,writer,,,2018-10-10,2021-01-01,4,1.1097381284070802,10,0.8349342585573748,2.229,-0.013272317753485956
4c40f65d-57b7-4667-89cd-3069e33ddf8a,Juice Welch,composer;lyricist,writer,,,2022-08-18,2022-10-28,5,1.6255448516653654,3,-0.36880757251895785,0.194,-0.24900248913386036
cab6450e-9786-4e93-a4e9-464d476fbbbd,Dale Warren,writer,writer,,,2018-11-02,2018-11-02,1,-0.4376820413677751,4,-0.19684445379376744,0.0,-0.27147504601238254
1138a764-2212-4d0a-b02d-0dc14df91e08,Akon,arranger;composer;instrument;instrument arranger;lyricist;mix;performer;producer;programming;recording;remixer;video appearance;vocal;writer,writer,,,1971-09-01,2003-01-01,2,0.07812468189051006,2,-0.5407706912441482,31.335,3.3583062415571665
59f06a94-5d1f-48fe-9e73-fa47d15e6fc2,Chris Brown,writer,writer,funk;new jack swing;pop;r&b,funk,2016-01-01,2016-01-01,1,-0.4376820413677751,8,0.4910080211069941,0.0,-0.27147504601238254
8abfaa42-c272-42cb-b7c7-a04e3e9cf668,Bleu,writer,writer,,,2009-01-01,2009-01-01,1,-0.4376820413677751,3,-0.36880757251895785,0.0,-0.27147504601238254
bc70a77e-3964-45b5-9acd-dcf6aeacb11c,Curtis Hudson,writer,writer,,,1983-01-01,1983-01-01,1,-0.4376820413677751,2,-0.5407706912441482,0.0,-0.27147504601238254
fb147b8f-0144-4418-acaa-90b2d9779840,Pete Townshend,composer;lyricist,writer,rock,rock,1966-12-03,1980-01-01,5,1.6255448516653654,2,-0.5407706912441482,13.079,1.2435691365349968
1f272198-9e76-42ad-90ce-543d30a61b8d,"Patrick Chukwuemeka Okogwu, Jr.",composer,writer,,,2011-01-01,2011-01-01,1,-0.4376820413677751,2,-0.5407706912441482,0.0,-0.27147504601238254
68eabc1f-f304-46cb-8015-6f9cb7af33c6,El DeBarge,composer;lyricist,writer,,,2004-01-01,2004-01-01,1,-0.4376820413677751,6,0.1470817836566133,0.0,-0.27147504601238254
3c5fd466-655d-4757-9bd8-f116fbf1445a,Prep Bijan,writer,writer,,,2018-04-27,2018-04-27,1,-0.4376820413677751,4,-0.19684445379376744,0.0,-0.27147504601238254
03ad1736-b7c9-412a-b442-82536d63a5c4,Elliott Smith,composer;engineer;instrument;lyricist;mix;performer;producer;recording;vocal;writer,writer,dream pop;indie rock;lo-fi;pop;rock,dream pop,1966-01-01,1997-01-01,2,0.07812468189051006,1,-0.7127338099693385,31.001,3.3196163755910506
25509e4f-a378-42fc-9be1-192afc3e2cac,John Keuch,writer,writer,,,2024-02-09,2024-02-09,1,-0.4376820413677751,3,-0.36880757251895785,0.0,-0.27147504601238254
2257da02-e5b8-4da0-bff5-1db1673483d1,Charles Nelson Forsberg,composer;lyricist,writer,,,2025-04-04,2025-04-04,1,-0.4376820413677751,5,-0.024881335068577065,0.0,-0.27147504601238254
539fca0f-6739-492a-bf3c-3a420ce4cf6f,Papa Reu,writer,writer,,,2003-01-01,2003-01-01,1,-0.4376820413677751,3,-0.36880757251895785,0.0,-0.27147504601238254
298bda6b-4177-43ed-a21a-dc7d46123801,Lawrence Taylor,writer,writer,,,2019-12-27,2019-12-27,1,-0.4376820413677751,5,-0.024881335068577065,0.0,-0.27147504601238254
7e092d19-6726-4b9a-a879-157065833481,Timmy Thomas,writer,writer,meme,meme,2015-01-12,2015-01-12,1,-0.4376820413677751,3,-0.36880757251895785,0.0,-0.27147504601238254
963e9e5e-4036-4b97-b74e-b97297fe54eb,이슬,lyricist,writer,,,2016-05-10,2016-05-10,1,-0.4376820413677751,7,0.3190449023818037,0.0,-0.27147504601238254
29c11f6b-df9f-454f-964e-75eedadb4a1e,Ian Paice,writer,writer,classic rock;hard rock;rock,classic rock,1970-01-01,1970-01-01,1,-0.4376820413677751,4,-0.19684445379376744,0.0,-0.27147504601238254
a10c8616-cdc3-4fd1-a0fa-bc35a6514168,Ron Asheton,composer;writer,writer,,,1969-01-01,1969-01-01,2,0.07812468189051006,5,-0.024881335068577065,0.0,-0.27147504601238254
53ba7b2d-06c4-432a-81cc-ca7525adfec1,Ariel Rechtshaid,writer,writer,,,2013-09-27,2013-09-27,1,-0.4376820413677751,4,-0.19684445379376744,0.0,-0.27147504601238254
f82f3a3e-29c2-42ca-b589-bc5dc210fa9e,The Kooks,producer;recording,production,hard rock;pop rock;rock;rock and roll,hard rock,1969-01-01,1969-01-01,1,-0.4376820413677751,0,-0.884696928694529,0.0,-0.27147504601238254
04009762-d776-4f8b-807f-53e9f730f5e0,Aryay,writer,writer,hip hop;miami bass,hip hop,2022-04-21,2022-04-21,1,-0.4376820413677751,3,-0.36880757251895785,0.0,-0.27147504601238254
fa7b0a1f-f8c0-435a-a2bd-74dccf7c0055,Jordan Johnson,writer,writer,,,2018-02-02,2022-07-22,2,0.07812468189051006,13,1.350823614732946,4.465,0.24574127595979026
e07d9474-00ea-4460-ac27-88b46b3d976e,blackbear,composer;performer;producer;remixer;vocal;writer,writer,,,2012-01-01,2012-06-25,2,0.07812468189051006,10,0.8349342585573748,0.482,-0.2156411675822398
0b7c2cc8-0276-4b23-a538-746ebe4133ce,Carole Bayer Sager,writer,writer,rock,rock,1981-01-01,1981-01-01,1,-0.4376820413677751,4,-0.19684445379376744,0.0,-0.27147504601238254
594858bd-433e-464c-b571-d0af4d9041fc,Pavan Mukhi,writer,writer,,,2010-11-01,2010-11-01,1,-0.4376820413677751,3,-0.36880757251895785,0.0,-0.27147504601238254
583ceac1-556a-445c-b522-c2b4f9f9272e,김창완,composer,writer,,,1984-07-20,1984-07-20,1,-0.4376820413677751,2,-0.5407706912441482,0.0,-0.27147504601238254
83862818-99d7-4b43-92f3-aec81c633204,Sean Bowie,writer,writer,,,2018-02-23,2018-02-23,1,-0.4376820413677751,1,-0.7127338099693385,0.0,-0.27147504601238254
e7998c31-e46a-4daf-8f01-583fffccda1b,Kate Pierson,composer,writer,,,1978-04-01,1978-04-01,1,-0.4376820413677751,6,0.1470817836566133,0.0,-0.27147504601238254
83886397-adf2-431a-b841-dc4af744a6cc,Guy‐Manuel de Homem‐Christo,writer,writer,_add parody;disco;electronic;house,_add parody,1995-01-01,2000-01-01,7,2.657158298181936,5,-0.024881335068577065,4.999,0.30759872633675334
f8c01287-6bff-4e63-b570-2a61c24e64d6,Ewan MacColl,composer;lyricist,writer,easy listening;pop,easy listening,1962-01-01,1962-01-01,1,-0.4376820413677751,1,-0.7127338099693385,0.0,-0.27147504601238254
1a9d7ebe-2bab-47b7-9c08-8ebff789d134,Gerard Long,writer,writer,,,2011-05-10,2012-01-01,2,0.07812468189051006,7,0.3190449023818037,0.646,-0.19664374836534476
98784f42-c6b7-40a6-9313-8404024eeba0,JT Daly,writer,writer,,,2021-10-15,2021-10-15,1,-0.4376820413677751,3,-0.36880757251895785,0.0,-0.27147504601238254
9c0527f9-b616-494a-9d03-a30b89e81866,Matt Rowe,writer,writer,,,1996-01-01,1996-01-01,1,-0.4376820413677751,6,0.1470817836566133,0.0,-0.27147504601238254
e7fd97a1-cc84-4d5d-87ea-8017dcfafcbd,Coleton Rubin,writer,writer,,,2023-07-07,2023-07-07,1,-0.4376820413677751,2,-0.5407706912441482,0.0,-0.27147504601238254
0b323c4b-1258-4775-a8e2-ee71f4bf9a45,Ester Dean,writer,writer,,,2010-01-01,2010-01-01,1,-0.4376820413677751,4,-0.19684445379376744,0.0,-0.27147504601238254
272989c8-5535-492d-a25c-9f58803e027f,SZA,composer;lyricist;samples from artist;vocal;writer,writer,hip hop;trap,hip hop,2016-01-01,2018-01-01,5,1.6255448516653654,16,1.866712970908517,2.001,-0.03968336398185225
cad43f86-226e-4e6a-84f9-3219b48ad242,Jerry Wexler,writer,writer,acoustic;folk rock;jazz;r&b;rock;soul;soul. r&b,acoustic,1967-01-01,1967-01-01,1,-0.4376820413677751,3,-0.36880757251895785,0.0,-0.27147504601238254
9cb087ec-949c-4fb1-b139-778d294c0393,Andrew Farriss,writer,writer,,,1982-01-01,1982-01-01,1,-0.4376820413677751,6,0.1470817836566133,0.0,-0.27147504601238254
a49a9a95-33fb-4d21-9139-9ced074feb58,Warren Cuccurullo,composer;lyricist,writer,heavy metal;rock,heavy metal,1993-01-01,1993-01-01,1,-0.4376820413677751,3,-0.36880757251895785,0.0,-0.27147504601238254
f94db5b3-9260-4e81-9d35-6806e50c713f,Marlena Shaw,writer,writer,,,1996-01-01,1996-01-01,1,-0.4376820413677751,3,-0.36880757251895785,0.0,-0.27147504601238254
62162215-b023-4f0e-84bd-1e9412d5b32c,All Time Low,composer;producer;remixer;vocal;writer,writer,,,1986-01-01,1986-01-01,1,-0.4376820413677751,2,-0.5407706912441482,0.0,-0.27147504601238254
6bfe9806-b477-4750-8bd2-b1d0acf901a9,Mark Wakefield,writer,writer,,,2000-01-01,2000-01-01,1,-0.4376820413677751,7,0.3190449023818037,0.0,-0.27147504601238254
6802a7a8-27c1-46be-ac12-2c03ee1f4096,Magnus Lindsten,writer,writer,,,2007-05-11,2007-05-11,1,-0.4376820413677751,3,-0.36880757251895785,0.0,-0.27147504601238254
6be2828f-6c0d-4059-99d4-fa18acf1a296,Janet Jackson,arranger;composer;instrument;instrument arranger;lyricist;performer;producer;samples from artist;video appearance;vocal;vocal arranger;writer,writer,,,1976-01-01,1976-01-01,1,-0.4376820413677751,1,-0.7127338099693385,0.0,-0.27147504601238254
a8449e6e-834b-4e2a-8497-0182a6e2aade,Paul Morley,writer,writer,,,1995-10-28,1995-10-28,1,-0.4376820413677751,8,0.4910080211069941,0.0,-0.27147504601238254
4be53eb7-32d7-4d7b-a995-345b90a507f6,Henry Binns,writer,writer,,,2009-01-01,2009-01-01,1,-0.4376820413677751,1,-0.7127338099693385,0.0,-0.27147504601238254
752e457b-fc3b-4809-96bc-d34264ee9519,Betty Jean Newsome,writer,writer,,,1966-01-01,1966-01-01,1,-0.4376820413677751,2,-0.5407706912441482,0.0,-0.27147504601238254
d27d1b7a-4d2e-469d-954d-bdf938c294ad,Odell Brown,writer,writer,,,2015-08-08,2015-08-08,1,-0.4376820413677751,9,0.6629711398321845,0.0,-0.27147504601238254
9ce50a20-d32f-430f-807c-341dd00acac2,Christina Brittany Gandy‐Rogers,writer,writer,,,2018-10-11,2018-10-11,1,-0.4376820413677751,6,0.1470817836566133,0.0,-0.27147504601238254
757ed661-fbad-4e45-b1cd-a6b09f06f54a,Yung Lean,performer;producer;vocal,performer,,,2013-05-24,2013-07-09,5,1.6255448516653654,0,-0.884696928694529,0.126,-0.25687946783354854
012151a8-0f9a-44c9-997f-ebd68b5389f9,Imagine Dragons,engineer;performer;producer;recording;remixer;vocal,performer,,,1961-01-01,1961-01-01,1,-0.4376820413677751,0,-0.884696928694529,0.0,-0.27147504601238254
1ac73985-2cfa-433a-a6f8-379480e87179,Magne Furuholmen,writer,writer,pop,pop,1984-01-01,1984-01-01,1,-0.4376820413677751,3,-0.36880757251895785,0.0,-0.27147504601238254
20533bc5-fbc5-4d69-9e83-db3f17ce6e49,Buddy,writer,writer,,,2019-07-01,2019-07-05,3,0.5939314051487953,20,2.5545654458092786,0.011,-0.2702008288697859
f280f9d2-77e6-49aa-a0b5-ce51a18cc2f3,Finn Bjarnson,composer;lyricist,writer,,,2006-01-01,2006-01-01,1,-0.4376820413677751,5,-0.024881335068577065,0.0,-0.27147504601238254
8e27a96f-07a6-4484-a475-f0d487fc3c86,Ronald White,composer,writer,blues rock;classic rock;rock,blues rock,1964-12-21,1964-12-21,1,-0.4376820413677751,2,-0.5407706912441482,0.0,-0.27147504601238254
f40856e6-079f-4a0a-916e-9e6a5e04f646,ADÉLA,composer;lyricist;producer,writer,dance-pop;pop,dance-pop,2024-03-15,2025-08-22,5,1.6255448516653654,13,1.350823614732946,1.437,-0.10501595202044248
5fc368f4-d528-48d7-a8d4-5c657b29beff,Ted Koehler,lyricist,writer,,,1940-01-01,1940-01-01,1,-0.4376820413677751,2,-0.5407706912441482,0.0,-0.27147504601238254
bf93639c-1d7e-44ff-9331-91d871b6e14b,Roman GianArthur Irvin,writer,writer,,,2023-06-09,2023-06-09,1,-0.4376820413677751,5,-0.024881335068577065,0.0,-0.27147504601238254
66280221-4f4f-442d-91e3-1f622e8b7713,Ron Mael,composer;lyricist,writer,,,1974-01-01,1974-01-01,1,-0.4376820413677751,0,-0.884696928694529,0.0,-0.27147504601238254
93647349-bcda-474a-9a89-327047362acd,Nmore,composer;lyricist,writer,,,2020-09-16,2023-05-22,2,0.07812468189051006,8,0.4910080211069941,2.678,0.0387389092488669
b59b8a4d-2278-414f-bf10-04b204ad798b,Derek Edwards,writer,writer,,,2003-01-01,2003-01-01,1,-0.4376820413677751,3,-0.36880757251895785,0.0,-0.27147504601238254
d288a227-30c0-4bed-95c3-8c9614646633,Jacob Kasher,writer,writer,,,2022-06-03,2022-06-03,1,-0.4376820413677751,5,-0.024881335068577065,0.0,-0.27147504601238254
bfbd3940-14aa-4c4a-a2ab-67d040aae0f2,Sky Rompiendo,writer,writer,,,2015-01-01,2015-01-01,1,-0.4376820413677751,4,-0.19684445379376744,0.0,-0.27147504601238254
f4abc0b5-3f7a-4eff-8f78-ac078dbce533,Billie Eilish,composer;editor;engineer;field recordist;instrument;lyricist;performer;phonographic copyright;producer;recording;samples from artist;video director;vocal;writer,writer,pop,pop,1957-01-01,1957-01-01,1,-0.4376820413677751,0,-0.884696928694529,0.0,-0.27147504601238254
42a8b26e-0ae0-4c28-8db5-b54deb80a23a,Robert Ferguson,composer,writer,,,2003-07-28,2003-07-28,1,-0.4376820413677751,2,-0.5407706912441482,0.0,-0.27147504601238254
f83fc06a-3206-4d6f-be05-6dd5ec6a691d,Poptime,composer;lyricist,writer,,,2023-05-22,2023-05-30,3,0.5939314051487953,8,0.4910080211069941,0.022,-0.2689266117271893
a6de8ef9-b1a1-4756-97aa-481bbb8a4069,Joni Mitchell,arranger;composer;instrument;lyricist;mix;performer;producer;vocal;writer,writer,blues;christmas;folk;language: english;rock,blues,1935-01-01,1971-01-01,5,1.6255448516653654,6,0.1470817836566133,36.0,3.8986901479401865
0719f327-24e8-468e-bed0-44214a55a19c,Steve Jones,writer,writer,,,1977-01-01,1977-01-01,1,-0.4376820413677751,4,-0.19684445379376744,0.0,-0.27147504601238254
44ab83a3-3e64-42d6-9e80-41fdc06c8ff5,Greg Wells,writer,writer,,,2009-01-01,2009-01-01,1,-0.4376820413677751,3,-0.36880757251895785,0.0,-0.27147504601238254
31bea673-d23a-4889-8da1-7cb040863268,Kelly Rowland,writer,writer,,,1998-01-01,1999-01-01,2,0.07812468189051006,9,0.6629711398321845,0.999,-0.15575296188019871
7bd66c18-cb33-49aa-9279-140acedbdb49,Ty Dolla $ign,composer;engineer;lyricist;performer;producer;vocal;writer,writer,,,2002-01-01,2024-02-01,6,2.1413515749236507,31,4.4461597517863725,22.084,2.28668962463341
14ecd19f-7121-4192-8549-e5056241a42f,Pusha T,composer;lyricist;performer;remixer;samples from artist;video appearance;vocal;writer,writer,,,1999-12-07,2021-01-01,3,0.5939314051487953,28,3.9302703956108016,21.07,2.169229971670413
31e0783a-9c5d-4218-9f23-4b9427b111e7,Mimi Parker,writer,writer,,,2004-01-01,2004-01-01,1,-0.4376820413677751,2,-0.5407706912441482,0.0,-0.27147504601238254
c4df30f5-5487-4806-9189-b69c9f27532c,Carly Simon,composer;lyricist,writer,pop rock,pop rock,1972-01-01,1972-01-01,1,-0.4376820413677751,1,-0.7127338099693385,0.0,-0.27147504601238254
2c90905f-6c6c-40fb-8bbe-8495cb4e699c,Jim Kale,writer,writer,,,1965-01-01,1965-01-01,1,-0.4376820413677751,4,-0.19684445379376744,0.0,-0.27147504601238254
765d18ec-8a76-4f6e-9c6e-cd78a223724c,Harry M. Woods,composer,writer,pop;pop rock;soft rock,pop,1933-02-01,1933-02-01,1,-0.4376820413677751,3,-0.36880757251895785,0.0,-0.27147504601238254
bf29d579-a22d-4c4a-8ec3-e362d397e006,Eric Bloom,writer,writer,,,1972-01-01,1972-01-01,1,-0.4376820413677751,4,-0.19684445379376744,0.0,-0.27147504601238254
9a58fda3-f4ed-4080-a3a5-f457aac9fcdd,Joy Division,arranger;producer,production,,,1977-01-01,1979-07-11,2,0.07812468189051006,8,0.4910080211069941,2.522,0.02066819340840575
5642774a-72c0-4099-8da4-7c1ab36378a8,Stephen Stills,composer;lyricist,writer,,,1966-01-01,1966-01-01,1,-0.4376820413677751,0,-0.884696928694529,0.0,-0.27147504601238254
9fff2f8a-21e6-47de-a2b8-7f449929d43f,Drake,composer;lyricist;performer;producer;samples from artist;video appearance;vocal;writer,writer,meme,meme,2005-01-01,2018-10-11,11,4.720385191215077,47,7.1975696513894185,13.774,1.324076492362692
13b14a2e-470c-434c-8f89-c8763f849e2c,Glenn Tipton,writer,writer,,,1980-01-01,1980-01-01,1,-0.4376820413677751,3,-0.36880757251895785,0.0,-0.27147504601238254
9a93190b-3e24-4586-bc10-aefd1ad8de01,Anthony Newley,writer,writer,,,1971-01-01,1971-01-01,1,-0.4376820413677751,1,-0.7127338099693385,0.0,-0.27147504601238254
4ad8190b-d2fd-46f8-a3d9-c0f55c034976,Poppy,composer;lyricist;producer;vocal;writer,writer,,,1979-01-01,1979-01-01,1,-0.4376820413677751,1,-0.7127338099693385,0.0,-0.27147504601238254
dbd28983-6bfa-4afc-82af-7898a9e74011,T-Collar,writer,writer,,,2016-01-01,2016-01-01,1,-0.4376820413677751,6,0.1470817836566133,0.0,-0.27147504601238254
e7b18ac8-3c58-4a9f-bd2e-5b6a90b07fbe,E. Dan,writer,writer,,,2018-07-13,2019-07-05,2,0.07812468189051006,13,1.350823614732946,0.977,-0.158301396165392
49302df8-9e4f-42ed-8a9c-5d6f8d6cb83c,Black Box Recorder,engineer;producer;remixer,production,,,1963-12-01,1963-12-01,1,-0.4376820413677751,0,-0.884696928694529,0.0,-0.27147504601238254
a8b293fe-502b-4241-ae49-13978fd14940,정민지,lyricist,writer,,,2016-08-27,2016-08-27,2,0.07812468189051006,5,-0.024881335068577065,0.0,-0.27147504601238254
a817dcec-520a-44ec-bd7e-ada26dcf4243,Backend,writer,writer,,,2025-08-01,2025-08-01,1,-0.4376820413677751,1,-0.7127338099693385,0.0,-0.27147504601238254
faddb781-a5c5-4fc5-b5e6-1f2e1d4170e6,Jean Hancock,lyricist,writer,,,1979-01-01,1979-01-01,1,-0.4376820413677751,3,-0.36880757251895785,0.0,-0.27147504601238254
25ab7547-a4d2-480b-b028-c7f3497bc858,,performer,performer,,,2015-06-10,2015-06-10,0,-0.9534887646260604,0,-0.884696928694529,0.0,-0.27147504601238254
e3ea6186-7523-48de-8437-bac91bc47829,Lemmy Kilmister,writer,writer,,,1980-01-01,1980-01-01,1,-0.4376820413677751,3,-0.36880757251895785,0.0,-0.27147504601238254
91eda19b-1437-42cd-b7af-69df24b7f275,Jacques Brel,composer,writer,,,1963-12-01,1963-12-01,1,-0.4376820413677751,1,-0.7127338099693385,0.0,-0.27147504601238254
201f8ca9-0d8a-43db-ba69-aea79a525e56,M.U.R,lyricist,writer,,,2012-06-21,2012-06-21,1,-0.4376820413677751,3,-0.36880757251895785,0.0,-0.27147504601238254
13c10976-99f1-4cb4-8fbe-56067e91d865,Dolores O’Riordan,composer;lyricist,writer,,,1990-01-01,1992-09-29,3,0.5939314051487953,1,-0.7127338099693385,2.743,0.046268374182392366
df36f6db-5987-46ed-9d02-0cf36ed4e060,Vance Joy,composer;lyricist;producer;vocal;writer,writer,,,1982-01-01,1982-01-01,1,-0.4376820413677751,6,0.1470817836566133,0.0,-0.27147504601238254
7e9bd05a-117f-4cce-87bc-e011527a8b18,Miley Cyrus,composer;instrument;lyricist;mix;performer;producer;recording;video appearance;vocal;writer,writer,pop;soft rock,pop,1974-01-01,2013-01-01,3,0.5939314051487953,12,1.1788604960077556,39.001,4.246319752024955
7111ec38-09cd-43ce-b285-6adc62079778,Jeremy Popoff,writer,writer,,,1999-01-01,1999-01-01,1,-0.4376820413677751,1,-0.7127338099693385,0.0,-0.27147504601238254
217269ca-ed88-45f4-8251-4c9384d48841,Brian Anthony Garcia,writer,writer,,,2015-01-28,2015-02-20,2,0.07812468189051006,4,-0.19684445379376744,0.063,-0.2641772569229655
31721fa4-d6bc-4f09-b0bb-464b27e2ad3c,Pete Bellotte,writer,writer,,,1979-01-01,1979-01-01,1,-0.4376820413677751,3,-0.36880757251895785,0.0,-0.27147504601238254
50698127-f6f4-4c0c-8010-db98c21100e1,Bruce Dickinson,composer;lyricist,writer,,,1984-01-01,1984-01-01,1,-0.4376820413677751,1,-0.7127338099693385,0.0,-0.27147504601238254
dc99e6fd-c710-4f79-b74b-127b4d0b7849,Labrinth,arranger;composer;engineer;instrument;instrument arranger;lyricist;misc;mix;orchestrator;performer;producer;programming;recording;remixer;vocal;writer,writer,hip hop;hip-hop;rap,hip hop,2010-09-24,2012-07-20,5,1.6255448516653654,9,0.6629711398321845,1.821,-0.06053418995161509
0bf0cabe-def2-4113-8dc5-6e721b9c3a92,Elizabeth Fraser,lyricist;writer,writer,,,1984-10-01,1994-01-01,3,0.5939314051487953,7,0.3190449023818037,9.251,0.8001415709113734
b2f2216a-d7a9-4ce0-8b8f-f494d9a8c196,,performer,performer,,,2016-04-25,2016-04-25,0,-0.9534887646260604,0,-0.884696928694529,0.0,-0.27147504601238254
197b70c7-8910-4030-ad03-632d82aa40e3,Rauw Alejandro,composer;lyricist;performer;producer;vocal;writer,writer,bolero;hip hop;jazz;latin;merengue;reggaeton;salsa;trap,bolero,1984-01-01,1984-01-01,1,-0.4376820413677751,1,-0.7127338099693385,0.0,-0.27147504601238254
8339f0eb-80a0-4c29-815c-f9b02a1d531d,Bert Keyes,composer,writer,,,1965-03-01,1965-03-01,1,-0.4376820413677751,1,-0.7127338099693385,0.0,-0.27147504601238254
a7808382-465f-40f2-9682-e85b5b39b89b,Zak,writer,writer,,,2021-01-01,2024-02-01,2,0.07812468189051006,22,2.898491683259659,3.083,0.08565326768083333
73c3f499-60e2-44e1-81dd-7fe2191461fa,Adrian Belew,composer,writer,,,1995-01-01,1995-01-01,1,-0.4376820413677751,6,0.1470817836566133,0.0,-0.27147504601238254
e6fbb8f7-9545-4f3f-b835-2fed39022f89,Kenneth Downing,writer,writer,,,1980-01-01,1980-01-01,1,-0.4376820413677751,3,-0.36880757251895785,0.0,-0.27147504601238254
e77c277f-6c29-4bcd-b541-4dcf47ac775a,기호,writer,writer,,,2025-09-26,2025-09-26,2,0.07812468189051006,7,0.3190449023818037,0.0,-0.27147504601238254
1ac10f5e-2079-4435-b78f-dda6ecdeba15,Eve,lyricist;performer;video appearance;vocal;writer,writer,,,1973-10-01,1973-10-01,1,-0.4376820413677751,1,-0.7127338099693385,0.0,-0.27147504601238254
ce49d491-8c6f-48eb-bd9e-38b6cf1d4552,Monaleo,writer,writer,hip hop;miami bass,hip hop,2022-04-21,2022-04-21,1,-0.4376820413677751,3,-0.36880757251895785,0.0,-0.27147504601238254
daeec599-bf5d-4428-994a-e76ba5f86e2f,Passion Pit,producer;remixer;vocal,performer,,,1992-09-29,1995-01-01,2,0.07812468189051006,0,-0.884696928694529,2.256,-0.010144693858021565
8fb64b2e-db8b-4579-ad08-f324ef1bf494,Jerome Kern,composer,writer,musical;show tune;stage & screen,musical,1927-01-01,1927-01-01,1,-0.4376820413677751,2,-0.5407706912441482,0.0,-0.27147504601238254
c243168b-4c19-46d4-8af8-8724d79dd33a,山上路夫,lyricist,writer,,,1971-02-05,1971-02-05,1,-0.4376820413677751,1,-0.7127338099693385,0.0,-0.27147504601238254
71db5060-324e-4cc5-8ca6-0070220ae000,Paul Banks,writer,writer,,,2000-12-11,2002-01-01,5,1.6255448516653654,4,-0.19684445379376744,1.057,-0.14903436240105294
9c952245-bb78-450c-83ee-69785949466e,Kenneth Gamble,composer;lyricist,writer,,,2002-01-01,2004-01-01,2,0.07812468189051006,9,0.6629711398321845,1.999,-0.0399150398259607
e7dcdf9f-b058-482e-bca8-45675628ebf2,Kate Morgan,composer;lyricist,writer,,,2024-02-09,2024-02-09,1,-0.4376820413677751,9,0.6629711398321845,0.0,-0.27147504601238254
47010115-1e5e-46b5-bea4-4dd4a29fb0ab,MdL,writer,writer,,,2012-01-01,2012-01-01,1,-0.4376820413677751,4,-0.19684445379376744,0.0,-0.27147504601238254
c4aaadaf-da28-4136-a888-f0008c710d58,Toots Hibbert,composer;lyricist,writer,,,1968-01-01,1968-01-01,1,-0.4376820413677751,1,-0.7127338099693385,0.0,-0.27147504601238254
2c97cd35-1e75-4c1e-88ae-ee618ad0035d,"Love, JT",writer,writer,,,2017-04-30,2017-04-30,1,-0.4376820413677751,7,0.3190449023818037,0.0,-0.27147504601238254
5a85ff61-4b80-4e84-a1fa-a409c6c6bbec,문설리,lyricist,writer,,,2016-08-27,2016-08-27,2,0.07812468189051006,5,-0.024881335068577065,0.0,-0.27147504601238254
e9296a90-9c59-4657-9165-1f1b5319de00,Lloyd,composer;performer;vocal;writer,writer,,,2004-05-11,2004-05-11,1,-0.4376820413677751,2,-0.5407706912441482,0.0,-0.27147504601238254
e1da97e1-f780-4188-864a-3bf421b6d476,Davon Wilson,writer,writer,,,2012-01-01,2012-01-01,1,-0.4376820413677751,7,0.3190449023818037,0.0,-0.27147504601238254
c1493030-c329-47eb-ac7c-4250aacb1e4c,Josiah Muhammad,writer,writer,hip hop;trap,hip hop,2017-12-22,2017-12-22,1,-0.4376820413677751,6,0.1470817836566133,0.0,-0.27147504601238254
e5d70460-7057-4cbe-9c07-11ca2dac975c,Tay Keith,writer,writer,,,2018-05-18,2018-11-29,4,1.1097381284070802,8,0.4910080211069941,0.534,-0.20961759563541943
9e51a90d-fcb3-4db6-9fa2-5a60557885dd,백인경,lyricist,writer,,,2016-05-10,2016-05-10,1,-0.4376820413677751,4,-0.19684445379376744,0.0,-0.27147504601238254
a5bd836d-8d8f-48a5-b0b7-dbb18b3264dd,Master P,writer,writer,g-funk;hip hop,g-funk,2000-01-01,2000-01-01,1,-0.4376820413677751,8,0.4910080211069941,0.0,-0.27147504601238254
9643ef45-b844-48b2-9e56-7e8be098bea0,Luigi Creatore,writer,writer,jasrac lost iswc,jasrac lost iswc,1961-01-01,1961-01-01,1,-0.4376820413677751,3,-0.36880757251895785,0.0,-0.27147504601238254
21dab5d7-3bda-4f72-a054-6379729dcb62,Flo Milli,composer;lyricist;performer;vocal;writer,writer,hip hop;miami bass,hip hop,2020-01-01,2022-06-17,3,0.5939314051487953,6,0.1470817836566133,2.459,0.01337040431898879
31da7b06-bc30-4a1f-9f4a-c2ac1a84167f,yeule,arranger;composer;instrument;lyricist;mix;performer;phonographic copyright;producer;recording;remixer;vocal;writer,writer,pop;power pop;rock,pop,1967-01-01,1967-01-01,1,-0.4376820413677751,1,-0.7127338099693385,0.0,-0.27147504601238254
4b68c65a-8cb5-4c03-bb58-c1b1cf5eced1,Norman Gimbel,lyricist,writer,country;dancehall;pop;r&b;reggae;soul,country,1972-01-01,1972-01-01,1,-0.4376820413677751,2,-0.5407706912441482,0.0,-0.27147504601238254
ba550d0e-adac-4864-b88b-407cab5e76af,Paul McCartney,arranger;composer;conductor;creative direction;engineer;instrument;instrument arranger;lyricist;misc;mix;orchestrator;performer;performing orchestra;phonographic copyright;producer;programming;recording;remixer;video appearance;video director;vocal;writer,writer,beat;dream pop;easy listening;fusion;indie rock;instrumental;jazz;list song;lo-fi;lovers rock;multiple iswc;pop;pop rock;ripoff;rock;rock and roll;rocksteady;roots reggae;southern rock,beat,1957-01-01,2020-01-01,38,18.647166719188775,28,3.9302703956108016,62.998,7.026082367560504
690c8bf1-9499-4c9c-9b5e-9758378cb5c7,Rudolf Schenker,composer,writer,,,1978-01-01,1978-01-01,2,0.07812468189051006,3,-0.36880757251895785,0.0,-0.27147504601238254
58f1e354-ecbc-4fd3-aa25-97eb1d9bd8b9,RM,writer,writer,,,2018-05-18,2020-02-21,2,0.07812468189051006,12,1.1788604960077556,1.763,-0.06725278943076089
201412c6-7ced-472b-87a9-9259ec3c07d3,Brent Faiyaz,producer;writer,writer,,,2017-03-24,2019-03-08,2,0.07812468189051006,4,-0.19684445379376744,1.955,-0.04501190839634718
2d4a1dd1-2cd8-4553-bf0b-74b8c9179633,Brad Delson,writer,writer,,,2000-01-01,2000-01-01,1,-0.4376820413677751,7,0.3190449023818037,0.0,-0.27147504601238254
d1d82d22-80ee-4551-a132-25648e857f9b,Midas800,composer,writer,,,2019-01-17,2019-01-17,1,-0.4376820413677751,1,-0.7127338099693385,0.0,-0.27147504601238254
c6619f89-5454-4e2d-aa19-b5596ba3b4c6,Jim Morrison,writer,writer,psychedelic rock;ripoff;wrong guess case,psychedelic rock,1967-01-01,1971-01-01,7,2.657158298181936,10,0.8349342585573748,4.0,0.19187664220456957
2f548675-008d-4332-876c-108b0c7ab9c5,Sia,composer;instrument;lyricist;performer;phonographic copyright;producer;video director;vocal;writer,writer,lovers rock;multiple iswc;rock;rocksteady;roots reggae,lovers rock,1968-01-01,2014-01-01,2,0.07812468189051006,10,0.8349342585573748,46.001,5.057185206404621
613260c3-d620-4645-94cd-33cd55f29b1e,Loretta Lynn,composer;lyricist,writer,,,1966-09-10,1966-09-10,1,-0.4376820413677751,1,-0.7127338099693385,0.0,-0.27147504601238254
c3dcad1b-1380-4a94-98d8-3f8272f19df6,Juan Luis Guerra,composer;lyricist,writer,,,1992-01-01,1992-01-01,1,-0.4376820413677751,1,-0.7127338099693385,0.0,-0.27147504601238254
38474d18-9204-4f60-a137-1fcc6750b869,Skepta,composer;mix-dj;performer;producer;remixer;video director;vocal;writer,writer,,,1983-01-01,1983-01-01,1,-0.4376820413677751,1,-0.7127338099693385,0.0,-0.27147504601238254
9878be28-66b3-47f9-a019-baf1b32876ff,Danny Baranowsky,composer,writer,,,2010-10-27,2010-10-27,1,-0.4376820413677751,1,-0.7127338099693385,0.0,-0.27147504601238254
c4363ee6-42f6-4edc-bcc2-7f99ac367bb1,Zak Sally,writer,writer,,,2004-01-01,2004-01-01,1,-0.4376820413677751,2,-0.5407706912441482,0.0,-0.27147504601238254
75fcb0af-b701-4f71-b57f-f451cfe61c5b,Adrian McKinnon,composer,writer,,,2016-05-10,2016-05-10,1,-0.4376820413677751,7,0.3190449023818037,0.0,-0.27147504601238254
d9152066-a306-477c-b07c-e5df0eb29eeb,Madison Love,writer,writer,dance-pop;pop,dance-pop,2017-05-19,2021-03-18,3,0.5939314051487953,12,1.1788604960077556,3.83,0.17218419545534913
348d1d67-e150-49a8-81ab-db34540ebfa9,Troy Oliver,composer;lyricist,writer,,,2001-01-01,2001-01-01,1,-0.4376820413677751,4,-0.19684445379376744,0.0,-0.27147504601238254
df098be2-7aa9-4fc2-9587-ad00a12d4b63,Neil Peart,lyricist,writer,,,1981-01-01,1981-01-01,1,-0.4376820413677751,3,-0.36880757251895785,0.0,-0.27147504601238254
7df45a14-19d1-4273-b073-c7292790a6a6,,phonographic copyright;remixer,other,,,1989-01-01,1989-01-01,0,-0.9534887646260604,0,-0.884696928694529,0.0,-0.27147504601238254
9030ae90-4db2-4a9c-aa08-01cf17a86b58,Ben Watt,composer,writer,,,1994-01-01,1994-01-01,1,-0.4376820413677751,2,-0.5407706912441482,0.0,-0.27147504601238254
bc4cc656-f03a-493a-b250-6afaa4cd7418,Pardison Fontaine,writer,writer,hip hop;trap,hip hop,2017-01-01,2018-01-01,4,1.1097381284070802,33,4.790085989236753,0.999,-0.15575296188019871
20ed1946-1317-4f9e-ae72-817548b4ace2,Al McKay,writer,writer,funk;pop;soul,funk,1978-01-01,1978-01-01,1,-0.4376820413677751,3,-0.36880757251895785,0.0,-0.27147504601238254
0432c3b1-995d-42fc-82e8-ab1257217c27,Brae,lyricist;writer,writer,breakbeat;drum and bass;dubstep;electronic;hardcore;hip hop;industrial;rock;trap,breakbeat,2023-04-21,2024-08-21,3,0.5939314051487953,6,0.1470817836566133,1.336,-0.11671558214792052
67e676aa-dda3-44e2-8a75-92914feea693,박기태,composer,writer,,,2020-09-16,2020-09-16,1,-0.4376820413677751,5,-0.024881335068577065,0.0,-0.27147504601238254
d786f59b-1836-4ddb-8393-ab753edbe984,Clairo,compiler;composer;engineer;instrument;lyricist;phonographic copyright;producer;recording;vocal;writer,writer,,,1967-01-01,2019-01-01,2,0.07812468189051006,4,-0.19684445379376744,52.0,5.752096900807995
f46bd570-5768-462e-b84c-c7c993bbf47e,Eagles,performer;producer;samples from artist,performer,ripped off,ripped off,1975-01-01,1976-01-01,3,0.5939314051487953,0,-0.884696928694529,0.999,-0.15575296188019871
f634fc9c-da81-4627-9913-455d638bbfdf,Walter Afanasieff,composer;writer,writer,christmas;christmas music;holiday music;lonely woman at christmas;pop,christmas,1991-01-01,1994-01-01,3,0.5939314051487953,2,-0.5407706912441482,3.001,0.07615455807238578
c20b3d57-9ded-4f5b-a038-fffb344e2681,Marz,writer,writer,,,2015-01-06,2015-09-03,2,0.07812468189051006,4,-0.19684445379376744,0.657,-0.19536953122274814
561d854a-6a28-4aa7-8c99-323e6ce46c2a,Miles Davis,composer,writer,jazz,jazz,1959-01-01,1959-01-01,1,-0.4376820413677751,1,-0.7127338099693385,0.0,-0.27147504601238254
9e0e2b01-41db-4008-bd8b-988977d6019a,The Police,arranger;mix;producer;video appearance,production,,,1979-01-01,1979-01-01,1,-0.4376820413677751,0,-0.884696928694529,0.0,-0.27147504601238254
5f63a2b3-ce5f-42ce-9485-32e89ca2d460,白井裕紀.,lyricist,writer,,,2015-09-23,2015-09-23,1,-0.4376820413677751,1,-0.7127338099693385,0.0,-0.27147504601238254
60c05c03-e33e-44a7-bef8-6fb245aaea51,LEE HI,composer;lyricist;performer;vocal,writer,christmas;christmas music;holiday music;lonely woman at christmas;pop,christmas,1994-01-01,1994-01-01,1,-0.4376820413677751,2,-0.5407706912441482,0.0,-0.27147504601238254
68a77226-cc92-4e95-b264-18d219499b1b,Greg Webster,writer,writer,,,2019-04-18,2019-04-18,1,-0.4376820413677751,20,2.5545654458092786,0.0,-0.27147504601238254
fc673028-e2a2-4e5e-b55a-5d1928d72a83,Liam Benayon,composer;lyricist,writer,dance-pop;pop,dance-pop,2024-09-13,2025-08-22,3,0.5939314051487953,6,0.1470817836566133,0.939,-0.162703237203453
1b8e1cbe-50b2-4854-ac03-b362cee3c2ad,Nicholas Breton,writer,writer,,,2019-01-01,2019-01-01,1,-0.4376820413677751,3,-0.36880757251895785,0.0,-0.27147504601238254
06bf4c0f-d176-4f54-8d1e-3efe89a03be2,Jalil Pereza,writer,writer,,,2021-01-01,2021-01-01,1,-0.4376820413677751,15,1.6947498521833269,0.0,-0.27147504601238254
0b0bd0c0-3723-4715-87d7-9d57f0eb240f,Anne Dudley,writer,writer,,,1995-10-28,1995-10-28,1,-0.4376820413677751,8,0.4910080211069941,0.0,-0.27147504601238254
ba1ba43e-80a8-4471-8d02-c31453f4aa88,Morgan Kibby,lyricist,writer,,,2008-01-01,2008-01-01,2,0.07812468189051006,2,-0.5407706912441482,0.0,-0.27147504601238254
8428f959-7662-455b-af97-f05d0d7379b9,Needlz,writer,writer,pop;r&b;reggae-pop,pop,2010-01-01,2010-01-01,1,-0.4376820413677751,4,-0.19684445379376744,0.0,-0.27147504601238254
f2dc8be4-c4bb-41f7-b2fe-7220902d804e,Chris Comstock,writer,writer,,,2017-01-01,2017-01-01,1,-0.4376820413677751,6,0.1470817836566133,0.0,-0.27147504601238254
37c16e49-0d6f-4fdd-bdd6-63e99607a831,Buddy DeSylva,lyricist,writer,,,1924-11-01,1924-11-01,1,-0.4376820413677751,3,-0.36880757251895785,0.0,-0.27147504601238254
f2492c31-54a8-4347-a1fc-f81f72873bbf,Mac DeMarco,composer;engineer;instrument;lyricist;mix;performer;producer;recording;video appearance;writer,writer,christmas;christmas music;instrumental,christmas,1934-01-01,1934-01-01,1,-0.4376820413677751,0,-0.884696928694529,0.0,-0.27147504601238254
bc880664-6751-4998-984d-ebdbff15d229,Trent Reznor,composer;lyricist;writer,writer,meme;nu metal;rock,meme,1992-01-01,2019-01-01,9,3.688771744698506,8,0.4910080211069941,27.001,2.8562646873740984
996077ea-19a8-4f75-a817-c166637ffc48,Ed Cobb,composer;lyricist,writer,big band;jazz;mostly known by the cover;pop;rock;soul;vocal,big band,1965-01-01,1965-01-01,1,-0.4376820413677751,0,-0.884696928694529,0.0,-0.27147504601238254
4e5017d4-874d-48ee-84f0-d535d17a010f,DJ Dahi,writer,writer,,,2018-07-13,2020-03-22,2,0.07812468189051006,15,1.6947498521833269,1.692,-0.07547728189661179
b202beb7-99bd-47e7-8b72-195c8d72ebdd,Christina Aguilera,arranger;composer;creative direction;lyricist;performer;producer;video appearance;vocal;vocal arranger;writer,writer,,,1948-01-01,1948-01-01,1,-0.4376820413677751,1,-0.7127338099693385,0.0,-0.27147504601238254
b665b768-0d83-4363-950c-31ed39317c15,Van Halen,composer;mix;producer;writer,writer,,,1952-01-01,1952-01-01,1,-0.4376820413677751,1,-0.7127338099693385,0.0,-0.27147504601238254
7c5b8865-d23c-4abf-884d-c68be0020991,Roland Orzabal,writer,writer,,,1982-01-01,1982-01-01,1,-0.4376820413677751,3,-0.36880757251895785,0.0,-0.27147504601238254
48555d10-ded8-4172-a737-33bffc0125d5,Simon Gallup,composer,writer,alternative rock;rock,alternative rock,1987-01-01,1987-01-01,2,0.07812468189051006,5,-0.024881335068577065,0.0,-0.27147504601238254
6d47cb9a-567d-4c1a-a9b1-cb8394db3212,Maddox,writer,writer,,,2020-05-10,2020-05-10,1,-0.4376820413677751,3,-0.36880757251895785,0.0,-0.27147504601238254
95fb3a0c-fc74-4f51-acba-bbe5b3a78e32,Bertolt Brecht,lyricist,writer,,,1930-01-01,1930-01-01,1,-0.4376820413677751,2,-0.5407706912441482,0.0,-0.27147504601238254
678d88b2-87b0-403b-b63d-5da7465aecc3,,samples from artist;video appearance,performer,,,1962-01-01,1962-01-01,0,-0.9534887646260604,0,-0.884696928694529,0.0,-0.27147504601238254
37be3f17-a4ba-4c07-9c04-210cc6f4f091,Caleb Shapiro,writer,writer,pop,pop,2024-03-29,2024-09-27,3,0.5939314051487953,3,-0.36880757251895785,0.498,-0.21378776082937198
9564a2a8-2e0e-43bc-8a0e-12c3befadbe5,Larry Blackmon,writer,writer,contemporary r&b;funk,contemporary r&b,1986-01-01,1986-01-01,1,-0.4376820413677751,1,-0.7127338099693385,0.0,-0.27147504601238254
6ca4886a-8f77-4133-b404-46fb3908e24a,Brenda Lee,composer;lyricist;performer;producer;vocal;writer,writer,jazz;swing,jazz,1933-01-01,1933-01-01,1,-0.4376820413677751,2,-0.5407706912441482,0.0,-0.27147504601238254
ee421ee4-f861-405d-8730-29cb512dfdbd,K’naan,writer,writer,,,2009-01-01,2017-04-30,2,0.07812468189051006,10,0.8349342585573748,8.326,0.6929914930112033
8093d4c9-24c1-4749-bdc7-aa17f5b76843,Leroy Romans,writer,writer,,,2016-01-01,2016-01-01,1,-0.4376820413677751,15,1.6947498521833269,0.0,-0.27147504601238254
068538c3-e73e-44b3-a3c0-990dd5f029dc,Norman Petty,writer,writer,pop;rock;rock and roll;rockabilly,pop,1957-01-01,1957-01-01,1,-0.4376820413677751,3,-0.36880757251895785,0.0,-0.27147504601238254
aa5a6061-e60d-4a58-b9f6-c09de390bb2d,PnB Rock,writer,writer,,,2018-12-21,2018-12-21,1,-0.4376820413677751,4,-0.19684445379376744,0.0,-0.27147504601238254
a4dcd7c6-53ee-4c5b-aae2-d88f876b89c0,Daniel Kessler,writer,writer,,,2000-12-11,2002-01-01,5,1.6255448516653654,4,-0.19684445379376744,1.057,-0.14903436240105294
552da8ff-2c8f-4060-8352-48dea991e92b,Roger Nichols,composer,writer,,,2010-01-09,2010-01-09,1,-0.4376820413677751,6,0.1470817836566133,0.0,-0.27147504601238254
d4a112aa-a59a-4225-963a-f61a2eb1df71,Gamal Lewis,writer,writer,,,2016-01-01,2016-01-01,1,-0.4376820413677751,6,0.1470817836566133,0.0,-0.27147504601238254
43906e48-a7c0-4b80-a5dd-37d1fe6ccdb9,DJ Paul,writer,writer,,,2023-11-18,2023-11-18,1,-0.4376820413677751,14,1.5227867334581364,0.0,-0.27147504601238254
652d2a37-9ab2-4a6f-9814-d9e50c4a0faf,Xansei,composer,writer,,,2024-10-11,2024-10-11,1,-0.4376820413677751,9,0.6629711398321845,0.0,-0.27147504601238254
6d7b7cd4-254b-4c25-83f6-dd20f98ceacd,M83,performer;producer;remixer,performer,,,2008-01-01,2008-01-01,5,1.6255448516653654,0,-0.884696928694529,0.0,-0.27147504601238254
aaf2e0a1-2c67-4118-b0ab-8539f5096ada,Sylvain Vanholme,writer,writer,,,2006-01-01,2006-01-01,1,-0.4376820413677751,4,-0.19684445379376744,0.0,-0.27147504601238254
5b11f4ce-a62d-471e-81fc-a69a8278c7da,Nirvana,engineer;performer;producer;video appearance;vocal;writer,writer,beat;pop rock;rock;rock and roll,beat,1964-01-01,1964-01-01,1,-0.4376820413677751,2,-0.5407706912441482,0.0,-0.27147504601238254
8a1980a4-0c81-4b0b-8319-15b2175210f6,Adam Duritz,composer;lyricist,writer,,,1996-01-01,1996-01-01,1,-0.4376820413677751,1,-0.7127338099693385,0.0,-0.27147504601238254
9a84344f-c450-47c9-8428-46fe2ee9db10,블랙아이드필승,composer,writer,,,2016-04-25,2016-04-25,1,-0.4376820413677751,1,-0.7127338099693385,0.0,-0.27147504601238254
8caa05e8-4c00-443d-8a5c-94d64ca07737,김보은,writer,writer,,,2024-03-25,2024-03-25,1,-0.4376820413677751,10,0.8349342585573748,0.0,-0.27147504601238254
03a82b66-d021-4754-aca2-399d51ee6199,Arno,composer;lyricist,writer,,,1983-01-01,1983-01-01,1,-0.4376820413677751,2,-0.5407706912441482,0.0,-0.27147504601238254
8f82df2b-a412-4f5d-9331-73d993dbce31,Matt Sherod,writer,writer,,,2015-05-16,2015-05-16,1,-0.4376820413677751,5,-0.024881335068577065,0.0,-0.27147504601238254
db060c42-4879-4539-9472-54973abe5f17,米米CLUB,composer;lyricist,writer,,,1987-10-21,1987-10-21,1,-0.4376820413677751,0,-0.884696928694529,0.0,-0.27147504601238254
f181961b-20f7-459e-89de-920ef03c7ed0,The Strokes,arranger;performer;phonographic copyright;producer;writer,writer,,,2001-01-01,2001-01-01,5,1.6255448516653654,1,-0.7127338099693385,0.0,-0.27147504601238254
92a0f97c-311e-4ca9-8bb3-247b3d96d41b,Weldon Irvine,writer,writer,,,1993-01-01,1993-01-01,1,-0.4376820413677751,4,-0.19684445379376744,0.0,-0.27147504601238254
14a00a25-04d7-43f6-9196-29e68a767321,한성호,writer,writer,,,2025-09-26,2025-09-26,1,-0.4376820413677751,5,-0.024881335068577065,0.0,-0.27147504601238254
c7740223-c657-4b0a-a0a4-b8349169e760,Dave,composer;lyricist;performer;vocal;writer,writer,,,1928-01-01,1928-01-01,1,-0.4376820413677751,1,-0.7127338099693385,0.0,-0.27147504601238254
9e103f85-7af7-41d7-b83b-49ba8f0c5abf,Of Monsters and Men,composer;producer,writer,jazz,jazz,1966-01-01,1966-01-01,1,-0.4376820413677751,2,-0.5407706912441482,0.0,-0.27147504601238254
e0083bb1-bb24-498f-b072-268aa55b5e3e,Jozzy,writer,writer,,,2019-01-01,2019-01-01,2,0.07812468189051006,6,0.1470817836566133,0.0,-0.27147504601238254
666050d0-5d6e-4436-b451-e2775da0461f,Awrii,writer,writer,,,2025-09-26,2025-09-26,1,-0.4376820413677751,7,0.3190449023818037,0.0,-0.27147504601238254
efc381ba-ea68-49ca-af91-bebdd40fe1d8,Rita Marley,composer;lyricist,writer,,,1973-10-01,1973-10-01,1,-0.4376820413677751,1,-0.7127338099693385,0.0,-0.27147504601238254
091e2b4f-1e60-408c-9ee2-06440cdb8846,Leland,composer;lyricist;writer,writer,dance-pop;pop,dance-pop,2021-03-18,2025-08-22,2,0.07812468189051006,10,0.8349342585573748,4.43,0.2416869486878919
8a7cf497-dc5c-4523-932d-3fcbc9a69d38,Billy Preston,writer,writer,country,country,1974-01-01,1974-01-01,1,-0.4376820413677751,2,-0.5407706912441482,0.0,-0.27147504601238254
a2c4674d-35eb-4e86-9100-1da0a2985cb1,Consuelo Velázquez,composer;lyricist,writer,,,1940-09-27,1940-09-27,1,-0.4376820413677751,1,-0.7127338099693385,0.0,-0.27147504601238254
4d2956d1-a3f7-44bb-9a41-67563e1a0c94,Blondie,producer,production,reggae;rocksteady,reggae,1967-01-01,1967-01-01,1,-0.4376820413677751,0,-0.884696928694529,0.0,-0.27147504601238254
7ee89158-3446-4044-bb88-0dcc4d4cd6c0,Amy Lee,writer,writer,,,2003-01-01,2003-01-01,1,-0.4376820413677751,3,-0.36880757251895785,0.0,-0.27147504601238254
d5cc67b8-1cc4-453b-96e8-44487acdebea,Beach House,arranger;composer;lyricist;mix;producer;recording;writer,writer,,,1980-01-01,1980-01-01,1,-0.4376820413677751,1,-0.7127338099693385,0.0,-0.27147504601238254
18fdc296-87c6-4b2b-91f0-5039f0651912,Alec Wilder,composer;lyricist,writer,pop;traditional pop,pop,1942-01-01,1942-01-01,1,-0.4376820413677751,1,-0.7127338099693385,0.0,-0.27147504601238254
25b509ef-48ad-461b-a0bc-94cdddb8c919,Melanie C,writer,writer,,,1996-01-01,1996-01-01,1,-0.4376820413677751,6,0.1470817836566133,0.0,-0.27147504601238254
af6be531-7ff5-404c-b3ec-34db5c6bc4a0,Thomas Troelsen,composer,writer,,,2016-08-27,2016-08-27,2,0.07812468189051006,5,-0.024881335068577065,0.0,-0.27147504601238254
be20278d-c066-4ef5-9a4b-48b546e39f3f,Walter Kent,composer,writer,christmas;christmas music,christmas,1943-11-01,1943-11-01,1,-0.4376820413677751,3,-0.36880757251895785,0.0,-0.27147504601238254
e3d17fe5-2564-4181-b3f1-91192d5366f2,Madi Yanofsky,composer;lyricist;writer,writer,alternative pop;electronic;pop;pop rock;rock,alternative pop,2022-10-01,2023-10-06,5,1.6255448516653654,7,0.3190449023818037,1.013,-0.1541312309714394
cea7bda7-394d-43b6-bd2d-7ba4f5bffd23,Hector Delgado,writer,writer,cloud rap;hip hop;rap,cloud rap,2015-05-26,2015-05-26,1,-0.4376820413677751,6,0.1470817836566133,0.0,-0.27147504601238254
395cc503-63b5-4a0b-a20a-604e3fcacea2,,performer,performer,new wave;pop rock;rock,new wave,1983-01-01,1983-01-01,0,-0.9534887646260604,0,-0.884696928694529,0.0,-0.27147504601238254
8389ff77-a7a4-4ba4-bf1b-17ded47d41a1,Suki Waterhouse,composer;lyricist;vocal;writer,writer,christmas;christmas carol;christmas music;folk;language: english;piano,christmas,1944-11-02,1944-11-02,1,-0.4376820413677751,0,-0.884696928694529,0.0,-0.27147504601238254
95f5b748-d370-47fe-85bd-0af2dc450bc0,Sublime,composer;producer;writer,writer,,,1983-01-01,1983-01-01,1,-0.4376820413677751,3,-0.36880757251895785,0.0,-0.27147504601238254
6c309bb4-112b-46db-b55b-e68068fad581,Pyrex,writer,writer,,,2019-07-01,2019-07-05,2,0.07812468189051006,14,1.5227867334581364,0.011,-0.2702008288697859
550cb78b-4995-4873-baea-76ef265531f5,GZA/Genius,writer,writer,hip hop;trap,hip hop,2018-01-01,2021-04-09,2,0.07812468189051006,22,2.898491683259659,3.269,0.1071991211829216
20877ac4-ce8b-451d-a429-25f8483045e5,Charlie Handsome,writer,writer,,,2021-04-09,2021-04-09,1,-0.4376820413677751,4,-0.19684445379376744,0.0,-0.27147504601238254
6047359d-6c61-47b2-87cc-a622c932767a,Rocco Did It Again!,writer,writer,,,2019-08-09,2019-08-09,1,-0.4376820413677751,2,-0.5407706912441482,0.0,-0.27147504601238254
775ad383-ac2d-479a-af9d-b561442cb749,Sleep Token,composer;lyricist;performer,writer,,,1984-01-01,1984-01-01,1,-0.4376820413677751,1,-0.7127338099693385,0.0,-0.27147504601238254
78a8d998-b910-4176-9135-3d465a35eb3f,Ryan S. Jhun,composer,writer,,,2017-02-09,2017-02-09,2,0.07812468189051006,5,-0.024881335068577065,0.0,-0.27147504601238254
6abef8af-c71e-4337-a907-550dc2d08ed1,Thomas Whitfield,writer,writer,,,2021-01-01,2021-01-01,1,-0.4376820413677751,15,1.6947498521833269,0.0,-0.27147504601238254
7cfaac66-62e5-4fcd-af1b-9d3aa8f68e8b,Emeli Sandé,composer,writer,,,2012-01-01,2012-01-01,1,-0.4376820413677751,2,-0.5407706912441482,0.0,-0.27147504601238254
1cdcccea-2725-41ac-930b-55ca4a4a9db2,Marty Larson Xu,writer,writer,,,2010-01-01,2010-01-01,2,0.07812468189051006,1,-0.7127338099693385,0.0,-0.27147504601238254
d1364e26-224d-4294-bf0c-fee194f71df4,Ted Daryll,writer,writer,,,2015-05-29,2015-05-29,1,-0.4376820413677751,3,-0.36880757251895785,0.0,-0.27147504601238254
5d12875c-a197-43b2-8f29-41dc0ad895c3,Lindsey Buckingham,writer,writer,,,1977-01-01,1977-01-01,1,-0.4376820413677751,5,-0.024881335068577065,0.0,-0.27147504601238254
3c864557-f294-4488-9ca6-b726cc449249,Sevn Thomas,writer,writer,,,2016-01-01,2016-01-01,1,-0.4376820413677751,6,0.1470817836566133,0.0,-0.27147504601238254
b81b607e-7096-4fb3-ae23-83d12b155c54,CashMoney AP,writer,writer,,,2015-04-14,2015-04-14,1,-0.4376820413677751,3,-0.36880757251895785,0.0,-0.27147504601238254
feebaecc-1e5b-4b28-b7c5-a70f9fccdced,ProdByJuice,writer,writer,,,2023-11-18,2023-11-22,2,0.07812468189051006,14,1.5227867334581364,0.011,-0.2702008288697859
95bcfc2e-1517-4af3-b7b9-c1679fdf53c3,George David Weiss,writer,writer,jasrac lost iswc,jasrac lost iswc,1961-01-01,1961-01-01,1,-0.4376820413677751,3,-0.36880757251895785,0.0,-0.27147504601238254
09cbd2ec-576f-4a62-80cb-9b74aa5db4a4,Arys Chien,lyricist,writer,,,2017-02-09,2017-02-09,1,-0.4376820413677751,3,-0.36880757251895785,0.0,-0.27147504601238254
4a94a6cb-e70a-418b-bb53-a37897b950ce,Cole Porter,composer;lyricist,writer,,,1936-10-21,1936-10-21,1,-0.4376820413677751,1,-0.7127338099693385,0.0,-0.27147504601238254
bcdcfdc7-0b3c-4f95-9224-f4a8cd71bb61,Andy Taylor,writer,writer,,,1981-01-01,1985-01-01,3,0.5939314051487953,8,0.4910080211069941,4.0,0.19187664220456957
59eda569-b380-4958-b98c-051d1667b3e1,Waka Flocka Flame,lyricist;performer;vocal;writer,writer,,,2006-01-01,2006-01-01,1,-0.4376820413677751,5,-0.024881335068577065,0.0,-0.27147504601238254
ff621094-2a76-401f-8398-b75b5fd2be24,Johnny Marr,composer;writer,writer,indie rock;pop;pop rock;rock;train,indie rock,1984-01-01,1987-01-01,9,3.688771744698506,4,-0.19684445379376744,3.001,0.07615455807238578
6a07f8c9-eae1-4fed-b379-3ec6354efad1,CLEF CREW,composer;lyricist,writer,,,2020-09-16,2020-09-16,1,-0.4376820413677751,6,0.1470817836566133,0.0,-0.27147504601238254
e6424fa5-08d3-41c6-96f3-8549f733708c,Clipse,lyricist;performer;remixer;vocal,writer,,,2000-01-01,2002-01-01,2,0.07812468189051006,3,-0.36880757251895785,2.001,-0.03968336398185225
05f80bab-9bb3-4292-91f3-75714074f431,Anthony Lee Norris,writer,writer,,,2012-01-01,2012-01-01,1,-0.4376820413677751,6,0.1470817836566133,0.0,-0.27147504601238254
faf916e0-ffc5-4345-a10b-b79ed8c9b8f6,Ski Mask the Slump God,performer;writer,writer,,,2019-01-23,2021-05-27,3,0.5939314051487953,13,1.350823614732946,2.341,-0.0002984704834112851
fa4d19eb-771f-4b6e-b867-fc8f8b7a8717,Clement Scott,composer,writer,,,1947-01-01,1947-01-01,1,-0.4376820413677751,2,-0.5407706912441482,0.0,-0.27147504601238254
dbcbc687-112c-4f19-b44c-0f12e1a3955b,Stint,writer,writer,,,2024-03-25,2024-03-25,1,-0.4376820413677751,10,0.8349342585573748,0.0,-0.27147504601238254
c82f254b-7606-49ca-851b-5da478143a52,Diego Bollella,writer,writer,,,2025-09-18,2025-09-18,1,-0.4376820413677751,3,-0.36880757251895785,0.0,-0.27147504601238254
b78b5783-e814-4ce2-bb8e-9e3a2b4f7354,운학,composer;lyricist,writer,,,2023-05-22,2023-05-30,2,0.07812468189051006,7,0.3190449023818037,0.022,-0.2689266117271893
d42a4776-3a6f-4828-9bf1-23a9477c8774,Marvin Harper,writer,writer,,,2013-01-01,2013-01-01,1,-0.4376820413677751,11,1.0068973772825651,0.0,-0.27147504601238254
3eca8465-cbbc-4dde-9ff6-83d6f9263a3b,Bryan James Sledge,writer,writer,,,2012-01-01,2012-01-01,1,-0.4376820413677751,2,-0.5407706912441482,0.0,-0.27147504601238254
8b8985eb-f71f-4229-9f11-171a7aac98c1,Project Pat,writer,writer,,,2023-10-27,2023-10-27,1,-0.4376820413677751,7,0.3190449023818037,0.0,-0.27147504601238254
54799c0e-eb45-4eea-996d-c4d71a63c499,Ella Fitzgerald,composer;instrument;lyricist;performer;video appearance;vocal;writer,writer,,,1936-01-01,1936-01-01,1,-0.4376820413677751,2,-0.5407706912441482,0.0,-0.27147504601238254
469d6414-1f06-43de-80d5-17762d4a356a,Weyes Blood,composer;instrument;lyricist;producer;vocal;writer,writer,latin;pop rock;soft rock;soul,latin,1963-01-01,1963-01-01,1,-0.4376820413677751,1,-0.7127338099693385,0.0,-0.27147504601238254
aec8a328-d2e8-4780-b2ea-318c7f8d6f75,Scott Joplin,composer,writer,,,1916-05-01,1916-05-01,1,-0.4376820413677751,0,-0.884696928694529,0.0,-0.27147504601238254
7b14eedd-89d1-4df5-b38d-5260b759c5df,Brian Lee,writer,writer,pop,pop,2013-01-01,2017-01-01,4,1.1097381284070802,20,2.5545654458092786,4.0,0.19187664220456957
d44b92db-dd49-4636-abe8-7c381f90b7aa,Lil Tjay,vocal;writer,writer,,,2019-02-01,2021-04-02,5,1.6255448516653654,23,3.0704548019848494,2.166,-0.02057010684290297
7fb57fba-a6ef-44c2-abab-2fa3bdee607e,Childish Gambino,composer;instrument;lyricist;performer;producer;vocal;writer,writer,angry;anthemic;anxious;bittersweet;blue-eyed soul;breakup;energetic;female vocals;longing;melodic;passionate;pop soul;rhythmic;sentimental;serious,angry,2010-01-01,2012-01-01,4,1.1097381284070802,10,0.8349342585573748,1.999,-0.0399150398259607
9ccc0b15-6506-46ba-8bca-6e35d40ebfa7,Dre,writer,writer,,,2019-12-27,2019-12-27,1,-0.4376820413677751,8,0.4910080211069941,0.0,-0.27147504601238254
6ffb8ea9-2370-44d8-b678-e9237bbd347b,,performer,performer,folk;folk rock;heartland rock,folk,1982-01-01,1982-01-01,0,-0.9534887646260604,0,-0.884696928694529,0.0,-0.27147504601238254
acee4af5-a34d-4ab0-96f8-ca050028d643,染谷大陽,composer;lyricist,writer,,,2006-03-21,2008-10-02,2,0.07812468189051006,1,-0.7127338099693385,2.535,0.022174086395110888
df953bcc-b2c6-4148-a088-18140ebcc647,David Freeman,writer,writer,,,2005-01-01,2005-01-01,1,-0.4376820413677751,4,-0.19684445379376744,0.0,-0.27147504601238254
4449ccf6-c948-4d33-aa97-b6ad98ce4b5b,Metric,arranger;composer;performer;recording;remixer;writer,writer,,,1969-02-21,1969-02-21,1,-0.4376820413677751,1,-0.7127338099693385,0.0,-0.27147504601238254
bcd6af9f-afa8-43fd-b1be-acbbbb2f7dc7,Stephen Sondheim,writer,writer,,,1998-01-01,1998-01-01,1,-0.4376820413677751,5,-0.024881335068577065,0.0,-0.27147504601238254
6c8fd0be-d961-454c-aee0-4366a6dbc993,Sam Cooke,composer;lyricist,writer,,,1960-07-26,1960-07-26,1,-0.4376820413677751,1,-0.7127338099693385,0.0,-0.27147504601238254
98d9e162-c149-4629-8793-3c43403fab2f,"Darhyl Camper, Jr.",writer,writer,,,2024-02-01,2024-02-01,1,-0.4376820413677751,9,0.6629711398321845,0.0,-0.27147504601238254
7d7fde25-6f14-497b-8326-770a6dbfc2d8,Nachtzeit,writer,writer,,,2025-08-01,2025-08-01,1,-0.4376820413677751,3,-0.36880757251895785,0.0,-0.27147504601238254
d8196d20-972d-4d20-a584-55d33895a9db,Falonte Moore,writer,writer,,,2001-01-01,2001-01-01,1,-0.4376820413677751,4,-0.19684445379376744,0.0,-0.27147504601238254
41225e9f-3b4c-4287-a778-165c65f04be9,David J,writer,writer,,,1982-01-01,1982-01-01,1,-0.4376820413677751,4,-0.19684445379376744,0.0,-0.27147504601238254
c0ef2ba5-a7b7-40ea-bd27-30acccfcac11,Lauv,composer;engineer;instrument;lyricist;mix;phonographic copyright;producer;programming;recording;vocal;writer,writer,,,2002-01-01,2002-01-01,1,-0.4376820413677751,1,-0.7127338099693385,0.0,-0.27147504601238254
7a2632ff-09d9-4ac8-b7fa-41158f5547a7,VERBAL,writer,writer,,,2024-10-11,2024-10-11,1,-0.4376820413677751,9,0.6629711398321845,0.0,-0.27147504601238254
4f0cb3b7-6c06-4317-ae35-ddf3106a17ee,Red Velvet,performer;video director;vocal,performer,,,2010-03-22,2010-03-22,1,-0.4376820413677751,0,-0.884696928694529,0.0,-0.27147504601238254
5f43abf6-92a5-468a-a633-b73f94627972,ILLENIUM,writer,writer,,,2023-01-01,2023-01-01,1,-0.4376820413677751,6,0.1470817836566133,0.0,-0.27147504601238254
0d3bf21a-5eec-443c-9a37-b305598b0840,Adam Yauch,writer,writer,,,1989-01-01,1998-01-01,6,2.1413515749236507,13,1.350823614732946,8.999,0.7709504145537055
5c2593bc-1621-4c4d-821b-b7bb6ff213b5,,remixer,other,,,1966-12-03,1966-12-03,0,-0.9534887646260604,0,-0.884696928694529,0.0,-0.27147504601238254
815dec5e-c6e9-4684-937b-c67f1c65408d,Jon Marshall,lyricist,writer,,,2003-08-21,2003-08-21,1,-0.4376820413677751,3,-0.36880757251895785,0.0,-0.27147504601238254
dff1edde-017b-447f-874a-936cecab27a3,Mana Obata,writer,writer,,,2020-10-23,2020-10-23,1,-0.4376820413677751,6,0.1470817836566133,0.0,-0.27147504601238254
d011c23d-e8e4-4b7b-90c8-63e26ee0bada,Gary Lucas,composer,writer,,,1994-01-01,1994-01-01,1,-0.4376820413677751,2,-0.5407706912441482,0.0,-0.27147504601238254
7c9a0847-68ff-4766-b5b8-6adf133fd031,Aver Ray,writer,writer,,,2024-02-01,2024-02-01,1,-0.4376820413677751,9,0.6629711398321845,0.0,-0.27147504601238254
8f119f99-c95e-49a4-9634-90a602484125,Prince Markie Dee,writer,writer,,,2012-01-01,2012-01-01,1,-0.4376820413677751,8,0.4910080211069941,0.0,-0.27147504601238254
f82bcf78-5b69-4622-a5ef-73800768d9ac,JAY‐Z,composer;writer,writer,,,2003-01-01,2010-01-01,3,0.5939314051487953,11,1.0068973772825651,7.001,0.539506246289338
ff993040-772f-46a0-b5ea-e8d35c2ae98c,Matt Dike,writer,writer,,,1989-01-01,1989-01-01,1,-0.4376820413677751,6,0.1470817836566133,0.0,-0.27147504601238254
006fbfa3-3ee6-4c29-93fc-771c9282aa26,Ricardo Rouse,writer,writer,,,2013-01-01,2013-01-01,1,-0.4376820413677751,11,1.0068973772825651,0.0,-0.27147504601238254
ef89e761-8e77-41a0-bcae-e7109b826a7a,Mike Ryan,writer,writer,,,2013-06-13,2013-06-13,1,-0.4376820413677751,2,-0.5407706912441482,0.0,-0.27147504601238254
9f42ba3d-3cfc-499c-ba16-7226f56b622f,Westside Gunn,composer;lyricist;performer;vocal;writer,writer,,,2017-01-01,2019-08-30,2,0.07812468189051006,0,-0.884696928694529,2.658,0.03642215080778214
0638ba22-040f-438d-83a5-9b670c4adaf5,Ludacris,composer,writer,,,2008-01-01,2008-01-01,1,-0.4376820413677751,4,-0.19684445379376744,0.0,-0.27147504601238254
d4cc0ed5-0f76-4188-9e14-2a23ca12188a,Leon Russell,writer,writer,,,1970-08-01,1970-08-01,1,-0.4376820413677751,2,-0.5407706912441482,0.0,-0.27147504601238254
7df4c4de-3181-4a69-bd36-9d663970cebb,Alex G,arranger;composer;instrument;instrument arranger;lyricist;producer;recording;writer,writer,,,2010-01-01,2010-01-01,1,-0.4376820413677751,4,-0.19684445379376744,0.0,-0.27147504601238254
b1afd320-018f-4639-b48e-3c16c369e5d4,Jean-Marie Aerts,composer,writer,,,1983-01-01,1983-01-01,1,-0.4376820413677751,2,-0.5407706912441482,0.0,-0.27147504601238254
2f3c4d70-0462-40da-bba3-0aec5772c556,Cardi B,composer;lyricist;performer;vocal;writer,writer,funk;hip hop;new jack swing;pop;r&b;trap,funk,2016-01-01,2018-01-01,9,3.688771744698506,59,9.261127076091704,2.001,-0.03968336398185225
b63a1df4-19dd-4cdb-a0f5-0e575d1f080f,Danny Carey,writer,writer,,,1991-01-01,1993-01-01,3,0.5939314051487953,4,-0.19684445379376744,2.001,-0.03968336398185225
c36f98f6-44d6-466a-a54a-bed0aeaf4034,Árni Teitur Ásgeirsson,writer,writer,,,2015-05-16,2015-05-16,1,-0.4376820413677751,2,-0.5407706912441482,0.0,-0.27147504601238254
c5460e21-d5e7-4e26-ab4c-ba9c627809f8,Key Glock,vocal,performer,,,2023-01-01,2023-01-01,1,-0.4376820413677751,0,-0.884696928694529,0.0,-0.27147504601238254
7d2f744e-4a28-4fff-be97-684fdd4ef881,Tom Scholz,composer;lyricist,writer,,,1976-01-01,1976-01-01,1,-0.4376820413677751,1,-0.7127338099693385,0.0,-0.27147504601238254
022589ac-7177-460d-a178-9976cf70e29f,Freddie Mercury,composer;lyricist;writer,writer,covered by glee,covered by glee,1974-01-01,1981-01-01,6,2.1413515749236507,8,0.4910080211069941,7.001,0.539506246289338
1d11e2a1-4531-4d61-a8c7-7b5c6a608fd2,Ice Cube,composer;lyricist;performer;producer;remixer;video appearance;vocal;writer,writer,,,1981-01-01,1981-01-01,1,-0.4376820413677751,2,-0.5407706912441482,0.0,-0.27147504601238254
dccc5ea0-5de4-4bd6-b665-d0e837bfb7e6,Charles Clapp,composer;lyricist,writer,,,1928-01-01,1928-01-01,1,-0.4376820413677751,1,-0.7127338099693385,0.0,-0.27147504601238254
58824ae6-8f93-4e09-a1c3-c50858f912a7,Marshall Jones,writer,writer,,,2019-04-18,2019-04-18,1,-0.4376820413677751,20,2.5545654458092786,0.0,-0.27147504601238254
af4ea2a3-c54d-40b4-8120-a1f0b838ad54,Joe Strummer,writer,writer,,,1981-01-01,1981-01-01,1,-0.4376820413677751,2,-0.5407706912441482,0.0,-0.27147504601238254
c81c430f-dbe1-4a1e-954f-2a89114331e9,Omer Fedi,writer,writer,,,2020-10-23,2021-01-01,3,0.5939314051487953,9,0.6629711398321845,0.192,-0.2492341649779688
5ca3f318-d028-4151-ac73-78e2b2d6cdcc,Tom Petty,writer,writer,ascap-no-iswc;ripoff,ascap-no-iswc,1989-01-01,2014-01-01,2,0.07812468189051006,7,0.3190449023818037,24.999,2.6243571674215134
c9efd47d-6cc2-45aa-be67-ca59ebac6553,Mark Adams,writer,writer,hip hop,hip hop,2004-01-01,2004-01-01,1,-0.4376820413677751,8,0.4910080211069941,0.0,-0.27147504601238254
f29e031f-c6b6-4d52-8edd-dc8e14378e74,JVKE,phonographic copyright;producer;remixer;vocal;writer,writer,,,2022-04-29,2023-08-04,5,1.6255448516653654,12,1.1788604960077556,1.265,-0.12494007461377143
393e5448-896f-43e9-b80b-4ee58e1e71a4,The Ronettes,performer;vocal,performer,,,1964-01-01,1965-03-01,5,1.6255448516653654,0,-0.884696928694529,1.164,-0.13663970474124948
0374a8d1-3b68-4b53-b003-fa8a24fb4397,Caroline Hjelt,writer,writer,,,2012-01-01,2013-01-01,4,1.1097381284070802,19,2.382602327084088,1.002,-0.15540544811403603
92631c53-91ed-48f5-a09d-a104ba69cdc7,Offset,writer,writer,hip hop;trap,hip hop,2017-10-29,2019-12-27,4,1.1097381284070802,24,3.24241792071004,2.16,-0.021265134375228374
17b883f1-4f22-4173-b156-fc45801ccc0a,Jamie Lloyd-Taylor,writer,writer,,,2022-03-08,2022-03-08,1,-0.4376820413677751,3,-0.36880757251895785,0.0,-0.27147504601238254
604f0692-4d31-479b-a93a-e4c75be21f81,James Francies,writer,writer,,,2020-03-22,2020-03-22,1,-0.4376820413677751,7,0.3190449023818037,0.0,-0.27147504601238254
811900b2-68fc-4d41-8bad-69b7a1f4d628,Nelly,composer;lyricist;performer;producer;remixer;video appearance;vocal;writer,writer,,,2002-01-01,2015-08-08,5,1.6255448516653654,23,3.0704548019848494,13.599,1.3038048560032005
df7759d2-ff1e-494d-a3c4-e81a5ce04fe1,M. McDonald,composer,writer,,,2003-01-01,2003-01-01,1,-0.4376820413677751,2,-0.5407706912441482,0.0,-0.27147504601238254
48262e82-db9f-4a92-b650-dfef979b73ec,Future,composer;instrument;lyricist;performer;producer;programming;vocal;writer,writer,,,2011-09-11,2018-11-30,12,5.236191914473362,27,3.758307276885611,7.22,0.564874751219216
9ca998cf-c1cd-493b-9a5d-a32fd33859ea,Jim Legxacy,writer,writer,,,2023-01-01,2023-01-01,1,-0.4376820413677751,5,-0.024881335068577065,0.0,-0.27147504601238254
ab00597c-43f1-41c4-98ee-6934dcd4179c,Ballard MacDonald,lyricist,writer,,,1924-11-01,1924-11-01,1,-0.4376820413677751,3,-0.36880757251895785,0.0,-0.27147504601238254
ed2ac1e9-d51d-4eff-a2c2-85e81abd6360,Bob Marley,composer;lyricist;writer,writer,acoustic;children's music;folk rock;indie rock;lovers rock;nursery rhymes;pop;pop rock;reggae;rock;sub-publish,acoustic,1966-01-01,1979-01-01,6,2.1413515749236507,6,0.1470817836566133,12.999,1.2343021027706575
15e02679-7a5f-4dd2-850c-5aa6e49d0878,Corey Taylor,writer,writer,,,1997-10-31,1999-01-01,2,0.07812468189051006,9,0.6629711398321845,1.169,-0.13606051513097828
b178fa24-ed91-4e19-acc4-cd3fe76e7a43,Oliver Tree Nickell,writer,writer,,,2021-05-27,2021-05-27,1,-0.4376820413677751,2,-0.5407706912441482,0.0,-0.27147504601238254
dbf295d7-8e29-44db-b2f7-6eb1e40e4c8e,Steven Adler,composer,writer,,,1985-08-01,1985-08-01,1,-0.4376820413677751,4,-0.19684445379376744,0.0,-0.27147504601238254
5c94241f-d522-4222-a1d6-8b08dbd26723,DJ Daryl,composer,writer,hip hop,hip hop,1992-01-01,1992-01-01,1,-0.4376820413677751,4,-0.19684445379376744,0.0,-0.27147504601238254
2309d446-c871-498b-a6e4-970d7fce0ee6,Danny Means,writer,writer,g-funk;hip hop,g-funk,2000-01-01,2000-01-01,1,-0.4376820413677751,8,0.4910080211069941,0.0,-0.27147504601238254
cc30e630-8c75-4d78-b205-8e2edc6bdaa7,Coolio,writer,writer,,,1994-01-01,1994-01-01,1,-0.4376820413677751,3,-0.36880757251895785,0.0,-0.27147504601238254
91450f97-d44a-4364-acf4-882433df30a8,Jax,writer,writer,,,2022-04-29,2022-04-29,1,-0.4376820413677751,3,-0.36880757251895785,0.0,-0.27147504601238254
7a45c6ea-bb66-4e85-8643-271658fe935e,Howard Ashman,lyricist,writer,,,1989-01-01,1989-01-01,1,-0.4376820413677751,3,-0.36880757251895785,0.0,-0.27147504601238254
b2befbb4-c585-4b05-8efa-3deebc8e1385,BØRNS,remixer;vocal;writer,writer,,,1984-01-01,1984-01-01,1,-0.4376820413677751,1,-0.7127338099693385,0.0,-0.27147504601238254
661e20c8-3d82-4da2-94a2-97d9e11691c0,John Barry,composer;writer,writer,,,1971-01-01,1985-01-01,2,0.07812468189051006,9,0.6629711398321845,14.001,1.3503717006690041
8971fa37-c402-474a-b897-e2bbc145b59d,Moneybagg Yo,writer,writer,,,2018-02-14,2019-12-06,2,0.07812468189051006,6,0.1470817836566133,1.807,-0.06215592086037442
75be165a-ad83-4d12-bd28-f589a15c479f,Major Lazer,performer;producer;remixer,performer,disco;electronic;house,disco,2000-01-01,2000-01-01,1,-0.4376820413677751,0,-0.884696928694529,0.0,-0.27147504601238254
8c84402d-f282-4afc-8d64-049bdaabb92d,RedOne,writer,writer,,,2009-01-01,2009-01-01,1,-0.4376820413677751,3,-0.36880757251895785,0.0,-0.27147504601238254
8b22acd6-20e6-4463-a75c-c14b5cfdb666,Earl Sweatshirt,performer;producer;vocal;writer,writer,,,2009-12-25,2012-01-01,3,0.5939314051487953,14,1.5227867334581364,2.018,-0.037714119306930215
736c4c01-029f-42d2-8a1e-ff87f65073fa,Flawed Mangoes,writer,writer,,,2024-08-30,2024-08-30,1,-0.4376820413677751,1,-0.7127338099693385,0.0,-0.27147504601238254
f35494f7-1193-4277-b69f-6b10d50e0f09,Lowell,writer,writer,,,2023-09-15,2023-09-15,1,-0.4376820413677751,7,0.3190449023818037,0.0,-0.27147504601238254
36494952-f434-45d8-a958-8b4acdbcf8a8,Gucci Mane,lyricist;performer;remixer;samples from artist;vocal;writer,writer,blues,blues,1967-11-01,2018-09-13,2,0.07812468189051006,3,-0.36880757251895785,50.867,5.620852535120543
e7c13d2c-630c-4796-9188-77e2281f32cc,Pierre Beasley,writer,writer,,,2025-05-29,2025-05-29,1,-0.4376820413677751,1,-0.7127338099693385,0.0,-0.27147504601238254
e1df91b3-20af-436a-9135-b3265147684f,Hester Chambers,composer;lyricist;writer,writer,,,2002-04-03,2002-04-03,2,0.07812468189051006,2,-0.5407706912441482,0.0,-0.27147504601238254
55e6074f-ef78-4ec3-8fff-bd1b8cc8c14a,Niall Horan,instrument;lyricist;performer;phonographic copyright;video appearance;vocal;writer,writer,,,1982-01-01,1982-01-01,1,-0.4376820413677751,3,-0.36880757251895785,0.0,-0.27147504601238254
3a5d1cc7-627e-48ea-aba3-fdd20d782c33,Chico Buarque,arranger;composer;instrument;lyricist;performer;translator;vocal;writer,writer,,,1924-11-01,1924-11-01,1,-0.4376820413677751,3,-0.36880757251895785,0.0,-0.27147504601238254
ee190f6b-7d98-43ec-b924-da5f8018eca0,Janelle Monáe,writer,writer,,,2023-06-09,2023-06-09,1,-0.4376820413677751,5,-0.024881335068577065,0.0,-0.27147504601238254
5508631d-697f-4839-a669-06637e5bcb90,Jordin Sparks,writer,writer,,,2013-01-01,2013-01-01,1,-0.4376820413677751,12,1.1788604960077556,0.0,-0.27147504601238254
59575779-fc9a-49f8-a01a-10b363f7cc79,Ebow Graham,writer,writer,,,2010-11-01,2010-11-01,1,-0.4376820413677751,3,-0.36880757251895785,0.0,-0.27147504601238254
fc4953aa-6bf4-4f1f-8e47-5ac79ca428e2,Ronnie James Dio,composer;lyricist,writer,,,1980-01-01,1980-01-01,1,-0.4376820413677751,3,-0.36880757251895785,0.0,-0.27147504601238254
4e024037-14b7-4aea-99ad-c6ace63b9620,Madvillain,performer;producer,performer,,,2002-11-01,2004-01-01,5,1.6255448516653654,0,-0.884696928694529,1.166,-0.136408028897141
db56fad3-0dad-4b0d-9415-6a13ee695c64,J‐Bo,writer,writer,,,2012-01-01,2013-01-01,2,0.07812468189051006,9,0.6629711398321845,1.002,-0.15540544811403603
4757df70-6c3e-46b8-99c0-a68644595c9a,Julia Michaels,writer,writer,,,2016-01-01,2016-01-01,1,-0.4376820413677751,15,1.6947498521833269,0.0,-0.27147504601238254
83d3cc07-60e7-4139-b5f0-3cda9f5aa99b,John Densmore,writer,writer,psychedelic rock;ripoff;wrong guess case,psychedelic rock,1967-01-01,1971-01-01,7,2.657158298181936,10,0.8349342585573748,4.0,0.19187664220456957
9b80e411-7ef4-4654-8d04-8696345e8879,Gregg Alexander,composer;writer,writer,,,2000-01-01,2001-01-01,2,0.07812468189051006,2,-0.5407706912441482,1.002,-0.15540544811403603
54fc0558-12b5-4854-9d57-9441bcd73a72,Kim Petras,composer;vocal;writer,writer,meme,meme,1985-01-01,1985-01-01,1,-0.4376820413677751,1,-0.7127338099693385,0.0,-0.27147504601238254
1ebc9eb7-a97e-46a3-9ed7-b57244f74c93,BENJMN,writer,writer,,,2025-09-26,2025-09-26,1,-0.4376820413677751,5,-0.024881335068577065,0.0,-0.27147504601238254
c7fe949a-9f5c-435d-b1a9-30f04180ec69,Taylor Hill,writer,writer,,,2022-07-22,2022-07-22,1,-0.4376820413677751,9,0.6629711398321845,0.0,-0.27147504601238254
775a253c-93e9-49fa-a9af-7577fe1c8e99,Yuna,writer,writer,,,2020-10-23,2020-10-23,1,-0.4376820413677751,6,0.1470817836566133,0.0,-0.27147504601238254
254056f5-1e3a-4167-80d4-3449c0b8db1e,Play Picasso,writer,writer,,,2015-01-01,2015-01-01,1,-0.4376820413677751,3,-0.36880757251895785,0.0,-0.27147504601238254
44727d86-a37c-449f-aa91-4a8554127336,Julie Doiron,composer;recording;vocal,writer,,,1965-01-01,1965-01-01,1,-0.4376820413677751,1,-0.7127338099693385,0.0,-0.27147504601238254
6dfc8dc4-5b10-4d50-add2-c56104bd235b,Subhaan Rahman,writer,writer,,,2021-01-01,2021-01-01,1,-0.4376820413677751,7,0.3190449023818037,0.0,-0.27147504601238254
8339c0c3-7a04-4b19-8ca3-b149e0d09222,Yves,composer;lyricist;performer;vocal;vocal arranger,writer,monotree,monotree,2017-12-28,2017-12-28,1,-0.4376820413677751,2,-0.5407706912441482,0.0,-0.27147504601238254
1da369a4-7e66-4b30-8aa7-33426370347a,Alex North,composer,writer,avant-garde;avant-garde jazz;free improvisation;free jazz;fusion;jazz;pop;rock,avant-garde,1955-01-01,1955-01-01,1,-0.4376820413677751,2,-0.5407706912441482,0.0,-0.27147504601238254
8985348a-1024-4c99-b284-19d3b983e1f4,Angie Martinez,writer,writer,,,2021-01-01,2021-01-01,1,-0.4376820413677751,15,1.6947498521833269,0.0,-0.27147504601238254
6a3cf2b0-b60f-4cc0-805b-730e1f33f505,Danny Snodgrass,composer;writer,writer,,,2017-01-01,2020-02-21,4,1.1097381284070802,9,0.6629711398321845,3.138,0.09202435339381639
e471b63c-c3b5-4f62-a971-cd0b2273838f,Serj Tankian,composer;lyricist,writer,,,1996-01-01,1997-01-01,5,1.6255448516653654,3,-0.36880757251895785,1.002,-0.15540544811403603
3e55d51d-687f-4a9d-af96-2fabccf802e5,The Cardigans,engineer;mix;performer;producer;recording,performer,drum and bass;dub;dubstep;electronic;jungle;metal;reggae,drum and bass,1970-01-01,1970-01-01,1,-0.4376820413677751,0,-0.884696928694529,0.0,-0.27147504601238254
0c502791-4ee9-4c5f-9696-0602b721ff3b,Electric Light Orchestra,arranger;performer;samples from artist;writer,writer,,,1971-12-03,1971-12-03,1,-0.4376820413677751,1,-0.7127338099693385,0.0,-0.27147504601238254
1db73bf2-2e08-4f7c-88de-cf4020800294,Daniel Rosenfeld,composer,writer,electronic;game soundtrack;minecraft;soundtrack,electronic,2011-03-04,2011-03-04,2,0.07812468189051006,1,-0.7127338099693385,0.0,-0.27147504601238254
46a16e88-4537-4b29-a06b-4a5dfe90a6cd,J.J. Jeczalik,writer,writer,,,1995-10-28,1995-10-28,1,-0.4376820413677751,8,0.4910080211069941,0.0,-0.27147504601238254
63359ba7-51a9-484a-a009-17971ec633e0,Lucien Parker,writer,writer,,,2024-02-01,2024-02-01,1,-0.4376820413677751,9,0.6629711398321845,0.0,-0.27147504601238254
a74b1b7f-71a5-4011-9441-d0b5e4122711,Radiohead,composer;instrument arranger;lyricist;mix;performer;producer;recording;video appearance;writer,writer,arena rock;classic rock;pop;pop rock;rock,arena rock,1982-09-01,1982-09-01,1,-0.4376820413677751,0,-0.884696928694529,0.0,-0.27147504601238254
ee74db56-c264-4c23-9504-29e2d8078f36,keshi,instrument;producer;vocal;writer,writer,hip hop;pop,hip hop,2022-09-09,2024-01-01,4,1.1097381284070802,8,0.4910080211069941,1.311,-0.11961153019927648
6a07c595-3096-43c2-99f2-509c0762b822,Andrew Ridgeley,composer;lyricist;writer,writer,meme;sex music,meme,1984-01-01,2024-02-09,2,0.07812468189051006,9,0.6629711398321845,40.107,4.374436493816942
7d3f7aed-fb9c-4e80-b198-64cd6ae31cb8,Steven Tyler,composer;lyricist;writer,writer,,,1987-01-01,1988-01-01,4,1.1097381284070802,5,-0.024881335068577065,0.999,-0.15575296188019871
5dfc9ac5-79ec-4e27-b12f-38ec5006c1be,Richard Foulks,writer,writer,,,2016-01-01,2016-01-01,1,-0.4376820413677751,15,1.6947498521833269,0.0,-0.27147504601238254
6cb79cb2-9087-44d4-828b-5c6fdff2c957,Gary Numan,composer;lyricist,writer,,,1979-01-01,1979-01-01,1,-0.4376820413677751,1,-0.7127338099693385,0.0,-0.27147504601238254
405e3c0e-e430-4e82-bb68-055d026e90fd,Jahs,writer,writer,,,2022-04-29,2022-04-29,1,-0.4376820413677751,3,-0.36880757251895785,0.0,-0.27147504601238254
d4791960-0206-4f1a-9acb-dc88fdfc57d8,Steven Victor,writer,writer,,,2021-01-01,2021-01-01,1,-0.4376820413677751,15,1.6947498521833269,0.0,-0.27147504601238254
3101759b-cae6-42d1-bbc0-17948bd45622,Joan Javits,writer,writer,christmas;christmas music;horny for santa;list song,christmas,1953-01-01,1953-01-01,1,-0.4376820413677751,3,-0.36880757251895785,0.0,-0.27147504601238254
5a2071aa-0787-49fb-931c-fa85ba86e681,Mike WiLL Made‐It,composer;writer,writer,,,2012-01-01,2018-01-01,8,3.172965021440221,26,3.5863441581604207,6.001,0.4236683242350999
2bf761c6-4bcf-4cfc-a388-8fcb2eea8cc8,Tyla,composer;lyricist;writer,writer,,,1973-01-01,1973-01-01,1,-0.4376820413677751,2,-0.5407706912441482,0.0,-0.27147504601238254
351bf0c8-00a9-41da-923d-2daa61a21179,Sean Silverman,writer,writer,,,2023-09-15,2025-03-28,2,0.07812468189051006,9,0.6629711398321845,1.533,-0.09389551150323565
3a8d955f-fe39-4092-97e7-29f9ada69490,Monte Booker,writer,writer,,,2020-06-12,2020-06-12,1,-0.4376820413677751,2,-0.5407706912441482,0.0,-0.27147504601238254
7bf2add2-1fd6-466a-9e4a-ebfe38306a91,Brian Howes,writer,writer,,,2006-10-03,2009-01-01,3,0.5939314051487953,2,-0.5407706912441482,2.248,-0.011071397234455419
b41b38d4-ef3e-4f37-8c75-cfe9af999696,Cage the Elephant,composer;lyricist;performer,writer,,,1964-01-01,1964-01-01,1,-0.4376820413677751,2,-0.5407706912441482,0.0,-0.27147504601238254
45dc5f07-6609-4760-a933-8c9e0f858d05,French Montana,composer;engineer;lyricist;performer;producer;vocal;writer,writer,,,2012-01-01,2019-04-18,6,2.1413515749236507,38,5.6499015828627055,7.294,0.5734467574512296
6925db17-f35e-42f3-a4eb-84ee6bf5d4b0,Olivia Rodrigo,composer;instrument;lyricist;phonographic copyright;producer;vocal;writer,writer,pop rock,pop rock,1972-01-01,1972-01-01,1,-0.4376820413677751,1,-0.7127338099693385,0.0,-0.27147504601238254
a5124554-0dcb-42fc-9b28-8b3c52ad8358,Russ Freeman,composer,writer,,,1991-01-01,1991-01-01,1,-0.4376820413677751,1,-0.7127338099693385,0.0,-0.27147504601238254
85a21c41-0514-480c-8412-0230f3de5aa4,Greg Lawson,composer;lyricist,writer,,,2000-01-01,2000-01-01,1,-0.4376820413677751,5,-0.024881335068577065,0.0,-0.27147504601238254
9b6d374f-4aa4-4483-8587-45ed4758d231,Kerry Brothers,writer,writer,,,2009-01-01,2009-01-01,1,-0.4376820413677751,3,-0.36880757251895785,0.0,-0.27147504601238254
c3da3346-2643-48a7-93cd-011f6834b3d7,Sean Paul,composer;lyricist;performer;producer;programming;samples from artist;video appearance;vocal;writer,writer,children's music;nursery rhymes;pop,children's music,1977-01-01,2006-01-01,2,0.07812468189051006,6,0.1470817836566133,28.999,3.0877088556384655
b0bea75d-5324-4153-904a-879dc42797af,Billy Foster,lyricist,writer,,,1967-01-01,1967-01-01,1,-0.4376820413677751,2,-0.5407706912441482,0.0,-0.27147504601238254
b3461bc9-768d-40fe-8d47-c93c2c0e2789,Eric Erlandson,writer,writer,,,1998-01-01,1998-01-01,1,-0.4376820413677751,3,-0.36880757251895785,0.0,-0.27147504601238254
72c536dc-7137-4477-a521-567eeb840fa8,Bob Dylan,arranger;composer;instrument;lyricist;mix-dj;orchestrator;performer;producer;video appearance;vocal;writer,writer,alternative rock;folk rock;language: english;pop;psychedelic rock;ripped off,alternative rock,1963-01-01,1994-01-01,16,7.299418807506503,13,1.350823614732946,31.001,3.3196163755910506
cb88c5ff-801a-4c31-96e6-c2553ced8e0a,Herbie Crichlow,writer,writer,ballad;bubblegum pop;contemporary r&b;europop;funk;pop;soul,ballad,1998-01-01,1998-01-01,1,-0.4376820413677751,2,-0.5407706912441482,0.0,-0.27147504601238254
66c662b6-6e2f-4930-8610-912e24c63ed1,AC/DC,arranger;producer,production,hard rock,hard rock,1979-01-01,1979-01-01,3,0.5939314051487953,3,-0.36880757251895785,0.0,-0.27147504601238254
bf6c29f5-b69f-4842-9031-37f9645d365d,Carole King,composer;lyricist,writer,acoustic;folk rock;jazz;philly soul;pop;pop rock;r&b;rock;soft rock;soul;soul. r&b,acoustic,1965-03-01,1991-01-01,5,1.6255448516653654,7,0.3190449023818037,25.837,2.721429346102965
265796ae-9a57-42c4-85a3-57a036ad9cc5,David John,writer,writer,,,2015-11-27,2015-11-27,1,-0.4376820413677751,4,-0.19684445379376744,0.0,-0.27147504601238254
74ed34ce-ee95-44e9-a87d-4d2d5056c24a,Samuel Barber,composer,writer,classical;orchestral,classical,1966-01-01,1966-01-01,1,-0.4376820413677751,1,-0.7127338099693385,0.0,-0.27147504601238254
53b106e7-0cc6-42cc-ac95-ed8d30a3a98e,John Williams,arranger;composer;conductor;instrument;lyricist;orchestrator;performer;producer;revised by;vocal;writer,writer,,,1953-01-01,1953-01-01,1,-0.4376820413677751,2,-0.5407706912441482,0.0,-0.27147504601238254
9c9f1380-2516-4fc9-a3e6-f9f61941d090,Muse,composer;engineer;instrument arranger;mix;performer;phonographic copyright;producer,writer,,,1987-01-01,1987-01-01,1,-0.4376820413677751,4,-0.19684445379376744,0.0,-0.27147504601238254
28f344b7-2261-4bbe-8ce9-a8a31b7fd635,Eddie Clarke,writer,writer,,,1980-01-01,1980-01-01,1,-0.4376820413677751,3,-0.36880757251895785,0.0,-0.27147504601238254
3d2b98e5-556f-4451-a3ff-c50ea18d57cb,Aerosmith,arranger;composer;lyricist;performer;producer;writer,writer,,,1987-01-01,1988-01-01,4,1.1097381284070802,5,-0.024881335068577065,0.999,-0.15575296188019871
0ce1a4c2-ad1e-40d0-80da-d3396bc6518a,"Larry Mullen, Jr.",composer,writer,arena rock;classic rock;pop;pop rock;rock,arena rock,1982-09-01,1992-01-01,6,2.1413515749236507,7,0.3190449023818037,9.333,0.809640280519821
12ff981a-0226-46de-b9cb-c26b3364de14,DJ Plugg,writer,writer,,,2014-11-09,2014-11-09,1,-0.4376820413677751,2,-0.5407706912441482,0.0,-0.27147504601238254
5f6ab597-f57a-40da-be9e-adad48708203,Dr. Dre,arranger;composer;instrument;lyricist;mix;performer;producer;programming;recording;remixer;video appearance;video director;vocal;writer,writer,diss track;g-funk;hip hop,diss track,1992-01-01,2019-04-18,6,2.1413515749236507,31,4.4461597517863725,27.294,2.8902051985359902
589ef702-7f3a-4a1c-8f2c-4727005cfc0e,John Newman,writer,writer,,,2012-01-01,2012-01-01,1,-0.4376820413677751,5,-0.024881335068577065,0.0,-0.27147504601238254
2b5bdcc5-6ef4-48da-b4e7-b2c16208fc2c,Curtis Kirk,writer,writer,,,2020-03-22,2020-03-22,1,-0.4376820413677751,7,0.3190449023818037,0.0,-0.27147504601238254
2aecae31-7ed3-4b5b-b4c1-d71c346a6ac2,Sergio Galli,writer,writer,,,1983-01-01,1983-01-01,1,-0.4376820413677751,2,-0.5407706912441482,0.0,-0.27147504601238254
3dda6037-415b-4ac3-9476-86db3385550a,Molly Rankin,writer,writer,,,2017-08-01,2017-09-08,5,1.6255448516653654,1,-0.7127338099693385,0.104,-0.2594279021187418
07567c90-50bc-4945-941b-e9489def8620,DJ Marley Waters,writer,writer,,,2014-01-01,2014-01-01,1,-0.4376820413677751,6,0.1470817836566133,0.0,-0.27147504601238254
763cb144-afdb-471e-bd86-d4f5b9b58641,Adrianne Lenker,composer;engineer;instrument;lyricist;mix;producer;vocal;writer,writer,,,1969-01-01,1969-01-01,1,-0.4376820413677751,1,-0.7127338099693385,0.0,-0.27147504601238254
3c714102-94d8-42f4-9005-fb8a75c2766d,Frankie Valli,composer;performer;video appearance;vocal,writer,christmas;christmas music;instrumental;pop;pop rock;soft rock,christmas,1933-02-01,1934-01-01,2,0.07812468189051006,3,-0.36880757251895785,0.914,-0.16559918525480896
94b0fb9d-a066-4823-b2ec-af1d324bcfcf,The Velvet Underground,arranger;conductor;producer;writer,writer,,,1969-03-01,1969-03-01,4,1.1097381284070802,1,-0.7127338099693385,0.0,-0.27147504601238254
383d6203-8dac-48dc-8faa-808d01932663,Dylan Brady,composer;lyricist,writer,dance-pop;pop,dance-pop,2025-08-22,2025-08-22,1,-0.4376820413677751,3,-0.36880757251895785,0.0,-0.27147504601238254
c45d161f-83ce-4464-ba41-44202e6916d9,Juicy J,writer,writer,,,2012-01-01,2023-11-18,3,0.5939314051487953,26,3.5863441581604207,11.88,1.1046794679919654
d70f46f1-78a7-40d6-9961-80e9d6d92c71,Ray Romulus,writer,writer,funk;new jack swing;pop;r&b,funk,2016-01-01,2016-01-01,1,-0.4376820413677751,8,0.4910080211069941,0.0,-0.27147504601238254
d43a143b-5e20-428c-baf6-10bc35f1ff90,Christo,writer,writer,,,2019-07-05,2019-07-05,1,-0.4376820413677751,6,0.1470817836566133,0.0,-0.27147504601238254
f71f8e0d-c109-4a50-9826-2559981d915e,Till Lindemann,writer,writer,,,1996-08-18,1996-08-18,1,-0.4376820413677751,6,0.1470817836566133,0.0,-0.27147504601238254
4bd95eea-b9f6-4d70-a36c-cfea77431553,Alice in Chains,performer;producer,performer,,,1992-01-01,1992-01-01,5,1.6255448516653654,0,-0.884696928694529,0.0,-0.27147504601238254
7dc8f5bd-9d0b-4087-9f73-dc164950bbd8,Queens of the Stone Age,composer;producer,writer,,,1965-01-01,1965-01-01,1,-0.4376820413677751,1,-0.7127338099693385,0.0,-0.27147504601238254
b3713c4d-4b17-49f2-86d2-446909d8291e,Aaron Berton,writer,writer,,,2025-09-26,2025-09-26,2,0.07812468189051006,9,0.6629711398321845,0.0,-0.27147504601238254
ab624b4b-31cf-47ae-bb46-57bd5a710b7e,Anthony Watts,writer,writer,,,2025-09-26,2025-09-26,1,-0.4376820413677751,5,-0.024881335068577065,0.0,-0.27147504601238254
20873fa9-a77c-4a8c-ac50-d679a515ce54,BuildingOwner,composer;lyricist,writer,,,2020-09-16,2020-09-16,1,-0.4376820413677751,3,-0.36880757251895785,0.0,-0.27147504601238254
ee066f12-9e55-4d52-954a-7876f2fa8ea1,이윤진,composer;lyricist,writer,,,2020-09-16,2020-09-16,1,-0.4376820413677751,6,0.1470817836566133,0.0,-0.27147504601238254
8f9d6bb2-dba4-4cca-9967-cc02b9f4820c,Limp Bizkit,composer;performer;phonographic copyright;producer;samples from artist;writer,writer,,,1982-01-01,1982-01-01,1,-0.4376820413677751,0,-0.884696928694529,0.0,-0.27147504601238254
0e738f68-783c-4a6a-80ae-4f7500861060,Kurt Weill,composer,writer,,,1930-01-01,1930-01-01,1,-0.4376820413677751,2,-0.5407706912441482,0.0,-0.27147504601238254
c48d4327-8122-4286-af66-05e1ee6ac4d8,Mazzy Star,engineer,production,blues rock;country;country rock;rock;rock and roll,blues rock,1970-01-01,1972-01-01,2,0.07812468189051006,0,-0.884696928694529,1.999,-0.0399150398259607
4a8ac23a-e27a-44db-814a-f8c31beb68e6,Cassie,performer;video appearance;vocal;writer,writer,alternative hip hop;hip hop,alternative hip hop,2006-01-01,2008-01-01,2,0.07812468189051006,3,-0.36880757251895785,1.999,-0.0399150398259607
95663592-1447-4579-90f7-c94733476667,,performer,performer,,,2011-01-01,2011-01-01,0,-0.9534887646260604,0,-0.884696928694529,0.0,-0.27147504601238254
ddfd9b2f-186e-4b2c-ad09-01aa5380c225,Robin Thicke,writer,writer,ripoff,ripoff,2013-01-01,2013-01-01,1,-0.4376820413677751,4,-0.19684445379376744,0.0,-0.27147504601238254
82953e0d-464a-4fb8-80fc-78dbf8b49b1b,DuBose Heyward,lyricist,writer,blues;rock,blues,1935-01-01,1935-01-01,1,-0.4376820413677751,4,-0.19684445379376744,0.0,-0.27147504601238254
8fc6b153-d183-408c-9e39-bf91bfc74998,Greg Curtis,writer,writer,,,2005-01-01,2005-01-01,1,-0.4376820413677751,1,-0.7127338099693385,0.0,-0.27147504601238254
06ed4e1e-4416-4a7c-b14b-bc68dfd252aa,Jimmie Davis,writer,writer,appears in star trek,appears in star trek,1940-03-25,1940-03-25,1,-0.4376820413677751,2,-0.5407706912441482,0.0,-0.27147504601238254
0e5bf20d-a6ff-4ba2-89b5-bce7bd677750,Kelsey,writer,writer,,,2011-04-08,2011-04-08,1,-0.4376820413677751,3,-0.36880757251895785,0.0,-0.27147504601238254
94c64122-dbd4-4927-b2fa-f204b0b4b0c2,Ravyn Lenae,vocal;writer,writer,,,2020-06-12,2022-08-26,2,0.07812468189051006,3,-0.36880757251895785,2.204,-0.016168265804841896
3ba54400-4c97-450f-b108-bcd90b9b2b76,Bas,writer,writer,,,2019-06-12,2019-07-01,2,0.07812468189051006,15,1.6947498521833269,0.052,-0.26545147406556213
79733f6e-5bfd-4e5d-be56-8fe1cf60df68,Grant Marshall,writer,writer,oldest work #10,oldest work #10,1990-01-01,1994-01-01,7,2.657158298181936,22,2.898491683259659,4.0,0.19187664220456957
31d2041c-985d-48f7-b6e2-2a70cdf14853,Courtney Love,writer,writer,,,1998-01-01,1998-01-01,1,-0.4376820413677751,3,-0.36880757251895785,0.0,-0.27147504601238254
6dd3bfb0-d467-4192-a09b-ad6423db59cc,FreshDuzIt,writer,writer,,,2019-09-13,2019-12-06,2,0.07812468189051006,4,-0.19684445379376744,0.23,-0.24483232393990778
72c090b6-a68e-4cb9-b330-85278681a714,John Cale,composer;lyricist,writer,,,1966-01-01,1966-01-01,1,-0.4376820413677751,1,-0.7127338099693385,0.0,-0.27147504601238254
a668565b-41b8-44a8-9d5c-8e609dbf69fc,Lil Yachty,composer;lyricist;performer;producer;remixer;vocal;writer,writer,boogie;dance-pop;disco;electro;funk;nu disco,boogie,1985-01-01,2017-01-01,3,0.5939314051487953,11,1.0068973772825651,32.0,3.4353384597232344
ed3c8e2f-d7ce-4d0a-aafe-2c4ddd51f8ff,Ely Rise,writer,writer,,,2020-03-22,2020-03-22,1,-0.4376820413677751,7,0.3190449023818037,0.0,-0.27147504601238254
65f4f0c5-ef9e-490c-aee3-909e7ae6b2ab,Metallica,performer;phonographic copyright;producer,performer,classic rock;hard rock;rock,classic rock,1969-01-01,1970-01-01,2,0.07812468189051006,0,-0.884696928694529,0.999,-0.15575296188019871
fd36f43e-5bd1-488e-b844-0e059250ef78,glaive,composer;engineer;lyricist;mix;performer;producer;recording;vocal;writer,writer,christmas;christmas music;electronic;holiday;pop;synth-pop,christmas,1984-01-01,1984-01-01,1,-0.4376820413677751,1,-0.7127338099693385,0.0,-0.27147504601238254
1bfa27e3-0376-4206-a772-4586e25a64f5,Milton Nascimento,arranger;composer;conductor;instrument;lyricist;performer;producer;vocal;writer,writer,beat;easy listening;pop;pop rock;rock;rock and roll,beat,1965-01-01,1978-01-01,4,1.1097381284070802,6,0.1470817836566133,12.999,1.2343021027706575
b8df4f20-fddd-40ea-966e-55028f6043c7,Mano,writer,writer,,,2016-01-01,2016-01-01,1,-0.4376820413677751,6,0.1470817836566133,0.0,-0.27147504601238254
3b6abaef-febf-4cfe-943f-6a20cf0afdad,Bizarrap,composer;producer,writer,,,2019-08-30,2019-08-30,1,-0.4376820413677751,0,-0.884696928694529,0.0,-0.27147504601238254
69de913c-4959-45b8-bd1c-05bfc20f270c,Trevor Randolph,writer,writer,,,1996-01-01,1996-01-01,1,-0.4376820413677751,4,-0.19684445379376744,0.0,-0.27147504601238254
d48e95be-8390-4c9b-875e-ea8f51de1435,Connor Hanwick,writer,writer,,,2011-01-01,2011-01-01,3,0.5939314051487953,1,-0.7127338099693385,0.0,-0.27147504601238254
ff3ccbb8-5308-4685-bcb2-462ec5c66aa4,Yuuki Matsuni,writer,writer,,,2020-10-23,2020-10-23,1,-0.4376820413677751,6,0.1470817836566133,0.0,-0.27147504601238254
2b4abc88-570c-4664-a989-e581d6f8fb31,Annika Bennett,writer,writer,,,2024-03-25,2024-03-25,1,-0.4376820413677751,10,0.8349342585573748,0.0,-0.27147504601238254
00f35f62-f3d8-49d0-bf19-a2406ca71703,Patrick de Meyer,composer,writer,electronic;euro house;house;progressive house;tech house,electronic,1989-01-01,1989-01-01,1,-0.4376820413677751,3,-0.36880757251895785,0.0,-0.27147504601238254
adb7a259-7c37-40d1-ba83-44c927c64e71,Laquan Green,writer,writer,hip hop;trap,hip hop,2017-01-01,2017-01-01,1,-0.4376820413677751,5,-0.024881335068577065,0.0,-0.27147504601238254
c995a379-60b9-404b-bd97-a7e2de0751d3,Rob Zombie,composer;engineer;instrument;lyricist;mix;performer;producer;remixer;samples from artist;video director;vocal;writer,writer,,,1968-11-22,1968-11-22,1,-0.4376820413677751,0,-0.884696928694529,0.0,-0.27147504601238254
10886c9d-c106-4337-9653-430989ec484e,David Roback,composer,writer,,,1993-01-01,1993-01-01,1,-0.4376820413677751,2,-0.5407706912441482,0.0,-0.27147504601238254
4213cbd6-ac51-4850-9e0f-d774610c69b2,Kdai,composer;lyricist,writer,,,2015-09-14,2015-09-14,1,-0.4376820413677751,2,-0.5407706912441482,0.0,-0.27147504601238254
db48610c-6d8f-4d10-90ca-c4d14bb1a8b1,G‐Eazy,writer,writer,,,2015-11-27,2024-11-08,3,0.5939314051487953,18,2.2106392083588977,8.95,0.7652743563730477
69135e6a-bde8-418e-8ab2-1c4c7e88760e,Kevin Kadish,writer,writer,,,2016-01-01,2016-01-01,1,-0.4376820413677751,2,-0.5407706912441482,0.0,-0.27147504601238254
4387a8ed-8a80-453c-a863-73dc0b23900c,Steve Cropper,writer,writer,,,1964-01-01,1964-01-01,1,-0.4376820413677751,2,-0.5407706912441482,0.0,-0.27147504601238254
b5ffc3aa-b868-4b88-905f-d73d51dbe51c,Mick Jagger,writer,writer,blues;blues rock;classic rock;country;country rock;hard rock;rock;rock and roll,blues,1966-01-01,1978-01-01,6,2.1413515749236507,5,-0.024881335068577065,12.0,1.1185800186384738
bfcb6630-9b31-4e63-b11f-7b0363be72b5,The Lumineers,phonographic copyright;producer;recording,production,ambient;celtic;christmas;christmas carol;christmas music;classical;country;electronic;holiday;language: english;modern classical;neo-classical;pop;vocal,ambient,1928-01-01,1928-01-01,1,-0.4376820413677751,0,-0.884696928694529,0.0,-0.27147504601238254
5bddb0fa-66f7-47c8-bf00-afecab627d59,Lô Borges,composer;instrument;lyricist;vocal;writer,writer,,,1970-01-01,1972-01-01,3,0.5939314051487953,5,-0.024881335068577065,1.999,-0.0399150398259607
4c45495f-b9f3-4d03-9fac-d44c8a77f5de,Kirk Hammett,composer;writer,writer,,,1984-01-01,1990-01-01,2,0.07812468189051006,4,-0.19684445379376744,6.001,0.4236683242350999
e9b419b5-ab8f-425c-8214-a7259e6efe10,Robert Hunter,lyricist,writer,,,1970-01-01,1970-01-01,2,0.07812468189051006,4,-0.19684445379376744,0.0,-0.27147504601238254
e520459c-dff4-491d-a6e4-c97be35e0044,Frank Ocean,arranger;composer;instrument;lyricist;producer;programming;vocal;writer,writer,blues;blues rock;bossa nova;contemporary jazz;fusion;jazz;latin;mpb;pop;rock,blues,1961-01-01,1961-01-01,1,-0.4376820413677751,2,-0.5407706912441482,0.0,-0.27147504601238254
40f5d9e4-2de7-4f2d-ad41-e31a9a9fea27,The Smiths,producer,production,indie rock;pop;pop rock;rock;train,indie rock,1985-01-01,1987-01-01,5,1.6255448516653654,0,-0.884696928694529,1.999,-0.0399150398259607
b071f9fa-14b0-4217-8e97-eb41da73f598,The Rolling Stones,arranger;performer;producer;video appearance;vocal,performer,rock,rock,1978-01-01,1978-01-01,2,0.07812468189051006,2,-0.5407706912441482,0.0,-0.27147504601238254
e3e0abcd-7671-4482-a9d8-462f5acc9be5,Incubus,engineer;phonographic copyright;producer;recording,production,,,1984-01-01,1984-01-01,1,-0.4376820413677751,0,-0.884696928694529,0.0,-0.27147504601238254
73fdb566-a9b1-494c-9f32-51768ec9fd27,OutKast,performer;producer;programming;samples from artist;vocal,performer,,,1998-01-01,1998-01-01,1,-0.4376820413677751,0,-0.884696928694529,0.0,-0.27147504601238254
ba9a0cc1-c43a-4784-9067-49f63c09f605,Chalee,writer,writer,,,2024-03-25,2024-03-25,1,-0.4376820413677751,10,0.8349342585573748,0.0,-0.27147504601238254
99ea432a-e3d8-42cb-9d5e-db316a6a8458,Nick Drake,arranger;composer;instrument;lyricist;performer;vocal;writer,writer,,,1972-02-25,1972-02-25,5,1.6255448516653654,0,-0.884696928694529,0.0,-0.27147504601238254
5441c29d-3602-4898-b1a1-b77fa23b8e50,David Bowie,arranger;composer;instrument;instrument arranger;lyricist;mix;performer;phonographic copyright;producer;programming;recording;remixer;samples from artist;video appearance;vocal;writer,writer,jazz;pop,jazz,1971-12-01,1981-01-01,10,4.204578467956791,13,1.350823614732946,9.087,0.7811441516944784
5e7a7026-dfc5-4aba-8496-95140716f3db,Slash,composer,writer,,,1985-08-01,1985-08-01,1,-0.4376820413677751,4,-0.19684445379376744,0.0,-0.27147504601238254
91376b53-c37d-4eed-ac24-63d167af6885,Murda Beatz,lyricist;writer,writer,hip hop;trap,hip hop,2017-01-01,2021-04-09,4,1.1097381284070802,16,1.866712970908517,4.268,0.22292120531510534
3c5abd66-7e1f-4124-b00f-192984a2ab30,Nineteen85,writer,writer,meme,meme,2015-01-12,2016-04-05,2,0.07812468189051006,9,0.6629711398321845,1.229,-0.129110239807724
704693db-969d-4e94-b0d5-dad24952c6bb,Datboisqueeze,writer,writer,modusamedia,modusamedia,2019-12-06,2019-12-06,1,-0.4376820413677751,3,-0.36880757251895785,0.0,-0.27147504601238254
384d6827-3b17-43bc-acf6-92e618b8ec83,John Entwistle,composer;lyricist,writer,,,1971-01-01,1971-01-01,1,-0.4376820413677751,1,-0.7127338099693385,0.0,-0.27147504601238254
27e2997f-f7a1-4353-bcc4-57b9274fa9a4,,performer,performer,,,1971-02-05,1971-02-05,0,-0.9534887646260604,0,-0.884696928694529,0.0,-0.27147504601238254
437a0e49-c6ae-42f6-a6c1-84f25ed366bc,Bon Iver,performer;producer;remixer;vocal,performer,,,1964-01-01,1964-01-01,1,-0.4376820413677751,0,-0.884696928694529,0.0,-0.27147504601238254
35214d53-009b-45d9-8a00-6664325b9e2a,OsamaSon,performer;phonographic copyright;producer;vocal;writer,writer,,,2025-08-01,2025-08-01,2,0.07812468189051006,3,-0.36880757251895785,0.0,-0.27147504601238254
ae3d9ebb-6766-49fe-906c-ad0ba33ff6da,Jack Rieley,composer,writer,,,1972-01-01,1972-01-01,2,0.07812468189051006,3,-0.36880757251895785,0.0,-0.27147504601238254
aef06569-098f-4218-a577-b413944d9493,HAIM,performer;remixer;vocal,performer,,,1982-01-01,1982-01-01,1,-0.4376820413677751,0,-0.884696928694529,0.0,-0.27147504601238254
525f1f1c-03f0-4bc8-8dfd-e7521f87631b,Charlie Puth,arranger;composer;engineer;instrument;lyricist;mix;performer;producer;programming;recording;sound effects;video appearance;vocal;writer,writer,christmas;christmas music;instrumental,christmas,1934-01-01,2021-01-01,2,0.07812468189051006,7,0.3190449023818037,87.001,9.806540010628382
69c22cc7-88c8-4f27-a9e7-3225af8329c5,Tido,writer,writer,,,2025-09-26,2025-09-26,2,0.07812468189051006,7,0.3190449023818037,0.0,-0.27147504601238254
7c7f9c94-dee8-4903-892b-6cf44652e2de,Tears for Fears,composer;mix;producer,writer,ripoff,ripoff,1967-01-01,1967-01-01,1,-0.4376820413677751,0,-0.884696928694529,0.0,-0.27147504601238254
fc2195db-7740-45f2-92b8-bf13baa3927a,Imad Royal,writer,writer,hip hop;pop,hip hop,2024-01-01,2024-01-01,2,0.07812468189051006,5,-0.024881335068577065,0.0,-0.27147504601238254
e3513b4f-2a13-45f5-8ead-e79b1af0bf68,Modern Baseball,composer;engineer;mix;producer;recording;writer,writer,,,2012-01-01,2013-12-10,3,0.5939314051487953,0,-0.884696928694529,1.941,-0.046633639305106514
7f347782-eb14-40c3-98e2-17b6e1bfe56c,Bono,composer;lyricist,writer,arena rock;classic rock;pop;pop rock;rock,arena rock,1982-09-01,1992-01-01,7,2.657158298181936,8,0.4910080211069941,9.333,0.809640280519821
9a0d0b2d-a727-44a6-a172-53766f186834,Bernie Taupin,lyricist,writer,philly soul;pop;r&b;soft rock,philly soul,1970-01-01,1974-01-01,4,1.1097381284070802,4,-0.19684445379376744,4.0,0.19187664220456957
c399b484-b977-4800-aec4-ac904b50292a,Just‐Ice,writer,writer,,,2019-04-18,2019-04-18,1,-0.4376820413677751,20,2.5545654458092786,0.0,-0.27147504601238254
9b568e6c-6611-407b-bb5a-44638ee936a3,DJ Swivel,writer,writer,,,2018-05-18,2018-05-18,1,-0.4376820413677751,7,0.3190449023818037,0.0,-0.27147504601238254
4ced4eb2-ed74-4ca1-9d32-eb709b5f348f,Krishon Gaines,composer;lyricist,writer,,,2025-04-04,2025-04-04,1,-0.4376820413677751,5,-0.024881335068577065,0.0,-0.27147504601238254
f47e95aa-2228-4122-858d-4bcb1506057c,Nickolas Ashford,writer,writer,,,1968-08-01,1968-08-01,1,-0.4376820413677751,2,-0.5407706912441482,0.0,-0.27147504601238254
59f8e44c-5206-43f6-8b7b-87c8ea1f658d,Anthony Wayne Moore,writer,writer,disco;electronic;house,disco,2000-01-01,2000-01-01,1,-0.4376820413677751,2,-0.5407706912441482,0.0,-0.27147504601238254
7db6aae5-6644-4513-9bfc-ca2e79d4469c,Peter Tosh,writer,writer,sub-publish,sub-publish,1973-01-01,1973-01-01,1,-0.4376820413677751,1,-0.7127338099693385,0.0,-0.27147504601238254
8ba56dd4-a9e1-410f-9b1e-91000e35bc46,Edward Heyman,composer;lyricist,writer,contemporary jazz;jazz;non-music;poetry;pop;swing;traditional pop,contemporary jazz,1930-01-01,1930-01-01,1,-0.4376820413677751,4,-0.19684445379376744,0.0,-0.27147504601238254
ea3562d2-c0dc-4c36-b1e4-1a0035281c44,Jonny Coffer,writer,writer,,,2008-01-01,2008-01-01,1,-0.4376820413677751,5,-0.024881335068577065,0.0,-0.27147504601238254
5dcdb5eb-cb72-4e6e-9e63-b7bace604965,Bon Jovi,arranger;performer;producer;writer,writer,,,1968-11-22,1971-01-01,2,0.07812468189051006,0,-0.884696928694529,2.108,-0.027288706322048755
b432152b-ab35-40eb-916b-dc8d1559046b,WondaGurl,writer,writer,,,2018-08-03,2019-12-27,3,0.5939314051487953,14,1.5227867334581364,1.399,-0.10941779305850352
f5c4c27e-5902-4fc0-adfb-7775da3d5363,Yasiin Bey,composer,writer,,,2010-01-09,2010-01-09,1,-0.4376820413677751,6,0.1470817836566133,0.0,-0.27147504601238254
fb75bc76-a50b-4d3a-b060-63092a4c6bbf,Jermaine Dupri,writer,writer,contemporary r&b;trap,contemporary r&b,2015-01-01,2015-01-01,1,-0.4376820413677751,6,0.1470817836566133,0.0,-0.27147504601238254
bb1f06b1-bca8-4fe1-8ce7-c033479b1301,Connor McDonough,writer,writer,hip hop;pop,hip hop,2022-09-30,2024-01-01,4,1.1097381284070802,10,0.8349342585573748,1.254,-0.12621429175636803
3bb29637-4184-490d-92f8-a9b45ffc5ebd,Jon Foreman,writer,writer,,,2003-01-01,2003-01-01,1,-0.4376820413677751,2,-0.5407706912441482,0.0,-0.27147504601238254
2ee8d1d0-e491-4f9d-a893-34dccc26e974,Ricardo Lamarre,composer,writer,,,2021-01-01,2021-01-01,1,-0.4376820413677751,15,1.6947498521833269,0.0,-0.27147504601238254
b46e298d-d3a5-4695-a03e-63e8c523b23e,Daniel Caesar,arranger;composer;instrument;lyricist;performer;producer;vocal;writer,writer,,,1977-01-01,1977-01-01,1,-0.4376820413677751,0,-0.884696928694529,0.0,-0.27147504601238254
1dcc8968-f2cd-441c-beda-6270f70f2863,Hole,producer,production,,,1977-01-01,1977-01-01,1,-0.4376820413677751,0,-0.884696928694529,0.0,-0.27147504601238254
71d8b051-6d79-4d31-9075-debfe031e539,Andrew Pendlebury,writer,writer,,,1979-01-01,1979-01-01,1,-0.4376820413677751,1,-0.7127338099693385,0.0,-0.27147504601238254
6c0dadab-266a-4601-8394-5b8e19e90def,Al Jourgensen,writer,writer,,,1990-01-01,1990-01-01,1,-0.4376820413677751,5,-0.024881335068577065,0.0,-0.27147504601238254
2a11b7c9-12d6-495d-a577-7412dd1f7aca,Kevin Gomringer,writer,writer,hip hop;trap,hip hop,2017-10-29,2019-07-01,5,1.6255448516653654,27,3.758307276885611,1.67,-0.07802571618180504
61acfedc-7a43-49bd-9474-bf96df0290b6,Tony Sales,composer,writer,,,1977-01-01,1977-01-01,1,-0.4376820413677751,3,-0.36880757251895785,0.0,-0.27147504601238254
960eb93f-e73c-4df8-864d-08a06c2dcc11,Jerry Cantrell,composer;lyricist;writer,writer,,,1992-01-01,1992-01-01,5,1.6255448516653654,3,-0.36880757251895785,0.0,-0.27147504601238254
15a5032b-70f2-4c00-bab9-5072b6fbba02,Gary Rossington,writer,writer,meme,meme,1973-01-01,1974-04-15,2,0.07812468189051006,2,-0.5407706912441482,1.284,-0.1227391540947409
efc5d365-a448-4e2f-9b5f-4a7c84be725c,Wizkid,writer,writer,meme,meme,2016-04-05,2016-04-05,1,-0.4376820413677751,7,0.3190449023818037,0.0,-0.27147504601238254
61af87f4-16ee-4431-8504-cc06187079fb,XXXTENTACION,composer;instrument;lyricist;performer;producer;recording;vocal;writer,writer,,,2017-01-01,2018-12-21,9,3.688771744698506,22,2.898491683259659,1.969,-0.04339017748758785
4c857e19-d9bb-460e-b3ec-2d1ea24c3247,Ellie Greenwich,writer,writer,,,1963-01-01,1964-01-01,2,0.07812468189051006,3,-0.36880757251895785,0.999,-0.15575296188019871
71b82efb-a4a4-40ad-94bf-9ed8c97dc69d,Elon Rutberg,writer,writer,,,2013-01-01,2013-01-01,1,-0.4376820413677751,9,0.6629711398321845,0.0,-0.27147504601238254
8cc72457-488e-44e6-a5b3-d2da843b7245,Walter Becker,writer,writer,classic rock;jazz;jazz rock;rock,classic rock,1975-01-01,1977-01-01,2,0.07812468189051006,2,-0.5407706912441482,2.001,-0.03968336398185225
80fad44a-1a49-4e63-84c0-9f0ceb7fb203,Doug Gibson,writer,writer,,,2013-01-01,2013-01-01,1,-0.4376820413677751,12,1.1788604960077556,0.0,-0.27147504601238254
bb2b7bbf-75e5-43f8-8a9f-7769ae7d832a,Rachel Chinouriri,instrument;programming;vocal;writer,writer,christmas music;contemporary christian;new romantic,christmas music,1965-01-01,2022-03-08,2,0.07812468189051006,5,-0.024881335068577065,57.18,6.352137337048948
86083bea-ffa2-47ec-b7dd-06313f3b349b,Matt Squire,writer,writer,,,2012-06-25,2012-06-25,1,-0.4376820413677751,7,0.3190449023818037,0.0,-0.27147504601238254
0f4bf831-2672-4e94-8396-4198a3a0e731,Sarah Solovay,composer;lyricist,writer,,,2023-02-17,2023-10-06,3,0.5939314051487953,3,-0.36880757251895785,0.632,-0.1982654792741041
29a237ac-bad8-4ad3-a57a-032f8e2e611e,Elana Dara,writer,writer,,,2023-11-23,2023-11-23,1,-0.4376820413677751,3,-0.36880757251895785,0.0,-0.27147504601238254
9818ec14-12ae-4254-be50-46ba7aebac06,DJ Pharris,writer,writer,,,2023-11-18,2023-11-18,1,-0.4376820413677751,14,1.5227867334581364,0.0,-0.27147504601238254
332a08b3-c1a3-49cf-8b96-e373a914590e,TAEYONG,lyricist,writer,,,2016-05-10,2016-05-10,1,-0.4376820413677751,6,0.1470817836566133,0.0,-0.27147504601238254
3cbfd3e3-6d9b-4327-84ba-42cf646c98f9,Billy Corgan,composer;lyricist;writer,writer,,,1995-01-01,1998-01-01,2,0.07812468189051006,3,-0.36880757251895785,3.001,0.07615455807238578
a6f55513-0dd9-4295-a40f-9c1b6a604654,JMIKE,writer,writer,,,2010-01-01,2010-01-01,1,-0.4376820413677751,4,-0.19684445379376744,0.0,-0.27147504601238254
2d67239c-aa40-4ad5-a807-9052b66857a6,Le Tigre,arranger;composer;lyricist;mix;producer;programming;recording;remixer,writer,,,1972-01-01,1972-01-01,1,-0.4376820413677751,1,-0.7127338099693385,0.0,-0.27147504601238254
619b1116-740e-42e0-bdfe-96af274f79f7,Adrian Utley,composer,writer,,,1995-01-01,1995-01-01,1,-0.4376820413677751,1,-0.7127338099693385,0.0,-0.27147504601238254
a21a3ff2-064c-452d-8aea-3d4039ab70d6,Dean Wareham,writer,writer,,,1989-01-01,1989-01-01,1,-0.4376820413677751,2,-0.5407706912441482,0.0,-0.27147504601238254
fbe054ec-a143-4101-9e9e-64abc5ff5ac9,Nat King Cole,arranger;composer;instrument;lyricist;misc;performer;video appearance;vocal;writer,writer,,,1924-11-01,1924-11-01,1,-0.4376820413677751,0,-0.884696928694529,0.0,-0.27147504601238254
3f6ee55e-d523-4dd8-a027-7a6af9909ae1,The Living Tombstone,arranger;composer;instrument;lyricist;mix;performer;phonographic copyright;producer;remixer;vocal;writer,writer,christmas,christmas,1955-01-01,1955-01-01,1,-0.4376820413677751,0,-0.884696928694529,0.0,-0.27147504601238254
300c4c73-33ac-4255-9d57-4e32627f5e13,Ringo Starr,composer;lyricist;writer,writer,,,1965-12-03,1969-01-01,2,0.07812468189051006,4,-0.19684445379376744,3.08,0.0853057539146706
12c0ef6b-8cb6-428f-8766-afc51d512d4a,Niclas von der Burg,writer,writer,,,2006-10-01,2007-05-11,5,1.6255448516653654,3,-0.36880757251895785,0.608,-0.2010455894034058
854e815f-ce53-4085-a74d-4bb6fc4e1459,Isom Innis,writer,writer,,,2017-04-30,2017-04-30,1,-0.4376820413677751,7,0.3190449023818037,0.0,-0.27147504601238254
daa09819-5da5-4c7a-8bef-eb372bb27ff1,Timbaland,composer;instrument;lyricist;mix;performer;producer;programming;remixer;samples from artist;video appearance;vocal;writer,writer,,,1996-01-01,2023-12-15,5,1.6255448516653654,13,1.350823614732946,27.953,2.966542389169733
ffe22552-e13c-4d79-825e-6b4db11d4693,TAKU,writer,writer,,,2024-10-11,2024-10-11,1,-0.4376820413677751,9,0.6629711398321845,0.0,-0.27147504601238254
df6a1106-6caf-465b-bcfd-0b80d2b53516,Zach Hill,writer,writer,,,2011-01-01,2011-01-01,1,-0.4376820413677751,3,-0.36880757251895785,0.0,-0.27147504601238254
606bf117-494f-4864-891f-09d63ff6aa4b,Rise Against,composer;producer,writer,covered by glee,covered by glee,1980-01-01,1980-01-01,1,-0.4376820413677751,2,-0.5407706912441482,0.0,-0.27147504601238254
3f6ae36d-ffdb-40cf-98e6-8023cb1c41c9,Donny Hathaway,writer,writer,christmas;christmas music;funk;soul,christmas,1970-01-01,1970-01-01,1,-0.4376820413677751,2,-0.5407706912441482,0.0,-0.27147504601238254
81e2f4b1-4b48-4bdb-9717-4180e0f1ebc2,J.D. Souther,writer,writer,,,1976-01-01,1976-01-01,1,-0.4376820413677751,2,-0.5407706912441482,0.0,-0.27147504601238254
03172286-f7ed-4864-a4db-459cd5ca9790,Ciara,lyricist;performer;producer;samples from artist;video appearance;vocal;writer,writer,,,1966-01-01,1966-01-01,1,-0.4376820413677751,2,-0.5407706912441482,0.0,-0.27147504601238254
8edb76e6-b846-4465-a7c2-778b6bb38379,박정준,writer,writer,,,2025-09-26,2025-09-26,1,-0.4376820413677751,5,-0.024881335068577065,0.0,-0.27147504601238254
3bde6f06-77fe-47db-8d01-c6edb694c2aa,Sean Douglas,writer,writer,,,2023-08-04,2023-08-04,1,-0.4376820413677751,3,-0.36880757251895785,0.0,-0.27147504601238254
8ff201f8-3b3f-40dd-a7f7-8d0a2184c62e,Scott Asheton,composer;writer,writer,,,1969-01-01,1969-01-01,2,0.07812468189051006,5,-0.024881335068577065,0.0,-0.27147504601238254
39ab1aed-75e0-4140-bd47-540276886b60,Oasis,producer;video appearance;vocal;writer,writer,indian classical;raga rock,indian classical,1967-01-01,1969-01-01,4,1.1097381284070802,3,-0.36880757251895785,2.001,-0.03968336398185225
ee1a3cdd-d907-4e76-bfe8-f60a8bbd5ba4,Wasalu Muhammad Jaco,composer;lyricist,writer,,,2005-01-01,2006-01-01,2,0.07812468189051006,8,0.4910080211069941,0.999,-0.15575296188019871
cadaa8ae-a43e-490f-8061-2787d9f75b6f,Hiss noise,writer,writer,,,2018-05-18,2018-05-18,1,-0.4376820413677751,7,0.3190449023818037,0.0,-0.27147504601238254
6b905738-f1b5-4851-942e-ee0118f3e44a,Don van Vliet,writer,writer,,,1967-01-01,1967-01-01,1,-0.4376820413677751,1,-0.7127338099693385,0.0,-0.27147504601238254
e22d2f66-881e-41ca-9356-544697ee5f90,Etta James,composer;lyricist;performer;producer;vocal;writer,writer,,,1962-01-01,1962-01-01,1,-0.4376820413677751,2,-0.5407706912441482,0.0,-0.27147504601238254
32434ee8-8f04-4c95-a963-796faa298651,Alan Bergman,writer,writer,hip hop;trap,hip hop,2018-01-01,2018-01-01,1,-0.4376820413677751,16,1.866712970908517,0.0,-0.27147504601238254
3b3b7f25-cda0-43a9-a3c0-e95e769eb08a,Tomi Jenkins,writer,writer,contemporary r&b;funk,contemporary r&b,1986-01-01,1986-01-01,1,-0.4376820413677751,1,-0.7127338099693385,0.0,-0.27147504601238254
172053e5-a7fb-4548-a64d-c53858b5e775,Father John Misty,instrument;performer;vocal,performer,,,1966-01-01,1967-12-01,2,0.07812468189051006,0,-0.884696928694529,1.914,-0.049761263200570956
2def90b4-54a2-40d5-abaf-529ee4db2da6,Daily,composer,writer,,,2023-05-30,2023-05-30,1,-0.4376820413677751,6,0.1470817836566133,0.0,-0.27147504601238254
1f52af22-0207-40ac-9a15-e5052bb670c2,Adam Clayton,composer,writer,arena rock;classic rock;pop;pop rock;rock,arena rock,1982-09-01,1992-01-01,6,2.1413515749236507,7,0.3190449023818037,9.333,0.809640280519821
2c1fadd0-8efb-41a4-8272-d5b1b04bf385,Shelly Peiken,writer,writer,,,2009-01-01,2009-01-01,1,-0.4376820413677751,3,-0.36880757251895785,0.0,-0.27147504601238254
9058d01e-8afc-47a4-8664-621fb5f159c0,Slayyyter,artists and repertoire;vocal;writer,writer,,,2009-01-01,2009-01-01,1,-0.4376820413677751,3,-0.36880757251895785,0.0,-0.27147504601238254
478e777b-83d5-42dd-be06-36adbf83281f,Rivelino Wouter,writer,writer,,,2016-09-02,2016-09-02,1,-0.4376820413677751,7,0.3190449023818037,0.0,-0.27147504601238254
1036b808-f58c-4a3e-b461-a2c4492ecf1b,Nicki Minaj,composer;lyricist;performer;phonographic copyright;producer;remixer;samples from artist;video appearance;vocal;writer,writer,hip hop;trap,hip hop,2005-01-01,2017-10-29,5,1.6255448516653654,27,3.758307276885611,12.824,1.2140304664111659
13e2db47-3010-48b8-a8b9-667551f37119,Oklou,mix;phonographic copyright;producer;remixer;vocal;writer,writer,,,2000-01-01,2000-01-01,1,-0.4376820413677751,4,-0.19684445379376744,0.0,-0.27147504601238254
b12d76e2-4933-4e37-8b7a-0b317f69c8a1,Gabi Delgado-Lopez,lyricist,writer,,,1981-01-01,1981-01-01,1,-0.4376820413677751,1,-0.7127338099693385,0.0,-0.27147504601238254
61cdb045-7f89-4eb1-b3ed-35db94d9ab99,The Walters,phonographic copyright;writer,writer,,,2014-11-28,2014-11-28,1,-0.4376820413677751,0,-0.884696928694529,0.0,-0.27147504601238254
58e235fc-f6ea-4614-9ed4-9855a5665ae1,,performer;remixer,performer,bebop;jazz,bebop,1947-01-01,1947-01-01,0,-0.9534887646260604,0,-0.884696928694529,0.0,-0.27147504601238254
0192ca4a-2d25-4c52-b778-08e2bfd9fd01,Jessy Caron,writer,writer,,,2015-06-10,2015-06-10,1,-0.4376820413677751,1,-0.7127338099693385,0.0,-0.27147504601238254
67ebede8-b5c5-4115-90e5-1d760466baee,Henry Beasley,writer,writer,,,2025-05-29,2025-05-29,1,-0.4376820413677751,1,-0.7127338099693385,0.0,-0.27147504601238254
800760de-bdf8-43a2-8fe0-44a2401a5515,Young Thug,composer;lyricist;performer;video appearance;vocal;writer,writer,pop,pop,2015-05-29,2019-01-01,6,2.1413515749236507,30,4.274196633061182,3.595,0.1449622837726032
047c7563-6c32-4619-a0b6-1dcf218b3e1b,iLoveMakonnen,writer,writer,,,2018-01-01,2018-01-01,1,-0.4376820413677751,5,-0.024881335068577065,0.0,-0.27147504601238254
3d683d51-ba94-4ef1-a07d-3dced0f0bc38,Armando Shala,writer,writer,,,2019-07-05,2019-07-05,1,-0.4376820413677751,7,0.3190449023818037,0.0,-0.27147504601238254
1325f8d5-ab22-4dc9-8fdc-f7fa6695c493,apl.de.ap,writer,writer,,,2009-01-01,2009-01-01,1,-0.4376820413677751,4,-0.19684445379376744,0.0,-0.27147504601238254
01ad46b5-59c5-4295-a500-88742320ec3a,Tyran Donaldson,writer,writer,,,2016-01-01,2016-01-01,1,-0.4376820413677751,2,-0.5407706912441482,0.0,-0.27147504601238254
56c4b861-0922-4c3a-a9b9-3bfcb00f8274,Zedd,arranger;composer;instrument;mix;performer;producer;programming;remixer;vocal;vocal arranger;writer,writer,,,1994-01-01,2012-10-02,2,0.07812468189051006,6,0.1470817836566133,18.752,1.9007176683486886
1fb335d9-e9ce-4fb0-a4d2-738fea0c0148,MZMC,composer,writer,,,2016-05-10,2016-05-10,1,-0.4376820413677751,7,0.3190449023818037,0.0,-0.27147504601238254
a12980dd-8cf1-4802-84e3-32c08560cf49,Rod McKuen,lyricist,writer,,,1963-12-01,1963-12-01,1,-0.4376820413677751,1,-0.7127338099693385,0.0,-0.27147504601238254
3508f3fd-3b18-493c-a362-376736bb6cde,Harold Arlen,composer,writer,ballad;bebop;contemporary jazz;funk;jazz;jazz-funk;pop;soul;vocal,ballad,1933-01-01,1940-01-01,3,0.5939314051487953,6,0.1470817836566133,6.998,0.5391587325231753
bab29dd5-510a-4c10-b1f1-657d60a9ee6e,Pop Wansel,writer,writer,,,2005-01-01,2015-07-30,2,0.07812468189051006,9,0.6629711398321845,10.574,0.9533951417891303
0423fdbb-678d-4210-aab4-600fb3ceb21b,Tatiana Schwaninger,composer;lyricist,writer,,,2023-01-01,2023-01-01,1,-0.4376820413677751,5,-0.024881335068577065,0.0,-0.27147504601238254
68430e36-5f32-4e6a-b89c-cef750c9703e,Gerry Thomas,writer,writer,,,2013-01-01,2013-01-01,1,-0.4376820413677751,12,1.1788604960077556,0.0,-0.27147504601238254
519774a4-3b18-4042-b8c0-927845a616c9,Jimmy Page,composer;writer,writer,blues rock;classic rock;hard rock;ripoff;rock,blues rock,1969-01-01,1973-01-01,10,4.204578467956791,12,1.1788604960077556,4.0,0.19187664220456957
b67bf15d-03c3-40a4-9d17-769a964d5005,Łukasz Gottwald,writer,writer,electronic;garage house;house;progressive house;progressive trance;trance,electronic,2003-01-01,2010-01-01,2,0.07812468189051006,5,-0.024881335068577065,7.001,0.539506246289338
11bcbbf4-1252-496a-b747-06942f3d76db,,phonographic copyright;remixer,other,,,1980-01-01,1980-01-01,0,-0.9534887646260604,0,-0.884696928694529,0.0,-0.27147504601238254
7d5dfdc7-6f95-498f-9b60-87f0319867e0,Nat Dunn,writer,writer,,,2018-01-01,2018-01-01,1,-0.4376820413677751,2,-0.5407706912441482,0.0,-0.27147504601238254
a6c6897a-7415-4f8d-b5a5-3a5e05f3be67,twenty one pilots,performer;producer;programming,performer,rock,rock,1968-01-01,1968-01-01,1,-0.4376820413677751,0,-0.884696928694529,0.0,-0.27147504601238254
fc5f555c-dfa2-4f16-9da5-98342105c23a,Ritchie Blackmore,writer,writer,classic rock;hard rock;rock,classic rock,1970-01-01,1970-01-01,1,-0.4376820413677751,4,-0.19684445379376744,0.0,-0.27147504601238254
396d316b-a9de-4c3e-88e8-a1caf730a6b5,Claude Kelly,writer,writer,,,2010-01-01,2010-01-01,1,-0.4376820413677751,3,-0.36880757251895785,0.0,-0.27147504601238254
5660a8c7-d0d9-4181-89b4-8e125328e31e,NF,composer;lyricist;performer;producer;vocal;writer,writer,,,2017-01-01,2019-07-26,5,1.6255448516653654,2,-0.5407706912441482,2.563,0.025417548212629554
02452937-d06b-4e9f-966d-8477bae38ddc,Susannah Joffe,composer;lyricist;phonographic copyright;producer;vocal,writer,,,1977-01-01,1977-01-01,1,-0.4376820413677751,1,-0.7127338099693385,0.0,-0.27147504601238254
89e95aa3-bd49-4af3-9c87-0d88b2093bb0,wave to earth,arranger;composer,writer,,,2021-11-24,2023-04-20,5,1.6255448516653654,3,-0.36880757251895785,1.402,-0.10907027929234082
e47b4862-a587-488f-b7a7-bd329726693d,Emil Schult,lyricist,writer,,,1978-01-01,1978-01-01,1,-0.4376820413677751,3,-0.36880757251895785,0.0,-0.27147504601238254
09925d0f-b482-45cc-aa94-e868a41d0a4a,V Don,writer,writer,,,2013-01-11,2013-01-11,1,-0.4376820413677751,8,0.4910080211069941,0.0,-0.27147504601238254
6739352a-3f16-418b-ba43-6c41912badc5,Graham Massey,writer,writer,,,1994-01-01,1994-01-01,1,-0.4376820413677751,1,-0.7127338099693385,0.0,-0.27147504601238254
b1ee35c4-1363-4f81-9a3b-7d70c6009f81,Brian Fennell,composer;lyricist,writer,,,2018-01-01,2018-01-01,1,-0.4376820413677751,1,-0.7127338099693385,0.0,-0.27147504601238254
9b483540-4191-43b2-9a86-d4ff09fef68d,Dx Ishii,composer;lyricist,writer,,,2015-09-14,2015-09-14,1,-0.4376820413677751,2,-0.5407706912441482,0.0,-0.27147504601238254
525d2a4a-3d81-4d96-9581-3442feed3d2e,Mike Mills,writer,writer,,,1984-01-01,1984-01-01,1,-0.4376820413677751,4,-0.19684445379376744,0.0,-0.27147504601238254
d39a5a70-de11-4ea3-a4c1-f2139cca265a,Matt Johnson,writer,writer,,,1994-01-01,1994-01-01,1,-0.4376820413677751,3,-0.36880757251895785,0.0,-0.27147504601238254
b0337af1-8d93-4671-b6c9-ba306bf942bf,Central Cee,vocal;writer,writer,meme,meme,2021-01-01,2023-01-01,4,1.1097381284070802,8,0.4910080211069941,1.999,-0.0399150398259607
2361ec07-1b1e-4f3b-8fbd-ec0a6de214ae,Jerrett Morrison,writer,writer,,,2015-05-16,2015-05-16,1,-0.4376820413677751,2,-0.5407706912441482,0.0,-0.27147504601238254
91f3e61e-dec2-4b73-b195-a42251fd72b5,Skin,writer,writer,,,1996-01-01,1996-01-01,1,-0.4376820413677751,3,-0.36880757251895785,0.0,-0.27147504601238254
0306f284-3be8-4ccc-a6e1-f4f2021f796f,Sylvia Carolina Navarro,writer,writer,pop;soundtrack,pop,2023-06-01,2023-06-01,1,-0.4376820413677751,2,-0.5407706912441482,0.0,-0.27147504601238254
804e04dc-8812-4313-9159-bec358d2b8ed,Georgette Franklin,composer;lyricist,writer,,,2000-01-01,2000-01-01,1,-0.4376820413677751,5,-0.024881335068577065,0.0,-0.27147504601238254
8b477559-946e-4ef2-9fe1-446cff8fdd79,Natasha Bedingfield,composer;lyricist;vocal;writer,writer,language: english,language: english,1989-01-01,1989-01-01,1,-0.4376820413677751,1,-0.7127338099693385,0.0,-0.27147504601238254
29181727-a888-431e-a6c5-bd7f4969a318,Richard Nichols,writer,writer,,,1997-01-01,1997-01-01,1,-0.4376820413677751,4,-0.19684445379376744,0.0,-0.27147504601238254
d46f4afe-20e7-49b8-aa8f-8609fc4b4716,Sam Lewis,lyricist,writer,,,2016-04-25,2016-04-25,1,-0.4376820413677751,1,-0.7127338099693385,0.0,-0.27147504601238254
88527d26-7496-47c5-8358-ebdb1868a90f,Jackson Browne,composer;lyricist,writer,pop;power pop;rock,pop,1967-01-01,1967-01-01,1,-0.4376820413677751,1,-0.7127338099693385,0.0,-0.27147504601238254
06665d74-6477-4edc-9610-106af7f3a975,Zack Mykula,writer,writer,,,2019-02-27,2019-02-27,1,-0.4376820413677751,4,-0.19684445379376744,0.0,-0.27147504601238254
8e893bac-144c-4a04-a9d7-9068759a7eed,ハチ,composer;lyricist,writer,,,2017-08-02,2017-08-02,1,-0.4376820413677751,1,-0.7127338099693385,0.0,-0.27147504601238254
ea4dfa26-f633-4da6-a52a-f49ea4897b58,R.E.M.,composer;mix;orchestrator;performer;phonographic copyright;producer;remixer,writer,rock,rock,1977-01-01,1977-01-01,1,-0.4376820413677751,2,-0.5407706912441482,0.0,-0.27147504601238254
fee6a7fb-80d9-4290-a171-e48f1f20e381,Tom Odell,arranger;composer;instrument;lyricist;producer;samples from artist;vocal;writer,writer,,,1969-01-01,1969-01-01,1,-0.4376820413677751,2,-0.5407706912441482,0.0,-0.27147504601238254
5f95440d-7737-4a36-9bcf-c05337f7129b,Denzel Curry,composer;lyricist;performer;producer;vocal;writer,writer,alternative metal;alternative rock;hard rock;hardcore;punk;rock,alternative metal,1986-01-01,1986-01-01,1,-0.4376820413677751,4,-0.19684445379376744,0.0,-0.27147504601238254
afff4ecf-0c96-469f-9e82-0c8ecb4a812f,Jay Anthony Fort,writer,writer,,,2017-01-01,2017-01-01,1,-0.4376820413677751,8,0.4910080211069941,0.0,-0.27147504601238254
d0074395-1278-4864-8a17-ee49bdae7e71,Jermaine Eric Shute,writer,writer,,,2018-05-18,2018-05-18,1,-0.4376820413677751,2,-0.5407706912441482,0.0,-0.27147504601238254
5fee3020-513b-48c2-b1f7-4681b01db0c6,,performer,performer,,,1969-01-01,1970-09-19,0,-0.9534887646260604,0,-0.884696928694529,1.714,-0.07292884761141856
31ce0981-df2b-4c9a-b2e1-bcf47333245b,Nadine McKinnor,writer,writer,christmas;christmas music;funk;soul,christmas,1970-01-01,1970-01-01,1,-0.4376820413677751,2,-0.5407706912441482,0.0,-0.27147504601238254
e8993e9d-9313-4447-ad23-791459a3790d,Matisyahu,composer,writer,anti war,anti war,2009-01-01,2009-01-01,1,-0.4376820413677751,3,-0.36880757251895785,0.0,-0.27147504601238254
00ef990b-098d-4bf6-897b-708e35638854,Maurice Gibb,writer,writer,dance;disco;funk;pop;soul,dance,1968-01-01,1977-01-01,2,0.07812468189051006,4,-0.19684445379376744,9.002,0.7712979283198683
643ff039-e473-4178-b523-a76a67b7cdd7,Peter Blegvad,writer,writer,,,1972-01-01,1972-01-01,1,-0.4376820413677751,1,-0.7127338099693385,0.0,-0.27147504601238254
970e9fc8-9b6a-4d92-9f57-231a4517ddac,Kevin Rains,writer,writer,,,2016-01-01,2016-01-01,1,-0.4376820413677751,6,0.1470817836566133,0.0,-0.27147504601238254
0fabbc1d-8d94-4a61-bd1d-1099ad1e4559,Car Seat Headrest,writer,writer,,,1975-11-01,1976-01-01,2,0.07812468189051006,1,-0.7127338099693385,0.167,-0.2521301130293248
a0182eb3-7427-42b3-b1aa-dd73e3478690,Nostxlgic,writer,writer,,,2019-07-05,2019-07-05,1,-0.4376820413677751,6,0.1470817836566133,0.0,-0.27147504601238254
d594304b-5903-46e2-ac82-7f6126cb55e8,Nick Mira,composer;writer,writer,hip hop,hip hop,2017-01-01,2020-02-21,9,3.688771744698506,12,1.1788604960077556,3.138,0.09202435339381639
47c8f88b-987a-4b64-9175-2b1b57809727,Billy Idol,arranger;composer;instrument;instrument arranger;lyricist;mix;performer;producer;programming;remixer;vocal;writer,writer,,,1966-01-01,1966-01-01,1,-0.4376820413677751,0,-0.884696928694529,0.0,-0.27147504601238254
43972689-3a59-4c7d-a093-6432e686645c,RichGains,writer,writer,,,2012-10-16,2012-10-16,1,-0.4376820413677751,8,0.4910080211069941,0.0,-0.27147504601238254
3e3f1a27-9390-4c53-819d-5a4501165f38,Craig Jones,writer,writer,,,1997-10-31,1999-01-01,2,0.07812468189051006,9,0.6629711398321845,1.169,-0.13606051513097828
5df62a88-cac9-490a-b62c-c7c88f4020f4,Doja Cat,composer;engineer;lyricist;performer;producer;video director;vocal;writer,writer,,,1998-01-01,1998-01-01,1,-0.4376820413677751,3,-0.36880757251895785,0.0,-0.27147504601238254
a03cff29-6e2d-4745-b9d7-4272ec927a00,J. White Did It,writer,writer,hip hop;trap,hip hop,2017-01-01,2017-01-01,1,-0.4376820413677751,5,-0.024881335068577065,0.0,-0.27147504601238254
c0499bfa-294c-43c2-ace0-dd30a70ec8dc,Rob Lewis,writer,writer,,,1998-01-01,1998-01-01,1,-0.4376820413677751,6,0.1470817836566133,0.0,-0.27147504601238254
ee58c59f-8e7f-4430-b8ca-236c4d3745ae,Alice Cooper,writer,writer,,,1973-01-01,1973-01-01,1,-0.4376820413677751,2,-0.5407706912441482,0.0,-0.27147504601238254
9a6f7310-87f0-4fe0-baf1-a58f719b1f3b,Melanie Brown,writer,writer,,,1996-01-01,1996-01-01,1,-0.4376820413677751,6,0.1470817836566133,0.0,-0.27147504601238254
fbcd7b29-455f-49e6-9c4f-8249d20a055e,,performer,performer,meme;sex music,meme,1984-01-01,1984-01-01,0,-0.9534887646260604,0,-0.884696928694529,0.0,-0.27147504601238254
2baf3276-ed6a-4349-8d2e-f4601e7b2167,Playboi Carti,composer;performer;producer;remixer;vocal;writer,writer,christmas;christmas music;contemporary r&b;electronic;funk;hip hop;holiday music;lonely woman at christmas;pop;soul;synth-pop;synthwave,christmas,1994-01-01,2024-01-01,3,0.5939314051487953,15,1.6947498521833269,29.999,3.203546777692704
29edaca5-7e7d-4391-b137-ff1c94a4d262,U‐God,writer,writer,hip hop;trap,hip hop,2018-01-01,2021-04-09,2,0.07812468189051006,22,2.898491683259659,3.269,0.1071991211829216
71b03238-e53d-4e1e-9b3a-6ce1dcdf2894,Emma Bunton,writer,writer,,,1996-01-01,1996-01-01,1,-0.4376820413677751,6,0.1470817836566133,0.0,-0.27147504601238254
1239d1bc-cc09-43e0-bcd0-374f60346138,Kelis,composer;lyricist;performer;producer;samples from artist;vocal;writer,writer,academy award winner,academy award winner,1969-01-01,1969-01-01,1,-0.4376820413677751,2,-0.5407706912441482,0.0,-0.27147504601238254
e96287e1-c455-45df-8875-355432882659,Mann Curtis,lyricist,writer,bebop;jazz,bebop,1935-01-01,1935-01-01,1,-0.4376820413677751,3,-0.36880757251895785,0.0,-0.27147504601238254
82ad1c73-2704-45a2-b437-679c3e74f8d9,Ari Levine,composer;writer,writer,anti war;pop;r&b;reggae-pop,anti war,2009-01-01,2010-01-01,4,1.1097381284070802,6,0.1470817836566133,0.999,-0.15575296188019871
34cf95c7-4be9-4efd-a48a-c2ea4a0bb114,America,instrument;performer;producer;vocal,performer,rock,rock,1968-01-01,1970-01-01,2,0.07812468189051006,0,-0.884696928694529,2.001,-0.03968336398185225
e21857d5-3256-4547-afb3-4b6ded592596,Gorillaz,composer;instrument;lyricist;mix;performer;producer;recording;vocal;writer,writer,,,1997-01-01,1997-01-01,1,-0.4376820413677751,4,-0.19684445379376744,0.0,-0.27147504601238254
b95ce3ff-3d05-4e87-9e01-c97b66af13d4,Eminem,composer;lyricist;mix;performer;phonographic copyright;producer;programming;remixer;video appearance;video director;vocal;writer,writer,conscious hip hop;hip hop,conscious hip hop,1992-01-01,2000-01-01,2,0.07812468189051006,6,0.1470817836566133,8.0,0.6552283304215217
8f6bd1e4-fbe1-4f50-aa9b-94c450ec0f11,Portishead,instrument;performer;producer;remixer;writer,writer,,,1994-01-01,1995-01-01,3,0.5939314051487953,7,0.3190449023818037,0.999,-0.15575296188019871
11ae9fbb-f3d7-4a47-936f-4c0a04d3b3b5,The White Stripes,arranger;composer;phonographic copyright;video appearance;writer,writer,,,1965-01-01,1965-01-01,1,-0.4376820413677751,1,-0.7127338099693385,0.0,-0.27147504601238254
2a57b4aa-b16a-4723-aa0b-bdb0371930b1,Aldo Vargas,writer,writer,pop;soundtrack,pop,2023-06-01,2023-06-01,1,-0.4376820413677751,2,-0.5407706912441482,0.0,-0.27147504601238254
fa4f4b89-3ddc-4e97-88fa-0e30121f986a,Dan Auerbach,writer,writer,,,2012-10-16,2012-10-16,1,-0.4376820413677751,8,0.4910080211069941,0.0,-0.27147504601238254
c234fa42-e6a6-443e-937e-2f4b073538a3,Chris Brown,arranger;composer;lyricist;performer;producer;remixer;video appearance;video director;vocal;writer,writer,pop;pop rock;soft rock,pop,1933-02-01,2011-01-01,2,0.07812468189051006,4,-0.19684445379376744,77.914,8.75392081292152
89b13f49-4fea-4110-999e-21a148f7c89f,Norman Napier,writer,writer,,,2019-04-18,2019-04-18,1,-0.4376820413677751,20,2.5545654458092786,0.0,-0.27147504601238254
d339efbb-77b9-4147-ba9e-59f2f24550b2,Kelly Clarkson,composer;lyricist;performer;phonographic copyright;producer;video appearance;vocal;writer,writer,,,1964-01-01,1964-01-01,1,-0.4376820413677751,1,-0.7127338099693385,0.0,-0.27147504601238254
5f857e5c-5620-4110-a9fb-ca797148287f,Randy DeBarge,composer;lyricist,writer,,,2004-01-01,2004-01-01,1,-0.4376820413677751,6,0.1470817836566133,0.0,-0.27147504601238254
879d43c6-13a8-42f6-b8df-a9b7d50aa9e2,Duster,producer,production,,,1996-12-31,1998-02-24,4,1.1097381284070802,0,-0.884696928694529,1.15,-0.1382614356500088
2038fbfb-105b-4d84-869f-7baa8c7001ab,Stefan Babcock,writer,writer,,,2019-02-27,2019-02-27,1,-0.4376820413677751,4,-0.19684445379376744,0.0,-0.27147504601238254
40b7e836-a995-447c-9fa6-ddaff888ba6c,James Campbell,lyricist,writer,pop;pop rock;soft rock,pop,1933-02-01,1933-02-01,1,-0.4376820413677751,3,-0.36880757251895785,0.0,-0.27147504601238254
5863c64e-7867-4dcf-a0ac-1181ebdab988,Marc Williams,composer,writer,,,2011-01-01,2011-01-01,1,-0.4376820413677751,2,-0.5407706912441482,0.0,-0.27147504601238254
56756959-1e78-429c-b897-e1d056cb0225,Tove Lo,composer;engineer;instrument;lyricist;performer;phonographic copyright;producer;programming;translator;vocal;writer,writer,ballad;electropop;pop;synth-pop,ballad,2010-01-01,2017-06-01,5,1.6255448516653654,23,3.0704548019848494,7.414,0.5873473080977382
4e4ebde4-0c56-4dec-844b-6c73adcdd92d,Juice WRLD,composer;lyricist;performer;producer;samples from artist;vocal;writer,writer,,,2017-06-15,2020-01-01,8,3.172965021440221,12,1.1788604960077556,2.546,0.02344830353770747
d15721d8-56b4-453d-b506-fc915b14cba2,The Black Keys,arranger;composer;lyricist;mix;performer;phonographic copyright;producer;recording,writer,,,1967-01-01,1969-01-01,2,0.07812468189051006,5,-0.024881335068577065,2.001,-0.03968336398185225
65314b12-0e08-43fa-ba33-baaa7b874c15,Leonard Cohen,composer;lyricist,writer,,,1966-01-01,1984-01-01,6,2.1413515749236507,5,-0.024881335068577065,17.999,1.8134917130418475
f4e8368d-3570-45eb-bdf1-23987955b3e6,Jakob Jerlström,composer,writer,,,2017-06-01,2017-06-01,1,-0.4376820413677751,4,-0.19684445379376744,0.0,-0.27147504601238254
412faa8b-0bf2-490a-aaea-45185504f2b2,Richard Carpenter,composer,writer,background vocals;chorus;classical;instrumental;pop;stage & screen,background vocals,1973-01-01,1973-01-01,1,-0.4376820413677751,1,-0.7127338099693385,0.0,-0.27147504601238254
bfd5aec5-62a2-4560-a316-7c46c17babda,Train,performer;producer;vocal;writer,writer,rock,rock,1967-01-01,1969-01-01,3,0.5939314051487953,8,0.4910080211069941,2.001,-0.03968336398185225
d60c30e4-f52c-46c1-bacd-0c0d58a35d30,Aivi Tran,composer,writer,,,2017-06-02,2017-06-02,1,-0.4376820413677751,2,-0.5407706912441482,0.0,-0.27147504601238254
95e1ead9-4d31-4808-a7ac-32c3614c116b,The Killers,composer;mix;performer;phonographic copyright;producer,writer,,,1973-01-01,1973-01-01,1,-0.4376820413677751,4,-0.19684445379376744,0.0,-0.27147504601238254
9a0fe101-f7a4-47fc-a3a2-1606588cec6c,Pete de Freitas,writer,writer,,,1983-01-01,1983-01-01,1,-0.4376820413677751,4,-0.19684445379376744,0.0,-0.27147504601238254
3a750bab-16d5-4305-a8ab-9305d81afdf9,Tony Butler,writer,writer,meme,meme,1995-01-01,1995-01-01,1,-0.4376820413677751,3,-0.36880757251895785,0.0,-0.27147504601238254
320d51be-7d70-4de6-b4d4-ce05204b31c4,Matt Crawford,writer,writer,,,2025-09-26,2025-09-26,2,0.07812468189051006,9,0.6629711398321845,0.0,-0.27147504601238254
679ec43c-bc04-4bb0-b619-2da702a214ba,James Horner,writer,writer,,,1993-07-01,1993-07-01,1,-0.4376820413677751,1,-0.7127338099693385,0.0,-0.27147504601238254
68eb8831-4d0b-4a2b-9209-3ccade5117f0,Devonté Hynes,writer,writer,,,2018-07-13,2018-07-13,1,-0.4376820413677751,8,0.4910080211069941,0.0,-0.27147504601238254
16e7f7ea-caf8-4e89-adb5-aaac50099edb,Steve Sladkowski,writer,writer,,,2019-02-27,2019-02-27,1,-0.4376820413677751,4,-0.19684445379376744,0.0,-0.27147504601238254
c44e9c22-ef82-4a77-9bcd-af6c958446d6,Mumford & Sons,arranger;mix;performer;phonographic copyright;producer;writer,writer,rock,rock,1968-01-01,1970-01-01,3,0.5939314051487953,4,-0.19684445379376744,2.001,-0.03968336398185225
4d61abe3-ce6d-4383-b2cd-8b4491496549,Tim Commerford,composer,writer,,,1991-01-01,1992-01-01,6,2.1413515749236507,5,-0.024881335068577065,0.999,-0.15575296188019871
091f2624-6e4e-4961-baf2-9526493525b0,Richelle Alleyne,writer,writer,,,2020-02-21,2020-02-21,1,-0.4376820413677751,6,0.1470817836566133,0.0,-0.27147504601238254
8fbcd70f-bf1e-4624-b94a-fcff6b0c637e,Cashmere Cat,writer,writer,,,2015-11-27,2021-01-01,2,0.07812468189051006,11,1.0068973772825651,5.098,0.31906668062012294
091edff2-a5ff-4aff-92b0-8569345098d3,Farhad Samadzada,writer,writer,,,2012-01-01,2012-01-01,1,-0.4376820413677751,8,0.4910080211069941,0.0,-0.27147504601238254
e565610b-9a8f-451d-b594-ea658d76f725,Fifth Harmony,performer;vocal;writer,writer,christmas;christmas music;instrumental,christmas,1934-01-01,1934-01-01,1,-0.4376820413677751,0,-0.884696928694529,0.0,-0.27147504601238254
11fb18de-7404-44e1-82c4-ba0045a7502e,Thomas Mars,composer,writer,,,1998-01-01,1998-01-01,1,-0.4376820413677751,4,-0.19684445379376744,0.0,-0.27147504601238254
d71aa474-76e1-4c5c-8d5b-778e4bee708d,Klaus Meine,lyricist,writer,,,1978-01-01,1978-01-01,1,-0.4376820413677751,2,-0.5407706912441482,0.0,-0.27147504601238254
7936fffc-8acf-4ee7-91d1-eaa3df92e381,Mark Pontius,writer,writer,,,2017-04-30,2017-04-30,1,-0.4376820413677751,7,0.3190449023818037,0.0,-0.27147504601238254
42b1afed-e6db-4ca7-b3e6-c86873603dd3,Edwin Z Perez,writer,writer,cloud rap;hip hop;rap,cloud rap,2015-05-26,2015-05-26,1,-0.4376820413677751,6,0.1470817836566133,0.0,-0.27147504601238254
d1515727-4a93-4c0d-88cb-d7a9fce01879,Jamie xx,writer,writer,,,2015-05-29,2015-05-29,1,-0.4376820413677751,3,-0.36880757251895785,0.0,-0.27147504601238254
a9c38fd2-04be-4bc6-a3bc-96508b226508,Stephen Sanchez,instrument;phonographic copyright;writer,writer,,,2021-09-01,2021-09-01,1,-0.4376820413677751,0,-0.884696928694529,0.0,-0.27147504601238254
859bf1bb-0470-4869-aa97-a2f1c0fee62c,Thomas Erdelyi,writer,writer,,,1977-01-01,1977-01-01,1,-0.4376820413677751,4,-0.19684445379376744,0.0,-0.27147504601238254
24e1b53c-3085-4581-8472-0b0088d2508c,Avenged Sevenfold,instrument;instrument arranger;orchestrator;performer;phonographic copyright;producer,performer,,,1982-01-01,1984-01-01,3,0.5939314051487953,2,-0.5407706912441482,1.999,-0.0399150398259607
741a2892-1c5d-402f-a769-2096356c77d7,Wheatus,engineer;producer;recording,production,,,1980-01-01,1980-01-01,1,-0.4376820413677751,0,-0.884696928694529,0.0,-0.27147504601238254
48646387-1664-4c9a-9139-9bfd091b823c,BLACKPINK,performer;vocal,performer,christmas;christmas music;electronic;holiday;jasrac-no-iswc;pop;synth-pop,christmas,1982-11-05,1984-01-01,2,0.07812468189051006,0,-0.884696928694529,1.155,-0.1376822460397376
6c7fc9af-07ee-41af-9ef7-2eb9665f2cbb,Philip Adrian Wright,composer,writer,electronic;house;pop;synth-pop;trance,electronic,1981-01-01,1981-01-01,1,-0.4376820413677751,3,-0.36880757251895785,0.0,-0.27147504601238254
05de4cde-ba6e-4be8-a8fb-0aa4f6c56df8,Karl Hyde,composer,writer,,,2014-04-28,2014-04-28,2,0.07812468189051006,1,-0.7127338099693385,0.0,-0.27147504601238254
e4356a15-5acc-400d-a707-592d66922e28,Sevdaliza,composer;mix;producer;vocal;writer,writer,,,2017-01-30,2018-03-30,5,1.6255448516653654,2,-0.5407706912441482,1.161,-0.1369872185074122
293da60a-845a-4b2f-a288-72242d632168,Sam Bentley,composer,writer,,,2013-08-30,2013-08-30,4,1.1097381284070802,0,-0.884696928694529,0.0,-0.27147504601238254
73e7c483-9f3e-4a72-a359-582452fbaeac,Peter Hook,writer,writer,,,1979-07-11,1983-01-01,6,2.1413515749236507,7,0.3190449023818037,3.477,0.13129340897020308
6ab10aaf-8812-41eb-b59f-f07b42468f22,Exo,writer,writer,,,1995-01-01,1995-01-01,1,-0.4376820413677751,0,-0.884696928694529,0.0,-0.27147504601238254
41a2b0bf-0469-43da-93a3-8774da760cb8,Angel Luis Cosme,writer,writer,,,2015-01-28,2015-05-06,2,0.07812468189051006,4,-0.19684445379376744,0.268,-0.24043048290184676
88b1b2c9-1cda-4dda-ae4b-2e8a4d00356a,Leroy Bonner,writer,writer,,,2019-04-18,2019-04-18,1,-0.4376820413677751,20,2.5545654458092786,0.0,-0.27147504601238254
4c7a5854-6b75-4623-a684-6a3d785d9015,Estelle,arranger;composer;lyricist;performer;vocal;writer,writer,,,1972-01-01,1972-01-01,1,-0.4376820413677751,1,-0.7127338099693385,0.0,-0.27147504601238254
3efc71ea-3594-4510-b2d5-34c14c8687d4,Keith Flint,writer,writer,,,1995-10-28,1996-01-01,3,0.5939314051487953,11,1.0068973772825651,0.178,-0.2508558958867282
56a55378-f155-48de-80a5-d80104221267,Chappell Roan,composer;lyricist;mix;phonographic copyright;producer;video director;vocal;writer,writer,pop,pop,1957-01-01,1957-01-01,1,-0.4376820413677751,2,-0.5407706912441482,0.0,-0.27147504601238254
79c795f4-7dee-42df-ad01-b68b5980d9ee,Jack LaFrantz,writer,writer,,,2024-01-01,2024-04-05,3,0.5939314051487953,6,0.1470817836566133,0.26,-0.24135718627828068
6cf7f2ce-c646-45aa-8179-9149e9866097,Leandra Earl,writer,writer,,,2023-09-15,2023-09-15,1,-0.4376820413677751,7,0.3190449023818037,0.0,-0.27147504601238254
752bebd2-b44c-41bb-8a21-bdf3cd1b5518,Cynthia Erivo,producer;vocal;writer,writer,disney song;pop;stage and screen,disney song,1940-01-01,1940-01-01,1,-0.4376820413677751,0,-0.884696928694529,0.0,-0.27147504601238254
c12f644b-1066-4ead-b0dd-d0c380f5cca2,Ian MacKaye,composer;writer,writer,,,1987-09-03,1989-12-01,4,1.1097381284070802,4,-0.19684445379376744,2.245,-0.011418911000618145
0039c7ae-e1a7-4a7d-9b49-0cbc716821a6,Death Cab for Cutie,engineer;performer;producer;recording;samples from artist,performer,classic rock;rock,classic rock,1969-01-01,1969-01-01,1,-0.4376820413677751,0,-0.884696928694529,0.0,-0.27147504601238254
1065cacf-9d07-44b0-9f9c-80dd04a86b49,Annie Yuill,writer,writer,,,2012-01-01,2012-01-01,1,-0.4376820413677751,12,1.1788604960077556,0.0,-0.27147504601238254
3c9b356d-d1db-4f4e-a7a3-2d00c1d70255,Kurt Cobain,composer;lyricist;writer,writer,,,1989-01-01,2019-06-21,2,0.07812468189051006,4,-0.19684445379376744,30.467,3.2577589252140875
afac07f5-d4aa-43f4-bad3-6bc2bb474cba,Ray Davies,composer;lyricist,writer,hard rock;pop rock;ripped off;rock;rock and roll,hard rock,1964-10-23,1971-11-24,7,2.657158298181936,3,-0.36880757251895785,7.086,0.5493524696639481
f072fd2b-1ffa-4e54-a4c4-678741234ee2,David Porter,writer,writer,,,2021-04-09,2021-04-09,1,-0.4376820413677751,13,1.350823614732946,0.0,-0.27147504601238254
319e9d91-fd89-40d7-9aef-a28da1b7d75e,Paul Robb,writer,writer,,,2015-01-01,2015-01-01,1,-0.4376820413677751,1,-0.7127338099693385,0.0,-0.27147504601238254
18f56081-ccd7-4e07-981a-558c20951ccd,Jessie Reyez,writer,writer,boogie;dance-pop;disco;electro;funk;nu disco,boogie,2017-01-01,2017-01-01,1,-0.4376820413677751,3,-0.36880757251895785,0.0,-0.27147504601238254
5f04b5df-2247-4d09-b780-b68705cf0d35,Mucky,writer,writer,,,2018-01-31,2018-03-30,4,1.1097381284070802,2,-0.5407706912441482,0.159,-0.2530568164057587
fa4461c1-518c-4046-bb71-7b8fcab47c10,Holly Knight,lyricist,writer,,,1987-01-01,1987-01-01,1,-0.4376820413677751,4,-0.19684445379376744,0.0,-0.27147504601238254
b0465ba1-c8cb-4b10-ab14-3f48f27887c3,Sam Winemiller,writer,writer,,,2015-08-18,2015-08-18,1,-0.4376820413677751,2,-0.5407706912441482,0.0,-0.27147504601238254
f7eb3be3-1065-4a53-94d4-e2d0c15c0b33,Sean Kingston,performer;video appearance;vocal;writer,writer,,,2007-01-01,2009-01-01,3,0.5939314051487953,10,0.8349342585573748,2.001,-0.03968336398185225
abd506e1-6f2b-4d6f-b937-92c267f6f88b,Journey,performer;producer,performer,beat;blues;blues rock;pop;pop rock;rock,beat,1967-01-01,1969-01-01,2,0.07812468189051006,0,-0.884696928694529,2.001,-0.03968336398185225
bfc872ee-8285-4496-bb02-95159f08a7ef,444jet,writer,writer,,,2025-08-01,2025-08-01,1,-0.4376820413677751,1,-0.7127338099693385,0.0,-0.27147504601238254
60bec7fc-22ad-4597-a928-781c576ebccd,Vinylz,writer,writer,hip hop;trap,hip hop,2014-10-28,2018-01-01,2,0.07812468189051006,19,2.382602327084088,3.179,0.09677370819804014
274e5aeb-6f07-4429-b74e-02d4e3b83344,FRANTS,composer;lyricist,writer,,,2016-02-03,2016-02-03,1,-0.4376820413677751,1,-0.7127338099693385,0.0,-0.27147504601238254
ca49c09b-9ac8-400c-8f3b-edde6a026342,Jonas Swanson,composer;lyricist,writer,,,2022-08-18,2022-10-28,5,1.6255448516653654,3,-0.36880757251895785,0.194,-0.24900248913386036
bf314a8f-5dc6-4dc5-8819-d25b4cc38164,Hit‐Boy,writer,writer,,,2019-02-14,2019-02-14,1,-0.4376820413677751,4,-0.19684445379376744,0.0,-0.27147504601238254
da3f4766-628e-4da3-a871-014728993157,Ralf Hütter,composer;lyricist,writer,,,1978-01-01,1978-01-01,1,-0.4376820413677751,3,-0.36880757251895785,0.0,-0.27147504601238254
773c48db-eb0c-491f-9a36-633d72dcee8d,L.V.,writer,writer,,,1994-01-01,1994-01-01,1,-0.4376820413677751,3,-0.36880757251895785,0.0,-0.27147504601238254
6f2c949d-9540-4421-bf02-27ae27e00e33,Ice Spice,composer;lyricist;vocal;writer,writer,,,2014-07-14,2014-07-14,1,-0.4376820413677751,2,-0.5407706912441482,0.0,-0.27147504601238254
070d193a-845c-479f-980e-bef15710653e,Prince,arranger;composer;engineer;instrument;instrument arranger;lyricist;mix;performer;producer;programming;recording;remixer;samples from artist;video appearance;video director;vocal;writer,writer,,,1965-01-01,1986-01-01,4,1.1097381284070802,1,-0.7127338099693385,20.999,2.1610054792045617
f2eef649-a6d5-4114-afba-e50ab26254d2,Sum 41,composer;performer;recording;writer,writer,,,1974-01-01,1974-01-01,1,-0.4376820413677751,1,-0.7127338099693385,0.0,-0.27147504601238254
e5712ceb-c37a-4c49-a11c-ccf4e21852d4,Troye Sivan,composer;instrument;lyricist;performer;producer;vocal;writer,writer,ballad;bebop;contemporary jazz;funk;jazz;jazz-funk;pop;soul;vocal,ballad,1939-01-01,1939-01-01,1,-0.4376820413677751,2,-0.5407706912441482,0.0,-0.27147504601238254
965f5705-6eb1-49a1-b312-cd3d65bcc7c9,Calvin Broadus,composer;writer,writer,g-funk;hip hop,g-funk,1992-01-01,2019-04-18,6,2.1413515749236507,39,5.821864701587896,27.294,2.8902051985359902
a2fdc044-010f-4317-97d2-a1c67e978543,Jeff Bhasker,composer;lyricist;writer,writer,,,2008-01-01,2008-01-01,4,1.1097381284070802,15,1.6947498521833269,0.0,-0.27147504601238254
ee0b11de-0c8a-4267-9886-198f4579e1db,Lizzy McAlpine,composer;instrument;lyricist;performer;producer;vocal;writer,writer,ballad;dance;disco;downtempo;electronic;europop;funk;pop;soul,ballad,1976-01-01,1977-01-01,2,0.07812468189051006,6,0.1470817836566133,1.002,-0.15540544811403603
6b128dd7-e998-4edb-a4f5-400fef190445,,performer,performer,,,2024-03-25,2024-03-25,0,-0.9534887646260604,0,-0.884696928694529,0.0,-0.27147504601238254
80e7cb60-3ed8-46dd-8eec-9052606306f2,Jim Steinman,composer,writer,rock,rock,1984-01-01,1984-01-01,1,-0.4376820413677751,1,-0.7127338099693385,0.0,-0.27147504601238254
e0140a67-e4d1-4f13-8a01-364355bee46e,Justin Bieber,composer;creative direction;instrument;lyricist;performer;producer;video appearance;vocal;writer,writer,christmas;christmas music;instrumental,christmas,1934-01-01,2021-01-01,6,2.1413515749236507,25,3.4143810394352303,87.001,9.806540010628382
bf66e128-8353-404f-80d4-43916ea454d2,Thebe Kgositsile,writer,writer,,,2012-01-01,2012-01-01,1,-0.4376820413677751,8,0.4910080211069941,0.0,-0.27147504601238254
7e61db63-b2e4-496a-a3a3-d4383c63b698,Leith Ross,composer;instrument;lyricist;phonographic copyright;vocal;writer,writer,,,2021-07-16,2022-03-25,3,0.5939314051487953,2,-0.5407706912441482,0.69,-0.1915468797949583
0a96553f-8003-45dc-adf9-d38ed61bf941,Max Borghetti,writer,writer,,,2018-01-01,2018-01-01,1,-0.4376820413677751,8,0.4910080211069941,0.0,-0.27147504601238254
e505aa63-cc70-4b35-b77e-476035e4e620,이주형,composer,writer,monotree,monotree,2009-11-17,2009-11-17,1,-0.4376820413677751,2,-0.5407706912441482,0.0,-0.27147504601238254
ba9bae1c-ee4d-496e-abfe-b538a44fda2a,808 Melo,writer,writer,,,2019-12-27,2019-12-27,1,-0.4376820413677751,4,-0.19684445379376744,0.0,-0.27147504601238254
56ed6291-5643-41ab-8023-ab6df6b976c0,Johnny Stevens,writer,writer,,,2018-08-03,2018-08-03,1,-0.4376820413677751,7,0.3190449023818037,0.0,-0.27147504601238254
a0b8cb9e-7532-45fe-a74c-30e7c4009a39,Missy Elliott,composer;writer,writer,,,1996-01-01,2003-01-01,4,1.1097381284070802,5,-0.024881335068577065,7.001,0.539506246289338
c7772f09-52d8-408c-b178-7cd18741dded,Erwin Henderson Jr.,writer,writer,,,2020-03-22,2020-03-22,1,-0.4376820413677751,7,0.3190449023818037,0.0,-0.27147504601238254
79a09151-f6cc-48f9-9907-3fdd0b68373f,Richard D. James,composer,writer,,,1995-01-01,1996-01-01,5,1.6255448516653654,1,-0.7127338099693385,0.999,-0.15575296188019871
79c9b9a6-4b78-4738-8b81-95b066321ea9,Young Nudy,performer;recording;vocal;writer,writer,,,2018-12-21,2020-03-22,5,1.6255448516653654,17,2.0386760896337077,1.251,-0.12656180552253077
94a24504-3548-4bde-a89b-273d277d194e,Jack Bruce,writer,writer,blues,blues,1967-01-01,1967-01-01,1,-0.4376820413677751,3,-0.36880757251895785,0.0,-0.27147504601238254
a56bd8f9-8ef8-4d63-89a4-794ed1360dd2,Diplo,composer;engineer;instrument;lyricist;mix;mix-dj;performer;producer;programming;recording;remixer;video appearance;vocal;writer,writer,_add parody,_add parody,2000-01-01,2002-01-01,2,0.07812468189051006,5,-0.024881335068577065,2.001,-0.03968336398185225
122a2714-24f8-4046-a532-64064b5076d2,Thomas Bangalter,writer,writer,_add parody;disco;electronic;house,_add parody,1995-01-01,2000-01-01,7,2.657158298181936,5,-0.024881335068577065,4.999,0.30759872633675334
f9300575-b356-4e5a-88b3-f76bf6f34115,Freddie Perren,writer,writer,ballad;disco;pop,ballad,1977-01-01,1977-01-01,1,-0.4376820413677751,2,-0.5407706912441482,0.0,-0.27147504601238254
029a5244-eb0b-4e9e-aa51-d676b985606e,Kenneth Pershon,writer,writer,,,2018-01-01,2018-01-01,1,-0.4376820413677751,4,-0.19684445379376744,0.0,-0.27147504601238254
438cfe24-e99c-4b74-94ff-7289ede0bb46,Paul Landers,writer,writer,,,1996-08-18,1996-08-18,1,-0.4376820413677751,6,0.1470817836566133,0.0,-0.27147504601238254
5a8e07d5-d932-4484-a7f7-e700793a9c94,Robyn,composer;lyricist,writer,ballad;electropop;pop;synth-pop,ballad,2010-01-01,2010-01-01,1,-0.4376820413677751,2,-0.5407706912441482,0.0,-0.27147504601238254
3b6def32-b3ee-47e0-9eb9-c9e1a2e22efd,榊原香保里,lyricist,writer,,,2006-03-21,2006-03-21,1,-0.4376820413677751,1,-0.7127338099693385,0.0,-0.27147504601238254
705f04e2-fc5b-41ab-b837-1d850d44084a,fromis_9,lyricist,writer,,,2020-09-16,2020-09-16,5,1.6255448516653654,21,2.726528564534469,0.0,-0.27147504601238254
3b4dcae0-6d33-489f-8923-daea4f512cac,UNIIQU3,writer,writer,,,2023-08-18,2023-08-18,1,-0.4376820413677751,3,-0.36880757251895785,0.0,-0.27147504601238254
410e7fd3-b865-4fa0-bb18-1b7fd53382ca,Solange,composer;lyricist;performer;producer;video appearance;vocal;writer,writer,,,2003-01-01,2005-01-01,2,0.07812468189051006,6,0.1470817836566133,2.001,-0.03968336398185225
563abe5e-06b1-430d-99d4-7abf981c6e5a,Patrick Stump,writer,writer,,,2015-01-01,2015-01-01,1,-0.4376820413677751,3,-0.36880757251895785,0.0,-0.27147504601238254
9dcb52fc-b6f8-4980-ad45-22b066583b8b,Philip Springer,writer,writer,christmas;christmas music;horny for santa;list song,christmas,1953-01-01,1953-01-01,1,-0.4376820413677751,3,-0.36880757251895785,0.0,-0.27147504601238254
bd20fa3d-277c-483f-bd0e-5f8d8ae011c6,Neal Conway,writer,writer,,,1991-01-01,1991-01-01,1,-0.4376820413677751,2,-0.5407706912441482,0.0,-0.27147504601238254
346448f5-25a0-4f78-bbd6-acc0205f7513,Richard Rodgers,composer,writer,jazz;swing,jazz,1933-01-01,1980-01-01,4,1.1097381284070802,6,0.1470817836566133,46.998,5.172675614692697
c0367e31-dc3a-4f5e-9d24-0e3af39a8704,Louis Bell,writer,writer,pop,pop,2016-01-01,2021-01-01,7,2.657158298181936,26,3.5863441581604207,5.002,0.30794624010291605
e3d5b5ec-101a-4529-9f2d-01dca64cf44e,Anne-Marie,writer,writer,,,2018-01-01,2018-01-01,1,-0.4376820413677751,2,-0.5407706912441482,0.0,-0.27147504601238254
2610ba0c-fe94-4e04-8e15-4b29966afffc,Chris Fehn,writer,writer,,,1997-10-31,1999-01-01,2,0.07812468189051006,9,0.6629711398321845,1.169,-0.13606051513097828
3ff0f713-0232-4997-a6e3-a42ae30eca9c,Johntá Austin,writer,writer,contemporary r&b;trap,contemporary r&b,2015-01-01,2015-01-01,1,-0.4376820413677751,6,0.1470817836566133,0.0,-0.27147504601238254
e44aa1c2-c4ea-4dae-a9c5-36fd9fd22d09,9lokknine,writer,writer,,,2019-08-09,2019-08-09,1,-0.4376820413677751,2,-0.5407706912441482,0.0,-0.27147504601238254
a98cd83c-4f9d-4c16-a3f2-3759df41df82,Billy Steinberg,writer,writer,,,1984-01-01,1986-01-01,2,0.07812468189051006,3,-0.36880757251895785,2.001,-0.03968336398185225
bce6d667-cde8-485e-b078-c0a05adea36d,ScHoolboy Q,samples from artist;video appearance;vocal;writer,writer,cloud rap;hip hop;rap,cloud rap,2012-10-09,2015-05-26,5,1.6255448516653654,20,2.5545654458092786,2.626,0.03271533730204652
f4b6e451-5dce-4842-a555-f793892299b3,Jane Remover,composer;instrument;lyricist;mix;performer;phonographic copyright;producer;recording;remixer;vocal;writer,writer,,,2010-01-01,2025-09-12,2,0.07812468189051006,2,-0.5407706912441482,15.696,1.5467169785509376
913b4704-05bf-4e53-b30a-f3bd244ea2ea,SYML,phonographic copyright;remixer;writer,writer,,,2018-01-01,2018-01-01,1,-0.4376820413677751,1,-0.7127338099693385,0.0,-0.27147504601238254
37ed89f2-c1e4-4836-8f68-190014a48034,Mike Campbell,composer;lyricist;writer,writer,rock,rock,1984-01-01,1989-01-01,2,0.07812468189051006,4,-0.19684445379376744,5.002,0.30794624010291605
7d1a1624-784b-4f89-8ff9-b9b493cd059d,Robert Smith,composer;lyricist,writer,alternative rock;rock,alternative rock,1985-01-01,1987-01-01,3,0.5939314051487953,6,0.1470817836566133,1.999,-0.0399150398259607
7d3372ea-68ea-461e-84e4-d0f5259809ed,Kev Nish,writer,writer,,,2008-01-01,2010-01-01,2,0.07812468189051006,8,0.4910080211069941,2.001,-0.03968336398185225
b3c94036-6166-41d2-91a2-dc3a0b5fa188,Q‐Tip,writer,writer,,,1993-01-01,1993-01-01,5,1.6255448516653654,5,-0.024881335068577065,0.0,-0.27147504601238254
1db78dcc-efdc-4b32-aab1-37b9c2210d02,,remixer,other,,,2004-05-21,2004-05-21,0,-0.9534887646260604,0,-0.884696928694529,0.0,-0.27147504601238254
9c14317c-87b9-4f7c-a5a5-80add17a1709,Alice Phoebe Lou,composer;instrument;lyricist;producer;vocal;writer,writer,,,1966-01-01,1966-01-01,1,-0.4376820413677751,1,-0.7127338099693385,0.0,-0.27147504601238254
9e474d7c-664d-4a9d-9693-5a196313900c,Frank Churchill,composer,writer,,,1938-01-19,1938-01-19,1,-0.4376820413677751,1,-0.7127338099693385,0.0,-0.27147504601238254
08b652f4-a221-4f54-8ea8-b375b5bc54d2,Printz Board,writer,writer,,,2020-02-21,2020-02-21,1,-0.4376820413677751,6,0.1470817836566133,0.0,-0.27147504601238254
831dcf03-b745-436b-922f-6a2baaf45e57,Dove Cameron,composer;lyricist;performer;video appearance;vocal;writer,writer,,,1989-01-01,1989-01-01,1,-0.4376820413677751,3,-0.36880757251895785,0.0,-0.27147504601238254
ca9766a0-1c30-43e6-a213-bac1334efc4a,Steve Lacy,arranger;composer;instrument;lyricist;mix;producer;vocal,writer,,,1936-10-21,1936-10-21,1,-0.4376820413677751,1,-0.7127338099693385,0.0,-0.27147504601238254
c0eee88b-47f2-4cd2-ac48-a045e902a432,Ween,arranger;composer;performer;producer;remixer;writer,writer,,,1968-11-22,1971-01-01,3,0.5939314051487953,10,0.8349342585573748,2.108,-0.027288706322048755
1febab34-36bb-499c-a370-10080d3079f2,Bart Howard,composer;lyricist,writer,,,1954-04-01,1954-04-01,1,-0.4376820413677751,1,-0.7127338099693385,0.0,-0.27147504601238254
0ba9202b-0855-4935-9425-e2d9feab77ef,Damon Sharpe,composer;lyricist,writer,,,2000-01-01,2000-01-01,1,-0.4376820413677751,5,-0.024881335068577065,0.0,-0.27147504601238254
0bc6d6e7-0858-4b73-a079-7aa681095f98,Ryan Tedder,writer,writer,,,2023-07-07,2023-07-07,1,-0.4376820413677751,2,-0.5407706912441482,0.0,-0.27147504601238254
1fb50d12-8463-4fa4-bcc0-f8038e36aaa1,Jonathan Pierce,writer,writer,,,2011-01-01,2011-01-01,5,1.6255448516653654,1,-0.7127338099693385,0.0,-0.27147504601238254
1cfe52d7-181a-4b3a-8041-d8bf9ccef57b,Mystikal,writer,writer,hip hop,hip hop,2000-01-01,2001-01-01,2,0.07812468189051006,2,-0.5407706912441482,1.002,-0.15540544811403603
70debfb9-fa72-424b-b1ea-1c0b4baf00f4,Sean da Firzt,writer,writer,,,2019-03-01,2019-03-01,1,-0.4376820413677751,1,-0.7127338099693385,0.0,-0.27147504601238254
ce7f558d-e4c3-43c6-9be6-cbb330a97d83,Noah Assad,writer,writer,,,2018-10-11,2018-10-11,1,-0.4376820413677751,9,0.6629711398321845,0.0,-0.27147504601238254
9d17d14a-e81c-410e-a90b-b02b0a9de6f8,,performer,performer,,,2016-01-01,2016-05-10,0,-0.9534887646260604,0,-0.884696928694529,0.356,-0.2302367457610738
0ee34279-2624-41a5-8c14-a85da7eba79a,Dave Alexander,composer;writer,writer,,,1969-01-01,1969-01-01,2,0.07812468189051006,5,-0.024881335068577065,0.0,-0.27147504601238254
31b22ba7-1544-4c64-9117-fe514ecf23ff,Fernando Brant,writer,writer,,,1970-01-01,1978-01-01,2,0.07812468189051006,4,-0.19684445379376744,8.0,0.6552283304215217
5fab583d-7b67-4b1b-a108-8397c983032e,Will Sergeant,writer,writer,,,1983-01-01,1983-01-01,1,-0.4376820413677751,4,-0.19684445379376744,0.0,-0.27147504601238254
9eba77a2-7297-4917-b6fd-b0dec8b57437,Vicky Farewell,writer,writer,,,2023-03-03,2023-03-03,1,-0.4376820413677751,3,-0.36880757251895785,0.0,-0.27147504601238254
6c61b24f-aa32-458d-83fe-b8619dd7def7,Mike Elizondo,writer,writer,g-funk;hip hop,g-funk,2000-01-01,2000-01-01,1,-0.4376820413677751,8,0.4910080211069941,0.0,-0.27147504601238254
fe697682-1f05-48c8-98da-79a4abdf0e8b,Edgar Barrera,writer,writer,,,2018-10-25,2018-10-25,1,-0.4376820413677751,7,0.3190449023818037,0.0,-0.27147504601238254
d77458b0-f916-4c6a-b9ed-cacbd1f6c178,Shawn Crahan,writer,writer,,,1997-10-31,1999-01-01,2,0.07812468189051006,9,0.6629711398321845,1.169,-0.13606051513097828
22135057-efdf-4afd-98e7-2935669d9721,Michel Mulders,writer,writer,,,1982-01-01,1982-01-01,1,-0.4376820413677751,2,-0.5407706912441482,0.0,-0.27147504601238254
772b1730-b908-4d84-a63e-5c54e5551909,James Jeanty,writer,writer,,,2019-12-06,2019-12-06,1,-0.4376820413677751,3,-0.36880757251895785,0.0,-0.27147504601238254
d62614aa-ef2c-44cd-8a7b-91292755a1d0,Jorja Smith,composer;instrument;lyricist;performer;samples from artist;vocal;writer,writer,country;dancehall;pop;r&b;reggae;soul,country,1972-01-01,1972-01-01,1,-0.4376820413677751,2,-0.5407706912441482,0.0,-0.27147504601238254
70e5098b-c4ae-4cd7-9799-3c1b9b57c753,SHINee,lyricist;performer;vocal,writer,appears in star trek;classical;neo-classical;sea shanties;star trek soundtracks;vocal,appears in star trek,1951-01-01,1951-01-01,1,-0.4376820413677751,0,-0.884696928694529,0.0,-0.27147504601238254
6f1a58bf-9b1b-49cf-a44a-6cefad7ae04f,Dua Lipa,composer;lyricist;performer;video appearance;vocal;writer,writer,,,1967-01-01,1969-01-01,2,0.07812468189051006,4,-0.19684445379376744,2.001,-0.03968336398185225
e4c2bb42-55d9-46ec-9a2b-d79af8a6a0ff,Rich Vreeland,composer,writer,,,2012-04-20,2012-04-20,1,-0.4376820413677751,1,-0.7127338099693385,0.0,-0.27147504601238254
3bd76ebe-c7dc-47bd-a8af-9e46d2a4f782,Blockhead,composer,writer,,,2019-01-18,2019-01-18,1,-0.4376820413677751,0,-0.884696928694529,0.0,-0.27147504601238254
7fe96b15-5608-430e-ad25-77a01353c5d9,Young the Giant,producer;writer,writer,folk,folk,1966-01-01,1967-01-01,2,0.07812468189051006,3,-0.36880757251895785,0.999,-0.15575296188019871
60c083b5-e3c9-4410-9f9a-0b5f4b4d5c2c,Madonna Wayne Gacy,composer,writer,,,1991-12-01,1992-08-01,2,0.07812468189051006,3,-0.36880757251895785,0.668,-0.19409531408015152
020bfbb4-05c3-4c86-b372-17825c262094,Audioslave,arranger;producer;writer,writer,,,1991-01-01,1992-01-01,3,0.5939314051487953,5,-0.024881335068577065,0.999,-0.15575296188019871
986ee464-cf8a-4e59-a71f-74756102067f,Ace Hood,writer,writer,,,2013-01-01,2013-01-01,1,-0.4376820413677751,5,-0.024881335068577065,0.0,-0.27147504601238254
66dd0da0-66f7-4e7e-a3fc-f1a8b8590993,Menes,lyricist,writer,,,2010-01-01,2010-01-01,1,-0.4376820413677751,2,-0.5407706912441482,0.0,-0.27147504601238254
29b9edaa-058f-489a-b54a-73cc3627661c,J.B. Lenoir,writer,writer,,,1962-01-01,1962-01-01,1,-0.4376820413677751,2,-0.5407706912441482,0.0,-0.27147504601238254
5a8eae6c-def4-4572-9269-8c84ccdb3fc7,Irvin Whitlow,writer,writer,hip hop;trap,hip hop,2017-12-22,2017-12-22,1,-0.4376820413677751,6,0.1470817836566133,0.0,-0.27147504601238254
b35a801b-c385-46f8-a852-25f28c1614da,Dieter Meier,lyricist,writer,,,1985-01-01,1985-01-01,1,-0.4376820413677751,2,-0.5407706912441482,0.0,-0.27147504601238254
9b6e2f6a-945d-422d-926e-ebb77b8dd109,Canaan Dove Amber,writer,writer,,,1998-02-24,1998-02-24,1,-0.4376820413677751,1,-0.7127338099693385,0.0,-0.27147504601238254
8870ec41-3a85-4461-86bf-e2012307b30e,Aino Jawo,writer,writer,,,2012-01-01,2013-01-01,4,1.1097381284070802,19,2.382602327084088,1.002,-0.15540544811403603
c43d2302-02db-487b-b62d-8cb3c57f94c6,Sonny Bono,composer;lyricist,writer,,,1966-01-01,1966-01-01,1,-0.4376820413677751,1,-0.7127338099693385,0.0,-0.27147504601238254
78e98e0e-f873-4e5e-b4b7-88b7293fd713,Christina Milian,composer;lyricist,writer,,,2001-01-01,2001-01-01,1,-0.4376820413677751,4,-0.19684445379376744,0.0,-0.27147504601238254
d50548a0-3cfd-4d7a-964b-0aef6545d819,Ol’ Dirty Bastard,writer,writer,hip hop;trap,hip hop,2018-01-01,2021-04-09,2,0.07812468189051006,22,2.898491683259659,3.269,0.1071991211829216
e56ab1ae-1cfa-4d0e-b33b-af31bff677c7,,video appearance,other,,,1994-01-01,1994-01-01,0,-0.9534887646260604,0,-0.884696928694529,0.0,-0.27147504601238254
74037cd6-174d-4b62-9581-096da221c066,Ferdi Bolland,composer;lyricist,writer,,,1985-01-01,1985-01-01,1,-0.4376820413677751,2,-0.5407706912441482,0.0,-0.27147504601238254
b8798e20-85ec-4db5-a8fa-df1543296339,Ricky Wilson,composer,writer,,,1978-04-01,1978-04-01,1,-0.4376820413677751,6,0.1470817836566133,0.0,-0.27147504601238254
109958eb-a335-4c5e-907e-597ff4c6af46,,performer,performer,classic rock;rock,classic rock,1969-01-01,1970-01-01,0,-0.9534887646260604,0,-0.884696928694529,0.999,-0.15575296188019871
9b2f64a8-98ea-433b-bfe0-2675c02b08db,,remixer,other,,,2025-06-06,2025-06-06,0,-0.9534887646260604,0,-0.884696928694529,0.0,-0.27147504601238254
13dec3df-6b0b-4ccc-bd5d-53f7e4dd990f,Scott Fritz,writer,writer,,,2016-01-01,2016-01-01,1,-0.4376820413677751,2,-0.5407706912441482,0.0,-0.27147504601238254
be465d46-9615-4722-b828-ea531ff97ea3,John K,writer,writer,,,2025-09-26,2025-09-26,1,-0.4376820413677751,7,0.3190449023818037,0.0,-0.27147504601238254
156fdc33-d51c-4348-b966-cdbce304d2dd,Nikhil Seetharam,writer,writer,,,2013-01-11,2013-01-11,1,-0.4376820413677751,3,-0.36880757251895785,0.0,-0.27147504601238254
f23ef341-33bd-47c1-b83c-846a78581f05,PARTYNEXTDOOR,engineer;lyricist;performer;producer;remixer;vocal;writer,writer,,,2016-01-01,2018-04-27,5,1.6255448516653654,22,2.898491683259659,2.319,-0.0028469047686045497
e06442a5-1716-46cd-adc4-e1ef022704b6,Bernhard Lloyd,composer,writer,,,1984-01-01,1984-01-01,1,-0.4376820413677751,3,-0.36880757251895785,0.0,-0.27147504601238254
42f55e6a-7a8d-4e8f-bbc7-da411b41bd15,Fefe Dobson,writer,writer,,,2009-01-01,2009-01-01,1,-0.4376820413677751,3,-0.36880757251895785,0.0,-0.27147504601238254
d0c7656d-8169-4f77-9dbe-b8f24e40105d,Kali Uchis,performer;producer;vocal;writer,writer,bossa nova,bossa nova,1959-01-01,2023-03-03,2,0.07812468189051006,5,-0.024881335068577065,64.167,7.161496898441909
37af6e7e-f13d-45e4-85f8-62ed4e9517ff,Denisia “Blu June” Andrews,writer,writer,,,2012-01-01,2019-07-19,2,0.07812468189051006,7,0.3190449023818037,7.546,0.6026379138088976
f2b7fc94-1e8d-4f4d-9a3f-620c1a5ac564,Roger Taylor,writer,writer,,,1981-01-01,1985-01-01,3,0.5939314051487953,8,0.4910080211069941,4.0,0.19187664220456957
24a43e36-0435-4f04-ae9a-d5d73e52d278,Ilsey Juber,writer,writer,,,2008-01-01,2008-01-01,1,-0.4376820413677751,5,-0.024881335068577065,0.0,-0.27147504601238254
e8d26c70-db22-4c97-906d-3b2c995765d1,Bryan Simmons,writer,writer,,,2013-01-01,2019-12-27,2,0.07812468189051006,15,1.6947498521833269,6.984,0.5375370016144159
aa6b0b31-ddbd-41c6-8f55-43b89de3fc58,Salvador Waviest,writer,writer,,,2016-01-01,2016-01-01,1,-0.4376820413677751,6,0.1470817836566133,0.0,-0.27147504601238254
fca20b9e-aa01-4e10-9908-4a8e8f790d2a,Graham Perez,composer;lyricist,writer,,,2023-01-01,2023-01-01,1,-0.4376820413677751,5,-0.024881335068577065,0.0,-0.27147504601238254
246e0381-558e-4529-b124-b5a14c340eb4,Sir Robert Bryson Hall II,writer,writer,,,2018-01-01,2018-01-01,1,-0.4376820413677751,1,-0.7127338099693385,0.0,-0.27147504601238254
a3796974-68e8-49e1-be25-73ccab990280,Andrew Vowles,writer,writer,oldest work #10,oldest work #10,1990-01-01,1994-01-01,7,2.657158298181936,22,2.898491683259659,4.0,0.19187664220456957
62b914a7-d775-4bb4-bb5e-d46e7df115b5,Benson Boone,instrument;vocal;writer,writer,,,2021-10-15,2024-04-05,5,1.6255448516653654,10,0.8349342585573748,2.472,0.014876297305693871
8ab5d936-49d1-415e-92c8-151e0e7dd912,A$AP Ferg,lyricist;performer;vocal;writer,writer,,,2012-08-27,2020-08-27,6,2.1413515749236507,23,3.0704548019848494,8.0,0.6552283304215217
1d673024-a339-4b97-9f41-52cdc47498c6,MARK,lyricist,writer,,,2016-05-10,2016-08-27,3,0.5939314051487953,11,1.0068973772825651,0.298,-0.2369553452402196
d1ba4333-3112-44bc-8768-273d879d7d74,Chris Hughes,writer,writer,,,1982-01-01,1982-01-01,1,-0.4376820413677751,3,-0.36880757251895785,0.0,-0.27147504601238254
b8155f6d-7852-4486-97d9-1b7fdda3fa08,ZUN,composer,writer,touhou;卯酉東海道 retrospective 53 minutes;東方永夜抄 imperishable night,touhou,2004-08-15,2004-08-15,1,-0.4376820413677751,1,-0.7127338099693385,0.0,-0.27147504601238254
78ea5ea1-3c4d-4b7e-ac5d-68900319ebe2,Siouxsie and the Banshees,arranger;composer;lyricist;performer;producer,writer,,,1967-01-01,1968-11-22,4,1.1097381284070802,7,0.3190449023818037,1.892,-0.052309697485764195
48f06c6d-088f-40f8-b954-bbf9b884839b,Paperboy Fabe,writer,writer,,,2019-03-08,2019-03-08,1,-0.4376820413677751,4,-0.19684445379376744,0.0,-0.27147504601238254
597f1204-98f0-4151-ab5f-b4e728f09e09,Alicia Renee Williams,writer,writer,,,2014-01-01,2014-01-01,1,-0.4376820413677751,3,-0.36880757251895785,0.0,-0.27147504601238254
6c447015-044a-4d5f-9521-410e17d46d42,Lex Blackmore,writer,writer,,,1996-01-01,1996-01-01,1,-0.4376820413677751,3,-0.36880757251895785,0.0,-0.27147504601238254
28a0e439-e447-49cb-9aa2-6c754bdf665f,Bobby Brackins,writer,writer,,,2014-01-01,2014-01-01,1,-0.4376820413677751,6,0.1470817836566133,0.0,-0.27147504601238254
8c6df732-bb9f-4aa5-9557-0d8b6d3b350c,Derrick Keyes,writer,writer,,,1998-01-01,1998-01-01,1,-0.4376820413677751,6,0.1470817836566133,0.0,-0.27147504601238254
f9133036-ab3d-4e97-bd11-7a2c98ad148a,Death Grips,composer;producer;recording;remixer,writer,,,2011-01-01,2011-01-01,1,-0.4376820413677751,3,-0.36880757251895785,0.0,-0.27147504601238254
7bd57a77-61ae-49e9-8f12-4ad5eb42ff84,Damon Goss,composer,writer,,,2003-12-29,2003-12-29,1,-0.4376820413677751,1,-0.7127338099693385,0.0,-0.27147504601238254
a9bfd9c0-a849-48d7-828b-b5c600b89ebb,Fabio Aguilar,writer,writer,,,2019-12-06,2019-12-06,1,-0.4376820413677751,3,-0.36880757251895785,0.0,-0.27147504601238254
07cc14fb-4784-4a25-804b-2686ed5ef52c,The Game,composer;lyricist;performer;producer;video appearance;vocal;writer,writer,g-funk;hip hop,g-funk,2000-01-01,2000-01-01,1,-0.4376820413677751,8,0.4910080211069941,0.0,-0.27147504601238254
b08593b7-1514-4f94-b8ee-1138480c58ad,Richard “Biff” Stannard,writer,writer,,,1996-01-01,1996-01-01,1,-0.4376820413677751,6,0.1470817836566133,0.0,-0.27147504601238254
5182c1d9-c7d2-4dad-afa0-ccfeada921a8,Black Sabbath,arranger;composer;performer;producer;samples from artist,writer,drum and bass;dub;dubstep;electronic;jungle;metal;reggae,drum and bass,1970-01-01,1970-01-01,5,1.6255448516653654,0,-0.884696928694529,0.0,-0.27147504601238254
69b25c47-780d-46e5-ae44-1f116337b95e,Stig Anderson,lyricist;writer,writer,ballad;disco;downtempo;electronic;europop;pop,ballad,1975-01-01,1976-01-01,4,1.1097381284070802,4,-0.19684445379376744,0.999,-0.15575296188019871
589bd6ad-abe5-4b49-8f6a-ddcba7c4dd25,Jayrah Gibson,writer,writer,,,2020-02-21,2020-02-21,1,-0.4376820413677751,6,0.1470817836566133,0.0,-0.27147504601238254
fec52bf2-450e-4ca7-a517-c3f2097d964c,Stephin Merritt,composer;lyricist,writer,,,1992-12-01,1994-04-18,5,1.6255448516653654,0,-0.884696928694529,1.377,-0.11196622734369677
01809552-4f87-45b0-afff-2c6f0730a3be,Elvis Presley,arranger;composer;instrument;lyricist;performer;producer;samples from artist;video appearance;vocal;writer,writer,jazz;jazz-funk;modal jazz;rock and roll;rockabilly;soul jazz,jazz,1945-05-01,1948-01-01,2,0.07812468189051006,1,-0.7127338099693385,2.669,0.03769636795037877
cc0b7089-c08d-4c10-b6b0-873582c17fd6,System of a Down,composer;producer,writer,,,1996-01-01,1997-01-01,5,1.6255448516653654,3,-0.36880757251895785,1.002,-0.15540544811403603
122d63fc-8671-43e4-9752-34e846d62a9c,Katy Perry,composer;engineer;instrument;lyricist;mix;performer;producer;video appearance;vocal;writer,writer,ripoff,ripoff,1967-01-01,1967-01-01,1,-0.4376820413677751,0,-0.884696928694529,0.0,-0.27147504601238254
39d895fa-c8e1-4dfe-ae14-9a1a302e64aa,Junie Morrison,writer,writer,,,2019-04-18,2019-04-18,1,-0.4376820413677751,20,2.5545654458092786,0.0,-0.27147504601238254
b1439308-b01c-4bff-ab12-5cc6cd47900c,Robert Del Naja,writer,writer,oldest work #10,oldest work #10,1990-01-01,1994-01-01,7,2.657158298181936,22,2.898491683259659,4.0,0.19187664220456957
4465b45e-3146-4131-9f28-3dad16ef5031,Anthony Vaccaro,writer,writer,,,2019-10-31,2020-02-14,2,0.07812468189051006,3,-0.36880757251895785,0.29,-0.2378820486166535
4173073b-ae68-476a-a715-e22f1f43046d,Ayase,composer;lyricist,writer,,,2019-11-17,2021-02-24,3,0.5939314051487953,0,-0.884696928694529,1.273,-0.12401337123733754
517db8b3-4167-4850-82e1-7c7688bc6a3d,Jim Boothe,writer,writer,christmas;christmas music;holiday music;language: english;pop,christmas,1957-11-01,1957-11-01,1,-0.4376820413677751,2,-0.5407706912441482,0.0,-0.27147504601238254
1333db0b-41d1-42fa-8e7e-526b4cc70d64,John Phillips,composer;lyricist,writer,,,1965-01-01,1965-01-01,1,-0.4376820413677751,1,-0.7127338099693385,0.0,-0.27147504601238254
97f523ba-64ce-4d11-a034-45655062c074,Hubi,writer,writer,,,2023-12-15,2023-12-15,1,-0.4376820413677751,8,0.4910080211069941,0.0,-0.27147504601238254
b1e26560-60e5-4236-bbdb-9aa5a8d5ee19,Post Malone,composer;instrument;lyricist;producer;programming;vocal;writer,writer,,,1963-01-01,2018-12-24,4,1.1097381284070802,13,1.350823614732946,55.978,6.212900154739754
733b0b49-3aba-4884-bcdc-172b30429cb5,大森元貴,composer;lyricist,writer,,,2021-01-19,2021-01-19,1,-0.4376820413677751,0,-0.884696928694529,0.0,-0.27147504601238254
c5fee395-a3d9-40a0-ad67-8518d312601c,Evan Stephens Hall,writer,writer,,,2016-02-01,2016-02-12,5,1.6255448516653654,0,-0.884696928694529,0.03,-0.26799990835075543
bd5ffaaa-71e8-4930-a5c2-338d828f0c89,Jacques Revaux,composer,writer,easy listening;jazz;pop;soft rock;stage & screen,easy listening,1969-01-01,1969-01-01,1,-0.4376820413677751,3,-0.36880757251895785,0.0,-0.27147504601238254
cceea21d-f3ec-4586-be7a-d2e939c15c78,Dijon,writer,writer,,,2024-02-09,2024-02-09,1,-0.4376820413677751,2,-0.5407706912441482,0.0,-0.27147504601238254
6545b2a5-bbdd-408d-9169-3d7aeade8093,Kerry King,composer;lyricist,writer,,,1984-01-01,1984-01-01,3,0.5939314051487953,3,-0.36880757251895785,0.0,-0.27147504601238254
197450cd-0124-4164-b723-3c22dd16494d,Frank Sinatra,composer;conductor;lyricist;performer;producer;video appearance;vocal;writer,writer,blues;rock,blues,1935-01-01,1936-01-01,2,0.07812468189051006,0,-0.884696928694529,0.999,-0.15575296188019871
2b5e086f-cb7b-4f92-8a85-6a1c38ceb598,Mike Kinsella,lyricist,writer,alternative rock;emo;indie rock;math rock;midwest emo;rock,alternative rock,1998-04-03,1998-04-03,1,-0.4376820413677751,2,-0.5407706912441482,0.0,-0.27147504601238254
4be3b2fa-0b31-445c-babf-475944be8971,Mr.Kitty,remixer;writer,writer,,,1984-01-01,1984-01-01,1,-0.4376820413677751,2,-0.5407706912441482,0.0,-0.27147504601238254
583944a8-d43b-42e9-8e3c-29eb89f53587,Roger Glover,writer,writer,classic rock;hard rock;rock,classic rock,1970-01-01,1970-01-01,1,-0.4376820413677751,4,-0.19684445379376744,0.0,-0.27147504601238254
f367ff22-5787-41cb-a7c9-bbbc7b817c21,Larry Beckett,lyricist,writer,,,1970-01-01,1970-01-01,1,-0.4376820413677751,2,-0.5407706912441482,0.0,-0.27147504601238254
1c5efd53-d6b6-4d63-9d22-a15025cf5f07,Gojira,composer;lyricist;phonographic copyright;writer,writer,,,1984-01-01,1984-01-01,1,-0.4376820413677751,3,-0.36880757251895785,0.0,-0.27147504601238254
44ecd2ac-a5b9-4b64-8edb-f3c76a5fa439,Tasmin Archer,writer,writer,,,1992-01-01,1992-01-01,1,-0.4376820413677751,2,-0.5407706912441482,0.0,-0.27147504601238254
8c8d8f2c-0924-4492-a4c4-cb042531ce86,Leigh Harline,composer,writer,disney song;pop;stage and screen,disney song,1940-01-01,1940-01-01,1,-0.4376820413677751,2,-0.5407706912441482,0.0,-0.27147504601238254
9d67c199-1d6c-4647-966c-f45a4badb43b,Niki,composer;lyricist,writer,,,1992-01-01,1994-01-01,5,1.6255448516653654,4,-0.19684445379376744,2.001,-0.03968336398185225
d863e16e-8811-4182-a168-4d85da239d79,Cory Rooney,composer;lyricist;writer,writer,,,2000-01-01,2012-01-01,5,1.6255448516653654,19,2.382602327084088,12.0,1.1185800186384738
d58439e2-d39a-4571-aec5-4cb4944bc1bc,Jesús Ortiz Paz,writer,writer,,,2025-09-18,2025-09-18,1,-0.4376820413677751,3,-0.36880757251895785,0.0,-0.27147504601238254
12398bf3-1b99-47b7-930c-f3956773f35a,Aminé,composer;lyricist;performer;producer;vocal;writer,writer,,,2008-01-01,2008-01-01,1,-0.4376820413677751,5,-0.024881335068577065,0.0,-0.27147504601238254
1f8e7e6f-fb43-4121-83c6-f4c9992b7036,Rhymefest,writer,writer,,,2013-01-01,2013-01-01,1,-0.4376820413677751,9,0.6629711398321845,0.0,-0.27147504601238254
144ef525-85e9-40c3-8335-02c32d0861f3,John Mayer,composer;instrument;instrument arranger;lyricist;performer;producer;video appearance;vocal;writer,writer,,,1979-01-01,1980-01-01,2,0.07812468189051006,3,-0.36880757251895785,0.999,-0.15575296188019871
127d8614-0876-4408-886c-6f110b047a78,YoungBoy Never Broke Again,composer;lyricist;vocal;writer,writer,,,2003-01-01,2003-01-01,1,-0.4376820413677751,1,-0.7127338099693385,0.0,-0.27147504601238254
664bd251-a22c-4ab9-a4f7-25da4b14f9fc,Blueface,writer,writer,,,2019-04-18,2019-04-18,1,-0.4376820413677751,20,2.5545654458092786,0.0,-0.27147504601238254
3578ccb9-0f63-41bd-819c-d50eba6aa2c4,Christian Mazzalai,composer,writer,,,1998-01-01,1998-01-01,1,-0.4376820413677751,4,-0.19684445379376744,0.0,-0.27147504601238254
153c9281-268f-4cf3-8938-f5a4593e5df4,Soundgarden,arranger;mix;phonographic copyright;producer,production,,,1969-01-01,1969-01-01,1,-0.4376820413677751,0,-0.884696928694529,0.0,-0.27147504601238254
f1dd0051-5578-45a7-a733-03113626407f,Rob Bourdon,writer,writer,,,2000-01-01,2000-01-01,1,-0.4376820413677751,7,0.3190449023818037,0.0,-0.27147504601238254
e664d1cd-23ab-48d5-b8fa-e98485daa5be,The Radio Dept.,mix;producer,production,,,1984-01-01,1984-01-01,1,-0.4376820413677751,0,-0.884696928694529,0.0,-0.27147504601238254
285e1285-aecc-478f-a8da-0c8cf69e1217,Miguel,engineer;instrument;lyricist;producer;programming;recording;vocal;writer,writer,blues rock;classic rock;rock,blues rock,1964-12-21,1964-12-21,1,-0.4376820413677751,2,-0.5407706912441482,0.0,-0.27147504601238254
cf6b70f6-2616-481c-912c-0263cabfc974,Gilberto Gil,writer,writer,,,1968-01-01,1968-01-01,1,-0.4376820413677751,2,-0.5407706912441482,0.0,-0.27147504601238254
364c40f5-020d-41e1-917d-ade1431f60a2,Edwin Othello Excell,composer,writer,appears in star trek;classical;neo-classical;sea shanties;star trek soundtracks;vocal,appears in star trek,1951-01-01,1951-01-01,1,-0.4376820413677751,3,-0.36880757251895785,0.0,-0.27147504601238254
f27ec8db-af05-4f36-916e-3d57f91ecf5e,Michael Jackson,arranger;composer;conductor;editor;instrument;instrument arranger;lyricist;mix;orchestrator;performer;producer;programming;samples from artist;video appearance;video director;vocal;vocal arranger;writer,writer,electronic;euro house;hi-nrg;list song;ripoff;rock;southern rock,electronic,1969-01-01,1995-01-01,5,1.6255448516653654,4,-0.19684445379376744,25.999,2.7401950894757516
93c1cee4-2604-4cd2-8d72-8bc59aa9f6c2,Ronny J,writer,writer,,,2020-05-10,2020-05-10,1,-0.4376820413677751,3,-0.36880757251895785,0.0,-0.27147504601238254
16944898-0949-474c-95c0-e717a59e1663,Pete Brown,writer,writer,blues,blues,1967-01-01,1967-01-01,1,-0.4376820413677751,3,-0.36880757251895785,0.0,-0.27147504601238254
b7e551a4-057e-40a5-b34e-d0d3324f681a,Michael Neil,writer,writer,,,2020-06-12,2020-06-12,1,-0.4376820413677751,2,-0.5407706912441482,0.0,-0.27147504601238254
92a5388e-60b0-4600-b988-4993b6f00b3f,David Biral,writer,writer,,,2019-06-21,2021-01-01,2,0.07812468189051006,7,0.3190449023818037,1.533,-0.09389551150323565
b548ac3e-b17b-4b82-9a16-49a8ff169732,Tandyn Almer,composer,writer,,,1972-01-01,1972-01-01,1,-0.4376820413677751,3,-0.36880757251895785,0.0,-0.27147504601238254
1ba01bce-7f32-4d72-a5d9-34930b191656,Donald Glover,writer,writer,,,2020-03-22,2020-03-22,1,-0.4376820413677751,7,0.3190449023818037,0.0,-0.27147504601238254
ed76aa76-ccd8-4bff-be1d-b308fef4ef28,Ced Gee,writer,writer,,,1996-01-01,1996-01-01,1,-0.4376820413677751,4,-0.19684445379376744,0.0,-0.27147504601238254
a2af80a6-b3d9-4727-98cb-9f7146f64bd8,Keith Matthew Thornton,writer,writer,,,1996-01-01,1996-01-01,2,0.07812468189051006,4,-0.19684445379376744,0.0,-0.27147504601238254
38f59974-2f4d-4bfa-b2e3-d2696de1b675,,performer;video appearance,performer,contemporary r&b;funk,contemporary r&b,1984-01-01,1986-01-01,0,-0.9534887646260604,0,-0.884696928694529,2.001,-0.03968336398185225
56393a36-155f-4f50-adbe-45f4a26c40bf,Clara La San,vocal;writer,writer,,,2017-11-24,2020-07-14,2,0.07812468189051006,2,-0.5407706912441482,2.637,0.03398955444464315
2e229823-0fc2-438b-aacb-5de02bd0b9b7,Deborah Harry,lyricist;writer,writer,,,1978-01-01,1986-01-01,3,0.5939314051487953,3,-0.36880757251895785,8.0,0.6552283304215217
cdef887c-9798-4a3b-ad1c-8292c19dc61d,Kim Gannon,lyricist,writer,christmas;christmas music,christmas,1943-11-01,1943-11-01,1,-0.4376820413677751,3,-0.36880757251895785,0.0,-0.27147504601238254
2a4ee2dd-44f7-4135-ab02-cae8cb7ad059,Kylie Miller,writer,writer,,,2023-09-15,2023-09-15,1,-0.4376820413677751,7,0.3190449023818037,0.0,-0.27147504601238254
e3e5eeab-38df-483e-b618-abb09f4309b6,Dominick J. Eagles,writer,writer,,,2015-05-06,2015-05-06,1,-0.4376820413677751,2,-0.5407706912441482,0.0,-0.27147504601238254
c2566277-e680-41bf-8e9d-6936d1fa4b0e,Ed King,writer,writer,meme,meme,1974-04-15,1975-03-24,2,0.07812468189051006,2,-0.5407706912441482,0.939,-0.162703237203453
afdb7919-059d-43c1-b668-ba1d265e7e42,Marvin Gaye,composer;instrument;lyricist;performer;performing orchestra;producer;video appearance;vocal;writer,writer,pop;ripoff;traditional pop,pop,1942-01-01,2015-08-08,3,0.5939314051487953,14,1.5227867334581364,73.599,8.254080179257484
675f9fe6-7e2c-4ce7-b3dc-147169c64d31,Jerry Harrison,composer,writer,,,1983-01-01,1983-01-01,3,0.5939314051487953,4,-0.19684445379376744,0.0,-0.27147504601238254
c9fa0187-ee47-4db4-8e0e-af417c3a3ed4,Denzel Baptiste,writer,writer,,,2019-06-21,2021-01-01,2,0.07812468189051006,7,0.3190449023818037,1.533,-0.09389551150323565
ea7add7c-c9aa-4479-ba4b-a3fab789ca3d,Fred Fairbrass,writer,writer,,,1991-01-01,1991-01-01,1,-0.4376820413677751,3,-0.36880757251895785,0.0,-0.27147504601238254
56767817-884c-4ba8-9921-ff9a6a56796d,Ian Fitchuk,writer,writer,,,2018-01-01,2018-01-01,1,-0.4376820413677751,2,-0.5407706912441482,0.0,-0.27147504601238254
e45cfc46-6f00-460e-b7b8-979a21e80445,Sir Nolan,writer,writer,,,2016-01-01,2016-01-01,1,-0.4376820413677751,15,1.6947498521833269,0.0,-0.27147504601238254
900f8151-f582-4d6e-bd4e-8f02b838239e,Jerry Allison,writer,writer,pop;rock;rock and roll;rockabilly,pop,1957-01-01,1957-01-01,1,-0.4376820413677751,3,-0.36880757251895785,0.0,-0.27147504601238254
395ad460-4f06-4aba-bebd-22ac99b82600,Edgar Wilmer Semper-Vargas,writer,writer,,,2018-10-11,2018-10-11,1,-0.4376820413677751,9,0.6629711398321845,0.0,-0.27147504601238254
49b34ba3-46a2-40af-b6c0-6f1fab93af8b,Kevin Shields,composer;lyricist,writer,acoustic;indie rock;rock,acoustic,1991-01-01,1991-01-01,1,-0.4376820413677751,1,-0.7127338099693385,0.0,-0.27147504601238254
850a8b03-98a7-4fd3-afbd-5e5520b4ef5f,Conan Gray,composer;instrument;lyricist;mix;phonographic copyright;producer;programming;video appearance;vocal;writer,writer,lovers rock;multiple iswc;rock;rocksteady;roots reggae,lovers rock,1968-01-01,1968-01-01,1,-0.4376820413677751,0,-0.884696928694529,0.0,-0.27147504601238254
d1353a0c-26fb-4318-a116-defde9c7c9ad,Dido,writer,writer,conscious hip hop;hip hop,conscious hip hop,2000-01-01,2000-01-01,1,-0.4376820413677751,3,-0.36880757251895785,0.0,-0.27147504601238254
b0b33754-a664-43b7-ba00-be0dc4ec2396,Yoko Ono,composer;lyricist,writer,,,1971-01-01,1981-01-01,3,0.5939314051487953,3,-0.36880757251895785,10.001,0.887020012452052
8006f1d0-8851-46d8-a928-085c686b29b9,David Hodges,writer,writer,,,2003-01-01,2003-01-01,1,-0.4376820413677751,3,-0.36880757251895785,0.0,-0.27147504601238254
fa18023e-317a-4738-a026-638b2c6c9fc3,Raymond Vincent,writer,writer,,,2006-01-01,2006-01-01,1,-0.4376820413677751,4,-0.19684445379376744,0.0,-0.27147504601238254
c262b6bf-be56-4b26-bceb-42d7a27342f3,Mike Shinoda,writer,writer,,,2000-01-01,2000-01-01,1,-0.4376820413677751,7,0.3190449023818037,0.0,-0.27147504601238254
6f7e36da-79d8-4219-990d-8e9224d04ebc,Richard Wright,composer;lyricist,writer,,,1967-01-01,1973-01-01,5,1.6255448516653654,8,0.4910080211069941,6.001,0.4236683242350999
e08ac443-f1d2-4666-abd1-fa5859592981,Martin L. Gore,composer;lyricist,writer,dark wave;electronic;industrial;synth-pop,dark wave,1985-01-01,1986-01-01,3,0.5939314051487953,1,-0.7127338099693385,0.999,-0.15575296188019871
43bcca8b-9edc-4997-8343-122350e790bf,Fred Schneider,composer,writer,,,1978-04-01,1978-04-01,1,-0.4376820413677751,6,0.1470817836566133,0.0,-0.27147504601238254
26cea341-dfab-483f-9cdb-8de82da81019,Pete Wentz,writer,writer,,,2015-01-01,2015-01-01,1,-0.4376820413677751,3,-0.36880757251895785,0.0,-0.27147504601238254
76c5e552-688e-4e9d-afa0-36e77526495a,Michael Pollack,writer,writer,,,2022-01-01,2022-07-22,3,0.5939314051487953,15,1.6947498521833269,0.553,-0.20741667511638892
d62a5d3c-aff0-49f6-8ec9-ae3ce61a358f,Samuel Barnes,writer,writer,,,2000-01-01,2000-01-01,1,-0.4376820413677751,4,-0.19684445379376744,0.0,-0.27147504601238254
15596805-8343-40a5-b2b1-d5585d945056,Keith Strickland,composer,writer,,,1978-04-01,1978-04-01,1,-0.4376820413677751,6,0.1470817836566133,0.0,-0.27147504601238254
2bcf2e02-5bc3-4c76-bf76-41126cb11444,,performer,performer,,,1969-01-01,1969-01-01,0,-0.9534887646260604,0,-0.884696928694529,0.0,-0.27147504601238254
43650e15-b88b-40bd-b45a-e617d45f11be,김보아,lyricist,writer,monotree,monotree,2009-11-17,2009-11-17,1,-0.4376820413677751,2,-0.5407706912441482,0.0,-0.27147504601238254
446ac261-09ae-43f4-a7e1-2c753c0813ce,Tim Maia,composer;vocal;writer,writer,funk;r&b;soul,funk,1960-07-26,1960-08-01,2,0.07812468189051006,3,-0.36880757251895785,0.016,-0.2696216392595147
596ffa74-3d08-44ef-b113-765d43d12738,Justin Timberlake,arranger;composer;conductor;instrument;lyricist;mix;performer;producer;remixer;video appearance;vocal;vocal arranger;writer,writer,,,1975-01-01,2002-01-01,2,0.07812468189051006,4,-0.19684445379376744,27.001,2.8562646873740984
1129817c-488a-4096-80c1-77fc1b107c93,Tracy Chapman,composer;lyricist,writer,dancehall;reggae,dancehall,1988-01-01,1988-01-01,1,-0.4376820413677751,1,-0.7127338099693385,0.0,-0.27147504601238254
034b3a22-3f58-4000-be08-16c27971bc00,Mosty,writer,writer,,,2015-01-01,2015-01-01,1,-0.4376820413677751,4,-0.19684445379376744,0.0,-0.27147504601238254
6b014cfd-4927-4187-a741-715998e6d785,Lemon Demon,performer;remixer;writer,writer,,,1978-01-01,1978-01-01,1,-0.4376820413677751,1,-0.7127338099693385,0.0,-0.27147504601238254
3377f3bb-60fc-4403-aea9-7e800612e060,Halsey,composer;lyricist;performer;vocal;writer,writer,,,1956-05-19,2005-07-22,2,0.07812468189051006,6,0.1470817836566133,49.175,5.424854771004773
00f64453-7fe3-4171-b66d-b89fa0bf9dea,Andy Morin,writer,writer,,,2011-01-01,2011-01-01,1,-0.4376820413677751,3,-0.36880757251895785,0.0,-0.27147504601238254
f0ed72a3-ae8f-4cf7-b51d-2696a2330230,Keith Richards,writer,writer,blues;blues rock;classic rock;country;country rock;hard rock;rock;rock and roll,blues,1966-01-01,1978-01-01,6,2.1413515749236507,5,-0.024881335068577065,12.0,1.1185800186384738
e7f29e49-6078-4528-a5dc-5d0eeb8a1437,Robert Pollard,composer;lyricist,writer,,,1995-04-04,1995-04-04,1,-0.4376820413677751,1,-0.7127338099693385,0.0,-0.27147504601238254
f58c445b-07ce-459f-a69b-75c9fc6e55dc,The Legendary Traxster,writer,writer,,,2023-12-15,2024-02-01,3,0.5939314051487953,20,2.5545654458092786,0.131,-0.25630027822327733
7de248ba-9543-4603-8048-9fa67d960a24,Robert Clivillés,composer,writer,,,1991-01-01,1991-01-01,1,-0.4376820413677751,2,-0.5407706912441482,0.0,-0.27147504601238254
08212320-efca-4a86-9778-4ee51a12c6eb,Max Bennett,writer,writer,,,1991-01-01,1991-01-01,1,-0.4376820413677751,9,0.6629711398321845,0.0,-0.27147504601238254
2ce6e4e3-8dfb-438f-91ac-df793d1a2b39,Satomi,lyricist,writer,j-pop,j-pop,2003-10-01,2003-10-01,1,-0.4376820413677751,2,-0.5407706912441482,0.0,-0.27147504601238254
a535e609-f98e-4a11-9ae9-a6f56158e38f,Michael Hutchence,writer,writer,,,1982-01-01,1982-01-01,1,-0.4376820413677751,6,0.1470817836566133,0.0,-0.27147504601238254
ab2528d9-719f-4261-8098-21849222a0f2,Stromae,arranger;composer;instrument;lyricist;performer;producer;programming;remixer;samples from artist;video appearance;vocal;writer,writer,,,1983-01-01,1983-01-01,1,-0.4376820413677751,2,-0.5407706912441482,0.0,-0.27147504601238254
3da7c19e-9e09-41c3-8420-d834f6c95f51,Al Shux,writer,writer,,,2018-01-01,2018-01-01,1,-0.4376820413677751,4,-0.19684445379376744,0.0,-0.27147504601238254
42adb8ca-8484-4901-a429-fc8ecd3a4327,Mike Barson,composer;lyricist,writer,,,1979-10-19,1979-10-19,1,-0.4376820413677751,1,-0.7127338099693385,0.0,-0.27147504601238254
d1ff4c5e-4ea0-41ce-8ca7-6b9c66594a55,Boytoy,composer;lyricist,writer,,,2016-01-25,2016-01-25,1,-0.4376820413677751,2,-0.5407706912441482,0.0,-0.27147504601238254
1ba5e790-ab00-4acc-9083-e3bdc47b2f0b,Leslie Bricusse,writer,writer,,,1971-01-01,1971-01-01,1,-0.4376820413677751,1,-0.7127338099693385,0.0,-0.27147504601238254
3d3a797a-4902-45eb-b763-7e2dcbd1fe9c,Hunt Sales,composer,writer,,,1977-01-01,1977-01-01,1,-0.4376820413677751,3,-0.36880757251895785,0.0,-0.27147504601238254
6622a50e-5206-44d0-9ad5-96047a726dcf,Max Martin,composer;lyricist;writer,writer,_add works;ballad;bubblegum pop;contemporary r&b;electronic;europop;funk;garage house;house;pop;progressive house;progressive trance;soul;trance,_add works,1998-01-01,2014-01-01,8,3.172965021440221,12,1.1788604960077556,16.0,1.581931706855426
299a2395-812a-4166-9b79-adbdfdf22721,Elie Rizk,writer,writer,hip hop;pop,hip hop,2024-01-01,2024-01-01,3,0.5939314051487953,7,0.3190449023818037,0.0,-0.27147504601238254
7e6ac2a1-a462-4b63-b536-cff0c0ae4cc7,Chris Stein,writer,writer,,,1978-01-01,1986-01-01,2,0.07812468189051006,2,-0.5407706912441482,8.0,0.6552283304215217
3bc3874f-bd74-4678-af6e-458159b21e2d,Reginald Connelly,lyricist,writer,pop;pop rock;soft rock,pop,1933-02-01,1933-02-01,1,-0.4376820413677751,3,-0.36880757251895785,0.0,-0.27147504601238254
adaf0068-1c86-4166-8cee-f0a53f4854c4,Sir Dylan,writer,writer,,,2016-01-01,2016-01-01,1,-0.4376820413677751,6,0.1470817836566133,0.0,-0.27147504601238254
661bc212-bee1-4642-9fd6-a07a4a04dd3a,Colin Wolfe,lyricist,writer,diss track;hip hop,diss track,1992-01-01,1992-01-01,2,0.07812468189051006,2,-0.5407706912441482,0.0,-0.27147504601238254
f9b285a5-f672-4058-9b25-d153f60f404c,Pete Nappi,composer;lyricist,writer,alternative pop;electronic;pop;pop rock;rock,alternative pop,2022-10-01,2022-10-01,1,-0.4376820413677751,4,-0.19684445379376744,0.0,-0.27147504601238254
58325670-9323-464a-8b20-3e8d7b26df60,Neal Schon,writer,writer,covered by glee,covered by glee,1980-01-01,1980-01-01,1,-0.4376820413677751,2,-0.5407706912441482,0.0,-0.27147504601238254
3b7c93ab-40a5-4745-ab6b-eaafed2308bb,Neil Finn,composer;lyricist,writer,,,1986-01-01,1986-01-01,1,-0.4376820413677751,0,-0.884696928694529,0.0,-0.27147504601238254
c78a77fa-507c-4c07-947a-0355029453bd,Sinéad O’Connor,composer;lyricist,writer,,,1990-01-01,1990-01-01,1,-0.4376820413677751,1,-0.7127338099693385,0.0,-0.27147504601238254
aea4c9b9-9f8d-49dc-b2ca-57d6f26e8634,Khruangbin,arranger;composer;instrument;performer;producer;remixer;vocal;writer,writer,,,1972-01-01,1972-01-01,1,-0.4376820413677751,0,-0.884696928694529,0.0,-0.27147504601238254
5b6ebfe0-f72b-4902-bba9-74c8af0f1af0,The 1975,mix;phonographic copyright;producer;vocal,performer,,,1947-01-01,1947-01-01,1,-0.4376820413677751,0,-0.884696928694529,0.0,-0.27147504601238254
c3cceeed-3332-4cf0-8c4c-bbde425147b6,Scorpions,arranger;mix;performer;phonographic copyright;producer;recording;remixer,performer,covered by glee,covered by glee,1977-01-01,1979-01-01,5,1.6255448516653654,6,0.1470817836566133,1.999,-0.0399150398259607
2867b63e-7000-45ea-a6aa-b3b0d8ae4411,Axl,writer,writer,,,2019-12-27,2019-12-27,1,-0.4376820413677751,4,-0.19684445379376744,0.0,-0.27147504601238254
dfe78af2-779e-4137-826a-3073a16e3278,Phantogram,performer;remixer;vocal,performer,,,1967-01-01,1967-01-01,1,-0.4376820413677751,0,-0.884696928694529,0.0,-0.27147504601238254
886b3be4-c93b-4085-85b0-b73ce2817246,Rick Davies,writer,writer,,,1979-01-01,1979-01-01,1,-0.4376820413677751,1,-0.7127338099693385,0.0,-0.27147504601238254
433b07e9-0ce5-420f-b1eb-7b06ab910b95,Tony Pabón,writer,writer,hip hop;trap,hip hop,2018-01-01,2018-01-01,1,-0.4376820413677751,4,-0.19684445379376744,0.0,-0.27147504601238254
d7520540-71a7-4278-b499-13dbcdc13498,Yi Yi Jin,writer,writer,,,2024-03-25,2024-03-25,1,-0.4376820413677751,10,0.8349342585573748,0.0,-0.27147504601238254
92f29d03-1d89-42a6-9ea7-ed17bc5d6dc1,Space Cowboy,writer,writer,,,2009-01-01,2009-01-01,1,-0.4376820413677751,3,-0.36880757251895785,0.0,-0.27147504601238254
24ef3ec0-ea19-47f7-a5da-45e203f43865,Michael Leary,writer,writer,,,2017-05-19,2017-05-19,1,-0.4376820413677751,3,-0.36880757251895785,0.0,-0.27147504601238254
6fb92cac-6739-48dc-87b6-8ad634fc5740,Jordana,composer;remixer,writer,,,2020-08-05,2020-08-05,5,1.6255448516653654,0,-0.884696928694529,0.0,-0.27147504601238254
de713a6b-a172-4533-a259-587b15b3c4cc,박수석,writer,writer,,,2025-09-26,2025-09-26,1,-0.4376820413677751,5,-0.024881335068577065,0.0,-0.27147504601238254
b452711d-4f77-468c-99f8-8d2e621db081,Mally Mall,writer,writer,,,2018-10-25,2018-10-25,1,-0.4376820413677751,7,0.3190449023818037,0.0,-0.27147504601238254
f2215143-d7db-4cf0-9cd4-b0040eb63cbd,ZICO,composer;lyricist,writer,,,2023-05-25,2023-05-25,1,-0.4376820413677751,1,-0.7127338099693385,0.0,-0.27147504601238254
ff399892-1aab-44e8-8905-bf8721ce0866,Kerry Livgren,composer;lyricist,writer,,,1977-01-01,1977-01-01,1,-0.4376820413677751,1,-0.7127338099693385,0.0,-0.27147504601238254
02b16a7f-0e8b-4df8-807c-aa40bae1d590,Mark Foster,composer;lyricist;writer,writer,_add recording;alternative rock;electronic;indie rock;meme;rock,_add recording,2010-01-01,2017-04-30,6,2.1413515749236507,8,0.4910080211069941,7.326,0.5771535709569652
82b1f5fd-cd31-41a9-b5d4-7e33f0eb9751,Otis Redding,composer;lyricist;writer,writer,,,1964-01-01,2012-01-01,3,0.5939314051487953,5,-0.024881335068577065,48.0,5.288745212591043
b6b2bb8d-54a9-491f-9607-7b546023b433,Pixies,composer;producer,writer,,,1968-11-22,1968-11-22,1,-0.4376820413677751,2,-0.5407706912441482,0.0,-0.27147504601238254
6dbd7f8b-20ac-4287-8dd3-b4cae5c5f82f,Tracey Thorn,composer;lyricist,writer,,,1994-01-01,1994-01-01,1,-0.4376820413677751,2,-0.5407706912441482,0.0,-0.27147504601238254
3af06bc4-68ad-4cae-bb7a-7eeeb45e411f,Duke Ellington,composer,writer,bebop;jazz,bebop,1935-01-01,1935-01-01,1,-0.4376820413677751,3,-0.36880757251895785,0.0,-0.27147504601238254
dc0a3c08-5d4c-4b7a-9493-0ade7b63a290,Kako,composer;lyricist,writer,,,2020-09-16,2023-05-30,3,0.5939314051487953,10,0.8349342585573748,2.7,0.04128734353406017
d5ee9a6f-8e10-47e7-bca7-7e3f82aad769,Ali Shaheed Muhammad,writer,writer,,,1993-01-01,1993-01-01,5,1.6255448516653654,5,-0.024881335068577065,0.0,-0.27147504601238254
913ab7e4-b806-430d-8d50-b6e141d035e7,Ray McCullough,writer,writer,funk;new jack swing;pop;r&b,funk,2016-01-01,2016-01-01,1,-0.4376820413677751,8,0.4910080211069941,0.0,-0.27147504601238254
a94e530f-4e9f-40e6-b44b-ebec06f7900e,The Edge,composer;lyricist,writer,arena rock;classic rock;pop;pop rock;rock,arena rock,1982-09-01,1992-01-01,6,2.1413515749236507,7,0.3190449023818037,9.333,0.809640280519821
ef9a7fbe-a891-45d6-bc08-a69d7b40ac6c,Brock Walsh,writer,writer,,,1993-07-01,1993-07-01,1,-0.4376820413677751,1,-0.7127338099693385,0.0,-0.27147504601238254
f81f19b9-c76e-43ac-8656-bb56071785fb,Marisa Monte,composer;instrument;performer;producer;vocal;writer,writer,,,1967-09-01,1969-03-01,3,0.5939314051487953,5,-0.024881335068577065,1.498,-0.09794983877513397
72a7ae58-d1fa-493d-8f4b-1bf43e6479c6,Daniel Webster,writer,writer,hip hop,hip hop,2004-01-01,2004-01-01,1,-0.4376820413677751,8,0.4910080211069941,0.0,-0.27147504601238254
203c31dc-4004-45ac-97bd-78e07e7f91ee,Martie Maguire,writer,writer,,,1999-01-01,1999-01-01,1,-0.4376820413677751,1,-0.7127338099693385,0.0,-0.27147504601238254
c19ff12b-058f-44a8-b245-b0efb4752925,Smokey Robinson,composer;lyricist,writer,blues rock;classic rock;rock,blues rock,1964-12-21,1964-12-21,1,-0.4376820413677751,2,-0.5407706912441482,0.0,-0.27147504601238254
730e20a5-66d3-4052-9143-a3ea7b56f568,Oliver Riedel,writer,writer,,,1996-08-18,1996-08-18,1,-0.4376820413677751,6,0.1470817836566133,0.0,-0.27147504601238254
3e30aebd-0557-4cfd-8fb9-3945afa5d72b,Annie Lennox,composer;lyricist,writer,electronica;synth-pop,electronica,1982-01-01,1982-01-01,1,-0.4376820413677751,3,-0.36880757251895785,0.0,-0.27147504601238254
302bd7b9-d012-4360-897a-93b00c855680,David Guetta,composer;editor;engineer;instrument;lyricist;mix;mix-dj;performer;producer;programming;recording;remixer;vocal;writer,writer,,,1977-01-01,2014-01-01,3,0.5939314051487953,10,0.8349342585573748,36.999,4.01441223207237
bd13909f-1c29-4c27-a874-d4aaf27c5b1a,Fleetwood Mac,performer;producer;writer,writer,pop rock;rock,pop rock,1973-01-01,1973-01-01,1,-0.4376820413677751,0,-0.884696928694529,0.0,-0.27147504601238254
de24d412-21f9-42c0-9f46-f73abe7edad6,Al Sherrod Lambert,writer,writer,,,2013-01-01,2013-01-01,1,-0.4376820413677751,12,1.1788604960077556,0.0,-0.27147504601238254
7ff991d9-87d6-40f4-b534-a65426bf5ac4,Chris Frantz,composer;lyricist,writer,,,1983-01-01,1995-01-01,4,1.1097381284070802,9,0.6629711398321845,12.0,1.1185800186384738
a2548ee4-433a-4ebe-ad8a-269ea70ee47f,Michael Kotch,writer,writer,,,2015-01-01,2015-01-01,1,-0.4376820413677751,1,-0.7127338099693385,0.0,-0.27147504601238254
8c87dda0-be58-4e48-a3b5-2626f26364c7,Son House,composer;lyricist,writer,,,1965-01-01,1965-01-01,1,-0.4376820413677751,1,-0.7127338099693385,0.0,-0.27147504601238254
084308bd-1654-436f-ba03-df6697104e19,Green Day,composer;lyricist;mix;performer;producer;vocal,writer,drum and bass;dub;dubstep;electronic;jungle;metal;reggae,drum and bass,1970-01-01,1970-01-01,1,-0.4376820413677751,0,-0.884696928694529,0.0,-0.27147504601238254
94796bba-bffe-4510-8493-957e176b8c61,Douglas Glenn Colvin,writer,writer,,,1977-01-01,1977-01-01,1,-0.4376820413677751,4,-0.19684445379376744,0.0,-0.27147504601238254
013fa897-86db-41d3-8e9f-386c8a34f4e6,Morrissey,lyricist;writer,writer,indie rock;pop;pop rock;rock;train,indie rock,1984-01-01,1987-01-01,9,3.688771744698506,4,-0.19684445379376744,3.001,0.07615455807238578
10d9b154-7c29-4bed-93da-3ba5965ae918,Buck Ram,writer,writer,christmas;christmas music,christmas,1943-11-01,1943-11-01,1,-0.4376820413677751,3,-0.36880757251895785,0.0,-0.27147504601238254
a0196e18-1129-4493-b16c-dc80e1a6a8b0,SwaveyBeats,writer,writer,,,2021-01-01,2021-01-01,1,-0.4376820413677751,15,1.6947498521833269,0.0,-0.27147504601238254
cafe729b-f9b1-4e57-a7ff-2e79ad3d9868,지웅,writer,writer,,,2025-09-26,2025-09-26,2,0.07812468189051006,9,0.6629711398321845,0.0,-0.27147504601238254
64fa7b75-6c24-445c-ba2c-c951a4a44424,Jakops,writer,writer,,,2024-10-11,2024-10-11,1,-0.4376820413677751,9,0.6629711398321845,0.0,-0.27147504601238254
bb65dc2d-9556-4f07-94fa-e75f49ecfaca,Dean Pitchford,lyricist,writer,rock,rock,1984-01-01,1984-01-01,1,-0.4376820413677751,1,-0.7127338099693385,0.0,-0.27147504601238254
7c4ab1f9-96cf-46e9-9f5d-2160af37edd1,Don Schlitz,composer;lyricist,writer,,,1992-06-20,1992-06-20,1,-0.4376820413677751,2,-0.5407706912441482,0.0,-0.27147504601238254
01b8b5bf-06cb-45da-85fb-61ada72fcd69,Camila Cabello,performer;video appearance;vocal;writer,writer,christmas;christmas carol;christmas music;holiday;pop,christmas,1946-11-01,2017-01-01,2,0.07812468189051006,11,1.0068973772825651,70.168,7.856640268689392
c089eb00-0f9b-4057-89b4-2932968e59f1,Mechalie Jamison,composer;lyricist,writer,,,2001-01-01,2001-01-01,1,-0.4376820413677751,7,0.3190449023818037,0.0,-0.27147504601238254
822b10a4-37eb-4fe8-aaec-d537eee0aa43,Paul Sherrod,writer,writer,,,2015-05-16,2015-05-16,1,-0.4376820413677751,5,-0.024881335068577065,0.0,-0.27147504601238254
c77eeb53-4c6d-47cb-8eb2-70393d3f4854,Rhian Teasdale,composer;lyricist;writer,writer,,,2002-04-03,2002-04-03,3,0.5939314051487953,2,-0.5407706912441482,0.0,-0.27147504601238254
eb9075cd-0440-414a-b309-5da6ecc50911,Brian Burton,writer,writer,cloud rap;hip hop;rap,cloud rap,2015-05-26,2015-05-26,1,-0.4376820413677751,6,0.1470817836566133,0.0,-0.27147504601238254
a2361c7d-ddb6-41c1-a9a0-be09fbbb8d21,Isaac Hayes,writer,writer,,,2021-04-09,2021-04-09,1,-0.4376820413677751,13,1.350823614732946,0.0,-0.27147504601238254
d1c0aa8e-e1f6-4299-a52c-64d728f263d1,Addison Grace,composer,writer,,,2021-07-09,2021-07-09,1,-0.4376820413677751,1,-0.7127338099693385,0.0,-0.27147504601238254
2ee992d0-1c7a-4210-944b-bda2bf076ac9,M. Prince,writer,writer,,,2018-10-11,2018-10-11,1,-0.4376820413677751,6,0.1470817836566133,0.0,-0.27147504601238254
2027b08d-45b1-4fb5-aa6d-f6ccc4db78e5,Horace Andy,writer,writer,,,1991-01-01,1991-01-01,1,-0.4376820413677751,5,-0.024881335068577065,0.0,-0.27147504601238254
06fb1c8b-566e-4cb2-985b-b467c90781d4,Jimi Hendrix,arranger;composer;engineer;instrument;lyricist;mix;performer;producer;samples from artist;video appearance;vocal;writer,writer,blues;rock,blues,1935-01-01,1935-01-01,1,-0.4376820413677751,0,-0.884696928694529,0.0,-0.27147504601238254
9c73515e-819e-4aa6-a5ae-24d0c3f9a600,Mandell Strawter,writer,writer,,,2016-09-02,2016-09-02,1,-0.4376820413677751,7,0.3190449023818037,0.0,-0.27147504601238254
70ef8ba7-ec5b-4ab8-9f8f-a5b31e771989,Johnny Ramone,writer,writer,,,1977-01-01,1977-01-01,1,-0.4376820413677751,4,-0.19684445379376744,0.0,-0.27147504601238254
75a72702-a5ef-4513-bca5-c5b944903546,John Legend,composer;instrument;lyricist;performer;producer;video appearance;vocal;writer,writer,jazz;jazz-funk;modal jazz;soul jazz,jazz,1945-05-01,1945-05-01,1,-0.4376820413677751,1,-0.7127338099693385,0.0,-0.27147504601238254
8474c040-9323-48be-a0a9-dbf1ac72623b,Riccardo Ferri,writer,writer,,,2000-01-01,2000-01-01,1,-0.4376820413677751,4,-0.19684445379376744,0.0,-0.27147504601238254
4ac35d1d-3755-4733-b6f2-772514d67a6e,YG! Beats,writer,writer,,,2023-10-27,2023-10-27,1,-0.4376820413677751,7,0.3190449023818037,0.0,-0.27147504601238254
fc1af852-a975-45cd-a4cc-a952babba4f0,Deck d’Arcy,composer,writer,,,1998-01-01,1998-01-01,1,-0.4376820413677751,4,-0.19684445379376744,0.0,-0.27147504601238254
73bb1496-ab61-4a39-bfbb-cd20f9527393,ADORA,writer,writer,,,2018-05-18,2018-05-18,1,-0.4376820413677751,7,0.3190449023818037,0.0,-0.27147504601238254
d503ccef-f74a-4872-aaa0-6777a57a9353,네이브,writer,writer,,,2024-10-11,2024-10-11,1,-0.4376820413677751,9,0.6629711398321845,0.0,-0.27147504601238254
14b22b4b-06d5-4b82-8284-29d29b58945f,Air,producer,production,,,1916-05-01,1916-05-01,1,-0.4376820413677751,0,-0.884696928694529,0.0,-0.27147504601238254
1b389bc0-68d2-4e2e-af22-6be1075b907d,John Lydon,writer,writer,,,1977-01-01,1977-01-01,1,-0.4376820413677751,4,-0.19684445379376744,0.0,-0.27147504601238254
901434fc-5ec8-41a1-af59-6ded7de8a9d2,Tom Scott,writer,writer,,,1991-01-01,1991-01-01,1,-0.4376820413677751,9,0.6629711398321845,0.0,-0.27147504601238254
5057eba4-da15-45df-9948-8b8899c3b3ee,Gidget Gein,composer,writer,,,1991-12-01,1992-08-01,2,0.07812468189051006,3,-0.36880757251895785,0.668,-0.19409531408015152
ed7d03f3-75d8-422f-9ecf-1a9d105ee007,Bruno Sanchioni,writer,writer,,,1996-01-01,1996-01-01,1,-0.4376820413677751,1,-0.7127338099693385,0.0,-0.27147504601238254
3c3a1ea4-922a-4a90-b1aa-b7763d6dbf20,Sir Chloe,vocal,performer,,,1966-01-01,1966-01-01,1,-0.4376820413677751,0,-0.884696928694529,0.0,-0.27147504601238254
1ec32b96-b712-416f-8aaf-0c4db6588c94,Ben Keen,composer,writer,,,2003-07-28,2003-07-28,1,-0.4376820413677751,2,-0.5407706912441482,0.0,-0.27147504601238254
fda7ccd5-773e-4659-a762-0395894b255b,Diablo,writer,writer,hip hop;miami bass,hip hop,2022-04-21,2022-04-21,1,-0.4376820413677751,3,-0.36880757251895785,0.0,-0.27147504601238254
75d8a4a6-4fd0-4860-a960-55865811c973,Nana Kwabena,writer,writer,,,2023-06-09,2023-06-09,1,-0.4376820413677751,5,-0.024881335068577065,0.0,-0.27147504601238254
b2f3469a-9a8a-41ae-9ae1-ad598ff358e0,LukeNovember,writer,writer,,,2021-01-01,2021-01-01,1,-0.4376820413677751,15,1.6947498521833269,0.0,-0.27147504601238254
cb78a19d-f36b-4cd0-8548-8cc0919b83fb,Trey Campbell,writer,writer,hip hop;pop,hip hop,2024-01-01,2024-01-01,1,-0.4376820413677751,5,-0.024881335068577065,0.0,-0.27147504601238254
347bfb50-3780-4b9e-9d73-7be6d8109630,Fred Hellerman,composer,writer,,,1963-01-01,1963-01-01,1,-0.4376820413677751,2,-0.5407706912441482,0.0,-0.27147504601238254
5fd5aa4f-02b0-4747-ad4c-8a3b4f0f3f79,Sammy Cahn,lyricist,writer,,,1944-01-01,1944-01-01,1,-0.4376820413677751,1,-0.7127338099693385,0.0,-0.27147504601238254
81600da3-6054-434c-8dfc-696debe6bf7f,Zaytoven,writer,writer,,,2013-06-13,2013-06-13,1,-0.4376820413677751,2,-0.5407706912441482,0.0,-0.27147504601238254
d24fb461-dee8-41fc-bb15-2f13bb2644a6,Jessie J,composer;lyricist;mix-dj;performer;producer;video appearance;vocal;writer,writer,christmas;christmas music;instrumental,christmas,1934-01-01,2010-01-01,2,0.07812468189051006,3,-0.36880757251895785,76.0,8.532207030109708
49786277-f9ac-48a3-91fd-f825d833bde2,Matt Henkels,writer,writer,,,2018-08-10,2020-02-14,3,0.5939314051487953,4,-0.19684445379376744,1.514,-0.09609643202226616
b345af35-205e-4eca-8006-029e5c20127e,Simple Plan,mix;performer;phonographic copyright;producer;writer,writer,easy listening;pop,easy listening,1966-01-01,1966-01-01,1,-0.4376820413677751,2,-0.5407706912441482,0.0,-0.27147504601238254
65a01fd2-35fb-4817-90d5-ab5506b21161,Lil Pump,writer,writer,,,2018-10-25,2018-10-25,1,-0.4376820413677751,7,0.3190449023818037,0.0,-0.27147504601238254
f906154a-7011-49c3-8f6a-44ca83311b08,JISOO,lyricist;vocal;writer,writer,j-pop,j-pop,2003-10-01,2003-10-01,1,-0.4376820413677751,2,-0.5407706912441482,0.0,-0.27147504601238254
db008806-16f6-48fc-8521-3d953709689d,A Day to Remember,producer;writer,writer,electronic;garage house;house;progressive house;progressive trance;trance,electronic,2003-01-01,2005-05-10,5,1.6255448516653654,4,-0.19684445379376744,2.355,0.001323260425348023
65dc768c-e53c-4de3-9d21-9522f0fcea88,Divjot Abhol,lyricist,writer,,,2021-06-11,2021-06-11,1,-0.4376820413677751,1,-0.7127338099693385,0.0,-0.27147504601238254
321531fc-db73-4ffa-a959-61a61a2908c1,Erykah Badu,arranger;composer;engineer;instrument;lyricist;performer;producer;programming;recording;remixer;vocal;vocal arranger;writer,writer,,,1997-01-01,2018-07-13,6,2.1413515749236507,15,1.6947498521833269,21.528,2.2222837399712536
0d00b498-512d-4a4d-9234-a4d710f37e6d,Ben Moody,writer,writer,,,2003-01-01,2003-01-01,1,-0.4376820413677751,3,-0.36880757251895785,0.0,-0.27147504601238254
7f79bd69-7c85-4384-b4b7-a78adac79ed1,James Emerson,writer,writer,,,2016-01-01,2016-01-01,1,-0.4376820413677751,6,0.1470817836566133,0.0,-0.27147504601238254
cefda6b1-30d8-452d-89bb-c1f5c8dbfa89,Jonatan Leandoer Håstad,writer,writer,,,2013-05-24,2013-07-09,6,2.1413515749236507,4,-0.19684445379376744,0.126,-0.25687946783354854
9be7f096-97ec-4615-8957-8d40b5dcbc41,[traditional],composer;lyricist,writer,appears in star trek;classical;jazz;jazz-funk;modal jazz;neo-classical;sea shanties;soul jazz;star trek soundtracks;vocal,appears in star trek,1924-01-01,1999-01-01,7,2.657158298181936,10,0.8349342585573748,75.001,8.416484945977524
b577106c-0d64-47a2-858e-692361b00344,Taz Taylor,writer,writer,hip hop,hip hop,2019-01-01,2019-01-01,1,-0.4376820413677751,2,-0.5407706912441482,0.0,-0.27147504601238254
749ef494-8518-4b49-b685-63d8e728d25c,Madison Beer,producer;vocal;vocal arranger;writer,writer,,,2017-05-19,2018-02-02,5,1.6255448516653654,12,1.1788604960077556,0.709,-0.18934595927592776
f2da4752-8db0-4e54-8f30-680acaa8e1cf,Duff McKagan,composer,writer,,,1985-08-01,1985-08-01,1,-0.4376820413677751,4,-0.19684445379376744,0.0,-0.27147504601238254
f80f697c-823a-4f23-901e-90769c660ee3,Noddy Holder,composer;lyricist,writer,christmas;christmas music,christmas,1973-01-01,1973-01-01,1,-0.4376820413677751,1,-0.7127338099693385,0.0,-0.27147504601238254
99d40e84-b385-4185-a309-7c5d29b9c612,Boi‐1da,writer,writer,hip hop;trap,hip hop,2016-01-01,2018-08-03,4,1.1097381284070802,33,4.790085989236753,2.587,0.02819765834193127
f7d1c68a-e6c1-412a-b23a-dd4b9910711a,Frances Minkoff,lyricist,writer,,,1963-01-01,1963-01-01,1,-0.4376820413677751,2,-0.5407706912441482,0.0,-0.27147504601238254
222eafd8-dffb-4499-a38c-b47476e1535e,Jasmine Rodgers,lyricist,writer,,,1998-07-01,1998-07-01,4,1.1097381284070802,0,-0.884696928694529,0.0,-0.27147504601238254
829d89b2-6fc2-431b-82ce-ba2a5eaeccfa,Buddah Bless,writer,writer,,,2018-01-26,2018-01-26,1,-0.4376820413677751,6,0.1470817836566133,0.0,-0.27147504601238254
9f81247f-7f57-42f3-a8ba-75bef554e591,Big Thief,writer,writer,,,1994-01-01,1994-01-01,1,-0.4376820413677751,2,-0.5407706912441482,0.0,-0.27147504601238254
889db25c-d1df-457a-b0d1-c405f34a01f3,Bo Burnham,composer;lyricist;producer;writer,writer,,,2021-06-10,2021-06-10,5,1.6255448516653654,0,-0.884696928694529,0.0,-0.27147504601238254
1a425bbd-cca4-4b2c-aeb7-71cb176c828a,One Direction,video appearance;vocal,performer,,,1938-01-19,1938-01-19,1,-0.4376820413677751,0,-0.884696928694529,0.0,-0.27147504601238254
d2582c77-6b0f-4b2f-802f-8f3cad1a5fec,Jimin,composer;producer;vocal;writer,writer,,,2016-10-10,2016-10-10,1,-0.4376820413677751,4,-0.19684445379376744,0.0,-0.27147504601238254
ec409b83-2981-4fba-b3a1-d830714b7e67,Jim Vallance,composer;lyricist,writer,,,1987-01-01,1987-01-01,1,-0.4376820413677751,4,-0.19684445379376744,0.0,-0.27147504601238254
885ae336-ef63-465d-a0e7-bdc0a5b788e8,Stewart Copeland,writer,writer,,,1979-01-01,1979-01-01,1,-0.4376820413677751,3,-0.36880757251895785,0.0,-0.27147504601238254
e94aee5e-7bb1-4fd9-9380-176d397a8f16,John L. Cooper,writer,writer,,,2006-10-03,2009-01-01,3,0.5939314051487953,2,-0.5407706912441482,2.248,-0.011071397234455419
40b46c2d-5792-4eb4-90d0-e07aa0676479,Naomi Yang,writer,writer,,,1989-01-01,1989-01-01,1,-0.4376820413677751,2,-0.5407706912441482,0.0,-0.27147504601238254
2f3f8fb1-e5dc-4548-9601-fada0485e561,Joey Ramone,writer,writer,,,1977-01-01,1977-01-01,1,-0.4376820413677751,4,-0.19684445379376744,0.0,-0.27147504601238254
f0bec136-82e8-4fcb-8172-421d9c542d09,Glenn Danzig,composer;lyricist,writer,,,1977-08-01,1982-01-01,3,0.5939314051487953,2,-0.5407706912441482,4.419,0.24041273154529527
8538e728-ca0b-4321-b7e5-cff6565dd4c0,Depeche Mode,mix;phonographic copyright;producer;remixer;samples from artist,performer,,,1985-01-01,1985-01-01,1,-0.4376820413677751,0,-0.884696928694529,0.0,-0.27147504601238254
5bdeb32d-56a5-4b6d-a768-264101fa0a0a,J Balvin,composer;lyricist;performer;producer;remixer;vocal;writer,writer,hip hop;ripoff;trap,hip hop,2013-01-01,2018-01-01,7,2.657158298181936,35,5.134012226687134,4.999,0.30759872633675334
e6e40e74-7a0b-4afd-a898-9f23176d75a8,Luke Reid,writer,writer,meme,meme,2016-04-05,2016-04-05,1,-0.4376820413677751,7,0.3190449023818037,0.0,-0.27147504601238254
c296e10c-110a-4103-9e77-47bfebb7fb2e,Bob Marley & The Wailers,instrument;mix;performer;producer;samples from artist;writer,writer,,,1966-01-01,1966-01-01,1,-0.4376820413677751,0,-0.884696928694529,0.0,-0.27147504601238254
817f3417-0669-47f2-81ff-399851fb66ee,Poke,writer,writer,,,2000-01-01,2000-01-01,1,-0.4376820413677751,4,-0.19684445379376744,0.0,-0.27147504601238254
7046105f-a02f-4053-8314-94b1ced8216f,Joe King,composer;writer,writer,,,2005-01-01,2005-07-22,2,0.07812468189051006,6,0.1470817836566133,0.553,-0.20741667511638892
89c20fbe-42ad-4b52-85c3-d18fc5686717,8Ball,composer,writer,,,2004-05-11,2004-05-11,1,-0.4376820413677751,2,-0.5407706912441482,0.0,-0.27147504601238254
925c7673-0e85-410f-b7e4-d9705a7aa619,Lin‐Manuel Miranda,lyricist,writer,,,1989-01-01,1989-01-01,1,-0.4376820413677751,3,-0.36880757251895785,0.0,-0.27147504601238254
19dccaac-efa8-413f-9042-28006792e0f2,Randy Rhoads,composer;lyricist,writer,train,train,1980-01-01,1980-01-01,1,-0.4376820413677751,3,-0.36880757251895785,0.0,-0.27147504601238254
864d7069-57dc-45f6-b408-875b35106dd3,Colin Hay,composer;lyricist,writer,new wave;pop rock;rock,new wave,1983-01-01,1983-01-01,4,1.1097381284070802,1,-0.7127338099693385,0.0,-0.27147504601238254
d160804b-0cfa-42b3-9089-f11e876930bb,Gareth McGrillen,writer,writer,breakbeat;drum and bass;dubstep;electronic;hardcore;hip hop;industrial;rock;trap,breakbeat,2024-08-21,2024-08-21,1,-0.4376820413677751,4,-0.19684445379376744,0.0,-0.27147504601238254
804088ed-13ef-45c5-994f-a811371b3f4a,Glen Matlock,writer,writer,,,1977-01-01,1977-01-01,1,-0.4376820413677751,4,-0.19684445379376744,0.0,-0.27147504601238254
dacc2d64-7e59-42a8-87a9-10c53919aff2,Clean Bandit,engineer;instrument;mix-dj;performer;producer;remixer;writer,writer,,,1990-01-01,1991-01-01,2,0.07812468189051006,4,-0.19684445379376744,0.999,-0.15575296188019871
0b619a94-481c-40ac-abae-85f33f2b1588,Eyedress,mix;producer;remixer;writer,writer,,,2013-02-18,2013-12-02,4,1.1097381284070802,0,-0.884696928694529,0.786,-0.18042643927775143
9beb62b2-88db-4cea-801e-162cd344ee53,Beastie Boys,composer;conductor;engineer;mix;performer;producer;recording;remixer;video appearance;writer,writer,,,1998-01-01,1998-01-01,5,1.6255448516653654,9,0.6629711398321845,0.0,-0.27147504601238254
3cd2e1c5-e7ff-4bc8-b281-1e3059d128d6,Kevin Abstract,writer,writer,,,2021-04-09,2021-04-09,1,-0.4376820413677751,13,1.350823614732946,0.0,-0.27147504601238254
936addc3-91aa-49de-8ec0-0dc186de151f,Misfits,composer;lyricist;mix;producer;vocal;writer,writer,,,1977-08-01,1977-08-01,1,-0.4376820413677751,1,-0.7127338099693385,0.0,-0.27147504601238254
2c32b7c0-0c38-463b-bfdd-01ac2b2cb0fd,Rollo,writer,writer,pop,pop,2024-02-16,2024-02-16,1,-0.4376820413677751,3,-0.36880757251895785,0.0,-0.27147504601238254
e6e879c0-3d56-4f12-b3c5-3ce459661a8e,Jeff Buckley,composer;instrument;lyricist;performer;producer;recording;vocal;writer,writer,,,1971-01-01,1994-01-01,3,0.5939314051487953,10,0.8349342585573748,23.001,2.3929129991571463
ac367c2e-7783-41e5-a184-131da6b0c166,Carlos Vives,writer,writer,,,2016-05-27,2016-05-27,1,-0.4376820413677751,3,-0.36880757251895785,0.0,-0.27147504601238254
d289a787-d914-4561-93e4-282d9fafcb32,Ydille,writer,writer,,,1994-01-01,1994-01-01,2,0.07812468189051006,2,-0.5407706912441482,0.0,-0.27147504601238254
35feae82-8b2c-4f8f-ae7a-af5662848947,Teddy Swims,vocal;writer,writer,,,2014-01-01,2014-01-01,1,-0.4376820413677751,1,-0.7127338099693385,0.0,-0.27147504601238254
603ba565-3967-4be1-931e-9cb945394e86,*NSYNC,performer;video appearance;vocal;vocal arranger,performer,,,1976-01-01,1976-01-01,1,-0.4376820413677751,1,-0.7127338099693385,0.0,-0.27147504601238254
1a7ce96f-defa-4255-84de-deaca3c10c28,Sonic,writer,writer,,,2019-12-06,2019-12-06,1,-0.4376820413677751,3,-0.36880757251895785,0.0,-0.27147504601238254
f4a31f0a-51dd-4fa7-986d-3095c40c5ed9,Evanescence,composer;phonographic copyright;remixer;writer,writer,,,1977-01-01,1977-01-01,1,-0.4376820413677751,5,-0.024881335068577065,0.0,-0.27147504601238254
ef888ad4-d679-4e5a-b292-ae032841fc88,Jin Jin,writer,writer,,,2018-02-02,2018-02-02,1,-0.4376820413677751,4,-0.19684445379376744,0.0,-0.27147504601238254
24252d8a-38e7-4358-bfe7-70d845f156ba,Jerry Leiber,writer,writer,,,1961-01-01,2013-01-01,3,0.5939314051487953,10,0.8349342585573748,52.0,5.752096900807995
23e60038-d27a-49cb-8eef-7f2b6ddcaa6d,Khalil Walton,writer,writer,pop;r&b;reggae-pop,pop,2010-01-01,2010-01-01,1,-0.4376820413677751,4,-0.19684445379376744,0.0,-0.27147504601238254
bb7959ac-84cc-45c4-8138-d80ee5f2bd9a,Lucy Bedroque,writer,writer,,,2025-09-12,2025-09-12,1,-0.4376820413677751,1,-0.7127338099693385,0.0,-0.27147504601238254
8a947fde-9a05-45d5-8bee-82c7b0236b07,Mher Filian,writer,writer,,,2009-01-01,2009-01-01,1,-0.4376820413677751,3,-0.36880757251895785,0.0,-0.27147504601238254
1d4ee3f4-db4a-4359-ac4e-50ce10878b28,Larry Brownlee,writer,writer,,,1991-01-01,1991-01-01,1,-0.4376820413677751,8,0.4910080211069941,0.0,-0.27147504601238254
e34e41f2-f480-45d3-8190-a3ce5ab34fab,Wale,lyricist;performer;remixer;video appearance;vocal;writer,writer,,,1968-08-01,1968-08-01,1,-0.4376820413677751,2,-0.5407706912441482,0.0,-0.27147504601238254
1ee37742-1e3d-4e61-84d2-bc85f4c1459a,LE SSERAFIM,performer;vocal,performer,,,2016-04-25,2016-04-25,1,-0.4376820413677751,0,-0.884696928694529,0.0,-0.27147504601238254
44fbf113-af6a-478c-824c-c95f9c686ede,Aaron Iusitini,composer,writer,,,2011-04-01,2011-04-01,1,-0.4376820413677751,3,-0.36880757251895785,0.0,-0.27147504601238254
bf0f7e29-dfe1-416c-b5c6-f9ebc19ea810,Bee Gees,arranger;composer;mix;performer;producer;video appearance;vocal;writer,writer,,,1963-01-01,1963-01-01,1,-0.4376820413677751,2,-0.5407706912441482,0.0,-0.27147504601238254
41f5d2cd-672b-460e-8ab6-e29db2f1e088,Hal David,lyricist,writer,academy award winner;christmas music;contemporary christian;new romantic,academy award winner,1965-01-01,1969-01-01,2,0.07812468189051006,3,-0.36880757251895785,4.0,0.19187664220456957
b48aebac-8c3e-48aa-b5e6-2b38f30f5f78,Brad Wilk,composer,writer,,,1991-01-01,1992-01-01,6,2.1413515749236507,5,-0.024881335068577065,0.999,-0.15575296188019871
bdf204b6-8cab-4d95-bd33-679192b63352,Jonathan Sloan,composer;lyricist;writer,writer,,,1963-01-01,2013-01-01,2,0.07812468189051006,7,0.3190449023818037,50.001,5.520536894621573
5ed4c688-cab3-4e54-83ba-6e4a73ed7522,JAEHYUN,lyricist,writer,,,2016-05-10,2016-05-10,1,-0.4376820413677751,6,0.1470817836566133,0.0,-0.27147504601238254
c2e5bb11-6653-4848-84de-aa15fe1fb37e,Valentin Leon Blavatnik,writer,writer,,,2018-01-01,2018-01-01,1,-0.4376820413677751,5,-0.024881335068577065,0.0,-0.27147504601238254
2a2bf494-ac80-4ac9-901f-1ef2fece51ce,Irving Mills,lyricist,writer,bebop;jazz,bebop,1935-01-01,1935-01-01,1,-0.4376820413677751,3,-0.36880757251895785,0.0,-0.27147504601238254
d4aa1162-78ac-437f-9900-97460e4e2f34,Daniel Ash,writer,writer,,,1982-01-01,1982-01-01,1,-0.4376820413677751,4,-0.19684445379376744,0.0,-0.27147504601238254
ea18134b-c9d7-454f-8407-8abe0eb5f423,Mike Starr,composer;lyricist,writer,,,1992-01-01,1992-01-01,1,-0.4376820413677751,3,-0.36880757251895785,0.0,-0.27147504601238254
63138eec-6e47-47e3-bb61-142e150385f6,방시혁,composer;writer,writer,,,2016-10-10,2024-03-25,2,0.07812468189051006,14,1.5227867334581364,7.455,0.592096662901962
01f8343c-06e2-4f05-a137-f8ea7efa85c4,Mick Jones,writer,writer,,,1981-01-01,1981-01-01,1,-0.4376820413677751,2,-0.5407706912441482,0.0,-0.27147504601238254
35fd8d42-b4a6-4414-9827-8766bd0daa3c,Flume,writer,writer,,,2012-01-01,2019-03-20,2,0.07812468189051006,3,-0.36880757251895785,7.214,0.5641797236868906
fc7f4897-7cd7-4211-adb2-4028fd76fec3,J.LBS,writer,writer,,,2023-03-03,2023-03-03,1,-0.4376820413677751,3,-0.36880757251895785,0.0,-0.27147504601238254
7cbdfc61-30a9-4f17-b2fc-dcae3757adba,Randy Edelman,composer;lyricist,writer,,,2004-01-01,2004-01-01,1,-0.4376820413677751,6,0.1470817836566133,0.0,-0.27147504601238254
2ba1af4b-9d6b-4a0a-af47-f00769700da2,Paris Paloma,composer;engineer;mix;phonographic copyright;producer;vocal;writer,writer,,,1992-06-20,1992-06-20,1,-0.4376820413677751,2,-0.5407706912441482,0.0,-0.27147504601238254
28d7452b-c83b-4f43-98af-e233a146f59d,BK,producer;remixer,production,,,1996-01-01,1996-01-01,1,-0.4376820413677751,0,-0.884696928694529,0.0,-0.27147504601238254
78e854b8-9713-4ff2-9218-6b3784893bff,Vince Staples,composer;lyricist;performer;video appearance;vocal;writer,writer,meme,meme,1995-01-01,1995-01-01,1,-0.4376820413677751,3,-0.36880757251895785,0.0,-0.27147504601238254
f5e17326-eb32-457f-a986-1e0532507f32,Mack Maine,writer,writer,,,2013-01-01,2013-01-01,1,-0.4376820413677751,7,0.3190449023818037,0.0,-0.27147504601238254
52655ee3-0c9e-4dfa-b3c9-b1edefebda62,Candace Sosa,writer,writer,,,2018-05-18,2018-05-18,1,-0.4376820413677751,7,0.3190449023818037,0.0,-0.27147504601238254
c1f5d7c6-1bce-45f1-bb80-f9c74bb9c740,Bun B,writer,writer,,,2012-10-16,2012-10-16,1,-0.4376820413677751,8,0.4910080211069941,0.0,-0.27147504601238254
913b6dab-7bda-43d2-80df-254eebb5314e,Jimmy Castor,writer,writer,,,2013-01-01,2013-01-01,1,-0.4376820413677751,12,1.1788604960077556,0.0,-0.27147504601238254
21cb44eb-3f6b-4f55-9a0d-c36a517f8d36,Daniel Dumile,composer;lyricist,writer,,,2002-11-01,2004-01-01,7,2.657158298181936,4,-0.19684445379376744,1.166,-0.136408028897141
98a309d2-3d86-42ec-a5cc-e7c006a47a36,Claude Williams,writer,writer,,,1991-01-01,1991-01-01,1,-0.4376820413677751,5,-0.024881335068577065,0.0,-0.27147504601238254
851e8959-de95-4741-ac69-79c56d949766,Ella Boh,writer,writer,,,2024-11-08,2024-11-08,1,-0.4376820413677751,6,0.1470817836566133,0.0,-0.27147504601238254
72935855-cfc9-4e02-a6cc-249fc9d09044,Nick Rhodes,composer;lyricist;writer,writer,heavy metal;rock,heavy metal,1981-01-01,1993-01-01,4,1.1097381284070802,9,0.6629711398321845,12.0,1.1185800186384738
9fdaa16b-a6c4-4831-b87c-bc9ca8ce7eaa,The Who,arranger;instrument;performer;producer;samples from artist;video appearance,performer,,,1971-01-01,1971-01-01,3,0.5939314051487953,2,-0.5407706912441482,0.0,-0.27147504601238254
d3273495-8c20-4689-adf7-597039d6e587,Zion,writer,writer,,,2020-05-10,2020-05-10,1,-0.4376820413677751,4,-0.19684445379376744,0.0,-0.27147504601238254
6fe07aa5-fec0-4eca-a456-f29bff451b04,Weezer,performer;phonographic copyright;producer,performer,,,1970-01-01,1970-01-01,1,-0.4376820413677751,0,-0.884696928694529,0.0,-0.27147504601238254
23d25388-2875-4562-b025-c2cf2ed1501d,Nate “Rocket” Wonder,writer,writer,,,2023-06-09,2023-06-09,1,-0.4376820413677751,5,-0.024881335068577065,0.0,-0.27147504601238254
056e4f3e-d505-4dad-8ec1-d04f521cbb56,Daft Punk,composer;creative direction;editor;instrument;mix-dj;performer;producer;recording;remixer;samples from artist;video appearance;video director;vocal;vocal arranger,writer,,,1995-01-01,1997-01-01,5,1.6255448516653654,2,-0.5407706912441482,2.001,-0.03968336398185225
3ac05827-32ab-4acd-8b79-7400bdbc525e,Teddy Walton,writer,writer,cloud rap;hip hop;rap,cloud rap,2015-05-26,2015-05-26,1,-0.4376820413677751,6,0.1470817836566133,0.0,-0.27147504601238254
4e931bf6-1ace-44c7-ab86-236b558e252d,Laurent Brancowitz,composer,writer,,,1998-01-01,1998-01-01,1,-0.4376820413677751,4,-0.19684445379376744,0.0,-0.27147504601238254
488d1513-c94c-415e-b5dc-b4abd9b419f9,Bradley Stinson Malone,composer;lyricist,writer,,,2015-10-02,2015-10-02,1,-0.4376820413677751,1,-0.7127338099693385,0.0,-0.27147504601238254
34bfcd5d-a76d-4b31-8022-b5ac04d5801b,Karl Bartos,composer,writer,,,1978-01-01,1978-01-01,1,-0.4376820413677751,3,-0.36880757251895785,0.0,-0.27147504601238254
14c0c282-e0c1-46fe-acd1-9a015ba721c5,Edwyn Collins,composer;lyricist,writer,,,1994-01-01,1994-01-01,1,-0.4376820413677751,0,-0.884696928694529,0.0,-0.27147504601238254
c8af4490-e48a-4f91-aef9-2b1e39369576,Savan Kotecha,writer,writer,christmas music,christmas music,2011-01-01,2014-01-01,3,0.5939314051487953,8,0.4910080211069941,3.001,0.07615455807238578
854a1807-025b-42a8-ba8c-2a39717f1d25,Breaking Benjamin,arranger;engineer;instrument arranger;producer;writer,writer,classical;electronic;pop;stage & screen;vocal,classical,1985-01-01,1986-01-01,2,0.07812468189051006,2,-0.5407706912441482,0.999,-0.15575296188019871
53931602-5048-4516-9722-1322a71ae569,Jerry Ayers,lyricist,writer,,,1978-04-01,1978-04-01,1,-0.4376820413677751,6,0.1470817836566133,0.0,-0.27147504601238254
360072f9-b469-4ede-a13b-feb403ec0d7f,Galileo Galilei,composer,writer,,,2013-08-21,2013-08-21,1,-0.4376820413677751,2,-0.5407706912441482,0.0,-0.27147504601238254
ac865b2e-bba8-4f5a-8756-dd40d5e39f46,Korn,arranger;composer;performer;producer;remixer;writer,writer,,,1981-01-01,1981-01-01,1,-0.4376820413677751,0,-0.884696928694529,0.0,-0.27147504601238254
0b30341b-b59d-4979-8130-b66c0e475321,Lil Nas X,performer;producer;video director;vocal;writer,writer,meme,meme,2018-12-03,2021-01-01,6,2.1413515749236507,15,1.6947498521833269,2.081,-0.0304163302175132
4d347472-05cd-469f-8b03-864b344d007a,Raul Cubina,writer,writer,contemporary r&b;electronic;funk;hip hop;pop;soul;synth-pop;synthwave,contemporary r&b,2021-01-01,2024-01-01,5,1.6255448516653654,40,5.993827820313086,2.998,0.0758070443062231
77dc9267-1f40-4310-beba-1bea8a4ab04a,Kirk Pengilly,writer,writer,,,1982-01-01,1982-01-01,1,-0.4376820413677751,6,0.1470817836566133,0.0,-0.27147504601238254
4dca4bb2-23ba-4103-97e6-5810311db33a,Curtis Mayfield,composer;lyricist,writer,,,1966-01-01,2006-01-01,2,0.07812468189051006,8,0.4910080211069941,40.0,4.362041836157139
d69b82b9-891b-447f-8861-f8986123e7f7,Brittany Amaradio,writer,writer,,,2021-01-01,2021-01-01,1,-0.4376820413677751,7,0.3190449023818037,0.0,-0.27147504601238254
ff95eb47-41c4-4f7f-a104-cdc30f02e872,Brian Eno,composer,writer,,,1977-01-01,2014-05-05,2,0.07812468189051006,3,-0.36880757251895785,37.339,4.053797125570811
1cfbf85c-dc74-42d6-915e-77033afd0204,Claude François,composer,writer,easy listening;jazz;pop;soft rock;stage & screen,easy listening,1969-01-01,1969-01-01,1,-0.4376820413677751,3,-0.36880757251895785,0.0,-0.27147504601238254
134e6410-6954-45d1-bd4a-0f2d2ad5471d,Zara Larsson,composer;lyricist;performer;video appearance;vocal;writer,writer,ambient;celtic;christmas;christmas carol;christmas music;classical;country;electronic;holiday;language: english;modern classical;neo-classical;pop;vocal,ambient,1928-01-01,1928-01-01,1,-0.4376820413677751,0,-0.884696928694529,0.0,-0.27147504601238254
23987750-a64d-4241-a147-2213890464a2,きくお,arranger;composer;instrument arranger;lyricist;mix;producer;programming;remixer,writer,touhou;卯酉東海道 retrospective 53 minutes;東方永夜抄 imperishable night,touhou,2004-08-15,2005-02-16,2,0.07812468189051006,3,-0.36880757251895785,0.507,-0.21274521953088385
8541ef68-0d90-4835-8f0b-cea044b4534b,Reeve Powers,writer,writer,,,2025-03-28,2025-03-28,1,-0.4376820413677751,3,-0.36880757251895785,0.0,-0.27147504601238254
03180405-1b26-42dc-80da-7e50fbb4c936,Ali Tamposi,writer,writer,pop,pop,2016-01-01,2021-01-01,4,1.1097381284070802,16,1.866712970908517,5.002,0.30794624010291605
24202038-7b02-4444-96c2-cf2fc7b81308,Jon Anderson,writer,writer,,,1969-07-01,1971-11-12,2,0.07812468189051006,3,-0.36880757251895785,2.366,0.0025974775679446552
4c76d2ab-cc32-47b9-8bfe-d382bed617f6,ROLE MODEL,instrument;vocal;writer,writer,,,2016-02-16,2016-02-16,1,-0.4376820413677751,4,-0.19684445379376744,0.0,-0.27147504601238254
74ae1bef-78c9-4f2a-828f-c4ea4ad4f942,VOU,writer,writer,,,2019-12-27,2019-12-27,1,-0.4376820413677751,5,-0.024881335068577065,0.0,-0.27147504601238254
e107bde8-78f0-4646-8925-68007a15880e,NAYEON,lyricist;vocal,writer,christmas music,christmas music,2014-01-01,2014-01-01,1,-0.4376820413677751,3,-0.36880757251895785,0.0,-0.27147504601238254
388d5c37-044c-4b8b-b66d-e28a6566a1f3,VEYIS,writer,writer,,,2023-12-15,2023-12-15,1,-0.4376820413677751,8,0.4910080211069941,0.0,-0.27147504601238254
57c5fb41-70ac-4055-b482-a36f869ee980,Bruce Fisher,writer,writer,country,country,1974-01-01,1974-01-01,1,-0.4376820413677751,2,-0.5407706912441482,0.0,-0.27147504601238254
80b3cf5e-18fe-4c59-98c7-e5bb87210710,The Roots,writer,writer,,,1997-01-01,1997-01-01,1,-0.4376820413677751,4,-0.19684445379376744,0.0,-0.27147504601238254
af37c51c-0790-4a29-b995-456f98a6b8c9,Vampire Weekend,composer;performer,writer,heartland rock;pop rock;rock and roll,heartland rock,1984-01-01,1984-01-01,1,-0.4376820413677751,1,-0.7127338099693385,0.0,-0.27147504601238254
3e90b322-0441-4e28-ac19-078d0594302c,차순종,composer;lyricist,writer,,,2023-04-20,2023-04-20,2,0.07812468189051006,3,-0.36880757251895785,0.0,-0.27147504601238254
3478a5d1-bd96-4584-aa54-4d6e0a329658,Sam Fender,composer;instrument;instrument arranger;lyricist;phonographic copyright;producer;vocal;writer,writer,breakbeat;electronic;heartland rock;house;leftfield;pop rock;progressive house;rock;rock and roll,breakbeat,1984-01-01,1985-01-01,2,0.07812468189051006,2,-0.5407706912441482,1.002,-0.15540544811403603
68c261d5-48c8-4ea9-9466-9fc908dc79bb,Magdalena Bay,phonographic copyright;producer;remixer,production,,,1976-01-01,1976-01-01,1,-0.4376820413677751,0,-0.884696928694529,0.0,-0.27147504601238254
1c46e82f-4764-4d82-a33b-5d5aee5e2881,Fergie,writer,writer,,,2009-01-01,2009-01-01,1,-0.4376820413677751,4,-0.19684445379376744,0.0,-0.27147504601238254
33c8190b-3763-4494-8685-286e90b9c160,Lindy Robbins,writer,writer,,,2009-01-01,2009-01-01,1,-0.4376820413677751,3,-0.36880757251895785,0.0,-0.27147504601238254
74889c76-b1de-4ca2-bc9a-2cc1a162e319,Micah Gordon,writer,writer,,,2020-07-14,2020-07-14,1,-0.4376820413677751,2,-0.5407706912441482,0.0,-0.27147504601238254
d66f0c6f-6891-471c-9abc-ce52d5160a8c,Buck Dharma,composer;lyricist;writer,writer,,,1972-01-01,1976-01-01,6,2.1413515749236507,6,0.1470817836566133,4.0,0.19187664220456957
8c32bb01-58a3-453b-8050-8c0620edb0e5,Stone Temple Pilots,composer;lyricist;producer,writer,beat;pop rock;rock;rock and roll;wrong guess case,beat,1967-01-01,1968-01-01,2,0.07812468189051006,4,-0.19684445379376744,0.999,-0.15575296188019871
c85cfd6b-b1e9-4a50-bd55-eb725f04f7d5,Avicii,composer;editor;instrument;mix;mix-dj;performer;producer;programming;recording;remixer;writer,writer,electronica;synth-pop,electronica,1982-01-01,1982-01-01,1,-0.4376820413677751,0,-0.884696928694529,0.0,-0.27147504601238254
29c28ac3-27c5-4822-8eb6-0af89a3a7240,RZA,writer,writer,hip hop;trap,hip hop,2018-01-01,2021-04-09,2,0.07812468189051006,22,2.898491683259659,3.269,0.1071991211829216
5b8ec72b-9e39-4a06-a2bf-964166b92a71,Tory Lanez,engineer;lyricist;performer;producer;vocal;writer,writer,,,2015-01-01,2016-01-01,4,1.1097381284070802,27,3.758307276885611,0.999,-0.15575296188019871
1fc5b14d-c0ae-4512-bc43-19d443087a28,Guillermo Scott Herren,composer,writer,,,2001-01-01,2001-01-01,1,-0.4376820413677751,1,-0.7127338099693385,0.0,-0.27147504601238254
aab2ab30-ab36-4587-8ce8-f1b5132d9fa1,Ryan Raddon,composer;lyricist,writer,,,2006-01-01,2006-01-01,1,-0.4376820413677751,5,-0.024881335068577065,0.0,-0.27147504601238254
8ad965bc-fb65-459f-beaa-116960dd7bc9,Jarrod Morgan,writer,writer,contemporary r&b;electronic;funk;hip hop;pop;soul;synth-pop;synthwave,contemporary r&b,2024-01-01,2024-01-01,1,-0.4376820413677751,10,0.8349342585573748,0.0,-0.27147504601238254
45a663b5-b1cb-4a91-bff6-2bef7bbfdd76,Britney Spears,arranger;composer;instrument;performer;producer;samples from artist;video appearance;vocal;writer,writer,,,1984-01-01,1984-01-01,1,-0.4376820413677751,2,-0.5407706912441482,0.0,-0.27147504601238254
d42a5768-ada1-4fb6-85fd-f61aba6264e0,Lil Baby,composer;performer;vocal;writer,writer,,,2018-02-14,2018-10-05,9,3.688771744698506,10,0.8349342585573748,0.638,-0.19757045174177867
149f91ef-1287-46da-9a8e-87fee02f1471,Pharrell Williams,arranger;composer;instrument;instrument arranger;lyricist;performer;producer;programming;remixer;video appearance;vocal;vocal arranger;writer,writer,ballad;contemporary r&b;electronic;europop;funk;hip hop;pop;ripoff;soul;synth-pop;synthwave,ballad,1999-12-07,2024-01-01,19,8.846838977281358,48,7.369532770114609,24.068,2.5165120619890184
f59c5520-5f46-4d2c-b2c4-822eabf53419,Linkin Park,composer;lyricist;performer;phonographic copyright;producer;samples from artist;vocal arranger;writer,writer,alternative rock;rock,alternative rock,1987-01-01,1987-01-01,1,-0.4376820413677751,5,-0.024881335068577065,0.0,-0.27147504601238254
6cdc92fe-8277-48b1-906c-6113091b53b4,Ojivolta,writer,writer,,,2021-01-01,2021-01-01,1,-0.4376820413677751,15,1.6947498521833269,0.0,-0.27147504601238254
d6cb8700-8c8b-490a-800e-cfc1ae69d454,Chris Grey,engineer;mix;phonographic copyright;producer;recording;vocal;writer,writer,,,2024-03-08,2024-11-08,2,0.07812468189051006,7,0.3190449023818037,0.671,-0.1937478003139888
fe06a5aa-2be7-468d-823e-94b8de490980,Rob Fusari,writer,writer,,,2001-01-01,2001-01-01,1,-0.4376820413677751,4,-0.19684445379376744,0.0,-0.27147504601238254
b12ef43e-72ad-43d0-b216-a8cd32f78852,A. G. Cook,composer;writer,writer,dance-pop;electro house;electronic;pop,dance-pop,2024-03-15,2024-06-07,2,0.07812468189051006,5,-0.024881335068577065,0.23,-0.24483232393990778
9670119d-7c83-4dc2-b864-de820edf9ecd,Ovy on the Drums,writer,writer,pop;soundtrack,pop,2023-06-01,2023-06-01,1,-0.4376820413677751,2,-0.5407706912441482,0.0,-0.27147504601238254
430e0a62-866f-4101-95d9-70f083170f19,Mick Jones,writer,writer,,,1977-01-01,1977-01-01,2,0.07812468189051006,3,-0.36880757251895785,0.0,-0.27147504601238254
70248960-cb53-4ea4-943a-edb18f7d336f,Bruce Springsteen,arranger;composer;instrument;instrument arranger;lyricist;performer;phonographic copyright;producer;vocal;writer,writer,breakbeat;electronic;folk;folk rock;heartland rock;house;leftfield;pop rock;progressive house;rock;rock and roll,breakbeat,1977-01-01,1998-01-01,5,1.6255448516653654,4,-0.19684445379376744,20.999,2.1610054792045617
3ce513c5-bdd4-492c-a875-07e0f3e1993b,Flux Pavilion,writer,writer,,,2011-04-08,2023-07-28,2,0.07812468189051006,6,0.1470817836566133,12.304,1.1537947469429621
4ba19b2e-30eb-473c-8d6a-ff799d20cebf,Jon Redwine,writer,writer,,,2014-01-01,2014-01-01,1,-0.4376820413677751,6,0.1470817836566133,0.0,-0.27147504601238254
b7f2cca2-72c6-41fb-ae33-53370fc62fe7,Stevie Nicks,composer;instrument;lyricist;mix;performer;phonographic copyright;producer;remixer;video appearance;vocal;writer,writer,electronic;pop rock;rock;trance,electronic,1971-01-01,2001-01-01,7,2.657158298181936,15,1.6947498521833269,30.001,3.2037784535368123
064dc0fb-b471-4198-8af6-53ac666e7417,Earl Brown,composer;lyricist,writer,,,1968-01-01,1968-01-01,1,-0.4376820413677751,0,-0.884696928694529,0.0,-0.27147504601238254
d1393ecb-431b-4fde-a6ea-d769f2f040cb,Kacey Musgraves,writer,writer,,,2018-01-01,2018-01-01,1,-0.4376820413677751,2,-0.5407706912441482,0.0,-0.27147504601238254
de53495e-ad5a-4c30-82ab-05e7e3ec7b4d,Little Steven,composer;lyricist,writer,,,1985-01-01,1985-01-01,1,-0.4376820413677751,1,-0.7127338099693385,0.0,-0.27147504601238254
c56910df-7197-466c-93d3-3864758faac1,DJ Frank E,writer,writer,,,2010-01-01,2010-01-01,1,-0.4376820413677751,4,-0.19684445379376744,0.0,-0.27147504601238254
bfdcb8b3-e2a7-4c6a-82ea-b1a2f7a97c2a,Sal Samano,composer;lyricist;writer,writer,,,2020-06-12,2021-01-08,3,0.5939314051487953,2,-0.5407706912441482,0.575,-0.20486824083119567
583b4673-f3bc-4f6f-ae7e-1478e919298c,Ryan Bowser,composer,writer,,,2002-01-01,2002-01-01,1,-0.4376820413677751,4,-0.19684445379376744,0.0,-0.27147504601238254
90270118-8ed0-4446-bf97-8a09b3f9e8f3,Luis Miguel,producer;samples from artist;vocal;writer,writer,,,1940-09-27,1940-09-27,1,-0.4376820413677751,1,-0.7127338099693385,0.0,-0.27147504601238254
db76c5ca-d555-4f09-b1db-baa1b713d875,Mary J. Blige,composer;lyricist;performer;producer;video appearance;vocal;vocal arranger;writer,writer,ripoff,ripoff,1971-01-01,1971-01-01,1,-0.4376820413677751,2,-0.5407706912441482,0.0,-0.27147504601238254
3d3f17cd-a5cc-48bd-9b2a-f8d5f1990aed,Sy Ari da Kid,writer,writer,,,2016-09-02,2016-09-02,1,-0.4376820413677751,7,0.3190449023818037,0.0,-0.27147504601238254
1df948fc-4e54-4f4f-a294-9310c763a8a3,Jeffrey Simon,writer,writer,,,1991-01-01,1991-01-01,1,-0.4376820413677751,8,0.4910080211069941,0.0,-0.27147504601238254
fc13982a-59cf-4a8f-a1e0-5f97afcfd8a2,Kyle David,lyricist,writer,,,2003-08-21,2003-08-21,1,-0.4376820413677751,3,-0.36880757251895785,0.0,-0.27147504601238254
5c9ac367-dbf6-46ca-a42b-9f01803ff1c0,Pooh Beatz,writer,writer,,,2019-03-01,2019-03-01,1,-0.4376820413677751,2,-0.5407706912441482,0.0,-0.27147504601238254
21a14ee3-cede-420a-9d6d-a33517d2f952,Alec Benjamin,composer;lyricist;producer;vocal;writer,writer,conscious hip hop;hip hop,conscious hip hop,2000-01-01,2000-01-01,1,-0.4376820413677751,3,-0.36880757251895785,0.0,-0.27147504601238254
3f962bf0-42a0-45a0-830f-07b66301d35f,Rita Lee,arranger;composer;instrument;lyricist;performer;vocal;writer,writer,acoustic;bossa nova;latin;mpb;pop rock;rock,acoustic,1955-01-01,1955-01-01,1,-0.4376820413677751,1,-0.7127338099693385,0.0,-0.27147504601238254
2077273e-eaa1-4f49-903c-f286ededecb9,Morgan Wallen,lyricist;vocal;writer,writer,,,2013-06-11,2016-01-01,2,0.07812468189051006,3,-0.36880757251895785,2.557,0.0247225206803041
8970d868-0723-483b-a75b-51088913d3d4,Moby,arranger;composer;editor;engineer;instrument;lyricist;mix;mix-dj;performer;producer;programming;recording;remixer;video appearance;vocal;writer,writer,downtempo,downtempo,1999-01-01,1999-01-01,5,1.6255448516653654,1,-0.7127338099693385,0.0,-0.27147504601238254
2a07c922-877d-4f6a-a51b-a04d1c2bb9df,태산,composer;lyricist,writer,,,2023-05-22,2023-05-30,2,0.07812468189051006,7,0.3190449023818037,0.022,-0.2689266117271893
4f340060-bd77-4d55-8562-c1882f2f70ba,김다니엘,composer;lyricist,writer,,,2021-11-24,2023-04-20,4,1.1097381284070802,2,-0.5407706912441482,1.402,-0.10907027929234082
2521d863-e9f2-497c-b7c3-35c4c0079c81,Raphael,composer;lyricist,writer,,,2015-09-23,2015-09-23,1,-0.4376820413677751,1,-0.7127338099693385,0.0,-0.27147504601238254
cf71e106-1003-4390-8477-cf268229df66,LUDMILLA,performer;vocal;writer,writer,,,1978-01-01,1978-01-01,1,-0.4376820413677751,2,-0.5407706912441482,0.0,-0.27147504601238254
b4434d7f-d3cd-4a6b-b78b-a4c670ae6e8d,Rami Samir Afuni,writer,writer,,,2013-01-01,2013-01-01,1,-0.4376820413677751,3,-0.36880757251895785,0.0,-0.27147504601238254
ccbb3f5a-cf88-4f43-8881-63bee4d07a57,조진주,lyricist,writer,,,2016-05-10,2016-05-10,1,-0.4376820413677751,4,-0.19684445379376744,0.0,-0.27147504601238254
a3cb23fc-acd3-4ce0-8f36-1e5aa6a18432,U2,arranger;composer;lyricist;mix;performer;producer;video appearance;writer,writer,,,1988-01-01,1992-01-01,4,1.1097381284070802,5,-0.024881335068577065,4.0,0.19187664220456957
a2a3f910-b188-43e7-81d0-f1ac2a2f3e12,Noah Kahan,instrument;producer;vocal;writer,writer,,,2014-07-14,2014-07-14,1,-0.4376820413677751,1,-0.7127338099693385,0.0,-0.27147504601238254
37547347-ea75-45fa-9766-ff36b44d8147,Isaiah Rashad,producer;writer,writer,,,2014-01-28,2016-09-02,4,1.1097381284070802,0,-0.884696928694529,2.595,0.029124361718365174
4d23b2fd-1ed8-47bf-a4d7-0c78f6e61ce3,Caweh Passereh,writer,writer,,,2013-01-01,2013-01-01,1,-0.4376820413677751,11,1.0068973772825651,0.0,-0.27147504601238254
94b72cd2-c09c-4d9e-9673-275f89b78687,Ian Stanley,writer,writer,,,1982-01-01,1982-01-01,1,-0.4376820413677751,3,-0.36880757251895785,0.0,-0.27147504601238254
5aaf332c-1a4d-4c03-a585-aeafa2f663b8,Geraldo Vandré,composer;lyricist,writer,,,1968-01-01,1968-01-01,1,-0.4376820413677751,1,-0.7127338099693385,0.0,-0.27147504601238254
92da4329-77a4-425c-8e92-4280110cace9,Lil Peep,phonographic copyright;producer;vocal;writer,writer,,,2015-05-16,2018-01-12,4,1.1097381284070802,12,1.1788604960077556,2.661,0.036769664573944864
80609a00-b394-4a49-975b-2db6b543fa97,The Kid LAROI,vocal;writer,writer,,,2020-01-01,2021-01-01,5,1.6255448516653654,14,1.5227867334581364,1.002,-0.15540544811403603
d44ab93a-98c0-483f-ae58-8f9255f816d3,DaHeala,writer,writer,,,2016-01-01,2016-01-01,1,-0.4376820413677751,6,0.1470817836566133,0.0,-0.27147504601238254
bccbc99f-fcd9-4ed4-b8ab-b327f6b5f708,Leon Huff,composer;lyricist,writer,,,2004-01-01,2004-01-01,1,-0.4376820413677751,6,0.1470817836566133,0.0,-0.27147504601238254
5c6d0eea-2028-4462-84a8-8c5d730d2e95,Gina Schock,writer,writer,pop;pop rock,pop,2009-01-01,2009-01-01,2,0.07812468189051006,3,-0.36880757251895785,0.0,-0.27147504601238254
c6029add-33ca-4a0a-8fa5-c47a1c4b2f9d,Isaac Slade,composer;writer,writer,,,2005-01-01,2005-07-22,2,0.07812468189051006,6,0.1470817836566133,0.553,-0.20741667511638892
a62e2b14-812a-41a1-884d-5a138705ad2d,BlocBoy JB,writer,writer,,,2019-12-06,2019-12-06,1,-0.4376820413677751,4,-0.19684445379376744,0.0,-0.27147504601238254
dd498489-7871-475c-a11a-aa418e676e7c,Iuri Rio Branco,writer,writer,,,2021-08-19,2023-04-27,3,0.5939314051487953,1,-0.7127338099693385,1.687,-0.07605647150688297
7d81816f-200c-47d3-a71d-4421b3185d45,Andy Summers,writer,writer,,,1979-01-01,1979-01-01,1,-0.4376820413677751,3,-0.36880757251895785,0.0,-0.27147504601238254
bfb5305e-0215-4b4f-bb37-c3c2cf978975,Doug Ingle,composer;lyricist,writer,silly name,silly name,1968-01-01,1968-01-01,1,-0.4376820413677751,0,-0.884696928694529,0.0,-0.27147504601238254
73e36439-1e9a-4925-bf2c-1d7f7885fbb0,Mike Dean,writer,writer,contemporary r&b;electronic;funk;hip hop;pop;soul;synth-pop;synthwave,contemporary r&b,2012-01-01,2024-01-01,7,2.657158298181936,44,6.681680295213847,12.0,1.1185800186384738
1882fe91-cdd9-49c9-9956-8e06a3810bd4,Sabrina Carpenter,composer;instrument;lyricist;misc;performer;producer;video appearance;vocal;writer,writer,christmas;christmas music;instrumental,christmas,1934-01-01,1934-01-01,1,-0.4376820413677751,0,-0.884696928694529,0.0,-0.27147504601238254
a8797304-f0b3-497b-a592-c09eac0fd9c8,Mike D,writer,writer,,,1989-01-01,1998-01-01,6,2.1413515749236507,13,1.350823614732946,8.999,0.7709504145537055
5a85c140-dcf9-4dd2-b2c8-aff0471549f3,Sam Smith,instrument;vocal;vocal arranger;writer,writer,ascap-no-iswc;ripoff,ascap-no-iswc,1940-01-01,2014-01-01,2,0.07812468189051006,7,0.3190449023818037,74.001,8.300647023923286
abaa2544-8476-401c-ad32-042b6bfac116,Ben Johnson,composer;lyricist,writer,,,2025-04-04,2025-04-04,1,-0.4376820413677751,5,-0.024881335068577065,0.0,-0.27147504601238254
381eed10-4b1a-4100-9872-2dbad6985bc3,Andreas Öberg,composer,writer,,,2016-05-10,2016-05-10,1,-0.4376820413677751,2,-0.5407706912441482,0.0,-0.27147504601238254
382f1005-e9ab-4684-afd4-0bdae4ee37f2,2Pac,composer;lyricist;performer;producer;programming;samples from artist;video director;vocal;vocal arranger;writer,writer,hip hop,hip hop,1973-01-01,2013-01-01,3,0.5939314051487953,18,2.2106392083588977,40.0,4.362041836157139
d0a7368a-eefb-463c-b4f7-295753a6bc6d,Brian Garcia,writer,writer,,,2016-01-01,2016-01-01,1,-0.4376820413677751,15,1.6947498521833269,0.0,-0.27147504601238254
3fb49f5a-fdc0-4789-9c84-22b38b3f3cb5,,performer;remixer,performer,hip hop,hip hop,2003-01-01,2003-01-01,0,-0.9534887646260604,0,-0.884696928694529,0.0,-0.27147504601238254
c98d40fd-f6cf-4b26-883e-eaa515ee2851,The Cranberries,phonographic copyright;producer,production,,,1990-01-01,1990-01-01,2,0.07812468189051006,0,-0.884696928694529,0.0,-0.27147504601238254
22a45219-658b-42c4-9119-c0c4b685631b,Jack Knight,composer;lyricist,writer,,,2001-01-01,2001-01-01,1,-0.4376820413677751,7,0.3190449023818037,0.0,-0.27147504601238254
eaee97f6-f2e4-414a-966c-f31a1fb4696a,Feid,performer;writer,writer,,,2015-01-01,2015-01-01,1,-0.4376820413677751,4,-0.19684445379376744,0.0,-0.27147504601238254
01a7069c-882d-40f5-9575-c59d5bddcd61,Norman Whitfield,writer,writer,,,1967-09-01,1967-09-01,1,-0.4376820413677751,2,-0.5407706912441482,0.0,-0.27147504601238254
6df08c91-b91d-4b59-95fe-b51a2e1b06d3,Christopher Breaux,writer,writer,,,2012-01-01,2012-01-01,2,0.07812468189051006,14,1.5227867334581364,0.0,-0.27147504601238254
bf23ae35-d26d-4180-b7da-7fc9841b2cd9,Dorothy Heyward,lyricist,writer,blues;rock,blues,1935-01-01,1935-01-01,1,-0.4376820413677751,4,-0.19684445379376744,0.0,-0.27147504601238254
8516f0de-3190-4fde-994c-1f32ffd9af18,Richard Fairbrass,writer,writer,,,1991-01-01,1991-01-01,1,-0.4376820413677751,3,-0.36880757251895785,0.0,-0.27147504601238254
8f92558c-2baa-4758-8c38-615519e9deda,The Clash,arranger;producer;samples from artist;writer,writer,sub-publish,sub-publish,1959-01-01,1959-01-01,1,-0.4376820413677751,1,-0.7127338099693385,0.0,-0.27147504601238254
b2d122f9-eadb-4930-a196-8f221eeb0c66,Rammstein,composer;lyricist;producer;programming;remixer;samples from artist;writer,writer,,,1978-01-01,1978-01-01,1,-0.4376820413677751,3,-0.36880757251895785,0.0,-0.27147504601238254
2ed5b00d-d6a8-4793-815e-99af39d7ccc5,Dino Fekaris,writer,writer,ballad;disco;pop,ballad,1977-01-01,1977-01-01,1,-0.4376820413677751,2,-0.5407706912441482,0.0,-0.27147504601238254
bca63b5d-a28c-4937-a8f4-e3f2d95426e1,Masego,producer;remixer;video appearance;vocal;writer,writer,,,2017-10-06,2019-12-12,2,0.07812468189051006,1,-0.7127338099693385,2.182,-0.01871670009003516
ba1bf556-2af2-4772-835f-ed2e15070758,Mary Chapin Carpenter,composer;lyricist,writer,,,1992-06-20,1992-06-20,1,-0.4376820413677751,2,-0.5407706912441482,0.0,-0.27147504601238254
3bcb90e6-c8d9-463d-870a-3cc1e480a060,J. Fred Coots,composer,writer,christmas;christmas music;instrumental,christmas,1934-01-01,1934-01-01,1,-0.4376820413677751,1,-0.7127338099693385,0.0,-0.27147504601238254
79d1e9ca-d396-44ac-8a4a-ff5dbe9e44f9,Guy Sigsworth,writer,writer,,,2013-01-11,2013-01-11,1,-0.4376820413677751,8,0.4910080211069941,0.0,-0.27147504601238254
4fc5c762-2aaa-4840-9640-267667c8330f,Niaggi,writer,writer,,,2018-12-21,2018-12-21,1,-0.4376820413677751,4,-0.19684445379376744,0.0,-0.27147504601238254
66ab36ce-8f58-46fb-9284-396c2c90ecbd,Ecco2K,vocal;writer,writer,,,2016-02-03,2018-02-23,2,0.07812468189051006,1,-0.7127338099693385,2.056,-0.033312278268869136
971cf058-cba6-49c1-92d2-6893b1683ee5,Anthony Springer,writer,writer,christmas;christmas music;horny for santa;list song,christmas,1953-01-01,1953-01-01,1,-0.4376820413677751,3,-0.36880757251895785,0.0,-0.27147504601238254
71f634cc-91e8-4bff-ad9d-d0357828049f,"Timothy ""Bos"" Bullock",composer,writer,,,2016-05-10,2016-05-10,1,-0.4376820413677751,7,0.3190449023818037,0.0,-0.27147504601238254
7abcd29e-8b5c-42d2-b845-3bf4b80100a8,Corbett,writer,writer,,,2019-02-14,2019-02-14,1,-0.4376820413677751,4,-0.19684445379376744,0.0,-0.27147504601238254
4490113a-3880-4f5b-a39b-105bfceaed04,John Paul Jones,writer,writer,,,1969-01-01,1971-01-01,4,1.1097381284070802,6,0.1470817836566133,1.999,-0.0399150398259607
fe93a178-183a-42c9-b3c7-53102b8c724d,Ray Manzarek,writer,writer,psychedelic rock;ripoff;wrong guess case,psychedelic rock,1967-01-01,1971-01-01,7,2.657158298181936,10,0.8349342585573748,4.0,0.19187664220456957
4e481ad9-aa5d-4a1a-b2fc-444c0ad48b7e,James Fauntleroy,writer,writer,funk;new jack swing;pop;r&b,funk,2016-01-01,2019-12-27,2,0.07812468189051006,16,1.866712970908517,3.986,0.19025491129581026
1c0b697f-1aed-4c47-8b95-ab4c7b1484b0,Francis Diaz,writer,writer,,,2018-10-11,2018-10-11,1,-0.4376820413677751,9,0.6629711398321845,0.0,-0.27147504601238254
f7cdc9e0-d1e9-4fdc-a407-e2c0244f517d,Marvin “Merv” Pierce,writer,writer,,,2019-04-18,2019-04-18,1,-0.4376820413677751,20,2.5545654458092786,0.0,-0.27147504601238254
3d6c957d-14d6-465c-8e53-86262245af06,Mike Muir,composer;lyricist,writer,,,1982-01-01,1982-01-01,1,-0.4376820413677751,1,-0.7127338099693385,0.0,-0.27147504601238254
fa600a45-e948-4964-9937-dff430a51738,Cheeze Beatz,writer,writer,hip hop;trap,hip hop,2017-12-22,2017-12-22,1,-0.4376820413677751,6,0.1470817836566133,0.0,-0.27147504601238254
10ae1bf6-88b2-4fb4-8fbe-8227a49803d3,Ian Curtis,writer,writer,,,1979-07-11,1980-01-01,4,1.1097381284070802,5,-0.024881335068577065,0.476,-0.21633619511456523
760e4df4-e851-46c8-b34d-afa2e9706831,Kim Deal,writer,writer,,,1995-10-28,1995-10-28,1,-0.4376820413677751,8,0.4910080211069941,0.0,-0.27147504601238254
c78f0746-ea5d-44c0-92ee-f32745951345,John McVie,writer,writer,,,1977-01-01,1977-01-01,1,-0.4376820413677751,5,-0.024881335068577065,0.0,-0.27147504601238254
d530dbf9-69b1-404f-98f2-0431104f5a1e,Bullet for My Valentine,composer;phonographic copyright;producer;vocal,writer,train,train,1980-01-01,1980-01-01,2,0.07812468189051006,6,0.1470817836566133,0.0,-0.27147504601238254
45074d7c-5307-44a8-854f-ae072e1622ae,KMFDM,mix;producer;recording;remixer,production,,,1981-01-01,1981-01-01,1,-0.4376820413677751,0,-0.884696928694529,0.0,-0.27147504601238254
ebe02d36-410d-4a85-a67e-36e2462e3e44,Tito “El Bambino”,writer,writer,,,2007-01-01,2007-01-01,1,-0.4376820413677751,2,-0.5407706912441482,0.0,-0.27147504601238254
f7441bc7-d7de-4813-a2fc-31a4033d396d,Gracie Abrams,composer;instrument;lyricist;phonographic copyright;producer;vocal;writer,writer,,,1996-01-01,1996-01-01,1,-0.4376820413677751,1,-0.7127338099693385,0.0,-0.27147504601238254
e8848d50-7def-4252-a3f5-00b656c9a7c0,Jon Alvarado,writer,writer,,,2018-08-10,2020-02-14,3,0.5939314051487953,4,-0.19684445379376744,1.514,-0.09609643202226616
82b2ac64-4ef4-470f-b2f9-58074a4b9c13,Paulina Cerrilla,writer,writer,,,2024-10-11,2024-10-11,1,-0.4376820413677751,9,0.6629711398321845,0.0,-0.27147504601238254
c544ed4d-2390-4442-a83e-1ea2883b09c8,Lynyrd Skynyrd,producer,production,meme;southern rock,meme,1973-01-01,1974-04-15,5,1.6255448516653654,0,-0.884696928694529,1.284,-0.1227391540947409
facf743e-1231-410d-bdf1-9ba11a6a4f3c,高中正義,arranger;composer;instrument;instrument arranger;producer;vocal,writer,disney song;pop;stage and screen,disney song,1940-01-01,1940-01-01,1,-0.4376820413677751,2,-0.5407706912441482,0.0,-0.27147504601238254
f205743d-4441-471d-a3af-66f584738e29,Skip James,composer;lyricist,writer,,,1931-07-01,1931-07-01,1,-0.4376820413677751,1,-0.7127338099693385,0.0,-0.27147504601238254
fbc3d34d-f4df-4a02-aa24-a6c870b02c85,Gianfranco Bortolotti,writer,writer,,,2000-01-01,2000-01-01,1,-0.4376820413677751,4,-0.19684445379376744,0.0,-0.27147504601238254
8be564c3-dfba-440b-af8c-4ffbceeef45e,RAYE,composer;instrument;lyricist;performer;phonographic copyright;producer;video appearance;video director;vocal;writer,writer,christmas;christmas carol;christmas music,christmas,1954-04-01,2018-02-02,4,1.1097381284070802,11,1.0068973772825651,63.841,7.123733735852228
ce4a1c08-6912-423f-bf6c-97ce69f5e89f,Faye Webster,lyricist;vocal;writer,writer,,,2019-01-01,2020-04-15,3,0.5939314051487953,1,-0.7127338099693385,1.287,-0.1223916403285782
cfbc0924-0035-4d6c-8197-f024653af823,Nas,composer;lyricist;performer;producer;samples from artist;video appearance;vocal;writer,writer,,,1976-01-01,2020-01-01,3,0.5939314051487953,5,-0.024881335068577065,44.0,4.825393524374091
f99b7df3-2df2-45d0-9e99-c5f4623b7dcc,30 Roc,writer,writer,hip hop;modusamedia;trap,hip hop,2017-12-22,2019-12-06,2,0.07812468189051006,9,0.6629711398321845,1.955,-0.04501190839634718
d8f43dc5-4613-48ac-8c23-a62b82f8c67a,Caroline Polachek,composer;engineer;instrument;lyricist;performer;producer;programming;recording;remixer;vocal;writer,writer,,,1994-01-01,1994-01-01,1,-0.4376820413677751,2,-0.5407706912441482,0.0,-0.27147504601238254
35f343df-3b87-4475-b0e4-d2ba5cc26eea,Romeo Santos,composer;lyricist;producer;writer,writer,,,1992-01-01,1992-01-01,1,-0.4376820413677751,1,-0.7127338099693385,0.0,-0.27147504601238254
c42e60f4-4520-4954-b6e4-82bbdf532c11,JPEGMAFIA,arranger;composer;instrument;lyricist;mix;mix-dj;performer;producer;programming;recording;remixer;vocal;writer,writer,,,2019-03-20,2021-04-09,4,1.1097381284070802,20,2.5545654458092786,2.056,-0.033312278268869136
6da02506-6762-424d-bef4-89a26a0f95c7,Mike Simpson,writer,writer,,,1989-01-01,1989-01-01,1,-0.4376820413677751,6,0.1470817836566133,0.0,-0.27147504601238254
9bd7b6a6-d0b6-47f5-a62b-04dade95f5d1,LDN Noise,composer,writer,,,2016-05-10,2016-05-10,2,0.07812468189051006,9,0.6629711398321845,0.0,-0.27147504601238254
d378dedb-444f-48f5-a6e6-3e8e31ef6c14,Robert B. Sherman,composer;lyricist,writer,folk;pop;punk;ragtime;rock;soundtrack,folk,1967-01-01,1967-01-01,2,0.07812468189051006,3,-0.36880757251895785,0.0,-0.27147504601238254
d49abf5b-0d72-4239-8ec8-c3d7464707f6,Ari Abdul,writer,writer,,,2022-02-22,2024-11-08,5,1.6255448516653654,10,0.8349342585573748,2.71,0.04244572275460252
38f0c7ac-46eb-49ca-b3ab-c785ccd05a60,TV Girl,composer;instrument;instrument arranger;phonographic copyright,writer,,,2010-10-21,2011-01-01,2,0.07812468189051006,0,-0.884696928694529,0.197,-0.24865497536769762
f9133869-f87c-459c-9aa7-2f176cda7e06,Tate McRae,composer;lyricist;producer;video appearance;vocal;writer,writer,christmas;christmas music,christmas,1943-11-01,1943-11-01,1,-0.4376820413677751,3,-0.36880757251895785,0.0,-0.27147504601238254
9d48b201-a6b2-42cf-b6ba-f65203580e32,이서연,composer;lyricist,writer,,,2020-09-16,2020-09-16,1,-0.4376820413677751,3,-0.36880757251895785,0.0,-0.27147504601238254
9a3bf45c-347d-4630-894d-7cf3e8e0b632,Santana,arranger;composer;instrument;performer;producer;video appearance;writer,writer,beat;blues rock;pop rock;rock;rock and roll,beat,1968-01-01,1968-01-01,1,-0.4376820413677751,1,-0.7127338099693385,0.0,-0.27147504601238254
830398a8-6124-48de-8305-0e162e668387,Dale Evans,composer;lyricist,writer,,,1952-01-01,1952-01-01,1,-0.4376820413677751,1,-0.7127338099693385,0.0,-0.27147504601238254
c97a32c2-1fbc-44eb-a28b-cee23c135844,Anton Göransson,composer;lyricist;writer,writer,,,2022-06-03,2024-02-09,2,0.07812468189051006,13,1.350823614732946,1.687,-0.07605647150688297
e0b1c1a8-8216-422e-b521-83d53f2eaa1b,Luis Garcia Guillen,writer,writer,,,2020-08-27,2020-08-27,1,-0.4376820413677751,4,-0.19684445379376744,0.0,-0.27147504601238254
883e4ba4-8ccc-47ed-81df-df51e41792a9,Christopher Cross,writer,writer,rock,rock,1981-01-01,1981-01-01,1,-0.4376820413677751,4,-0.19684445379376744,0.0,-0.27147504601238254
e64ffaa4-fbb0-465f-9b31-c860a9f767fa,Toni Stern,lyricist,writer,philly soul;r&b,philly soul,1971-01-01,1971-01-01,1,-0.4376820413677751,2,-0.5407706912441482,0.0,-0.27147504601238254
5fc55ebf-21bd-4eda-954c-dd250132331e,Mariah the Scientist,composer;lyricist;performer;vocal,writer,,,2019-11-22,2019-11-22,1,-0.4376820413677751,3,-0.36880757251895785,0.0,-0.27147504601238254
ec7ad706-7212-43cb-8415-197780b322a5,Allen Ritter,writer,writer,,,2016-01-01,2018-08-03,3,0.5939314051487953,19,2.382602327084088,2.587,0.02819765834193127
7aa27474-7b32-46c5-a065-ec831e8a70da,Billy Walsh,writer,writer,,,2018-04-27,2021-01-01,4,1.1097381284070802,15,1.6947498521833269,2.683,0.039318098859138076
a2eb78dc-cac4-41a0-8dc1-1a66926175e4,Trey Vittetoe,writer,writer,pop;pop rock,pop,2009-01-01,2009-01-01,2,0.07812468189051006,3,-0.36880757251895785,0.0,-0.27147504601238254
1b3a1e49-2494-441c-9818-3fbbe73d09b4,Jule Styne,composer,writer,,,1944-01-01,1944-01-01,1,-0.4376820413677751,1,-0.7127338099693385,0.0,-0.27147504601238254
25b342ab-eafb-40f7-8a0f-16ce588d9ff2,Yung Shad,writer,writer,,,2015-09-16,2015-09-16,1,-0.4376820413677751,2,-0.5407706912441482,0.0,-0.27147504601238254
1b1f50d1-4746-468b-a6a2-7db7200d3dfc,G Herbo,lyricist,writer,,,2020-02-21,2020-02-21,1,-0.4376820413677751,3,-0.36880757251895785,0.0,-0.27147504601238254
9947e874-ddd0-4e1a-b0d4-a76f6532fe45,Tyler Childers,composer;instrument;lyricist;performer;producer;vocal;writer,writer,,,1924-01-01,1924-01-01,1,-0.4376820413677751,1,-0.7127338099693385,0.0,-0.27147504601238254
3547f34a-db02-4ab7-b4a0-380e1ef951a9,Wolf Alice,producer;writer,writer,christmas;christmas music;horny for santa;list song,christmas,1953-01-01,1953-01-01,1,-0.4376820413677751,3,-0.36880757251895785,0.0,-0.27147504601238254
6f6fd596-76e0-4b82-aa37-f558ac2d337b,Gotye,composer;instrument;lyricist;mix;performer;producer;recording;vocal;writer,writer,,,1977-01-01,1977-01-01,1,-0.4376820413677751,1,-0.7127338099693385,0.0,-0.27147504601238254
d2104914-bec9-49e4-83fb-8e860ea94fbf,E. Kidd Bogart,writer,writer,,,2012-10-16,2012-10-16,1,-0.4376820413677751,8,0.4910080211069941,0.0,-0.27147504601238254
fbd2a255-1d57-4d31-ac11-65b671c19958,No Doubt,mix;performer;phonographic copyright;producer,performer,beat;pop rock;rock;rock and roll,beat,1967-01-01,1968-01-01,2,0.07812468189051006,0,-0.884696928694529,0.999,-0.15575296188019871
25f3abd9-63b5-471a-bd25-feb9672dfa11,ROSALÍA,arranger;composer;instrument;lyricist;mix;producer;video director;vocal;vocal arranger;writer,writer,,,1983-01-01,1983-01-01,1,-0.4376820413677751,2,-0.5407706912441482,0.0,-0.27147504601238254
071a4b21-53de-4ac0-af14-e71efd7dce3d,Noel Hogan,composer,writer,,,1990-01-01,1992-09-29,3,0.5939314051487953,1,-0.7127338099693385,2.743,0.046268374182392366
f22942a1-6f70-4f48-866e-238cb2308fbd,Aphex Twin,composer;engineer;performer;producer;remixer,writer,,,1995-01-01,1996-01-01,5,1.6255448516653654,1,-0.7127338099693385,0.999,-0.15575296188019871
1ee18fb3-18a6-4c7f-8ba0-bc41cdd0462e,Stevie Wonder,arranger;composer;instrument;instrument arranger;lyricist;performer;producer;programming;samples from artist;video appearance;vocal;vocal arranger;writer,writer,jazz,jazz,1959-01-01,1994-01-01,3,0.5939314051487953,4,-0.19684445379376744,35.001,3.7829680638080028
fdfa5368-9962-4d41-b332-1180dead02eb,Ray Turner,writer,writer,hip hop,hip hop,2004-01-01,2004-01-01,1,-0.4376820413677751,8,0.4910080211069941,0.0,-0.27147504601238254
8a338e06-d182-46f2-bd16-30a09bc840ba,Elvis Costello,composer;lyricist,writer,,,1977-01-01,1977-01-01,1,-0.4376820413677751,1,-0.7127338099693385,0.0,-0.27147504601238254
8a585c55-140c-4c99-a8a2-fa3128319123,명재현,composer;lyricist,writer,,,2023-05-22,2023-05-30,2,0.07812468189051006,7,0.3190449023818037,0.022,-0.2689266117271893
d1c86c31-33e7-47c2-ad6b-a82e1ef69121,Cindy Wilson,composer,writer,,,1978-04-01,1978-04-01,1,-0.4376820413677751,6,0.1470817836566133,0.0,-0.27147504601238254
0b2a0311-94c9-49fb-8724-17871ca156fd,San Juan de la Cruz,lyricist,writer,,,1983-01-01,1983-01-01,1,-0.4376820413677751,2,-0.5407706912441482,0.0,-0.27147504601238254
48500b27-80f9-4ff7-b23e-f1d63f3c4293,흥지상,composer,writer,,,2018-01-01,2018-01-01,1,-0.4376820413677751,1,-0.7127338099693385,0.0,-0.27147504601238254
99790314-885a-4975-8614-9c5bc890364d,TLC,performer;vocal,performer,,,1986-01-01,1986-01-01,1,-0.4376820413677751,0,-0.884696928694529,0.0,-0.27147504601238254
4ae36ade-1798-48c4-b06b-cc68b7d3d83f,Porter Robinson,composer;creative direction;engineer;instrument;lyricist;mix;mix-dj;performer;producer;programming;recording;remixer;vocal;writer,writer,,,2012-01-01,2013-08-21,4,1.1097381284070802,7,0.3190449023818037,1.637,-0.08184836760959488
475e4df5-358a-45b3-89c9-e63d8de33aa2,Ann Ronell,composer;lyricist,writer,hard bop;instrumental;jazz;jazz-funk;pop;soul jazz,hard bop,1932-01-01,1932-01-01,1,-0.4376820413677751,1,-0.7127338099693385,0.0,-0.27147504601238254
42a5fdbc-29df-4e93-a9f0-e2151e9f0667,Jonas von der Burg,writer,writer,,,2006-10-01,2007-05-11,5,1.6255448516653654,3,-0.36880757251895785,0.608,-0.2010455894034058
b0ee191c-7b75-445e-8416-b8f9918d3b6b,Booker T. Jones,composer,writer,blues;blues rock;pop rock;rock,blues,1967-01-01,1967-01-01,1,-0.4376820413677751,1,-0.7127338099693385,0.0,-0.27147504601238254
5150857e-0139-49bf-9aae-3314b4db7a37,Will Phillips,writer,writer,ascap-no-iswc;ripoff,ascap-no-iswc,2014-01-01,2014-01-01,1,-0.4376820413677751,5,-0.024881335068577065,0.0,-0.27147504601238254
269d6e80-3186-4165-8586-2ccb64b446a4,Joe Trohman,writer,writer,,,2015-01-01,2015-01-01,1,-0.4376820413677751,3,-0.36880757251895785,0.0,-0.27147504601238254
9032140b-c6ba-448d-8f05-5ac16e3aa165,Sounwave,composer;writer,writer,,,2016-01-01,2019-07-19,3,0.5939314051487953,11,1.0068973772825651,3.546,0.1392862255919455
aa2e9a16-553f-41c8-b2a3-77c30ab69c4a,John Cunningham,writer,writer,,,2018-01-01,2018-03-16,4,1.1097381284070802,2,-0.5407706912441482,0.203,-0.24795994783537223
0df4ba7d-f65d-48ee-a6db-e9c0821d04f4,Steve Arrington,writer,writer,hip hop,hip hop,2004-01-01,2004-01-01,1,-0.4376820413677751,8,0.4910080211069941,0.0,-0.27147504601238254
08e031e0-e576-4c80-94bf-d9c3c428c075,"Antoine ""Bam"" Macon",composer,writer,,,2002-01-01,2002-01-01,1,-0.4376820413677751,4,-0.19684445379376744,0.0,-0.27147504601238254
f19d2f86-fddb-4ae8-b647-70ad567ad28b,Daniel Tashian,writer,writer,,,2018-01-01,2018-01-01,1,-0.4376820413677751,2,-0.5407706912441482,0.0,-0.27147504601238254
483072d1-ff09-4a61-a67e-2abe72bd806b,Philip Thomas,writer,writer,,,2019-04-18,2019-04-18,1,-0.4376820413677751,20,2.5545654458092786,0.0,-0.27147504601238254
8f4c7ad3-c95c-4d62-a554-3416fb5204f4,Crystal Waters,writer,writer,,,1991-01-01,1991-01-01,1,-0.4376820413677751,2,-0.5407706912441482,0.0,-0.27147504601238254
3ab2ee23-1c2f-458c-9c8c-ca4844729120,MØ,writer,writer,,,2015-01-01,2015-01-01,1,-0.4376820413677751,6,0.1470817836566133,0.0,-0.27147504601238254
4c7df96e-d3d4-4618-b232-89c82050331a,Sean Kinney,composer;lyricist,writer,,,1992-01-01,1992-01-01,1,-0.4376820413677751,3,-0.36880757251895785,0.0,-0.27147504601238254
95bae8c3-4450-4c97-a6ea-388f99af38c6,Alex Chapman,composer;lyricist,writer,dance-pop;pop,dance-pop,2025-08-22,2025-08-22,1,-0.4376820413677751,4,-0.19684445379376744,0.0,-0.27147504601238254
9f93c34a-2dc2-400e-ada5-937c3efc3437,Liana Flores,arranger;instrument;vocal;writer,writer,,,1964-01-01,1964-01-01,1,-0.4376820413677751,2,-0.5407706912441482,0.0,-0.27147504601238254
f5584cee-1448-4e41-a347-3c4c96c720dc,Miguel Antonio de Jesus-Cruz,writer,writer,,,2007-01-01,2007-01-01,1,-0.4376820413677751,2,-0.5407706912441482,0.0,-0.27147504601238254
d174f580-15bb-49d1-b9d9-086954a71877,Patrick Reynolds,composer;lyricist,writer,,,2008-01-01,2008-01-01,2,0.07812468189051006,4,-0.19684445379376744,0.0,-0.27147504601238254
0d352490-3cc7-43fc-b824-8aa8c9c855e1,Paul Cook,writer,writer,,,1977-01-01,1977-01-01,1,-0.4376820413677751,4,-0.19684445379376744,0.0,-0.27147504601238254
a35237a0-4f47-40a6-b6f3-1e786db23402,Rod Stewart,composer;lyricist;writer,writer,dance;disco;funk;pop;soul,dance,1976-01-01,1978-01-01,2,0.07812468189051006,3,-0.36880757251895785,2.001,-0.03968336398185225
ff2a0e30-aec1-44dd-ae06-dc78877f512d,Ian Gillan,writer,writer,classic rock;hard rock;rock,classic rock,1970-01-01,1970-01-01,1,-0.4376820413677751,4,-0.19684445379376744,0.0,-0.27147504601238254
0c7842cd-b98f-4aef-a84d-92e7af973f31,3 On A Wav,writer,writer,,,2022-07-22,2022-07-22,1,-0.4376820413677751,9,0.6629711398321845,0.0,-0.27147504601238254
d7641934-7dfb-49ea-b948-da0b12816b12,Popcaan,writer,writer,,,2015-05-29,2015-05-29,1,-0.4376820413677751,3,-0.36880757251895785,0.0,-0.27147504601238254
515f823b-b965-4a7d-9c6a-efd3c1052c39,Rohan Heath,composer,writer,,,2016-02-03,2016-02-03,1,-0.4376820413677751,2,-0.5407706912441482,0.0,-0.27147504601238254
16ee7f6b-a8b5-4320-bc8b-4712a13ae965,Alex Silverman,writer,writer,,,2025-03-28,2025-03-28,1,-0.4376820413677751,3,-0.36880757251895785,0.0,-0.27147504601238254
9e6a6a2f-f696-4cc0-87f1-e4f712e46802,Yeat,composer;lyricist;mix;performer;producer;writer,writer,,,2021-06-11,2022-06-29,2,0.07812468189051006,1,-0.7127338099693385,1.049,-0.14996106577748686
c970c5cd-facf-4c49-babf-a5b688c1ec40,Gillian Gilbert,writer,writer,,,1982-01-01,1983-01-01,2,0.07812468189051006,5,-0.024881335068577065,0.999,-0.15575296188019871
0d40af7f-9b4f-4c42-9e5a-c827315dd240,Alex da Kid,writer,writer,,,2010-01-01,2010-01-01,2,0.07812468189051006,7,0.3190449023818037,0.0,-0.27147504601238254
1bb57242-64b9-4097-b134-89d87d741d6e,Jen-Bea Englishman,composer,writer,,,2008-01-01,2008-01-01,1,-0.4376820413677751,9,0.6629711398321845,0.0,-0.27147504601238254
7f59aca1-934a-429f-8844-cb98e18504a9,Ricky Wilde,writer,writer,,,1981-01-01,1981-01-01,1,-0.4376820413677751,1,-0.7127338099693385,0.0,-0.27147504601238254
21032561-1973-4bda-9a25-d89cd8ef8541,Christian Karlsson,writer,writer,,,2014-01-01,2014-01-01,1,-0.4376820413677751,8,0.4910080211069941,0.0,-0.27147504601238254
f23bf5f5-4246-4e5f-9f8e-6a104a813e23,Janie Bradford,writer,writer,beat;pop;pop rock;rock;rock and roll,beat,1959-08-01,1959-08-01,1,-0.4376820413677751,2,-0.5407706912441482,0.0,-0.27147504601238254
25c641b9-ba32-4cef-963f-a15a2619907a,Steven Pugh,writer,writer,,,2013-05-14,2013-05-14,1,-0.4376820413677751,5,-0.024881335068577065,0.0,-0.27147504601238254
5a22c88a-9db2-4a29-9b46-72430794ec4d,Brian Gold,writer,writer,,,2016-01-01,2016-01-01,1,-0.4376820413677751,15,1.6947498521833269,0.0,-0.27147504601238254
db8dcf88-5dcc-4832-81f2-7c52d33e857b,Ted Bruner,writer,writer,pop;pop rock,pop,2009-01-01,2009-01-01,2,0.07812468189051006,3,-0.36880757251895785,0.0,-0.27147504601238254
107760dd-ce1f-463f-9bb0-d42d13a30657,Marcos Palacios,writer,writer,,,2022-06-17,2022-06-17,1,-0.4376820413677751,3,-0.36880757251895785,0.0,-0.27147504601238254
9d22502f-c768-4918-a68d-5080981d4ae9,Fred Simon,writer,writer,,,1991-01-01,1991-01-01,1,-0.4376820413677751,8,0.4910080211069941,0.0,-0.27147504601238254
8500ba7b-429b-4d77-b4b4-53efbabb4d39,Gus Redmond,writer,writer,,,1991-01-01,1991-01-01,1,-0.4376820413677751,8,0.4910080211069941,0.0,-0.27147504601238254
738d4f23-2596-46c7-89ad-a593dd030555,Kevin ADG,writer,writer,,,2016-10-28,2017-05-26,2,0.07812468189051006,5,-0.024881335068577065,0.575,-0.20486824083119567
3414d446-735a-443c-931f-10634f57e5b9,Usher,composer;instrument;lyricist;performer;producer;samples from artist;video appearance;video director;vocal;writer,writer,list song;ripoff;rock;southern rock,list song,1969-01-01,1970-08-01,2,0.07812468189051006,2,-0.5407706912441482,1.58,-0.08845112916668643
d606b860-cc03-4959-a3fd-3a24bccf2560,Anitta,performer;vocal;writer,writer,,,2012-01-01,2012-01-01,1,-0.4376820413677751,8,0.4910080211069941,0.0,-0.27147504601238254
78464651-0f74-4129-98d8-d79029c71a05,Rob Bolland,composer;lyricist,writer,,,1985-01-01,1985-01-01,1,-0.4376820413677751,2,-0.5407706912441482,0.0,-0.27147504601238254
97529a9e-4b5a-4a9c-9c08-c42401d1c268,YUNGBLUD,composer;instrument;lyricist;producer;vocal;writer,writer,folk rock;rock,folk rock,1972-01-01,1972-01-01,1,-0.4376820413677751,1,-0.7127338099693385,0.0,-0.27147504601238254
098ae3cc-2ca3-4fb2-a6d8-2a7c1a6b3565,Bill Berry,writer,writer,,,1984-01-01,1984-01-01,1,-0.4376820413677751,4,-0.19684445379376744,0.0,-0.27147504601238254
fa22eeda-8db9-4ae5-97c9-6d0b9ceb7cf3,Isabel LaRosa,writer,writer,,,2022-02-22,2024-03-29,5,1.6255448516653654,4,-0.19684445379376744,2.097,-0.02856292346464539
2882ffa3-dec9-4055-a842-a950728bcb02,Burt Bacharach,composer;writer,writer,academy award winner;christmas music;contemporary christian;new romantic;rock,academy award winner,1965-01-01,1981-01-01,3,0.5939314051487953,7,0.3190449023818037,16.0,1.581931706855426
55c6eaaf-1dde-468c-a4ff-244d58c4eb89,Goldie Loc,writer,writer,g-funk;hip hop,g-funk,2000-01-01,2000-01-01,1,-0.4376820413677751,8,0.4910080211069941,0.0,-0.27147504601238254
f28e66c7-f318-41ac-9c41-ec1226a56508,J. Thomas,writer,writer,,,2018-10-11,2018-10-11,1,-0.4376820413677751,6,0.1470817836566133,0.0,-0.27147504601238254
c4e05d64-c679-4f04-b153-257d12eba7dc,Malay,writer,writer,hip hop;pop,hip hop,2008-01-01,2024-01-01,3,0.5939314051487953,18,2.2106392083588977,16.0,1.581931706855426
b81c06a5-341f-4d04-a72e-7738030f792b,Trevor Horn,writer,writer,,,1995-10-28,1995-10-28,1,-0.4376820413677751,8,0.4910080211069941,0.0,-0.27147504601238254
497271e7-4f08-4cb9-8d55-4f16ddad408e,Virman Coquia,writer,writer,,,2008-01-01,2010-01-01,2,0.07812468189051006,8,0.4910080211069941,2.001,-0.03968336398185225
90744b3e-363a-458e-8da1-e3e392a489c4,,remixer,other,,,2000-01-01,2002-04-03,0,-0.9534887646260604,0,-0.884696928694529,2.253,-0.01049220762418424
fd1a2d9d-9bb6-44de-83a3-41560658aba9,Bill Withers,composer;instrument;lyricist;performer;producer;vocal;writer,writer,,,1969-01-01,1969-01-01,1,-0.4376820413677751,0,-0.884696928694529,0.0,-0.27147504601238254
b553f0ad-4543-46f2-88ea-1dc94a11c91a,Robby Krieger,writer,writer,psychedelic rock;ripoff;wrong guess case,psychedelic rock,1967-01-01,1971-01-01,7,2.657158298181936,10,0.8349342585573748,4.0,0.19187664220456957
66a7117a-4b67-4a85-83bf-94491340d22d,Rostam,writer,writer,,,2019-01-01,2019-01-01,1,-0.4376820413677751,3,-0.36880757251895785,0.0,-0.27147504601238254
1f320089-1f65-4855-88e2-878a5dc056ec,Casper Mágico,writer,writer,,,2018-04-13,2018-04-13,1,-0.4376820413677751,3,-0.36880757251895785,0.0,-0.27147504601238254
e9bbf173-4be0-4078-b75c-cfefe7a656cc,Tim Deal,writer,writer,,,2012-01-01,2012-01-01,1,-0.4376820413677751,12,1.1788604960077556,0.0,-0.27147504601238254
8385ae48-812d-4bae-a240-74ecdbaf6dce,DJ Locksmith,writer,writer,,,2012-01-01,2012-01-01,1,-0.4376820413677751,5,-0.024881335068577065,0.0,-0.27147504601238254
a6dfbea8-ffbb-4e51-ac3b-59d1c5f55974,DJ Luian,writer,writer,,,2018-10-11,2018-10-11,1,-0.4376820413677751,9,0.6629711398321845,0.0,-0.27147504601238254
e4378b7a-6138-441a-aa34-50e11a562066,Reneé Rapp,composer;lyricist;vocal;writer,writer,,,2022-06-03,2022-11-11,5,1.6255448516653654,20,2.5545654458092786,0.441,-0.22039052238646356
55bc7f0d-bc56-4a5e-8555-77557bb757cd,Berry Gordy,writer,writer,beat;pop;pop rock;rock;rock and roll,beat,1959-08-01,1959-08-01,1,-0.4376820413677751,2,-0.5407706912441482,0.0,-0.27147504601238254
b23e8a63-8f47-4882-b55b-df2c92ef400e,Interpol,mix;performer;phonographic copyright;producer;video appearance;writer,writer,,,2000-12-11,2002-01-01,5,1.6255448516653654,4,-0.19684445379376744,1.057,-0.14903436240105294
a466c2a2-6517-42fb-a160-1087c3bafd9f,Slipknot,arranger;composer;lyricist;performer;producer;samples from artist;writer,writer,,,1997-10-31,1999-01-01,2,0.07812468189051006,9,0.6629711398321845,1.169,-0.13606051513097828
5833aeea-f734-47f0-9fc6-274d9d152b74,SHDØW,writer,writer,,,2023-12-15,2023-12-15,1,-0.4376820413677751,8,0.4910080211069941,0.0,-0.27147504601238254
3912b016-666b-46f8-a5ec-86806227ba60,Neal Smith,writer,writer,,,1973-01-01,1973-01-01,1,-0.4376820413677751,2,-0.5407706912441482,0.0,-0.27147504601238254
a4b84991-4a7b-449f-831e-498ec9bd83a0,Romil Hemnani,writer,writer,,,2021-04-09,2021-04-09,1,-0.4376820413677751,13,1.350823614732946,0.0,-0.27147504601238254
d6f3c7d7-3c95-4bf6-8647-0efeec36d704,Emile Haynie,writer,writer,,,2014-07-29,2014-07-29,1,-0.4376820413677751,1,-0.7127338099693385,0.0,-0.27147504601238254
f1314b95-764f-49bc-b920-019abf48901f,Tushar Apte,writer,writer,,,2021-10-15,2021-10-15,1,-0.4376820413677751,3,-0.36880757251895785,0.0,-0.27147504601238254
33e48f13-ff3f-49e9-8e24-1a1d0e4862ee,Iceberg,writer,writer,,,2019-02-01,2019-02-01,1,-0.4376820413677751,3,-0.36880757251895785,0.0,-0.27147504601238254
35f866dc-c061-48ba-8157-cf2e0eac4857,Enrique Iglesias,composer;lyricist;performer;producer;revised by;translator;vocal;writer,writer,,,1998-01-01,1998-01-01,1,-0.4376820413677751,1,-0.7127338099693385,0.0,-0.27147504601238254
478e1c5e-cf31-4fc8-a65f-14c7fe86754c,RBX,lyricist;writer,writer,g-funk;hip hop,g-funk,1992-01-01,2019-04-18,2,0.07812468189051006,21,2.726528564534469,27.294,2.8902051985359902
0bf69115-9b4a-491a-9265-d026cfd8af5d,Kenny Ascher,writer,writer,waltz,waltz,1979-01-01,1979-01-01,1,-0.4376820413677751,2,-0.5407706912441482,0.0,-0.27147504601238254
cabb4fcf-4067-4ba5-908d-76ee66fcf0c6,Diddy,composer;lyricist,writer,,,2001-01-01,2001-01-01,1,-0.4376820413677751,7,0.3190449023818037,0.0,-0.27147504601238254
e2190b35-1181-44f6-8587-4c04123a6f30,Lars Ulrich,composer;writer,writer,,,1984-01-01,1990-01-01,4,1.1097381284070802,7,0.3190449023818037,6.001,0.4236683242350999
9d1ebcfe-4c15-4d18-95d3-d919898638a1,Lou Reed,composer;lyricist;writer,writer,,,1966-01-01,1994-01-01,8,3.172965021440221,9,0.6629711398321845,28.0,2.9719867715062827
fe1f7d08-abbd-4fe2-91fe-fe3a803b3ac7,Jim Root,writer,writer,,,1999-01-01,1999-01-01,1,-0.4376820413677751,9,0.6629711398321845,0.0,-0.27147504601238254
2ec4441f-07ee-4081-9929-10457293f437,Jonny Leslie,writer,writer,,,2023-01-01,2023-01-01,1,-0.4376820413677751,5,-0.024881335068577065,0.0,-0.27147504601238254
ffa78fac-e97d-48b3-a22b-379fceceaf1a,masanco,lyricist,writer,,,2012-06-21,2012-06-21,1,-0.4376820413677751,3,-0.36880757251895785,0.0,-0.27147504601238254
65744963-191a-44ef-a3c7-b693a808a158,George Gershwin,composer,writer,blues;rock,blues,1924-11-01,1935-01-01,2,0.07812468189051006,7,0.3190449023818037,10.166,0.9061332695910013
8b98035f-fbd2-4fb3-9c2f-263c7506680d,Declan McKenna,composer;instrument;lyricist;producer;programming;vocal;writer,writer,,,1967-09-15,1967-09-15,1,-0.4376820413677751,1,-0.7127338099693385,0.0,-0.27147504601238254
11f64d5e-77a6-48f7-ac1f-6d17b3ac2ba9,Christian Lorenz,writer,writer,,,1996-08-18,1996-08-18,1,-0.4376820413677751,6,0.1470817836566133,0.0,-0.27147504601238254
b7718415-b72a-463f-86df-50e900a1e771,Marian Gold,composer;lyricist,writer,,,1984-01-01,1984-01-01,1,-0.4376820413677751,3,-0.36880757251895785,0.0,-0.27147504601238254
6f26a8e3-4f71-41a1-94dd-d9859b6b888f,Jason Evigan,writer,writer,,,2022-01-01,2024-01-01,3,0.5939314051487953,11,1.0068973772825651,1.999,-0.0399150398259607
da0c8f4f-f4f4-4e91-86ca-e31108bb5706,Nessa Barrett,composer;lyricist;vocal;writer,writer,alternative pop;electronic;pop;pop rock;rock,alternative pop,2022-10-01,2024-02-09,5,1.6255448516653654,14,1.5227867334581364,1.358,-0.11416714786272728
df5274d8-1060-4097-a916-a5f888e400a9,Giorgio Tuinfort,writer,writer,,,2014-01-01,2014-01-01,1,-0.4376820413677751,8,0.4910080211069941,0.0,-0.27147504601238254
28cb617b-1213-487e-aa8d-bfaae9f1ee43,Einer Bankz,writer,writer,,,2021-04-09,2021-04-09,1,-0.4376820413677751,4,-0.19684445379376744,0.0,-0.27147504601238254
b5396d77-58c1-4efe-842a-f40e346a9f45,Richard Evans,writer,writer,,,1996-01-01,1996-01-01,1,-0.4376820413677751,3,-0.36880757251895785,0.0,-0.27147504601238254
aab5c954-cabe-432e-899e-1c4f99757327,Toto,arranger;producer;writer,writer,blues,blues,1965-01-01,1967-01-01,2,0.07812468189051006,4,-0.19684445379376744,1.999,-0.0399150398259607
8bf283b9-b1e2-4632-a953-eacd212a543e,Jay Electronica,composer,writer,,,2010-01-09,2010-01-09,1,-0.4376820413677751,6,0.1470817836566133,0.0,-0.27147504601238254
e5fa0175-2e93-4ca7-90c3-33f239381252,Tony Iommi,composer,writer,drum and bass;dub;dubstep;electronic;jungle;metal;reggae,drum and bass,1970-01-01,1980-01-01,6,2.1413515749236507,6,0.1470817836566133,9.999,0.8867883366079435
6493ed80-8b44-49fa-91de-e7b0a0b57d6d,Noel Gallagher,composer;lyricist,writer,alternative rock;britpop;indie rock;pop;rock,alternative rock,1995-01-01,2002-01-01,2,0.07812468189051006,2,-0.5407706912441482,7.001,0.539506246289338
714b9763-333e-4999-b107-135ba2c6c6c7,Earl Patrick Taylor,writer,writer,,,2017-01-01,2017-01-01,1,-0.4376820413677751,8,0.4910080211069941,0.0,-0.27147504601238254
8837b875-3689-4646-b3fd-d8b53815c7a8,Lil Uzi Vert,composer;lyricist;performer;vocal;writer,writer,electronic;euro house;house;progressive house;tech house,electronic,1989-01-01,2023-01-01,4,1.1097381284070802,12,1.1788604960077556,33.999,3.666898465909657
9f0d5967-5b88-44d6-9fa1-7d4bb8b61ed0,Rob Halford,writer,writer,,,1980-01-01,1980-01-01,1,-0.4376820413677751,3,-0.36880757251895785,0.0,-0.27147504601238254
798aa6c3-ce82-4be6-9c9f-c380a4864eca,미친감성,composer;lyricist,writer,,,2020-09-16,2020-09-16,1,-0.4376820413677751,6,0.1470817836566133,0.0,-0.27147504601238254
9e1ea361-c2cc-45a4-a926-00518453efc0,Bartees Strange,writer,writer,,,2020-09-16,2020-09-16,1,-0.4376820413677751,0,-0.884696928694529,0.0,-0.27147504601238254
b2a972f5-6aba-4209-bcae-acef4cadf245,Simon,lyricist,writer,,,2016-01-25,2016-01-25,1,-0.4376820413677751,2,-0.5407706912441482,0.0,-0.27147504601238254
ada7a83c-e3e1-40f1-93f9-3e73dbc9298a,Arctic Monkeys,composer;lyricist;performer;producer;writer,writer,list song;ripoff;rock;southern rock,list song,1969-01-01,1971-01-01,2,0.07812468189051006,2,-0.5407706912441482,1.999,-0.0399150398259607
328d146c-79f1-4eb6-9e40-8ee5710c14e5,Imogen Heap,arranger;composer;editor;engineer;instrument;instrument arranger;librettist;lyricist;mix;orchestrator;performer;producer;programming;recording;remixer;vocal;vocal arranger;writer,writer,,,1982-01-01,2013-01-11,4,1.1097381284070802,12,1.1788604960077556,31.028,3.322743999486515
f387841c-9bc7-47e9-b78b-6fb7834ac71f,Matthew Koma,writer,writer,,,2012-10-02,2012-10-02,1,-0.4376820413677751,3,-0.36880757251895785,0.0,-0.27147504601238254
609a2ea3-f446-4e31-8eef-9f7591afb55a,Alex Warren,writer,writer,pop,pop,2023-11-10,2024-09-27,5,1.6255448516653654,6,0.1470817836566133,0.882,-0.16930599876054458
56b7ad8e-3c4f-4f14-914d-f2852d147c2e,Alan Jay Lerner,lyricist,writer,bebop;jazz,bebop,1947-01-01,1951-01-01,2,0.07812468189051006,2,-0.5407706912441482,4.0,0.19187664220456957
104c4233-f393-4ce9-a9f4-cd9f84426925,Jonathan Yip,writer,writer,funk;new jack swing;pop;r&b,funk,2016-01-01,2016-01-01,1,-0.4376820413677751,8,0.4910080211069941,0.0,-0.27147504601238254
7147eef1-7c2f-4259-89e5-572c76dc16e5,Jonathan “J.R.” Rotem,writer,writer,,,2007-01-01,2009-01-01,3,0.5939314051487953,10,0.8349342585573748,2.001,-0.03968336398185225
9082aea0-ee30-4175-8795-6540a8fd3605,Bill Ward,composer,writer,drum and bass;dub;dubstep;electronic;jungle;metal;reggae,drum and bass,1970-01-01,1980-01-01,6,2.1413515749236507,6,0.1470817836566133,9.999,0.8867883366079435
ff6e677f-91dd-4986-a174-8db0474b1799,Jack Johnson,composer;instrument;lyricist;mix;performer;phonographic copyright;producer;recording;video director;vocal;writer,writer,,,1968-01-01,1970-01-01,3,0.5939314051487953,4,-0.19684445379376744,2.001,-0.03968336398185225
a648b219-bed3-4a0c-b5e3-98ad365da968,Louiguy,composer,writer,sacem ng,sacem ng,1947-01-01,1947-01-01,1,-0.4376820413677751,2,-0.5407706912441482,0.0,-0.27147504601238254
b2f1149b-171a-4bc5-ac8f-3baf9a566abf,LeToya Luckett,writer,writer,,,1998-01-01,1999-01-01,2,0.07812468189051006,9,0.6629711398321845,0.999,-0.15575296188019871
985f7e6f-0a7e-4de7-b9ec-a5dac63cb2f7,ZAYN,lyricist;writer,writer,,,2016-01-01,2017-01-01,2,0.07812468189051006,10,0.8349342585573748,1.002,-0.15540544811403603
de0748c9-ed32-4a7c-aaaa-cfac23ec5299,PASTEL GHOST,composer;lyricist;phonographic copyright;vocal,writer,acoustic;indie rock;rock,acoustic,1991-01-01,1991-01-01,1,-0.4376820413677751,1,-0.7127338099693385,0.0,-0.27147504601238254
a9d44a1b-d434-4181-af20-6aa8a2401157,Tony Oviedo,lyricist,writer,,,2023-05-26,2023-05-26,1,-0.4376820413677751,2,-0.5407706912441482,0.0,-0.27147504601238254
33ca19f4-18c8-4411-98df-ac23890ce9f5,Ellie Goulding,composer;instrument;lyricist;performer;producer;video appearance;vocal;writer,writer,christmas;folk;language: english;philly soul;pop;r&b;soft rock,christmas,1970-01-01,1971-01-01,2,0.07812468189051006,1,-0.7127338099693385,0.999,-0.15575296188019871
37e892e8-b7df-4a03-af0f-ae61903735fa,Suicideyear,writer,writer,,,2013-07-09,2013-07-09,1,-0.4376820413677751,1,-0.7127338099693385,0.0,-0.27147504601238254
f4415bee-fb5c-4a7e-acaf-09041992aa35,Garry Peterson,writer,writer,,,1965-01-01,1965-01-01,1,-0.4376820413677751,4,-0.19684445379376744,0.0,-0.27147504601238254
02861daf-f923-49fb-90e3-3ec44a600433,Микола Дмитрович Леонтович,composer,writer,christmas,christmas,1955-01-01,1955-01-01,1,-0.4376820413677751,2,-0.5407706912441482,0.0,-0.27147504601238254
d6c37074-0155-46a3-8af2-338a4f625afc,Nick Mason,composer,writer,,,1967-01-01,1973-01-01,2,0.07812468189051006,6,0.1470817836566133,6.001,0.4236683242350999
450901b7-6138-4ca2-83c3-81b7b0e5acd9,Reverend W.A. Donaldson,writer,writer,,,2018-01-01,2018-01-01,1,-0.4376820413677751,4,-0.19684445379376744,0.0,-0.27147504601238254
78d140d8-66f6-483e-9bed-fad417405771,Carlos Dengler,writer,writer,,,2000-12-11,2002-01-01,5,1.6255448516653654,4,-0.19684445379376744,1.057,-0.14903436240105294
593d9667-e32b-41f3-a42f-1d1bf8e4e399,Paul Bäumer,composer;writer,writer,,,2008-01-01,2008-01-01,1,-0.4376820413677751,5,-0.024881335068577065,0.0,-0.27147504601238254
0c41b966-12e8-4c9b-87ea-af47798987b6,Kevin Gates,composer;lyricist;mix;performer;producer;vocal;writer,writer,,,2015-04-14,2016-01-01,3,0.5939314051487953,9,0.6629711398321845,0.717,-0.18841925589949385
3ebf1451-e5db-4cb9-b140-7ba22ba83a8d,Aqeel Qadir Tate,writer,writer,modusamedia,modusamedia,2019-12-06,2019-12-06,1,-0.4376820413677751,3,-0.36880757251895785,0.0,-0.27147504601238254
e68f2984-b0e9-42d7-b132-9570b7c75e29,Shavo Odadjian,composer,writer,,,1996-01-01,1997-01-01,3,0.5939314051487953,3,-0.36880757251895785,1.002,-0.15540544811403603
2d973513-8faa-48c0-b30d-6bd59d6918ca,Guy Lawrence,composer,writer,,,2013-01-01,2013-01-01,1,-0.4376820413677751,2,-0.5407706912441482,0.0,-0.27147504601238254
7c9c8018-bae6-4d06-b201-643f5eb1c39f,Johnny McDaid,writer,writer,,,2021-01-01,2021-01-01,1,-0.4376820413677751,3,-0.36880757251895785,0.0,-0.27147504601238254
0fb41597-d1a0-480c-93f3-9ecd8b2daa0d,Ned Washington,lyricist,writer,disney song;pop;stage and screen,disney song,1940-01-01,1940-01-01,1,-0.4376820413677751,2,-0.5407706912441482,0.0,-0.27147504601238254
76bf7aec-83f0-47a9-8964-eea180b99ac2,Travie McCoy,writer,writer,,,2010-01-01,2010-01-01,1,-0.4376820413677751,3,-0.36880757251895785,0.0,-0.27147504601238254
73287780-d7a2-4e33-a1a4-0db62e9cb050,Freddy Kennett,writer,writer,,,2005-07-22,2005-07-22,1,-0.4376820413677751,5,-0.024881335068577065,0.0,-0.27147504601238254
b6fdd3f0-6a85-4089-a6bf-c34939de0150,Rufus Moore,composer,writer,,,1999-01-01,1999-01-01,1,-0.4376820413677751,3,-0.36880757251895785,0.0,-0.27147504601238254
94dbfe2e-ca48-4e08-a5a8-e1e74136c63d,Method Man,writer,writer,hip hop;trap,hip hop,2018-01-01,2021-04-09,2,0.07812468189051006,22,2.898491683259659,3.269,0.1071991211829216
c5af5794-9050-4449-b47c-dec1cad48a57,Alex Garcia,composer;lyricist;writer,writer,,,2020-06-12,2021-01-08,3,0.5939314051487953,2,-0.5407706912441482,0.575,-0.20486824083119567
9f6c4f5a-278a-4c46-aaed-bf5410f013c5,Gary Langan,writer,writer,,,1995-10-28,1995-10-28,1,-0.4376820413677751,8,0.4910080211069941,0.0,-0.27147504601238254
05f3353e-e2d9-4344-a3c9-8009dd8e0427,Sky Ferreira,composer;lyricist;producer;vocal;writer,writer,,,1977-01-01,1977-01-01,1,-0.4376820413677751,1,-0.7127338099693385,0.0,-0.27147504601238254
d22f7657-5e76-4ea0-a2e9-49bdc56eeb43,Ceresia Blanchard,writer,writer,,,2015-08-08,2015-08-08,1,-0.4376820413677751,9,0.6629711398321845,0.0,-0.27147504601238254
6100fb19-ce8d-4ad4-873a-0d16d7024c66,Madeline Follin,writer,writer,,,2010-02-01,2011-01-01,5,1.6255448516653654,1,-0.7127338099693385,0.914,-0.16559918525480896
4115e0de-8fd0-4416-9b9e-43c61290c8ac,Tyree Pittman,writer,writer,,,2012-01-01,2012-01-01,3,0.5939314051487953,13,1.350823614732946,0.0,-0.27147504601238254
142b343d-bf5a-428c-a64f-6d1a7566bbe9,Stray Kids,performer;vocal,performer,,,2017-11-01,2018-01-01,5,1.6255448516653654,0,-0.884696928694529,0.167,-0.2521301130293248
779f54f8-732b-49b9-8fd8-2e9538a272ea,Enrique Morente,composer,writer,,,1983-01-01,1983-01-01,1,-0.4376820413677751,2,-0.5407706912441482,0.0,-0.27147504601238254
fc017c37-5f0a-4fd9-823e-9cd8f51e8ece,Clay Parton,writer,writer,,,1998-02-24,1998-02-24,1,-0.4376820413677751,1,-0.7127338099693385,0.0,-0.27147504601238254
10587e37-c76a-4530-ac32-86203752cd5e,Rebecca Sugar,composer;lyricist,writer,estelle;steven universe,estelle,2015-01-24,2017-06-02,4,1.1097381284070802,2,-0.5407706912441482,2.355,0.001323260425348023
91faf71d-89f3-4bd6-8a54-3701a0dd753f,Cafuné,composer,writer,,,2023-05-12,2023-05-12,1,-0.4376820413677751,0,-0.884696928694529,0.0,-0.27147504601238254
6e77c1ca-3dbe-42c1-8755-cf77635ff981,Marvin E. Haskins,composer,writer,,,2023-01-01,2023-01-01,1,-0.4376820413677751,0,-0.884696928694529,0.0,-0.27147504601238254
e3492ea0-5997-4241-a7bf-2fd7fb1bfad1,Fetty Wap,composer;lyricist;performer;vocal;writer,writer,,,2014-01-01,2016-01-01,6,2.1413515749236507,29,4.102233514335992,1.999,-0.0399150398259607
7f56e48d-50d8-441d-a346-22ada2e4e284,Robert Sour,composer;lyricist,writer,contemporary jazz;jazz;non-music;poetry;pop;swing;traditional pop,contemporary jazz,1930-01-01,1930-01-01,1,-0.4376820413677751,4,-0.19684445379376744,0.0,-0.27147504601238254
cce12765-786d-410b-8ed0-8cd9f1b2cd6f,김한영,lyricist,writer,,,1984-07-20,1984-07-20,1,-0.4376820413677751,2,-0.5407706912441482,0.0,-0.27147504601238254
b2c2d4fe-8c1e-44ec-8be6-ff500e105a90,Don Henley,composer;lyricist;writer,writer,ripped off;rock,ripped off,1975-01-01,1984-01-01,4,1.1097381284070802,4,-0.19684445379376744,8.999,0.7709504145537055
7d79dff5-0bff-4b29-88d3-9e8ab19b6f2d,Pye Dubois,lyricist,writer,,,1981-01-01,1981-01-01,1,-0.4376820413677751,3,-0.36880757251895785,0.0,-0.27147504601238254
c96af26a-6b62-4190-b707-20c057e31c17,Jeff Hanneman,composer;lyricist,writer,,,1984-01-01,1984-01-01,3,0.5939314051487953,3,-0.36880757251895785,0.0,-0.27147504601238254
0d79fe8e-ba27-4859-bb8c-2f255f346853,BTS,performer;vocal,performer,,,1995-10-05,1995-10-05,1,-0.4376820413677751,0,-0.884696928694529,0.0,-0.27147504601238254
674bf89f-8e70-4472-929d-6b4ed6f98c88,Benny Benassi,writer,writer,,,2011-01-01,2011-01-01,1,-0.4376820413677751,4,-0.19684445379376744,0.0,-0.27147504601238254
d5d97b2b-b83b-4976-814a-056d9076c8c3,The Notorious B.I.G.,composer;lyricist;performer;producer;samples from artist;video appearance;vocal;writer,writer,,,1989-01-01,1989-01-01,1,-0.4376820413677751,6,0.1470817836566133,0.0,-0.27147504601238254
c2e49f7a-cd6f-48ca-8596-b03614ea4fe8,Consequence,composer;lyricist,writer,,,2008-01-01,2008-01-01,2,0.07812468189051006,10,0.8349342585573748,0.0,-0.27147504601238254
dcd95aa4-f3ff-492d-a621-8518ada0f58b,Falco,lyricist,writer,,,1985-01-01,1985-01-01,1,-0.4376820413677751,2,-0.5407706912441482,0.0,-0.27147504601238254
65f227f7-6d11-4eb7-b0ed-ad87599d2b0a,Richard Meltzer,writer,writer,,,1972-01-01,1972-01-01,1,-0.4376820413677751,3,-0.36880757251895785,0.0,-0.27147504601238254
85de81eb-23d1-4536-b757-e0dda9c57129,Este Haim,writer,writer,,,2013-09-27,2013-09-27,1,-0.4376820413677751,4,-0.19684445379376744,0.0,-0.27147504601238254
fb408407-e377-48c7-9df7-81dec8dd9099,SethInTheKitchen,writer,writer,,,2019-03-01,2021-01-01,2,0.07812468189051006,16,1.866712970908517,1.84,-0.05833326943258455
49a0caf5-d4f5-4571-b360-211990f63194,Blake Slatkin,composer;lyricist;writer,writer,dance-pop;pop,dance-pop,2020-11-06,2025-08-22,5,1.6255448516653654,20,2.5545654458092786,4.791,0.2835044385494719
59b5ea0e-a532-4128-9b35-7cc38c58e6e8,Potatoi,composer;lyricist,writer,,,2023-04-20,2023-04-20,1,-0.4376820413677751,2,-0.5407706912441482,0.0,-0.27147504601238254
5851d2ff-a9ce-49bf-bafb-08574cc22d69,Slim Jxmmi,writer,writer,,,2015-01-01,2015-04-07,3,0.5939314051487953,7,0.3190449023818037,0.263,-0.24100967251211794
e16cc224-7803-46cb-8615-ccf9068199a1,Maurice White,writer,writer,funk;pop;soul,funk,1978-01-01,1978-01-01,1,-0.4376820413677751,3,-0.36880757251895785,0.0,-0.27147504601238254
6fca9aa3-8e72-40c0-bac9-7c4b73c9786e,Dave Rowntree,composer;writer,writer,,,1997-01-01,2012-06-25,7,2.657158298181936,9,0.6629711398321845,15.48,1.5216959873872222
d6b93263-0f35-4fa7-a8a3-ab430275749e,Stefan Burnett,writer,writer,,,2011-01-01,2011-01-01,1,-0.4376820413677751,3,-0.36880757251895785,0.0,-0.27147504601238254
79c21416-2c9d-4d91-92c0-94fdf6ee5df9,Tim Farriss,writer,writer,,,1982-01-01,1982-01-01,1,-0.4376820413677751,6,0.1470817836566133,0.0,-0.27147504601238254
f434ae2b-b203-490d-a8ac-aa9cd51c0e73,She Wants Revenge,performer;producer;remixer;vocal,performer,dark wave;electronic;industrial;synth-pop,dark wave,1986-01-01,1986-01-01,1,-0.4376820413677751,0,-0.884696928694529,0.0,-0.27147504601238254
cb525a30-b590-448f-b94d-fab86e0e8756,Loona,performer;vocal,performer,rock,rock,1984-01-01,1984-01-01,1,-0.4376820413677751,0,-0.884696928694529,0.0,-0.27147504601238254
20244d07-534f-4eff-b4d4-930878889970,Taylor Swift,composer;editor;instrument;lyricist;performer;phonographic copyright;producer;video appearance;video director;vocal;writer,writer,funk;pop;soul,funk,1978-01-01,1978-01-01,1,-0.4376820413677751,3,-0.36880757251895785,0.0,-0.27147504601238254
186edc09-db32-4d4f-ba71-eed418630c83,Martin Denny,composer;lyricist,writer,,,2001-01-01,2001-01-01,1,-0.4376820413677751,4,-0.19684445379376744,0.0,-0.27147504601238254
22804f50-38f7-4639-a2a8-a790c4c10108,GRANT KNOCHE,composer;lyricist,writer,dance-pop;pop,dance-pop,2024-10-25,2024-10-25,1,-0.4376820413677751,3,-0.36880757251895785,0.0,-0.27147504601238254
8456e9f7-debf-4579-a86c-33a325a35d2d,Chevelle,composer;lyricist;performer;phonographic copyright;producer,writer,,,1990-01-01,1990-01-01,1,-0.4376820413677751,1,-0.7127338099693385,0.0,-0.27147504601238254
2e89c3b1-dc28-4eca-945c-50cdb041e494,Dot da Genius,composer;writer,writer,alternative hip hop;hip hop,alternative hip hop,2008-01-01,2019-06-21,2,0.07812468189051006,6,0.1470817836566133,11.469,1.0570700820276733
10adbe5e-a2c0-4bf3-8249-2b4cbf6e6ca8,Massive Attack,arranger;composer;mix;performer;producer;remixer;samples from artist;vocal,writer,oldest work #10,oldest work #10,1990-01-01,1991-01-01,5,1.6255448516653654,18,2.2106392083588977,0.999,-0.15575296188019871
0f550ce5-470b-46e4-a199-0a7e7ab553dd,Felix Campo III,writer,writer,,,2003-12-01,2003-12-01,1,-0.4376820413677751,2,-0.5407706912441482,0.0,-0.27147504601238254
e9ac8a5f-da51-496d-b2f0-9b42090232dc,Elof Loelv,writer,writer,,,2012-01-01,2013-01-01,3,0.5939314051487953,9,0.6629711398321845,1.002,-0.15540544811403603
ffb77292-9712-4d03-94aa-bdb1d4771d38,Björn Ulvaeus,writer,writer,ballad;disco;downtempo;electronic;europop;pop,ballad,1975-01-01,1979-01-01,8,3.172965021440221,5,-0.024881335068577065,4.0,0.19187664220456957
19ffc3c3-9d92-46ad-b8e1-52c7212fe010,TheLabCook,writer,writer,,,2023-12-15,2023-12-15,1,-0.4376820413677751,7,0.3190449023818037,0.0,-0.27147504601238254
415e30a0-116b-4a4f-8cbf-8d0f6406bbab,Chester Bennington,writer,writer,,,2000-01-01,2000-01-01,1,-0.4376820413677751,7,0.3190449023818037,0.0,-0.27147504601238254
46f70f03-d259-4314-b926-2db36c28d86f,Leon Thomas,composer;instrument;lyricist;producer;vocal;writer,writer,hard bop;instrumental;jazz;jazz-funk;pop;soul jazz,hard bop,1932-01-01,1932-01-01,1,-0.4376820413677751,1,-0.7127338099693385,0.0,-0.27147504601238254
f93bac9e-b20a-403e-abc9-06a2fc151df1,Dave,writer,writer,,,2023-01-01,2023-01-01,1,-0.4376820413677751,5,-0.024881335068577065,0.0,-0.27147504601238254
ae002c5d-aac6-490b-a39a-30aa9e2edf2b,Skrillex,arranger;composer;engineer;instrument;lyricist;mix;performer;producer;programming;recording;remixer;samples from artist;vocal;writer,writer,,,2003-01-01,2018-10-25,2,0.07812468189051006,10,0.8349342585573748,15.814,1.5603858533533377
9ed34f6b-8429-4e14-913c-bdf3c932fe87,Joseph Bertolino,writer,writer,breakbeat;drum and bass;dubstep;electronic;hardcore;hip hop;industrial;rock;trap,breakbeat,2024-08-21,2024-08-21,1,-0.4376820413677751,4,-0.19684445379376744,0.0,-0.27147504601238254
081a2d60-9791-4e05-a075-f1890355eeee,DJ Khaled,creative direction;mix-dj;performer;producer;remixer;video appearance;vocal;writer,writer,,,1995-01-01,1995-01-01,1,-0.4376820413677751,6,0.1470817836566133,0.0,-0.27147504601238254
fce14ef9-e1df-4821-a4cd-e2ef9045460e,Sean Cook,writer,writer,,,2024-05-31,2024-05-31,1,-0.4376820413677751,4,-0.19684445379376744,0.0,-0.27147504601238254
3f611c40-fa51-426f-9c4a-d71950de7622,Damon Krukowski,writer,writer,,,1989-01-01,1989-01-01,1,-0.4376820413677751,2,-0.5407706912441482,0.0,-0.27147504601238254
2d92239c-44c5-47c5-afe0-44baf9b64629,Blair,composer;lyricist;writer,writer,alternative pop;electronic;pop;pop rock;rock,alternative pop,2022-10-01,2024-01-01,6,2.1413515749236507,9,0.6629711398321845,1.251,-0.12656180552253077
183da50a-b033-408e-862b-cab1c2425cff,Dave Stewart,composer;lyricist,writer,electronica;synth-pop,electronica,1982-01-01,1982-01-01,1,-0.4376820413677751,3,-0.36880757251895785,0.0,-0.27147504601238254
3f12a151-46d1-4814-bb14-4d1b05e6a30c,Marcus Hummon,writer,writer,,,1999-01-01,1999-01-01,1,-0.4376820413677751,1,-0.7127338099693385,0.0,-0.27147504601238254
c24d48ad-6cf5-4391-aad4-5ed02ba1580e,Ylva Dimberg,composer,writer,,,2016-05-10,2016-05-10,1,-0.4376820413677751,6,0.1470817836566133,0.0,-0.27147504601238254
db4713f0-54ed-4da6-9932-ef70d065402f,G‐high,composer;lyricist,writer,monotree,monotree,2017-12-28,2017-12-28,1,-0.4376820413677751,2,-0.5407706912441482,0.0,-0.27147504601238254
ab966c0f-e526-46ae-b492-82c27b87f81f,Mon Laferte,composer;lyricist;writer,writer,sacem ng,sacem ng,1947-01-01,1947-01-01,1,-0.4376820413677751,2,-0.5407706912441482,0.0,-0.27147504601238254
233fc3f3-6de2-465c-985e-e721dbabbace,Fugazi,engineer;mix;performer;producer;recording;writer,writer,,,1987-09-03,1989-12-01,4,1.1097381284070802,4,-0.19684445379376744,2.245,-0.011418911000618145
d74e306c-14fe-4816-a821-b2ec554f9edb,Charles Fox,composer,writer,country;dancehall;pop;r&b;reggae;soul,country,1972-01-01,1972-01-01,1,-0.4376820413677751,2,-0.5407706912441482,0.0,-0.27147504601238254
539b1c6c-4414-4b6a-8b3e-1e114fc00b30,Jim‐E Stack,writer,writer,,,2020-07-14,2020-07-14,1,-0.4376820413677751,2,-0.5407706912441482,0.0,-0.27147504601238254
ba0e7638-0cd6-4ff4-8987-c3e224d22c23,Kygo,phonographic copyright;producer;programming;remixer;writer,writer,,,1979-01-01,1979-01-01,1,-0.4376820413677751,3,-0.36880757251895785,0.0,-0.27147504601238254
9f75277c-b283-4846-ac8c-f932255cd0ac,Doechii,performer;producer;recording;vocal;writer,writer,contemporary r&b;electronic;funk;hip hop;pop;soul;synth-pop;synthwave,contemporary r&b,2023-03-17,2024-01-01,5,1.6255448516653654,18,2.2106392083588977,0.794,-0.17949973590131754
de5d7601-f6fa-4efa-ae3f-7005a2b89a1b,Ayesha Erotica,lyricist;mix;performer;phonographic copyright;producer;vocal;vocal arranger;writer,writer,,,1983-01-01,1983-01-01,1,-0.4376820413677751,4,-0.19684445379376744,0.0,-0.27147504601238254
e30acb2c-cb87-4fdb-aa77-bcc658b79e6e,Josh Gudwin,writer,writer,,,2021-01-01,2021-01-01,1,-0.4376820413677751,7,0.3190449023818037,0.0,-0.27147504601238254
51eaa05a-762b-4b7d-a6ca-91b4391677d8,Damarcuz Henderson,writer,writer,,,2020-08-27,2020-08-27,1,-0.4376820413677751,4,-0.19684445379376744,0.0,-0.27147504601238254
f6503f59-ac71-44b9-a376-1bbc43f74d94,Stanley Robinson,lyricist,writer,,,2003-08-21,2003-08-21,2,0.07812468189051006,2,-0.5407706912441482,0.0,-0.27147504601238254
e1657344-3f5c-46c5-ae1f-4be0086616e2,Herbie Harris,writer,writer,,,2016-01-01,2016-01-01,1,-0.4376820413677751,15,1.6947498521833269,0.0,-0.27147504601238254
d45e5fba-2475-4c2a-ad8a-085a53b83f87,Jo Callis,composer,writer,electronic;house;pop;synth-pop;trance,electronic,1981-01-01,1981-01-01,1,-0.4376820413677751,3,-0.36880757251895785,0.0,-0.27147504601238254
751211d7-1ddb-41d7-bb2e-06af49c08fac,Prohgress,writer,writer,,,2008-01-01,2010-01-01,2,0.07812468189051006,8,0.4910080211069941,2.001,-0.03968336398185225
3de93aad-ff09-42a8-bb3e-c724f9ff4061,MIXX,writer,writer,,,2019-04-18,2019-04-18,1,-0.4376820413677751,20,2.5545654458092786,0.0,-0.27147504601238254
c8b868fe-6217-4908-b73a-fc7ecf605b8a,인탁,writer,writer,,,2025-09-26,2025-09-26,4,1.1097381284070802,15,1.6947498521833269,0.0,-0.27147504601238254
87c5dedd-371d-4a53-9f7f-80522fb7f3cb,Björk,arranger;composer;editor;instrument;instrument arranger;lyricist;mix;performer;producer;programming;remixer;samples from artist;video appearance;vocal;vocal arranger;writer,writer,,,1994-01-01,1995-01-01,3,0.5939314051487953,1,-0.7127338099693385,0.999,-0.15575296188019871
c20ee61f-071f-4e65-9c81-45ee931a54ce,Luke Combs,composer;lyricist;producer;vocal;writer,writer,dancehall;reggae,dancehall,1988-01-01,1989-01-01,2,0.07812468189051006,4,-0.19684445379376744,1.002,-0.15540544811403603
bf24ca37-25f4-4e34-9aec-460b94364cfc,Shakira,arranger;choreographer;composer;instrument;instrument arranger;lyricist;performer;producer;remixer;vocal;vocal arranger;writer,writer,list song;ripoff;rock;southern rock,list song,1966-11-01,2017-05-26,5,1.6255448516653654,8,0.4910080211069941,50.565,5.585869482660163
29b550f2-04a3-4733-b6f5-4e347fac7e11,Charlie Brown Jr.,writer,writer,,,1968-01-01,1968-01-01,1,-0.4376820413677751,1,-0.7127338099693385,0.0,-0.27147504601238254
ca8f5844-3ab9-4071-bdc3-376ca2f44a65,Rob Swire,writer,writer,breakbeat;drum and bass;dubstep;electronic;hardcore;hip hop;industrial;rock;trap,breakbeat,2024-08-21,2024-08-21,1,-0.4376820413677751,4,-0.19684445379376744,0.0,-0.27147504601238254
dab79852-9a79-4d03-8d32-80de3cedadba,Tim Foreman,writer,writer,,,2003-01-01,2003-01-01,1,-0.4376820413677751,2,-0.5407706912441482,0.0,-0.27147504601238254
a42fdc0b-09bc-4a6d-8ae6-db454bf0803a,Tony Williams,composer,writer,,,2008-01-01,2008-01-01,1,-0.4376820413677751,9,0.6629711398321845,0.0,-0.27147504601238254
2944824d-4c26-476f-a981-be849081942f,Nina Simone,arranger;composer;conductor;instrument;lyricist;performer;producer;samples from artist;video appearance;vocal;writer,writer,,,1930-01-01,1930-01-01,1,-0.4376820413677751,2,-0.5407706912441482,0.0,-0.27147504601238254
34557d8f-ee4a-44ab-ae6e-49bb8ac604d0,,performer,performer,rock;soft rock,rock,1980-01-01,1980-01-01,0,-0.9534887646260604,0,-0.884696928694529,0.0,-0.27147504601238254
51e90731-08c0-4f60-89b6-5b78e5844de8,Zach Bryan,composer;instrument;lyricist;producer;vocal;writer,writer,appears in star trek,appears in star trek,1940-03-25,1940-03-25,1,-0.4376820413677751,2,-0.5407706912441482,0.0,-0.27147504601238254
29a63713-6785-479d-aa0c-88c0cb8f9ea0,Isom Brandon Stewart,writer,writer,contemporary r&b;trap,contemporary r&b,2015-01-01,2015-01-01,1,-0.4376820413677751,6,0.1470817836566133,0.0,-0.27147504601238254
ff9542ca-7859-4db2-8796-c1e3c39b9c0a,Shuggie Otis,composer;lyricist;writer,writer,,,1971-09-01,1971-09-01,1,-0.4376820413677751,1,-0.7127338099693385,0.0,-0.27147504601238254
cfbbf769-1a07-4a23-a23a-a87b5d6c1d19,Manny Rodríguez,writer,writer,hip hop;trap,hip hop,2018-01-01,2018-01-01,1,-0.4376820413677751,4,-0.19684445379376744,0.0,-0.27147504601238254
b0740928-e5bb-42d8-9c0d-0f0ed32867bf,Tay Jasper,composer,writer,,,2016-05-10,2016-05-10,3,0.5939314051487953,16,1.866712970908517,0.0,-0.27147504601238254
fcb6d9df-6cef-4f33-8850-7570bcc99718,Hi‐Tek,composer,writer,,,2010-01-09,2010-01-09,1,-0.4376820413677751,6,0.1470817836566133,0.0,-0.27147504601238254
611700cf-27f0-4dc9-ae80-c513a767853e,Michael Bublé,arranger;instrument arranger;performer;producer;vocal;writer,writer,acoustic;bossa nova;latin;mpb;pop rock;rock,acoustic,1955-01-01,1955-01-01,1,-0.4376820413677751,0,-0.884696928694529,0.0,-0.27147504601238254
6f7f9c36-a848-46b8-b671-288ab1fa918c,Oliver Peterhof,writer,writer,,,2022-07-22,2022-07-22,1,-0.4376820413677751,9,0.6629711398321845,0.0,-0.27147504601238254
9a775c6e-9346-4b16-a611-cae1b1c6362f,Dorothy Fields,lyricist,writer,classical;instrumental;jazz;pop,classical,1935-10-01,1935-10-01,1,-0.4376820413677751,1,-0.7127338099693385,0.0,-0.27147504601238254
40109988-31da-4449-af1e-68654747dc3e,Mark Holmes,writer,writer,,,1983-01-01,1983-01-01,1,-0.4376820413677751,2,-0.5407706912441482,0.0,-0.27147504601238254
a8c7ff7a-ebc0-42c7-8828-475decf0ccdd,Basement,producer,production,,,1989-01-01,1989-01-01,1,-0.4376820413677751,0,-0.884696928694529,0.0,-0.27147504601238254
dc443ccc-65ec-4d4e-92eb-e6f951267fb6,Craig Kallman,writer,writer,,,2006-01-01,2006-01-01,1,-0.4376820413677751,4,-0.19684445379376744,0.0,-0.27147504601238254
aabb1d9f-be12-45b3-a84d-a1fc3e8181fd,Tiësto,arranger;composer;editor;mix;mix-dj;performer;producer;programming;remixer;samples from artist;video appearance;vocal;writer,writer,classical;orchestral,classical,1966-01-01,1966-01-01,2,0.07812468189051006,1,-0.7127338099693385,0.0,-0.27147504601238254
970eed52-c6a3-4616-9f07-e712772ab2f3,Mike Free,writer,writer,,,2015-08-08,2015-08-08,1,-0.4376820413677751,9,0.6629711398321845,0.0,-0.27147504601238254
de250d68-9b30-4cfd-8c48-5cf288733bee,Danielle Haim,writer,writer,,,2013-09-27,2013-09-27,1,-0.4376820413677751,4,-0.19684445379376744,0.0,-0.27147504601238254
15ee9456-7699-45f0-a83f-e08988ad9621,Larry Shay,composer,writer,,,1933-01-01,1933-01-01,1,-0.4376820413677751,3,-0.36880757251895785,0.0,-0.27147504601238254
dac606a0-a7ee-4ae0-9cba-91e8030e21fd,ESKA,writer,writer,,,2009-01-01,2009-01-01,1,-0.4376820413677751,1,-0.7127338099693385,0.0,-0.27147504601238254
52494f9b-789d-4467-bcaf-9915e70cc8f6,Rina Sawayama,phonographic copyright;producer;vocal;writer,writer,,,1990-01-01,1990-01-01,1,-0.4376820413677751,3,-0.36880757251895785,0.0,-0.27147504601238254
66fc5bf8-daa4-4241-b378-9bc9077939d2,Tool,composer;lyricist;performer;producer;samples from artist;writer,writer,,,1991-01-01,1993-01-01,5,1.6255448516653654,5,-0.024881335068577065,2.001,-0.03968336398185225
1b6f1ae8-5101-453c-90e5-6dce9cc0d88e,Luke Fitton,writer,writer,,,2012-01-01,2012-01-01,1,-0.4376820413677751,12,1.1788604960077556,0.0,-0.27147504601238254
80c69d16-ccfe-4ee9-b02a-1aaba5db26d1,Chip tha Ripper,writer,writer,,,2012-10-16,2012-10-16,1,-0.4376820413677751,8,0.4910080211069941,0.0,-0.27147504601238254
608be6ef-0690-4b93-ab63-55028bb879d7,Mario Mims,writer,writer,,,2019-12-06,2019-12-06,1,-0.4376820413677751,4,-0.19684445379376744,0.0,-0.27147504601238254
ed536e4c-5039-4751-8f1d-ec496bde8788,Melvin Hough II,writer,writer,,,2016-09-02,2016-09-02,1,-0.4376820413677751,7,0.3190449023818037,0.0,-0.27147504601238254
cc7d4686-ea02-45fd-956e-94c1a322558c,Lykke Li,composer;instrument;lyricist;producer;remixer;vocal;writer,writer,avant-garde;avant-garde jazz;free improvisation;free jazz;fusion;jazz;pop;rock,avant-garde,1955-01-01,2008-01-01,2,0.07812468189051006,7,0.3190449023818037,52.999,5.867818984940179
702d6512-6c3d-4820-9d17-25462ad1a1dd,Ben Krass,composer,writer,,,2006-01-01,2006-01-01,1,-0.4376820413677751,6,0.1470817836566133,0.0,-0.27147504601238254
8032cf05-d916-4b2a-9c53-6e75d4a24bd8,Trippie Redd,composer;lyricist;performer;producer;vocal;writer,writer,,,2017-01-01,2020-02-21,7,2.657158298181936,14,1.5227867334581364,3.138,0.09202435339381639
e0f608de-b289-46eb-aba6-bcce89fd9d2d,"Ralph ""Pee Wee"" Middlebrooks",writer,writer,,,2019-04-18,2019-04-18,1,-0.4376820413677751,20,2.5545654458092786,0.0,-0.27147504601238254
860d7dc2-618d-437e-a3bb-7b91c2d40095,Ken Carson,writer,writer,,,2023-05-23,2023-10-13,3,0.5939314051487953,0,-0.884696928694529,0.392,-0.22606658056712123
31ee774b-6248-48d5-a8b5-0d9bebeaba9d,Barrett Strong,writer,writer,,,1967-09-01,1967-09-01,1,-0.4376820413677751,2,-0.5407706912441482,0.0,-0.27147504601238254
529a7b1b-f7bd-4c09-9f03-2227ab779a61,Earl Hudson,writer,writer,alternative metal;alternative rock;hard rock;hardcore;punk;rock,alternative metal,1986-01-01,1986-01-01,1,-0.4376820413677751,4,-0.19684445379376744,0.0,-0.27147504601238254
f24331eb-da48-430b-ad7d-48796a5b6255,Ahmet Ertegun,writer,writer,,,1973-01-01,1973-01-01,1,-0.4376820413677751,3,-0.36880757251895785,0.0,-0.27147504601238254
2a2b4909-4b47-49ae-b8c8-35ffb6d47ece,Oscar Santander,writer,writer,,,2022-04-08,2022-04-08,2,0.07812468189051006,3,-0.36880757251895785,0.0,-0.27147504601238254
3260ce89-5eb0-4c6a-89c7-379c0dfc2ab9,Kehlani,vocal;writer,writer,boogie;dance-pop;disco;electro;funk;meme;nu disco,boogie,2015-01-12,2017-01-01,3,0.5939314051487953,12,1.1788604960077556,1.971,-0.04315850164347937
9f6a8346-15f3-4ec4-a632-f5270b0945a3,,performer,performer,,,2015-09-14,2016-02-03,0,-0.9534887646260604,0,-0.884696928694529,0.389,-0.22641409433328394
5721c227-4caf-48b1-bbfc-1a4ed3276963,Roddy Ricch,composer;performer;video appearance;vocal;writer,writer,modusamedia,modusamedia,2018-11-30,2019-12-06,6,2.1413515749236507,18,2.2106392083588977,1.016,-0.1537837172052767
6bd5655c-b7fe-48ee-8925-c2d2d8798618,Far East Movement,performer;producer;programming;vocal,performer,,,2008-01-01,2010-01-01,2,0.07812468189051006,0,-0.884696928694529,2.001,-0.03968336398185225
3fb75d97-5dfd-4e72-9aee-1904aa4268f4,Lorenz Hart,lyricist,writer,jazz;swing,jazz,1933-01-01,1953-01-01,3,0.5939314051487953,4,-0.19684445379376744,20.0,2.0452833950723783
870df552-bcb0-46a6-b17b-f5f04ff04936,Zacari,writer,writer,,,2018-02-09,2018-02-09,1,-0.4376820413677751,2,-0.5407706912441482,0.0,-0.27147504601238254
f84eb94a-1953-4955-94bc-e9385c4e43f8,Johnny Green,composer,writer,contemporary jazz;jazz;non-music;poetry;pop;swing;traditional pop,contemporary jazz,1930-01-01,1930-01-01,1,-0.4376820413677751,4,-0.19684445379376744,0.0,-0.27147504601238254
2a7ef045-ca10-4cb5-8fe9-1f5d38e84bc2,GloRilla,vocal,performer,crunk;hip hop,crunk,2024-01-01,2025-03-21,4,1.1097381284070802,0,-0.884696928694529,1.218,-0.1303844569503206
e13a9aa0-c60c-45e8-9009-010a2752ea8e,David Ritz,writer,writer,,,2015-08-08,2015-08-08,1,-0.4376820413677751,9,0.6629711398321845,0.0,-0.27147504601238254
58a5d932-03bd-422a-8456-376fb7e5fba4,Rodney Terry,writer,writer,meme,meme,1995-01-01,1995-01-01,1,-0.4376820413677751,3,-0.36880757251895785,0.0,-0.27147504601238254
7c61a5bc-3d87-46bc-9734-ae86645b36af,Arnthor Birgisson,composer;lyricist,writer,,,2001-01-01,2001-01-01,1,-0.4376820413677751,4,-0.19684445379376744,0.0,-0.27147504601238254
a0a54c69-b0d2-4d2a-bcf8-994b8846b0d8,Angus Young,composer;lyricist;writer,writer,hard rock,hard rock,1979-01-01,1979-01-01,3,0.5939314051487953,3,-0.36880757251895785,0.0,-0.27147504601238254
4060586a-8e79-43a1-8397-94458f5b9146,Lucas Sim,writer,writer,,,2023-06-30,2023-06-30,1,-0.4376820413677751,4,-0.19684445379376744,0.0,-0.27147504601238254
4c501a41-5f23-41c9-a36a-5b86e894e08d,Jason Isbell,composer;lyricist,writer,,,2013-06-11,2013-06-11,1,-0.4376820413677751,1,-0.7127338099693385,0.0,-0.27147504601238254
9d027d72-790e-40ec-bbb7-61aa613457de,,performer,performer,,,2021-01-19,2023-07-07,0,-0.9534887646260604,0,-0.884696928694529,2.461,0.01360208016309724
38fbbbdf-90be-4fd3-a2d2-9ae29a9a81b3,Justin Tranter,composer;lyricist,writer,,,2025-03-21,2025-03-21,1,-0.4376820413677751,4,-0.19684445379376744,0.0,-0.27147504601238254
f2651b63-a44d-4d1d-ba64-d981d971ecd1,Ozuna,lyricist;performer;writer,writer,meme,meme,2016-04-05,2018-04-13,4,1.1097381284070802,24,3.24241792071004,2.021,-0.037366605540767484
a05b6bdb-d500-4ca8-93de-79aecb4a1ee7,Osvaldo Géldres,writer,writer,,,1998-01-01,1998-01-01,1,-0.4376820413677751,4,-0.19684445379376744,0.0,-0.27147504601238254
362105d1-8f4f-4ba1-949f-3e70183880b5,Tom Araya,lyricist,writer,,,1984-01-01,1984-01-01,1,-0.4376820413677751,3,-0.36880757251895785,0.0,-0.27147504601238254
634fe78e-fc6b-4b2a-ba83-c8c66e13a8aa,Brian Wilson,composer;lyricist;writer,writer,,,1964-01-01,1972-01-01,6,2.1413515749236507,8,0.4910080211069941,8.0,0.6552283304215217
420c6768-0885-415a-bb59-d6a275121125,Paul Anka,lyricist,writer,easy listening;jazz;pop;soft rock;stage & screen,easy listening,1969-01-01,1969-01-01,1,-0.4376820413677751,3,-0.36880757251895785,0.0,-0.27147504601238254
a0327dc2-dc76-44d5-aec6-47cd2dff1469,Counting Crows,composer;performer;phonographic copyright;producer,writer,blues rock;classic rock;hard rock;rock,blues rock,1973-01-01,1973-01-01,1,-0.4376820413677751,2,-0.5407706912441482,0.0,-0.27147504601238254
294ae9b7-1ea7-431a-997f-8f28690f3c08,Mick Thomson,writer,writer,,,1997-10-31,1999-01-01,2,0.07812468189051006,9,0.6629711398321845,1.169,-0.13606051513097828
f6af669a-56ea-448a-a044-de76181ada33,mgk,composer;instrument;lyricist;performer;producer;recording;vocal;writer,writer,,,1973-01-01,1973-01-01,1,-0.4376820413677751,0,-0.884696928694529,0.0,-0.27147504601238254
aa6c3b53-4091-495a-8399-4d3e5e5a404a,Magnus Lidehäll,writer,writer,,,2014-01-01,2014-01-01,1,-0.4376820413677751,8,0.4910080211069941,0.0,-0.27147504601238254
36d1c657-7b0e-4578-a4ce-916ec61307ba,Jim Lea,composer;lyricist,writer,christmas;christmas music,christmas,1973-01-01,1973-01-01,1,-0.4376820413677751,1,-0.7127338099693385,0.0,-0.27147504601238254
c1d4f2ba-cf39-460c-9528-6b827d3417a1,Yes,arranger;mix;producer,production,,,1969-07-01,1971-11-12,3,0.5939314051487953,3,-0.36880757251895785,2.366,0.0025974775679446552
8ab64ebd-200e-47af-a3fc-92540e186214,Gigi Perez,composer;lyricist;phonographic copyright;writer,writer,indie folk,indie folk,2024-07-26,2024-07-26,1,-0.4376820413677751,0,-0.884696928694529,0.0,-0.27147504601238254
405528df-2632-4730-80fc-83e775a97651,Nate Dogg,writer,writer,g-funk;hip hop,g-funk,2000-01-01,2000-01-01,1,-0.4376820413677751,8,0.4910080211069941,0.0,-0.27147504601238254
7cbc26a8-06f5-4064-b7db-cb9c6a81aaf2,Chuck Inglish,writer,writer,,,2012-10-16,2012-10-16,1,-0.4376820413677751,8,0.4910080211069941,0.0,-0.27147504601238254
52a6be71-904a-42d4-a81b-ff62f8fe8da8,Andrew Taggart,writer,writer,,,2005-07-22,2005-07-22,1,-0.4376820413677751,5,-0.024881335068577065,0.0,-0.27147504601238254
2c539200-2ad9-40c8-925a-118ed8c7b225,OliGee,writer,writer,,,2017-04-30,2017-04-30,1,-0.4376820413677751,7,0.3190449023818037,0.0,-0.27147504601238254
adab38f4-297d-4af8-9450-4e84697240e7,Good Kid,performer;writer,writer,,,2018-06-04,2019-02-27,2,0.07812468189051006,4,-0.19684445379376744,0.734,-0.18645001122457183
9e885dfe-5cd3-454f-99fc-d28847de6ce2,Nevin Sastry,writer,writer,,,2024-05-31,2024-05-31,1,-0.4376820413677751,4,-0.19684445379376744,0.0,-0.27147504601238254
407f2ad5-7f2a-4a03-9be1-199ebb754f0d,김인형,lyricist,writer,,,2016-05-10,2020-09-16,2,0.07812468189051006,8,0.4910080211069941,4.353,0.2327674286897156
be540c02-7898-4b79-9acc-c8122c7d9e83,Pet Shop Boys,arranger;editor;instrument;mix;performer;producer;programming;recording;remixer;vocal,performer,,,1979-10-19,1979-10-19,1,-0.4376820413677751,1,-0.7127338099693385,0.0,-0.27147504601238254
5b64e344-b2fb-47bd-bd7b-4c793b17d472,Mike Posner,composer;instrument;lyricist;performer;producer;recording;vocal;writer,writer,,,2008-01-01,2012-06-25,6,2.1413515749236507,18,2.2106392083588977,4.482,0.24771052063471233
c10b2fc6-8eb1-41e8-89fc-5ad4ced0e01a,Michael “Lo” Jones,composer;lyricist,writer,,,2001-01-01,2001-01-01,1,-0.4376820413677751,7,0.3190449023818037,0.0,-0.27147504601238254
fa4957d7-0de1-4ffa-bf9f-840a622683e8,うらん,lyricist,writer,,,2005-02-16,2005-02-16,1,-0.4376820413677751,2,-0.5407706912441482,0.0,-0.27147504601238254
b51c672b-85e0-48fe-8648-470a2422229f,aespa,performer;vocal;writer,writer,christmas;christmas music;holiday music;language: english;pop,christmas,1957-11-01,1957-11-01,1,-0.4376820413677751,0,-0.884696928694529,0.0,-0.27147504601238254
70047e57-0153-4117-b0fc-a1d2e322e5ef,Donald Fagen,writer,writer,classic rock;jazz;jazz rock;rock,classic rock,1975-01-01,1977-01-01,2,0.07812468189051006,2,-0.5407706912441482,2.001,-0.03968336398185225
325ff0e9-6531-48d7-b454-0ea9ab5cd7dc,Xavier Alexis Semper-Vargas,writer,writer,,,2018-10-11,2018-10-11,1,-0.4376820413677751,9,0.6629711398321845,0.0,-0.27147504601238254
3a253016-1d62-487a-9dd6-23c7e9a2b7ff,Anthony Khan,writer,writer,,,2012-01-01,2012-01-01,1,-0.4376820413677751,12,1.1788604960077556,0.0,-0.27147504601238254
6d24f102-5c43-453a-8664-4ee092f441cf,Brian May,composer;lyricist;writer,writer,classical;pop;stage & screen;vocal,classical,1981-01-01,1986-01-01,2,0.07812468189051006,5,-0.024881335068577065,4.999,0.30759872633675334
bbbe3da3-0563-429f-8394-5c546cc8b9bc,Homer Banks,writer,writer,,,2023-10-27,2023-10-27,1,-0.4376820413677751,7,0.3190449023818037,0.0,-0.27147504601238254
9ef62999-43b9-408f-9bc8-434b005c388c,Florrie,writer,writer,,,2012-01-01,2012-01-01,1,-0.4376820413677751,12,1.1788604960077556,0.0,-0.27147504601238254
ceb3f5b7-9f1a-430f-afbe-976fdcf30482,Jhené Aiko,performer;vocal;writer,writer,hip hop,hip hop,1992-01-01,1992-01-01,1,-0.4376820413677751,4,-0.19684445379376744,0.0,-0.27147504601238254
99075985-0d80-4692-a15e-b16f78831792,Swedish House Mafia,instrument;producer;programming;remixer;samples from artist,performer,,,2001-01-01,2001-01-01,1,-0.4376820413677751,0,-0.884696928694529,0.0,-0.27147504601238254
08415f3b-6402-4800-8d62-4d6d1557b85b,Ayushy,writer,writer,,,2025-09-26,2025-09-26,2,0.07812468189051006,7,0.3190449023818037,0.0,-0.27147504601238254
3bd2a147-7d1d-4cf6-b13b-1f3ae1246c58,Quentin Miller,writer,writer,,,2024-02-01,2024-02-01,1,-0.4376820413677751,9,0.6629711398321845,0.0,-0.27147504601238254
03f3deb7-0419-4bf9-a1e7-511946385717,The Alchemist,composer;engineer;instrument;lyricist;mix;performer;producer;programming;recording;remixer;video appearance;vocal;writer,writer,,,2000-01-01,2000-01-01,1,-0.4376820413677751,7,0.3190449023818037,0.0,-0.27147504601238254
44f42386-a733-4b51-8298-fe5c807d03aa,,remixer,other,,,1979-01-01,1981-01-01,0,-0.9534887646260604,0,-0.884696928694529,2.001,-0.03968336398185225
ee88db2a-042d-4f39-9a97-d3482dee7dba,Nathan Fertig,writer,writer,,,2025-09-26,2025-09-26,1,-0.4376820413677751,7,0.3190449023818037,0.0,-0.27147504601238254
a66999a7-ae5c-460e-ba94-1a01143ae847,Snow Patrol,mix;performer;producer,performer,,,1970-12-11,1973-01-01,2,0.07812468189051006,0,-0.884696928694529,2.059,-0.03296476450270641
4593d49a-7f67-46ba-9ec0-126bd676286f,Flo Rida,lyricist;performer;remixer;vocal;writer,writer,ripoff,ripoff,1967-01-01,1967-01-01,1,-0.4376820413677751,0,-0.884696928694529,0.0,-0.27147504601238254
e16bd03f-a317-4e84-923c-086f51ee8b4b,Ross MacDonald,writer,writer,,,2016-02-16,2016-02-16,1,-0.4376820413677751,4,-0.19684445379376744,0.0,-0.27147504601238254
c7423e0c-ab3e-4ab4-be10-cdff5a9d3062,Blue Öyster Cult,arranger;performer;producer;writer,writer,,,1972-01-01,1972-01-01,5,1.6255448516653654,6,0.1470817836566133,0.0,-0.27147504601238254
502cf908-9921-48bc-bf0e-265c881c0156,sombr,instrument;mix;producer;programming;recording;vocal;writer,writer,,,2022-03-08,2024-08-30,2,0.07812468189051006,4,-0.19684445379376744,2.48,0.015803000682127775
348d9656-7db6-4efc-92c9-69615bd580d8,Jr Blender,lyricist;writer,writer,,,2015-01-01,2017-01-01,3,0.5939314051487953,13,1.350823614732946,2.001,-0.03968336398185225
36bfa85f-737b-41db-a8fc-b8825850ffc3,Pavement,producer;recording;writer,writer,,,1983-01-01,1984-01-01,2,0.07812468189051006,8,0.4910080211069941,0.999,-0.15575296188019871
88b0ef74-9da8-4998-8e3b-70687575588c,Steve Perry,writer,writer,covered by glee,covered by glee,1980-01-01,1980-01-01,1,-0.4376820413677751,2,-0.5407706912441482,0.0,-0.27147504601238254
12eab90b-6b40-40ed-9ab0-b43c5ba09beb,Nick Santino,writer,writer,,,2023-09-15,2025-03-28,2,0.07812468189051006,9,0.6629711398321845,1.533,-0.09389551150323565
9759df23-f2a5-4887-8926-e62ef15d7e6c,40,writer,writer,meme,meme,2009-01-01,2016-04-05,2,0.07812468189051006,9,0.6629711398321845,7.258,0.5692765922572771
bf992f64-5c05-46c5-af86-2267727246b9,Stephen C. Washington,writer,writer,hip hop,hip hop,2004-01-01,2004-01-01,1,-0.4376820413677751,8,0.4910080211069941,0.0,-0.27147504601238254
49ee6f7f-2c69-42d8-9c06-253c408f72a8,Don Felder,writer,writer,ripped off,ripped off,1976-01-01,1976-01-01,1,-0.4376820413677751,2,-0.5407706912441482,0.0,-0.27147504601238254
2d4982a6-b093-41aa-8773-619220ea2812,이스란,lyricist,writer,,,2016-05-10,2020-09-16,2,0.07812468189051006,11,1.0068973772825651,4.353,0.2327674286897156
b6d7ec94-830c-44dd-b699-ce66556b7e55,Macklemore,lyricist;mix;producer;recording;vocal;writer,writer,,,2011-07-21,2012-10-09,6,2.1413515749236507,2,-0.5407706912441482,1.221,-0.1300369431841579
08f6e184-8da3-4715-a299-33e278087082,LaShawn Daniels,writer,writer,,,1998-01-01,1998-01-01,1,-0.4376820413677751,6,0.1470817836566133,0.0,-0.27147504601238254
f0874fae-9251-4dc8-9a48-2b71f6502a10,Shara Nelson,writer,writer,,,1991-01-01,1991-01-01,1,-0.4376820413677751,8,0.4910080211069941,0.0,-0.27147504601238254
bc37c604-a619-4ca8-a0f2-44ae1e2c8cc2,Fred Jerkins,writer,writer,,,1998-01-01,1998-01-01,1,-0.4376820413677751,6,0.1470817836566133,0.0,-0.27147504601238254
b27d089c-6b08-4067-9293-406cebde0374,Matt Maltese,composer;lyricist;producer;remixer;writer,writer,,,1977-01-01,1977-01-01,1,-0.4376820413677751,1,-0.7127338099693385,0.0,-0.27147504601238254
8d455809-96b3-4bb6-8829-ea4beb580d35,Phoenix,composer;lyricist;performer;producer;remixer,writer,,,1998-01-01,1998-01-01,1,-0.4376820413677751,4,-0.19684445379376744,0.0,-0.27147504601238254
a96ac800-bfcb-412a-8a63-0a98df600700,Modest Mouse,composer;writer,writer,pop;rock;rock and roll;rockabilly,pop,1957-01-01,1957-01-01,1,-0.4376820413677751,3,-0.36880757251895785,0.0,-0.27147504601238254
4ebb5ad3-9018-407d-8c24-c03011ab9ac6,American Football,composer,writer,alternative rock;emo;indie rock;math rock;midwest emo;rock,alternative rock,1993-01-01,1998-04-03,2,0.07812468189051006,4,-0.19684445379376744,5.251,0.3367898826944214
b8ac29a7-6b59-4f49-bcbc-c870b2d56764,Amille Harris,composer;lyricist,writer,,,2000-01-01,2000-01-01,1,-0.4376820413677751,5,-0.024881335068577065,0.0,-0.27147504601238254
8e346269-5371-468b-9d4d-6f8daa278bc3,Kno,writer,writer,,,2011-03-22,2011-03-22,1,-0.4376820413677751,2,-0.5407706912441482,0.0,-0.27147504601238254
36aa434c-6823-44b7-b5a6-53bde476c642,Alan Sparhawk,writer,writer,,,2004-01-01,2004-01-01,1,-0.4376820413677751,2,-0.5407706912441482,0.0,-0.27147504601238254
db4da9ba-c52b-4df9-876f-7c6db3582256,Axl Rose,composer;lyricist,writer,,,1985-08-01,1985-08-01,1,-0.4376820413677751,4,-0.19684445379376744,0.0,-0.27147504601238254
11e9104f-ad49-4e33-bc7f-6b98862f256a,Harmony Samuels,writer,writer,,,2013-01-01,2013-01-01,1,-0.4376820413677751,12,1.1788604960077556,0.0,-0.27147504601238254
192ccbd4-9c06-4302-be05-c2cd494b86d5,Daniel Sternbaum,writer,writer,,,2010-01-01,2010-01-01,2,0.07812468189051006,1,-0.7127338099693385,0.0,-0.27147504601238254
000fc734-b7e1-4a01-92d1-f544261b43f5,Cocteau Twins,arranger;composer;producer;writer,writer,,,1984-10-01,1986-01-01,2,0.07812468189051006,3,-0.36880757251895785,1.251,-0.12656180552253077
b2dba0a6-188c-45d9-86a1-877e131e05ee,Carl-Mikael Göran Berlander,writer,writer,,,2013-07-09,2013-07-09,1,-0.4376820413677751,2,-0.5407706912441482,0.0,-0.27147504601238254
df918064-70d3-4022-86cc-9c3a1186e63a,KJ Ward,composer;lyricist,writer,,,2022-08-18,2022-10-28,5,1.6255448516653654,3,-0.36880757251895785,0.194,-0.24900248913386036
e2adad86-2ca4-4a21-a4be-3b5f8ead8452,Ron Strykert,composer;lyricist,writer,new wave;pop rock;rock,new wave,1983-01-01,1983-01-01,2,0.07812468189051006,1,-0.7127338099693385,0.0,-0.27147504601238254
b7ec322e-3450-4bd0-ac3c-1e2e9744e32b,Mark Knight,writer,writer,,,2013-01-01,2013-01-01,1,-0.4376820413677751,11,1.0068973772825651,0.0,-0.27147504601238254
4f8ef4a3-40fa-46b5-8773-97686a8424f4,Édith Piaf,composer;lyricist,writer,sacem ng,sacem ng,1947-01-01,1947-01-01,1,-0.4376820413677751,2,-0.5407706912441482,0.0,-0.27147504601238254
9206c04c-c2e0-46dd-997c-2b31c6be3f1a,Justin Davey,composer,writer,,,2017-02-09,2017-02-09,2,0.07812468189051006,5,-0.024881335068577065,0.0,-0.27147504601238254
123814ce-f7f7-44c9-b84d-0088b1e230a4,Geezer Butler,composer;lyricist,writer,drum and bass;dub;dubstep;electronic;jungle;metal;reggae,drum and bass,1970-01-01,1980-01-01,6,2.1413515749236507,6,0.1470817836566133,9.999,0.8867883366079435
494e8d09-f85b-4543-892f-a5096aed1cd4,Mariah Carey,arranger;composer;instrument arranger;lyricist;mix;performer;phonographic copyright;producer;remixer;video appearance;video director;vocal;vocal arranger;writer,writer,christmas;christmas music;contemporary r&b;holiday music;lonely woman at christmas;pop;trap,christmas,1991-01-01,2015-01-01,9,3.688771744698506,22,2.898491683259659,24.0,2.5086350832893305
2bab20bf-8dab-4af8-b7b0-ba8e30860261,Peter Buck,writer,writer,,,1984-01-01,1984-01-01,1,-0.4376820413677751,4,-0.19684445379376744,0.0,-0.27147504601238254
b3977da4-f899-4328-921b-ecc599a5618a,j‐hope,writer,writer,,,2018-05-18,2018-05-18,1,-0.4376820413677751,7,0.3190449023818037,0.0,-0.27147504601238254
619cbce5-7bfa-4f46-b2aa-6a19c1e96d50,Paul Gray,writer,writer,,,1997-10-31,1999-01-01,2,0.07812468189051006,9,0.6629711398321845,1.169,-0.13606051513097828
614e3804-7d34-41ba-857f-811bad7c2b7a,Dire Straits,performer;producer,performer,,,1980-01-01,1980-01-01,2,0.07812468189051006,0,-0.884696928694529,0.0,-0.27147504601238254
044fd265-79dd-43eb-afc4-8b20becf7e17,Thundercat,composer;instrument;lyricist;producer;programming;remixer;video appearance;vocal;writer,writer,big band;jazz;rock;vocal,big band,1976-01-01,2016-01-01,2,0.07812468189051006,5,-0.024881335068577065,40.0,4.362041836157139
23793dda-dc14-46b3-8d71-bb38e068fb3e,Reginald J. Hargis,writer,writer,,,2014-10-28,2014-10-28,1,-0.4376820413677751,3,-0.36880757251895785,0.0,-0.27147504601238254
415e7f97-1017-48cd-a366-6f2009f6b999,Thomas de Quincey,composer,writer,electronic;euro house;house;progressive house;tech house,electronic,1989-01-01,1989-01-01,1,-0.4376820413677751,3,-0.36880757251895785,0.0,-0.27147504601238254
ca891d65-d9b0-4258-89f7-e6ba29d83767,Iron Maiden,instrument;producer,production,ripoff,ripoff,1969-01-01,1971-01-01,2,0.07812468189051006,0,-0.884696928694529,1.999,-0.0399150398259607
1226cb0d-03d3-4021-801a-a74408575abf,Mort Shuman,writer,writer,funk;r&b;soul,funk,1960-08-01,1960-08-01,1,-0.4376820413677751,2,-0.5407706912441482,0.0,-0.27147504601238254
60b66752-b8ca-4f48-bfd6-b997449c020b,Adam Wiles,writer,writer,boogie;dance-pop;disco;electro;funk;nu disco,boogie,2017-01-01,2017-01-01,1,-0.4376820413677751,3,-0.36880757251895785,0.0,-0.27147504601238254
d17db264-e208-4ab2-8cd0-1e98f4ee2655,Anoo Bhagavan,writer,writer,,,2006-10-01,2007-05-11,5,1.6255448516653654,3,-0.36880757251895785,0.608,-0.2010455894034058
f4d5cc07-3bc9-4836-9b15-88a08359bc63,P!nk,composer;instrument;lyricist;performer;producer;video appearance;vocal;writer,writer,covered by glee,covered by glee,1977-01-01,1977-01-01,1,-0.4376820413677751,0,-0.884696928694529,0.0,-0.27147504601238254
b4b5b5a7-feff-47d0-9458-83d0d135a692,Hayley Williams,composer;instrument;lyricist;producer;video appearance;vocal;writer,writer,waltz,waltz,1979-01-01,1979-01-01,1,-0.4376820413677751,2,-0.5407706912441482,0.0,-0.27147504601238254
0383dadf-2a4e-4d10-a46a-e9e041da8eb3,Queen,arranger;composer;lyricist;mix;performer;phonographic copyright;producer;remixer;samples from artist;video appearance;writer,writer,covered by glee,covered by glee,1977-01-01,1977-01-01,1,-0.4376820413677751,0,-0.884696928694529,0.0,-0.27147504601238254
97e69730-3791-423b-9770-287261588854,Alessia Cara,composer;lyricist;performer;vocal;writer,writer,christmas;christmas music;holiday music;language: english;pop,christmas,1957-11-01,1957-11-01,1,-0.4376820413677751,2,-0.5407706912441482,0.0,-0.27147504601238254
4bb4e4e4-5f66-4509-98af-62dbb90c45c5,Disturbed,arranger;composer;lyricist;producer;writer,writer,,,1980-01-01,1980-01-01,1,-0.4376820413677751,3,-0.36880757251895785,0.0,-0.27147504601238254
2f4719c5-58c5-4d5d-b09c-b7c5fb1450da,Paul D’Amour,writer,writer,,,1991-01-01,1993-01-01,3,0.5939314051487953,4,-0.19684445379376744,2.001,-0.03968336398185225
0b427dad-1ee5-48f1-aa4b-026680a3338e,Shaboozey,writer,writer,,,2024-05-31,2024-05-31,1,-0.4376820413677751,4,-0.19684445379376744,0.0,-0.27147504601238254
d616b606-cf6a-4b6e-ab0f-e253b8db6610,JID,composer;lyricist;performer;vocal;writer,writer,,,2017-04-30,2022-08-26,7,2.657158298181936,37,5.477938464137515,5.322,0.3450143751602723
69a9484c-7f7f-4914-b216-0aa745dcfab4,Hannah Reid,composer;lyricist,writer,,,2013-01-01,2013-01-01,1,-0.4376820413677751,2,-0.5407706912441482,0.0,-0.27147504601238254
9167f739-da47-4495-9d63-9c13b40114ac,Summer Walker,performer;recording;vocal;writer,writer,,,1973-01-01,1973-01-01,1,-0.4376820413677751,1,-0.7127338099693385,0.0,-0.27147504601238254
27638856-79a1-4495-b7da-1912899560c7,bbno$,lyricist;performer;phonographic copyright;producer;video appearance;vocal;writer,writer,,,1991-01-01,1991-01-01,1,-0.4376820413677751,3,-0.36880757251895785,0.0,-0.27147504601238254
3b85c9e2-cb55-4087-91af-6655a8103aec,Frank “Nitty” Brim,writer,writer,,,2016-01-01,2016-01-01,1,-0.4376820413677751,6,0.1470817836566133,0.0,-0.27147504601238254
d75d1f08-bbb8-4eae-9877-399ca9121197,Mobb Deep,composer;performer;producer;remixer;vocal,writer,,,1987-01-01,1987-01-01,1,-0.4376820413677751,1,-0.7127338099693385,0.0,-0.27147504601238254
b2fbcd3f-f460-43e2-95c9-6f808d1012cd,Ya Kid K,lyricist,writer,electronic;euro house;house;progressive house;tech house,electronic,1989-01-01,1989-01-01,1,-0.4376820413677751,3,-0.36880757251895785,0.0,-0.27147504601238254
1fd47a70-f368-4138-9547-e94caaec89ff,Anthony Dent,writer,writer,,,2001-01-01,2001-01-01,1,-0.4376820413677751,3,-0.36880757251895785,0.0,-0.27147504601238254
c7b3aae2-719b-4ae9-abe0-3908be6d6f1d,Brittany Chi Coney,writer,writer,,,2019-07-19,2019-07-19,1,-0.4376820413677751,6,0.1470817836566133,0.0,-0.27147504601238254
7441014f-f8f5-494f-81db-ff166fbc078d,PinkPantheress,engineer;instrument;performer;phonographic copyright;producer;programming;vocal;writer,writer,,,2014-07-14,2023-07-14,7,2.657158298181936,2,-0.5407706912441482,8.999,0.7709504145537055
ac7e838c-3d95-47c2-92a9-81767ad7c217,Empire of the Sun,producer;remixer;writer,writer,,,1963-01-01,1963-01-01,1,-0.4376820413677751,0,-0.884696928694529,0.0,-0.27147504601238254
ba7479d2-1957-49e5-a263-03631539d320,James Reynolds,writer,writer,,,2013-01-01,2013-01-01,1,-0.4376820413677751,11,1.0068973772825651,0.0,-0.27147504601238254
d2a76e1b-cecc-4500-b445-d55591821cd3,Mura Masa,writer,writer,,,2014-07-14,2014-07-14,1,-0.4376820413677751,2,-0.5407706912441482,0.0,-0.27147504601238254
af18a9bc-e4ab-4068-9489-b64e8186fcf1,Pete Seeger,writer,writer,,,1994-01-01,1994-01-01,1,-0.4376820413677751,5,-0.024881335068577065,0.0,-0.27147504601238254
e28d6352-c13e-407b-b72b-7f6cb1785c5f,Hy Zaret,lyricist,writer,avant-garde;avant-garde jazz;free improvisation;free jazz;fusion;jazz;pop;rock,avant-garde,1955-01-01,1955-01-01,1,-0.4376820413677751,2,-0.5407706912441482,0.0,-0.27147504601238254
d9f3f7ca-9963-45c5-85b3-81f306614ff8,Phife Dawg,writer,writer,,,1993-01-01,1993-01-01,5,1.6255448516653654,5,-0.024881335068577065,0.0,-0.27147504601238254
beccdfc5-5630-4560-a7a3-b48f9a08a5c8,Isabella Sjöstrand,composer;lyricist;writer,writer,,,2022-06-03,2024-02-09,2,0.07812468189051006,13,1.350823614732946,1.687,-0.07605647150688297
33243fef-ce1a-4ba7-a81e-ec72e4c5029a,,remixer,other,,,2023-01-01,2023-01-01,0,-0.9534887646260604,0,-0.884696928694529,0.0,-0.27147504601238254
7fcbd5bc-738b-4c0d-a837-8dcefaefbb75,Martin Bresso,writer,writer,,,2015-01-01,2015-01-01,1,-0.4376820413677751,6,0.1470817836566133,0.0,-0.27147504601238254
2fa0d3ac-b64c-401a-b0a1-4915ba6cc157,,performer,performer,dance;disco;funk;pop;soul,dance,1978-01-01,1978-01-01,0,-0.9534887646260604,0,-0.884696928694529,0.0,-0.27147504601238254
3b92d916-a198-414f-8de1-49593cd12704,Autoro Whitfield,writer,writer,,,2015-07-30,2015-07-30,1,-0.4376820413677751,5,-0.024881335068577065,0.0,-0.27147504601238254
f6beac20-5dfe-4d1f-ae02-0b0a740aafd6,"Tyler, The Creator",arranger;composer;instrument;lyricist;phonographic copyright;producer;programming;recording;remixer;video director;vocal;writer,writer,,,2008-11-15,2024-01-01,7,2.657158298181936,7,0.3190449023818037,15.127,1.4808052009020762
5ca1bbb8-5438-4c40-9625-a4e79c261186,Robert Wells,lyricist,writer,christmas;christmas carol;christmas music;holiday,christmas,1946-11-01,1946-11-01,1,-0.4376820413677751,2,-0.5407706912441482,0.0,-0.27147504601238254
68c34082-c1d5-4399-af9b-3921ca0a6a1f,James Hetfield,composer;lyricist;writer,writer,,,1984-01-01,1990-01-01,4,1.1097381284070802,7,0.3190449023818037,6.001,0.4236683242350999
02f314c0-2136-4172-8ea0-07149c77c722,Mike Stoller,writer,writer,,,1961-01-01,2013-01-01,3,0.5939314051487953,10,0.8349342585573748,52.0,5.752096900807995
f2722d5c-de0c-4553-816a-09aec7d94e4c,John Fields,writer,writer,,,2009-01-01,2009-01-01,1,-0.4376820413677751,3,-0.36880757251895785,0.0,-0.27147504601238254
e6b5b1a4-fb93-4f44-b2ac-8bec34181b0e,CHASETHEMONEY,writer,writer,,,2019-07-05,2019-07-05,1,-0.4376820413677751,3,-0.36880757251895785,0.0,-0.27147504601238254
248ead7d-8058-4e0c-b334-fde70c036f8d,Jason Newsted,writer,writer,,,1990-01-01,1990-01-01,1,-0.4376820413677751,3,-0.36880757251895785,0.0,-0.27147504601238254
93ebf0f5-6c34-4e3f-9d03-107c05ba6183,Jasiel Nuñez,lyricist,writer,,,2023-05-26,2023-06-30,2,0.07812468189051006,2,-0.5407706912441482,0.096,-0.2603546054951757
8fb6c2cc-7076-4164-94e2-82dddd3b1d5d,Brother ?,writer,writer,,,1997-01-01,1997-01-01,1,-0.4376820413677751,4,-0.19684445379376744,0.0,-0.27147504601238254
b0270c18-f45c-4a84-948d-078d331fed15,Linus Eklöw,writer,writer,,,2012-01-01,2012-10-15,2,0.07812468189051006,7,0.3190449023818037,0.789,-0.18007892551158872
af1b83bb-3edc-4443-b771-67a1d235e82b,Junior H,composer;lyricist,writer,,,2012-06-21,2012-06-21,1,-0.4376820413677751,3,-0.36880757251895785,0.0,-0.27147504601238254
d25f6294-686a-4569-b1b9-fe64bfef2519,BigXthaPlug,composer;lyricist;vocal;writer,writer,,,2023-10-27,2025-04-04,3,0.5939314051487953,16,1.866712970908517,1.437,-0.10501595202044248
5773e6e6-b072-49c9-aad8-940c2f09d48a,LaTavia Roberson,writer,writer,,,1998-01-01,1998-01-01,1,-0.4376820413677751,6,0.1470817836566133,0.0,-0.27147504601238254
ccccc434-290b-434b-9ff1-0c9e32a1ac8f,Andrew Hale,composer,writer,acoustic;alternative rock;art rock;britpop;classic rock;contemporary r&b;funk;hip hop;indie rock;pop;r&b;rock;soul;stoner rock;swing,acoustic,1992-01-01,2000-01-01,6,2.1413515749236507,5,-0.024881335068577065,8.0,0.6552283304215217
83e71a21-caf7-4e48-8ff7-6512d51e88a3,Henry Mancini,composer,writer,blues;blues rock;bossa nova;contemporary jazz;fusion;jazz;latin;mpb;pop;rock,blues,1961-01-01,1961-01-01,1,-0.4376820413677751,2,-0.5407706912441482,0.0,-0.27147504601238254
b1ca2b8e-53b8-4c94-a213-8c9456d49873,Kane Beatz,writer,writer,,,2010-01-01,2010-01-01,1,-0.4376820413677751,4,-0.19684445379376744,0.0,-0.27147504601238254
c3c82bdc-d9e7-4836-9746-c24ead47ca19,Mark Ronson,arranger;composer;engineer;instrument;instrument arranger;lyricist;misc;orchestrator;performer;phonographic copyright;producer;programming;recording;remixer;video appearance;vocal;writer,writer,,,1985-01-01,1987-01-01,2,0.07812468189051006,9,0.6629711398321845,1.999,-0.0399150398259607
88d17133-abbc-42db-9526-4e2c1db60336,beabadoobee,composer;engineer;instrument;lyricist;performer;phonographic copyright;producer;vocal;writer,writer,alternative rock;britpop;christmas;christmas music;contemporary r&b;funk;hip hop;holiday;jazz;pop;r&b;rock;soul;swing,alternative rock,1933-01-01,1934-01-01,2,0.07812468189051006,5,-0.024881335068577065,0.999,-0.15575296188019871
751e517d-9663-4692-8c20-942e16d484c5,Djavan,arranger;composer;conductor;instrument;instrument arranger;lyricist;performer;producer;vocal;writer,writer,,,1954-04-01,1954-04-01,1,-0.4376820413677751,1,-0.7127338099693385,0.0,-0.27147504601238254
38912003-efbd-48a3-be23-ff264bf86d85,William Fly,composer;lyricist,writer,,,2025-03-21,2025-03-21,1,-0.4376820413677751,4,-0.19684445379376744,0.0,-0.27147504601238254
4ae429fe-735c-4968-8253-a591421b1bd0,girl in red,composer;instrument;lyricist;producer;programming;vocal;writer,writer,,,1983-01-01,1983-01-01,1,-0.4376820413677751,0,-0.884696928694529,0.0,-0.27147504601238254
844ed68b-265d-4c0c-ac22-b44e71455194,손고은,composer;lyricist,writer,monotree,monotree,2017-12-28,2017-12-28,1,-0.4376820413677751,2,-0.5407706912441482,0.0,-0.27147504601238254
ac1f6f40-ca05-4c8a-86b1-ef0ae22a32aa,Billy Garcia,writer,writer,,,2016-09-02,2016-09-02,1,-0.4376820413677751,7,0.3190449023818037,0.0,-0.27147504601238254
860b2707-6153-4e3a-aa57-74d2b42c55b5,Justice,composer;mix;mix-dj;performer;producer;recording;remixer;samples from artist,writer,,,1984-01-01,1984-01-01,1,-0.4376820413677751,1,-0.7127338099693385,0.0,-0.27147504601238254
8dcc01a3-e6b7-4398-83cd-b7993d9f355c,Bunny DeBarge,composer;lyricist,writer,,,2004-01-01,2004-01-01,1,-0.4376820413677751,6,0.1470817836566133,0.0,-0.27147504601238254
faf4cefb-036c-4c88-b93a-5b03dd0a0e6b,Demi Lovato,composer;instrument;lyricist;performer;vocal;writer,writer,,,1969-01-01,1969-01-01,1,-0.4376820413677751,0,-0.884696928694529,0.0,-0.27147504601238254
dc7c8277-d4b6-4bca-bdfe-50eee42536ac,,performer,performer,,,2016-08-27,2017-02-09,0,-0.9534887646260604,0,-0.884696928694529,0.454,-0.21888462939975847
c890f46c-7e63-4c53-900f-65ab74878806,Mark Williams,writer,writer,contemporary r&b;electronic;funk;hip hop;pop;soul;synth-pop;synthwave,contemporary r&b,2023-11-18,2024-01-01,4,1.1097381284070802,26,3.5863441581604207,0.12,-0.25757449536587396
f90e8b26-9e52-4669-a5c9-e28529c47894,Snoop Dogg,arranger;composer;lyricist;performer;producer;video appearance;vocal;vocal arranger;writer,writer,diss track;g-funk;hip hop,diss track,1990-01-01,1992-01-01,4,1.1097381284070802,5,-0.024881335068577065,1.999,-0.0399150398259607
c9dd05a5-6ba4-4e49-88e0-5dbbb637715e,松本良喜,composer,writer,j-pop,j-pop,2003-10-01,2003-10-01,1,-0.4376820413677751,2,-0.5407706912441482,0.0,-0.27147504601238254
c998d24c-decb-4022-a501-76f72c642411,Fraser T. Smith,writer,writer,,,2011-01-01,2011-01-01,1,-0.4376820413677751,2,-0.5407706912441482,0.0,-0.27147504601238254
a6871613-8619-4e11-b023-a89690bb9f38,John King,writer,writer,,,1989-01-01,1989-01-01,1,-0.4376820413677751,6,0.1470817836566133,0.0,-0.27147504601238254
bdd935a3-9f19-4b3d-ab39-0953ea3e37b2,段宜恩,lyricist,writer,,,2017-02-09,2017-02-09,1,-0.4376820413677751,4,-0.19684445379376744,0.0,-0.27147504601238254
535afeda-2538-435d-9dd1-5e10be586774,"Earth, Wind & Fire",arranger;performer;producer;samples from artist;vocal,performer,instrumental;pop;rock,instrumental,1966-01-01,1966-01-01,1,-0.4376820413677751,0,-0.884696928694529,0.0,-0.27147504601238254
cc3e537d-ff34-423f-8cd6-635a80f4dba7,Gesaffelstein,composer;instrument;lyricist;mix;mix-dj;phonographic copyright;producer;remixer;writer,writer,,,2011-04-25,2011-04-25,3,0.5939314051487953,0,-0.884696928694529,0.0,-0.27147504601238254
2307602e-a3ce-4f37-bb2b-d54f1980ed5f,Paul Williams,composer;writer,writer,waltz,waltz,1979-01-01,2010-01-09,2,0.07812468189051006,8,0.4910080211069941,31.023,3.3221648098762437
301b45a4-b8b9-410e-8344-4b4eaf96691a,Marshmello,composer;instrument;lyricist;performer;producer;programming;remixer;vocal;writer,writer,,,2016-01-01,2018-01-01,5,1.6255448516653654,12,1.1788604960077556,2.001,-0.03968336398185225
64b15912-5f96-45cb-9514-3943d1b0f220,Malik Yusef,composer;writer,writer,,,2008-01-01,2013-01-01,3,0.5939314051487953,19,2.382602327084088,5.002,0.30794624010291605
a17ce9c3-8f6f-4dcc-a1b7-2a04ab9e31f0,Swae Lee,writer,writer,,,2015-01-01,2018-10-25,5,1.6255448516653654,15,1.6947498521833269,3.814,0.1703307887024813
e5891cfb-6df9-4288-96f3-caf00f668558,Matt Hall,writer,writer,,,2025-09-26,2025-09-26,1,-0.4376820413677751,6,0.1470817836566133,0.0,-0.27147504601238254
af569f23-7661-4bd5-bc00-6280e4799546,DJ Durel,writer,writer,,,2018-01-26,2018-01-26,1,-0.4376820413677751,6,0.1470817836566133,0.0,-0.27147504601238254
41f1960d-be42-4ca0-8599-8d0fb77ae6d4,Edwin Birdsong,writer,writer,_add parody,_add parody,2000-01-01,2000-01-01,1,-0.4376820413677751,3,-0.36880757251895785,0.0,-0.27147504601238254
b2029169-2574-4305-820f-252a5fde3697,Meghan Trainor,composer;engineer;instrument;lyricist;mix;performer;producer;programming;video appearance;vocal;vocal arranger;writer,writer,ambient;celtic;christmas;christmas carol;christmas music;classical;country;electronic;holiday;language: english;modern classical;neo-classical;pop;vocal,ambient,1928-01-01,1928-01-01,1,-0.4376820413677751,0,-0.884696928694529,0.0,-0.27147504601238254
a254127c-575d-4df1-a883-12b5a0748b16,Thomas Wesley,writer,writer,,,2015-01-01,2017-01-01,2,0.07812468189051006,10,0.8349342585573748,2.001,-0.03968336398185225
43ac1c53-1275-4296-9d48-ca713d105e8a,Mick Grondahl,writer,writer,,,1994-01-01,1994-01-01,1,-0.4376820413677751,3,-0.36880757251895785,0.0,-0.27147504601238254
2f031686-3f01-4f33-a4fc-fb3944532efa,Benny Andersson,writer,writer,ballad;disco;downtempo;electronic;europop;pop,ballad,1975-01-01,1979-01-01,8,3.172965021440221,5,-0.024881335068577065,4.0,0.19187664220456957
15e0d608-0869-429b-898d-3d8db3ecedd5,Olivia Dean,composer;instrument;instrument arranger;lyricist;producer;recording;vocal;writer,writer,christmas;christmas carol;christmas music;holiday,christmas,1946-11-01,1946-11-01,1,-0.4376820413677751,0,-0.884696928694529,0.0,-0.27147504601238254
164f0d73-1234-4e2c-8743-d77bf2191051,Ye,composer;lyricist;writer,writer,,,2002-01-01,2024-02-01,19,8.846838977281358,93,15.107873112748177,22.084,2.28668962463341
0ef9b4c4-4a41-4ad8-9c64-98c0419c0150,Paul Waaktaar-Savoy,writer,writer,pop,pop,1984-01-01,1984-01-01,1,-0.4376820413677751,3,-0.36880757251895785,0.0,-0.27147504601238254
2054c4db-4d37-4748-a355-de7ee7a6d6fa,Roy Brown,composer;lyricist,writer,rock and roll;rockabilly,rock and roll,1948-01-01,1948-01-01,1,-0.4376820413677751,1,-0.7127338099693385,0.0,-0.27147504601238254
fd9ca609-a068-44fe-be99-045c0bb63ebf,Nick Kandler,writer,writer,,,2024-10-11,2024-10-11,1,-0.4376820413677751,9,0.6629711398321845,0.0,-0.27147504601238254
eebc696c-f861-4e92-8916-28fc86d727ea,L.E.S.,composer;lyricist,writer,,,2001-01-01,2001-01-01,1,-0.4376820413677751,4,-0.19684445379376744,0.0,-0.27147504601238254
3c6a1239-9858-4ec6-8bf2-208fd2659c68,Sade Adu,composer;lyricist,writer,acoustic;alternative rock;art rock;britpop;classic rock;contemporary r&b;funk;hip hop;indie rock;pop;r&b;rock;soul;stoner rock;swing,acoustic,1992-01-01,2000-01-01,6,2.1413515749236507,5,-0.024881335068577065,8.0,0.6552283304215217
e6de1f3b-6484-491c-88dd-6d619f142abc,Hans Zimmer,arranger;composer;conductor;instrument;instrument arranger;lyricist;mix;orchestrator;performer;producer;programming;writer,writer,,,1990-01-01,1990-01-01,1,-0.4376820413677751,5,-0.024881335068577065,0.0,-0.27147504601238254
0103c1cc-4a09-4a5d-a344-56ad99a77193,Avril Lavigne,composer;instrument;instrument arranger;lyricist;performer;producer;samples from artist;video appearance;vocal;writer,writer,,,1971-01-01,2000-10-10,2,0.07812468189051006,2,-0.5407706912441482,29.774,3.177483245230501
837555ba-012e-45f1-9a9c-9628da13ee54,Ben E. King,writer,writer,,,1961-01-01,2013-01-01,3,0.5939314051487953,10,0.8349342585573748,52.0,5.752096900807995
cf15719f-51f9-4db8-a15d-5eed9664ce69,Lupe Fiasco,performer;producer;vocal;writer,writer,,,2005-01-01,2007-01-01,4,1.1097381284070802,14,1.5227867334581364,1.999,-0.0399150398259607
ba67b04a-0c85-45b0-93ee-0d0e66fc19df,Joey Jordison,writer,writer,,,1997-10-31,1999-01-01,2,0.07812468189051006,9,0.6629711398321845,1.169,-0.13606051513097828
b629da42-c668-49d2-be67-498605ee2a13,SUGA,writer,writer,,,2018-05-18,2018-05-18,1,-0.4376820413677751,7,0.3190449023818037,0.0,-0.27147504601238254
b2c48217-e016-4c72-abb3-d447c90fafcc,ADP,writer,writer,,,2015-06-28,2015-06-28,1,-0.4376820413677751,2,-0.5407706912441482,0.0,-0.27147504601238254
4b3392b5-704e-461e-95a3-da8e94c9d4e0,Julie,composer;performer;vocal,writer,,,2003-12-01,2003-12-01,1,-0.4376820413677751,2,-0.5407706912441482,0.0,-0.27147504601238254
9ceb2b1e-915f-4544-b62f-7a35b7358ed5,Steven Stanley,composer,writer,,,1995-01-01,1995-01-01,1,-0.4376820413677751,6,0.1470817836566133,0.0,-0.27147504601238254
d8f8fcf7-77a4-4aae-8402-af9d624baa67,Tia Scola,writer,writer,dance-pop;pop,dance-pop,2021-03-18,2021-03-18,1,-0.4376820413677751,6,0.1470817836566133,0.0,-0.27147504601238254
bc3e2138-d307-4cdc-a555-9d7dd3d5b6d6,최영경,composer;lyricist,writer,,,2020-09-16,2020-09-16,2,0.07812468189051006,6,0.1470817836566133,0.0,-0.27147504601238254
5af3997f-8223-44f2-9ac0-662366be34ca,Lisa Stevens,writer,writer,,,1983-01-01,1983-01-01,1,-0.4376820413677751,2,-0.5407706912441482,0.0,-0.27147504601238254
f40bf2d1-1da5-4146-96ab-865242554a66,Bill Rieflin,writer,writer,,,1990-01-01,1990-01-01,1,-0.4376820413677751,5,-0.024881335068577065,0.0,-0.27147504601238254
32b21b39-d65c-4c6e-811c-f5618b6806af,Tommee Profitt,writer,writer,,,2017-01-01,2019-07-26,5,1.6255448516653654,2,-0.5407706912441482,2.563,0.025417548212629554
ff4fc9b6-bdcd-44ee-b053-c1ccbe47fe4b,Mikky Ekko,composer;lyricist,writer,,,2025-03-21,2025-03-21,1,-0.4376820413677751,4,-0.19684445379376744,0.0,-0.27147504601238254
b52c8015-35c5-48e6-ba6b-004698188038,SMKEXCLSV,writer,writer,,,2018-06-01,2018-06-01,1,-0.4376820413677751,1,-0.7127338099693385,0.0,-0.27147504601238254
ac9a487a-d9d2-4f27-bb23-0f4686488345,Lil Wayne,lyricist;writer,writer,,,2012-01-01,2013-01-18,4,1.1097381284070802,18,2.2106392083588977,1.049,-0.14996106577748686
12f9b20b-ee20-4e88-a29c-f2a87bd34198,Jafar Barron,writer,writer,,,1997-02-11,1997-02-11,1,-0.4376820413677751,2,-0.5407706912441482,0.0,-0.27147504601238254
26ecbba4-a425-4d98-8a96-16eed147ff09,Baby Monster,producer;remixer,production,,,2009-01-01,2010-01-01,3,0.5939314051487953,0,-0.884696928694529,0.999,-0.15575296188019871
000269fb-edc6-4331-8624-9b39a0e76db3,Dorothy Stewart,lyricist,writer,,,1947-01-01,1947-01-01,1,-0.4376820413677751,2,-0.5407706912441482,0.0,-0.27147504601238254
f95d0f4f-d344-4acd-bec8-cc512b40f629,Julia Jacklin,composer;lyricist,writer,,,2019-01-01,2019-01-01,1,-0.4376820413677751,1,-0.7127338099693385,0.0,-0.27147504601238254
eed95a51-77b2-4679-af5d-cf9ab29fdf14,Ruth Roberts,composer,writer,,,1965-03-01,1965-03-01,1,-0.4376820413677751,1,-0.7127338099693385,0.0,-0.27147504601238254
396a9525-0994-4542-b480-c4587feeb476,Tinashe,composer;performer;vocal;writer,writer,christmas;christmas music;instrumental,christmas,1934-01-01,2014-01-01,2,0.07812468189051006,6,0.1470817836566133,80.0,8.99555871832666
e8414012-4a1c-4ad4-be5e-fc55294e28cc,Lauryn Hill,writer,writer,hip hop;trap,hip hop,2018-01-01,2018-01-01,1,-0.4376820413677751,16,1.866712970908517,0.0,-0.27147504601238254
6602cab2-65b5-4341-99c5-b05fa897f256,Big Taste,writer,writer,,,2018-02-02,2018-02-02,1,-0.4376820413677751,4,-0.19684445379376744,0.0,-0.27147504601238254
5c61efe6-3cdf-4160-b43c-9274944369e6,Gregory Alan Isakov,arranger;composer;engineer;instrument;lyricist;mix;producer;vocal;writer,writer,,,1967-12-01,1967-12-01,1,-0.4376820413677751,0,-0.884696928694529,0.0,-0.27147504601238254
bd81d921-581a-4fb3-81d2-05c690a28587,Chordz,writer,writer,,,2023-11-18,2023-11-22,2,0.07812468189051006,14,1.5227867334581364,0.011,-0.2702008288697859
16f456c9-e23b-4675-ab6a-fd295712c256,SUMIN,composer,writer,,,2016-10-10,2016-10-10,1,-0.4376820413677751,4,-0.19684445379376744,0.0,-0.27147504601238254
4b585938-f271-45e2-b19a-91c634b5e396,Kate Bush,arranger;composer;instrument;lyricist;performer;producer;remixer;video director;vocal;writer,writer,easy listening;meme;pop;rock,easy listening,1969-01-01,1985-01-01,3,0.5939314051487953,1,-0.7127338099693385,16.0,1.581931706855426
ad4eaf35-0e7b-4c35-a7a5-f1bf9ef0d93f,Sir Spence,writer,writer,,,2015-05-16,2015-05-16,1,-0.4376820413677751,5,-0.024881335068577065,0.0,-0.27147504601238254
1c5b9bd6-76e8-4fe7-a6df-3bc0b5a452cc,Motionless in White,arranger;vocal,performer,,,1990-01-01,1990-01-01,1,-0.4376820413677751,3,-0.36880757251895785,0.0,-0.27147504601238254
6d063567-dbf9-4b2a-bd11-1a4450cd93ca,Rich the Kid,writer,writer,,,2018-03-30,2023-12-15,2,0.07812468189051006,9,0.6629711398321845,5.711,0.3900753268393709
28b1e14e-fada-48f0-a8df-fece056f336a,Jo Caleb,writer,writer,,,2023-01-01,2023-01-01,1,-0.4376820413677751,5,-0.024881335068577065,0.0,-0.27147504601238254
9757ae7d-44b1-4d63-81ce-b463fe27b9ae,Joey Bada$$,composer;lyricist;vocal;writer,writer,,,1984-01-01,2017-09-15,2,0.07812468189051006,7,0.3190449023818037,33.706,3.632957954747765
47577aa8-6f71-4840-9f1e-57b7319f546d,Delacey,writer,writer,,,2017-05-19,2018-02-02,2,0.07812468189051006,6,0.1470817836566133,0.709,-0.18934595927592776
31f2ed7a-c22f-4ae3-a83c-eee7f6133324,"Renee ""Shi"" Wisdom",writer,writer,,,2012-01-01,2012-01-01,1,-0.4376820413677751,8,0.4910080211069941,0.0,-0.27147504601238254
c5b36445-aada-47a0-ab26-1681f948139e,초심,lyricist,writer,,,2020-09-16,2020-09-16,1,-0.4376820413677751,5,-0.024881335068577065,0.0,-0.27147504601238254
2393ba5a-0749-4845-ade2-f187999ed044,Darby Slick,composer;lyricist,writer,,,1967-01-01,1967-01-01,1,-0.4376820413677751,1,-0.7127338099693385,0.0,-0.27147504601238254
dff0d392-4cd5-4052-9fbb-f485df3891e5,2 Chainz,writer,writer,,,2012-01-01,2012-01-01,1,-0.4376820413677751,5,-0.024881335068577065,0.0,-0.27147504601238254
7c20f558-d664-42bd-b6f1-81acf9dbb72d,t.A.T.u.,performer;samples from artist;vocal;writer,writer,,,1984-01-01,1984-01-01,1,-0.4376820413677751,2,-0.5407706912441482,0.0,-0.27147504601238254
c025f0d3-c7ea-4d72-9678-98f55b25ea14,Javar Rockamore,writer,writer,,,2018-02-14,2018-02-14,1,-0.4376820413677751,2,-0.5407706912441482,0.0,-0.27147504601238254
fb8119a1-596c-41ff-bc98-0c0659fbda37,Elvis “Blac Elvis” Williams,lyricist,writer,,,2008-09-29,2008-09-29,1,-0.4376820413677751,2,-0.5407706912441482,0.0,-0.27147504601238254
0211be88-dc0f-4002-a1de-4001bb359d51,Artemas,lyricist;samples from artist;vocal,writer,,,1994-01-01,1994-01-01,1,-0.4376820413677751,2,-0.5407706912441482,0.0,-0.27147504601238254
3cb25fb2-5547-4b05-adec-1a5e37830d46,Lionel Richie,composer;lyricist,writer,,,1977-01-01,1977-01-01,1,-0.4376820413677751,1,-0.7127338099693385,0.0,-0.27147504601238254
3241363a-f7c0-4d3d-b154-d0b7132067b4,John Bettis,lyricist,writer,background vocals;chorus;classical;instrumental;pop;stage & screen,background vocals,1973-01-01,1973-01-01,1,-0.4376820413677751,1,-0.7127338099693385,0.0,-0.27147504601238254
fc63a914-272d-4b95-9221-61adcce6f793,Gal Costa,performer;vocal,performer,,,1944-01-01,1944-01-01,1,-0.4376820413677751,0,-0.884696928694529,0.0,-0.27147504601238254
29eead4d-3793-4625-8727-c03edbb38b8b,Soulja Boy,lyricist;performer;producer;samples from artist;vocal;writer,writer,,,1999-01-01,2001-01-01,5,1.6255448516653654,15,1.6947498521833269,2.001,-0.03968336398185225
d5709a02-30e0-4967-92ba-e584d8c21c72,Gerry Goffin,lyricist;writer,writer,acoustic;folk rock;jazz;r&b;rock;soul;soul. r&b,acoustic,1964-01-01,1967-01-01,2,0.07812468189051006,5,-0.024881335068577065,3.001,0.07615455807238578
13bcb2bb-db37-4397-baf5-e0f085be2d64,Rick Ross,writer,writer,,,2012-01-01,2013-01-01,2,0.07812468189051006,11,1.0068973772825651,1.002,-0.15540544811403603
b8a7c51f-362c-4dcb-a259-bc6e0095f0a6,Ed Sheeran,composer;instrument;lyricist;mix;performer;producer;programming;recording;samples from artist;video appearance;vocal;writer,writer,alternative rock;folk rock;pop;psychedelic rock,alternative rock,1967-01-01,2021-01-01,2,0.07812468189051006,4,-0.19684445379376744,54.001,5.983888582838525
b904d624-9e05-4398-8f4f-88fbcf022f79,Barry White,composer;lyricist,writer,,,1973-01-01,1973-01-01,1,-0.4376820413677751,1,-0.7127338099693385,0.0,-0.27147504601238254
2abc5fbb-f1fc-4f6f-9150-c701233e2086,JonFX,writer,writer,,,2018-10-25,2018-10-25,1,-0.4376820413677751,7,0.3190449023818037,0.0,-0.27147504601238254
a9044915-8be3-4c7e-b11f-9e2d2ea0a91e,Megadeth,arranger;performer;producer,performer,,,1970-10-05,1970-10-05,1,-0.4376820413677751,3,-0.36880757251895785,0.0,-0.27147504601238254
216e79a8-2243-4c25-8b0b-44c96c0cc55d,Tanner Petulla,writer,writer,,,2021-05-27,2021-05-27,1,-0.4376820413677751,2,-0.5407706912441482,0.0,-0.27147504601238254
dfe7421a-e4a8-4330-8fc0-f69777e7b707,Carl Mo,writer,writer,meme,meme,1995-01-01,1995-01-01,1,-0.4376820413677751,3,-0.36880757251895785,0.0,-0.27147504601238254
0f50beab-d77d-4f0f-ac26-0b87d3e9b11b,Roger Waters,composer;lyricist;writer,writer,hardcore;heavy metal;rock;thrash metal,hardcore,1967-01-01,1979-01-01,9,3.688771744698506,11,1.0068973772825651,12.0,1.1185800186384738
23c8056b-ee13-4cfc-a772-2f5292e35bb5,Jung Kook,performer;producer;vocal;writer,writer,,,2018-05-18,2020-02-21,2,0.07812468189051006,12,1.1788604960077556,1.763,-0.06725278943076089
f82bc155-c490-4b5f-bc5c-8462ecbdef01,Darryl Jenifer,writer,writer,alternative metal;alternative rock;hard rock;hardcore;punk;rock,alternative metal,1986-01-01,1986-01-01,1,-0.4376820413677751,4,-0.19684445379376744,0.0,-0.27147504601238254
512161f9-5225-4f6a-b770-94acfcfe5da4,Sam Sugarman,writer,writer,,,2020-03-22,2020-03-22,1,-0.4376820413677751,7,0.3190449023818037,0.0,-0.27147504601238254
f8c5d264-c107-4fa6-806c-d7951624a477,Herman Rarebell,composer;lyricist,writer,,,1978-01-01,1978-01-01,1,-0.4376820413677751,2,-0.5407706912441482,0.0,-0.27147504601238254
603198dd-1269-4100-b802-f0c7f4e40b4c,JaBorn Jamal,writer,writer,,,1997-01-01,2018-07-13,2,0.07812468189051006,8,0.4910080211069941,21.528,2.2222837399712536
0d21c07a-387b-4374-a193-0d85e90b6bdc,Stephen Cummings,writer,writer,,,1979-01-01,1979-01-01,1,-0.4376820413677751,1,-0.7127338099693385,0.0,-0.27147504601238254
622b6000-ff0d-4ab3-9e98-c4916f3692c3,The Front Bottoms,producer;recording;writer,writer,,,2013-05-17,2014-06-17,5,1.6255448516653654,0,-0.884696928694529,1.084,-0.1459067385055885
2f67ee1b-164a-4cc1-9d8e-7fa5f67d4b45,ZVC,writer,writer,,,2023-03-17,2023-03-17,1,-0.4376820413677751,1,-0.7127338099693385,0.0,-0.27147504601238254
f81cf9ba-53fc-4b02-88ca-853689320111,Matty Malneck,composer,writer,,,1936-01-01,1936-01-01,1,-0.4376820413677751,2,-0.5407706912441482,0.0,-0.27147504601238254
2588180b-9819-46b3-93c9-0fa89dd199b5,KK Johnson,composer;lyricist,writer,,,2025-04-04,2025-04-04,1,-0.4376820413677751,5,-0.024881335068577065,0.0,-0.27147504601238254
33c573df-4e2a-4e28-a27a-13382af11fe5,Allen George,writer,writer,,,1990-01-01,1990-01-01,1,-0.4376820413677751,2,-0.5407706912441482,0.0,-0.27147504601238254
7ef691ec-b82a-4c58-852a-45ae2ed6d7b6,Niles Hollowell‐Dhar,writer,writer,,,2006-01-01,2010-01-01,2,0.07812468189051006,10,0.8349342585573748,4.0,0.19187664220456957
9c802738-0e1c-4494-9458-0a4e6920755f,尾崎雄貴,lyricist,writer,,,2013-08-21,2013-08-21,1,-0.4376820413677751,2,-0.5407706912441482,0.0,-0.27147504601238254
a0e8a1b1-5f8f-475a-a253-17415c17d0ff,Mac Miller,instrument;performer;producer;recording;vocal;writer,writer,country,country,1974-01-01,1974-01-01,1,-0.4376820413677751,2,-0.5407706912441482,0.0,-0.27147504601238254
a0723a3c-4135-438e-85c5-012712144ede,Don Toliver,lyricist;performer;vocal;writer,writer,,,2018-08-03,2020-03-13,5,1.6255448516653654,17,2.0386760896337077,1.61,-0.0849759915050593
62bb6e21-a116-45a0-bbc5-6c13c8ed97e6,Sleep Deez,writer,writer,,,2020-02-21,2020-02-21,1,-0.4376820413677751,6,0.1470817836566133,0.0,-0.27147504601238254
ab1a3f85-e0ea-470a-af5c-175447ae774c,underscores,composer;engineer;instrument;mix;mix-dj;performer;phonographic copyright;producer;remixer;vocal;writer,writer,,,2000-10-10,2001-01-01,2,0.07812468189051006,6,0.1470817836566133,0.227,-0.24517983770607052
46f29ffe-7479-4365-bfd0-fd8f2bb1c7bf,Hugh Martin,composer,writer,christmas;christmas carol;christmas music;folk;language: english;piano,christmas,1944-11-02,1944-11-02,1,-0.4376820413677751,2,-0.5407706912441482,0.0,-0.27147504601238254
cbf9738d-8f81-4a92-bc64-ede09341652d,Chris Cornell,composer;lyricist,writer,,,1991-01-01,1992-01-01,2,0.07812468189051006,1,-0.7127338099693385,0.999,-0.15575296188019871
db03280b-e3c2-4ba6-8f62-75c30eee1118,Andrew Goldstein,writer,writer,,,2022-06-03,2022-06-03,1,-0.4376820413677751,5,-0.024881335068577065,0.0,-0.27147504601238254
cde7d2d7-0177-4301-88a5-a21e10006b01,Eddie Schwartz,composer;lyricist,writer,,,1980-01-01,1980-01-01,1,-0.4376820413677751,0,-0.884696928694529,0.0,-0.27147504601238254
381086ea-f511-4aba-bdf9-71c753dc5077,Kendrick Lamar,composer;instrument;lyricist;performer;phonographic copyright;producer;remixer;samples from artist;video appearance;video director;vocal;writer,writer,,,1992-01-01,2019-07-19,5,1.6255448516653654,16,1.866712970908517,27.546,2.9193963548936583
ca1dcba2-792c-4550-abf2-7b45396e81ca,,samples from artist,performer,,,1998-07-01,1998-07-01,0,-0.9534887646260604,0,-0.884696928694529,0.0,-0.27147504601238254
1e9177d5-7804-4b2d-b270-9127a2c47259,Ricky Fataar,composer,writer,,,1972-01-01,1972-01-01,1,-0.4376820413677751,2,-0.5407706912441482,0.0,-0.27147504601238254
bce2ec89-f0c6-45b7-bd83-5defc66e6bc2,서태지,composer,writer,,,1995-10-05,1995-10-05,1,-0.4376820413677751,0,-0.884696928694529,0.0,-0.27147504601238254
488d4c04-9ab1-4cd1-a061-efac28c5261d,Boogz,composer,writer,,,2021-01-01,2021-01-01,1,-0.4376820413677751,15,1.6947498521833269,0.0,-0.27147504601238254
16f7e748-59b4-4705-959c-9276be0ebf6a,Superheaven,writer,writer,,,2013-04-30,2013-04-30,5,1.6255448516653654,0,-0.884696928694529,0.0,-0.27147504601238254
c6160117-ebe4-44ba-8f00-da8ecaa0c80d,David Dallas,composer;lyricist,writer,,,2011-04-01,2011-04-01,1,-0.4376820413677751,3,-0.36880757251895785,0.0,-0.27147504601238254
3e067675-95e9-4d57-b493-45c10272d14b,Onterio Davis,writer,writer,,,2015-05-16,2015-05-16,1,-0.4376820413677751,5,-0.024881335068577065,0.0,-0.27147504601238254
16243662-8538-4746-a0fb-0d15b5828b8e,Neon Trees,composer;producer;writer,writer,electronic;house;pop;synth-pop;trance,electronic,1981-01-01,1981-01-01,1,-0.4376820413677751,3,-0.36880757251895785,0.0,-0.27147504601238254
e56aee57-d90e-40cf-a70d-beb70f6f3c69,KAYTRANADA,composer;instrument;lyricist;mix-dj;producer;remixer;vocal;writer,writer,,,1997-01-01,2019-12-12,2,0.07812468189051006,4,-0.19684445379376744,22.943,2.3861943996780006
1ecff755-607d-4130-9a8a-8873f27e5de5,Jerry Garcia,composer,writer,,,1970-01-01,1970-01-01,2,0.07812468189051006,4,-0.19684445379376744,0.0,-0.27147504601238254
89ea85c2-c90a-46ea-93db-9bed95d5c8f8,,phonographic copyright,other,,,2010-09-28,2013-02-03,0,-0.9534887646260604,0,-0.884696928694529,2.352,0.0009757466591852957
ebfc1398-8d96-47e3-82c3-f782abcdb13d,The Beach Boys,arranger;composer;performer;producer;vocal;writer,writer,,,1972-01-01,1973-01-01,5,1.6255448516653654,10,0.8349342585573748,1.002,-0.15540544811403603
0a622da7-a691-49fe-be58-20d829e695f4,Rick Selga,writer,writer,,,1983-01-01,1983-01-01,1,-0.4376820413677751,3,-0.36880757251895785,0.0,-0.27147504601238254
01d3c51b-9b98-418a-8d8e-37f6fab59d8c,Sufjan Stevens,arranger;audio;composer;engineer;instrument;lyricist;mix;performer;phonographic copyright;producer;programming;recording;remixer;samples from artist;video director;vocal;vocal arranger;writer,writer,,,1965-12-03,1965-12-03,1,-0.4376820413677751,3,-0.36880757251895785,0.0,-0.27147504601238254
a6be1f1c-548d-48c2-a207-fa79fa4ffefc,Jean Daval,writer,writer,,,2009-01-01,2009-01-01,1,-0.4376820413677751,3,-0.36880757251895785,0.0,-0.27147504601238254
67930b3e-e00b-469f-8c74-fd69f20522ec,Sade,arranger;performer;producer,performer,acoustic;alternative rock;art rock;britpop;classic rock;contemporary r&b;funk;hip hop;indie rock;pop;r&b;rock;soul;stoner rock;swing,acoustic,2000-01-01,2000-01-01,5,1.6255448516653654,4,-0.19684445379376744,0.0,-0.27147504601238254
04c39fec-5b44-4f11-9c73-af4f562334c7,Tor Erik Hermansen,composer;writer,writer,,,2012-01-01,2023-08-18,6,2.1413515749236507,43,6.509717176488657,11.628,1.0754883116342973
83b9cbe7-9857-49e2-ab8e-b57b01038103,Pearl Jam,composer;mix;performer;producer,writer,,,1967-01-01,1967-01-01,1,-0.4376820413677751,4,-0.19684445379376744,0.0,-0.27147504601238254
7692fa75-533f-425c-a2b2-7d8330d1926f,Grant McLennan,composer;lyricist,writer,,,1984-01-01,1984-01-01,1,-0.4376820413677751,1,-0.7127338099693385,0.0,-0.27147504601238254
e1a3a069-1ffa-4b46-b549-c11cf9b2b4d0,David Mackay,writer,writer,,,2006-01-01,2006-01-01,1,-0.4376820413677751,4,-0.19684445379376744,0.0,-0.27147504601238254
a0d62b71-62c8-4cff-b708-64c1be011202,Robbie Soukiasyan,writer,writer,,,2018-03-16,2018-03-16,1,-0.4376820413677751,2,-0.5407706912441482,0.0,-0.27147504601238254
ba2a6b88-f467-48d0-a503-5f098aefd54e,Carmine Appice,writer,writer,dance;disco;funk;pop;soul,dance,1978-01-01,1978-01-01,1,-0.4376820413677751,2,-0.5407706912441482,0.0,-0.27147504601238254
b65c975f-4eaa-4bd4-9d10-704a80e92548,Dominic Miller,writer,writer,,,2017-06-15,2017-06-15,1,-0.4376820413677751,3,-0.36880757251895785,0.0,-0.27147504601238254
dfe9a7c4-8cf2-47f4-9dcb-d233c2b86ec3,Amy Winehouse,composer;instrument;lyricist;performing orchestra;producer;remixer;video appearance;vocal;writer,writer,contemporary jazz;jazz;non-music;poetry;pop;swing;traditional pop,contemporary jazz,1930-01-01,1930-01-01,1,-0.4376820413677751,4,-0.19684445379376744,0.0,-0.27147504601238254
9689aa5a-4471-4fb4-9721-07cecda0fa9f,A Tribe Called Quest,composer;lyricist;mix;performer;producer;recording;remixer;vocal,writer,,,1993-01-01,1993-01-01,5,1.6255448516653654,5,-0.024881335068577065,0.0,-0.27147504601238254
5139d541-5d2c-4e4a-804d-b4437d985be0,종섭,writer,writer,,,2025-09-26,2025-09-26,5,1.6255448516653654,20,2.5545654458092786,0.0,-0.27147504601238254
bbc5b66b-d037-4f26-aecf-0b129e7f876a,Jimmy Eat World,composer;producer;recording;writer,writer,,,1995-04-04,1995-10-28,2,0.07812468189051006,9,0.6629711398321845,0.567,-0.2057949442076296
9c2b375c-ce68-44a8-90ac-e06b177f43f9,John Bonham,composer;writer,writer,,,1969-01-01,1971-01-01,5,1.6255448516653654,7,0.3190449023818037,1.999,-0.0399150398259607
0ef3f425-9bd2-4216-9dd2-219d2fe90f1f,Lenny Kravitz,arranger;composer;conductor;instrument;instrument arranger;lyricist;misc;mix;orchestrator;performer;producer;programming;remixer;vocal;writer,writer,,,1965-01-01,1965-01-01,1,-0.4376820413677751,4,-0.19684445379376744,0.0,-0.27147504601238254
9a6a4007-d50a-4bf6-9014-40808a498af3,Joe Beal,writer,writer,christmas;christmas music;holiday music;language: english;pop,christmas,1957-11-01,1957-11-01,1,-0.4376820413677751,2,-0.5407706912441482,0.0,-0.27147504601238254
917db695-9ae2-47c1-85ca-5b074e5cbd75,성연,composer;lyricist,writer,,,2020-09-16,2020-09-16,1,-0.4376820413677751,5,-0.024881335068577065,0.0,-0.27147504601238254
53f73b92-14d1-4dda-8aec-962457fa17a1,John Sullivan Dwight,lyricist,writer,christmas;christmas carol;christmas music,christmas,1955-01-01,1955-01-01,1,-0.4376820413677751,2,-0.5407706912441482,0.0,-0.27147504601238254
