mbid,listeners,playcount
777a21a8-0d0f-4cf3-86b4-65bc0eba5649,2121606,49349863
703c557f-82bb-4646-ae2f-b5a3ef3f6148,0,0
25848dee-8562-4a78-b375-3a80b61da629,19286,135707
3e7bcc53-53d4-41d8-afbc-69f82b858fd9,31,403
43a0ce3a-a3d5-45c0-b944-bd8f5e021237,1,1
89aa5ecb-59ad-46f5-b3eb-2d424e941f19,2073739,322759467
0c3505e7-d884-43cf-9028-d318607190a4,1645731,77904741
04bac789-bf59-4383-8ad7-799d20d969f7,1474488,15445280
e99e2c02-0ca7-4687-897c-efedbe5b98c2,4,8
5ab9fb83-59da-4510-941e-fd42189199aa,0,0
68cff6ec-3751-4bd5-9254-f4a77fe7e08f,45876,392597
c8975bbf-2778-47ae-accf-c584e644450d,12,249
bc601632-cb0c-4a0f-ba09-8f335ce5ca2f,0,0
e6ce60d3-f08d-4f02-837c-5a3022df17fd,0,0
b2a55d82-85fb-4ae4-885d-f2b96f1a726f,1,1
d0693759-d13d-4661-871d-0eb8500acecc,11109,24442
7944ed53-2a58-4035-9b93-140a71e41c34,2659439,61729740
63aa26c3-d59b-4da4-84ac-716b54f1ef4d,3975828,363796450
92776515-4c09-4cc0-8f9f-4f8b7218b10a,0,0
0b966a38-5ad9-43c1-b86b-c07079523165,1382357,60284895
be797221-0117-45e3-81da-996f8d29db62,31963,219190
fc4568b6-cbe3-4a3d-8409-28510c19e3e2,2054,20920
e888bbab-c4b6-4e06-b93d-4cc388d35059,2,4
0a7920d5-135b-4bca-885c-ebd79f0d5d9f,1588326,37421620
ece590a3-ae0e-4311-bcf3-ee07cfb7b4f0,132142,777773
a383f062-e527-4a57-98b0-9205b2f8f171,7304,33258
4374e50c-f57d-492c-bd70-c11422f7fde6,8,47
95095667-9471-4946-a4a3-d0b3eb7edc48,0,0
ea719716-da05-46f8-bbd5-cc5803db3d0e,105,750
f287b207-b425-465f-a103-b912fbb0dd28,318,791
f3fc0db0-65e7-49c8-96d9-d0b7c1e23c81,199,2814
12327d75-47d5-45d9-84c2-3760b9210c17,714435,14122305
b7d92248-97e3-4450-8057-6fe06738f735,2556152,132436116
7e1e5648-1d6a-4248-975a-98603e781848,1155823,99776302
46ca8889-f33e-46ae-8379-09f48bc84897,0,0
d74dafbd-e974-4393-9d01-3bc2d81e2dc8,6407,96780
aeb6fd9b-6050-43cf-8a8c-6dbcb6ccabfa,0,0
9f0a2d07-e414-4829-85df-b0d801d8ee32,12139,56090
be092119-86ca-40fc-ba92-7626b8568b25,93,260
871fe26f-544d-4275-a5dd-af5442d15b92,1260612,49920383
f7b6a303-2abb-42ce-bb7a-b84fa52bb585,87,133
373a4c98-a46b-48e4-86ec-f6ca65b4f438,1351281,58559918
bb9fe2b7-87fa-43e6-95ca-bc4592d8d5bc,40,156
a0270d23-e6c8-4202-a85f-8cd0a9bb2579,19,46
e821a756-487f-4931-a02f-27cf11cec7bf,546236,8041322
eb28cee9-090d-4f96-8490-5504180caa45,1,4
cc197bad-dc9c-440d-a5b5-d52ba2e14234,8826768,753994718
a0b77a10-ecff-4b84-b1f3-008391038d67,2478,9834
9c5f0dca-d34c-4091-9e92-545e5899caad,15107,38828
9fb2e361-6b56-44ae-b276-50e46e8f8688,20362,76079
2f522f5c-111c-4ce8-8bd0-d82e97c227ad,2078836,46654121
cf3bab56-feda-41ec-9aef-a9a31b1ad97e,678,3070
dda1353c-6395-455b-8b2c-20a59ba61962,0,0
863cd67a-33d3-4394-b8d4-eaf7c123427c,1098,2101
93c4a677-a00b-4067-b594-4dcdbc5c9d44,11,54
1130da4c-32e8-41d3-8951-ef224590d64b,3491,20059
5780ff53-6dfa-4835-80dc-71c7316208a5,4582,17099
262cf0ce-2af2-4686-a8cc-d6b33e97336d,656417,27370488
7ebebd5e-98f5-4511-bf51-e1ebe17bcb36,0,0
29ed4a49-fb99-4a5c-8713-609cabe6f34a,1102325,21411506
b78346af-e3ce-4b36-a0d5-032414de8a27,292772,5646462
ee1e7008-03ac-4324-9653-70d847e4c4f6,297,774
cc2c9c3c-b7bc-4b8b-84d8-4fbd8779e493,5435711,306264374
53e1c16b-d6e4-4086-b3e6-a6fd29ab0321,30,1145
23eb93f3-52b5-470a-aee1-11b76336ae41,3500,8354
c36ddabd-84d9-400a-91e9-e7c51b246852,19,211
3d2ee04c-c21d-424d-91da-afd66258438e,7444,42598
2873b450-13c6-4ca1-8ca3-646c25af3202,1397694,54056499
f545eed4-cd4c-40a3-89c0-edf4d195e52e,170377,995062
7bd9e20e-74b9-446a-a2ed-a223f82a36e7,2880014,36391602
33bfd0a3-ade2-4b57-a1d5-7d024dbcb381,6182,54716
409538d4-488b-43fe-a4a3-49a3a80cc78f,522,2873
f0d4e169-33bc-4ab7-8054-df73c65323e4,7207,32050
ff98b821-de0d-4a0e-9002-507bf323a97d,14240,29049
2eb55bd9-cfbf-44fd-a5da-92dd825284c7,1173609,51434630
2df5b6f3-70b1-4e60-b954-43f1b3625c0b,9463,440421
5e010e55-68c7-48d8-a4c5-d511dc8c100e,929,25676
e99893a1-ba5f-49ee-9e52-3de13f1018b8,1183,18733
f7625f34-1799-42a4-a1c6-22b5377c767b,759546,68204686
3778a413-6202-44c4-a11c-aaeb78feb7de,31442,129854
dbe7fdf7-81b2-418b-b3f6-81ae71532f40,965557,53836941
188711ed-c99b-439c-844a-ca831f63a727,2197521,153651949
e864aa1b-5dc6-4f76-9425-c5d98e289d3e,316894,3443900
785a76e3-02db-4a36-bc13-9369d53be151,0,0
8b173ace-1599-47f3-84b5-946368b7e229,49,70
c01c2efa-01d6-45d0-b8d8-3c6ba29db474,2,36
00793456-2e3f-49ab-9439-84efe81dc0e2,20419,102399
ddb01e3e-0e38-4c47-a4e8-2cc0c13b8388,12,39
04af2581-6692-4f14-a7fe-151a36f20368,2200882,41221346
a16371b9-7d36-497a-a9d4-42b0a0440c5e,2057526,135217704
1fefa8b3-806b-4ab9-a066-66574b22aa16,76854,1394828
7a8dbe84-f4c0-4457-bfa3-edced1f8cde0,1111300,19690605
7e61db22-e0d5-4999-87b0-af5a85c63baf,0,0
0627192d-4fed-4f4b-bad8-383bb42fa8fa,489047,8559181
f07dbc2f-317b-470f-bad4-5f1b0eb6faf1,1067229,46116688
75167b8b-44e4-407b-9d35-effe87b223cf,2618577,107089000
2b2a7e94-fdc6-4c2e-859c-441faa4089cd,3,7
a717be4f-8b3d-4355-b33c-2b84f88fe40d,379202,2450893
e08e97f1-c5d5-4ac7-b2f1-aae617990640,0,0
0612bcce-e351-40be-b3d7-2bb5e1c23479,1115585,21526724
479497d4-e7c2-4e78-972e-56e78fac3995,1880846,29035454
44cf61b8-5197-448a-b82b-cef6ee89fac5,5375782,541081079
42aaf916-f453-407f-b39e-d999f6aeee4d,0,0
d43d12a1-2dc9-4257-a2fd-0a3bb1081b86,4022721,166595651
b10954d4-0b15-48a6-9333-5a4c7169da51,120,987
b10bbbfc-cf9e-42e0-be17-e2c3e1d2600d,6300464,1047875551
03f8ade0-201a-43ee-90b4-96c36dc591b0,2613,17855
937389d5-d59e-4233-86d8-dacba3d5270c,2,34
eb3fdcb8-6607-41d5-9387-edd648f38bc2,69,404
5501517e-57b6-46e3-9736-e49ee657da7b,0,0
6bf692e0-baac-4428-94c3-423d52508cf0,35951,465786
9b71ad4a-df8e-4142-88f8-4d757ba18f55,0,0
5c6394b5-3af5-43f2-83c0-a061750ad233,0,0
2aaf7396-6ab8-40f3-9776-a41c42c8e26b,2369334,91602880
b7ffd2af-418f-4be2-bdd1-22f8b48613da,3477786,305442806
1d01b5f5-182a-4558-a057-2f3a109cdbcf,0,0
784bf112-03cd-444a-af31-0d63e7ea651f,0,0
3798b104-01cb-484c-a3b0-56adc6399b80,4147777,157763932
c0050289-6969-437d-be83-0fcb608ead5c,57356,295294
fde17fa5-3238-439f-ab1c-c37671e3c3b3,560,2942
697d4510-c3fe-4e96-bcc9-34739bccde8f,32920,331428
fa4b5ec6-5f3b-48a8-9fc2-c714f9781ecd,11,28
7b46472b-adda-4a9e-a6e7-824dedff9200,987110,38011768
c1a18927-020f-4241-a08c-53d2630473b8,4395,51306
e5e045da-59a3-4b65-8bb4-3c7f3ac9a529,544054,18307690
39352b9b-e3f0-46f4-8c69-ef17d541e603,3,4
e780a5a7-a7ce-4390-983e-0171b91e15c1,13,79
f213b312-92d8-4180-8483-02f26063cba5,1221,9396
9034f787-3e79-44fe-89c1-8a082d556eec,372370,2568438
60ae155f-2d68-49d5-90cf-8093f80dd046,408,2952
fe7e6678-935e-44d6-87ce-87ce7d948a5f,0,0
91a81925-92f9-4fc9-b897-93cf01226282,2619314,82208380
5157aeef-07da-41b5-b16c-5c5fb81b4f75,877,4905
b4691384-50c3-4afd-9988-51d3ec5db65d,3181505,259890235
fe73aa73-4e0f-439e-97dc-3bf0bfaecbe2,0,0
e8c7f193-0db6-4175-a469-ebce1c340429,100,537
789f6768-5830-4b08-8b4f-f38566b2eb1d,100862,1061209
463b50bc-3384-4991-b2a9-5dc573e89291,14817,221251
4e5119da-3d88-40e1-9aff-ddf660ff715b,0,0
22192191-5e78-4339-8406-62d2d9590b39,39695,345116
5cbef01b-cc35-4f52-af7b-d0df0c4f61b9,2604941,129825888
87940179-76a7-4fb7-a8d1-2e4cda09dd61,0,0
11433f50-a7da-4dc2-8ca8-84b5d160e20e,27044,203868
17b53d9f-5c63-4a09-a593-dde4608e0db9,3195130,88677379
1ea888e8-3406-41b7-a516-5e743540a442,73,308
c83430e1-1b8f-495d-a9f9-dca75d46da58,0,0
6838ca8e-da88-436c-a0fd-6d3a7e832f1f,771659,11556180
338c8478-01a8-4851-a65a-3f42ae14f2dc,4809,15895
ff748426-8873-4725-bdc7-c2b18b510d41,119126,709567
f7ba7fbe-c6bd-4ac0-bee9-c25c558d7d62,3302658,52014259
ea1e93f4-d005-4897-90a9-e065f837d7e2,0,0
d4889ce7-b66b-4de5-9c88-088d2e18492c,4,4
9f3576a9-ef8d-44d2-bd05-0c3ce1ea691d,188,1456
0cc4efd9-b2db-4428-a646-82f04d653d58,2835,14689
aee63f14-ab80-4b37-86e4-d06fe05a898c,125343,957263
bc1cc75d-ab68-41b2-a135-3b62f41ea266,26175,202655
0e21491a-18a5-40d9-a68c-a651a0fda689,2269,6374
f5c29b24-f309-46e1-bc75-001f19b1edd0,3,20
8f4350e9-c567-4cda-9b10-d44ac1b9a9f4,0,0
5d06fe54-485a-4a07-b506-5f6f719448cb,165330,1715224
dee1716e-c54c-4cc1-92f6-625a0f48c4b2,2677,14197
46e35005-303b-48f8-bf30-f477fbd6936e,68,166
57944f82-e5fd-4f3c-b344-f3f9651c6931,50,160
277ae4fb-4f7a-4bfd-af15-7d36f19ac09a,0,0
85d76093-9865-4605-97fa-8c910929d366,0,0
4bdcee62-4902-4773-8cd1-e252e2e31225,2735480,78377305
42a636a0-dbe4-4d0c-abe2-1590fad9531b,312941,2720778
970ec984-5b9d-49a8-a1b3-3c0d6c7d5c34,565931,21251572
d4659efb-b8eb-4f03-95e9-f69ce35967a9,661116,11146799
2d170347-69aa-4245-9950-c3a2992abad6,1,2
bd01c9d7-89dd-4cb4-9baa-a43bfa292bed,627667,7829556
88be6065-91c5-409f-aea2-8c39a333d59c,2881,6694
b9bb7959-bdcf-45c2-a73a-0ac2e4333c2f,2773,40876
06ef7219-6c9b-42e0-a81e-9ce6ab164d13,0,0
2ddd167f-5b8a-4372-b350-6ad50493bac0,3485993,94491920
5a42040d-2ae5-4e2a-a362-22e7b19d993c,445867,9786835
c9cd225b-4883-428e-82c2-73e0b6282fb6,1032467,60267461
8546949d-f46c-45ab-8391-85b26dda6b65,658202,11110463
7cf92ae7-264e-45a6-aa22-d6f3118eb0e4,741,2158
764b0653-1855-40a2-85dd-98dabecb5efb,221342,2309018
410bbb19-8309-4a0b-9f87-3d65bde4a826,684433,11711976
70f5bb6e-9b87-4500-9c9f-2e1d373d07da,409641,6758058
010a8a3d-f197-4ec8-b67e-d7cb0326c50f,41,509
23a79d0c-0034-4348-8844-705b7cda6d13,55,258
2b1e7c27-2663-43df-9c23-8601e173e6ef,415101,72662808
d352f5dd-3023-4565-a7bb-52396bf8821d,1327814,18603402
2fddb92d-24b2-46a5-bf28-3aed46f4684c,3425208,169426975
f4fdbb4c-e4b7-47a0-b83b-d91bbfcfa387,4200169,1001926734
48e5f8d2-93c9-486d-9268-d5ebd2253ac0,499,2487
ba45b249-1b65-491a-b194-5d57f47c8e84,0,0
88c3a7e4-b2bc-4723-803c-819adaf68ef6,33513,239751
ba0d6274-db14-4ef5-b28d-657ebde1a396,4379968,241876752
666ffd5a-d1a7-4945-8f42-26a36dc8281c,0,0
d574c9bd-46f6-440a-8d6a-8412a283eeb1,2399353,27799773
0dcee02c-5d2c-4f5c-9d60-d58a4df32d9e,1287,14603
4d09d3b4-e52e-4863-b5bf-f4219cda3573,0,0
8718bc90-8712-4456-9359-e705851be657,2,8
3f6a5e0d-4288-43c1-94f2-aba26fbe6292,3698,15458
756335e3-00c1-4094-b878-b28d70477fd2,891,6190
c5eb9407-caeb-4303-b383-6929aa94021c,3592980,124010612
cd689e77-dfdd-4f81-b50c-5e5a3f5e38a4,909415,374040161
b89a3568-9d87-4da0-97e3-97b30348d098,43115,216103
5bdbcb6d-1f30-4c29-8501-f63b6445fd77,11363,55256
e1d6c52e-55e1-403e-a2cc-50b07362198e,12464,139415
94e2f6fe-37ab-4e1f-b145-26cb80069503,0,0
761abc87-7ad8-4b40-9bf6-f80f1ad30f4e,6,8
96855c21-b832-4366-ba12-0d2330c36a86,2029699,269503020
23a03e33-a603-404e-bcbf-2c00159d7067,4437813,206722353
63e8d6f9-e247-45c9-aaf2-e079cddbdd54,380927,2621015
253c9ae7-850b-46be-8fbb-65e9fa621058,1505697,129353764
c8b03190-306c-4120-bb0b-6f2ebfc06ea9,5052236,1031561208
20ff3303-4fe2-4a47-a1b6-291e26aa3438,2344962,36399600
0ab49580-c84f-44d4-875f-d83760ea2cfe,6383434,268337096
8a1c3e7b-e579-416e-bcce-3a782a33dc72,0,0
d9b5ba88-b57b-43d6-9ff1-51f53cbbf815,0,0
7cc42035-7d57-4f0b-be72-28fe90284f10,64,461
c485632c-b784-4ee9-8ea1-c5fb365681fc,5086767,211226851
418fe547-4bec-48fe-8df0-ed25e27f4570,1072305,55687204
a96d82a0-cdca-40bf-b4c8-3d7ec178d85b,1539411,22813681
0351a187-ef26-474a-a090-4e9f0fb1f84f,0,0
ffbd09fd-30ca-4941-8e83-968c31076891,51137,263442
c37dcec0-48f7-4e35-9a69-cbb81213cd09,0,0
58cb5169-ad58-4820-baf0-63f6dbd94eb9,3,16
2386cd66-e923-4e8e-bf14-2eebe2e9b973,3464369,87144563
c6ecb060-2a9f-43b4-a657-440150548c6d,235,1251
144189b9-e06f-46bd-9cbf-71c2b9aec28c,0,0
ef326b3d-61f0-4379-aca0-21237d696d63,1496413,428880701
e4a51f17-a57b-47b1-b37b-f552d0f8e9e6,3156895,633924383
92a42e82-b36f-4308-82c1-68bad2e03c89,1979118,50228510
9b46bd1f-2f9e-46bb-9a68-4e24c644a137,72977,626288
ded9fa6b-5141-486a-bc12-51c313e606b9,2211,9441
b5e59918-1d97-4f80-829c-a2db9f531faf,0,0
5c882e22-3467-4cc3-8c77-6595288f3b39,2385,10690
f1f81989-dfa9-4bd3-805e-dcf3900c43e3,189645,1990393
48b2fec4-8262-4834-9bf4-75be00bb9993,40,285
80cadd99-f560-41e3-babd-16292bbd248a,3108306,192782063
7808accb-6395-4b25-858c-678bbb73896b,2307406,88216607
aead4f9a-43cb-4223-af9c-83048d9c1984,10151,117457
a1397091-6ac0-4c6e-bd55-de0d62f52d12,1446,13781
3765dccd-b659-4298-9211-15c3f73b40bf,58855,475062
96800e05-9924-4321-859a-76e0d4750f2f,819030,43549776
b940b832-506c-45ef-9f3a-40d5d053eb27,199,448
00136dd9-1047-4999-af1f-d709c5fa09f9,6887,30769
4e954b02-fae2-4bd7-9547-e055a6ac0527,864551,16993096
83d91898-7763-47d7-b03b-b92132375c47,5351208,584234256
c7020c6d-cae9-4db3-92a7-e5c561cbad50,3900110,113781529
2ba21c9c-e36b-4031-a4c3-20d925d226d3,41,133
f8e12ed8-1d24-431a-b7c9-b8dd6db867ff,53,199
b1570544-93ab-4b2b-8398-131735394202,3030843,226932616
a2dce1c9-f3ed-4022-a742-ae14d91f32cc,0,0
905a8f9b-03dc-4f47-b9bb-ecce7ea13ab1,98693,424158
ff4c8d42-4871-4778-885b-d41b01245133,201704,1336265
ac6cc156-eb47-4c98-9b04-b57ece512950,20383,51996
2c418d76-0069-4bb5-bd13-bed68da3ba25,1,4
ec3e1298-23c5-4c39-bb2b-ae6a588afdeb,352872,3489009
c5f259d0-abd8-418e-81ee-3965fd4e4e9a,1991624,26100520
1b0ae75d-8006-4656-9408-8e1b02424ed0,19,57
3e308b4a-c8d0-4883-8c38-e2953002a882,3,5
d9b295f1-9634-47bf-a290-b3d91681a88d,0,0
791da60e-0108-4400-9e84-ca2fe8e74b64,0,0
aa659468-db56-41c9-b6fe-61f4bb2ef1a6,0,0
cff102cc-236f-4936-a1b7-0e80a1d28ff7,45022,167532
c53f2749-4c19-48fa-b99b-5f4c11297b2c,3290,16120
8b98f267-a203-4e69-a6cb-996d4cfecaf7,106033,456283
5a69d52e-e9ac-40cf-8b94-d2576c66ef85,0,0
711cf846-2944-477d-b841-4189792d25b4,0,0
88991326-cbc7-4a03-b4f4-94e4a859b6c8,1,1
5a052a86-65e5-4ac6-9a43-3008a1fb3881,299,1444
e8674a18-6b6c-4a88-9252-d7f8661bd671,90,318
3394771a-a36b-4739-bcd9-301d09121af8,707,2707
1ee7489a-af64-4ca2-9041-c1d8588b3a97,10106,57404
87ae83df-6173-40cc-a0f2-bad543faa6aa,1402840,51510305
05ec340f-c772-4995-9256-092c6931d098,152477,1299039
817c68f4-e110-4529-82fa-aec902e9768f,637306,10194711
bdacc37b-8633-4bf8-9dd5-4662ee651aec,2303704,134857020
ff1cafa3-7ed4-4ed2-afbb-d1f263d607a8,1153062,38551734
39787cc4-b614-485b-86f2-91c99ddf2f93,129,517
28737730-ec70-4da5-89c5-77ac13c5c34d,2191631,90677331
7cb6e306-a75b-48b4-be00-2c4aa6bbe3a8,1198918,28049339
15d7ee5c-f9eb-4a3a-9721-0edb0b21f168,67547,513826
ab13b249-4880-4538-980f-c9e48bed1844,0,0
1c26f82c-b35d-4c8e-a1f4-9c20747495c9,1113569,135167754
7d661adb-5d8c-421a-aee1-bb6f4c0c0992,3431,23482
d9550ac2-7bcf-4655-a3fe-24922e254a74,586119,95075536
7e959acc-3f7f-434f-ae8f-aeadf92bad80,90553,640553
260b6184-8828-48eb-945c-bc4cb6fc34ca,3545973,643671856
a9ee533f-8871-4f62-a6bb-91eb264abc90,2638159,167735469
e0ffdd76-aef8-48ed-b850-b83208589dca,16,151
02669ae0-7b21-4648-8a2e-04a28aaba9d1,10,15
7e2900f1-2c19-4371-9bd5-4c07826f45ef,1,2
e70235d5-f15f-4750-b916-42aadcd579a7,2,5
2b1ec960-982a-450d-a27b-d7a77a1b40ac,276202,4301835
2ffba2ce-d1ec-4a83-bafc-f515577cc106,10620,60376
1edc84fc-d7af-401f-876f-954d2a02209e,1182,2888
af49ecbb-a0b9-4805-9cec-f97eac794c81,1244,8028
43225337-b9fa-4fc5-b4cc-990b72fd149b,0,0
60206a25-37e1-4617-b036-71f8a965412e,7,9
1e4e9db7-5068-4a9c-bdd0-5777e47172c8,1560159,128994308
56576619-c9e0-4e66-b2cc-f9795025448e,74415,788989
0eb93ee5-2e6a-4ab4-a988-99c9139a664a,83,617
c33c2065-b1c3-4406-b066-d33a9e2ea71a,4171017,129983941
2342146c-053a-42c5-8618-d87474d01a5e,12,58
49204a7a-ed85-407a-828f-6fd46f1d8126,1660603,301612367
71bcb5be-394c-4c04-bb38-35982e8a94d3,106549,905958
618b6900-0618-4f1e-b835-bccb17f84294,3345918,79870206
44cc2d70-819d-4fb1-a65c-5c693419eea0,36568,238308
37d0a847-32d3-480f-bd1e-101f50a3d332,2350065,52399987
f0e17f11-0748-447b-8dc2-ec44d2425650,83,2377
e9f2c808-cf43-4d52-be4d-ea3311f0a4d9,8232,70037
8ef1df30-ae4f-4dbd-9351-1a32b208a01e,4060588,98165315
ecbe0f51-b540-498e-907d-bfaf2fdb75b0,143816,704723
035bc391-d7dd-4a68-8321-fa1e02697fc8,351,921
b787b4f2-ad08-43ba-845b-c3393a8079eb,43214,256762
e09bfd0b-2118-4bf4-bd4e-1d5e245e6d02,37666,204524
bfeb843d-d3b1-4308-b81a-8dce7c2eecbe,84,544
8aa5b65a-5b3c-4029-92bf-47a544356934,3007891,90842487
4bbc8087-548d-4484-abd2-5b1f4c1a7940,364491,3474606
c1708d03-8a66-46eb-848e-fe0d233ffb39,0,0
48878cad-3a64-42cd-998b-72d37631c9f6,353,1504
5c1fdfd8-20de-4eca-846e-478d9252c32d,55,450
13d92e1d-d230-4827-84ba-14643630751d,247,495
23207c32-6743-4982-9f46-e297b2e4eb14,463242,4161218
79b3801c-f1eb-46c4-b486-4d42cb691d25,0,0
f58094e4-5c56-4421-abde-e83253b5f581,0,0
99e1e676-31a5-4c0f-8e36-05553532f9fa,8442,40505
e6c48159-cd80-499a-af7b-bbd92cc057b9,30070,202173
f084dc81-1b43-42cc-aeb4-6888b530c66b,10,31
f09efc2c-210d-4a94-909a-20a233a75ec6,33232,424428
c141b586-6892-4af6-9a50-2005df8b94da,0,0
f5dfa020-ad69-41cd-b3d4-fd7af0414e94,3751506,85351393
d385327c-34d8-4259-8f16-d6939ec99ebb,3,44
0cbf7f60-2e29-4b92-a5ec-5b913b630cd6,3143,19912
cf0dbc16-4e24-4957-b5b4-955c8978f690,740575,192094135
21e6aab7-8077-4351-b013-f3f29772714c,7,7
ce8dbfe4-3ce7-41e9-9bb3-13e35c053318,151652,1521586
0d198fa9-490a-4a71-ac56-e7ee37888396,186,750
fa58cf24-0e44-421d-8519-8bf461dcfaa5,3044707,600606445
67f66c07-6e61-4026-ade5-7e782fad3a5d,6185630,351541703
b342d50e-401c-4c77-b7e4-2b3e7beaf00a,241115,1088258
8328b279-1863-487b-976a-58a62b85220a,797545,37646581
83aeb2c4-579f-41e7-96d6-73dc1173edde,0,0
5ec1ecc6-4535-4911-a27a-e26343f4a189,1691535,96183105
21645c31-fe1c-45a4-955c-3e172b12c3f9,1231449,100858720
65c351fd-bcc4-47fe-b7b7-15bb4912a8e9,52,240
d8fd8d9b-473b-4f06-83c8-869b1bb9de89,1597316,95239119
3451be55-9f9e-4baa-b57b-fcce1b664e98,0,0
9491138a-e451-4026-8d03-d20bcc7f9f2a,11109,64664
7999a8a1-6cbd-4453-8dd4-ebd03a10e44f,1532455,80276725
20c9c2de-e23c-43a0-8706-7c5bfdb1d31e,346669,2399245
44c64a30-1d58-49c5-b314-6e02fba49526,169928,9682125
0211756e-139e-4b4c-a721-9ee9db363f12,69952,583535
3a052c99-8c18-484a-8beb-9873b4fb3106,1823422,56655151
23e6234d-d57c-42e4-a7e9-e84e072adb25,29,748
4a08f237-59f6-476d-a98f-66b19a7470ed,0,0
2d9eca62-e738-494a-827b-a4f7a847d75c,416,9385
2006a0f7-04ed-48bc-8a60-0e01b95f5095,20465,309163
7eb1ce54-a355-41f9-8d68-e018b096d427,3038927,381281170
db8d33d1-80b3-47c0-a71c-cffdf227521e,0,0
ef73e6ed-9096-4ddb-9799-b94874d0ce33,1552650,20029310
fc7ac183-74f9-417a-bfbb-8c5840d01fa7,517,1422
592da4c4-9618-4a1a-a944-e60c05c39037,1610651,34594084
14ec11c6-d275-405e-999b-d7629633e51d,69,207
b1cfbd77-bda6-4de8-a344-eb2f26c4f1ef,67917,717684
90023d8a-3907-45ec-a2aa-b8da61a6d0bd,107,355
a9d1d9b5-968c-486d-8a97-6077885f2ab8,1126796,24917798
83735edd-f2a3-41d0-a31d-652bc3cadb3e,725542,6101289
32f02957-6de6-4663-bf2d-0b3aa0662384,22668,189078
1d8b8292-7dc9-45a1-8cdf-818148cb56ea,18275,98164
fe27eaad-5cce-4d3f-bcee-a55cb05779bd,31241,63628
43f28d78-3566-4fd2-bdae-a15bb6342d16,30152,400721
29fab96f-c3a2-4251-80f6-7ccda50da706,937745,30509656
2244c1f9-773f-4541-a4fe-ee6dc4f2ce60,889977,20167706
8ccf5657-92d6-4f31-9527-ba1fb90530b3,0,0
dc6341b6-2914-4fcc-b58c-985733b43f16,0,0
b8dda016-7150-4b5f-9b64-f12ea82882ae,0,0
9118f524-be76-4eaf-875c-ccf15e2a2ad6,1629150,127609134
d6ed7887-a401-47a8-893c-34b967444d26,2683633,97280794
e96edb5d-52c3-4ba9-8097-9a4e8c5e2f88,27983,150641
64facc0b-6e13-46e6-ac3d-c6c1653598cd,14,29
0e48d6a9-7a38-42ae-9356-65ad8b6e977d,61,168
4b807f4a-ce62-494b-bb5b-05372d6b0ae9,0,0
071d8ae3-e92d-41e1-bc21-378d33400d1d,4,13
543727f8-971b-4433-a208-9896b0785dbf,0,0
194e5e92-0f2d-4d81-b5b9-c5f18d9edd59,227971,1219257
c777f839-67ce-4d26-99de-8a6707ad1b44,0,0
38dd6337-19ae-4793-ab4b-313eff523457,554370,6687011
f99ccd31-b368-4b40-bde8-8fba740c8466,2,2
e9a9acf3-673e-441a-90a6-8d05e8e1e892,1777,7164
c47026a1-3300-4cf7-80df-8b9462a884e4,47533,307231
d7557f83-02a4-47c4-b48e-ac9d49f9c92c,24629,95692
628afe17-d46a-43c6-82fa-074cc7ed3b3a,4,19
668391a3-cf69-4cd2-9d18-12e82fec15f2,146,501
bfa30cb9-c909-4ffe-bc45-2a957455b03b,0,0
d12cfa67-ad97-4b34-a71f-1dcce737f5e3,8,8
42ba45d2-4938-4bf5-9121-5caffc719c4d,77364,434302
05517043-ff78-4988-9c22-88c68588ebb9,2065064,51646539
69681b02-05b8-4685-80cb-e98983b7a96f,1823839,96870164
79c6b6f4-cb92-4f03-a1ef-82e7aa4eddbb,198793,8464895
c6a951c5-534d-42d7-a06e-2a3a7be1d17e,0,0
9011971a-df29-4b57-8889-2e5e9a645cbe,1850339,62421929
37b2cb82-ef79-4d46-a184-a549450aa231,2178683,203861132
5a6131f9-f8db-4722-b4d7-6a0c7183c590,0,0
2d623e82-73e2-4179-9c44-e963980f2d58,663649,72291370
e4bc69e2-a064-4f93-ada1-f7f209cc1cc3,3022336,194108657
1c294418-722f-45a3-a24d-910f9b6f1502,758250,9096519
e2c00c56-8365-4160-9f40-a64682917633,1840647,34813755
9484dbd2-849b-42e8-ab23-a3c1b9012e9c,12755,36106
f7ec7f63-91cb-4dc8-9d2e-01ed242fd088,2,5
fcfa9543-e113-4ef9-9ef6-455ba4cbe7af,1489276,24791508
5bb2ca9b-4862-4770-bc64-ceab41d13f5b,13569,76491
f57d8a69-ed3c-4d18-8bce-0083b162fae6,61905,225254
875749d5-a6c6-4ea7-94b9-21c90a2c1a63,0,0
0b1b3996-d4e5-4b04-986c-340d57ae8d3b,0,0
9964ddf9-f660-46f7-8f26-1f3fb18cf0ff,9451,156704
f526f656-ad83-46ce-be57-a5814c57e757,1803,11286
2093207d-cb69-4789-866b-5ac772c9ebd3,126954,1864518
7ef79f87-2ce7-4826-8890-8033cb77b077,4,140
1964d560-1e82-4879-bd6e-3cbfb7dba01e,202520,1269289
61a57a2a-4c7f-4b41-8109-1070a9c32242,1194408,38178344
dbc997aa-da05-4dd3-a36d-a07af8f862d7,38215,269866
fb7272ba-f130-4f0a-934d-6eeea4c18c9a,2201280,36288618
e6fdf3f9-8077-4126-b0cf-94da9a8b627e,1665092,144614441
749a2c41-0829-45ad-ba25-1a45f8578d03,99,290
134cb0bc-06fa-42f7-8078-b0c858349975,1766554,73998555
0e3f65bc-f2c8-4a57-a47d-11868eefd4b6,0,0
e5c9209e-be5e-44e6-a154-f3b2dfe71794,1,1
527c65d1-9fdb-4482-8796-dde2980bd63a,396197,3464553
d38c64ea-a084-49c5-ac73-f57ef53f1195,402,1823
42a8f507-8412-4611-854f-926571049fa0,2371161,64219488
6ee43bdc-02ba-4cfe-89b9-57dab37cb87c,908,2763
a8010e51-688c-4f0e-a97f-757696b28e7b,7201,17788
1f4e9049-6ee4-4b4e-a2b7-4c47721d9f62,1,1
a5f58cd9-6a88-4f66-8d20-cf9c8a4f4c41,5953,16478
a813f779-77e2-42a8-a34a-cbd581fc0313,11194,60877
df6c619f-4334-43e2-8b6a-4a32af1e4f85,817488,49266316
6bcc1ff2-65bf-4ac9-bb5e-560d2a30ca7a,171067,1454961
875203e1-8e58-4b86-8dcb-7190faf411c5,3682256,274226488
efb1cf08-8a85-4fa8-98d8-636d0a7c6e33,1368,10809
ba853904-ae25-4ebb-89d6-c44cfbd71bd2,4624547,186428815
edf81f9b-d3f0-4d57-9636-d08e851b1640,1367665,35156471
269340a7-0a24-4827-86af-550fc6ae6322,33498,267353
c3318701-8e8b-4dff-b43a-2291b1ffa312,0,0
896d6f37-d44e-4592-b06c-cd5ba0320886,0,0
3830382e-d3ad-41b2-8024-6f1fe424bc5b,71175,477637
3a9d80e7-564a-418f-91d4-0cb7fee9965e,28680,191792
7e5a2a59-6d9f-4a17-b7c2-e1eedb7bd222,2527615,186922599
54d8e9a4-277b-4d3b-8ca1-a79863c1e379,3133,15355
ff294730-0315-440d-a543-54005779c15b,2562085,39315892
7a1eb805-2242-4daa-bd90-c1ed350e2e48,818671,38491106
6c271707-9c98-4024-b6a0-818569ce9028,503419,9018584
afbdfac9-2955-4404-ae22-c08bf1c1b51e,1678069,30598134
535f74d5-8328-40ff-9cea-568ef916b3c8,185235,1089719
277ebc64-df06-4d60-bb95-fe14936870b2,12,87
2547c5e3-314c-4332-981d-f18c902a4086,523154,12138046
3862342a-43c4-4cdb-8250-bfdbfb5e1419,1755453,94944854
d07bca29-d980-4100-8cad-065a05f2b343,0,0
6fa2e161-200e-475a-8492-3755594581f9,915,6299
ce0724ab-2d63-415b-bbb1-839f97bb771a,395050,8117576
f7db159f-a8d7-4f67-a81c-82e3e3f6e9f3,2459,9030
65e60a4a-4e52-48b3-ade4-bdfed2c94b3e,652523,36074588
30199a54-282c-46c2-bd0f-e9567b120a67,3983,41608
9fa8fdc4-91f3-4266-81e5-3c42e943217b,0,0
a040fae5-844c-4014-9e05-2175e0d80a51,601,4489
be0d7749-0974-48ba-93bb-6e974ec193a2,653731,48505952
509086c2-9cc8-4e77-89e9-322e34240ffc,4916,14409
1c009a08-74d1-4682-bc56-8bfbe9e66b62,2098812,29571339
9daf6754-682e-4afe-84ae-5b35c61e26e9,1010,3094
3ceeddbd-fba5-4bdb-99f7-2d028ed5afda,1082165,93888987
ee27b2d8-648c-4a9d-a68c-e55066959975,2172639,171331412
788c12f0-a1f8-4166-8048-2bbe2b6b193e,4684,23517
2d4bc2de-8c9b-4006-945b-4508a4b0db32,422,953
1662397b-22d3-45cd-9c96-20350ec12e98,3128,51631
d0417cd9-dc5c-48e2-9a1b-5a5a51c804cd,2,24
796bc8a9-efd1-43e8-bacf-5eba68835928,476954,20793200
1ba1d493-7114-45e2-b163-a36d49a0c065,1782530,49211399
3e8f2f3e-25d9-425e-9bd7-ee0b47bb1785,43,114
1d543e07-d0d2-4834-a8db-d65c50c2a856,2188389,34901553
f4857fb9-e255-4dc6-bd01-e4ca7cc68544,2731006,97262067
2594e97a-9b01-415d-850a-ce39879c58b1,0,0
25e7bc9a-317a-44ab-87ac-dc5617110d54,1247,41909
24d311f8-da82-4068-896b-ca061deaccb6,56,146
f332a312-e95b-4413-b6cc-1762a5a6a083,105,581
32ac762f-9d80-4dbc-a0c6-898de0592dac,4378,252837
677e31f1-4035-463c-8ca4-41175440c919,1155386,126072627
14aea021-97ec-48f0-b69b-8a177c7c72ad,103121,1555748
58e2c1c3-fb2a-4251-a667-fc802908680f,56,888
3332c24c-39ed-414d-afdf-87cdef7ddabc,11,32
bea9772b-b952-411f-9499-6d834735cf75,0,0
c5ce487b-0462-444e-a184-4de0fef7e028,844748,13497496
62879ad9-1594-46ff-a2f4-bca5207a8fd6,17,186
942a9807-9c1a-4a0e-a285-1fde2c5be9d1,2702247,55074359
87652f88-2b02-4f72-9e55-1a4e70c082cd,6,34
62046ffd-7d76-476b-bee5-b281b7575c6c,18988,282920
a6b90dc0-e22e-44e1-890b-87900bd9aca6,170569,1661373
d9c9cfb7-f751-4fb0-97c0-b3ddd768bc78,362060,2015365
669c4d37-2913-49b0-b5ac-c628fcd6f403,29871,111794
ac01e9ed-5e42-4016-ac13-52c4df3d66a9,177939,3834379
a7412cd0-e0b8-4fa1-8d24-75bb92a84946,448271,4419860
a54d9cd2-1359-4ea3-98a1-fe068fc66814,57409,340280
401c3991-b76b-499d-8082-9f2df958ef78,3101285,62143604
3599a39e-4e10-4cb5-90d4-c8a015ebc73b,1936531,60062248
8e494408-8620-4c6a-82c2-c2ca4a1e4f12,3557774,410517545
610b71d9-fa78-47d6-9073-083922e73840,1247237,84496869
23273a24-72ac-45ea-b7ad-7fd486b7eae2,5941,60371
e823eaa2-6e16-4675-9450-ba89bb02e5ca,7534,57963
28658c41-ae08-45dc-b593-42d393df1381,2351,19167
4586735e-6673-4eac-934b-a0bfbcf9ddb9,0,0
7527f6c2-d762-4b88-b5e2-9244f1e34c46,3996820,509384171
c01560d1-6f69-48cf-a3c6-c94b65f099b1,3242,19181
ddf488d8-f809-47a0-adb3-95bbc7aa20f0,896,6958
c7b90dd3-5962-4ef8-926f-f40020720a01,199,2886
526a6127-7f4e-4797-8ae9-927a6e29e2d0,160301,1447415
4439c2fd-a754-4f6a-b3a6-791b47726156,703361,3954668
a22c5b56-9119-4420-b853-34ce0d867918,403,1260
9172ba7f-5912-474a-99d3-33d01ed082d3,96579,1176677
e8500b78-d8de-4232-adbc-bf08668ffec8,20237,384281
25aea3a4-c594-4d3e-8759-7984c1a93820,1,1
c4b87e45-c07a-460f-9c58-8d15328e2964,2413,31703
271973a1-7177-4bcf-9a01-ac75d3691035,477300,7965115
0aefe635-8ab9-48a7-9a17-243d35ffd49a,0,0
d06f65d2-26e0-4d40-95e5-22592917eb52,6725,37131
d4d17620-fd97-4574-92a8-a2cb7e72ce42,3210721,57765622
90df1c5c-0c89-44cd-8552-0273007dfd27,8509,30209
e39a514f-f4f3-4ec4-8cdd-817c756d5291,4,8
4da8a075-9db8-422e-a154-57386c572d88,171479,1397825
a0b8cfb8-40c6-4f3a-887a-bb571cd711ef,0,0
656b39fb-979c-4c57-bb87-61d1a8eb38d1,87429,1283757
5dfdca28-9ddc-4853-933c-8bc97d87beec,3108306,192782063
ec8033d3-33db-4018-bdc4-7e7437160821,17,322
8dd98bdc-80ec-4e93-8509-2f46bafc09a7,4785674,193803299
8a360e61-0dcb-4e29-91d1-c54ebb70568c,949,19668
599fa573-8816-4dbe-8439-2f4d486ffb8e,59,1054
210bf857-3387-4a7e-9301-7eb9c66800d6,100625,973240
64b94289-9474-4d43-8c93-918ccc1920d1,3867396,118809155
7e8235b3-39a8-41ae-b77f-9c693631b802,20,133
e9aed5e5-ed35-4244-872e-194862290295,1711467,35663645
bb92cd9f-0446-42bb-adc7-b6f7c5bea2e3,112013,1955237
b57656ce-7e16-42ca-84cc-882067041e4d,45,143
1ecc1f71-2512-442a-a85e-3c79d9ddc5cc,772145,5814245
3b39abeb-0064-4eed-9ddd-ee47a45c54cb,817025,19801274
3e1f2ee4-16be-4406-bf18-6173840cf2b1,1985481,48745435
100d7963-5354-4692-b9ac-d3aeb3eaaa8f,301,1104
254401f5-0db4-4856-bd24-6c2a7f0ebfeb,0,0
d8433dee-d1a8-4b40-b27c-40bc53481167,99687,1066188
9aeed8f0-471d-42ae-b160-175dadbfb44b,1763,8057
f69e15c5-2768-40b1-b251-0e3271d00e53,0,0
32673e42-5ba2-4528-b3fe-a000a0c606e3,523242,3278841
ad279295-653f-42e1-9aaa-b731df2e78ba,2678127,86238393
2ebbf6bc-77f7-4759-8784-63bd77c2712c,1454,19104
b727ffed-79ab-4905-b20d-2a8df5335929,145,830
daf84e36-f78e-4c94-a032-6aed138c0d34,1226728,28012923
3018e348-be53-4f20-b468-1a10213745b2,0,0
0f1d5b01-8784-4870-9bd6-fa43178b9441,109529,2149511
ea72e02e-5dc4-41d5-acee-55057279aae3,100170,1158203
97bdfc6a-da6e-407b-8713-543156ed322a,0,0
f687f9e5-92ce-4fc8-a2b7-454c3dfffc32,105396,1148098
6b5d7d4e-c64d-44c5-8af3-6acd9ccd55ed,438,1214
a94a7155-c79d-4409-9fcf-220cb0e4dc3a,3127331,135278442
dfb786ef-29d1-4c4d-b94d-4d83e85c7d33,25237,113698
6ab31970-6077-4906-a185-cbce90c1c8b3,1154,3421
5191f332-8c44-4775-a070-d517cf7e5ecb,9220,57150
584c04d2-4acc-491b-8a0a-e63133f4bfc4,3914671,132467347
10361de3-1b9f-4da5-854b-4a4dc8a12faf,18,70
2d1e278a-61d6-44c0-8d21-9145a810bfbf,1,5
7782d2b8-146e-4eb9-9e1c-6e59b855bcbc,9,24
d530dad4-81e5-4874-808a-d708039289fb,166881,1793509
2e41ae9c-afd2-4f20-8f1e-17281ce9b472,4243483,83474853
bf4fe7cd-7d38-41d2-b78a-fdc7c6b08929,421,1541
94c338ff-1985-4429-9dc8-997b61bb5932,3031899,44247709
abe4416d-616c-4e61-a3be-62ac6d1bdc4e,7,14
add5f522-25df-41c4-815e-0ca9f60b83e4,1484283,63033478
c1f1cf38-1fee-4106-871d-ac392a28b91a,1242073,46172664
3bf30073-ce4e-4207-88d2-ad83677b0387,1617210,12056858
fb7d550f-7518-41ba-95db-33db5287d8e2,91263,694702
2f237389-5603-45eb-9024-dbc05d2c840a,13180,182984
ba991ec6-049b-479f-9020-be2a84dc1473,0,0
c414371b-3377-43b5-9dc2-2a20254ed520,6434,22495
13655113-cd16-4b43-9dca-cadbbf26ee05,4628766,109747856
6143403a-df6c-429e-8ee6-ef869896b0da,1208662,28409323
5706885b-7712-4be3-b809-db026e07d3a7,35290,309747
c531feae-1252-447e-b14d-38ec4ae73042,0,0
283fb96d-1f5c-4b74-9bea-3e4504f07fa3,61284,551344
9efff43b-3b29-4082-824e-bc82f646f93d,4628760,221781034
dcf5807c-ef1f-4291-b452-6824080ecac4,1274591,8154494
7c33a306-87ad-4cb6-9f69-bfdb8586b302,3313,11572
d9ef5bac-9f88-4559-932b-63d753ef6161,0,0
eab65757-b949-421f-b870-9246541c83b3,0,0
372304d0-5e6a-4030-bc2b-09bdb0ee8abb,97440,939985
ea4aa8bb-0547-4405-8252-e8139a18a516,111,341
ed32d69b-7666-4eb8-b865-fe9a361e10e3,6,52
073e2522-a8ea-489d-b53a-19729cc8664e,115,617
2dad5809-0d9b-40cf-85cf-2f8828ffaaf0,0,0
5db88fae-df24-490e-971a-1b3fe8d373ea,1064416,34058179
30a67440-bf0f-4460-999d-8c056c18ff0e,121,295
c5bad957-7f5e-4394-8e17-ef7c360b5e9c,0,0
84490b56-ff86-4492-be8e-ae565b50f97e,24602,116194
3b233cca-b1d4-43e5-93dd-daf5fe323e42,0,0
883cbf1f-dcaa-4d17-b9ed-394e1fdabc87,1956007,118763293
e49f69da-17d5-4c5c-bac0-dadcb0e588f5,821170,24127457
fdcfe3d3-73db-432d-8a34-10540ded35fb,1440,10032
8a0b0e89-72e0-4c2b-81a8-f1365165c717,11573,47516
404c5c4c-7d08-44e4-9721-68a824edc144,29242,257080
22bb3c13-87b5-46ac-8dc9-553b6579c2e6,33214,195686
21a89505-10a9-4ac0-8388-833bc07b9f86,2043379,214836851
3762a304-9821-4a67-8b82-da866c436761,12038,73852
caa55324-f5b2-40c4-9c5b-52d57d3f772a,0,0
0fb606f5-f95f-4bf2-bdd8-79771f36a97a,244,1385
f06c6acb-cbf8-4181-87e4-6660ef75036c,0,0
fabb37f8-eb2a-4cc1-a72a-b56935bbb72d,3716882,172739863
55210efc-9dee-4e81-8741-7af235084e7b,74877,566870
9181e544-f535-40a7-9f9e-66c5fa92ab52,0,0
05044348-08c0-4132-b9d5-ef85023173d0,5521,37550
e0e1db18-f7ba-4dee-95ff-7ae8cf545460,4530782,261808002
bb3cbea2-5ad4-4917-bc84-8a1975d40315,1028844,17367744
650e7db6-b795-4eb5-a702-5ea2fc46c848,7437203,964308141
38d64df7-5b7f-42ca-9d98-9541640ca84f,398009,3171971
4071e367-ccf8-484e-a269-bc80ba61e4ce,60735,613751
b3036249-8b39-4d02-a312-d31a63497bbc,1015,3616
54751645-0f65-4529-9526-35285ae252b3,14181,42031
516cef4d-0718-4007-9939-f9b38af3f784,4859560,394128349
680a0350-cee3-49d4-a85d-7c9f4657fb97,1635919,60867771
5bec856f-b78b-4216-8af5-1c0c6365bcbe,2352,24346
70c60e51-a155-4dc1-bd99-ed11df29a6f1,3,5
766235d5-2ceb-4172-ad73-b316d8a1264c,29,154
e0e1a584-dd0a-4bd1-88d1-c4c62895039d,3603595,115040009
47d7b25e-585b-4c97-b98b-411b21a53379,168819,3010356
ed58cf08-77c2-4265-ae0e-ccb3533c0982,16069,106662
f32d8c5d-d662-4499-8910-6aa6a01d574b,149,536
2c449bbd-b19e-456b-af78-f2e592ff2245,675,14301
6e61b52a-9001-4638-9f10-f684c180a749,456916,50401343
afd1a907-afeb-466e-a730-7ddd2021b1a9,93,454
26f07661-e115-471d-a930-206f5c89d17c,1865839,56886809
4a4ee089-93b1-4470-af9a-6ff575d32704,2911713,138363500
1b9ac64d-680f-45c1-93af-fde816cf8091,4,28
24845bf0-2140-4ca2-92bb-de817ac96268,250222,6636953
21551f7d-93f2-4cb7-ba71-7f260058e923,75134,504373
30e036b2-8674-472d-82bf-2b869ad28d99,9,247
5860586a-2e79-4c24-b041-c087ee051470,10,55
6f1de078-6684-4792-820d-2ffad64c15ed,3031621,124705750
f37b3f31-b1f8-4b88-8cb5-b34f709b17d7,2212092,43632151
859d0860-d480-4efd-970c-c05d5f1776b8,6186719,660279919
bcfff8eb-3a09-4053-a6b7-76aed86f2ac5,1367,7292
c0a1179b-b14a-4d68-a3c1-1fdab16ed602,1916964,42090628
fb56cc34-2ab1-4621-ac18-9bf2895e5f4f,529990,8950297
c9900c10-fe1d-497e-9484-60c03e756992,49039,485858
3ecdd624-0fa0-4dfe-9498-5a4801724d3b,884,2725
afb680f2-b6eb-4cd7-a70b-a63b25c763d5,4932641,262585622
7cf0ea9d-86b9-4dad-ba9e-2355a64899ea,3255076,100000631
f136771b-40e2-4f5c-936c-bcb478b18c34,17,84
b9545342-1e6d-4dae-84ac-013374ad8d7c,1008199,87544071
3b4e8a00-22d2-4451-87a7-c1a0454d5bbc,116,1741
59d6cea7-3771-4ce6-8c02-395ac5ba927a,1030158,35172838
a4103168-a041-4008-aee2-fa64096d9d47,842,2399
e9946500-8638-48bf-a130-8e2a291d03b2,0,0
9787f0a2-f657-4210-a630-131efd6f2a9d,18428,85487
d8e41375-bd8d-4e39-9da7-f0c171e97086,2172203,38523598
c2865da9-f277-4396-815c-e92525e36997,0,0
bca46a0c-25c9-42ca-98c2-e64c8a5e337e,1132851,56702219
79f083f8-b24b-457f-80c2-122fc8f2908d,9801,23616
52a5221c-b206-4372-812c-70426e58aa1e,0,0
6298cc0a-0e42-484d-af50-c431df6465d2,8718,144522
6caccdc6-5cf9-4634-a676-2f607629e837,0,0
0d212894-db54-4cc1-9ded-3cac50183a1d,8379,105093
688178e7-2308-4e8c-8e6d-66a025f895fb,190702,1318506
6f8f3635-3ee0-4c43-b8c2-ef7cf6615959,0,0
25b7b584-d952-4662-a8b9-dd8cdfbfeb64,3199802,313375641
e7c8472a-a21d-4fef-a73f-8ce730d02ed3,1,2
068b6c09-e30f-4df4-ae12-9da76f8c50a0,1,12
e5963d26-01fa-40f5-b200-e0127f410a45,1168315,15976785
56658e8b-5635-4278-bbc8-a532d5a0d4a3,0,0
69ee3720-a7cb-4402-b48d-a02c366f2bcf,5223120,371018122
47ab22b9-95cb-4920-aa54-7756113e69f7,133027,837702
bd53f9a7-8be9-46b0-bf7d-1deea3cb57bc,754365,10628694
f032428d-9454-4044-a83c-9a34cbfa6244,44025,521159
8452765c-bda8-4509-a869-b82f16006ad2,0,0
2ddf7a90-4f47-46b4-8ecc-a9743a1ab37b,898220,50256257
83cf2a60-3970-445a-bfef-3fdbe2a75f8a,2235,17071
eb811bf7-4c99-4781-84c0-10ba6b8e33b3,3627,12397
b9472588-93f3-4922-a1a2-74082cdf9ce8,4222052,293894748
bfcfa07d-da17-447c-9cef-58fee9338791,43,319
041cb26b-26fc-4816-88e7-27aac49c79d1,86,170
1f9df192-a621-4f54-8850-2c5373b7eac9,2638247,54252506
9854d99f-d954-4c0f-9ae5-58a0cdd885f5,1818029,28870904
f9c65c80-b503-400b-9e46-9c74c8267c51,0,0
1cd913a1-5641-4b2a-9624-a0417914e3e7,5133,69713
ff89badb-6553-4a10-85fe-0e1287950a27,42,245
8ce77888-cd3b-4014-b710-88f83ec93633,1162506,27024994
2fc6a88a-ed26-479a-9cd8-355830653062,1547,3871
924572a3-8ea4-4d4a-8a79-af61884cc7fb,0,0
c0daae21-ec2a-4dd0-a323-4f53f5945d04,1061212,79402804
094e4ef3-cdcf-4111-bb2e-7fe672c7ae81,3321,9875
1595addf-f76b-450a-a097-af852ff35f27,1090392,85186662
b3af279a-050e-48d8-ae16-bda20fc04680,0,0
54cf21b1-9a02-4a75-a029-3a66db21c545,2349,23157
d262ea27-3ffe-40f7-b922-85c42d625e67,4171052,97830622
4475c6a5-00af-4b4d-90aa-25d460b7ae48,29,158
03ea7e10-0b02-4437-8846-82ab2335e057,118619,1508231
3e6fba36-756a-4b9b-80cf-31adcdd17072,3584,85182
65380f7e-cb7a-4594-ae44-28ff55160746,52895,242358
dcad99e7-3c3e-4c78-bf8a-68203e17da48,537888,8821110
bf328740-beaf-4110-88d8-d1ca659d9d15,5921,25388
efc5c6cb-7720-49b1-9dba-c9f2fc298960,531,9428
c20b5d5f-9dc5-4b96-b76f-bdd043451db9,1,1
ac3a43db-8437-44c5-b8b8-740a7211dde9,345,1009
78898501-187f-4f3d-bff1-cf465c14de21,2,3
3ccd2160-2d09-4835-8782-0aa68faa278e,18629,107527
f0602f55-1770-483d-89bd-4bae0d0ac086,3624206,69497233
f8200cea-b5e9-4145-b5a5-1d0838f2c288,8,41
56505b4e-efa3-4721-853f-20dcdebe4431,60615,543742
6868834a-83b8-4fbe-878e-0d84395726f2,989,3756
5d02f264-e225-41ff-83f7-d9b1f0b1874a,3427574,108467886
2bfdb8f3-5688-4a85-9f84-88f5e840e485,0,0
598ec1f8-fddf-4be4-aa68-fe7de35a6afc,144153,2787085
ed5d9086-e8cd-473a-b96c-d81ad6c98f0d,2478124,35026724
8ddf3da1-dfa9-490a-93cc-7d4072319995,619021,6258662
1a43e9d1-9767-4e2c-893a-65f43e5b8561,5,5
9c102db7-a04d-4530-a83c-4cd169b99f68,12702,65674
5e652056-eacd-471d-96d8-636ecd73829c,0,0
db1a36ef-fa59-48a6-a2d6-d6da432fdca4,1058,7612
88795ca5-5bef-4253-ae0e-79a5d00e0388,14878,116507
b0eacf92-511b-4566-b72b-a5fed2526d73,30909,262171
82856c21-c448-4432-bc79-97009b7eb853,20544,115861
100b8734-f4f0-4536-9960-47f7c59d1b4c,1696821,163120110
1355d559-f13f-4c78-a7a8-02b6d747d94e,104528,705994
830e5c4e-6b7d-431d-86ab-00c751281dc5,2125461,185503197
0eb89e0b-adee-4175-b1f0-55a3531937be,331228,2747592
0307edfc-437c-4b48-8700-80680e66a228,3098699,59496757
002a647a-faf8-4135-9e22-2087aa0d7078,490,1069
43b896c5-5652-4b04-bde1-2e4224bc99b3,1061497,21818115
12718e0c-546e-45f7-ae86-9dbaa65797d2,99,432
c47284ed-a62a-4776-a468-6dec83ef1b32,2475,5031
8a78b436-b2c4-4391-bc48-8fc87232e5dc,14,32
52074ba6-e495-4ef3-9bb4-0703888a9f68,3049852,221826159
fe8fd37a-09d7-48f7-b1ac-1ccfa6b4170e,0,0
9c89b36c-9d3c-4f7a-8437-230b935b7c6a,2453,9411
92b92658-d411-4d36-a0c3-ce3d415bcec5,6585,51584
0a82fd0c-18aa-4410-b12a-6cb0f1507cde,53113,137983
8f64d6ea-3f6c-408c-b2e0-e5334b28dae9,1007166,67108609
16a43d5e-c52d-4eaa-9c3b-00b2c1d8e816,2114242,79121269
ece1c3c8-b16f-49f0-9c60-eb3029e929a9,626,1793
fac55e3c-d459-45ed-9f9f-f5078d3b3423,1313033,116109304
539a6364-1b25-4723-85fd-89fd6dfa51b9,15,45
86e2e2ad-6d1b-44fd-9463-b6683718a1cc,2653,47251
b02e4ca5-312a-4d2e-b087-30db9d5ec579,58567,353763
89d4a76a-d8d4-4600-ac9e-19415320b7f4,0,0
b4011cea-1bc4-445d-9f4c-a17eb3bbbed4,2,2
5518f8a7-a33f-415c-a175-a95dd2c855f6,2,3
329b4e2f-b2b9-4fbf-ba47-4e3676f84bf0,247,570
9176a2e5-ffb2-4d56-aecc-fdf1ad5d6994,0,0
31bcadcc-e1da-4cad-bec8-2f4f1d41b095,1710240,45403680
6de0f914-3e60-4418-be3b-42e0feb6eb4d,2981872,57401126
384dfb61-c597-4303-97be-667b571041f9,0,0
42e52c03-27bb-4545-8924-cabff6fab531,313,697
5e7ac01f-0a87-4df6-abf3-31a6acb33633,404064,3948016
3bd08e76-bf53-4b16-82ee-63f95ca5cdae,428149,3161937
d5be5333-4171-427e-8e12-732087c6b78e,5491050,141942634
407d7ae0-c297-491c-bd19-4185e2b12ef2,1055208,41749173
a0fc6295-3026-46d4-b978-84da18b34f71,41,114
fd9f268a-89ef-4577-81f4-efebc9517a07,104981,711359
76517240-0a0f-4817-862b-3596d578a994,1,1
9e5b5efe-fd35-4471-8745-628cb528983e,7,21
e67ae23b-80ee-4a68-bdd6-6da243f164db,3,5
6230a686-dd04-469f-937a-f30095e58fed,0,0
92885064-c9c3-4f4f-9100-0809548c9ec9,88463,420125
edc4f886-8d54-4908-b013-260bfcb50481,756824,14156489
5f606b3d-fab7-4d39-bcdb-f5d42edae945,630217,18642120
28782f2b-6ba4-4eb2-9b15-6d11978e1d5b,269774,5279477
f1106b17-dcbb-45f6-b938-199ccfab50cc,3063211,112463449
11953393-76ce-4081-9d36-1891283f5e27,0,0
476cc87e-9665-43bb-80ea-7e123390ac64,126,182
6e019bc6-5c23-4935-94f0-4a896631d846,2063020,71850295
d642aa48-79ef-4837-b8df-72ae8a4ecf52,361220,4594492
2849e217-6d97-43d0-b33a-4c580a3d7629,272,2169
41c9a213-7975-48ec-bd82-da16f99aa510,372,1093
e2345fdf-2be7-47c5-a6dd-be64353ad134,1458770,31124973
926a00d3-2dad-4153-a61f-8a256bfcf8c6,865,4530
fcde0346-8615-499b-8f25-c45b3fa92228,3530,22054
0a2bd34d-0cf9-4e34-9854-fd8990977d00,282,833
b201c562-a974-4c73-8bc2-41b204f694a3,2,16
31445b1e-96f3-4c7f-84ec-dd02e647e690,2385375,43661038
c896c760-f766-46fe-8e10-d8d0ac93e02c,1,1
526aab94-697f-44a9-b630-41d1c0505953,1456238,49122248
8fd3eaa2-dead-412d-a2fd-23fcf1cca009,0,0
e7b587f7-e678-47c1-81dd-e7bb7855b0f9,55688,478182
ae220349-f608-4cb6-ae49-530cbc7faacf,26,108
a63df8c3-28e4-41db-bac2-c6c6e8ff8f28,1223534,68014446
4cc51547-88ae-49a2-bf7e-0ef65ee7a94c,1530707,92102479
a1b61d0f-2333-44f5-afee-cc0c2eab71a4,3253,22574
b4b4c19f-021f-4d3c-b11a-911d4c95cd1b,3664,11524
4c671d5a-7027-4398-8055-03e61d1a3967,2349989,52102268
24b596e5-7da6-49f8-b2d1-ae9083968d1c,152643,1411260
5d1a6e5f-a190-4e26-93bc-51457f179412,83301,1018838
9181fc7d-a66d-4056-9b85-45d7b1bbaecd,0,0
e8979f75-9110-4df8-ac70-898898d080d1,934576,28677424
e0a34d31-bbf2-4f32-b89c-9fb0144b2b5c,20,25
b301026a-00c7-441e-aca7-8b01f6c88d96,2,2
ede97bcb-181b-4a3a-a939-b2c544193b5f,12074,120939
7ea95bc8-7c97-4b8c-baf5-f3720bc94b40,114003,1343498
b997f5fa-a728-407f-ba2d-4c43c7d883fd,140526,1371924
73e5e69d-3554-40d8-8516-00cb38737a1c,8005338,555176948
6a9e461c-e3c5-4794-a203-98a15daea2df,0,0
766d43ae-74f0-4ce9-af1a-81227742db2e,0,0
134150aa-338b-42fe-a0bd-f8e5a86fd1c1,3222,10514
55b83fcc-7f1e-4d2d-a8bf-751152fd9fac,3477,9416
901b1b4d-3894-4589-b97e-112092f87d87,15167,90480
459d3e59-d857-4ce6-ba53-21ee6575665d,283,3941
2a01113c-4661-45e8-b9f0-9fb393f524b4,3,4
e527455c-5f72-4208-b892-22f7271a9305,23534,118689
bb3882be-ca2e-4a93-b077-0f9792482964,2,19
074e3847-f67f-49f9-81f1-8c8cea147e8e,2695660,301091471
155cfd40-dcde-471e-acc0-32179916165c,237685,33541327
63690c53-d0e0-42bf-8c94-b66e195c61d9,2,6
33960990-c5c1-47dd-9d24-bd83a52d30f4,0,0
170ef669-69f0-487f-9700-9896ac966a7f,4411,21491
536812ce-bfa2-4026-a466-f5cdf1cc8d01,584,2443
923e649b-21d3-4b45-b109-50e4978002b6,1711942,83301460
2d0a77d3-719f-4301-acbb-9220b953c417,434,5494
73a156a2-816d-4b3c-ae2e-579da4b998bc,61,200
bc710bcf-8815-42cf-bad2-3f1d12246aeb,4229087,145775777
2f569e60-0a1b-4fb9-95a4-3dc1525d1aad,2926709,65901480
d1490c44-dccb-48f2-aa1c-9a994f5287d3,237,1196
29d59d18-89ae-4510-89a3-06105efda32c,164,482
c07f0676-9143-4217-8a9f-4c26bd636f13,4643438,493983000
12a7be61-0a53-4c49-99c1-62fc8e52ffac,0,0
cb59d750-a055-4603-a6fa-16c76ae4088d,82181,517243
be46b597-c98e-48d4-af49-aa7c0244c343,33,52
b46914b9-6289-4f86-ad0f-34147e680d21,0,0
47cd0173-2278-40b1-9e74-9bd87971cf69,6,13
1a1cd7f3-e5df-4eca-bae2-2757c9e656b5,3007344,70454531
2282c539-05a2-477c-82b7-fe40798d37f3,1087892,29495027
d87e52c5-bb8d-4da8-b941-9f4928627dc8,4157929,175840608
69b54f7a-b7c6-4081-98dc-77fdbb2027cc,20217,95620
4dbf5678-7a31-406a-abbe-232f8ac2cd63,2894384,51282520
94c46b35-04a6-416d-8c8b-12df90604158,74,623
c563a7dd-4bda-4fa1-840f-0f882849fbc4,1,55
79f80a4b-d09a-4212-9c22-327d8a8a845f,29899,346581
7ef0b97f-6256-4bec-8c31-f6587f969170,296,1469
11a76588-288c-4862-bf6b-9a6bb0e735f6,83380,972211
7e92584c-ca97-48bf-8a12-0327db0f6ac8,705102,32016859
1c7a2235-5d08-403b-834a-3f00b7a7736c,68363,346488
2bee95a7-1c0e-4b3c-99a5-4857d9d776dd,1342581,35708596
ce8cda9c-051b-4ab8-ad64-fcf13b80223f,0,0
4f9675d2-f6d5-486c-9b26-33dcca998500,3345161,49435236
4122e107-a90c-4ff3-8223-51cf490c022c,63570,228233
42221313-9b45-476a-8414-1166fadfa518,0,0
d6d45dda-2377-4faa-947b-e071efa085c0,1090415,78533982
ce6a13b9-7d01-4308-811e-fcee6fc53027,15,21
ae44193e-8d3c-4f12-81df-c686ecec6c73,2161,36682
92762a95-0762-4604-b5bf-0d4ff3961de3,318,893
7f9a0794-785a-4a2b-90dc-8a265ba05998,0,0
475506e8-b9e9-4af0-bb11-070bf22bb779,0,0
4744de58-e37d-49cb-bf95-c07a2effe462,11,26
5e366045-3176-4e42-bc2f-272b319093a5,573,13039
59db3d82-86ea-451f-881f-dffc8ec387c9,2333945,227156336
5e645519-a175-4fe0-9a9b-eb9dc9f506b5,145436,453638
e96e95c5-ec1e-41e9-b518-cc63c5ada84e,11,92
c790898c-8e86-470c-88de-3d2c7560db10,37238,613475
b4d32cff-f19e-455f-86c4-f347d824ca61,2747103,31700185
6dee6b6f-aa72-424c-9c8c-0d31ba5ff673,1368651,55868908
673d3a45-5f49-4b5e-9910-4869a613d37f,24527,234463
4d5447d7-c61c-4120-ba1b-d7f471d385b9,3865957,80615658
b7539c32-53e7-4908-bda3-81449c367da6,5016402,1453427568
47347cb8-ac34-4916-84b6-d85d4e5e5384,711238,10467616
d8e07579-ff5a-41f2-b7a7-c71880b8287a,2179306,106086554
aaa4f3af-a639-471b-bceb-ae3f015248c8,344,2649
27613b78-1b9d-4ec3-9db5-fa0743465fdd,1514158,22700988
03f97204-818e-45e0-b3d5-1108a52789ba,50604,181937
a13b1d65-ccb3-4934-9bec-5a90f7c23386,28701,305105
fb9b4a46-ffbb-4688-b178-f6f7f07676c3,57493,390038
eb2a70c7-7dab-415a-9546-79b5092f3461,1,4
5b0b7831-69a2-47aa-9891-de14e58f9ad9,0,0
592d507e-2787-4dcb-8757-d760b7fceabf,0,0
8eaabb17-c046-4899-80ab-37b4058ca773,5998,30659
453c9a64-4ff6-4c3b-9621-a73a6574f5be,2957,39767
8e68819d-71be-4e7d-b41d-f1df81b01d3f,4717441,110257414
8ed919fb-eaee-45a1-ba99-b3ede9ca5f1d,1915814,228604667
91b4a2a6-8015-4a4f-81a3-77618f567566,393,1006
6fda57e7-57ca-4d18-a0a0-2be85e56ec72,4,8
2bd8101a-11c3-42d5-a9bd-6a3b26445f7e,744217,24774112
309c62ba-7a22-4277-9f67-4a162526d18a,4084228,155070045
aadd68b8-de14-4296-b9e8-9713dc1777a8,27108,143459
5028a04d-c3b5-428d-9c88-433224bb10ba,360664,1960488
09887aa7-226e-4ecc-9a0c-02d2ae5777e1,2860958,149423860
d841a2c4-33ce-4980-b715-776fe04e551d,67,309
49f4f9bb-e790-42f5-b0da-2802802b10da,1,2
ffadf26a-2593-4eaf-8c5d-a54cbc5aedc5,37,70
b83bc61f-8451-4a5d-8b8e-7e9ed295e822,5028078,154984145
6b61aa2b-c165-45a9-bb3e-20fc9bfb2aef,1,1
5e6c760b-42e0-4df4-a221-0269355da00a,2764269,39966003
16456fed-c9f2-4adf-b6ea-97b648c474d2,742366,83809459
54e105a9-4515-47e2-8953-9b5f9cdcbf1c,634,4529
c2d7ec5b-5e41-4820-8478-65a95ad3ae42,0,0
06581da7-23ac-4d1c-8dc6-b120b5cfcf0e,82,108
02913597-19e0-4a3e-ad2b-2df95b5ff76c,1005,3039
b539bbba-e41a-49b5-a1e2-c2c90c96642c,715,18646
a47d580f-fe5b-4c27-ac7d-06e0ceed534f,369,2442
5e986bb1-9f43-4ed2-bf70-4f43b036e4e4,1,18
46609f05-aac5-4714-9bfd-164b877d3b0a,0,0
f7c6f813-ecc9-4a5d-9b1e-cca33a5a8785,0,0
1dce970e-34bc-48b2-ab51-48d87544a4c2,772223,18731371
2c0a4632-6ff9-44d1-8932-adbd227d7bbb,5562,27308
2f6f210c-6103-4332-971b-cb3687d3cc28,13620,31695
64c1e219-dd5e-435f-99d8-0590e1df996c,62271,601145
e3fd8e3d-df64-43cb-b68e-cf6d65315e4b,3,10
558302b1-07ae-4be1-9edb-2a2b1f036313,116663,1312929
888f7e18-2a96-4f2e-8320-08ff4330b442,100423,554428
ce55e49a-32f4-4757-9849-bf04d06d5fcc,1218,12760
7d7a5fdd-0d04-4c36-8bee-906feeae239c,524948,8710126
3838a0c9-920d-4a80-a3c1-2e0ee20d48ae,1476,4541
e01c3376-15fa-40d7-b747-5f219bdefdd7,1680474,66961789
74dca2c7-d7dc-4b13-bd17-502a35db042a,243276,1673772
d570bb31-b9ca-45a4-a2d9-11b186d9c159,3048710,39101375
8560d4e8-05e2-4c20-980b-ad2db445dd5d,1771220,24843719
c3649208-0ebe-449b-b1d7-4bd6c560f109,460855,5137646
75e4f8ef-34c3-44fd-8467-88a7d9599f77,631326,45159675
ccb8f30e-4d71-40c4-8b1d-846dafe73e2c,3078529,54072450
4b2d00a2-34b3-4a5c-8f22-4eda5c6e8039,123316,1519378
2997113e-cc84-4a0c-8111-d0648b42b4dc,273214,2204813
fd9ab0b7-7a45-44ee-9d6c-6ae062d82a0e,4,139
3d2bf6b6-23e7-4c7e-aff6-a60536d5bbf4,4286,31337
7cc04f00-4c8f-40ea-894c-5f65777b3575,0,0
07ab04d4-bdbc-4c93-bfb2-457693a4ff94,919920,12985456
c981b771-e3d8-4709-bf00-3b3ce479b675,11022,55746
8b505ef0-c5a7-4deb-bc32-27c882f3c40e,82,186
2280ca0e-6968-4349-8c36-cb0cbd6ee95f,77475,766792
47b4b80b-0cfd-4dfa-98bb-4ca24ba2b418,235543,4436063
0221734a-35a8-40f7-b5c5-2f61a200bc7c,1776870,67139215
998c3c3c-bbe3-40f0-8c56-0c585598308b,3,3
b675f327-4738-4af4-bb83-1adb0003f2d3,999621,45673301
541f16f5-ad7a-428e-af89-9fa1b16d3c9c,2515075,125031637
823bf998-ac87-4025-8825-93718fb4e147,134,701
a75e7eb4-9be7-466b-8c72-311cd2b2b310,26063,174147
6a7b9d5e-a863-4a90-a056-77942e9f43de,159831,2056038
29a7ec52-8155-49fd-8b4f-bbd2cc835f89,17,114
8da127cc-c432-418f-b356-ef36210d82ac,1747446,456488682
d653e0c7-383b-4e16-9d7e-436296b31aca,0,0
7679f4a7-6fa7-4980-9d0d-bb906efd0418,145,442
aa7a2827-f74b-473c-bd79-03d065835cf7,4733920,175546719
3aebd566-7ff8-4b29-b017-051b6ec55861,268026,2559890
8a184178-86df-4b86-ab58-78c440c313c4,116,442
09d4a85c-4916-4b4e-bc96-c4cfcf371046,50182,4897135
45ff73a4-1478-41b7-a71a-ff86f69336c3,0,0
16b15363-f6fb-4590-be6b-c843ebc7a780,13,28
8bfac288-ccc5-448d-9573-c33ea2aa5c30,7028068,536289532
81d12ca7-5b89-4d21-8736-860b7400b4eb,1895406,181241321
606a2d8e-2ac3-494d-bf6c-f903a37fc7ca,40478,298086
2a0839df-90d6-426b-88f4-5970e8b0026a,0,0
3df11250-a3dc-4e01-8b6c-3fc5b79b4770,0,0
bb9128ab-5786-471f-9839-462e6afa5d16,0,0
6e0c7c0e-cba5-4c2c-a652-38f71ef5785d,3606127,120370241
b13f0288-830a-4ad7-9c60-830f545e5e2b,48195,512350
8bc0f383-aa4d-42fb-aa03-6981bd449215,0,0
24dd46e1-a787-47ce-aa5d-d76c72c435e4,52,1311
bce172fc-51bb-43f7-9a25-b406a0a581d5,936137,127348718
60add5d1-45f0-4c49-9c6f-fff71d307996,0,0
f37c537b-3557-4031-bfd6-ab63ced32854,1494486,17408148
79239441-bfd5-4981-a70c-55c3f15c1287,5363745,342087391
5b489ea2-dea2-43c7-a4e5-c373a22d3113,0,0
1d60f591-29ef-4a47-a27e-228081a30f2b,2585,82067
2ce02909-598b-44ef-a456-151ba0a3bd70,2727950,43013714
6ce817bd-600d-494d-bd53-2a5f770cf0c6,76410,405142
f15651b5-67ab-43f5-8bb6-5a1138759e9e,0,0
e337c918-098f-418e-97a2-81dc224b1bf9,2159556,129716666
4c40f65d-57b7-4667-89cd-3069e33ddf8a,0,0
cab6450e-9786-4e93-a4e9-464d476fbbbd,406,716
1138a764-2212-4d0a-b02d-0dc14df91e08,3586285,58202195
59f06a94-5d1f-48fe-9e73-fa47d15e6fc2,4604787,147345014
8abfaa42-c272-42cb-b7c7-a04e3e9cf668,103470,774560
bc70a77e-3964-45b5-9acd-dcf6aeacb11c,70,208
fb147b8f-0144-4418-acaa-90b2d9779840,350359,3596690
1f272198-9e76-42ad-90ce-543d30a61b8d,0,0
68eabc1f-f304-46cb-8015-6f9cb7af33c6,72982,532644
3c5fd466-655d-4757-9bd8-f116fbf1445a,0,0
03ad1736-b7c9-412a-b442-82536d63a5c4,2853631,269742552
25509e4f-a378-42fc-9be1-192afc3e2cac,0,0
2257da02-e5b8-4da0-bff5-1db1673483d1,0,0
539fca0f-6739-492a-bf3c-3a420ce4cf6f,1804,9864
298bda6b-4177-43ed-a21a-dc7d46123801,49447,252175
7e092d19-6726-4b9a-a879-157065833481,156405,664785
963e9e5e-4036-4b97-b74e-b97297fe54eb,6,36
29c11f6b-df9f-454f-964e-75eedadb4a1e,2550,5845
a10c8616-cdc3-4fd1-a0fa-bc35a6514168,271,837
53ba7b2d-06c4-432a-81cc-ca7525adfec1,507,2045
f82f3a3e-29c2-42ca-b589-bc5dc210fa9e,3625692,163233323
04009762-d776-4f8b-807f-53e9f730f5e0,20610,104349
fa7b0a1f-f8c0-435a-a2bd-74dccf7c0055,2177,8814
e07d9474-00ea-4460-ac27-88b46b3d976e,1654061,66125385
0b7c2cc8-0276-4b23-a538-746ebe4133ce,25642,120902
594858bd-433e-464c-b571-d0af4d9041fc,0,0
583ceac1-556a-445c-b522-c2b4f9f9272e,817,5167
83862818-99d7-4b43-92f3-aec81c633204,11,59
e7998c31-e46a-4daf-8f01-583fffccda1b,10279,101766
83886397-adf2-431a-b841-dc4af744a6cc,0,0
f8c01287-6bff-4e63-b570-2a61c24e64d6,53128,442885
1a9d7ebe-2bab-47b7-9c08-8ebff789d134,14,60
98784f42-c6b7-40a6-9313-8404024eeba0,1867,21156
9c0527f9-b616-494a-9d03-a30b89e81866,343,951
e7fd97a1-cc84-4d5d-87ea-8017dcfafcbd,0,0
0b323c4b-1258-4775-a8e2-ee71f4bf9a45,473383,2310744
272989c8-5535-492d-a25c-9f58803e027f,3317742,547144405
cad43f86-226e-4e6a-84f9-3219b48ad242,79,231
9cb087ec-949c-4fb1-b139-778d294c0393,710,5512
a49a9a95-33fb-4d21-9139-9ced074feb58,1113,13639
f94db5b3-9260-4e81-9d35-6806e50c713f,533345,3773140
62162215-b023-4f0e-84bd-1e9412d5b32c,2469209,139636916
6bfe9806-b477-4750-8bd2-b1d0acf901a9,371,1593
6802a7a8-27c1-46be-ac12-2c03ee1f4096,0,0
6be2828f-6c0d-4059-99d4-fa18acf1a296,2188927,61874401
a8449e6e-834b-4e2a-8497-0182a6e2aade,24348,47687
4be53eb7-32d7-4d7b-a995-345b90a507f6,0,0
752e457b-fc3b-4809-96bc-d34264ee9519,3,18
d27d1b7a-4d2e-469d-954d-bdf938c294ad,1252,7209
9ce50a20-d32f-430f-807c-341dd00acac2,0,0
757ed661-fbad-4e45-b1cd-a6b09f06f54a,1232692,149708420
012151a8-0f9a-44c9-997f-ebd68b5389f9,3911245,240656019
1ac73985-2cfa-433a-a6f8-379480e87179,3658,51359
20533bc5-fbc5-4d69-9e83-db3f17ce6e49,338363,3614373
f280f9d2-77e6-49aa-a0b5-ce51a18cc2f3,14,47
8e27a96f-07a6-4484-a475-f0d487fc3c86,746,1387
f40856e6-079f-4a0a-916e-9e6a5e04f646,220058,7144649
5fc368f4-d528-48d7-a8d4-5c657b29beff,1044,3078
bf93639c-1d7e-44ff-9331-91d871b6e14b,48,488
66280221-4f4f-442d-91e3-1f622e8b7713,58,190
93647349-bcda-474a-9a89-327047362acd,0,0
b59b8a4d-2278-414f-bf10-04b204ad798b,91,251
d288a227-30c0-4bed-95c3-8c9614646633,10,32
bfbd3940-14aa-4c4a-a2ab-67d040aae0f2,151887,2645007
f4abc0b5-3f7a-4eff-8f78-ac078dbce533,3990748,768689548
42a8b26e-0ae0-4c28-8db5-b54deb80a23a,35,118
f83fc06a-3206-4d6f-be05-6dd5ec6a691d,5,29
a6de8ef9-b1a1-4756-97aa-481bbb8a4069,1668271,53234368
0719f327-24e8-468e-bed0-44214a55a19c,12312,98312
44ab83a3-3e64-42d6-9e80-41fdc06c8ff5,411,1229
31bea673-d23a-4889-8da1-7cb040863268,1533351,17804705
7bd66c18-cb33-49aa-9279-140acedbdb49,1529107,26108520
14ecd19f-7121-4192-8549-e5056241a42f,1491012,62534888
31e0783a-9c5d-4218-9f23-4b9427b111e7,1074,4562
c4df30f5-5487-4806-9189-b69c9f27532c,1398040,14159189
2c90905f-6c6c-40fb-8bbe-8495cb4e699c,0,0
765d18ec-8a76-4f6e-9c6e-cd78a223724c,1681,5714
bf29d579-a22d-4c4a-8ec3-e362d397e006,1377,5384
9a58fda3-f4ed-4080-a3a5-f457aac9fcdd,3286886,178128800
5642774a-72c0-4099-8da4-7c1ab36378a8,296474,2919095
9fff2f8a-21e6-47de-a2b8-7f449929d43f,6481859,1053024590
13b14a2e-470c-434c-8f89-c8763f849e2c,18711,166245
9a93190b-3e24-4586-bc10-aefd1ad8de01,46386,215288
4ad8190b-d2fd-46f8-a3d9-c0f55c034976,1051185,65593590
dbd28983-6bfa-4afc-82af-7898a9e74011,5,31
e7b18ac8-3c58-4a9f-bd2e-5b6a90b07fbe,6,25
49302df8-9e4f-42ed-8a9c-5d6f8d6cb83c,642339,10263228
a8b293fe-502b-4241-ae49-13978fd14940,12,18
a817dcec-520a-44ec-bd7e-ada26dcf4243,0,0
faddb781-a5c5-4fc5-b5e6-1f2e1d4170e6,0,0
25ab7547-a4d2-480b-b028-c7f3497bc858,2042623,115630976
e3ea6186-7523-48de-8437-bac91bc47829,17062,74196
91eda19b-1437-42cd-b7af-69df24b7f275,499235,10957058
201f8ca9-0d8a-43db-ba69-aea79a525e56,19,78
13c10976-99f1-4cb4-8fbe-56067e91d865,1153,16780
df36f6db-5987-46ed-9d02-0cf36ed4e060,2315346,47291183
7e9bd05a-117f-4cce-87bc-e011527a8b18,4660278,286285896
7111ec38-09cd-43ce-b285-6adc62079778,2541,6396
217269ca-ed88-45f4-8251-4c9384d48841,0,0
31721fa4-d6bc-4f09-b0bb-464b27e2ad3c,147,948
50698127-f6f4-4c0c-8010-db98c21100e1,487443,15291079
dc99e6fd-c710-4f79-b74b-127b4d0b7849,2427094,70322268
0bf0cabe-def2-4113-8dc5-6e721b9c3a92,74178,334313
b2f2216a-d7a9-4ce0-8b8f-f494d9a8c196,964825,143104807
197b70c7-8910-4030-ad03-632d82aa40e3,935932,78763101
8339f0eb-80a0-4c29-815c-f9b02a1d531d,195,710
a7808382-465f-40f2-9682-e85b5b39b89b,4212,20819
73c3f499-60e2-44e1-81dd-7fe2191461fa,114561,1722677
e6fbb8f7-9545-4f3f-b835-2fed39022f89,0,0
e77c277f-6c29-4bcd-b541-4dcf47ac775a,19,282
1ac10f5e-2079-4435-b78f-dda6ecdeba15,1678712,47011996
ce49d491-8c6f-48eb-bd9e-38b6cf1d4552,284047,4652979
daeec599-bf5d-4428-994a-e76ba5f86e2f,2401346,71145243
8fb64b2e-db8b-4579-ad08-f324ef1bf494,24583,94988
c243168b-4c19-46d4-8af8-8724d79dd33a,5,22
71db5060-324e-4cc5-8ca6-0070220ae000,111018,1901877
9c952245-bb78-450c-83ee-69785949466e,540,1084
e7dcdf9f-b058-482e-bca8-45675628ebf2,1852,7990
47010115-1e5e-46b5-bea4-4dd4a29fb0ab,0,0
c4aaadaf-da28-4136-a888-f0008c710d58,19261,74560
2c97cd35-1e75-4c1e-88ae-ee618ad0035d,0,0
5a85ff61-4b80-4e84-a1fa-a409c6c6bbec,0,0
e9296a90-9c59-4657-9165-1f1b5319de00,1502342,16024195
e1da97e1-f780-4188-864a-3bf421b6d476,0,0
c1493030-c329-47eb-ac7c-4250aacb1e4c,0,0
e5d70460-7057-4cbe-9c07-11ca2dac975c,22989,121649
9e51a90d-fcb3-4db6-9fa2-5a60557885dd,0,0
a5bd836d-8d8f-48a5-b0b7-dbb18b3264dd,239962,1747369
9643ef45-b844-48b2-9e56-7e8be098bea0,14517,69560
21dab5d7-3bda-4f72-a054-6379729dcb62,1218383,32781245
31da7b06-bc30-4a1f-9f4a-c2ac1a84167f,654945,34547125
4b68c65a-8cb5-4c03-bb58-c1b1cf5eced1,2248,5563
ba550d0e-adac-4864-b88b-407cab5e76af,3100294,80573214
690c8bf1-9499-4c9c-9b5e-9758378cb5c7,129,366
58f1e354-ecbc-4fd3-aa25-97eb1d9bd8b9,722854,451393420
201412c6-7ced-472b-87a9-9259ec3c07d3,1915280,209656598
2d4a1dd1-2cd8-4553-bf0b-74b8c9179633,471,3046
d1d82d22-80ee-4551-a132-25648e857f9b,0,0
c6619f89-5454-4e2d-aa19-b5596ba3b4c6,480868,5437637
2f548675-008d-4332-876c-108b0c7ab9c5,4184584,156936939
613260c3-d620-4645-94cd-33cd55f29b1e,440252,5569187
c3dcad1b-1380-4a94-98d8-3f8272f19df6,229427,3368116
38474d18-9204-4f60-a137-1fcc6750b869,989913,36252463
9878be28-66b3-47f9-a019-baf1b32876ff,180141,5435817
c4363ee6-42f6-4edc-bcc2-7f99ac367bb1,2561,10816
75fcb0af-b701-4f71-b57f-f451cfe61c5b,13,99
d9152066-a306-477c-b07c-e5df0eb29eeb,795,6251
348d1d67-e150-49a8-81ab-db34540ebfa9,28,41
df098be2-7aa9-4fc2-9587-ad00a12d4b63,3498,25491
7df45a14-19d1-4273-b073-c7292790a6a6,1409604,31003586
9030ae90-4db2-4a9c-aa08-01cf17a86b58,114859,886355
bc4cc656-f03a-493a-b250-6afaa4cd7418,129893,1144783
20ed1946-1317-4f9e-ae72-817548b4ace2,161,1118
0432c3b1-995d-42fc-82e8-ab1257217c27,1058,5118
67e676aa-dda3-44e2-8a75-92914feea693,0,0
d786f59b-1836-4ddb-8393-ab753edbe984,2742302,313227195
f46bd570-5768-462e-b84c-c7c993bbf47e,3633708,73773682
f634fc9c-da81-4627-9913-455d638bbfdf,2612,8674
c20b3d57-9ded-4f5b-a038-fffb344e2681,23544,167897
561d854a-6a28-4aa7-8c99-323e6ce46c2a,2321108,82645016
9e0e2b01-41db-4008-bd8b-988977d6019a,4322124,102669645
5f63a2b3-ce5f-42ce-9485-32e89ca2d460,167,2327
60c05c03-e33e-44a7-bef8-6fb245aaea51,95102,2375210
68a77226-cc92-4e95-b264-18d219499b1b,5,18
fc673028-e2a2-4e5e-b55a-5d1928d72a83,0,0
1b8e1cbe-50b2-4854-ac03-b362cee3c2ad,8,9
06bf4c0f-d176-4f54-8d1e-3efe89a03be2,0,0
0b0bd0c0-3723-4715-87d7-9d57f0eb240f,144116,1360746
ba1ba43e-80a8-4471-8d02-c31453f4aa88,5169,34229
8428f959-7662-455b-af97-f05d0d7379b9,76,511
f2dc8be4-c4bb-41f7-b2fe-7220902d804e,119,765
37c16e49-0d6f-4fdd-bdd6-63e99607a831,804,2017
f2492c31-54a8-4347-a1fc-f81f72873bbf,3058251,315311407
bc880664-6751-4998-984d-ebdbff15d229,261913,2315757
996077ea-19a8-4f75-a817-c166637ffc48,982,3537
4e5017d4-874d-48ee-84f0-d535d17a010f,567,3644
b202beb7-99bd-47e7-8b72-195c8d72ebdd,4312912,203699353
b665b768-0d83-4363-950c-31ed39317c15,2929204,78142619
7c5b8865-d23c-4abf-884d-c68be0020991,16738,195562
48555d10-ded8-4172-a737-33bffc0125d5,1224,2486
6d47cb9a-567d-4c1a-a9b1-cb8394db3212,60087,867428
95fb3a0c-fc74-4f51-acba-bbe5b3a78e32,12449,94814
678d88b2-87b0-403b-b63d-5da7465aecc3,4801073,330860092
37be3f17-a4ba-4c07-9c04-210cc6f4f091,0,0
9564a2a8-2e0e-43bc-8a0e-12c3befadbe5,265,661
6ca4886a-8f77-4133-b404-46fb3908e24a,2091583,15653265
ee421ee4-f861-405d-8730-29cb512dfdbd,0,0
8093d4c9-24c1-4749-bdc7-aa17f5b76843,4,9
068538c3-e73e-44b3-a3c0-990dd5f029dc,323,601
aa5a6061-e60d-4a58-b9f6-c09de390bb2d,589377,10684316
a4dcd7c6-53ee-4c5b-aae2-d88f876b89c0,42,300
552da8ff-2c8f-4060-8352-48dea991e92b,3823,36741
d4a112aa-a59a-4225-963a-f61a2eb1df71,0,0
43906e48-a7c0-4b80-a5dd-37d1fe6ccdb9,213551,1742235
652d2a37-9ab2-4a6f-9814-d9e50c4a0faf,5585,36137
6d7b7cd4-254b-4c25-83f6-dd20f98ceacd,3410622,136374941
aaf2e0a1-2c67-4118-b0ab-8539f5096ada,0,0
5b11f4ce-a62d-471e-81fc-a69a8278c7da,7289364,550895642
8a1980a4-0c81-4b0b-8319-15b2175210f6,1801,12901
9a84344f-c450-47c9-8428-46fe2ee9db10,0,0
8caa05e8-4c00-443d-8a5c-94d64ca07737,0,0
03a82b66-d021-4754-aca2-399d51ee6199,90914,1204043
8f82df2b-a412-4f5d-9331-73d993dbce31,0,0
db060c42-4879-4539-9472-54973abe5f17,19383,739613
f181961b-20f7-459e-89de-920ef03c7ed0,5523096,453166204
92a0f97c-311e-4ca9-8bb3-247b3d96d41b,165693,1041792
14a00a25-04d7-43f6-9196-29e68a767321,251,2584
c7740223-c657-4b0a-a0a4-b8349169e760,1159161,67587628
9e103f85-7af7-41d7-b83b-49ba8f0c5abf,2242957,70796971
e0083bb1-bb24-498f-b072-268aa55b5e3e,47645,256728
666050d0-5d6e-4436-b451-e2775da0461f,0,0
efc381ba-ea68-49ca-af91-bebdd40fe1d8,81523,363605
091e2b4f-1e60-408c-9ee2-06440cdb8846,89433,552131
8a7cf497-dc5c-4523-932d-3fcbc9a69d38,372575,2584546
a2c4674d-35eb-4e86-9100-1da0a2985cb1,22811,89061
4d2956d1-a3f7-44bb-9a41-67563e1a0c94,3263196,69815866
7ee89158-3446-4044-bb88-0dcc4d4cd6c0,229477,2425302
d5cc67b8-1cc4-453b-96e8-44487acdebea,3345223,229506183
18fdc296-87c6-4b2b-91f0-5039f0651912,2415,12027
25b509ef-48ad-461b-a0bc-94cdddb8c919,632101,10682560
af6be531-7ff5-404c-b3ec-34db5c6bc4a0,1344,5142
be20278d-c066-4ef5-9a4b-48b546e39f3f,2780,5720
e3d17fe5-2564-4181-b3f1-91192d5366f2,0,0
cea7bda7-394d-43b6-bd2d-7ba4f5bffd23,0,0
395cc503-63b5-4a0b-a20a-604e3fcacea2,1934858,24734162
8389ff77-a7a4-4ba4-bf1b-17ded47d41a1,1618205,49499646
95f5b748-d370-47fe-85bd-0af2dc450bc0,2987144,116370821
6c309bb4-112b-46db-b55b-e68068fad581,46010,528630
550cb78b-4995-4873-baea-76ef265531f5,323969,5211972
20877ac4-ce8b-451d-a429-25f8483045e5,20,57
6047359d-6c61-47b2-87cc-a622c932767a,0,0
775ad383-ac2d-479a-af9d-b561442cb749,755600,133464385
78a8d998-b910-4176-9135-3d465a35eb3f,0,0
6abef8af-c71e-4337-a907-550dc2d08ed1,1852,29747
7cfaac66-62e5-4fcd-af1b-9d3aa8f68e8b,792626,13274096
1cdcccea-2725-41ac-930b-55ca4a4a9db2,0,0
d1364e26-224d-4294-bf0c-fee194f71df4,23,28
5d12875c-a197-43b2-8f29-41dc0ad895c3,313489,3277261
3c864557-f294-4488-9ca6-b726cc449249,1845,9254
b81b607e-7096-4fb3-ae23-83d12b155c54,0,0
feebaecc-1e5b-4b28-b7c5-a70f9fccdced,0,0
95bcfc2e-1517-4af3-b7b9-c1679fdf53c3,2712,7602
09cbd2ec-576f-4a62-80cb-9b74aa5db4a4,24,52
4a94a6cb-e70a-418b-bb53-a37897b950ce,239762,1593777
bcdcfdc7-0b3c-4f95-9224-f4a8cd71bb61,17301,168295
59eda569-b380-4958-b98c-051d1667b3e1,1660116,18385877
ff621094-2a76-401f-8398-b75b5fd2be24,209653,3629397
6a07f8c9-eae1-4fed-b379-3ec6354efad1,1,1
e6424fa5-08d3-41c6-96f3-8549f733708c,1122343,31215483
05f80bab-9bb3-4292-91f3-75714074f431,0,0
faf916e0-ffc5-4345-a10b-b79ed8c9b8f6,1256680,69129345
fa4d19eb-771f-4b6e-b867-fc8f8b7a8717,198,465
dbcbc687-112c-4f19-b44c-0f12e1a3955b,827,4723
c82f254b-7606-49ca-851b-5da478143a52,129,280
b78b5783-e814-4ce2-bb8e-9e3a2b4f7354,0,0
d42a4776-3a6f-4828-9bf1-23a9477c8774,1,1
3eca8465-cbbc-4dde-9ff6-83d6f9263a3b,0,0
8b8985eb-f71f-4229-9f11-171a7aac98c1,603469,10850007
54799c0e-eb45-4eea-996d-c4d71a63c499,2822169,55537786
469d6414-1f06-43de-80d5-17762d4a356a,1057616,57285058
aec8a328-d2e8-4780-b2ea-318c7f8d6f75,246710,1932481
7b14eedd-89d1-4df5-b38d-5260b759c5df,528,4716
d44b92db-dd49-4636-abe8-7c381f90b7aa,899990,58641513
7fb57fba-a6ef-44c2-abab-2fa3bdee607e,3593308,301434513
9ccc0b15-6506-46ba-8bca-6e35d40ebfa7,18971,91698
6ffb8ea9-2370-44d8-b678-e9237bbd347b,5001732,260354922
acee4af5-a34d-4ab0-96f8-ca050028d643,0,0
df953bcc-b2c6-4148-a088-18140ebcc647,115,408
4449ccf6-c948-4d33-aa97-b6ad98ce4b5b,2708735,107304270
bcd6af9f-afa8-43fd-b1be-acbbbb2f7dc7,223746,5869405
6c8fd0be-d961-454c-aee0-4366a6dbc993,1791994,30721445
98d9e162-c149-4629-8793-3c43403fab2f,0,0
7d7fde25-6f14-497b-8326-770a6dbfc2d8,892,12883
d8196d20-972d-4d20-a584-55d33895a9db,8,19
41225e9f-3b4c-4287-a778-165c65f04be9,44474,522936
c0ef2ba5-a7b7-40ea-bd27-30acccfcac11,1664536,74165928
7a2632ff-09d9-4ac8-b7fa-41158f5547a7,0,0
4f0cb3b7-6c06-4317-ae35-ddf3106a17ee,1298169,230810874
5f43abf6-92a5-468a-a633-b73f94627972,0,0
0d3bf21a-5eec-443c-9a37-b305598b0840,281,927
5c2593bc-1621-4c4d-821b-b7bb6ff213b5,1182054,25654455
815dec5e-c6e9-4684-937b-c67f1c65408d,51,180
dff1edde-017b-447f-874a-936cecab27a3,0,0
d011c23d-e8e4-4b7b-90c8-63e26ee0bada,11476,100529
7c9a0847-68ff-4766-b5b8-6adf133fd031,0,0
8f119f99-c95e-49a4-9634-90a602484125,488,4626
f82bcf78-5b69-4622-a5ef-73800768d9ac,0,0
ff993040-772f-46a0-b5ea-e8d35c2ae98c,2,2
006fbfa3-3ee6-4c29-93fc-771c9282aa26,2,2
ef89e761-8e77-41a0-bcae-e7109b826a7a,22506,353229
9f42ba3d-3cfc-499c-ba16-7226f56b622f,1002569,77961476
0638ba22-040f-438d-83a5-9b670c4adaf5,2540540,30063551
d4cc0ed5-0f76-4188-9e14-2a23ca12188a,229607,1995869
7df4c4de-3181-4a69-bd36-9d663970cebb,1927484,229128584
b1afd320-018f-4639-b48e-3c16c369e5d4,118,731
2f3c4d70-0462-40da-bba3-0aec5772c556,2265234,71609076
b63a1df4-19dd-4cdb-a0f5-0e575d1f080f,1103,3075
c36f98f6-44d6-466a-a54a-bed0aeaf4034,0,0
c5460e21-d5e7-4e26-ab4c-ba9c627809f8,943998,38792609
7d2f744e-4a28-4fff-be97-684fdd4ef881,362,1726
022589ac-7177-460d-a178-9976cf70e29f,766923,9141712
1d11e2a1-4531-4d61-a8c7-7b5c6a608fd2,3092225,59197225
dccc5ea0-5de4-4bd6-b665-d0e837bfb7e6,0,0
58824ae6-8f93-4e09-a1c3-c50858f912a7,232,655
af4ea2a3-c54d-40b4-8120-a1f0b838ad54,211127,2069202
c81c430f-dbe1-4a1e-954f-2a89114331e9,4,60
5ca3f318-d028-4151-ac73-78e2b2d6cdcc,1862806,31140146
c9efd47d-6cc2-45aa-be67-ca59ebac6553,1845,8810
f29e031f-c6b6-4d52-8edd-dc8e14378e74,1472154,41275357
393e5448-896f-43e9-b80b-4ee58e1e71a4,2169857,18912728
0374a8d1-3b68-4b53-b003-fa8a24fb4397,0,0
92631c53-91ed-48f5-a09d-a104ba69cdc7,1386693,41502860
17b883f1-4f22-4173-b156-fc45801ccc0a,0,0
604f0692-4d31-479b-a93a-e4c75be21f81,25319,122217
811900b2-68fc-4d41-8bad-69b7a1f4d628,3328435,39902049
df7759d2-ff1e-494d-a3c4-e81a5ce04fe1,8,21
48262e82-db9f-4a92-b650-dfef979b73ec,3051522,421535959
9ca998cf-c1cd-493b-9a5d-a32fd33859ea,173142,6177080
ab00597c-43f1-41c4-98ee-6934dcd4179c,25,40
ed2ac1e9-d51d-4eff-a2c2-85e81abd6360,2263075,80713528
15e02679-7a5f-4dd2-850c-5aa6e49d0878,328959,3278218
b178fa24-ed91-4e19-acc4-cd3fe76e7a43,1,1
dbf295d7-8e29-44db-b2f7-6eb1e40e4c8e,0,0
5c94241f-d522-4222-a1d6-8b08dbd26723,58,180
2309d446-c871-498b-a6e4-970d7fce0ee6,6,7
cc30e630-8c75-4d78-b205-8e2edc6bdaa7,2024977,16578573
91450f97-d44a-4364-acf4-882433df30a8,256270,2403428
7a45c6ea-bb66-4e85-8643-271658fe935e,12956,61691
b2befbb4-c585-4b05-8efa-3deebc8e1385,1645072,30832032
661e20c8-3d82-4da2-94a2-97d9e11691c0,508830,7604381
8971fa37-c402-474a-b897-e2bbc145b59d,686560,20979870
75be165a-ad83-4d12-bd28-f589a15c479f,2785363,65613429
8c84402d-f282-4afc-8d64-049bdaabb92d,68841,376177
8b22acd6-20e6-4463-a75c-c14b5cfdb666,1519513,144484569
736c4c01-029f-42d2-8a1e-ff87f65073fa,607707,14884864
f35494f7-1193-4277-b69f-6b10d50e0f09,113117,766311
36494952-f434-45d8-a958-8b4acdbcf8a8,2647795,61935617
e7c13d2c-630c-4796-9188-77e2281f32cc,0,0
e1df91b3-20af-436a-9135-b3265147684f,0,0
55e6074f-ef78-4ec3-8fff-bd1b8cc8c14a,1262409,68026355
3a5d1cc7-627e-48ea-aba3-fdd20d782c33,932778,50590149
ee190f6b-7d98-43ec-b924-da5f8018eca0,1209228,49965986
5508631d-697f-4839-a669-06637e5bcb90,1375726,18100272
59575779-fc9a-49f8-a01a-10b363f7cc79,0,0
fc4953aa-6bf4-4f1f-8e47-5ac79ca428e2,79960,736446
4e024037-14b7-4aea-99ad-c6ace63b9620,1848236,109659738
db56fad3-0dad-4b0d-9415-6a13ee695c64,3,10
4757df70-6c3e-46b8-99c0-a68644595c9a,1137664,21476450
83d3cc07-60e7-4139-b5f0-3cda9f5aa99b,401,1575
9b80e411-7ef4-4654-8d04-8696345e8879,2399,44068
54fc0558-12b5-4854-9d57-9441bcd73a72,1147515,89035966
1ebc9eb7-a97e-46a3-9ed7-b57244f74c93,0,0
c7fe949a-9f5c-435d-b1a9-30f04180ec69,5853,35412
775a253c-93e9-49fa-a9af-7577fe1c8e99,596694,7803467
254056f5-1e3a-4167-80d4-3449c0b8db1e,2,18
44727d86-a37c-449f-aa91-4a8554127336,623301,11057824
6dfc8dc4-5b10-4d50-add2-c56104bd235b,0,0
8339c0c3-7a04-4b19-8ca3-b149e0d09222,387518,22667362
1da369a4-7e66-4b30-8aa7-33426370347a,62371,424309
8985348a-1024-4c99-b284-19d3b983e1f4,42003,212787
6a3cf2b0-b60f-4cc0-805b-730e1f33f505,0,0
e471b63c-c3b5-4f62-a971-cd0b2273838f,1074389,41200982
3e55d51d-687f-4a9d-af96-2fabccf802e5,3460134,84449310
0c502791-4ee9-4c5f-9696-0602b721ff3b,2840662,72513537
1db73bf2-2e08-4f7c-88de-cf4020800294,1659,21913
46a16e88-4537-4b29-a06b-4a5dfe90a6cd,13,70
63359ba7-51a9-484a-a009-17971ec633e0,3593,15465
a74b1b7f-71a5-4011-9441-d0b5e4122711,7939386,1277161366
ee74db56-c264-4c23-9504-29e2d8078f36,1040339,119226427
6a07c595-3096-43c2-99f2-509c0762b822,1464,16198
7d3f7aed-fb9c-4e80-b198-64cd6ae31cb8,81918,485578
5dfc9ac5-79ec-4e27-b12f-38ec5006c1be,0,0
6cb79cb2-9087-44d4-828b-5c6fdff2c957,1030557,18542011
405e3c0e-e430-4e82-bb68-055d026e90fd,409,3286
d4791960-0206-4f1a-9acb-dc88fdfc57d8,1,1
3101759b-cae6-42d1-bbc0-17948bd45622,5807,15675
5a2071aa-0787-49fb-931c-fa85ba86e681,137,788
2bf761c6-4bcf-4cfc-a388-8fcb2eea8cc8,1283671,41432618
351bf0c8-00a9-41da-923d-2daa61a21179,4,153
3a8d955f-fe39-4092-97e7-29f9ada69490,0,0
7bf2add2-1fd6-466a-9e4a-ebfe38306a91,129,304
b41b38d4-ef3e-4f37-8c75-cfe9af999696,3255196,138440384
45dc5f07-6609-4760-a933-8c9e0f858d05,1845602,27468794
6925db17-f35e-42f3-a4eb-84ee6bf5d4b0,2904135,513262920
a5124554-0dcb-42fc-9b28-8b3c52ad8358,59236,460631
85a21c41-0514-480c-8412-0230f3de5aa4,35,211
9b6d374f-4aa4-4483-8587-45ed4758d231,9,49
c3da3346-2643-48a7-93cd-011f6834b3d7,2975669,45013425
b0bea75d-5324-4153-904a-879dc42797af,39,372
b3461bc9-768d-40fe-8d47-c93c2c0e2789,6,35
72c536dc-7137-4477-a521-567eeb840fa8,4165417,282971148
cb88c5ff-801a-4c31-96e6-c2553ced8e0a,49,249
66c662b6-6e2f-4930-8610-912e24c63ed1,4394452,205364523
bf6c29f5-b69f-4842-9031-37f9645d365d,1334927,19213037
265796ae-9a57-42c4-85a3-57a036ad9cc5,2388,56233
74ed34ce-ee95-44e9-a87d-4d2d5056c24a,639228,3426861
53b106e7-0cc6-42cc-ac95-ed8d30a3a98e,2178261,67597845
9c9f1380-2516-4fc9-a3e6-f9f61941d090,6183555,552626561
28f344b7-2261-4bbe-8ce9-a8a31b7fd635,55,471
3d2b98e5-556f-4451-a3ff-c50ea18d57cb,4588950,127189422
0ce1a4c2-ad1e-40d0-80da-d3396bc6518a,73,333
12ff981a-0226-46de-b9cb-c26b3364de14,0,0
5f6ab597-f57a-40da-be9e-adad48708203,3850222,86085022
589ef702-7f3a-4a1c-8f2c-4727005cfc0e,1116828,13487463
2b5bdcc5-6ef4-48da-b4e7-b2c16208fc2c,89,168
2aecae31-7ed3-4b5b-b4c1-d71c346a6ac2,3,4
3dda6037-415b-4ac3-9476-86db3385550a,1474,44980
07567c90-50bc-4945-941b-e9489def8620,0,0
763cb144-afdb-471e-bd86-d4f5b9b58641,1222908,99253272
3c714102-94d8-42f4-9005-fb8a75c2766d,1457120,12760034
94b0fb9d-a066-4823-b2ec-af1d324bcfcf,3116778,125681618
383d6203-8dac-48dc-8faa-808d01932663,159326,2144321
c45d161f-83ce-4464-ba41-44202e6916d9,1030407,16547320
d70f46f1-78a7-40d6-9961-80e9d6d92c71,1,1
d43a143b-5e20-428c-baf6-10bc35f1ff90,3434,16559
f71f8e0d-c109-4a50-9826-2559981d915e,101940,2660391
4bd95eea-b9f6-4d70-a36c-cfea77431553,3303973,202887650
7dc8f5bd-9d0b-4087-9f73-dc164950bbd8,3627088,245246439
b3713c4d-4b17-49f2-86d2-446909d8291e,0,0
ab624b4b-31cf-47ae-bb46-57bd5a710b7e,9103,62628
20873fa9-a77c-4a8c-ac50-d679a515ce54,0,0
ee066f12-9e55-4d52-954a-7876f2fa8ea1,13,88
8f9d6bb2-dba4-4cca-9967-cc02b9f4820c,3943531,163803266
0e738f68-783c-4a6a-80ae-4f7500861060,73325,654372
c48d4327-8122-4286-af66-05e1ee6ac4d8,2547640,99157988
4a8ac23a-e27a-44db-814a-f8c31beb68e6,1597032,18779342
95663592-1447-4579-90f7-c94733476667,1020272,281766258
ddfd9b2f-186e-4b2c-ad09-01aa5380c225,1790777,20748199
82953e0d-464a-4fb8-80fc-78dbf8b49b1b,483,1236
8fc6b153-d183-408c-9e39-bf91bfc74998,6,65
06ed4e1e-4416-4a7c-b14b-bc68dfd252aa,23836,102597
0e5bf20d-a6ff-4ba2-89b5-bce7bd677750,5575,22096
94c64122-dbd4-4927-b2fa-f204b0b4b0c2,1449713,37528907
3ba54400-4c97-450f-b108-bcd90b9b2b76,588341,12299305
79733f6e-5bfd-4e5d-be56-8fe1cf60df68,105,626
31d2041c-985d-48f7-b6e2-2a70cdf14853,279119,4016064
6dd3bfb0-d467-4192-a09b-ad6423db59cc,3527,18944
72c090b6-a68e-4cb9-b330-85278681a714,563109,9646458
a668565b-41b8-44a8-9d5c-8e609dbf69fc,1721102,123422036
ed3c8e2f-d7ce-4d0a-aafe-2c4ddd51f8ff,0,0
65f4f0c5-ef9e-490c-aee3-909e7ae6b2ab,4990750,513691912
fd36f43e-5bd1-488e-b844-0e059250ef78,525559,87040139
1bfa27e3-0376-4206-a772-4586e25a64f5,624871,23090901
b8df4f20-fddd-40ea-966e-55028f6043c7,27206,211398
3b6abaef-febf-4cfe-943f-6a20cf0afdad,864547,42824601
69de913c-4959-45b8-bd1c-05bfc20f270c,0,0
d48e95be-8390-4c9b-875e-ea8f51de1435,14,96
ff3ccbb8-5308-4685-bcb2-462ec5c66aa4,0,0
2b4abc88-570c-4664-a989-e581d6f8fb31,64926,703250
00f35f62-f3d8-49d0-bf19-a2406ca71703,0,0
adb7a259-7c37-40d1-ba83-44c927c64e71,4,7
c995a379-60b9-404b-bd97-a7e2de0751d3,2212761,64662860
10886c9d-c106-4337-9653-430989ec484e,169,468
4213cbd6-ac51-4850-9e0f-d774610c69b2,12,68
db48610c-6d8f-4d10-90ca-c4d14bb1a8b1,1249,14719
69135e6a-bde8-418e-8ab2-1c4c7e88760e,135,414
4387a8ed-8a80-453c-a863-73dc0b23900c,23072,123429
b5ffc3aa-b868-4b88-905f-d73d51dbe51c,414448,3511197
bfcb6630-9b31-4e63-b11f-7b0363be72b5,2489974,87190943
5bddb0fa-66f7-47c8-bf00-afecab627d59,417846,9731555
4c45495f-b9f3-4d03-9fac-d44c8a77f5de,25904,162772
e9b419b5-ab8f-425c-8214-a7259e6efe10,3920,38829
e520459c-dff4-491d-a6e4-c97be35e0044,4051533,720524710
40f5d9e4-2de7-4f2d-ad41-e31a9a9fea27,4825266,498130472
b071f9fa-14b0-4217-8e97-eb41da73f598,5674210,264639939
e3e0abcd-7671-4482-a9d8-462f5acc9be5,3614300,166117731
73fdb566-a9b1-494c-9f32-51768ec9fd27,4785759,140067141
ba9a0cc1-c43a-4784-9067-49f63c09f605,0,0
99ea432a-e3d8-42cb-9d5e-db316a6a8458,2184889,89898453
5441c29d-3602-4898-b1a1-b77fa23b8e50,5393694,386027208
5e7a7026-dfc5-4aba-8496-95140716f3db,661271,20588432
91376b53-c37d-4eed-ac24-63d167af6885,134029,963682
3c5abd66-7e1f-4124-b00f-192984a2ab30,36,302
704693db-969d-4e94-b0d5-dad24952c6bb,0,0
384d6827-3b17-43bc-acf6-92e618b8ec83,43669,633754
27e2997f-f7a1-4353-bcc4-57b9274fa9a4,883558,53097822
437a0e49-c6ae-42f6-a6c1-84f25ed366bc,3467332,231231891
35214d53-009b-45d9-8a00-6664325b9e2a,359634,84499362
ae3d9ebb-6766-49fe-906c-ad0ba33ff6da,7,39
aef06569-098f-4218-a577-b413944d9493,1500424,67350475
525f1f1c-03f0-4bc8-8dfd-e7521f87631b,2264120,126669542
69c22cc7-88c8-4f27-a9e7-3225af8329c5,1317,3887
7c7f9c94-dee8-4903-892b-6cf44652e2de,3733011,83851300
fc2195db-7740-45f2-92b8-bf13baa3927a,49039,291128
e3513b4f-2a13-45f5-8ead-e79b1af0bf68,854476,73044915
7f347782-eb14-40c3-98e2-17b6e1bfe56c,330387,1600568
9a0d0b2d-a727-44a6-a172-53766f186834,7909,35880
c399b484-b977-4800-aec4-ac904b50292a,228,818
9b568e6c-6611-407b-bb5a-44638ee936a3,17,47
4ced4eb2-ed74-4ca1-9d32-eb709b5f348f,0,0
f47e95aa-2228-4122-858d-4bcb1506057c,4933,13285
59f8e44c-5206-43f6-8b7b-87c8ea1f658d,3,3
7db6aae5-6644-4513-9bfc-ca2e79d4469c,834273,9893653
8ba56dd4-a9e1-410f-9b1e-91000e35bc46,945,2846
ea3562d2-c0dc-4c36-b1e4-1a0035281c44,935,9223
5dcdb5eb-cb72-4e6e-9e63-b7bace604965,4090665,119930113
b432152b-ab35-40eb-916b-dc8d1559046b,0,0
f5c4c27e-5902-4fc0-adfb-7775da3d5363,4276,30680
fb75bc76-a50b-4d3a-b060-63092a4c6bbf,195243,889337
bb1f06b1-bca8-4fe1-8ce7-c033479b1301,8,116
3bb29637-4184-490d-92f8-a9b45ffc5ebd,241642,4061468
2ee8d1d0-e491-4f9d-a893-34dccc26e974,0,0
b46e298d-d3a5-4695-a03e-63e8c523b23e,2152025,201796698
1dcc8968-f2cd-441c-beda-6270f70f2863,2007913,67099418
71d8b051-6d79-4d31-9075-debfe031e539,52,1131
6c0dadab-266a-4601-8394-5b8e19e90def,1856,7296
2a11b7c9-12d6-495d-a577-7412dd1f7aca,1,2
61acfedc-7a43-49bd-9474-bf96df0290b6,17,31
960eb93f-e73c-4df8-864d-08a06c2dcc11,459953,6752843
15a5032b-70f2-4c00-bab9-5072b6fbba02,53,217
efc5d365-a448-4e2f-9b5f-4a7c84be725c,551764,13012780
61af87f4-16ee-4431-8504-cc06187079fb,2666803,319779936
4c857e19-d9bb-460e-b3ec-2d1ea24c3247,14530,66052
71b82efb-a4a4-40ad-94bf-9ed8c97dc69d,3,4
8cc72457-488e-44e6-a5b3-d2da843b7245,52122,533039
80fad44a-1a49-4e63-84c0-9f0ceb7fb203,2,6
bb2b7bbf-75e5-43f8-8a9f-7769ae7d832a,695740,16409794
86083bea-ffa2-47ec-b7dd-06313f3b349b,567,2059
0f4bf831-2672-4e94-8396-4198a3a0e731,9519,63314
29a237ac-bad8-4ad3-a57a-032f8e2e611e,56953,1699798
9818ec14-12ae-4254-be50-46ba7aebac06,13121,69046
332a08b3-c1a3-49cf-8b96-e373a914590e,342815,15212085
3cbfd3e3-6d9b-4327-84ba-42cf646c98f9,162626,1768676
a6f55513-0dd9-4295-a40f-9c1b6a604654,1536,3876
2d67239c-aa40-4ad5-a807-9052b66857a6,1747316,30243725
619b1116-740e-42e0-bdfe-96af274f79f7,349,2880
a21a3ff2-064c-452d-8aea-3d4039ab70d6,41821,397626
fbe054ec-a143-4101-9e9e-64abc5ff5ac9,2864206,41830423
3f6ee55e-d523-4dd8-a027-7a6af9909ae1,1182788,44549661
300c4c73-33ac-4255-9d57-4e32627f5e13,697060,6707072
12c0ef6b-8cb6-428f-8766-afc51d512d4a,0,0
854e815f-ce53-4085-a74d-4bb6fc4e1459,82,560
daa09819-5da5-4c7a-8bef-eb372bb27ff1,3388680,60709307
ffe22552-e13c-4d79-825e-6b4db11d4693,0,0
df6a1106-6caf-465b-bcfd-0b80d2b53516,153969,2661775
606bf117-494f-4864-891f-09d63ff6aa4b,2834532,210882899
3f6ae36d-ffdb-40cf-98e6-8023cb1c41c9,1072304,9150963
81e2f4b1-4b48-4bdb-9717-4180e0f1ebc2,48607,310668
03172286-f7ed-4864-a4db-459cd5ca9790,2694872,44117470
8edb76e6-b846-4465-a7c2-778b6bb38379,2,4
3bde6f06-77fe-47db-8d01-c6edb694c2aa,140,799
8ff201f8-3b3f-40dd-a7f7-8d0a2184c62e,0,0
39ab1aed-75e0-4140-bd47-540276886b60,5684094,308795084
ee1a3cdd-d907-4e76-bfe8-f60a8bbd5ba4,0,0
cadaa8ae-a43e-490f-8061-2787d9f75b6f,0,0
6b905738-f1b5-4851-942e-ee0118f3e44a,260,2173
e22d2f66-881e-41ca-9356-544697ee5f90,2184835,30703861
32434ee8-8f04-4c95-a963-796faa298651,1619,19559
3b3b7f25-cda0-43a9-a3c0-e95e769eb08a,144,932
172053e5-a7fb-4548-a64d-c53858b5e775,1382711,56274276
2def90b4-54a2-40d5-abaf-529ee4db2da6,808,3684
1f52af22-0207-40ac-9a15-e5052bb670c2,10525,36479
2c1fadd0-8efb-41a4-8272-d5b1b04bf385,256,3752
9058d01e-8afc-47a4-8664-621fb5f159c0,705021,41035898
478e777b-83d5-42dd-be06-36adbf83281f,0,0
1036b808-f58c-4a3e-b461-a2c4492ecf1b,4589422,295697839
13e2db47-3010-48b8-a8b9-667551f37119,492187,24822862
b12d76e2-4933-4e37-8b7a-0b317f69c8a1,34,160
61cdb045-7f89-4eb1-b3ed-35db94d9ab99,1753902,33393924
58e235fc-f6ea-4614-9ed4-9855a5665ae1,1132833,39431995
0192ca4a-2d25-4c52-b778-08e2bfd9fd01,5,48
67ebede8-b5c5-4115-90e5-1d760466baee,4,15
800760de-bdf8-43a2-8fe0-44a2401a5515,1782172,177563926
047c7563-6c32-4619-a0b6-1dcf218b3e1b,314663,2755751
3d683d51-ba94-4ef1-a07d-3dced0f0bc38,0,0
1325f8d5-ab22-4dc9-8fdc-f7fa6695c493,8122,135682
01ad46b5-59c5-4295-a500-88742320ec3a,0,0
56c4b861-0922-4c3a-a9b9-3bfcb00f8274,2443028,57284828
1fb335d9-e9ce-4fb0-a4d2-738fea0c0148,0,0
a12980dd-8cf1-4802-84e3-32c08560cf49,14652,135111
3508f3fd-3b18-493c-a362-376736bb6cde,35976,132059
bab29dd5-510a-4c10-b1f1-657d60a9ee6e,16,83
0423fdbb-678d-4210-aab4-600fb3ceb21b,0,0
68430e36-5f32-4e6a-b89c-cef750c9703e,6,21
519774a4-3b18-4042-b8c0-927845a616c9,275460,1678313
b67bf15d-03c3-40a4-9d17-769a964d5005,34,52
11bcbbf4-1252-496a-b747-06942f3d76db,1033732,31611282
7d5dfdc7-6f95-498f-9b60-87f0319867e0,2752,10923
a6c6897a-7415-4f8d-b5a5-3a5e05f3be67,3109819,380643202
fc5f555c-dfa2-4f16-9da5-98342105c23a,42170,503480
396d316b-a9de-4c3e-88e8-a1caf730a6b5,105547,936840
5660a8c7-d0d9-4181-89b4-8e125328e31e,1208858,87017932
02452937-d06b-4e9f-966d-8477bae38ddc,373357,6253133
89e95aa3-bd49-4af3-9c87-0d88b2093bb0,765178,78447191
e47b4862-a587-488f-b7a7-bd329726693d,63,140
09925d0f-b482-45cc-aa94-e868a41d0a4a,16778,179711
6739352a-3f16-418b-ba43-6c41912badc5,7460,34627
b1ee35c4-1363-4f81-9a3b-7d70c6009f81,3595,28455
9b483540-4191-43b2-9a86-d4ff09fef68d,0,0
525d2a4a-3d81-4d96-9581-3442feed3d2e,1933,8010
d39a5a70-de11-4ea3-a4c1-f2139cca265a,113263,669113
b0337af1-8d93-4671-b6c9-ba306bf942bf,1230709,52310294
2361ec07-1b1e-4f3b-8fbd-ec0a6de214ae,0,0
91f3e61e-dec2-4b73-b195-a42251fd72b5,160503,2151967
0306f284-3be8-4ccc-a6e1-f4f2021f796f,4,4
804e04dc-8812-4313-9159-bec358d2b8ed,5,5
8b477559-946e-4ef2-9fe1-446cff8fdd79,2859388,41037242
29181727-a888-431e-a6c5-bd7f4969a318,8,14
d46f4afe-20e7-49b8-aa8f-8609fc4b4716,9584,52139
88527d26-7496-47c5-8358-ebdb1868a90f,1040004,14259295
06665d74-6477-4edc-9610-106af7f3a975,2,7
8e893bac-144c-4a04-a9d7-9068759a7eed,13913,383655
ea4dfa26-f633-4da6-a52a-f49ea4897b58,4244759,151469149
fee6a7fb-80d9-4290-a171-e48f1f20e381,1931027,46740927
5f95440d-7737-4a36-9bcf-c05337f7129b,1544195,146077686
afff4ecf-0c96-469f-9e82-0c8ecb4a812f,0,0
d0074395-1278-4864-8a17-ee49bdae7e71,0,0
5fee3020-513b-48c2-b1f7-4681b01db0c6,14589,161007
31ce0981-df2b-4c9a-b2e1-bcf47333245b,453,983
e8993e9d-9313-4447-ad23-791459a3790d,961660,24502460
00ef990b-098d-4bf6-897b-708e35638854,1397,10347
643ff039-e473-4178-b523-a76a67b7cdd7,3667,56155
970e9fc8-9b6a-4d92-9f57-231a4517ddac,44,225
0fabbc1d-8d94-4a61-bd1d-1099ad1e4559,1299243,159338271
a0182eb3-7427-42b3-b1aa-dd73e3478690,0,0
d594304b-5903-46e2-ac82-7f6126cb55e8,956,5171
47c8f88b-987a-4b64-9175-2b1b57809727,2860334,52118360
43972689-3a59-4c7d-a093-6432e686645c,16836,58771
3e3f1a27-9390-4c53-819d-5a4501165f38,322,1154
5df62a88-cac9-490a-b62c-c7c88f4020f4,3401691,425440529
a03cff29-6e2d-4745-b9d7-4272ec927a00,1,12
c0499bfa-294c-43c2-ace0-dd30a70ec8dc,16191,84401
ee58c59f-8e7f-4430-b8ca-236c4d3745ae,2086403,49557196
9a6f7310-87f0-4fe0-baf1-a58f719b1f3b,10817,51801
fbcd7b29-455f-49e6-9c4f-8249d20a055e,2331259,73789599
2baf3276-ed6a-4349-8d2e-f4601e7b2167,2328042,712786332
29edaca5-7e7d-4391-b137-ff1c94a4d262,150,897
71b03238-e53d-4e1e-9b3a-6ce1dcdf2894,285453,3667125
1239d1bc-cc09-43e0-bcd0-374f60346138,2163098,26367315
e96287e1-c455-45df-8875-355432882659,24,52
82ad1c73-2704-45a2-b437-679c3e74f8d9,524,1088
34cf95c7-4be9-4efd-a48a-c2ea4a0bb114,1987308,35597398
e21857d5-3256-4547-afb3-4b6ded592596,6592412,474194806
b95ce3ff-3d05-4e87-9e01-c97b66af13d4,7576723,544466686
8f6bd1e4-fbe1-4f50-aa9b-94c450ec0f11,3167115,136559996
11ae9fbb-f3d7-4a47-936f-4c0a04d3b3b5,4728720,194990319
2a57b4aa-b16a-4723-aa0b-bdb0371930b1,8,11
fa4f4b89-3ddc-4e97-88fa-0e30121f986a,591830,8765325
c234fa42-e6a6-443e-937e-2f4b073538a3,4604787,147345014
89b13f49-4fea-4110-999e-21a148f7c89f,0,0
d339efbb-77b9-4147-ba9e-59f2f24550b2,4306326,127046400
5f857e5c-5620-4110-a9fb-ca797148287f,0,0
879d43c6-13a8-42f6-b8df-a9b7d50aa9e2,1514874,111800869
2038fbfb-105b-4d84-869f-7baa8c7001ab,5,26
40b7e836-a995-447c-9fa6-ddaff888ba6c,2271,9510
5863c64e-7867-4dcf-a0ac-1181ebdab988,1336,4155
56756959-1e78-429c-b897-e1d056cb0225,2304971,117822922
4e4ebde4-0c56-4dec-844b-6c73adcdd92d,2341651,483887607
d15721d8-56b4-453d-b506-fc915b14cba2,3238428,193022200
65314b12-0e08-43fa-ba33-baaa7b874c15,2047957,82170054
f4e8368d-3570-45eb-bdf1-23987955b3e6,3,19
412faa8b-0bf2-490a-aaea-45185504f2b2,15501,92096
bfd5aec5-62a2-4560-a316-7c46c17babda,3267814,55649670
d60c30e4-f52c-46c1-bacd-0c0d58a35d30,2053,25375
95e1ead9-4d31-4808-a7ac-32c3614c116b,6723001,367265725
9a0fe101-f7a4-47fc-a3a2-1606588cec6c,0,0
3a750bab-16d5-4305-a8ab-9305d81afdf9,218,3486
320d51be-7d70-4de6-b4d4-ce05204b31c4,0,0
679ec43c-bc04-4bb0-b619-2da702a214ba,0,0
68eb8831-4d0b-4a2b-9209-3ccade5117f0,152641,1532786
16e7f7ea-caf8-4e89-adb5-aaac50099edb,11,48
c44e9c22-ef82-4a77-9bcd-af6c958446d6,2597252,133014095
4d61abe3-ce6d-4383-b2cd-8b4491496549,59,153
091f2624-6e4e-4961-baf2-9526493525b0,0,0
8fbcd70f-bf1e-4624-b94a-fcff6b0c637e,763676,10807403
091edff2-a5ff-4aff-92b0-8569345098d3,2,2
e565610b-9a8f-451d-b594-ea658d76f725,1580449,47887813
11fb18de-7404-44e1-82c4-ba0045a7502e,18,248
d71aa474-76e1-4c5c-8d5b-778e4bee708d,674,1892
7936fffc-8acf-4ee7-91d1-eaa3df92e381,71,536
42b1afed-e6db-4ca7-b3e6-c86873603dd3,0,0
d1515727-4a93-4c0d-88cb-d7a9fce01879,1030307,35033935
a9c38fd2-04be-4bc6-a3bc-96508b226508,1426665,27767063
859bf1bb-0470-4869-aa97-a2f1c0fee62c,0,0
24e1b53c-3085-4581-8472-0b0088d2508c,2770988,213624152
741a2892-1c5d-402f-a769-2096356c77d7,1709770,16482668
48646387-1664-4c9a-9139-9bfd091b823c,1847744,291516035
6c7fc9af-07ee-41af-9ef7-2eb9665f2cbb,0,0
05de4cde-ba6e-4be8-a8fb-0aa4f6c56df8,11115,125862
e4356a15-5acc-400d-a707-592d66922e28,1021321,29210417
293da60a-845a-4b2f-a288-72242d632168,179,1615
73e7c483-9f3e-4a72-a359-582452fbaeac,4902,25140
6ab10aaf-8812-41eb-b59f-f07b42468f22,966884,157412204
41a2b0bf-0469-43da-93a3-8774da760cb8,0,0
88b1b2c9-1cda-4dda-ae4b-2e8a4d00356a,3,4
4c7a5854-6b75-4623-a684-6a3d785d9015,2100667,21831054
3efc71ea-3594-4510-b2d5-34c14c8687d4,1959,19619
56a55378-f155-48de-80a5-d80104221267,2363036,297589363
79c795f4-7dee-42df-ad01-b68b5980d9ee,0,0
6cf7f2ce-c646-45aa-8179-9149e9866097,0,0
752bebd2-b44c-41bb-8a21-bdf3cd1b5518,582220,12343760
c12f644b-1066-4ead-b0dd-d0c380f5cca2,521,931
0039c7ae-e1a7-4a7d-9b49-0cbc716821a6,3724941,245693352
1065cacf-9d07-44b0-9f9c-80dd04a86b49,0,0
3c9b356d-d1db-4f4e-a7a3-2d00c1d70255,672245,9599861
afac07f5-d4aa-43f4-bad3-6bc2bb474cba,124550,973277
f072fd2b-1ffa-4e54-a4c4-678741234ee2,39728,147806
319e9d91-fd89-40d7-9aef-a28da1b7d75e,15,48
18f56081-ccd7-4e07-981a-558c20951ccd,559850,10581456
5f04b5df-2247-4d09-b780-b68705cf0d35,117,844
fa4461c1-518c-4046-bb71-7b8fcab47c10,1378,11640
b0465ba1-c8cb-4b10-ab14-3f48f27887c3,0,0
f7eb3be3-1065-4a53-94d4-e2d0c15c0b33,2619050,26316975
abd506e1-6f2b-4d6f-b937-92c267f6f88b,3135999,60170965
bfc872ee-8285-4496-bb02-95159f08a7ef,0,0
60bec7fc-22ad-4597-a928-781c576ebccd,1769,5578
274e5aeb-6f07-4429-b74e-02d4e3b83344,0,0
ca49c09b-9ac8-400c-8f3b-edde6a026342,0,0
bf314a8f-5dc6-4dc5-8819-d25b4cc38164,102,447
da3f4766-628e-4da3-a871-014728993157,416,1502
773c48db-eb0c-491f-9a36-633d72dcee8d,24520,124088
6f2c949d-9540-4421-bf02-27ae27e00e33,1379416,45882732
070d193a-845c-479f-980e-bef15710653e,2999403,95140200
f2eef649-a6d5-4114-afba-e50ab26254d2,3344608,152081772
e5712ceb-c37a-4c49-a11c-ccf4e21852d4,2318969,159561530
965f5705-6eb1-49a1-b312-cd3d65bcc7c9,116,377
a2fdc044-010f-4317-97d2-a1c67e978543,2128,7541
ee0b11de-0c8a-4267-9886-198f4579e1db,1281736,93423093
6b128dd7-e998-4edb-a4f5-400fef190445,952716,64014335
80e7cb60-3ed8-46dd-8eec-9052606306f2,36913,499126
e0140a67-e4d1-4f13-8a01-364355bee46e,4496655,285565588
bf66e128-8353-404f-80d4-43916ea454d2,5104,30077
7e61db63-b2e4-496a-a3a3-d4383c63b698,745524,24663438
0a96553f-8003-45dc-adf9-d38ed61bf941,70,207
e505aa63-cc70-4b35-b77e-476035e4e620,30,192
ba9bae1c-ee4d-496e-abfe-b538a44fda2a,7576,70238
56ed6291-5643-41ab-8023-ab6df6b976c0,72,210
a0b8cb9e-7532-45fe-a74c-30e7c4009a39,1918154,24064951
c7772f09-52d8-408c-b178-7cd18741dded,0,0
79a09151-f6cc-48f9-9907-3fdd0b68373f,18966,130326
79c9b9a6-4b78-4738-8b81-95b066321ea9,964496,46804950
94a24504-3548-4bde-a89b-273d277d194e,44719,506430
a56bd8f9-8ef8-4d63-89a4-794ed1360dd2,1981227,33596916
122a2714-24f8-4046-a532-64064b5076d2,312136,1969699
f9300575-b356-4e5a-88b3-f76bf6f34115,569,2233
029a5244-eb0b-4e9e-aa51-d676b985606e,0,0
438cfe24-e99c-4b74-94ff-7289ede0bb46,358,2620
5a8e07d5-d932-4484-a7f7-e700793a9c94,1859377,61235135
3b6def32-b3ee-47e0-9eb9-c9e1a2e22efd,0,0
705f04e2-fc5b-41ab-b837-1d850d44084a,532124,49174414
3b4dcae0-6d33-489f-8923-daea4f512cac,0,0
410e7fd3-b865-4fa0-bb18-1b7fd53382ca,1542140,59929370
563abe5e-06b1-430d-99d4-7abf981c6e5a,227786,5784244
9dcb52fc-b6f8-4980-ad45-22b066583b8b,48,83
bd20fa3d-277c-483f-bd0e-5f8d8ae011c6,375,1578
346448f5-25a0-4f78-bbd6-acc0205f7513,60076,299817
c0367e31-dc3a-4f5e-9d24-0e3af39a8704,965,2548
e3d5b5ec-101a-4529-9f2d-01dca64cf44e,1131601,19772156
2610ba0c-fe94-4e04-8e15-4b29966afffc,199,658
3ff0f713-0232-4997-a6e3-a42ae30eca9c,222,3306
e44aa1c2-c4ea-4dae-a9c5-36fd9fd22d09,144149,2578487
a98cd83c-4f9d-4c16-a3f2-3759df41df82,1026,3049
bce6d667-cde8-485e-b078-c0a05adea36d,1910594,76356384
f4b6e451-5dce-4842-a555-f793892299b3,407978,38578099
913b4704-05bf-4e53-b30a-f3bd244ea2ea,1191026,22822522
37ed89f2-c1e4-4836-8f68-190014a48034,1340,6412
7d1a1624-784b-4f89-8ff9-b9b493cd059d,60820,280119
7d3372ea-68ea-461e-84e4-d0f5259809ed,36,41
b3c94036-6166-41d2-91a2-dc3a0b5fa188,1619,11826
1db78dcc-efdc-4b32-aab1-37b9c2210d02,445141,5932233
9c14317c-87b9-4f7c-a5a5-80add17a1709,909298,22860739
9e474d7c-664d-4a9d-9693-5a196313900c,38717,216636
08b652f4-a221-4f54-8ea8-b375b5bc54d2,1031,3763
831dcf03-b745-436b-922f-6a2baaf45e57,1199895,27197850
ca9766a0-1c30-43e6-a213-bac1334efc4a,2932149,266674900
c0eee88b-47f2-4cd2-ac48-a045e902a432,1217144,61847691
1febab34-36bb-499c-a370-10080d3079f2,4775,27676
0ba9202b-0855-4935-9425-e2d9feab77ef,6876,23513
0bc6d6e7-0858-4b73-a079-7aa681095f98,35857,491122
1fb50d12-8463-4fa4-bcc0-f8038e36aaa1,487,6854
1cfe52d7-181a-4b3a-8041-d8bf9ccef57b,354855,2047708
70debfb9-fa72-424b-b1ea-1c0b4baf00f4,0,0
ce7f558d-e4c3-43c6-9be6-cbb330a97d83,0,0
9d17d14a-e81c-410e-a90b-b02b0a9de6f8,757345,133171501
0ee34279-2624-41a5-8c14-a85da7eba79a,268,1065
31b22ba7-1544-4c64-9117-fe514ecf23ff,2050,15190
5fab583d-7b67-4b1b-a108-8397c983032e,863,10954
9eba77a2-7297-4917-b6fd-b0dec8b57437,11163,76469
6c61b24f-aa32-458d-83fe-b8619dd7def7,230,842
fe697682-1f05-48c8-98da-79a4abdf0e8b,25,43
d77458b0-f916-4c6a-b9ed-cacbd1f6c178,0,0
22135057-efdf-4afd-98e7-2935669d9721,46,328
772b1730-b908-4d84-a63e-5c54e5551909,0,0
d62614aa-ef2c-44cd-8a7b-91292755a1d0,1288738,41501205
70e5098b-c4ae-4cd7-9799-3c1b9b57c753,793395,99445852
6f1a58bf-9b1b-49cf-a44a-6cefad7ae04f,3102234,300950144
e4c2bb42-55d9-46ec-9a2b-d79af8a6a0ff,374,2849
3bd76ebe-c7dc-47bd-a8af-9e46d2a4f782,698760,16055816
7fe96b15-5608-430e-ad25-77a01353c5d9,1853140,42240048
60c083b5-e3c9-4410-9f9a-0b5f4b4d5c2c,93,358
020bfbb4-05c3-4c86-b372-17825c262094,3185408,90740643
986ee464-cf8a-4e59-a71f-74756102067f,965119,7078651
66dd0da0-66f7-4e7e-a3fc-f1a8b8590993,315,674
29b9edaa-058f-489a-b54a-73cc3627661c,105961,663645
5a8eae6c-def4-4572-9269-8c84ccdb3fc7,1,4
b35a801b-c385-46f8-a852-25f28c1614da,2536,31655
9b6e2f6a-945d-422d-926e-ebb77b8dd109,0,0
8870ec41-3a85-4461-86bf-e2012307b30e,12,79
c43d2302-02db-487b-b62d-8cb3c57f94c6,8704,34315
78e98e0e-f873-4e5e-b4b7-88b7293fd713,761962,5610320
d50548a0-3cfd-4d7a-964b-0aef6545d819,2553,22177
e56ab1ae-1cfa-4d0e-b33b-af31bff677c7,1280576,63570438
74037cd6-174d-4b62-9581-096da221c066,991,3989
b8798e20-85ec-4db5-a8fa-df1543296339,772,3419
109958eb-a335-4c5e-907e-597ff4c6af46,3946982,117441138
9b2f64a8-98ea-433b-bfe0-2675c02b08db,630499,7513548
13dec3df-6b0b-4ccc-bd5d-53f7e4dd990f,27,405
be465d46-9615-4722-b828-ea531ff97ea3,292052,3425573
156fdc33-d51c-4348-b966-cdbce304d2dd,415,2941
f23ef341-33bd-47c1-b83c-846a78581f05,1843932,144393655
e06442a5-1716-46cd-adc4-e1ef022704b6,14,147
42f55e6a-7a8d-4e8f-bbc7-da411b41bd15,224333,3139977
d0c7656d-8169-4f77-9dbe-b8f24e40105d,2874399,286507485
37af6e7e-f13d-45e4-85f8-62ed4e9517ff,0,0
f2b7fc94-1e8d-4f4d-9a3f-620c1a5ac564,116663,1312929
24a43e36-0435-4f04-ae9a-d5d73e52d278,214,1194
e8d26c70-db22-4c97-906d-3b2c995765d1,8,21
aa6b0b31-ddbd-41c6-8f55-43b89de3fc58,0,0
fca20b9e-aa01-4e10-9908-4a8e8f790d2a,0,0
246e0381-558e-4529-b124-b5a14c340eb4,15,23
a3796974-68e8-49e1-be25-73ccab990280,2817,7814
62b914a7-d775-4bb4-bb5e-d46e7df115b5,1363477,40247929
8ab5d936-49d1-415e-92c8-151e0e7dd912,1553042,40012485
1d673024-a339-4b97-9f41-52cdc47498c6,0,0
d1ba4333-3112-44bc-8768-273d879d7d74,1689,21328
b8155f6d-7852-4486-97d9-1b7fdda3fa08,51185,6786103
78ea5ea1-3c4d-4b7e-ac5d-68900319ebe2,1636658,54735070
48f06c6d-088f-40f8-b954-bbf9b884839b,592041,8783825
597f1204-98f0-4151-ab5f-b4e728f09e09,0,0
6c447015-044a-4d5f-9521-410e17d46d42,2,2
28a0e439-e447-49cb-9aa2-6c754bdf665f,84835,401099
8c6df732-bb9f-4aa5-9557-0d8b6d3b350c,0,0
f9133036-ab3d-4e97-bd11-7a2c98ad148a,1148495,151788275
7bd57a77-61ae-49e9-8f12-4ad5eb42ff84,0,0
a9bfd9c0-a849-48d7-828b-b5c600b89ebb,0,0
07cc14fb-4784-4a25-804b-2686ed5ef52c,3027132,52315234
b08593b7-1514-4f94-b8ee-1138480c58ad,0,0
5182c1d9-c7d2-4dad-afa0-ccfeada921a8,4261348,200774817
69b25c47-780d-46e5-ae44-1f116337b95e,311,1162
589bd6ad-abe5-4b49-8f6a-ddcba7c4dd25,24,70
fec52bf2-450e-4ca7-a517-c3f2097d964c,63065,605644
01809552-4f87-45b0-afff-2c6f0730a3be,4315393,144903841
cc0b7089-c08d-4c10-b6b0-873582c17fd6,5628909,483066363
122d63fc-8671-43e4-9752-34e846d62a9c,6875841,414382306
39d895fa-c8e1-4dfe-ae14-9a1a302e64aa,33359,153137
b1439308-b01c-4bff-ab12-5cc6cd47900c,3048,34957
4465b45e-3146-4131-9f28-3dad16ef5031,1,1
4173073b-ae68-476a-a715-e22f1f43046d,0,0
517db8b3-4167-4850-82e1-7c7688bc6a3d,22026,62790
1333db0b-41d1-42fa-8e7e-526b4cc70d64,52655,399552
97f523ba-64ce-4d11-a034-45655062c074,0,0
b1e26560-60e5-4236-bbdb-9aa5a8d5ee19,3355264,312745244
733b0b49-3aba-4884-bcdc-172b30429cb5,4939,83537
c5fee395-a3d9-40a0-ad67-8518d312601c,61,330
bd5ffaaa-71e8-4930-a5c2-338d828f0c89,6954,43367
cceea21d-f3ec-4586-be7a-d2e939c15c78,719111,26082495
6545b2a5-bbdd-408d-9169-3d7aeade8093,31761,417865
197450cd-0124-4164-b723-3c22dd16494d,4691874,168367064
2b5e086f-cb7b-4f92-8a85-6a1c38ceb598,170,783
4be3b2fa-0b31-445c-babf-475944be8971,1026887,30451700
583944a8-d43b-42e9-8e3c-29eb89f53587,37821,304661
f367ff22-5787-41cb-a7c9-bbbc7b817c21,17,48
1c5efd53-d6b6-4d63-9d22-a15025cf5f07,971785,79804483
44ecd2ac-a5b9-4b64-8edb-f3c76a5fa439,218675,1435636
8c8d8f2c-0924-4492-a4c4-cb042531ce86,24897,203495
9d67c199-1d6c-4647-966c-f45a4badb43b,894519,69852459
d863e16e-8811-4182-a168-4d85da239d79,57,183
d58439e2-d39a-4571-aec5-4cb4944bc1bc,0,0
12398bf3-1b99-47b7-930c-f3956773f35a,1436377,60861061
1f8e7e6f-fb43-4121-83c6-f4c9992b7036,160466,1669693
144ef525-85e9-40c3-8335-02c32d0861f3,3677858,198154749
127d8614-0876-4408-886c-6f110b047a78,1044658,152341432
664bd251-a22c-4ab9-a4f7-25da4b14f9fc,550860,9145992
3578ccb9-0f63-41bd-819c-d50eba6aa2c4,1,2
153c9281-268f-4cf3-8938-f5a4593e5df4,3176930,97698988
f1dd0051-5578-45a7-a733-03113626407f,40,501
e664d1cd-23ab-48d5-b8fa-e98485daa5be,1093643,37074393
285e1285-aecc-478f-a8da-0c8cf69e1217,2547451,71311498
cf6b70f6-2616-481c-912c-0263cabfc974,763711,20544829
364c40f5-020d-41e1-917d-ade1431f60a2,1900,10353
f27ec8db-af05-4f36-916e-3d57f91ecf5e,6540686,321907034
93c1cee4-2604-4cd2-8d72-8bc59aa9f6c2,160539,1322465
16944898-0949-474c-95c0-e717a59e1663,3004,11487
b7e551a4-057e-40a5-b34e-d0d3324f681a,2257,23168
92a5388e-60b0-4600-b988-4993b6f00b3f,0,0
b548ac3e-b17b-4b82-9a16-49a8ff169732,870,8275
1ba01bce-7f32-4d72-a5d9-34930b191656,37513,231827
ed76aa76-ccd8-4bff-be1d-b308fef4ef28,0,0
a2af80a6-b3d9-4727-98cb-9f7146f64bd8,3,19
38f59974-2f4d-4bfa-b2e3-d2696de1b675,1755846,108950702
56393a36-155f-4f50-adbe-45f4a26c40bf,479413,9825089
2e229823-0fc2-438b-aacb-5de02bd0b9b7,123381,806802
cdef887c-9798-4a3b-ad1c-8292c19dc61d,1605,3477
2a4ee2dd-44f7-4135-ab02-cae8cb7ad059,9,11
e3e5eeab-38df-483e-b618-abb09f4309b6,0,0
c2566277-e680-41bf-8e9d-6936d1fa4b0e,199,571
afdb7919-059d-43c1-b668-ba1d265e7e42,3575787,82952822
675f9fe6-7e2c-4ce7-b3dc-147169c64d31,10942,111797
c9fa0187-ee47-4db4-8e0e-af417c3a3ed4,0,0
ea7add7c-c9aa-4479-ba4b-a3fab789ca3d,3,15
56767817-884c-4ba8-9921-ff9a6a56796d,46,341
e45cfc46-6f00-460e-b7b8-979a21e80445,1,1
900f8151-f582-4d6e-bd4e-8f02b838239e,93,173
395ad460-4f06-4aba-bebd-22ac99b82600,0,0
49b34ba3-46a2-40af-b6c0-6f1fab93af8b,157326,1566306
850a8b03-98a7-4fd3-afbd-5e5520b4ef5f,2272980,224283134
d1353a0c-26fb-4318-a116-defde9c7c9ad,2824122,58773708
b0b33754-a664-43b7-ba00-be0dc4ec2396,305004,3486753
8006f1d0-8851-46d8-a928-085c686b29b9,23046,349479
fa18023e-317a-4738-a026-638b2c6c9fc3,215,2391
c262b6bf-be56-4b26-bceb-42d7a27342f3,503243,9093339
6f7e36da-79d8-4219-990d-8e9224d04ebc,25749,641150
e08ac443-f1d2-4666-abd1-fa5859592981,193311,1961708
43bcca8b-9edc-4997-8343-122350e790bf,7926,64076
26cea341-dfab-483f-9cdb-8de82da81019,792,3857
76c5e552-688e-4e9d-afa0-36e77526495a,45,237
d62a5d3c-aff0-49f6-8ec9-ae3ce61a358f,2,2
15596805-8343-40a5-b2b1-d5585d945056,15,112
2bcf2e02-5bc3-4c76-bf76-41126cb11444,1545480,146140197
43650e15-b88b-40bd-b45a-e617d45f11be,584,5859
446ac261-09ae-43f4-a7e1-2c753c0813ce,792001,32837002
596ffa74-3d08-44ef-b113-765d43d12738,5304808,154983579
1129817c-488a-4096-80c1-77fc1b107c93,2047452,36318201
034b3a22-3f58-4000-be08-16c27971bc00,1522,14568
6b014cfd-4927-4187-a741-715998e6d785,788091,47531833
3377f3bb-60fc-4403-aea9-7e800612e060,2640789,208394250
00f64453-7fe3-4171-b66d-b89fa0bf9dea,60165,416366
f0ed72a3-ae8f-4cf7-b51d-2696a2330230,249853,1862059
e7f29e49-6078-4528-a5dc-5d0eeb8a1437,74334,1945319
f58c445b-07ce-459f-a69b-75c9fc6e55dc,2698,14309
7de248ba-9543-4603-8048-9fa67d960a24,267,966
08212320-efca-4a86-9778-4ee51a12c6eb,432,4791
2ce6e4e3-8dfb-438f-91ac-df793d1a2b39,0,0
a535e609-f98e-4a11-9ae9-a6f56158e38f,19075,214572
ab2528d9-719f-4261-8098-21849222a0f2,1913453,56651069
3da7c19e-9e09-41c3-8420-d834f6c95f51,10,41
42adb8ca-8484-4901-a429-fc8ecd3a4327,7,11
d1ff4c5e-4ea0-41ce-8ca7-6b9c66594a55,23042,156052
1ba5e790-ab00-4acc-9083-e3bdc47b2f0b,16945,89190
3d3a797a-4902-45eb-b763-7e2dcbd1fe9c,2,2
6622a50e-5206-44d0-9ad5-96047a726dcf,3759,10299
299a2395-812a-4166-9b79-adbdfdf22721,0,0
7e6ac2a1-a462-4b63-b536-cff0c0ae4cc7,2179,5881
3bc3874f-bd74-4678-af6e-458159b21e2d,29,98
adaf0068-1c86-4166-8cee-f0a53f4854c4,0,0
661bc212-bee1-4642-9fd6-a07a4a04dd3a,183,337
f9b285a5-f672-4058-9b25-d153f60f404c,5,120
58325670-9323-464a-8b20-3e8d7b26df60,35377,427807
3b7c93ab-40a5-4745-ab6b-eaafed2308bb,190724,2285145
c78a77fa-507c-4c07-947a-0355029453bd,9119,116240
aea4c9b9-9f8d-49dc-b2ca-57d6f26e8634,1003709,43186884
5b6ebfe0-f72b-4902-bba9-74c8af0f1af0,2523032,279955112
c3cceeed-3332-4cf0-8c4c-bbde425147b6,2725666,84750630
2867b63e-7000-45ea-a6aa-b3b0d8ae4411,0,0
dfe78af2-779e-4137-826a-3073a16e3278,1794602,43826576
886b3be4-c93b-4085-85b0-b73ce2817246,567,2784
433b07e9-0ce5-420f-b1eb-7b06ab910b95,46,142
d7520540-71a7-4278-b499-13dbcdc13498,0,0
92f29d03-1d89-42a6-9ea7-ed17bc5d6dc1,349238,2135917
24ef3ec0-ea19-47f7-a5da-45e203f43865,0,0
6fb92cac-6739-48dc-87b6-8ad634fc5740,1131494,24295218
de713a6b-a172-4533-a259-587b15b3c4cc,1,2
b452711d-4f77-468c-99f8-8d2e621db081,15202,63378
f2215143-d7db-4cf0-9cd4-b0040eb63cbd,625764,16351158
ff399892-1aab-44e8-8905-bf8721ce0866,5167,91718
02b16a7f-0e8b-4df8-807c-aa40bae1d590,37480,200056
82b1f5fd-cd31-41a9-b5d4-7e33f0eb9751,2351351,44139461
b6b2bb8d-54a9-491f-9607-7b546023b433,4129911,207802615
6dbd7f8b-20ac-4287-8dd3-b4cae5c5f82f,264718,2986861
3af06bc4-68ad-4cae-bb7a-7eeeb45e411f,1510116,23584350
dc0a3c08-5d4c-4b7a-9493-0ade7b63a290,30631,374473
d5ee9a6f-8e10-47e7-bca7-7e3f82aad769,11816,169940
913ab7e4-b806-430d-8d50-b6e141d035e7,0,0
a94e530f-4e9f-40e6-b44b-ebec06f7900e,31656,229755
ef9a7fbe-a891-45d6-bc08-a69d7b40ac6c,150,2166
f81f19b9-c76e-43ac-8656-bb56071785fb,779222,36107668
72a7ae58-d1fa-493d-8f4b-1bf43e6479c6,318,721
203c31dc-4004-45ac-97bd-78e07e7f91ee,13,45
c19ff12b-058f-44a8-b245-b0efb4752925,493108,3344509
730e20a5-66d3-4052-9143-a3ea7b56f568,40,132
3e30aebd-0557-4cfd-8fb9-3945afa5d72b,1308662,16328538
302bd7b9-d012-4360-897a-93b00c855680,5005589,177521623
bd13909f-1c29-4c27-a874-d4aaf27c5b1a,4626797,267001198
de24d412-21f9-42c0-9f46-f73abe7edad6,0,0
7ff991d9-87d6-40f4-b534-a65426bf5ac4,67,173
a2548ee4-433a-4ebe-ad8a-269ea70ee47f,7,7
8c87dda0-be58-4e48-a3b5-2626f26364c7,333352,2652024
084308bd-1654-436f-ba03-df6697104e19,6363248,421894526
94796bba-bffe-4510-8493-957e176b8c61,0,0
013fa897-86db-41d3-8e9f-386c8a34f4e6,1772594,81932866
10d9b154-7c29-4bed-93da-3ba5965ae918,3538,7423
a0196e18-1129-4493-b16c-dc80e1a6a8b0,0,0
cafe729b-f9b1-4e57-a7ff-2e79ad3d9868,16,1183
64fa7b75-6c24-445c-ba2c-c951a4a44424,0,0
bb65dc2d-9556-4f07-94fa-e75f49ecfaca,321,1520
7c4ab1f9-96cf-46e9-9f5d-2160af37edd1,3012,12826
01b8b5bf-06cb-45da-85fb-61ada72fcd69,2263245,121677166
c089eb00-0f9b-4057-89b4-2932968e59f1,156,313
822b10a4-37eb-4fe8-aaec-d537eee0aa43,0,0
c77eeb53-4c6d-47cb-8eb2-70393d3f4854,1,1
eb9075cd-0440-414a-b309-5da6ecc50911,1676,3292
a2361c7d-ddb6-41c1-a9a0-be09fbbb8d21,965261,8686105
d1c0aa8e-e1f6-4299-a52c-64d728f263d1,74660,1157662
2ee992d0-1c7a-4210-944b-bda2bf076ac9,0,0
2027b08d-45b1-4fb5-aa6d-f6ccc4db78e5,333982,3485513
06fb1c8b-566e-4cb2-985b-b467c90781d4,3981408,135735056
9c73515e-819e-4aa6-a5ae-24d0c3f9a600,0,0
70ef8ba7-ec5b-4ab8-9f8f-a5b31e771989,4093,10317
75a72702-a5ef-4513-bca5-c5b944903546,3075784,54348934
8474c040-9323-48be-a0a9-dbf1ac72623b,683,2867
4ac35d1d-3755-4733-b6f2-772514d67a6e,1,2
fc1af852-a975-45cd-a4cc-a952babba4f0,0,0
73bb1496-ab61-4a39-bfbb-cd20f9527393,0,0
d503ccef-f74a-4872-aaa0-6777a57a9353,796,3111
14b22b4b-06d5-4b82-8284-29d29b58945f,3093841,132407201
1b389bc0-68d2-4e2e-af22-6be1075b907d,17540,162527
901434fc-5ec8-41a1-af59-6ded7de8a9d2,127065,743410
5057eba4-da15-45df-9948-8b8899c3b3ee,498,11725
ed7d03f3-75d8-422f-9ecf-1a9d105ee007,1491,4736
3c3a1ea4-922a-4a90-b1aa-b7763d6dbf20,994152,24642736
1ec32b96-b712-416f-8aaf-0c4db6588c94,125,301
fda7ccd5-773e-4659-a762-0395894b255b,194273,7027340
75d8a4a6-4fd0-4860-a960-55865811c973,35,226
b2f3469a-9a8a-41ae-9ae1-ad598ff358e0,370,3112
cb78a19d-f36b-4cd0-8548-8cc0919b83fb,61,205
347bfb50-3780-4b9e-9d73-7be6d8109630,584,1234
5fd5aa4f-02b0-4747-ad4c-8a3b4f0f3f79,4236,12459
81600da3-6054-434c-8dfc-696debe6bf7f,113260,1186985
d24fb461-dee8-41fc-bb15-2f13bb2644a6,2946975,57442204
49786277-f9ac-48a3-91fd-f825d833bde2,0,0
b345af35-205e-4eca-8006-029e5c20127e,2722055,78180917
65a01fd2-35fb-4817-90d5-ab5506b21161,691363,12595739
f906154a-7011-49c3-8f6a-44ca83311b08,563368,40896767
db008806-16f6-48fc-8521-3d953709689d,1874150,151794486
65dc768c-e53c-4de3-9d21-9522f0fcea88,0,0
321531fc-db73-4ffa-a959-61a61a2908c1,1980830,63055237
0d00b498-512d-4a4d-9234-a4d710f37e6d,91978,827108
7f79bd69-7c85-4384-b4b7-a78adac79ed1,6,22
cefda6b1-30d8-452d-89bb-c1f5c8dbfa89,2,36
9be7f096-97ec-4615-8957-8d40b5dcbc41,1753,17262
b577106c-0d64-47a2-858e-692361b00344,340,1876
749ef494-8518-4b49-b685-63d8e728d25c,1498345,87299267
f2da4752-8db0-4e54-8f30-680acaa8e1cf,27141,596956
f80f697c-823a-4f23-901e-90769c660ee3,23468,65644
99d40e84-b385-4185-a309-7c5d29b9c612,0,0
f7d1c68a-e6c1-412a-b23a-dd4b9910711a,16,26
222eafd8-dffb-4499-a38c-b47476e1535e,7897,132009
829d89b2-6fc2-431b-82ce-ba2a5eaeccfa,8826,26816
9f81247f-7f57-42f3-a8ba-75bef554e591,1537302,108759415
889db25c-d1df-457a-b0d1-c405f34a01f3,1093773,69778909
1a425bbd-cca4-4b2c-aeb7-71cb176c828a,3105156,296543780
d2582c77-6b0f-4b2f-802f-8f3cad1a5fec,803070,731494650
ec409b83-2981-4fba-b3a1-d830714b7e67,119,649
885ae336-ef63-465d-a0e7-bdc0a5b788e8,43323,1123206
e94aee5e-7bb1-4fd9-9380-176d397a8f16,9,107
40b46c2d-5792-4eb4-90d0-e07aa0676479,253,1560
2f3f8fb1-e5dc-4548-9601-fada0485e561,287355,2301919
f0bec136-82e8-4fcb-8172-421d9c542d09,28027,387131
8538e728-ca0b-4321-b7e5-cff6565dd4c0,4291628,284904323
5bdeb32d-56a5-4b6d-a768-264101fa0a0a,1640225,58134419
e6e40e74-7a0b-4afd-a898-9f23176d75a8,160,1100
c296e10c-110a-4103-9e77-47bfebb7fb2e,3351458,120666723
817f3417-0669-47f2-81ff-399851fb66ee,17248,192353
7046105f-a02f-4053-8314-94b1ced8216f,10305,40317
89c20fbe-42ad-4b52-85c3-d18fc5686717,69759,462998
925c7673-0e85-410f-b7e4-d9705a7aa619,1120,53511
19dccaac-efa8-413f-9042-28006792e0f2,23339,76063
864d7069-57dc-45f6-b408-875b35106dd3,621691,7479753
d160804b-0cfa-42b3-9089-f11e876930bb,13,67
804088ed-13ef-45c5-994f-a811371b3f4a,1170,9768
dacc2d64-7e59-42a8-87a9-10c53919aff2,2364262,47178735
0b619a94-481c-40ac-abae-85f33f2b1588,2085740,69828577
9beb62b2-88db-4cea-801e-162cd344ee53,3382433,122538029
3cd2e1c5-e7ff-4bc8-b281-1e3059d128d6,929791,38141586
936addc3-91aa-49de-8ec0-0dc186de151f,1550136,88337011
2c32b7c0-0c38-463b-bfdd-01ac2b2cb0fd,8341,225840
e6e879c0-3d56-4f12-b3c5-3ce459661a8e,3146695,143758957
ac367c2e-7783-41e5-a184-131da6b0c166,606420,7994870
d289a787-d914-4561-93e4-282d9fafcb32,132,3536
35feae82-8b2c-4f8f-ae7a-af5662848947,1040642,18149198
603ba565-3967-4be1-931e-9cb945394e86,1942805,29133297
1a7ce96f-defa-4255-84de-deaca3c10c28,60112,363162
f4a31f0a-51dd-4fa7-986d-3095c40c5ed9,4271957,205674518
ef888ad4-d679-4e5a-b292-ae032841fc88,3371,45264
24252d8a-38e7-4358-bfe7-70d845f156ba,2304,5053
23e60038-d27a-49cb-8eef-7f2b6ddcaa6d,4,2200
bb7959ac-84cc-45c4-8138-d80ee5f2bd9a,160816,14679602
8a947fde-9a05-45d5-8bee-82c7b0236b07,2,3
1d4ee3f4-db4a-4359-ac4e-50ce10878b28,0,0
e34e41f2-f480-45d3-8190-a3ce5ab34fab,2137642,29174984
1ee37742-1e3d-4e61-84d2-bc85f4c1459a,1471445,246541252
44fbf113-af6a-478c-824c-c95f9c686ede,0,0
bf0f7e29-dfe1-416c-b5c6-f9ebc19ea810,3296406,65116545
41f5d2cd-672b-460e-8ab6-e29db2f1e088,25402,120684
b48aebac-8c3e-48aa-b5e6-2b38f30f5f78,546,1836
bdf204b6-8cab-4d95-bd33-679192b63352,5,206
5ed4c688-cab3-4e54-83ba-6e4a73ed7522,0,0
c2e5bb11-6653-4848-84de-aa15fe1fb37e,0,0
2a2bf494-ac80-4ac9-901f-1ef2fece51ce,2158,6121
d4aa1162-78ac-437f-9900-97460e4e2f34,67894,565992
ea18134b-c9d7-454f-8407-8abe0eb5f423,0,0
63138eec-6e47-47e3-bb61-142e150385f6,66,896
01f8343c-06e2-4f05-a137-f8ea7efa85c4,2822,12674
35fd8d42-b4a6-4414-9827-8766bd0daa3c,1841259,67475749
fc7f4897-7cd7-4211-adb2-4028fd76fec3,26,271
7cbdfc61-30a9-4f17-b2fc-dcae3757adba,171036,1797278
2ba1af4b-9d6b-4a0a-af47-f00769700da2,657954,16038926
28d7452b-c83b-4f43-98af-e233a146f59d,404233,43548396
78e854b8-9713-4ff2-9218-6b3784893bff,1357288,84202595
f5e17326-eb32-457f-a986-1e0532507f32,11642,79197
52655ee3-0c9e-4dfa-b3c9-b1edefebda62,1686,7179
c1f5d7c6-1bce-45f1-bb80-f9c74bb9c740,556590,4071566
913b6dab-7bda-43d2-80df-254eebb5314e,18894,69600
21cb44eb-3f6b-4f55-9a0d-c36a517f8d36,143,5115
98a309d2-3d86-42ec-a5cc-e7c006a47a36,625,2523
851e8959-de95-4741-ac69-79c56d949766,53129,1149381
72935855-cfc9-4e02-a6cc-249fc9d09044,2125,12260
9fdaa16b-a6c4-4831-b87c-bc9ca8ce7eaa,3833669,116311769
d3273495-8c20-4689-adf7-597039d6e587,308371,3082892
6fe07aa5-fec0-4eca-a456-f29bff451b04,5193881,275839093
23d25388-2875-4562-b025-c2cf2ed1501d,0,0
056e4f3e-d505-4dad-8ec1-d04f521cbb56,6106948,387903992
3ac05827-32ab-4acd-8b79-7400bdbc525e,2958,11617
4e931bf6-1ace-44c7-ab86-236b558e252d,0,0
488d1513-c94c-415e-b5dc-b4abd9b419f9,0,0
34bfcd5d-a76d-4b31-8022-b5ac04d5801b,44850,425983
14c0c282-e0c1-46fe-acd1-9a015ba721c5,472068,3649424
c8af4490-e48a-4f91-aef9-2b1e39369576,0,0
854a1807-025b-42a8-ba8c-2a39717f1d25,2799377,129965051
53931602-5048-4516-9722-1322a71ae569,52,180
360072f9-b469-4ede-a13b-feb403ec0d7f,116886,4655718
ac865b2e-bba8-4f5a-8756-dd40d5e39f46,3272109,234398411
0b30341b-b59d-4979-8130-b66c0e475321,2531319,111666458
4d347472-05cd-469f-8b03-864b344d007a,2,5
77dc9267-1f40-4310-beba-1bea8a4ab04a,6,14
4dca4bb2-23ba-4103-97e6-5810311db33a,1411321,19943033
d69b82b9-891b-447f-8861-f8986123e7f7,0,0
ff95eb47-41c4-4f7f-a104-cdc30f02e872,1737825,67831646
1cfbf85c-dc74-42d6-915e-77033afd0204,152148,1524181
134e6410-6954-45d1-bd4a-0f2d2ad5471d,1819161,58859065
23987750-a64d-4241-a147-2213890464a2,19070,828790
8541ef68-0d90-4835-8f0b-cea044b4534b,0,0
03180405-1b26-42dc-80da-7e50fbb4c936,323,665
24202038-7b02-4444-96c2-cf2fc7b81308,118018,1142071
4c76d2ab-cc32-47b9-8bfe-d382bed617f6,935968,43472220
74ae1bef-78c9-4f2a-828f-c4ea4ad4f942,0,0
e107bde8-78f0-4646-8925-68007a15880e,721051,37434377
388d5c37-044c-4b8b-b66d-e28a6566a1f3,0,0
57c5fb41-70ac-4055-b482-a36f869ee980,185,975
80b3cf5e-18fe-4c59-98c7-e5bb87210710,1986693,58875935
af37c51c-0790-4a29-b995-456f98a6b8c9,3382381,176230188
3e90b322-0441-4e28-ac19-078d0594302c,0,0
3478a5d1-bd96-4584-aa54-4d6e0a329658,716116,39741224
68c261d5-48c8-4ea9-9466-9fc908dc79bb,1299027,95910382
1c46e82f-4764-4d82-a33b-5d5aee5e2881,3345161,49435236
33c8190b-3763-4494-8685-286e90b9c160,64,248
74889c76-b1de-4ca2-bc9a-2cc1a162e319,18,828
d66f0c6f-6891-471c-9abc-ce52d5160a8c,1781,28185
8c32bb01-58a3-453b-8050-8c0620edb0e5,2400310,67970650
c85cfd6b-b1e9-4a50-bd55-eb725f04f7d5,3212239,106969119
29c28ac3-27c5-4822-8eb6-0af89a3a7240,491612,5961348
5b8ec72b-9e39-4a06-a2bf-964166b92a71,1834226,131051369
1fc5b14d-c0ae-4512-bc43-19d443087a28,990,65966
aab2ab30-ab36-4587-8ce8-f1b5132d9fa1,0,0
8ad965bc-fb65-459f-beaa-116960dd7bc9,0,0
45a663b5-b1cb-4a91-bff6-2bef7bbfdd76,6185508,470638522
d42a5768-ada1-4fb6-85fd-f61aba6264e0,1515145,153352170
149f91ef-1287-46da-9a8e-87fee02f1471,2617583,45555150
f59c5520-5f46-4d2c-b2c4-822eabf53419,6678531,686516641
6cdc92fe-8277-48b1-906c-6113091b53b4,0,0
d6cb8700-8c8b-490a-800e-cfc1ae69d454,356148,11387551
fe06a5aa-2be7-468d-823e-94b8de490980,99,211
b12ef43e-72ad-43d0-b216-a8cd32f78852,435083,15395057
9670119d-7c83-4dc2-b864-de820edf9ecd,0,0
430e0a62-866f-4101-95d9-70f083170f19,2822,12674
70248960-cb53-4ea4-943a-edb18f7d336f,3434943,144098214
3ce513c5-bdd4-492c-a875-07e0f3e1993b,896046,11350831
4ba19b2e-30eb-473c-8d6a-ff799d20cebf,2,4
b7f2cca2-72c6-41fb-ae33-53370fc62fe7,1474683,23111408
064dc0fb-b471-4198-8af6-53ac666e7417,2102,6487
d1393ecb-431b-4fde-a6ea-d769f2f040cb,1096906,64276477
de53495e-ad5a-4c30-82ab-05e7e3ec7b4d,32818,293304
c56910df-7197-466c-93d3-3864758faac1,0,0
bfdcb8b3-e2a7-4c6a-82ea-b1a2f7a97c2a,0,0
583b4673-f3bc-4f6f-ae7e-1478e919298c,0,0
90270118-8ed0-4446-bf97-8a09b3f9e8f3,807461,34694707
db76c5ca-d555-4f09-b1db-baa1b713d875,2285038,33293818
3d3f17cd-a5cc-48bd-9b2a-f8d5f1990aed,0,0
1df948fc-4e54-4f4f-a294-9310c763a8a3,3,14
fc13982a-59cf-4a8f-a1e0-5f97afcfd8a2,28,143
5c9ac367-dbf6-46ca-a42b-9f01803ff1c0,7,13
21a14ee3-cede-420a-9d6d-a33517d2f952,1290327,49734661
3f962bf0-42a0-45a0-830f-07b66301d35f,724134,35574338
2077273e-eaa1-4f49-903c-f286ededecb9,903651,80313119
8970d868-0723-483b-a75b-51088913d3d4,3528837,135940462
2a07c922-877d-4f6a-a51b-a04d1c2bb9df,47,1579
4f340060-bd77-4d55-8562-c1882f2f70ba,13,44
2521d863-e9f2-497c-b7c3-35c4c0079c81,200071,2885899
cf71e106-1003-4390-8477-cf268229df66,505197,44096587
b4434d7f-d3cd-4a6b-b78b-a4c670ae6e8d,39,205
ccbb3f5a-cf88-4f43-8881-63bee4d07a57,19,64
a3cb23fc-acd3-4ce0-8f36-1e5aa6a18432,4921250,225886895
a2a3f910-b188-43e7-81d0-f1ac2a2f3e12,1452423,150717919
37547347-ea75-45fa-9766-ff36b44d8147,1223283,76265032
4d23b2fd-1ed8-47bf-a4d7-0c78f6e61ce3,0,0
94b72cd2-c09c-4d9e-9673-275f89b78687,49,70
5aaf332c-1a4d-4c03-a585-aeafa2f663b8,12850,157012
92da4329-77a4-425c-8e92-4280110cace9,2037048,335868532
80609a00-b394-4a49-975b-2db6b543fa97,2330222,144471426
d44ab93a-98c0-483f-ae58-8f9255f816d3,0,0
bccbc99f-fcd9-4ed4-b8ab-b327f6b5f708,3283,12957
5c6d0eea-2028-4462-84a8-8c5d730d2e95,1,2
c6029add-33ca-4a0a-8fa5-c47a1c4b2f9d,475,1119
a62e2b14-812a-41a1-884d-5a138705ad2d,532934,5742284
dd498489-7871-475c-a11a-aa418e676e7c,5653,14930
7d81816f-200c-47d3-a71d-4421b3185d45,27541,317337
bfb5305e-0215-4b4f-bb37-c3c2cf978975,0,0
73e36439-1e9a-4925-bf2c-1d7f7885fbb0,117963,1736402
1882fe91-cdd9-49c9-9956-8e06a3810bd4,2985581,547889948
a8797304-f0b3-497b-a592-c09eac0fd9c8,2347,9637
5a85c140-dcf9-4dd2-b2c8-aff0471549f3,2954442,108033104
abaa2544-8476-401c-ad32-042b6bfac116,2232,10156
381eed10-4b1a-4100-9872-2dbad6985bc3,3597,29495
382f1005-e9ab-4684-afd4-0bdae4ee37f2,3993020,137240031
d0a7368a-eefb-463c-b4f7-295753a6bc6d,69,450
3fb49f5a-fdc0-4789-9c84-22b38b3f3cb5,937744,11912395
c98d40fd-f6cf-4b26-883e-eaa515ee2851,4522419,147039058
22a45219-658b-42c4-9119-c0c4b685631b,627,5549
eaee97f6-f2e4-414a-966c-f31a1fb4696a,595555,53541809
01a7069c-882d-40f5-9575-c59d5bddcd61,1295,5969
6df08c91-b91d-4b59-95fe-b51a2e1b06d3,126,909
bf23ae35-d26d-4180-b7da-7fc9841b2cd9,345,619
8516f0de-3190-4fde-994c-1f32ffd9af18,1,1
8f92558c-2baa-4758-8c38-615519e9deda,3952156,147872506
b2d122f9-eadb-4930-a196-8f221eeb0c66,3010769,310407080
2ed5b00d-d6a8-4793-815e-99af39d7ccc5,446,1044
bca63b5d-a28c-4937-a8f4-e3f2d95426e1,989922,19213540
ba1bf556-2af2-4772-835f-ed2e15070758,256507,3123562
3bcb90e6-c8d9-463d-870a-3cc1e480a060,17910,30991
79d1e9ca-d396-44ac-8a4a-ff5dbe9e44f9,9792,47484
4fc5c762-2aaa-4840-9640-267667c8330f,5,43
66ab36ce-8f58-46fb-9284-396c2c90ecbd,613208,73995030
971cf058-cba6-49c1-92d2-6893b1683ee5,0,0
71f634cc-91e8-4bff-ad9d-d0357828049f,0,0
7abcd29e-8b5c-42d2-b845-3bf4b80100a8,209,987
4490113a-3880-4f5b-a39b-105bfceaed04,105003,574084
fe93a178-183a-42c9-b3c7-53102b8c724d,19880,195637
4e481ad9-aa5d-4a1a-b2fc-444c0ad48b7e,19410,292099
1c0b697f-1aed-4c47-8b95-ab4c7b1484b0,0,0
f7cdc9e0-d1e9-4fdc-a407-e2c0244f517d,0,0
3d6c957d-14d6-465c-8e53-86262245af06,556,2187
fa600a45-e948-4964-9937-dff430a51738,73,225
10ae1bf6-88b2-4fb4-8fbe-8227a49803d3,1604,5218
760e4df4-e851-46c8-b34d-afa2e9706831,122883,956948
c78f0746-ea5d-44c0-92ee-f32745951345,85,354
d530dbf9-69b1-404f-98f2-0431104f5a1e,2463213,135085066
45074d7c-5307-44a8-854f-ae072e1622ae,709875,35944318
ebe02d36-410d-4a85-a67e-36e2462e3e44,49,324
f7441bc7-d7de-4813-a2fc-31a4033d396d,1684136,261021650
e8848d50-7def-4252-a3f5-00b656c9a7c0,0,0
82b2ac64-4ef4-470f-b2f9-58074a4b9c13,234,1378
c544ed4d-2390-4442-a83e-1ea2883b09c8,3171005,61092514
facf743e-1231-410d-bdf1-9ba11a6a4f3c,20788,602977
f205743d-4441-471d-a3af-66f584738e29,256412,2316243
fbc3d34d-f4df-4a02-aa24-a6c870b02c85,9,40
8be564c3-dfba-440b-af8c-4ffbceeef45e,1518329,45060559
ce4a1c08-6912-423f-bf6c-97ce69f5e89f,1665819,121128330
cfbc0924-0035-4d6c-8197-f024653af823,3282658,134073827
f99b7df3-2df2-45d0-9e99-c5f4623b7dcc,3,4
d8f43dc5-4613-48ac-8c23-a62b82f8c67a,1043770,89604160
35f343df-3b87-4475-b0e4-d2ba5cc26eea,723556,20630948
c42e60f4-4520-4954-b6e4-82bbdf532c11,1175260,218318567
6da02506-6762-424d-bef4-89a26a0f95c7,7223,44818
9bd7b6a6-d0b6-47f5-a62b-04dade95f5d1,3336,14599
d378dedb-444f-48f5-a6e6-3e8e31ef6c14,12159,50958
d49abf5b-0d72-4239-8ec8-c3d7464707f6,647755,13900666
38f0c7ac-46eb-49ca-b3ab-c785ccd05a60,2624361,258454303
f9133869-f87c-459c-9aa7-2f176cda7e06,2072780,222311311
9d48b201-a6b2-42cf-b6ba-f65203580e32,27,95
9a3bf45c-347d-4630-894d-7cf3e8e0b632,2752151,50687515
830398a8-6124-48de-8305-0e162e668387,2747,7788
c97a32c2-1fbc-44eb-a28b-cee23c135844,1,83
e0b1c1a8-8216-422e-b521-83d53f2eaa1b,0,0
883e4ba4-8ccc-47ed-81df-df51e41792a9,724210,7432620
e64ffaa4-fbb0-465f-9b31-c860a9f767fa,3,5
5fc55ebf-21bd-4eda-954c-dd250132331e,476008,17300565
ec7ad706-7212-43cb-8415-197780b322a5,1736,12458
7aa27474-7b32-46c5-a065-ec831e8a70da,315,2272
a2eb78dc-cac4-41a0-8dc1-1a66926175e4,2,5
1b3a1e49-2494-441c-9818-3fbbe73d09b4,28900,104355
25b342ab-eafb-40f7-8a0f-16ce588d9ff2,44,112
1b1f50d1-4746-468b-a6a2-7db7200d3dfc,528077,18232778
9947e874-ddd0-4e1a-b0d4-a76f6532fe45,556218,35966769
3547f34a-db02-4ab7-b4a0-380e1ef951a9,1180121,52094151
6f6fd596-76e0-4b82-aa37-f558ac2d337b,2941158,51361888
d2104914-bec9-49e4-83fb-8e860ea94fbf,3,112
fbd2a255-1d57-4d31-ac11-65b671c19958,3457508,80620985
25f3abd9-63b5-471a-bd25-feb9672dfa11,1652704,156698363
071a4b21-53de-4ac0-af14-e71efd7dce3d,132,638
f22942a1-6f70-4f48-866e-238cb2308fbd,2905764,209550350
1ee18fb3-18a6-4c7f-8ba0-bc41cdd0462e,3812032,105331678
fdfa5368-9962-4d41-b332-1180dead02eb,115,459
8a338e06-d182-46f2-bd16-30a09bc840ba,1310987,26361353
8a585c55-140c-4c99-a8a2-fa3128319123,0,0
d1c86c31-33e7-47c2-ad6b-a82e1ef69121,6091,48694
0b2a0311-94c9-49fb-8724-17871ca156fd,0,0
48500b27-80f9-4ff7-b23e-f1d63f3c4293,0,0
99790314-885a-4975-8614-9c5bc890364d,2530296,31443936
4ae36ade-1798-48c4-b06b-cc68b7d3d83f,1286222,61788965
475e4df5-358a-45b3-89c9-e63d8de33aa2,725,2598
42a5fdbc-29df-4e93-a9f0-e2151e9f0667,0,0
b0ee191c-7b75-445e-8416-b8f9918d3b6b,79688,555370
5150857e-0139-49bf-9aae-3314b4db7a37,391,939
269d6e80-3186-4165-8586-2ccb64b446a4,438,2300
9032140b-c6ba-448d-8f05-5ac16e3aa165,0,0
aa2e9a16-553f-41c8-b2a3-77c30ab69c4a,6218,57884
0df4ba7d-f65d-48ee-a6db-e9c0821d04f4,52255,323895
08e031e0-e576-4c80-94bf-d9c3c428c075,0,0
f19d2f86-fddb-4ae8-b647-70ad567ad28b,8918,38678
483072d1-ff09-4a61-a67e-2abe72bd806b,208,3012
8f4c7ad3-c95c-4d62-a554-3416fb5204f4,737377,5756987
3ab2ee23-1c2f-458c-9c8c-ca4844729120,966754,26184815
4c7df96e-d3d4-4618-b232-89c82050331a,7,25
95bae8c3-4450-4c97-a6ea-388f99af38c6,33197,218344
9f93c34a-2dc2-400e-ada5-937c3efc3437,1179357,27302493
f5584cee-1448-4e41-a347-3c4c96c720dc,0,0
d174f580-15bb-49d1-b9d9-086954a71877,13,38
0d352490-3cc7-43fc-b824-8aa8c9c855e1,1656,7551
a35237a0-4f47-40a6-b6f3-1e786db23402,2152471,32472444
ff2a0e30-aec1-44dd-ae06-dc78877f512d,124656,1106598
0c7842cd-b98f-4aef-a84d-92e7af973f31,0,0
d7641934-7dfb-49ea-b948-da0b12816b12,351732,4411406
515f823b-b965-4a7d-9c6a-efd3c1052c39,5,5
16ee7f6b-a8b5-4320-bc8b-4712a13ae965,13,341
9e6a6a2f-f696-4cc0-87f1-e4f712e46802,1484936,332805758
c970c5cd-facf-4c49-babf-a5b688c1ec40,1258,3594
0d40af7f-9b4f-4c42-9e5a-c827315dd240,0,0
1bb57242-64b9-4097-b134-89d87d741d6e,0,0
7f59aca1-934a-429f-8844-cb98e18504a9,2368,9620
21032561-1973-4bda-9a25-d89cd8ef8541,37,156
f23bf5f5-4246-4e5f-9f8e-6a104a813e23,7,10
25c641b9-ba32-4cef-963f-a15a2619907a,0,0
5a22c88a-9db2-4a29-9b46-72430794ec4d,832,2056
db8dcf88-5dcc-4832-81f2-7c52d33e857b,10,78
107760dd-ce1f-463f-9bb0-d42d13a30657,2,4
9d22502f-c768-4918-a68d-5080981d4ae9,12601,77036
8500ba7b-429b-4d77-b4b4-53efbabb4d39,0,0
738d4f23-2596-46c7-89ad-a593dd030555,0,0
3414d446-735a-443c-931f-10634f57e5b9,4821700,96611851
d606b860-cc03-4959-a3fd-3a24bccf2560,1132908,142170553
78464651-0f74-4129-98d8-d79029c71a05,47,276
97529a9e-4b5a-4a9c-9c08-c42401d1c268,1091981,40496517
098ae3cc-2ca3-4fb2-a6d8-2a7c1a6b3565,890,2676
fa22eeda-8db9-4ae5-97c9-6d0b9ceb7cf3,1033308,28343116
2882ffa3-dec9-4055-a842-a950728bcb02,289556,2908786
55c6eaaf-1dde-468c-a4ff-244d58c4eb89,5545,32623
f28e66c7-f318-41ac-9c41-ec1226a56508,82,276
c4e05d64-c679-4f04-b153-257d12eba7dc,9789,53978
b81c06a5-341f-4d04-a72e-7738030f792b,30637,195065
497271e7-4f08-4cb9-8d55-4f16ddad408e,0,0
90744b3e-363a-458e-8da1-e3e392a489c4,778034,22397487
fd1a2d9d-9bb6-44de-83a3-41560658aba9,2594042,38434286
b553f0ad-4543-46f2-88ea-1dc94a11c91a,16065,71398
66a7117a-4b67-4a85-83bf-94491340d22d,236629,2977135
1f320089-1f65-4855-88e2-878a5dc056ec,344,2247
e9bbf173-4be0-4078-b75c-cfefe7a656cc,5,151
8385ae48-812d-4bae-a240-74ecdbaf6dce,2,140
a6dfbea8-ffbb-4e51-ac3b-59d1c5f55974,0,0
e4378b7a-6138-441a-aa34-50e11a562066,931731,72462909
55bc7f0d-bc56-4a5e-8555-77557bb757cd,2000,7623
b23e8a63-8f47-4882-b55b-df2c92ef400e,3126975,196530886
a466c2a2-6517-42fb-a160-1087c3bafd9f,4060783,341410125
5833aeea-f734-47f0-9fc6-274d9d152b74,7889,55955
3912b016-666b-46f8-a5ec-86806227ba60,353,2756
a4b84991-4a7b-449f-831e-498ec9bd83a0,0,0
d6f3c7d7-3c95-4bf6-8647-0efeec36d704,212602,1527043
f1314b95-764f-49bc-b920-019abf48901f,0,0
33e48f13-ff3f-49e9-8e24-1a1d0e4862ee,9555,97172
35f866dc-c061-48ba-8157-cf2e0eac4857,2595578,51695841
478e1c5e-cf31-4fc8-a65f-14c7fe86754c,16876,121870
0bf69115-9b4a-491a-9265-d026cfd8af5d,36,192
cabb4fcf-4067-4ba5-908d-76ee66fcf0c6,1117497,10900190
e2190b35-1181-44f6-8587-4c04123a6f30,1281,3806
9d1ebcfe-4c15-4d18-95d3-d919898638a1,2285072,52224421
fe1f7d08-abbd-4fe2-91fe-fe3a803b3ac7,303,1051
2ec4441f-07ee-4081-9929-10457293f437,8,35
ffa78fac-e97d-48b3-a22b-379fceceaf1a,0,0
65744963-191a-44ef-a3c7-b693a808a158,621051,4345229
8b98035f-fbd2-4fb3-9c2f-263c7506680d,1371654,45298100
11f64d5e-77a6-48f7-ac1f-6d17b3ac2ba9,21,118
b7718415-b72a-463f-86df-50e900a1e771,2402,39526
6f26a8e3-4f71-41a1-94dd-d9859b6b888f,0,0
da0c8f4f-f4f4-4e91-86ca-e31108bb5706,1019030,44416890
df5274d8-1060-4097-a916-a5f888e400a9,15,66
28cb617b-1213-487e-aa8d-bfaae9f1ee43,668,2123
b5396d77-58c1-4efe-842a-f40e346a9f45,7411,41895
aab5c954-cabe-432e-899e-1c4f99757327,2936463,52467100
8bf283b9-b1e2-4632-a953-eacd212a543e,544437,9260454
e5fa0175-2e93-4ca7-90c3-33f239381252,58415,422848
6493ed80-8b44-49fa-91de-e7b0a0b57d6d,220557,4066993
714b9763-333e-4999-b107-135ba2c6c6c7,0,0
8837b875-3689-4646-b3fd-d8b53815c7a8,2552982,390558074
9f0d5967-5b88-44d6-9fa1-7d4bb8b61ed0,35039,353638
798aa6c3-ce82-4be6-9c9f-c380a4864eca,30,108
9e1ea361-c2cc-45a4-a926-00518453efc0,148244,2038459
b2a972f5-6aba-4209-bcae-acef4cadf245,41934,323081
ada7a83c-e3e1-40f1-93f9-3e73dbc9298a,6835543,882973122
328d146c-79f1-4eb6-9e40-8ee5710c14e5,2870498,84304211
f387841c-9bc7-47e9-b78b-6fb7834ac71f,132798,949408
609a2ea3-f446-4e31-8eef-9f7591afb55a,786276,21254174
56b7ad8e-3c4f-4f14-914d-f2852d147c2e,2113,8908
104c4233-f393-4ce9-a9f4-cd9f84426925,0,0
7147eef1-7c2f-4259-89e5-572c76dc16e5,0,0
9082aea0-ee30-4175-8795-6540a8fd3605,4204,68126
ff6e677f-91dd-4986-a174-8db0474b1799,3599266,182773857
a648b219-bed3-4a0c-b5e3-98ad365da968,2999,7718
b2f1149b-171a-4bc5-ac8f-3baf9a566abf,32020,297531
985f7e6f-0a7e-4de7-b9ec-a5dac63cb2f7,0,0
de0748c9-ed32-4a7c-aaaa-cfac23ec5299,856381,25147453
a9d44a1b-d434-4181-af20-6aa8a2401157,0,0
33ca19f4-18c8-4411-98df-ac23890ce9f5,3741897,145651671
37e892e8-b7df-4a03-af0f-ae61903735fa,85565,1025144
f4415bee-fb5c-4a7e-acaf-09041992aa35,1,1
02861daf-f923-49fb-90e3-3ec44a600433,19,40
d6c37074-0155-46a3-8af2-338a4f625afc,20986,184800
450901b7-6138-4ca2-83c3-81b7b0e5acd9,224,457
78d140d8-66f6-483e-9bed-fad417405771,739,5898
593d9667-e32b-41f3-a42f-1d1bf8e4e399,0,0
0c41b966-12e8-4c9b-87ea-af47798987b6,776729,16477385
3ebf1451-e5db-4cb9-b140-7ba22ba83a8d,0,0
e68f2984-b0e9-42d7-b132-9570b7c75e29,6728,17183
2d973513-8faa-48c0-b30d-6bd59d6918ca,30,116
7c9c8018-bae6-4d06-b201-643f5eb1c39f,326,2709
0fb41597-d1a0-480c-93f3-9ecd8b2daa0d,7151,26594
76bf7aec-83f0-47a9-8964-eea180b99ac2,1232662,10156383
73287780-d7a2-4e33-a1a4-0db62e9cb050,1,2
b6fdd3f0-6a85-4089-a6bf-c34939de0150,23,59
94dbfe2e-ca48-4e08-a5a8-e1e74136c63d,1089654,15291145
c5af5794-9050-4449-b47c-dec1cad48a57,925,2310
9f6c4f5a-278a-4c46-aaed-bf5410f013c5,2,3
05f3353e-e2d9-4344-a3c9-8009dd8e0427,1329824,46178191
d22f7657-5e76-4ea0-a2e9-49bdc56eeb43,1,3
6100fb19-ce8d-4ad4-873a-0d16d7024c66,1685,4678
4115e0de-8fd0-4416-9b9e-43c61290c8ac,1,1
142b343d-bf5a-428c-a64f-6d1a7566bbe9,1241225,439843235
779f54f8-732b-49b9-8fd8-2e9538a272ea,80172,814820
fc017c37-5f0a-4fd9-823e-9cd8f51e8ece,11,40
10587e37-c76a-4530-ac32-86203752cd5e,51352,836763
91faf71d-89f3-4bd6-8a54-3701a0dd753f,1358388,29596832
6e77c1ca-3dbe-42c1-8755-cf77635ff981,0,0
e3492ea0-5997-4241-a7bf-2fd7fb1bfad1,1541945,28445919
7f56e48d-50d8-441d-a346-22ada2e4e284,526,1442
cce12765-786d-410b-8ed0-8cd9f1b2cd6f,0,0
b2c2d4fe-8c1e-44ec-8be6-ff500e105a90,1144759,10501258
7d79dff5-0bff-4b29-88d3-9e8ab19b6f2d,6,8
c96af26a-6b62-4190-b707-20c057e31c17,429,2438
0d79fe8e-ba27-4859-bb8c-2f255f346853,2197790,2552865630
674bf89f-8e70-4472-929d-6b4ed6f98c88,1706588,18985127
d5d97b2b-b83b-4976-814a-056d9076c8c3,2948337,88126355
c2e49f7a-cd6f-48ca-8596-b03614ea4fe8,569399,3948900
dcd95aa4-f3ff-492d-a621-8518ada0f58b,817539,12135493
65f227f7-6d11-4eb7-b0ed-ad87599d2b0a,53,319
85de81eb-23d1-4536-b757-e0dda9c57129,4874,44847
fb408407-e377-48c7-9df7-81dec8dd9099,0,0
49a0caf5-d4f5-4571-b360-211990f63194,146,298
59b5ea0e-a532-4128-9b35-7cc38c58e6e8,18759,263962
5851d2ff-a9ce-49bf-bafb-08574cc22d69,16279,74832
e16cc224-7803-46cb-8615-ccf9068199a1,11334,74256
6fca9aa3-8e72-40c0-bac9-7c4b73c9786e,6206,37392
d6b93263-0f35-4fa7-a8a3-ab430275749e,6,9
79c21416-2c9d-4d91-92c0-94fdf6ee5df9,4,113
f434ae2b-b203-490d-a8ac-aa9cd51c0e73,1322189,46220871
cb525a30-b590-448f-b94d-fab86e0e8756,1093215,108558417
20244d07-534f-4eff-b4d4-930878889970,5682776,3439117290
186edc09-db32-4d4f-ba71-eed418630c83,196448,2240671
22804f50-38f7-4639-a2a8-a790c4c10108,53007,852041
8456e9f7-debf-4579-a86c-33a325a35d2d,1714143,54490536
2e89c3b1-dc28-4eca-945c-50cdb041e494,0,0
10adbe5e-a2c0-4bf3-8249-2b4cbf6e6ca8,3706409,180454035
0f550ce5-470b-46e4-a199-0a7e7ab553dd,0,0
e9ac8a5f-da51-496d-b2f0-9b42090232dc,5,31
ffb77292-9712-4d03-94aa-bdb1d4771d38,43873,215989
19ffc3c3-9d92-46ad-b8e1-52c7212fe010,2,6
415e30a0-116b-4a4f-8cbf-8d0f6406bbab,312147,1618044
46f70f03-d259-4314-b926-2db36c28d86f,760203,16514183
f93bac9e-b20a-403e-abc9-06a2fc151df1,1159161,67587628
ae002c5d-aac6-490b-a39a-30aa9e2edf2b,2862620,101845176
9ed34f6b-8429-4e14-913c-bdf3c932fe87,0,0
081a2d60-9791-4e05-a075-f1890355eeee,2762709,58032431
fce14ef9-e1df-4821-a4cd-e2ef9045460e,42,569
3f611c40-fa51-426f-9c4a-d71950de7622,32,422
2d92239c-44c5-47c5-afe0-44baf9b64629,123240,1601444
183da50a-b033-408e-862b-cab1c2425cff,87793,580240
3f12a151-46d1-4814-bb14-4d1b05e6a30c,1352,6881
c24d48ad-6cf5-4391-aad4-5ed02ba1580e,3,14
db4713f0-54ed-4da6-9932-ef70d065402f,0,0
ab966c0f-e526-46ae-b492-82c27b87f81f,416565,20279870
233fc3f3-6de2-465c-985e-e721dbabbace,1485316,60855167
d74e306c-14fe-4816-a821-b2ec554f9edb,6392,35772
539b1c6c-4414-4b6a-8b3e-1e114fc00b30,64,328
ba0e7638-0cd6-4ff4-8987-c3e224d22c23,1897441,56580004
9f75277c-b283-4846-ac8c-f932255cd0ac,1848849,83517768
de5d7601-f6fa-4efa-ae3f-7005a2b89a1b,1062968,50882480
e30acb2c-cb87-4fdb-aa77-bcc658b79e6e,14,22
51eaa05a-762b-4b7d-a6ca-91b4391677d8,0,0
f6503f59-ac71-44b9-a376-1bbc43f74d94,28,44
e1657344-3f5c-46c5-ae1f-4be0086616e2,1,1
d45e5fba-2475-4c2a-ad8a-085a53b83f87,87,457
751211d7-1ddb-41d7-bb2e-06af49c08fac,14,98
3de93aad-ff09-42a8-bb3e-c724f9ff4061,0,0
c8b868fe-6217-4908-b73a-fc7ecf605b8a,0,0
87c5dedd-371d-4a53-9f7f-80522fb7f3cb,3317528,243773413
c20ee61f-071f-4e65-9c81-45ee931a54ce,741516,37518743
bf24ca37-25f4-4e34-9aec-460b94364cfc,4648348,168777209
29b550f2-04a3-4733-b6f5-4e347fac7e11,721524,67622005
ca8f5844-3ab9-4071-bdc3-376ca2f44a65,2287,9059
dab79852-9a79-4d03-8d32-80de3cedadba,39,118
a42fdc0b-09bc-4a6d-8ae6-db454bf0803a,113205,626239
2944824d-4c26-476f-a981-be849081942f,2882508,71824953
34557d8f-ee4a-44ab-ae6e-49bb8ac604d0,2676418,275267933
51e90731-08c0-4f60-89b6-5b78e5844de8,1115763,117726825
29a63713-6785-479d-aa0c-88c0cb8f9ea0,0,0
ff9542ca-7859-4db2-8796-c1e3c39b9c0a,571006,5871002
cfbbf769-1a07-4a23-a23a-a87b5d6c1d19,4,4
b0740928-e5bb-42d8-9c0d-0f0ed32867bf,100,477
fcb6d9df-6cef-4f33-8850-7570bcc99718,191,968
611700cf-27f0-4dc9-ae80-c513a767853e,3344773,84561046
6f7f9c36-a848-46b8-b671-288ab1fa918c,0,0
9a775c6e-9346-4b16-a611-cae1b1c6362f,3283,10496
40109988-31da-4449-af1e-68654747dc3e,455,1407
a8c7ff7a-ebc0-42c7-8828-475decf0ccdd,954568,31758649
dc443ccc-65ec-4d4e-92eb-e6f951267fb6,4,21
aabb1d9f-be12-45b3-a84d-a1fc3e8181fd,2655987,66149100
970eed52-c6a3-4616-9f07-e712772ab2f3,217,851
de250d68-9b30-4cfd-8c48-5cf288733bee,3915,8566
15ee9456-7699-45f0-a83f-e08988ad9621,47,181
dac606a0-a7ee-4ae0-9cba-91e8030e21fd,0,0
52494f9b-789d-4467-bcaf-9915e70cc8f6,1089558,94052756
66fc5bf8-daa4-4241-b378-9bc9077939d2,2519270,218926505
1b6f1ae8-5101-453c-90e5-6dce9cc0d88e,3,3
80c69d16-ccfe-4ee9-b02a-1aaba5db26d1,406805,2468187
608be6ef-0690-4b93-ab63-55028bb879d7,8,17
ed536e4c-5039-4751-8f1d-ec496bde8788,0,0
cc7d4686-ea02-45fd-956e-94c1a322558c,3012844,94548759
702d6512-6c3d-4820-9d17-25462ad1a1dd,12,16
8032cf05-d916-4b2a-9c53-6e75d4a24bd8,1762337,173945036
e0f608de-b289-46eb-aba6-bcce89fd9d2d,0,0
860d7dc2-618d-437e-a3bb-7b91c2d40095,1078655,251819362
31ee774b-6248-48d5-a8b5-0d9bebeaba9d,290192,1124993
529a7b1b-f7bd-4c09-9f03-2227ab779a61,0,0
f24331eb-da48-430b-ad7d-48796a5b6255,1867,6158
2a2b4909-4b47-49ae-b8c8-35ffb6d47ece,2,164
3260ce89-5eb0-4c6a-89c7-379c0dfc2ab9,1539775,61756726
9f6a8346-15f3-4ec4-a632-f5270b0945a3,579801,49194681
5721c227-4caf-48b1-bbfc-1a4ed3276963,1426502,47242380
6bd5655c-b7fe-48ee-8925-c2d2d8798618,2099802,23460178
3fb75d97-5dfd-4e72-9aee-1904aa4268f4,3075,11200
870df552-bcb0-46a6-b17b-f5f04ff04936,289690,2429511
f84eb94a-1953-4955-94bc-e9385c4e43f8,9609,42849
2a7ef045-ca10-4cb5-8fe9-1f5d38e84bc2,852250,19425193
e13a9aa0-c60c-45e8-9009-010a2752ea8e,28,84
58a5d932-03bd-422a-8456-376fb7e5fba4,0,0
7c61a5bc-3d87-46bc-9734-ae86645b36af,6,15
a0a54c69-b0d2-4d2a-bcf8-994b8846b0d8,2935,11479
4060586a-8e79-43a1-8397-94458f5b9146,0,0
4c501a41-5f23-41c9-a36a-5b86e894e08d,255456,6502886
9d027d72-790e-40ec-bbb7-61aa613457de,1146142,402493483
38fbbbdf-90be-4fd3-a2d2-9ae29a9a81b3,4739,41771
f2651b63-a44d-4d1d-ba64-d981d971ecd1,859275,24928848
a05b6bdb-d500-4ca8-93de-79aecb4a1ee7,0,0
362105d1-8f4f-4ba1-949f-3e70183880b5,5090,16212
634fe78e-fc6b-4b2a-ba83-c8c66e13a8aa,362193,6939847
420c6768-0885-415a-bb59-d6a275121125,1208328,10390557
a0327dc2-dc76-44d5-aec6-47cd2dff1469,2970916,58670130
294ae9b7-1ea7-431a-997f-8f28690f3c08,88,193
f6af669a-56ea-448a-a044-de76181ada33,925768,31373322
aa6c3b53-4091-495a-8399-4d3e5e5a404a,182,1078
36d1c657-7b0e-4578-a4ce-916ec61307ba,451,4979
c1d4f2ba-cf39-460c-9528-6b827d3417a1,1908073,46278522
8ab64ebd-200e-47af-a3fc-92540e186214,1221569,40568259
405528df-2632-4730-80fc-83e775a97651,520135,4670156
7cbc26a8-06f5-4064-b7db-cb9c6a81aaf2,51535,436191
52a6be71-904a-42d4-a81b-ff62f8fe8da8,145,701
2c539200-2ad9-40c8-925a-118ed8c7b225,86,449
adab38f4-297d-4af8-9450-4e84697240e7,513213,25818944
9e885dfe-5cd3-454f-99fc-d28847de6ce2,0,0
407f2ad5-7f2a-4a03-9be1-199ebb754f0d,4,10
be540c02-7898-4b79-9acc-c8122c7d9e83,2232092,66290710
5b64e344-b2fb-47bd-bd7b-4c793b17d472,2394215,31454782
c10b2fc6-8eb1-41e8-89fc-5ad4ced0e01a,0,0
fa4957d7-0de1-4ffa-bf9f-840a622683e8,8,32
b51c672b-85e0-48fe-8648-470a2422229f,1216515,243398403
70047e57-0153-4117-b0fc-a1d2e322e5ef,288698,5238256
325ff0e9-6531-48d7-b454-0ea9ab5cd7dc,0,0
3a253016-1d62-487a-9dd6-23c7e9a2b7ff,0,0
6d24f102-5c43-453a-8664-4ee092f441cf,247070,2016787
bbbe3da3-0563-429f-8394-5c546cc8b9bc,14085,53989
9ef62999-43b9-408f-9bc8-434b005c388c,250495,4554677
ceb3f5b7-9f1a-430f-afbe-976fdcf30482,1304673,63927731
99075985-0d80-4692-a15e-b16f78831792,2585626,50178672
08415f3b-6402-4800-8d62-4d6d1557b85b,0,0
3bd2a147-7d1d-4cf6-b13b-1f3ae1246c58,41165,325707
03f3deb7-0419-4bf9-a1e7-511946385717,1319407,45215130
44f42386-a733-4b51-8298-fe5c807d03aa,1434296,121569545
ee88db2a-042d-4f39-9a97-d3482dee7dba,5,43
a66999a7-ae5c-460e-ba94-1a01143ae847,4050968,133403646
4593d49a-7f67-46ba-9ec0-126bd676286f,3979990,71206382
e16bd03f-a317-4e84-923c-086f51ee8b4b,57,685
c7423e0c-ab3e-4ab4-be10-cdff5a9d3062,1880096,36029174
502cf908-9921-48bc-bf0e-265c881c0156,1472213,56930735
348d9656-7db6-4efc-92c9-69615bd580d8,0,0
36bfa85f-737b-41db-a8fc-b8825850ffc3,2087228,97525462
88b0ef74-9da8-4998-8e3b-70687575588c,321111,2310673
12eab90b-6b40-40ed-9ab0-b43c5ba09beb,8095,119459
9759df23-f2a5-4887-8926-e62ef15d7e6c,15922,82833
bf992f64-5c05-46c5-af86-2267727246b9,9,136
49ee6f7f-2c69-42d8-9c06-253c408f72a8,31865,308513
2d4982a6-b093-41aa-8773-619220ea2812,0,0
b6d7ec94-830c-44dd-b699-ce66556b7e55,1415396,19499168
08f6e184-8da3-4715-a299-33e278087082,2083,29725
f0874fae-9251-4dc8-9a48-2b71f6502a10,30525,151328
bc37c604-a619-4ca8-a0f2-44ae1e2c8cc2,1022,6984
b27d089c-6b08-4067-9293-406cebde0374,1640647,62520965
8d455809-96b3-4bb6-8829-ea4beb580d35,3028077,121487829
a96ac800-bfcb-412a-8a63-0a98df600700,3341220,198302566
4ebb5ad3-9018-407d-8c24-c03011ab9ac6,1081253,45052934
b8ac29a7-6b59-4f49-bcbc-c870b2d56764,6,13
8e346269-5371-468b-9d4d-6f8daa278bc3,57004,1973362
36aa434c-6823-44b7-b5a6-53bde476c642,39988,348237
db4da9ba-c52b-4df9-876f-7c6db3582256,4243,26669
11e9104f-ad49-4e33-bc7f-6b98862f256a,21,163
192ccbd4-9c06-4302-be05-c2cd494b86d5,0,0
000fc734-b7e1-4a01-92d1-f544261b43f5,2137915,151193776
b2dba0a6-188c-45d9-86a1-877e131e05ee,0,0
df918064-70d3-4022-86cc-9c3a1186e63a,0,0
e2adad86-2ca4-4a21-a4be-3b5f8ead8452,39,175
b7ec322e-3450-4bd0-ac3c-1e2e9744e32b,282629,2003873
4f8ef4a3-40fa-46b5-8773-97686a8424f4,1004434,12942061
9206c04c-c2e0-46dd-997c-2b31c6be3f1a,38,74
123814ce-f7f7-44c9-b84d-0088b1e230a4,10845,87683
494e8d09-f85b-4543-892f-a5096aed1cd4,4803037,238804260
2bab20bf-8dab-4af8-b7b0-ba8e30860261,1863,35577
b3977da4-f899-4328-921b-ecc599a5618a,167,4331
619cbce5-7bfa-4f46-b2aa-6a19c1e96d50,332,908
614e3804-7d34-41ba-857f-811bad7c2b7a,3387079,108689852
044fd265-79dd-43eb-afc4-8b20becf7e17,1923925,71724481
23793dda-dc14-46b3-8d71-bb38e068fb3e,0,0
415e7f97-1017-48cd-a366-6f2009f6b999,54,264
ca891d65-d9b0-4258-89f7-e6ba29d83767,3118934,260881346
1226cb0d-03d3-4021-801a-a74408575abf,21500,116210
60b66752-b8ca-4f48-bfd6-b997449c020b,1175,5209
d17db264-e208-4ab2-8cd0-1e98f4ee2655,12,100
f4d5cc07-3bc9-4836-9b15-88a08359bc63,3643144,118966509
b4b5b5a7-feff-47d0-9458-83d0d135a692,694965,39274765
0383dadf-2a4e-4d10-a46a-e9e041da8eb3,6992639,407038982
97e69730-3791-423b-9770-287261588854,1646214,35207016
4bb4e4e4-5f66-4509-98af-62dbb90c45c5,3464282,170410722
2f4719c5-58c5-4d5d-b09c-b7c5fb1450da,0,0
0b427dad-1ee5-48f1-aa4b-026680a3338e,700294,9912796
d616b606-cf6a-4b6e-ab0f-e253b8db6610,1319515,97214109
69a9484c-7f7f-4914-b216-0aa745dcfab4,731,1815
9167f739-da47-4495-9d63-9c13b40114ac,1623095,98444152
27638856-79a1-4495-b7da-1912899560c7,1356918,58597905
3b85c9e2-cb55-4087-91af-6655a8103aec,0,0
d75d1f08-bbb8-4eae-9877-399ca9121197,1645423,37063166
b2fbcd3f-f460-43e2-95c9-6f808d1012cd,1388,8126
1fd47a70-f368-4138-9547-e94caaec89ff,712,1027
c7b3aae2-719b-4ae9-abe0-3908be6d6f1d,0,0
7441014f-f8f5-494f-81db-ff166fbc078d,2682811,258996139
ac7e838c-3d95-47c2-92a9-81767ad7c217,2845348,71758652
ba7479d2-1957-49e5-a263-03631539d320,1378,13849
d2a76e1b-cecc-4500-b445-d55591821cd3,1116332,22171921
af18a9bc-e4ab-4068-9489-b64e8186fcf1,303754,4526881
e28d6352-c13e-407b-b72b-7f6cb1785c5f,994,3882
d9f3f7ca-9963-45c5-85b3-81f306614ff8,60230,400518
beccdfc5-5630-4560-a7a3-b48f9a08a5c8,0,0
33243fef-ce1a-4ba7-a81e-ec72e4c5029a,697054,42369877
7fcbd5bc-738b-4c0d-a837-8dcefaefbb75,5,15
2fa0d3ac-b64c-401a-b0a1-4915ba6cc157,2803296,47005125
3b92d916-a198-414f-8de1-49593cd12704,0,0
f6beac20-5dfe-4d1f-ae02-0b0a740aafd6,4094636,971230756
5ca1bbb8-5438-4c40-9625-a4e79c261186,15077,126232
68c34082-c1d5-4399-af9b-3921ca0a6a1f,17028,63610
02f314c0-2136-4172-8ea0-07149c77c722,513,2117
f2722d5c-de0c-4553-816a-09aec7d94e4c,55,309
e6b5b1a4-fb93-4f44-b2ac-8bec34181b0e,242805,4275923
248ead7d-8058-4e0c-b334-fde70c036f8d,1465,7546
93ebf0f5-6c34-4e3f-9d03-107c05ba6183,75121,2053104
8fb6c2cc-7076-4164-94e2-82dddd3b1d5d,2,2
b0270c18-f45c-4a84-948d-078d331fed15,60,170
af1b83bb-3edc-4443-b771-67a1d235e82b,344274,43782781
d25f6294-686a-4569-b1b9-fe64bfef2519,838854,28076437
5773e6e6-b072-49c9-aad8-940c2f09d48a,63,158
ccccc434-290b-434b-9ff1-0c9e32a1ac8f,119502,1451005
83e71a21-caf7-4e48-8ff7-6512d51e88a3,966114,10512069
b1ca2b8e-53b8-4c94-a213-8c9456d49873,78,731
c3c82bdc-d9e7-4836-9746-c24ead47ca19,2938295,48071307
88d17133-abbc-42db-9526-4e2c1db60336,2420160,283051437
751e517d-9663-4692-8c20-942e16d484c5,729470,33297324
38912003-efbd-48a3-be23-ff264bf86d85,0,0
4ae429fe-735c-4968-8253-a591421b1bd0,2339301,107564203
844ed68b-265d-4c0c-ac22-b44e71455194,0,0
ac1f6f40-ca05-4c8a-86b1-ef0ae22a32aa,2,7
860b2707-6153-4e3a-aa57-74d2b42c55b5,2713129,99947933
8dcc01a3-e6b7-4398-83cd-b7993d9f355c,1140,6712
faf4cefb-036c-4c88-b93a-5b03dd0a0e6b,3198479,187094589
dc7c8277-d4b6-4bca-bdfe-50eee42536ac,647907,108188908
c890f46c-7e63-4c53-900f-65ab74878806,13223,70651
f90e8b26-9e52-4669-a5c9-e28529c47894,4213881,78398422
c9dd05a5-6ba4-4e49-88e0-5dbbb637715e,112,1170
c998d24c-decb-4022-a501-76f72c642411,42,245
a6871613-8619-4e11-b023-a89690bb9f38,11298,121835
bdd935a3-9f19-4b3d-ab39-0953ea3e37b2,55,2459
535afeda-2538-435d-9dd1-5e10be586774,2803592,45561185
cc3e537d-ff34-423f-8cd6-635a80f4dba7,1454871,25705541
2307602e-a3ce-4f37-bb2b-d54f1980ed5f,131373,1549102
301b45a4-b8b9-410e-8344-4b4eaf96691a,2430733,64315053
64b15912-5f96-45cb-9514-3943d1b0f220,41634,192169
a17ce9c3-8f6f-4dcc-a1b7-2a04ab9e31f0,356268,3414664
e5891cfb-6df9-4288-96f3-caf00f668558,0,0
af569f23-7661-4bd5-bc00-6280e4799546,24466,128679
41f1960d-be42-4ca0-8599-8d0fb77ae6d4,93377,351828
b2029169-2574-4305-820f-252a5fde3697,2004626,41932005
a254127c-575d-4df1-a883-12b5a0748b16,98,856
43ac1c53-1275-4296-9d48-ca713d105e8a,159,2023
2f031686-3f01-4f33-a4fc-fb3944532efa,106861,1381001
15e0d608-0869-429b-898d-3d8db3ecedd5,883964,31488966
164f0d73-1234-4e2c-8743-d77bf2191051,0,0
0ef9b4c4-4a41-4ad8-9c64-98c0419c0150,49,198
2054c4db-4d37-4748-a355-de7ee7a6d6fa,185971,1476876
fd9ca609-a068-44fe-be99-045c0bb63ebf,2969,10014
eebc696c-f861-4e92-8916-28fc86d727ea,652,3468
3c6a1239-9858-4ec6-8bf2-208fd2659c68,10774,48827
e6de1f3b-6484-491c-88dd-6d619f142abc,2611342,139011644
0103c1cc-4a09-4a5d-a344-56ad99a77193,4947211,256499278
837555ba-012e-45f1-9a9c-9628da13ee54,1703226,12050766
cf15719f-51f9-4db8-a15d-5eed9664ce69,2852429,71349241
ba67b04a-0c85-45b0-93ee-0d0e66fc19df,2002,7859
b629da42-c668-49d2-be67-498605ee2a13,0,0
b2c48217-e016-4c72-abb3-d447c90fafcc,5444,23329
4b3392b5-704e-461e-95a3-da8e94c9d4e0,678971,27496545
9ceb2b1e-915f-4544-b62f-7a35b7358ed5,397,847
d8f8fcf7-77a4-4aae-8402-af9d624baa67,46,213
bc3e2138-d307-4cdc-a555-9d7dd3d5b6d6,7,30
5af3997f-8223-44f2-9ac0-662366be34ca,26,212
f40bf2d1-1da5-4146-96ab-865242554a66,689,14397
32b21b39-d65c-4c6e-811c-f5618b6806af,370950,5619564
ff4fc9b6-bdcd-44ee-b053-c1ccbe47fe4b,399617,4011089
b52c8015-35c5-48e6-ba6b-004698188038,0,0
ac9a487a-d9d2-4f27-bb23-0f4686488345,3399911,155985325
12f9b20b-ee20-4e88-a29c-f2a87bd34198,88,680
26ecbba4-a425-4d98-8a96-16eed147ff09,37217,216486
000269fb-edc6-4331-8624-9b39a0e76db3,1,1
f95d0f4f-d344-4acd-bec8-cc512b40f629,580895,17008577
eed95a51-77b2-4679-af5d-cf9ab29fdf14,25,188
396a9525-0994-4542-b480-c4587feeb476,1513296,80405727
e8414012-4a1c-4ad4-be5e-fc55294e28cc,1102554,17700103
6602cab2-65b5-4341-99c5-b05fa897f256,9,35
5c61efe6-3cdf-4160-b43c-9274944369e6,1100044,36398541
bd81d921-581a-4fb3-81d2-05c690a28587,226,1088
16f456c9-e23b-4675-ab6a-fd295712c256,110674,3548302
4b585938-f271-45e2-b19a-91c634b5e396,3204192,133472877
ad4eaf35-0e7b-4c35-a7a5-f1bf9ef0d93f,33,166
1c5b9bd6-76e8-4fe7-a6df-3bc0b5a452cc,833827,54346428
6d063567-dbf9-4b2a-bd11-1a4450cd93ca,787640,15230723
28b1e14e-fada-48f0-a8df-fece056f336a,2,5
9757ae7d-44b1-4d63-81ce-b463fe27b9ae,1681566,108582240
47577aa8-6f71-4840-9f1e-57b7319f546d,158146,1223239
31f2ed7a-c22f-4ae3-a83c-eee7f6133324,0,0
c5b36445-aada-47a0-ab26-1681f948139e,1,1
2393ba5a-0749-4845-ade2-f187999ed044,137,517
dff0d392-4cd5-4052-9fbb-f485df3891e5,1396569,25801755
7c20f558-d664-42bd-b6f1-81acf9dbb72d,2000764,45201145
c025f0d3-c7ea-4d72-9678-98f55b25ea14,3,5
fb8119a1-596c-41ff-bc98-0c0659fbda37,0,0
0211be88-dc0f-4002-a1de-4001bb359d51,1483380,43638400
3cb25fb2-5547-4b05-adec-1a5e37830d46,1682892,18164899
3241363a-f7c0-4d3d-b154-d0b7132067b4,243,944
fc63a914-272d-4b95-9221-61adcce6f793,856548,40201474
29eead4d-3793-4625-8727-c03edbb38b8b,2361965,23476389
d5709a02-30e0-4967-92ba-e584d8c21c72,1661,10293
13bcb2bb-db37-4397-baf5-e0f085be2d64,2388912,35093580
b8a7c51f-362c-4dcb-a259-bc6e0095f0a6,4027687,244001915
b904d624-9e05-4398-8f4f-88fbcf022f79,1271280,15613122
2abc5fbb-f1fc-4f6f-9150-c701233e2086,0,0
a9044915-8be3-4c7e-b11f-9e2d2ea0a91e,2243684,183821918
216e79a8-2243-4c25-8b0b-44c96c0cc55d,295,828
dfe7421a-e4a8-4330-8fc0-f69777e7b707,89,802
0f50beab-d77d-4f0f-ac26-0b87d3e9b11b,622989,15147880
23c8056b-ee13-4cfc-a772-2f5292e35bb5,1339625,735138949
f82bc155-c490-4b5f-bc5c-8462ecbdef01,1209,15907
512161f9-5225-4f6a-b770-94acfcfe5da4,6,15
f8c5d264-c107-4fa6-806c-d7951624a477,1654,21739
603198dd-1269-4100-b802-f0c7f4e40b4c,0,0
0d21c07a-387b-4374-a193-0d85e90b6bdc,2991,55755
622b6000-ff0d-4ab3-9e98-c4916f3692c3,872704,61134522
2f67ee1b-164a-4cc1-9d8e-7fa5f67d4b45,0,0
f81cf9ba-53fc-4b02-88ca-853689320111,1314,3116
2588180b-9819-46b3-93c9-0fa89dd199b5,2,2
33c573df-4e2a-4e28-a27a-13382af11fe5,141,490
7ef691ec-b82a-4c58-852a-45ae2ed6d7b6,0,0
9c802738-0e1c-4494-9458-0a4e6920755f,570,10886
a0e8a1b1-5f8f-475a-a253-17415c17d0ff,3339235,399022869
a0723a3c-4135-438e-85c5-012712144ede,2271384,216239897
62bb6e21-a116-45a0-bbc5-6c13c8ed97e6,914,5074
ab1a3f85-e0ea-470a-af5c-175447ae774c,393296,24326161
46f29ffe-7479-4365-bfd0-fd8f2bb1c7bf,56105,159670
cbf9738d-8f81-4a92-bc64-ede09341652d,1218932,23506971
db03280b-e3c2-4ba6-8f62-75c30eee1118,1168,15312
cde7d2d7-0177-4301-88a5-a21e10006b01,8732,34484
381086ea-f511-4aba-bdf9-71c753dc5077,4855042,961699069
ca1dcba2-792c-4550-abf2-7b45396e81ca,1912642,72824131
1e9177d5-7804-4b2d-b270-9127a2c47259,2,2
bce2ec89-f0c6-45b7-bd83-5defc66e6bc2,15027,1113913
488d4c04-9ab1-4cd1-a061-efac28c5261d,2367,10220
16f7e748-59b4-4705-959c-9276be0ebf6a,840436,23459507
c6160117-ebe4-44ba-8f00-da8ecaa0c80d,63303,739464
3e067675-95e9-4d57-b493-45c10272d14b,0,0
16243662-8538-4746-a0fb-0d15b5828b8e,1988096,33056593
e56aee57-d90e-40cf-a70d-beb70f6f3c69,1471893,69846717
1ecff755-607d-4130-9a8a-8873f27e5de5,179345,2242034
89ea85c2-c90a-46ea-93db-9bed95d5c8f8,1883216,42568031
ebfc1398-8d96-47e3-82c3-f782abcdb13d,3971382,155358645
0a622da7-a691-49fe-be58-20d829e695f4,0,0
01d3c51b-9b98-418a-8d8e-37f6fab59d8c,3728951,284717960
a6be1f1c-548d-48c2-a207-fa79fa4ffefc,0,0
67930b3e-e00b-469f-8c74-fd69f20522ec,3138308,116692173
04c39fec-5b44-4f11-9c73-af4f562334c7,867,1938
83b9cbe7-9857-49e2-ab8e-b57b01038103,4215094,243695023
7692fa75-533f-425c-a2b2-7d8330d1926f,8928,196625
e1a3a069-1ffa-4b46-b549-c11cf9b2b4d0,2615,15122
a0d62b71-62c8-4cff-b708-64c1be011202,0,0
ba2a6b88-f467-48d0-a503-5f098aefd54e,5107,40451
b65c975f-4eaa-4bd4-9d10-704a80e92548,59430,690244
dfe9a7c4-8cf2-47f4-9dcb-d233c2b86ec3,4464029,195177465
9689aa5a-4471-4fb4-9721-07cecda0fa9f,2390207,106165347
5139d541-5d2c-4e4a-804d-b4437d985be0,12,750
bbc5b66b-d037-4f26-aecf-0b129e7f876a,3275047,114646002
9c2b375c-ce68-44a8-90ac-e06b177f43f9,2985,16100
0ef3f425-9bd2-4216-9dd2-219d2fe90f1f,2857723,51731652
9a6a4007-d50a-4bf6-9014-40808a498af3,298,789
917db695-9ae2-47c1-85ca-5b074e5cbd75,56,611
53f73b92-14d1-4dda-8aec-962457fa17a1,335,1795
